[2026-09-08T04:31:55.354+0000] {processor.py:186} INFO - Started process (PID=98) to work on /opt/airflow/dags/01_hello_dag.py
[2026-09-08T04:31:55.355+0000] {processor.py:914} INFO - Processing file /opt/airflow/dags/01_hello_dag.py for tasks to queue
[2026-09-08T04:31:55.356+0000] {logging_mixin.py:190} INFO - [2026-09-08T04:31:55.356+0000] {dagbag.py:588} INFO - Filling up the DagBag from /opt/airflow/dags/01_hello_dag.py
[2026-09-08T04:31:55.391+0000] {processor.py:925} INFO - DAG(s) 'hello_dag' retrieved from /opt/airflow/dags/01_hello_dag.py
[2026-09-08T04:31:55.445+0000] {logging_mixin.py:190} INFO - [2026-09-08T04:31:55.444+0000] {dag.py:3239} INFO - Sync 1 DAGs
[2026-09-08T04:31:55.478+0000] {logging_mixin.py:190} INFO - [2026-09-08T04:31:55.478+0000] {dag.py:4180} INFO - Setting next_dagrun for hello_dag to None, run_after=None
[2026-09-08T04:31:55.511+0000] {processor.py:208} INFO - Processing /opt/airflow/dags/01_hello_dag.py took 0.166 seconds
[2026-09-08T04:32:26.287+0000] {processor.py:186} INFO - Started process (PID=112) to work on /opt/airflow/dags/01_hello_dag.py
[2026-09-08T04:32:26.288+0000] {processor.py:914} INFO - Processing file /opt/airflow/dags/01_hello_dag.py for tasks to queue
[2026-09-08T04:32:26.289+0000] {logging_mixin.py:190} INFO - [2026-09-08T04:32:26.289+0000] {dagbag.py:588} INFO - Filling up the DagBag from /opt/airflow/dags/01_hello_dag.py
[2026-09-08T04:32:26.312+0000] {processor.py:925} INFO - DAG(s) 'hello_dag' retrieved from /opt/airflow/dags/01_hello_dag.py
[2026-09-08T04:32:26.338+0000] {logging_mixin.py:190} INFO - [2026-09-08T04:32:26.338+0000] {dag.py:3239} INFO - Sync 1 DAGs
[2026-09-08T04:32:26.353+0000] {logging_mixin.py:190} INFO - [2026-09-08T04:32:26.353+0000] {dag.py:4180} INFO - Setting next_dagrun for hello_dag to None, run_after=None
[2026-09-08T04:32:26.372+0000] {processor.py:208} INFO - Processing /opt/airflow/dags/01_hello_dag.py took 0.091 seconds
[2026-09-08T04:32:56.959+0000] {processor.py:186} INFO - Started process (PID=126) to work on /opt/airflow/dags/01_hello_dag.py
[2026-09-08T04:32:56.960+0000] {processor.py:914} INFO - Processing file /opt/airflow/dags/01_hello_dag.py for tasks to queue
[2026-09-08T04:32:56.962+0000] {logging_mixin.py:190} INFO - [2026-09-08T04:32:56.961+0000] {dagbag.py:588} INFO - Filling up the DagBag from /opt/airflow/dags/01_hello_dag.py
[2026-09-08T04:32:56.978+0000] {processor.py:925} INFO - DAG(s) 'hello_dag' retrieved from /opt/airflow/dags/01_hello_dag.py
[2026-09-08T04:32:57.003+0000] {logging_mixin.py:190} INFO - [2026-09-08T04:32:57.003+0000] {dag.py:3239} INFO - Sync 1 DAGs
[2026-09-08T04:32:57.020+0000] {logging_mixin.py:190} INFO - [2026-09-08T04:32:57.019+0000] {dag.py:4180} INFO - Setting next_dagrun for hello_dag to None, run_after=None
[2026-09-08T04:32:57.045+0000] {processor.py:208} INFO - Processing /opt/airflow/dags/01_hello_dag.py took 0.092 seconds
[2026-09-08T04:33:27.526+0000] {processor.py:186} INFO - Started process (PID=140) to work on /opt/airflow/dags/01_hello_dag.py
[2026-09-08T04:33:27.527+0000] {processor.py:914} INFO - Processing file /opt/airflow/dags/01_hello_dag.py for tasks to queue
[2026-09-08T04:33:27.528+0000] {logging_mixin.py:190} INFO - [2026-09-08T04:33:27.528+0000] {dagbag.py:588} INFO - Filling up the DagBag from /opt/airflow/dags/01_hello_dag.py
[2026-09-08T04:33:27.549+0000] {processor.py:925} INFO - DAG(s) 'hello_dag' retrieved from /opt/airflow/dags/01_hello_dag.py
[2026-09-08T04:33:27.580+0000] {logging_mixin.py:190} INFO - [2026-09-08T04:33:27.580+0000] {dag.py:3239} INFO - Sync 1 DAGs
[2026-09-08T04:33:27.595+0000] {logging_mixin.py:190} INFO - [2026-09-08T04:33:27.595+0000] {dag.py:4180} INFO - Setting next_dagrun for hello_dag to None, run_after=None
[2026-09-08T04:33:27.615+0000] {processor.py:208} INFO - Processing /opt/airflow/dags/01_hello_dag.py took 0.095 seconds
[2026-09-08T04:33:58.274+0000] {processor.py:186} INFO - Started process (PID=155) to work on /opt/airflow/dags/01_hello_dag.py
[2026-09-08T04:33:58.275+0000] {processor.py:914} INFO - Processing file /opt/airflow/dags/01_hello_dag.py for tasks to queue
[2026-09-08T04:33:58.276+0000] {logging_mixin.py:190} INFO - [2026-09-08T04:33:58.276+0000] {dagbag.py:588} INFO - Filling up the DagBag from /opt/airflow/dags/01_hello_dag.py
[2026-09-08T04:33:58.292+0000] {processor.py:925} INFO - DAG(s) 'hello_dag' retrieved from /opt/airflow/dags/01_hello_dag.py
[2026-09-08T04:33:58.316+0000] {logging_mixin.py:190} INFO - [2026-09-08T04:33:58.316+0000] {dag.py:3239} INFO - Sync 1 DAGs
[2026-09-08T04:33:58.456+0000] {logging_mixin.py:190} INFO - [2026-09-08T04:33:58.456+0000] {dag.py:4180} INFO - Setting next_dagrun for hello_dag to None, run_after=None
[2026-09-08T04:33:58.488+0000] {processor.py:208} INFO - Processing /opt/airflow/dags/01_hello_dag.py took 0.220 seconds
[2026-09-08T04:34:28.533+0000] {processor.py:186} INFO - Started process (PID=169) to work on /opt/airflow/dags/01_hello_dag.py
[2026-09-08T04:34:28.534+0000] {processor.py:914} INFO - Processing file /opt/airflow/dags/01_hello_dag.py for tasks to queue
[2026-09-08T04:34:28.535+0000] {logging_mixin.py:190} INFO - [2026-09-08T04:34:28.535+0000] {dagbag.py:588} INFO - Filling up the DagBag from /opt/airflow/dags/01_hello_dag.py
[2026-09-08T04:34:28.550+0000] {processor.py:925} INFO - DAG(s) 'hello_dag' retrieved from /opt/airflow/dags/01_hello_dag.py
[2026-09-08T04:34:28.573+0000] {logging_mixin.py:190} INFO - [2026-09-08T04:34:28.573+0000] {dag.py:3239} INFO - Sync 1 DAGs
[2026-09-08T04:34:28.587+0000] {logging_mixin.py:190} INFO - [2026-09-08T04:34:28.586+0000] {dag.py:4180} INFO - Setting next_dagrun for hello_dag to None, run_after=None
[2026-09-08T04:34:28.603+0000] {processor.py:208} INFO - Processing /opt/airflow/dags/01_hello_dag.py took 0.076 seconds
[2026-09-08T04:34:59.176+0000] {processor.py:186} INFO - Started process (PID=183) to work on /opt/airflow/dags/01_hello_dag.py
[2026-09-08T04:34:59.177+0000] {processor.py:914} INFO - Processing file /opt/airflow/dags/01_hello_dag.py for tasks to queue
[2026-09-08T04:34:59.178+0000] {logging_mixin.py:190} INFO - [2026-09-08T04:34:59.178+0000] {dagbag.py:588} INFO - Filling up the DagBag from /opt/airflow/dags/01_hello_dag.py
[2026-09-08T04:34:59.196+0000] {processor.py:925} INFO - DAG(s) 'hello_dag' retrieved from /opt/airflow/dags/01_hello_dag.py
[2026-09-08T04:34:59.228+0000] {logging_mixin.py:190} INFO - [2026-09-08T04:34:59.228+0000] {dag.py:3239} INFO - Sync 1 DAGs
[2026-09-08T04:34:59.241+0000] {logging_mixin.py:190} INFO - [2026-09-08T04:34:59.240+0000] {dag.py:4180} INFO - Setting next_dagrun for hello_dag to None, run_after=None
[2026-09-08T04:34:59.260+0000] {processor.py:208} INFO - Processing /opt/airflow/dags/01_hello_dag.py took 0.093 seconds
[2026-09-08T04:35:29.781+0000] {processor.py:186} INFO - Started process (PID=197) to work on /opt/airflow/dags/01_hello_dag.py
[2026-09-08T04:35:29.782+0000] {processor.py:914} INFO - Processing file /opt/airflow/dags/01_hello_dag.py for tasks to queue
[2026-09-08T04:35:29.784+0000] {logging_mixin.py:190} INFO - [2026-09-08T04:35:29.783+0000] {dagbag.py:588} INFO - Filling up the DagBag from /opt/airflow/dags/01_hello_dag.py
[2026-09-08T04:35:29.801+0000] {processor.py:925} INFO - DAG(s) 'hello_dag' retrieved from /opt/airflow/dags/01_hello_dag.py
[2026-09-08T04:35:29.825+0000] {logging_mixin.py:190} INFO - [2026-09-08T04:35:29.824+0000] {dag.py:3239} INFO - Sync 1 DAGs
[2026-09-08T04:35:29.838+0000] {logging_mixin.py:190} INFO - [2026-09-08T04:35:29.838+0000] {dag.py:4180} INFO - Setting next_dagrun for hello_dag to None, run_after=None
[2026-09-08T04:35:29.858+0000] {processor.py:208} INFO - Processing /opt/airflow/dags/01_hello_dag.py took 0.083 seconds
[2026-09-08T04:36:00.314+0000] {processor.py:186} INFO - Started process (PID=212) to work on /opt/airflow/dags/01_hello_dag.py
[2026-09-08T04:36:00.319+0000] {processor.py:914} INFO - Processing file /opt/airflow/dags/01_hello_dag.py for tasks to queue
[2026-09-08T04:36:00.320+0000] {logging_mixin.py:190} INFO - [2026-09-08T04:36:00.320+0000] {dagbag.py:588} INFO - Filling up the DagBag from /opt/airflow/dags/01_hello_dag.py
[2026-09-08T04:36:00.337+0000] {processor.py:925} INFO - DAG(s) 'hello_dag' retrieved from /opt/airflow/dags/01_hello_dag.py
[2026-09-08T04:36:00.358+0000] {logging_mixin.py:190} INFO - [2026-09-08T04:36:00.358+0000] {dag.py:3239} INFO - Sync 1 DAGs
[2026-09-08T04:36:00.371+0000] {logging_mixin.py:190} INFO - [2026-09-08T04:36:00.371+0000] {dag.py:4180} INFO - Setting next_dagrun for hello_dag to None, run_after=None
[2026-09-08T04:36:00.394+0000] {processor.py:208} INFO - Processing /opt/airflow/dags/01_hello_dag.py took 0.087 seconds
[2026-09-08T04:36:30.932+0000] {processor.py:186} INFO - Started process (PID=226) to work on /opt/airflow/dags/01_hello_dag.py
[2026-09-08T04:36:30.933+0000] {processor.py:914} INFO - Processing file /opt/airflow/dags/01_hello_dag.py for tasks to queue
[2026-09-08T04:36:30.934+0000] {logging_mixin.py:190} INFO - [2026-09-08T04:36:30.933+0000] {dagbag.py:588} INFO - Filling up the DagBag from /opt/airflow/dags/01_hello_dag.py
[2026-09-08T04:36:30.946+0000] {processor.py:925} INFO - DAG(s) 'hello_dag' retrieved from /opt/airflow/dags/01_hello_dag.py
[2026-09-08T04:36:30.973+0000] {logging_mixin.py:190} INFO - [2026-09-08T04:36:30.972+0000] {dag.py:3239} INFO - Sync 1 DAGs
[2026-09-08T04:36:30.991+0000] {logging_mixin.py:190} INFO - [2026-09-08T04:36:30.991+0000] {dag.py:4180} INFO - Setting next_dagrun for hello_dag to None, run_after=None
[2026-09-08T04:36:31.013+0000] {processor.py:208} INFO - Processing /opt/airflow/dags/01_hello_dag.py took 0.086 seconds
[2026-09-08T04:37:01.748+0000] {processor.py:186} INFO - Started process (PID=240) to work on /opt/airflow/dags/01_hello_dag.py
[2026-09-08T04:37:01.749+0000] {processor.py:914} INFO - Processing file /opt/airflow/dags/01_hello_dag.py for tasks to queue
[2026-09-08T04:37:01.750+0000] {logging_mixin.py:190} INFO - [2026-09-08T04:37:01.750+0000] {dagbag.py:588} INFO - Filling up the DagBag from /opt/airflow/dags/01_hello_dag.py
[2026-09-08T04:37:01.763+0000] {processor.py:925} INFO - DAG(s) 'hello_dag' retrieved from /opt/airflow/dags/01_hello_dag.py
[2026-09-08T04:37:01.788+0000] {logging_mixin.py:190} INFO - [2026-09-08T04:37:01.787+0000] {dag.py:3239} INFO - Sync 1 DAGs
[2026-09-08T04:37:01.802+0000] {logging_mixin.py:190} INFO - [2026-09-08T04:37:01.801+0000] {dag.py:4180} INFO - Setting next_dagrun for hello_dag to None, run_after=None
[2026-09-08T04:37:01.822+0000] {processor.py:208} INFO - Processing /opt/airflow/dags/01_hello_dag.py took 0.078 seconds
[2026-09-08T04:37:32.302+0000] {processor.py:186} INFO - Started process (PID=254) to work on /opt/airflow/dags/01_hello_dag.py
[2026-09-08T04:37:32.302+0000] {processor.py:914} INFO - Processing file /opt/airflow/dags/01_hello_dag.py for tasks to queue
[2026-09-08T04:37:32.304+0000] {logging_mixin.py:190} INFO - [2026-09-08T04:37:32.303+0000] {dagbag.py:588} INFO - Filling up the DagBag from /opt/airflow/dags/01_hello_dag.py
[2026-09-08T04:37:32.316+0000] {processor.py:925} INFO - DAG(s) 'hello_dag' retrieved from /opt/airflow/dags/01_hello_dag.py
[2026-09-08T04:37:32.339+0000] {logging_mixin.py:190} INFO - [2026-09-08T04:37:32.339+0000] {dag.py:3239} INFO - Sync 1 DAGs
[2026-09-08T04:37:32.352+0000] {logging_mixin.py:190} INFO - [2026-09-08T04:37:32.352+0000] {dag.py:4180} INFO - Setting next_dagrun for hello_dag to None, run_after=None
[2026-09-08T04:37:32.372+0000] {processor.py:208} INFO - Processing /opt/airflow/dags/01_hello_dag.py took 0.078 seconds
[2026-09-08T04:38:02.861+0000] {processor.py:186} INFO - Started process (PID=268) to work on /opt/airflow/dags/01_hello_dag.py
[2026-09-08T04:38:02.862+0000] {processor.py:914} INFO - Processing file /opt/airflow/dags/01_hello_dag.py for tasks to queue
[2026-09-08T04:38:02.863+0000] {logging_mixin.py:190} INFO - [2026-09-08T04:38:02.863+0000] {dagbag.py:588} INFO - Filling up the DagBag from /opt/airflow/dags/01_hello_dag.py
[2026-09-08T04:38:02.879+0000] {processor.py:925} INFO - DAG(s) 'hello_dag' retrieved from /opt/airflow/dags/01_hello_dag.py
[2026-09-08T04:38:02.899+0000] {logging_mixin.py:190} INFO - [2026-09-08T04:38:02.899+0000] {dag.py:3239} INFO - Sync 1 DAGs
[2026-09-08T04:38:02.910+0000] {logging_mixin.py:190} INFO - [2026-09-08T04:38:02.909+0000] {dag.py:4180} INFO - Setting next_dagrun for hello_dag to None, run_after=None
[2026-09-08T04:38:02.930+0000] {processor.py:208} INFO - Processing /opt/airflow/dags/01_hello_dag.py took 0.074 seconds
[2026-09-08T04:38:33.487+0000] {processor.py:186} INFO - Started process (PID=282) to work on /opt/airflow/dags/01_hello_dag.py
[2026-09-08T04:38:33.489+0000] {processor.py:914} INFO - Processing file /opt/airflow/dags/01_hello_dag.py for tasks to queue
[2026-09-08T04:38:33.491+0000] {logging_mixin.py:190} INFO - [2026-09-08T04:38:33.490+0000] {dagbag.py:588} INFO - Filling up the DagBag from /opt/airflow/dags/01_hello_dag.py
[2026-09-08T04:38:33.508+0000] {processor.py:925} INFO - DAG(s) 'hello_dag' retrieved from /opt/airflow/dags/01_hello_dag.py
[2026-09-08T04:38:33.535+0000] {logging_mixin.py:190} INFO - [2026-09-08T04:38:33.535+0000] {dag.py:3239} INFO - Sync 1 DAGs
[2026-09-08T04:38:33.548+0000] {logging_mixin.py:190} INFO - [2026-09-08T04:38:33.548+0000] {dag.py:4180} INFO - Setting next_dagrun for hello_dag to None, run_after=None
[2026-09-08T04:38:33.564+0000] {processor.py:208} INFO - Processing /opt/airflow/dags/01_hello_dag.py took 0.085 seconds
[2026-09-08T04:39:04.039+0000] {processor.py:186} INFO - Started process (PID=296) to work on /opt/airflow/dags/01_hello_dag.py
[2026-09-08T04:39:04.039+0000] {processor.py:914} INFO - Processing file /opt/airflow/dags/01_hello_dag.py for tasks to queue
[2026-09-08T04:39:04.040+0000] {logging_mixin.py:190} INFO - [2026-09-08T04:39:04.040+0000] {dagbag.py:588} INFO - Filling up the DagBag from /opt/airflow/dags/01_hello_dag.py
[2026-09-08T04:39:04.054+0000] {processor.py:925} INFO - DAG(s) 'hello_dag' retrieved from /opt/airflow/dags/01_hello_dag.py
[2026-09-08T04:39:04.077+0000] {logging_mixin.py:190} INFO - [2026-09-08T04:39:04.077+0000] {dag.py:3239} INFO - Sync 1 DAGs
[2026-09-08T04:39:04.088+0000] {logging_mixin.py:190} INFO - [2026-09-08T04:39:04.088+0000] {dag.py:4180} INFO - Setting next_dagrun for hello_dag to None, run_after=None
[2026-09-08T04:39:04.108+0000] {processor.py:208} INFO - Processing /opt/airflow/dags/01_hello_dag.py took 0.076 seconds
[2026-09-08T04:39:34.655+0000] {processor.py:186} INFO - Started process (PID=310) to work on /opt/airflow/dags/01_hello_dag.py
[2026-09-08T04:39:34.656+0000] {processor.py:914} INFO - Processing file /opt/airflow/dags/01_hello_dag.py for tasks to queue
[2026-09-08T04:39:34.657+0000] {logging_mixin.py:190} INFO - [2026-09-08T04:39:34.657+0000] {dagbag.py:588} INFO - Filling up the DagBag from /opt/airflow/dags/01_hello_dag.py
[2026-09-08T04:39:34.671+0000] {processor.py:925} INFO - DAG(s) 'hello_dag' retrieved from /opt/airflow/dags/01_hello_dag.py
[2026-09-08T04:39:34.693+0000] {logging_mixin.py:190} INFO - [2026-09-08T04:39:34.692+0000] {dag.py:3239} INFO - Sync 1 DAGs
[2026-09-08T04:39:34.707+0000] {logging_mixin.py:190} INFO - [2026-09-08T04:39:34.706+0000] {dag.py:4180} INFO - Setting next_dagrun for hello_dag to None, run_after=None
[2026-09-08T04:39:34.724+0000] {processor.py:208} INFO - Processing /opt/airflow/dags/01_hello_dag.py took 0.074 seconds
[2026-09-08T04:40:05.240+0000] {processor.py:186} INFO - Started process (PID=324) to work on /opt/airflow/dags/01_hello_dag.py
[2026-09-08T04:40:05.240+0000] {processor.py:914} INFO - Processing file /opt/airflow/dags/01_hello_dag.py for tasks to queue
[2026-09-08T04:40:05.242+0000] {logging_mixin.py:190} INFO - [2026-09-08T04:40:05.241+0000] {dagbag.py:588} INFO - Filling up the DagBag from /opt/airflow/dags/01_hello_dag.py
[2026-09-08T04:40:05.258+0000] {processor.py:925} INFO - DAG(s) 'hello_dag' retrieved from /opt/airflow/dags/01_hello_dag.py
[2026-09-08T04:40:05.285+0000] {logging_mixin.py:190} INFO - [2026-09-08T04:40:05.285+0000] {dag.py:3239} INFO - Sync 1 DAGs
[2026-09-08T04:40:05.299+0000] {logging_mixin.py:190} INFO - [2026-09-08T04:40:05.299+0000] {dag.py:4180} INFO - Setting next_dagrun for hello_dag to None, run_after=None
[2026-09-08T04:40:05.322+0000] {processor.py:208} INFO - Processing /opt/airflow/dags/01_hello_dag.py took 0.087 seconds
[2026-09-08T04:40:35.789+0000] {processor.py:186} INFO - Started process (PID=338) to work on /opt/airflow/dags/01_hello_dag.py
[2026-09-08T04:40:35.789+0000] {processor.py:914} INFO - Processing file /opt/airflow/dags/01_hello_dag.py for tasks to queue
[2026-09-08T04:40:35.790+0000] {logging_mixin.py:190} INFO - [2026-09-08T04:40:35.790+0000] {dagbag.py:588} INFO - Filling up the DagBag from /opt/airflow/dags/01_hello_dag.py
[2026-09-08T04:40:35.803+0000] {processor.py:925} INFO - DAG(s) 'hello_dag' retrieved from /opt/airflow/dags/01_hello_dag.py
[2026-09-08T04:40:35.827+0000] {logging_mixin.py:190} INFO - [2026-09-08T04:40:35.826+0000] {dag.py:3239} INFO - Sync 1 DAGs
[2026-09-08T04:40:35.842+0000] {logging_mixin.py:190} INFO - [2026-09-08T04:40:35.842+0000] {dag.py:4180} INFO - Setting next_dagrun for hello_dag to None, run_after=None
[2026-09-08T04:40:35.868+0000] {processor.py:208} INFO - Processing /opt/airflow/dags/01_hello_dag.py took 0.086 seconds
[2026-09-08T04:41:06.499+0000] {processor.py:186} INFO - Started process (PID=352) to work on /opt/airflow/dags/01_hello_dag.py
[2026-09-08T04:41:06.500+0000] {processor.py:914} INFO - Processing file /opt/airflow/dags/01_hello_dag.py for tasks to queue
[2026-09-08T04:41:06.501+0000] {logging_mixin.py:190} INFO - [2026-09-08T04:41:06.501+0000] {dagbag.py:588} INFO - Filling up the DagBag from /opt/airflow/dags/01_hello_dag.py
[2026-09-08T04:41:06.518+0000] {processor.py:925} INFO - DAG(s) 'hello_dag' retrieved from /opt/airflow/dags/01_hello_dag.py
[2026-09-08T04:41:06.548+0000] {logging_mixin.py:190} INFO - [2026-09-08T04:41:06.548+0000] {dag.py:3239} INFO - Sync 1 DAGs
[2026-09-08T04:41:06.561+0000] {logging_mixin.py:190} INFO - [2026-09-08T04:41:06.561+0000] {dag.py:4180} INFO - Setting next_dagrun for hello_dag to None, run_after=None
[2026-09-08T04:41:06.580+0000] {processor.py:208} INFO - Processing /opt/airflow/dags/01_hello_dag.py took 0.087 seconds
[2026-09-08T04:41:37.203+0000] {processor.py:186} INFO - Started process (PID=366) to work on /opt/airflow/dags/01_hello_dag.py
[2026-09-08T04:41:37.204+0000] {processor.py:914} INFO - Processing file /opt/airflow/dags/01_hello_dag.py for tasks to queue
[2026-09-08T04:41:37.206+0000] {logging_mixin.py:190} INFO - [2026-09-08T04:41:37.206+0000] {dagbag.py:588} INFO - Filling up the DagBag from /opt/airflow/dags/01_hello_dag.py
[2026-09-08T04:41:37.224+0000] {processor.py:925} INFO - DAG(s) 'hello_dag' retrieved from /opt/airflow/dags/01_hello_dag.py
[2026-09-08T04:41:37.248+0000] {logging_mixin.py:190} INFO - [2026-09-08T04:41:37.248+0000] {dag.py:3239} INFO - Sync 1 DAGs
[2026-09-08T04:41:37.261+0000] {logging_mixin.py:190} INFO - [2026-09-08T04:41:37.261+0000] {dag.py:4180} INFO - Setting next_dagrun for hello_dag to None, run_after=None
[2026-09-08T04:41:37.280+0000] {processor.py:208} INFO - Processing /opt/airflow/dags/01_hello_dag.py took 0.083 seconds
[2026-09-08T04:42:07.875+0000] {processor.py:186} INFO - Started process (PID=380) to work on /opt/airflow/dags/01_hello_dag.py
[2026-09-08T04:42:07.875+0000] {processor.py:914} INFO - Processing file /opt/airflow/dags/01_hello_dag.py for tasks to queue
[2026-09-08T04:42:07.876+0000] {logging_mixin.py:190} INFO - [2026-09-08T04:42:07.876+0000] {dagbag.py:588} INFO - Filling up the DagBag from /opt/airflow/dags/01_hello_dag.py
[2026-09-08T04:42:07.891+0000] {processor.py:925} INFO - DAG(s) 'hello_dag' retrieved from /opt/airflow/dags/01_hello_dag.py
[2026-09-08T04:42:07.915+0000] {logging_mixin.py:190} INFO - [2026-09-08T04:42:07.915+0000] {dag.py:3239} INFO - Sync 1 DAGs
[2026-09-08T04:42:07.928+0000] {logging_mixin.py:190} INFO - [2026-09-08T04:42:07.928+0000] {dag.py:4180} INFO - Setting next_dagrun for hello_dag to None, run_after=None
[2026-09-08T04:42:07.950+0000] {processor.py:208} INFO - Processing /opt/airflow/dags/01_hello_dag.py took 0.081 seconds
[2026-09-08T04:42:38.456+0000] {processor.py:186} INFO - Started process (PID=394) to work on /opt/airflow/dags/01_hello_dag.py
[2026-09-08T04:42:38.456+0000] {processor.py:914} INFO - Processing file /opt/airflow/dags/01_hello_dag.py for tasks to queue
[2026-09-08T04:42:38.458+0000] {logging_mixin.py:190} INFO - [2026-09-08T04:42:38.457+0000] {dagbag.py:588} INFO - Filling up the DagBag from /opt/airflow/dags/01_hello_dag.py
[2026-09-08T04:42:38.471+0000] {processor.py:925} INFO - DAG(s) 'hello_dag' retrieved from /opt/airflow/dags/01_hello_dag.py
[2026-09-08T04:42:38.491+0000] {logging_mixin.py:190} INFO - [2026-09-08T04:42:38.491+0000] {dag.py:3239} INFO - Sync 1 DAGs
[2026-09-08T04:42:38.502+0000] {logging_mixin.py:190} INFO - [2026-09-08T04:42:38.502+0000] {dag.py:4180} INFO - Setting next_dagrun for hello_dag to None, run_after=None
[2026-09-08T04:42:38.521+0000] {processor.py:208} INFO - Processing /opt/airflow/dags/01_hello_dag.py took 0.071 seconds
[2026-09-08T04:43:09.000+0000] {processor.py:186} INFO - Started process (PID=408) to work on /opt/airflow/dags/01_hello_dag.py
[2026-09-08T04:43:09.001+0000] {processor.py:914} INFO - Processing file /opt/airflow/dags/01_hello_dag.py for tasks to queue
[2026-09-08T04:43:09.002+0000] {logging_mixin.py:190} INFO - [2026-09-08T04:43:09.002+0000] {dagbag.py:588} INFO - Filling up the DagBag from /opt/airflow/dags/01_hello_dag.py
[2026-09-08T04:43:09.015+0000] {processor.py:925} INFO - DAG(s) 'hello_dag' retrieved from /opt/airflow/dags/01_hello_dag.py
[2026-09-08T04:43:09.039+0000] {logging_mixin.py:190} INFO - [2026-09-08T04:43:09.039+0000] {dag.py:3239} INFO - Sync 1 DAGs
[2026-09-08T04:43:09.051+0000] {logging_mixin.py:190} INFO - [2026-09-08T04:43:09.051+0000] {dag.py:4180} INFO - Setting next_dagrun for hello_dag to None, run_after=None
[2026-09-08T04:43:09.070+0000] {processor.py:208} INFO - Processing /opt/airflow/dags/01_hello_dag.py took 0.076 seconds
[2026-09-08T04:43:39.630+0000] {processor.py:186} INFO - Started process (PID=422) to work on /opt/airflow/dags/01_hello_dag.py
[2026-09-08T04:43:39.631+0000] {processor.py:914} INFO - Processing file /opt/airflow/dags/01_hello_dag.py for tasks to queue
[2026-09-08T04:43:39.632+0000] {logging_mixin.py:190} INFO - [2026-09-08T04:43:39.631+0000] {dagbag.py:588} INFO - Filling up the DagBag from /opt/airflow/dags/01_hello_dag.py
[2026-09-08T04:43:39.647+0000] {processor.py:925} INFO - DAG(s) 'hello_dag' retrieved from /opt/airflow/dags/01_hello_dag.py
[2026-09-08T04:43:39.669+0000] {logging_mixin.py:190} INFO - [2026-09-08T04:43:39.669+0000] {dag.py:3239} INFO - Sync 1 DAGs
[2026-09-08T04:43:39.682+0000] {logging_mixin.py:190} INFO - [2026-09-08T04:43:39.682+0000] {dag.py:4180} INFO - Setting next_dagrun for hello_dag to None, run_after=None
[2026-09-08T04:43:39.700+0000] {processor.py:208} INFO - Processing /opt/airflow/dags/01_hello_dag.py took 0.077 seconds
[2026-09-08T04:44:10.163+0000] {processor.py:186} INFO - Started process (PID=436) to work on /opt/airflow/dags/01_hello_dag.py
[2026-09-08T04:44:10.163+0000] {processor.py:914} INFO - Processing file /opt/airflow/dags/01_hello_dag.py for tasks to queue
[2026-09-08T04:44:10.165+0000] {logging_mixin.py:190} INFO - [2026-09-08T04:44:10.164+0000] {dagbag.py:588} INFO - Filling up the DagBag from /opt/airflow/dags/01_hello_dag.py
[2026-09-08T04:44:10.179+0000] {processor.py:925} INFO - DAG(s) 'hello_dag' retrieved from /opt/airflow/dags/01_hello_dag.py
[2026-09-08T04:44:10.200+0000] {logging_mixin.py:190} INFO - [2026-09-08T04:44:10.200+0000] {dag.py:3239} INFO - Sync 1 DAGs
[2026-09-08T04:44:10.213+0000] {logging_mixin.py:190} INFO - [2026-09-08T04:44:10.213+0000] {dag.py:4180} INFO - Setting next_dagrun for hello_dag to None, run_after=None
[2026-09-08T04:44:10.232+0000] {processor.py:208} INFO - Processing /opt/airflow/dags/01_hello_dag.py took 0.076 seconds
[2026-09-08T04:44:40.772+0000] {processor.py:186} INFO - Started process (PID=450) to work on /opt/airflow/dags/01_hello_dag.py
[2026-09-08T04:44:40.773+0000] {processor.py:914} INFO - Processing file /opt/airflow/dags/01_hello_dag.py for tasks to queue
[2026-09-08T04:44:40.775+0000] {logging_mixin.py:190} INFO - [2026-09-08T04:44:40.774+0000] {dagbag.py:588} INFO - Filling up the DagBag from /opt/airflow/dags/01_hello_dag.py
[2026-09-08T04:44:40.793+0000] {processor.py:925} INFO - DAG(s) 'hello_dag' retrieved from /opt/airflow/dags/01_hello_dag.py
[2026-09-08T04:44:40.815+0000] {logging_mixin.py:190} INFO - [2026-09-08T04:44:40.815+0000] {dag.py:3239} INFO - Sync 1 DAGs
[2026-09-08T04:44:40.830+0000] {logging_mixin.py:190} INFO - [2026-09-08T04:44:40.829+0000] {dag.py:4180} INFO - Setting next_dagrun for hello_dag to None, run_after=None
[2026-09-08T04:44:40.847+0000] {processor.py:208} INFO - Processing /opt/airflow/dags/01_hello_dag.py took 0.082 seconds
[2026-09-08T04:45:11.252+0000] {processor.py:186} INFO - Started process (PID=464) to work on /opt/airflow/dags/01_hello_dag.py
[2026-09-08T04:45:11.253+0000] {processor.py:914} INFO - Processing file /opt/airflow/dags/01_hello_dag.py for tasks to queue
[2026-09-08T04:45:11.254+0000] {logging_mixin.py:190} INFO - [2026-09-08T04:45:11.254+0000] {dagbag.py:588} INFO - Filling up the DagBag from /opt/airflow/dags/01_hello_dag.py
[2026-09-08T04:45:11.267+0000] {processor.py:925} INFO - DAG(s) 'hello_dag' retrieved from /opt/airflow/dags/01_hello_dag.py
[2026-09-08T04:45:11.292+0000] {logging_mixin.py:190} INFO - [2026-09-08T04:45:11.292+0000] {dag.py:3239} INFO - Sync 1 DAGs
[2026-09-08T04:45:11.305+0000] {logging_mixin.py:190} INFO - [2026-09-08T04:45:11.305+0000] {dag.py:4180} INFO - Setting next_dagrun for hello_dag to None, run_after=None
[2026-09-08T04:45:11.329+0000] {processor.py:208} INFO - Processing /opt/airflow/dags/01_hello_dag.py took 0.082 seconds
[2026-09-08T04:45:41.848+0000] {processor.py:186} INFO - Started process (PID=478) to work on /opt/airflow/dags/01_hello_dag.py
[2026-09-08T04:45:41.849+0000] {processor.py:914} INFO - Processing file /opt/airflow/dags/01_hello_dag.py for tasks to queue
[2026-09-08T04:45:41.850+0000] {logging_mixin.py:190} INFO - [2026-09-08T04:45:41.850+0000] {dagbag.py:588} INFO - Filling up the DagBag from /opt/airflow/dags/01_hello_dag.py
[2026-09-08T04:45:41.865+0000] {processor.py:925} INFO - DAG(s) 'hello_dag' retrieved from /opt/airflow/dags/01_hello_dag.py
[2026-09-08T04:45:41.886+0000] {logging_mixin.py:190} INFO - [2026-09-08T04:45:41.886+0000] {dag.py:3239} INFO - Sync 1 DAGs
[2026-09-08T04:45:41.900+0000] {logging_mixin.py:190} INFO - [2026-09-08T04:45:41.900+0000] {dag.py:4180} INFO - Setting next_dagrun for hello_dag to None, run_after=None
[2026-09-08T04:45:41.917+0000] {processor.py:208} INFO - Processing /opt/airflow/dags/01_hello_dag.py took 0.075 seconds
[2026-09-08T04:46:12.430+0000] {processor.py:186} INFO - Started process (PID=492) to work on /opt/airflow/dags/01_hello_dag.py
[2026-09-08T04:46:12.431+0000] {processor.py:914} INFO - Processing file /opt/airflow/dags/01_hello_dag.py for tasks to queue
[2026-09-08T04:46:12.432+0000] {logging_mixin.py:190} INFO - [2026-09-08T04:46:12.432+0000] {dagbag.py:588} INFO - Filling up the DagBag from /opt/airflow/dags/01_hello_dag.py
[2026-09-08T04:46:12.448+0000] {processor.py:925} INFO - DAG(s) 'hello_dag' retrieved from /opt/airflow/dags/01_hello_dag.py
[2026-09-08T04:46:12.469+0000] {logging_mixin.py:190} INFO - [2026-09-08T04:46:12.468+0000] {dag.py:3239} INFO - Sync 1 DAGs
[2026-09-08T04:46:12.484+0000] {logging_mixin.py:190} INFO - [2026-09-08T04:46:12.483+0000] {dag.py:4180} INFO - Setting next_dagrun for hello_dag to None, run_after=None
[2026-09-08T04:46:12.501+0000] {processor.py:208} INFO - Processing /opt/airflow/dags/01_hello_dag.py took 0.076 seconds
[2026-09-08T04:46:43.021+0000] {processor.py:186} INFO - Started process (PID=506) to work on /opt/airflow/dags/01_hello_dag.py
[2026-09-08T04:46:43.021+0000] {processor.py:914} INFO - Processing file /opt/airflow/dags/01_hello_dag.py for tasks to queue
[2026-09-08T04:46:43.022+0000] {logging_mixin.py:190} INFO - [2026-09-08T04:46:43.022+0000] {dagbag.py:588} INFO - Filling up the DagBag from /opt/airflow/dags/01_hello_dag.py
[2026-09-08T04:46:43.034+0000] {processor.py:925} INFO - DAG(s) 'hello_dag' retrieved from /opt/airflow/dags/01_hello_dag.py
[2026-09-08T04:46:43.056+0000] {logging_mixin.py:190} INFO - [2026-09-08T04:46:43.056+0000] {dag.py:3239} INFO - Sync 1 DAGs
[2026-09-08T04:46:43.067+0000] {logging_mixin.py:190} INFO - [2026-09-08T04:46:43.067+0000] {dag.py:4180} INFO - Setting next_dagrun for hello_dag to None, run_after=None
[2026-09-08T04:46:43.085+0000] {processor.py:208} INFO - Processing /opt/airflow/dags/01_hello_dag.py took 0.069 seconds
[2026-09-08T04:47:13.675+0000] {processor.py:186} INFO - Started process (PID=520) to work on /opt/airflow/dags/01_hello_dag.py
[2026-09-08T04:47:13.682+0000] {processor.py:914} INFO - Processing file /opt/airflow/dags/01_hello_dag.py for tasks to queue
[2026-09-08T04:47:13.684+0000] {logging_mixin.py:190} INFO - [2026-09-08T04:47:13.683+0000] {dagbag.py:588} INFO - Filling up the DagBag from /opt/airflow/dags/01_hello_dag.py
[2026-09-08T04:47:13.699+0000] {processor.py:925} INFO - DAG(s) 'hello_dag' retrieved from /opt/airflow/dags/01_hello_dag.py
[2026-09-08T04:47:13.721+0000] {logging_mixin.py:190} INFO - [2026-09-08T04:47:13.721+0000] {dag.py:3239} INFO - Sync 1 DAGs
[2026-09-08T04:47:13.737+0000] {logging_mixin.py:190} INFO - [2026-09-08T04:47:13.737+0000] {dag.py:4180} INFO - Setting next_dagrun for hello_dag to None, run_after=None
[2026-09-08T04:47:13.759+0000] {processor.py:208} INFO - Processing /opt/airflow/dags/01_hello_dag.py took 0.089 seconds
[2026-09-08T04:47:44.245+0000] {processor.py:186} INFO - Started process (PID=535) to work on /opt/airflow/dags/01_hello_dag.py
[2026-09-08T04:47:44.246+0000] {processor.py:914} INFO - Processing file /opt/airflow/dags/01_hello_dag.py for tasks to queue
[2026-09-08T04:47:44.247+0000] {logging_mixin.py:190} INFO - [2026-09-08T04:47:44.247+0000] {dagbag.py:588} INFO - Filling up the DagBag from /opt/airflow/dags/01_hello_dag.py
[2026-09-08T04:47:44.271+0000] {processor.py:925} INFO - DAG(s) 'hello_dag' retrieved from /opt/airflow/dags/01_hello_dag.py
[2026-09-08T04:47:44.336+0000] {logging_mixin.py:190} INFO - [2026-09-08T04:47:44.335+0000] {dag.py:3239} INFO - Sync 1 DAGs
[2026-09-08T04:47:44.359+0000] {logging_mixin.py:190} INFO - [2026-09-08T04:47:44.359+0000] {dag.py:4180} INFO - Setting next_dagrun for hello_dag to None, run_after=None
[2026-09-08T04:47:44.382+0000] {processor.py:208} INFO - Processing /opt/airflow/dags/01_hello_dag.py took 0.143 seconds
[2026-09-08T04:48:15.052+0000] {processor.py:186} INFO - Started process (PID=549) to work on /opt/airflow/dags/01_hello_dag.py
[2026-09-08T04:48:15.052+0000] {processor.py:914} INFO - Processing file /opt/airflow/dags/01_hello_dag.py for tasks to queue
[2026-09-08T04:48:15.053+0000] {logging_mixin.py:190} INFO - [2026-09-08T04:48:15.053+0000] {dagbag.py:588} INFO - Filling up the DagBag from /opt/airflow/dags/01_hello_dag.py
[2026-09-08T04:48:15.069+0000] {processor.py:925} INFO - DAG(s) 'hello_dag' retrieved from /opt/airflow/dags/01_hello_dag.py
[2026-09-08T04:48:15.095+0000] {logging_mixin.py:190} INFO - [2026-09-08T04:48:15.094+0000] {dag.py:3239} INFO - Sync 1 DAGs
[2026-09-08T04:48:15.108+0000] {logging_mixin.py:190} INFO - [2026-09-08T04:48:15.108+0000] {dag.py:4180} INFO - Setting next_dagrun for hello_dag to None, run_after=None
[2026-09-08T04:48:15.126+0000] {processor.py:208} INFO - Processing /opt/airflow/dags/01_hello_dag.py took 0.079 seconds
[2026-09-08T04:48:45.668+0000] {processor.py:186} INFO - Started process (PID=563) to work on /opt/airflow/dags/01_hello_dag.py
[2026-09-08T04:48:45.669+0000] {processor.py:914} INFO - Processing file /opt/airflow/dags/01_hello_dag.py for tasks to queue
[2026-09-08T04:48:45.671+0000] {logging_mixin.py:190} INFO - [2026-09-08T04:48:45.670+0000] {dagbag.py:588} INFO - Filling up the DagBag from /opt/airflow/dags/01_hello_dag.py
[2026-09-08T04:48:45.690+0000] {processor.py:925} INFO - DAG(s) 'hello_dag' retrieved from /opt/airflow/dags/01_hello_dag.py
[2026-09-08T04:48:45.718+0000] {logging_mixin.py:190} INFO - [2026-09-08T04:48:45.718+0000] {dag.py:3239} INFO - Sync 1 DAGs
[2026-09-08T04:48:45.731+0000] {logging_mixin.py:190} INFO - [2026-09-08T04:48:45.731+0000] {dag.py:4180} INFO - Setting next_dagrun for hello_dag to None, run_after=None
[2026-09-08T04:48:45.749+0000] {processor.py:208} INFO - Processing /opt/airflow/dags/01_hello_dag.py took 0.088 seconds
[2026-09-08T04:49:16.145+0000] {processor.py:186} INFO - Started process (PID=577) to work on /opt/airflow/dags/01_hello_dag.py
[2026-09-08T04:49:16.146+0000] {processor.py:914} INFO - Processing file /opt/airflow/dags/01_hello_dag.py for tasks to queue
[2026-09-08T04:49:16.147+0000] {logging_mixin.py:190} INFO - [2026-09-08T04:49:16.147+0000] {dagbag.py:588} INFO - Filling up the DagBag from /opt/airflow/dags/01_hello_dag.py
[2026-09-08T04:49:16.161+0000] {processor.py:925} INFO - DAG(s) 'hello_dag' retrieved from /opt/airflow/dags/01_hello_dag.py
[2026-09-08T04:49:16.182+0000] {logging_mixin.py:190} INFO - [2026-09-08T04:49:16.182+0000] {dag.py:3239} INFO - Sync 1 DAGs
[2026-09-08T04:49:16.195+0000] {logging_mixin.py:190} INFO - [2026-09-08T04:49:16.195+0000] {dag.py:4180} INFO - Setting next_dagrun for hello_dag to None, run_after=None
[2026-09-08T04:49:16.213+0000] {processor.py:208} INFO - Processing /opt/airflow/dags/01_hello_dag.py took 0.074 seconds
[2026-09-08T04:49:46.698+0000] {processor.py:186} INFO - Started process (PID=592) to work on /opt/airflow/dags/01_hello_dag.py
[2026-09-08T04:49:46.698+0000] {processor.py:914} INFO - Processing file /opt/airflow/dags/01_hello_dag.py for tasks to queue
[2026-09-08T04:49:46.700+0000] {logging_mixin.py:190} INFO - [2026-09-08T04:49:46.699+0000] {dagbag.py:588} INFO - Filling up the DagBag from /opt/airflow/dags/01_hello_dag.py
[2026-09-08T04:49:46.714+0000] {processor.py:925} INFO - DAG(s) 'hello_dag' retrieved from /opt/airflow/dags/01_hello_dag.py
[2026-09-08T04:49:46.738+0000] {logging_mixin.py:190} INFO - [2026-09-08T04:49:46.738+0000] {dag.py:3239} INFO - Sync 1 DAGs
[2026-09-08T04:49:46.751+0000] {logging_mixin.py:190} INFO - [2026-09-08T04:49:46.750+0000] {dag.py:4180} INFO - Setting next_dagrun for hello_dag to None, run_after=None
[2026-09-08T04:49:46.772+0000] {processor.py:208} INFO - Processing /opt/airflow/dags/01_hello_dag.py took 0.081 seconds
[2026-09-08T04:50:17.341+0000] {processor.py:186} INFO - Started process (PID=606) to work on /opt/airflow/dags/01_hello_dag.py
[2026-09-08T04:50:17.341+0000] {processor.py:914} INFO - Processing file /opt/airflow/dags/01_hello_dag.py for tasks to queue
[2026-09-08T04:50:17.343+0000] {logging_mixin.py:190} INFO - [2026-09-08T04:50:17.343+0000] {dagbag.py:588} INFO - Filling up the DagBag from /opt/airflow/dags/01_hello_dag.py
[2026-09-08T04:50:17.358+0000] {processor.py:925} INFO - DAG(s) 'hello_dag' retrieved from /opt/airflow/dags/01_hello_dag.py
[2026-09-08T04:50:17.383+0000] {logging_mixin.py:190} INFO - [2026-09-08T04:50:17.383+0000] {dag.py:3239} INFO - Sync 1 DAGs
[2026-09-08T04:50:17.401+0000] {logging_mixin.py:190} INFO - [2026-09-08T04:50:17.401+0000] {dag.py:4180} INFO - Setting next_dagrun for hello_dag to None, run_after=None
[2026-09-08T04:50:17.423+0000] {processor.py:208} INFO - Processing /opt/airflow/dags/01_hello_dag.py took 0.088 seconds
[2026-09-08T04:50:48.064+0000] {processor.py:186} INFO - Started process (PID=620) to work on /opt/airflow/dags/01_hello_dag.py
[2026-09-08T04:50:48.065+0000] {processor.py:914} INFO - Processing file /opt/airflow/dags/01_hello_dag.py for tasks to queue
[2026-09-08T04:50:48.066+0000] {logging_mixin.py:190} INFO - [2026-09-08T04:50:48.066+0000] {dagbag.py:588} INFO - Filling up the DagBag from /opt/airflow/dags/01_hello_dag.py
[2026-09-08T04:50:48.080+0000] {processor.py:925} INFO - DAG(s) 'hello_dag' retrieved from /opt/airflow/dags/01_hello_dag.py
[2026-09-08T04:50:48.101+0000] {logging_mixin.py:190} INFO - [2026-09-08T04:50:48.100+0000] {dag.py:3239} INFO - Sync 1 DAGs
[2026-09-08T04:50:48.116+0000] {logging_mixin.py:190} INFO - [2026-09-08T04:50:48.116+0000] {dag.py:4180} INFO - Setting next_dagrun for hello_dag to None, run_after=None
[2026-09-08T04:50:48.136+0000] {processor.py:208} INFO - Processing /opt/airflow/dags/01_hello_dag.py took 0.077 seconds
[2026-09-08T04:51:18.621+0000] {processor.py:186} INFO - Started process (PID=634) to work on /opt/airflow/dags/01_hello_dag.py
[2026-09-08T04:51:18.622+0000] {processor.py:914} INFO - Processing file /opt/airflow/dags/01_hello_dag.py for tasks to queue
[2026-09-08T04:51:18.623+0000] {logging_mixin.py:190} INFO - [2026-09-08T04:51:18.623+0000] {dagbag.py:588} INFO - Filling up the DagBag from /opt/airflow/dags/01_hello_dag.py
[2026-09-08T04:51:18.641+0000] {processor.py:925} INFO - DAG(s) 'hello_dag' retrieved from /opt/airflow/dags/01_hello_dag.py
[2026-09-08T04:51:18.669+0000] {logging_mixin.py:190} INFO - [2026-09-08T04:51:18.668+0000] {dag.py:3239} INFO - Sync 1 DAGs
[2026-09-08T04:51:18.687+0000] {logging_mixin.py:190} INFO - [2026-09-08T04:51:18.687+0000] {dag.py:4180} INFO - Setting next_dagrun for hello_dag to None, run_after=None
[2026-09-08T04:51:18.715+0000] {processor.py:208} INFO - Processing /opt/airflow/dags/01_hello_dag.py took 0.100 seconds
[2026-09-08T04:51:49.208+0000] {processor.py:186} INFO - Started process (PID=648) to work on /opt/airflow/dags/01_hello_dag.py
[2026-09-08T04:51:49.208+0000] {processor.py:914} INFO - Processing file /opt/airflow/dags/01_hello_dag.py for tasks to queue
[2026-09-08T04:51:49.210+0000] {logging_mixin.py:190} INFO - [2026-09-08T04:51:49.209+0000] {dagbag.py:588} INFO - Filling up the DagBag from /opt/airflow/dags/01_hello_dag.py
[2026-09-08T04:51:49.227+0000] {processor.py:925} INFO - DAG(s) 'hello_dag' retrieved from /opt/airflow/dags/01_hello_dag.py
[2026-09-08T04:51:49.257+0000] {logging_mixin.py:190} INFO - [2026-09-08T04:51:49.256+0000] {dag.py:3239} INFO - Sync 1 DAGs
[2026-09-08T04:51:49.272+0000] {logging_mixin.py:190} INFO - [2026-09-08T04:51:49.271+0000] {dag.py:4180} INFO - Setting next_dagrun for hello_dag to None, run_after=None
[2026-09-08T04:51:49.291+0000] {processor.py:208} INFO - Processing /opt/airflow/dags/01_hello_dag.py took 0.091 seconds
[2026-09-08T04:52:19.753+0000] {processor.py:186} INFO - Started process (PID=662) to work on /opt/airflow/dags/01_hello_dag.py
[2026-09-08T04:52:19.753+0000] {processor.py:914} INFO - Processing file /opt/airflow/dags/01_hello_dag.py for tasks to queue
[2026-09-08T04:52:19.755+0000] {logging_mixin.py:190} INFO - [2026-09-08T04:52:19.754+0000] {dagbag.py:588} INFO - Filling up the DagBag from /opt/airflow/dags/01_hello_dag.py
[2026-09-08T04:52:19.768+0000] {processor.py:925} INFO - DAG(s) 'hello_dag' retrieved from /opt/airflow/dags/01_hello_dag.py
[2026-09-08T04:52:19.789+0000] {logging_mixin.py:190} INFO - [2026-09-08T04:52:19.789+0000] {dag.py:3239} INFO - Sync 1 DAGs
[2026-09-08T04:52:19.802+0000] {logging_mixin.py:190} INFO - [2026-09-08T04:52:19.802+0000] {dag.py:4180} INFO - Setting next_dagrun for hello_dag to None, run_after=None
[2026-09-08T04:52:19.819+0000] {processor.py:208} INFO - Processing /opt/airflow/dags/01_hello_dag.py took 0.071 seconds
[2026-09-08T04:52:50.335+0000] {processor.py:186} INFO - Started process (PID=676) to work on /opt/airflow/dags/01_hello_dag.py
[2026-09-08T04:52:50.336+0000] {processor.py:914} INFO - Processing file /opt/airflow/dags/01_hello_dag.py for tasks to queue
[2026-09-08T04:52:50.337+0000] {logging_mixin.py:190} INFO - [2026-09-08T04:52:50.337+0000] {dagbag.py:588} INFO - Filling up the DagBag from /opt/airflow/dags/01_hello_dag.py
[2026-09-08T04:52:50.352+0000] {processor.py:925} INFO - DAG(s) 'hello_dag' retrieved from /opt/airflow/dags/01_hello_dag.py
[2026-09-08T04:52:50.375+0000] {logging_mixin.py:190} INFO - [2026-09-08T04:52:50.374+0000] {dag.py:3239} INFO - Sync 1 DAGs
[2026-09-08T04:52:50.387+0000] {logging_mixin.py:190} INFO - [2026-09-08T04:52:50.387+0000] {dag.py:4180} INFO - Setting next_dagrun for hello_dag to None, run_after=None
[2026-09-08T04:52:50.407+0000] {processor.py:208} INFO - Processing /opt/airflow/dags/01_hello_dag.py took 0.077 seconds
[2026-09-08T04:53:20.893+0000] {processor.py:186} INFO - Started process (PID=690) to work on /opt/airflow/dags/01_hello_dag.py
[2026-09-08T04:53:20.894+0000] {processor.py:914} INFO - Processing file /opt/airflow/dags/01_hello_dag.py for tasks to queue
[2026-09-08T04:53:20.895+0000] {logging_mixin.py:190} INFO - [2026-09-08T04:53:20.895+0000] {dagbag.py:588} INFO - Filling up the DagBag from /opt/airflow/dags/01_hello_dag.py
[2026-09-08T04:53:20.909+0000] {processor.py:925} INFO - DAG(s) 'hello_dag' retrieved from /opt/airflow/dags/01_hello_dag.py
[2026-09-08T04:53:20.931+0000] {logging_mixin.py:190} INFO - [2026-09-08T04:53:20.931+0000] {dag.py:3239} INFO - Sync 1 DAGs
[2026-09-08T04:53:20.945+0000] {logging_mixin.py:190} INFO - [2026-09-08T04:53:20.945+0000] {dag.py:4180} INFO - Setting next_dagrun for hello_dag to None, run_after=None
[2026-09-08T04:53:20.962+0000] {processor.py:208} INFO - Processing /opt/airflow/dags/01_hello_dag.py took 0.074 seconds
[2026-09-08T04:53:51.596+0000] {processor.py:186} INFO - Started process (PID=704) to work on /opt/airflow/dags/01_hello_dag.py
[2026-09-08T04:53:51.599+0000] {processor.py:914} INFO - Processing file /opt/airflow/dags/01_hello_dag.py for tasks to queue
[2026-09-08T04:53:51.600+0000] {logging_mixin.py:190} INFO - [2026-09-08T04:53:51.600+0000] {dagbag.py:588} INFO - Filling up the DagBag from /opt/airflow/dags/01_hello_dag.py
[2026-09-08T04:53:51.624+0000] {processor.py:925} INFO - DAG(s) 'hello_dag' retrieved from /opt/airflow/dags/01_hello_dag.py
[2026-09-08T04:53:51.647+0000] {logging_mixin.py:190} INFO - [2026-09-08T04:53:51.647+0000] {dag.py:3239} INFO - Sync 1 DAGs
[2026-09-08T04:53:51.659+0000] {logging_mixin.py:190} INFO - [2026-09-08T04:53:51.659+0000] {dag.py:4180} INFO - Setting next_dagrun for hello_dag to None, run_after=None
[2026-09-08T04:53:51.680+0000] {processor.py:208} INFO - Processing /opt/airflow/dags/01_hello_dag.py took 0.090 seconds
[2026-09-08T04:54:22.172+0000] {processor.py:186} INFO - Started process (PID=718) to work on /opt/airflow/dags/01_hello_dag.py
[2026-09-08T04:54:22.172+0000] {processor.py:914} INFO - Processing file /opt/airflow/dags/01_hello_dag.py for tasks to queue
[2026-09-08T04:54:22.174+0000] {logging_mixin.py:190} INFO - [2026-09-08T04:54:22.173+0000] {dagbag.py:588} INFO - Filling up the DagBag from /opt/airflow/dags/01_hello_dag.py
[2026-09-08T04:54:22.194+0000] {processor.py:925} INFO - DAG(s) 'hello_dag' retrieved from /opt/airflow/dags/01_hello_dag.py
[2026-09-08T04:54:22.230+0000] {logging_mixin.py:190} INFO - [2026-09-08T04:54:22.229+0000] {dag.py:3239} INFO - Sync 1 DAGs
[2026-09-08T04:54:22.251+0000] {logging_mixin.py:190} INFO - [2026-09-08T04:54:22.251+0000] {dag.py:4180} INFO - Setting next_dagrun for hello_dag to None, run_after=None
[2026-09-08T04:54:22.282+0000] {processor.py:208} INFO - Processing /opt/airflow/dags/01_hello_dag.py took 0.116 seconds
[2026-09-08T04:54:52.710+0000] {processor.py:186} INFO - Started process (PID=732) to work on /opt/airflow/dags/01_hello_dag.py
[2026-09-08T04:54:52.710+0000] {processor.py:914} INFO - Processing file /opt/airflow/dags/01_hello_dag.py for tasks to queue
[2026-09-08T04:54:52.712+0000] {logging_mixin.py:190} INFO - [2026-09-08T04:54:52.711+0000] {dagbag.py:588} INFO - Filling up the DagBag from /opt/airflow/dags/01_hello_dag.py
[2026-09-08T04:54:52.725+0000] {processor.py:925} INFO - DAG(s) 'hello_dag' retrieved from /opt/airflow/dags/01_hello_dag.py
[2026-09-08T04:54:52.750+0000] {logging_mixin.py:190} INFO - [2026-09-08T04:54:52.750+0000] {dag.py:3239} INFO - Sync 1 DAGs
[2026-09-08T04:54:52.765+0000] {logging_mixin.py:190} INFO - [2026-09-08T04:54:52.765+0000] {dag.py:4180} INFO - Setting next_dagrun for hello_dag to None, run_after=None
[2026-09-08T04:54:52.786+0000] {processor.py:208} INFO - Processing /opt/airflow/dags/01_hello_dag.py took 0.082 seconds
[2026-09-08T04:55:23.268+0000] {processor.py:186} INFO - Started process (PID=746) to work on /opt/airflow/dags/01_hello_dag.py
[2026-09-08T04:55:23.269+0000] {processor.py:914} INFO - Processing file /opt/airflow/dags/01_hello_dag.py for tasks to queue
[2026-09-08T04:55:23.270+0000] {logging_mixin.py:190} INFO - [2026-09-08T04:55:23.270+0000] {dagbag.py:588} INFO - Filling up the DagBag from /opt/airflow/dags/01_hello_dag.py
[2026-09-08T04:55:23.285+0000] {processor.py:925} INFO - DAG(s) 'hello_dag' retrieved from /opt/airflow/dags/01_hello_dag.py
[2026-09-08T04:55:23.311+0000] {logging_mixin.py:190} INFO - [2026-09-08T04:55:23.311+0000] {dag.py:3239} INFO - Sync 1 DAGs
[2026-09-08T04:55:23.322+0000] {logging_mixin.py:190} INFO - [2026-09-08T04:55:23.322+0000] {dag.py:4180} INFO - Setting next_dagrun for hello_dag to None, run_after=None
[2026-09-08T04:55:23.339+0000] {processor.py:208} INFO - Processing /opt/airflow/dags/01_hello_dag.py took 0.078 seconds
[2026-09-08T04:55:53.833+0000] {processor.py:186} INFO - Started process (PID=760) to work on /opt/airflow/dags/01_hello_dag.py
[2026-09-08T04:55:53.833+0000] {processor.py:914} INFO - Processing file /opt/airflow/dags/01_hello_dag.py for tasks to queue
[2026-09-08T04:55:53.835+0000] {logging_mixin.py:190} INFO - [2026-09-08T04:55:53.834+0000] {dagbag.py:588} INFO - Filling up the DagBag from /opt/airflow/dags/01_hello_dag.py
[2026-09-08T04:55:53.850+0000] {processor.py:925} INFO - DAG(s) 'hello_dag' retrieved from /opt/airflow/dags/01_hello_dag.py
[2026-09-08T04:55:53.876+0000] {logging_mixin.py:190} INFO - [2026-09-08T04:55:53.876+0000] {dag.py:3239} INFO - Sync 1 DAGs
[2026-09-08T04:55:53.892+0000] {logging_mixin.py:190} INFO - [2026-09-08T04:55:53.892+0000] {dag.py:4180} INFO - Setting next_dagrun for hello_dag to None, run_after=None
[2026-09-08T04:55:53.915+0000] {processor.py:208} INFO - Processing /opt/airflow/dags/01_hello_dag.py took 0.088 seconds
[2026-09-08T04:56:24.375+0000] {processor.py:186} INFO - Started process (PID=772) to work on /opt/airflow/dags/01_hello_dag.py
[2026-09-08T04:56:24.376+0000] {processor.py:914} INFO - Processing file /opt/airflow/dags/01_hello_dag.py for tasks to queue
[2026-09-08T04:56:24.377+0000] {logging_mixin.py:190} INFO - [2026-09-08T04:56:24.377+0000] {dagbag.py:588} INFO - Filling up the DagBag from /opt/airflow/dags/01_hello_dag.py
[2026-09-08T04:56:24.392+0000] {processor.py:925} INFO - DAG(s) 'hello_dag' retrieved from /opt/airflow/dags/01_hello_dag.py
[2026-09-08T04:56:24.414+0000] {logging_mixin.py:190} INFO - [2026-09-08T04:56:24.414+0000] {dag.py:3239} INFO - Sync 1 DAGs
[2026-09-08T04:56:24.429+0000] {logging_mixin.py:190} INFO - [2026-09-08T04:56:24.429+0000] {dag.py:4180} INFO - Setting next_dagrun for hello_dag to None, run_after=None
[2026-09-08T04:56:24.449+0000] {processor.py:208} INFO - Processing /opt/airflow/dags/01_hello_dag.py took 0.081 seconds
[2026-09-08T04:56:54.879+0000] {processor.py:186} INFO - Started process (PID=784) to work on /opt/airflow/dags/01_hello_dag.py
[2026-09-08T04:56:54.880+0000] {processor.py:914} INFO - Processing file /opt/airflow/dags/01_hello_dag.py for tasks to queue
[2026-09-08T04:56:54.881+0000] {logging_mixin.py:190} INFO - [2026-09-08T04:56:54.880+0000] {dagbag.py:588} INFO - Filling up the DagBag from /opt/airflow/dags/01_hello_dag.py
[2026-09-08T04:56:54.896+0000] {processor.py:925} INFO - DAG(s) 'hello_dag' retrieved from /opt/airflow/dags/01_hello_dag.py
[2026-09-08T04:56:54.920+0000] {logging_mixin.py:190} INFO - [2026-09-08T04:56:54.920+0000] {dag.py:3239} INFO - Sync 1 DAGs
[2026-09-08T04:56:54.933+0000] {logging_mixin.py:190} INFO - [2026-09-08T04:56:54.933+0000] {dag.py:4180} INFO - Setting next_dagrun for hello_dag to None, run_after=None
[2026-09-08T04:56:54.952+0000] {processor.py:208} INFO - Processing /opt/airflow/dags/01_hello_dag.py took 0.080 seconds
[2026-09-08T04:57:25.623+0000] {processor.py:186} INFO - Started process (PID=798) to work on /opt/airflow/dags/01_hello_dag.py
[2026-09-08T04:57:25.624+0000] {processor.py:914} INFO - Processing file /opt/airflow/dags/01_hello_dag.py for tasks to queue
[2026-09-08T04:57:25.625+0000] {logging_mixin.py:190} INFO - [2026-09-08T04:57:25.625+0000] {dagbag.py:588} INFO - Filling up the DagBag from /opt/airflow/dags/01_hello_dag.py
[2026-09-08T04:57:25.650+0000] {processor.py:925} INFO - DAG(s) 'hello_dag' retrieved from /opt/airflow/dags/01_hello_dag.py
[2026-09-08T04:57:25.684+0000] {logging_mixin.py:190} INFO - [2026-09-08T04:57:25.684+0000] {dag.py:3239} INFO - Sync 1 DAGs
[2026-09-08T04:57:25.701+0000] {logging_mixin.py:190} INFO - [2026-09-08T04:57:25.700+0000] {dag.py:4180} INFO - Setting next_dagrun for hello_dag to None, run_after=None
[2026-09-08T04:57:25.724+0000] {processor.py:208} INFO - Processing /opt/airflow/dags/01_hello_dag.py took 0.105 seconds
[2026-09-08T04:57:56.442+0000] {processor.py:186} INFO - Started process (PID=818) to work on /opt/airflow/dags/01_hello_dag.py
[2026-09-08T04:57:56.443+0000] {processor.py:914} INFO - Processing file /opt/airflow/dags/01_hello_dag.py for tasks to queue
[2026-09-08T04:57:56.445+0000] {logging_mixin.py:190} INFO - [2026-09-08T04:57:56.444+0000] {dagbag.py:588} INFO - Filling up the DagBag from /opt/airflow/dags/01_hello_dag.py
[2026-09-08T04:57:56.463+0000] {processor.py:925} INFO - DAG(s) 'hello_dag' retrieved from /opt/airflow/dags/01_hello_dag.py
[2026-09-08T04:57:56.485+0000] {logging_mixin.py:190} INFO - [2026-09-08T04:57:56.485+0000] {dag.py:3239} INFO - Sync 1 DAGs
[2026-09-08T04:57:56.498+0000] {logging_mixin.py:190} INFO - [2026-09-08T04:57:56.498+0000] {dag.py:4180} INFO - Setting next_dagrun for hello_dag to None, run_after=None
[2026-09-08T04:57:56.518+0000] {processor.py:208} INFO - Processing /opt/airflow/dags/01_hello_dag.py took 0.081 seconds
[2026-09-08T04:58:27.184+0000] {processor.py:186} INFO - Started process (PID=832) to work on /opt/airflow/dags/01_hello_dag.py
[2026-09-08T04:58:27.185+0000] {processor.py:914} INFO - Processing file /opt/airflow/dags/01_hello_dag.py for tasks to queue
[2026-09-08T04:58:27.186+0000] {logging_mixin.py:190} INFO - [2026-09-08T04:58:27.186+0000] {dagbag.py:588} INFO - Filling up the DagBag from /opt/airflow/dags/01_hello_dag.py
[2026-09-08T04:58:27.201+0000] {processor.py:925} INFO - DAG(s) 'hello_dag' retrieved from /opt/airflow/dags/01_hello_dag.py
[2026-09-08T04:58:27.223+0000] {logging_mixin.py:190} INFO - [2026-09-08T04:58:27.222+0000] {dag.py:3239} INFO - Sync 1 DAGs
[2026-09-08T04:58:27.235+0000] {logging_mixin.py:190} INFO - [2026-09-08T04:58:27.235+0000] {dag.py:4180} INFO - Setting next_dagrun for hello_dag to None, run_after=None
[2026-09-08T04:58:27.252+0000] {processor.py:208} INFO - Processing /opt/airflow/dags/01_hello_dag.py took 0.074 seconds
[2026-09-08T04:58:57.872+0000] {processor.py:186} INFO - Started process (PID=846) to work on /opt/airflow/dags/01_hello_dag.py
[2026-09-08T04:58:57.873+0000] {processor.py:914} INFO - Processing file /opt/airflow/dags/01_hello_dag.py for tasks to queue
[2026-09-08T04:58:57.874+0000] {logging_mixin.py:190} INFO - [2026-09-08T04:58:57.874+0000] {dagbag.py:588} INFO - Filling up the DagBag from /opt/airflow/dags/01_hello_dag.py
[2026-09-08T04:58:57.889+0000] {processor.py:925} INFO - DAG(s) 'hello_dag' retrieved from /opt/airflow/dags/01_hello_dag.py
[2026-09-08T04:58:57.914+0000] {logging_mixin.py:190} INFO - [2026-09-08T04:58:57.914+0000] {dag.py:3239} INFO - Sync 1 DAGs
[2026-09-08T04:58:57.926+0000] {logging_mixin.py:190} INFO - [2026-09-08T04:58:57.926+0000] {dag.py:4180} INFO - Setting next_dagrun for hello_dag to None, run_after=None
[2026-09-08T04:58:57.945+0000] {processor.py:208} INFO - Processing /opt/airflow/dags/01_hello_dag.py took 0.079 seconds
[2026-09-08T04:59:28.638+0000] {processor.py:186} INFO - Started process (PID=859) to work on /opt/airflow/dags/01_hello_dag.py
[2026-09-08T04:59:28.639+0000] {processor.py:914} INFO - Processing file /opt/airflow/dags/01_hello_dag.py for tasks to queue
[2026-09-08T04:59:28.640+0000] {logging_mixin.py:190} INFO - [2026-09-08T04:59:28.640+0000] {dagbag.py:588} INFO - Filling up the DagBag from /opt/airflow/dags/01_hello_dag.py
[2026-09-08T04:59:28.653+0000] {processor.py:925} INFO - DAG(s) 'hello_dag' retrieved from /opt/airflow/dags/01_hello_dag.py
[2026-09-08T04:59:28.674+0000] {logging_mixin.py:190} INFO - [2026-09-08T04:59:28.674+0000] {dag.py:3239} INFO - Sync 1 DAGs
[2026-09-08T04:59:28.686+0000] {logging_mixin.py:190} INFO - [2026-09-08T04:59:28.685+0000] {dag.py:4180} INFO - Setting next_dagrun for hello_dag to None, run_after=None
[2026-09-08T04:59:28.725+0000] {processor.py:208} INFO - Processing /opt/airflow/dags/01_hello_dag.py took 0.092 seconds
[2026-09-08T04:59:59.376+0000] {processor.py:186} INFO - Started process (PID=873) to work on /opt/airflow/dags/01_hello_dag.py
[2026-09-08T04:59:59.377+0000] {processor.py:914} INFO - Processing file /opt/airflow/dags/01_hello_dag.py for tasks to queue
[2026-09-08T04:59:59.378+0000] {logging_mixin.py:190} INFO - [2026-09-08T04:59:59.378+0000] {dagbag.py:588} INFO - Filling up the DagBag from /opt/airflow/dags/01_hello_dag.py
[2026-09-08T04:59:59.395+0000] {processor.py:925} INFO - DAG(s) 'hello_dag' retrieved from /opt/airflow/dags/01_hello_dag.py
[2026-09-08T04:59:59.420+0000] {logging_mixin.py:190} INFO - [2026-09-08T04:59:59.420+0000] {dag.py:3239} INFO - Sync 1 DAGs
[2026-09-08T04:59:59.436+0000] {logging_mixin.py:190} INFO - [2026-09-08T04:59:59.435+0000] {dag.py:4180} INFO - Setting next_dagrun for hello_dag to None, run_after=None
[2026-09-08T04:59:59.456+0000] {processor.py:208} INFO - Processing /opt/airflow/dags/01_hello_dag.py took 0.085 seconds
[2026-09-08T05:00:30.178+0000] {processor.py:186} INFO - Started process (PID=887) to work on /opt/airflow/dags/01_hello_dag.py
[2026-09-08T05:00:30.179+0000] {processor.py:914} INFO - Processing file /opt/airflow/dags/01_hello_dag.py for tasks to queue
[2026-09-08T05:00:30.182+0000] {logging_mixin.py:190} INFO - [2026-09-08T05:00:30.182+0000] {dagbag.py:588} INFO - Filling up the DagBag from /opt/airflow/dags/01_hello_dag.py
[2026-09-08T05:00:30.203+0000] {processor.py:925} INFO - DAG(s) 'hello_dag' retrieved from /opt/airflow/dags/01_hello_dag.py
[2026-09-08T05:00:30.228+0000] {logging_mixin.py:190} INFO - [2026-09-08T05:00:30.228+0000] {dag.py:3239} INFO - Sync 1 DAGs
[2026-09-08T05:00:30.245+0000] {logging_mixin.py:190} INFO - [2026-09-08T05:00:30.245+0000] {dag.py:4180} INFO - Setting next_dagrun for hello_dag to None, run_after=None
[2026-09-08T05:00:30.263+0000] {processor.py:208} INFO - Processing /opt/airflow/dags/01_hello_dag.py took 0.091 seconds
[2026-09-08T05:01:00.941+0000] {processor.py:186} INFO - Started process (PID=901) to work on /opt/airflow/dags/01_hello_dag.py
[2026-09-08T05:01:00.942+0000] {processor.py:914} INFO - Processing file /opt/airflow/dags/01_hello_dag.py for tasks to queue
[2026-09-08T05:01:00.944+0000] {logging_mixin.py:190} INFO - [2026-09-08T05:01:00.943+0000] {dagbag.py:588} INFO - Filling up the DagBag from /opt/airflow/dags/01_hello_dag.py
[2026-09-08T05:01:00.958+0000] {processor.py:925} INFO - DAG(s) 'hello_dag' retrieved from /opt/airflow/dags/01_hello_dag.py
[2026-09-08T05:01:00.989+0000] {logging_mixin.py:190} INFO - [2026-09-08T05:01:00.989+0000] {dag.py:3239} INFO - Sync 1 DAGs
[2026-09-08T05:01:01.003+0000] {logging_mixin.py:190} INFO - [2026-09-08T05:01:01.003+0000] {dag.py:4180} INFO - Setting next_dagrun for hello_dag to None, run_after=None
[2026-09-08T05:01:01.023+0000] {processor.py:208} INFO - Processing /opt/airflow/dags/01_hello_dag.py took 0.088 seconds
[2026-09-08T05:01:31.530+0000] {processor.py:186} INFO - Started process (PID=915) to work on /opt/airflow/dags/01_hello_dag.py
[2026-09-08T05:01:31.530+0000] {processor.py:914} INFO - Processing file /opt/airflow/dags/01_hello_dag.py for tasks to queue
[2026-09-08T05:01:31.532+0000] {logging_mixin.py:190} INFO - [2026-09-08T05:01:31.532+0000] {dagbag.py:588} INFO - Filling up the DagBag from /opt/airflow/dags/01_hello_dag.py
[2026-09-08T05:01:31.545+0000] {processor.py:925} INFO - DAG(s) 'hello_dag' retrieved from /opt/airflow/dags/01_hello_dag.py
[2026-09-08T05:01:31.567+0000] {logging_mixin.py:190} INFO - [2026-09-08T05:01:31.567+0000] {dag.py:3239} INFO - Sync 1 DAGs
[2026-09-08T05:01:31.579+0000] {logging_mixin.py:190} INFO - [2026-09-08T05:01:31.579+0000] {dag.py:4180} INFO - Setting next_dagrun for hello_dag to None, run_after=None
[2026-09-08T05:01:31.596+0000] {processor.py:208} INFO - Processing /opt/airflow/dags/01_hello_dag.py took 0.072 seconds
[2026-09-08T05:02:02.316+0000] {processor.py:186} INFO - Started process (PID=929) to work on /opt/airflow/dags/01_hello_dag.py
[2026-09-08T05:02:02.316+0000] {processor.py:914} INFO - Processing file /opt/airflow/dags/01_hello_dag.py for tasks to queue
[2026-09-08T05:02:02.317+0000] {logging_mixin.py:190} INFO - [2026-09-08T05:02:02.317+0000] {dagbag.py:588} INFO - Filling up the DagBag from /opt/airflow/dags/01_hello_dag.py
[2026-09-08T05:02:02.336+0000] {processor.py:925} INFO - DAG(s) 'hello_dag' retrieved from /opt/airflow/dags/01_hello_dag.py
[2026-09-08T05:02:02.360+0000] {logging_mixin.py:190} INFO - [2026-09-08T05:02:02.360+0000] {dag.py:3239} INFO - Sync 1 DAGs
[2026-09-08T05:02:02.375+0000] {logging_mixin.py:190} INFO - [2026-09-08T05:02:02.375+0000] {dag.py:4180} INFO - Setting next_dagrun for hello_dag to None, run_after=None
[2026-09-08T05:02:02.401+0000] {processor.py:208} INFO - Processing /opt/airflow/dags/01_hello_dag.py took 0.093 seconds
[2026-09-08T05:02:33.081+0000] {processor.py:186} INFO - Started process (PID=943) to work on /opt/airflow/dags/01_hello_dag.py
[2026-09-08T05:02:33.081+0000] {processor.py:914} INFO - Processing file /opt/airflow/dags/01_hello_dag.py for tasks to queue
[2026-09-08T05:02:33.083+0000] {logging_mixin.py:190} INFO - [2026-09-08T05:02:33.082+0000] {dagbag.py:588} INFO - Filling up the DagBag from /opt/airflow/dags/01_hello_dag.py
[2026-09-08T05:02:33.100+0000] {processor.py:925} INFO - DAG(s) 'hello_dag' retrieved from /opt/airflow/dags/01_hello_dag.py
[2026-09-08T05:02:33.128+0000] {logging_mixin.py:190} INFO - [2026-09-08T05:02:33.128+0000] {dag.py:3239} INFO - Sync 1 DAGs
[2026-09-08T05:02:33.144+0000] {logging_mixin.py:190} INFO - [2026-09-08T05:02:33.144+0000] {dag.py:4180} INFO - Setting next_dagrun for hello_dag to None, run_after=None
[2026-09-08T05:02:33.166+0000] {processor.py:208} INFO - Processing /opt/airflow/dags/01_hello_dag.py took 0.092 seconds
[2026-09-08T05:03:03.843+0000] {processor.py:186} INFO - Started process (PID=957) to work on /opt/airflow/dags/01_hello_dag.py
[2026-09-08T05:03:03.843+0000] {processor.py:914} INFO - Processing file /opt/airflow/dags/01_hello_dag.py for tasks to queue
[2026-09-08T05:03:03.845+0000] {logging_mixin.py:190} INFO - [2026-09-08T05:03:03.844+0000] {dagbag.py:588} INFO - Filling up the DagBag from /opt/airflow/dags/01_hello_dag.py
[2026-09-08T05:03:03.859+0000] {processor.py:925} INFO - DAG(s) 'hello_dag' retrieved from /opt/airflow/dags/01_hello_dag.py
[2026-09-08T05:03:03.883+0000] {logging_mixin.py:190} INFO - [2026-09-08T05:03:03.883+0000] {dag.py:3239} INFO - Sync 1 DAGs
[2026-09-08T05:03:03.897+0000] {logging_mixin.py:190} INFO - [2026-09-08T05:03:03.897+0000] {dag.py:4180} INFO - Setting next_dagrun for hello_dag to None, run_after=None
[2026-09-08T05:03:03.915+0000] {processor.py:208} INFO - Processing /opt/airflow/dags/01_hello_dag.py took 0.079 seconds
[2026-09-08T05:03:34.641+0000] {processor.py:186} INFO - Started process (PID=970) to work on /opt/airflow/dags/01_hello_dag.py
[2026-09-08T05:03:34.642+0000] {processor.py:914} INFO - Processing file /opt/airflow/dags/01_hello_dag.py for tasks to queue
[2026-09-08T05:03:34.644+0000] {logging_mixin.py:190} INFO - [2026-09-08T05:03:34.643+0000] {dagbag.py:588} INFO - Filling up the DagBag from /opt/airflow/dags/01_hello_dag.py
[2026-09-08T05:03:34.668+0000] {processor.py:925} INFO - DAG(s) 'hello_dag' retrieved from /opt/airflow/dags/01_hello_dag.py
[2026-09-08T05:03:34.700+0000] {logging_mixin.py:190} INFO - [2026-09-08T05:03:34.699+0000] {dag.py:3239} INFO - Sync 1 DAGs
[2026-09-08T05:03:34.761+0000] {logging_mixin.py:190} INFO - [2026-09-08T05:03:34.761+0000] {dag.py:4180} INFO - Setting next_dagrun for hello_dag to None, run_after=None
[2026-09-08T05:03:34.789+0000] {processor.py:208} INFO - Processing /opt/airflow/dags/01_hello_dag.py took 0.159 seconds
[2026-09-08T05:04:05.591+0000] {processor.py:186} INFO - Started process (PID=984) to work on /opt/airflow/dags/01_hello_dag.py
[2026-09-08T05:04:05.592+0000] {processor.py:914} INFO - Processing file /opt/airflow/dags/01_hello_dag.py for tasks to queue
[2026-09-08T05:04:05.593+0000] {logging_mixin.py:190} INFO - [2026-09-08T05:04:05.593+0000] {dagbag.py:588} INFO - Filling up the DagBag from /opt/airflow/dags/01_hello_dag.py
[2026-09-08T05:04:05.617+0000] {processor.py:925} INFO - DAG(s) 'hello_dag' retrieved from /opt/airflow/dags/01_hello_dag.py
[2026-09-08T05:04:05.645+0000] {logging_mixin.py:190} INFO - [2026-09-08T05:04:05.645+0000] {dag.py:3239} INFO - Sync 1 DAGs
[2026-09-08T05:04:05.659+0000] {logging_mixin.py:190} INFO - [2026-09-08T05:04:05.658+0000] {dag.py:4180} INFO - Setting next_dagrun for hello_dag to None, run_after=None
[2026-09-08T05:04:05.682+0000] {processor.py:208} INFO - Processing /opt/airflow/dags/01_hello_dag.py took 0.097 seconds
[2026-09-08T05:04:36.549+0000] {processor.py:186} INFO - Started process (PID=998) to work on /opt/airflow/dags/01_hello_dag.py
[2026-09-08T05:04:36.549+0000] {processor.py:914} INFO - Processing file /opt/airflow/dags/01_hello_dag.py for tasks to queue
[2026-09-08T05:04:36.550+0000] {logging_mixin.py:190} INFO - [2026-09-08T05:04:36.550+0000] {dagbag.py:588} INFO - Filling up the DagBag from /opt/airflow/dags/01_hello_dag.py
[2026-09-08T05:04:36.579+0000] {processor.py:925} INFO - DAG(s) 'hello_dag' retrieved from /opt/airflow/dags/01_hello_dag.py
[2026-09-08T05:04:36.612+0000] {logging_mixin.py:190} INFO - [2026-09-08T05:04:36.612+0000] {dag.py:3239} INFO - Sync 1 DAGs
[2026-09-08T05:04:36.633+0000] {logging_mixin.py:190} INFO - [2026-09-08T05:04:36.633+0000] {dag.py:4180} INFO - Setting next_dagrun for hello_dag to None, run_after=None
[2026-09-08T05:04:36.656+0000] {processor.py:208} INFO - Processing /opt/airflow/dags/01_hello_dag.py took 0.114 seconds
[2026-09-08T05:05:07.621+0000] {processor.py:186} INFO - Started process (PID=1012) to work on /opt/airflow/dags/01_hello_dag.py
[2026-09-08T05:05:07.622+0000] {processor.py:914} INFO - Processing file /opt/airflow/dags/01_hello_dag.py for tasks to queue
[2026-09-08T05:05:07.624+0000] {logging_mixin.py:190} INFO - [2026-09-08T05:05:07.623+0000] {dagbag.py:588} INFO - Filling up the DagBag from /opt/airflow/dags/01_hello_dag.py
[2026-09-08T05:05:07.659+0000] {processor.py:925} INFO - DAG(s) 'hello_dag' retrieved from /opt/airflow/dags/01_hello_dag.py
[2026-09-08T05:05:07.691+0000] {logging_mixin.py:190} INFO - [2026-09-08T05:05:07.690+0000] {dag.py:3239} INFO - Sync 1 DAGs
[2026-09-08T05:05:07.713+0000] {logging_mixin.py:190} INFO - [2026-09-08T05:05:07.712+0000] {dag.py:4180} INFO - Setting next_dagrun for hello_dag to None, run_after=None
[2026-09-08T05:05:07.745+0000] {processor.py:208} INFO - Processing /opt/airflow/dags/01_hello_dag.py took 0.131 seconds
[2026-09-08T05:05:38.710+0000] {processor.py:186} INFO - Started process (PID=1026) to work on /opt/airflow/dags/01_hello_dag.py
[2026-09-08T05:05:38.711+0000] {processor.py:914} INFO - Processing file /opt/airflow/dags/01_hello_dag.py for tasks to queue
[2026-09-08T05:05:38.712+0000] {logging_mixin.py:190} INFO - [2026-09-08T05:05:38.712+0000] {dagbag.py:588} INFO - Filling up the DagBag from /opt/airflow/dags/01_hello_dag.py
[2026-09-08T05:05:38.736+0000] {processor.py:925} INFO - DAG(s) 'hello_dag' retrieved from /opt/airflow/dags/01_hello_dag.py
[2026-09-08T05:05:38.771+0000] {logging_mixin.py:190} INFO - [2026-09-08T05:05:38.770+0000] {dag.py:3239} INFO - Sync 1 DAGs
[2026-09-08T05:05:38.785+0000] {logging_mixin.py:190} INFO - [2026-09-08T05:05:38.784+0000] {dag.py:4180} INFO - Setting next_dagrun for hello_dag to None, run_after=None
[2026-09-08T05:05:38.817+0000] {processor.py:208} INFO - Processing /opt/airflow/dags/01_hello_dag.py took 0.113 seconds
[2026-09-08T05:06:09.008+0000] {processor.py:186} INFO - Started process (PID=1041) to work on /opt/airflow/dags/01_hello_dag.py
[2026-09-08T05:06:09.009+0000] {processor.py:914} INFO - Processing file /opt/airflow/dags/01_hello_dag.py for tasks to queue
[2026-09-08T05:06:09.010+0000] {logging_mixin.py:190} INFO - [2026-09-08T05:06:09.010+0000] {dagbag.py:588} INFO - Filling up the DagBag from /opt/airflow/dags/01_hello_dag.py
[2026-09-08T05:06:09.031+0000] {processor.py:925} INFO - DAG(s) 'hello_dag' retrieved from /opt/airflow/dags/01_hello_dag.py
[2026-09-08T05:06:09.056+0000] {logging_mixin.py:190} INFO - [2026-09-08T05:06:09.055+0000] {dag.py:3239} INFO - Sync 1 DAGs
[2026-09-08T05:06:09.072+0000] {logging_mixin.py:190} INFO - [2026-09-08T05:06:09.072+0000] {dag.py:4180} INFO - Setting next_dagrun for hello_dag to None, run_after=None
[2026-09-08T05:06:09.093+0000] {processor.py:208} INFO - Processing /opt/airflow/dags/01_hello_dag.py took 0.090 seconds
[2026-09-08T05:06:39.160+0000] {processor.py:186} INFO - Started process (PID=1055) to work on /opt/airflow/dags/01_hello_dag.py
[2026-09-08T05:06:39.161+0000] {processor.py:914} INFO - Processing file /opt/airflow/dags/01_hello_dag.py for tasks to queue
[2026-09-08T05:06:39.162+0000] {logging_mixin.py:190} INFO - [2026-09-08T05:06:39.162+0000] {dagbag.py:588} INFO - Filling up the DagBag from /opt/airflow/dags/01_hello_dag.py
[2026-09-08T05:06:39.177+0000] {processor.py:925} INFO - DAG(s) 'hello_dag' retrieved from /opt/airflow/dags/01_hello_dag.py
[2026-09-08T05:06:39.204+0000] {logging_mixin.py:190} INFO - [2026-09-08T05:06:39.203+0000] {dag.py:3239} INFO - Sync 1 DAGs
[2026-09-08T05:06:39.217+0000] {logging_mixin.py:190} INFO - [2026-09-08T05:06:39.217+0000] {dag.py:4180} INFO - Setting next_dagrun for hello_dag to None, run_after=None
[2026-09-08T05:06:39.241+0000] {processor.py:208} INFO - Processing /opt/airflow/dags/01_hello_dag.py took 0.088 seconds
[2026-09-08T05:07:09.890+0000] {processor.py:186} INFO - Started process (PID=1069) to work on /opt/airflow/dags/01_hello_dag.py
[2026-09-08T05:07:09.898+0000] {processor.py:914} INFO - Processing file /opt/airflow/dags/01_hello_dag.py for tasks to queue
[2026-09-08T05:07:09.901+0000] {logging_mixin.py:190} INFO - [2026-09-08T05:07:09.900+0000] {dagbag.py:588} INFO - Filling up the DagBag from /opt/airflow/dags/01_hello_dag.py
[2026-09-08T05:07:09.930+0000] {processor.py:925} INFO - DAG(s) 'hello_dag' retrieved from /opt/airflow/dags/01_hello_dag.py
[2026-09-08T05:07:09.970+0000] {logging_mixin.py:190} INFO - [2026-09-08T05:07:09.970+0000] {dag.py:3239} INFO - Sync 1 DAGs
[2026-09-08T05:07:09.987+0000] {logging_mixin.py:190} INFO - [2026-09-08T05:07:09.987+0000] {dag.py:4180} INFO - Setting next_dagrun for hello_dag to None, run_after=None
[2026-09-08T05:07:10.033+0000] {processor.py:208} INFO - Processing /opt/airflow/dags/01_hello_dag.py took 0.151 seconds
[2026-09-08T05:07:40.388+0000] {processor.py:186} INFO - Started process (PID=1083) to work on /opt/airflow/dags/01_hello_dag.py
[2026-09-08T05:07:40.391+0000] {processor.py:914} INFO - Processing file /opt/airflow/dags/01_hello_dag.py for tasks to queue
[2026-09-08T05:07:40.400+0000] {logging_mixin.py:190} INFO - [2026-09-08T05:07:40.399+0000] {dagbag.py:588} INFO - Filling up the DagBag from /opt/airflow/dags/01_hello_dag.py
[2026-09-08T05:07:40.422+0000] {processor.py:925} INFO - DAG(s) 'hello_dag' retrieved from /opt/airflow/dags/01_hello_dag.py
[2026-09-08T05:07:40.471+0000] {logging_mixin.py:190} INFO - [2026-09-08T05:07:40.471+0000] {dag.py:3239} INFO - Sync 1 DAGs
[2026-09-08T05:07:40.506+0000] {logging_mixin.py:190} INFO - [2026-09-08T05:07:40.505+0000] {dag.py:4180} INFO - Setting next_dagrun for hello_dag to None, run_after=None
[2026-09-08T05:07:40.546+0000] {processor.py:208} INFO - Processing /opt/airflow/dags/01_hello_dag.py took 0.166 seconds
[2026-09-08T05:08:10.883+0000] {processor.py:186} INFO - Started process (PID=1097) to work on /opt/airflow/dags/01_hello_dag.py
[2026-09-08T05:08:10.885+0000] {processor.py:914} INFO - Processing file /opt/airflow/dags/01_hello_dag.py for tasks to queue
[2026-09-08T05:08:10.887+0000] {logging_mixin.py:190} INFO - [2026-09-08T05:08:10.886+0000] {dagbag.py:588} INFO - Filling up the DagBag from /opt/airflow/dags/01_hello_dag.py
[2026-09-08T05:08:10.914+0000] {processor.py:925} INFO - DAG(s) 'hello_dag' retrieved from /opt/airflow/dags/01_hello_dag.py
[2026-09-08T05:08:10.965+0000] {logging_mixin.py:190} INFO - [2026-09-08T05:08:10.965+0000] {dag.py:3239} INFO - Sync 1 DAGs
[2026-09-08T05:08:10.983+0000] {logging_mixin.py:190} INFO - [2026-09-08T05:08:10.983+0000] {dag.py:4180} INFO - Setting next_dagrun for hello_dag to None, run_after=None
[2026-09-08T05:08:11.016+0000] {processor.py:208} INFO - Processing /opt/airflow/dags/01_hello_dag.py took 0.140 seconds
[2026-09-08T05:08:41.462+0000] {processor.py:186} INFO - Started process (PID=1111) to work on /opt/airflow/dags/01_hello_dag.py
[2026-09-08T05:08:41.463+0000] {processor.py:914} INFO - Processing file /opt/airflow/dags/01_hello_dag.py for tasks to queue
[2026-09-08T05:08:41.465+0000] {logging_mixin.py:190} INFO - [2026-09-08T05:08:41.465+0000] {dagbag.py:588} INFO - Filling up the DagBag from /opt/airflow/dags/01_hello_dag.py
[2026-09-08T05:08:41.482+0000] {processor.py:925} INFO - DAG(s) 'hello_dag' retrieved from /opt/airflow/dags/01_hello_dag.py
[2026-09-08T05:08:41.511+0000] {logging_mixin.py:190} INFO - [2026-09-08T05:08:41.511+0000] {dag.py:3239} INFO - Sync 1 DAGs
[2026-09-08T05:08:41.530+0000] {logging_mixin.py:190} INFO - [2026-09-08T05:08:41.530+0000] {dag.py:4180} INFO - Setting next_dagrun for hello_dag to None, run_after=None
[2026-09-08T05:08:41.567+0000] {processor.py:208} INFO - Processing /opt/airflow/dags/01_hello_dag.py took 0.114 seconds
[2026-09-08T05:09:12.246+0000] {processor.py:186} INFO - Started process (PID=1125) to work on /opt/airflow/dags/01_hello_dag.py
[2026-09-08T05:09:12.247+0000] {processor.py:914} INFO - Processing file /opt/airflow/dags/01_hello_dag.py for tasks to queue
[2026-09-08T05:09:12.252+0000] {logging_mixin.py:190} INFO - [2026-09-08T05:09:12.248+0000] {dagbag.py:588} INFO - Filling up the DagBag from /opt/airflow/dags/01_hello_dag.py
[2026-09-08T05:09:12.293+0000] {processor.py:925} INFO - DAG(s) 'hello_dag' retrieved from /opt/airflow/dags/01_hello_dag.py
[2026-09-08T05:09:12.337+0000] {logging_mixin.py:190} INFO - [2026-09-08T05:09:12.337+0000] {dag.py:3239} INFO - Sync 1 DAGs
[2026-09-08T05:09:12.364+0000] {logging_mixin.py:190} INFO - [2026-09-08T05:09:12.364+0000] {dag.py:4180} INFO - Setting next_dagrun for hello_dag to None, run_after=None
[2026-09-08T05:09:12.400+0000] {processor.py:208} INFO - Processing /opt/airflow/dags/01_hello_dag.py took 0.161 seconds
[2026-09-08T05:09:43.249+0000] {processor.py:186} INFO - Started process (PID=1139) to work on /opt/airflow/dags/01_hello_dag.py
[2026-09-08T05:09:43.254+0000] {processor.py:914} INFO - Processing file /opt/airflow/dags/01_hello_dag.py for tasks to queue
[2026-09-08T05:09:43.256+0000] {logging_mixin.py:190} INFO - [2026-09-08T05:09:43.255+0000] {dagbag.py:588} INFO - Filling up the DagBag from /opt/airflow/dags/01_hello_dag.py
[2026-09-08T05:09:43.278+0000] {processor.py:925} INFO - DAG(s) 'hello_dag' retrieved from /opt/airflow/dags/01_hello_dag.py
[2026-09-08T05:09:43.325+0000] {logging_mixin.py:190} INFO - [2026-09-08T05:09:43.325+0000] {dag.py:3239} INFO - Sync 1 DAGs
[2026-09-08T05:09:43.342+0000] {logging_mixin.py:190} INFO - [2026-09-08T05:09:43.341+0000] {dag.py:4180} INFO - Setting next_dagrun for hello_dag to None, run_after=None
[2026-09-08T05:09:43.372+0000] {processor.py:208} INFO - Processing /opt/airflow/dags/01_hello_dag.py took 0.131 seconds
[2026-09-08T05:10:13.731+0000] {processor.py:186} INFO - Started process (PID=1153) to work on /opt/airflow/dags/01_hello_dag.py
[2026-09-08T05:10:13.733+0000] {processor.py:914} INFO - Processing file /opt/airflow/dags/01_hello_dag.py for tasks to queue
[2026-09-08T05:10:13.736+0000] {logging_mixin.py:190} INFO - [2026-09-08T05:10:13.735+0000] {dagbag.py:588} INFO - Filling up the DagBag from /opt/airflow/dags/01_hello_dag.py
[2026-09-08T05:10:13.774+0000] {processor.py:925} INFO - DAG(s) 'hello_dag' retrieved from /opt/airflow/dags/01_hello_dag.py
[2026-09-08T05:10:13.828+0000] {logging_mixin.py:190} INFO - [2026-09-08T05:10:13.828+0000] {dag.py:3239} INFO - Sync 1 DAGs
[2026-09-08T05:10:13.851+0000] {logging_mixin.py:190} INFO - [2026-09-08T05:10:13.851+0000] {dag.py:4180} INFO - Setting next_dagrun for hello_dag to None, run_after=None
[2026-09-08T05:10:13.890+0000] {processor.py:208} INFO - Processing /opt/airflow/dags/01_hello_dag.py took 0.166 seconds
[2026-09-08T05:10:43.971+0000] {processor.py:186} INFO - Started process (PID=1167) to work on /opt/airflow/dags/01_hello_dag.py
[2026-09-08T05:10:43.971+0000] {processor.py:914} INFO - Processing file /opt/airflow/dags/01_hello_dag.py for tasks to queue
[2026-09-08T05:10:43.974+0000] {logging_mixin.py:190} INFO - [2026-09-08T05:10:43.974+0000] {dagbag.py:588} INFO - Filling up the DagBag from /opt/airflow/dags/01_hello_dag.py
[2026-09-08T05:10:44.000+0000] {processor.py:925} INFO - DAG(s) 'hello_dag' retrieved from /opt/airflow/dags/01_hello_dag.py
[2026-09-08T05:10:44.032+0000] {logging_mixin.py:190} INFO - [2026-09-08T05:10:44.032+0000] {dag.py:3239} INFO - Sync 1 DAGs
[2026-09-08T05:10:44.046+0000] {logging_mixin.py:190} INFO - [2026-09-08T05:10:44.046+0000] {dag.py:4180} INFO - Setting next_dagrun for hello_dag to None, run_after=None
[2026-09-08T05:10:44.071+0000] {processor.py:208} INFO - Processing /opt/airflow/dags/01_hello_dag.py took 0.108 seconds
[2026-09-08T05:11:14.234+0000] {processor.py:186} INFO - Started process (PID=1181) to work on /opt/airflow/dags/01_hello_dag.py
[2026-09-08T05:11:14.234+0000] {processor.py:914} INFO - Processing file /opt/airflow/dags/01_hello_dag.py for tasks to queue
[2026-09-08T05:11:14.237+0000] {logging_mixin.py:190} INFO - [2026-09-08T05:11:14.236+0000] {dagbag.py:588} INFO - Filling up the DagBag from /opt/airflow/dags/01_hello_dag.py
[2026-09-08T05:11:14.262+0000] {processor.py:925} INFO - DAG(s) 'hello_dag' retrieved from /opt/airflow/dags/01_hello_dag.py
[2026-09-08T05:11:14.293+0000] {logging_mixin.py:190} INFO - [2026-09-08T05:11:14.292+0000] {dag.py:3239} INFO - Sync 1 DAGs
[2026-09-08T05:11:14.308+0000] {logging_mixin.py:190} INFO - [2026-09-08T05:11:14.308+0000] {dag.py:4180} INFO - Setting next_dagrun for hello_dag to None, run_after=None
[2026-09-08T05:11:14.334+0000] {processor.py:208} INFO - Processing /opt/airflow/dags/01_hello_dag.py took 0.108 seconds
[2026-09-08T05:11:44.508+0000] {processor.py:186} INFO - Started process (PID=1195) to work on /opt/airflow/dags/01_hello_dag.py
[2026-09-08T05:11:44.508+0000] {processor.py:914} INFO - Processing file /opt/airflow/dags/01_hello_dag.py for tasks to queue
[2026-09-08T05:11:44.513+0000] {logging_mixin.py:190} INFO - [2026-09-08T05:11:44.512+0000] {dagbag.py:588} INFO - Filling up the DagBag from /opt/airflow/dags/01_hello_dag.py
[2026-09-08T05:11:44.532+0000] {processor.py:925} INFO - DAG(s) 'hello_dag' retrieved from /opt/airflow/dags/01_hello_dag.py
[2026-09-08T05:11:44.564+0000] {logging_mixin.py:190} INFO - [2026-09-08T05:11:44.563+0000] {dag.py:3239} INFO - Sync 1 DAGs
[2026-09-08T05:11:44.578+0000] {logging_mixin.py:190} INFO - [2026-09-08T05:11:44.578+0000] {dag.py:4180} INFO - Setting next_dagrun for hello_dag to None, run_after=None
[2026-09-08T05:11:44.602+0000] {processor.py:208} INFO - Processing /opt/airflow/dags/01_hello_dag.py took 0.100 seconds
[2026-09-08T05:12:15.249+0000] {processor.py:186} INFO - Started process (PID=1208) to work on /opt/airflow/dags/01_hello_dag.py
[2026-09-08T05:12:15.253+0000] {processor.py:914} INFO - Processing file /opt/airflow/dags/01_hello_dag.py for tasks to queue
[2026-09-08T05:12:15.255+0000] {logging_mixin.py:190} INFO - [2026-09-08T05:12:15.254+0000] {dagbag.py:588} INFO - Filling up the DagBag from /opt/airflow/dags/01_hello_dag.py
[2026-09-08T05:12:15.286+0000] {processor.py:925} INFO - DAG(s) 'hello_dag' retrieved from /opt/airflow/dags/01_hello_dag.py
[2026-09-08T05:12:15.327+0000] {logging_mixin.py:190} INFO - [2026-09-08T05:12:15.327+0000] {dag.py:3239} INFO - Sync 1 DAGs
[2026-09-08T05:12:15.344+0000] {logging_mixin.py:190} INFO - [2026-09-08T05:12:15.343+0000] {dag.py:4180} INFO - Setting next_dagrun for hello_dag to None, run_after=None
[2026-09-08T05:12:15.369+0000] {processor.py:208} INFO - Processing /opt/airflow/dags/01_hello_dag.py took 0.131 seconds
[2026-09-08T05:12:46.128+0000] {processor.py:186} INFO - Started process (PID=1222) to work on /opt/airflow/dags/01_hello_dag.py
[2026-09-08T05:12:46.129+0000] {processor.py:914} INFO - Processing file /opt/airflow/dags/01_hello_dag.py for tasks to queue
[2026-09-08T05:12:46.130+0000] {logging_mixin.py:190} INFO - [2026-09-08T05:12:46.130+0000] {dagbag.py:588} INFO - Filling up the DagBag from /opt/airflow/dags/01_hello_dag.py
[2026-09-08T05:12:46.161+0000] {processor.py:925} INFO - DAG(s) 'hello_dag' retrieved from /opt/airflow/dags/01_hello_dag.py
[2026-09-08T05:12:46.200+0000] {logging_mixin.py:190} INFO - [2026-09-08T05:12:46.200+0000] {dag.py:3239} INFO - Sync 1 DAGs
[2026-09-08T05:12:46.221+0000] {logging_mixin.py:190} INFO - [2026-09-08T05:12:46.220+0000] {dag.py:4180} INFO - Setting next_dagrun for hello_dag to None, run_after=None
[2026-09-08T05:12:46.257+0000] {processor.py:208} INFO - Processing /opt/airflow/dags/01_hello_dag.py took 0.135 seconds
[2026-09-08T05:13:16.720+0000] {processor.py:186} INFO - Started process (PID=1236) to work on /opt/airflow/dags/01_hello_dag.py
[2026-09-08T05:13:16.721+0000] {processor.py:914} INFO - Processing file /opt/airflow/dags/01_hello_dag.py for tasks to queue
[2026-09-08T05:13:16.723+0000] {logging_mixin.py:190} INFO - [2026-09-08T05:13:16.723+0000] {dagbag.py:588} INFO - Filling up the DagBag from /opt/airflow/dags/01_hello_dag.py
[2026-09-08T05:13:16.781+0000] {processor.py:925} INFO - DAG(s) 'hello_dag' retrieved from /opt/airflow/dags/01_hello_dag.py
[2026-09-08T05:13:16.829+0000] {logging_mixin.py:190} INFO - [2026-09-08T05:13:16.829+0000] {dag.py:3239} INFO - Sync 1 DAGs
[2026-09-08T05:13:16.868+0000] {logging_mixin.py:190} INFO - [2026-09-08T05:13:16.867+0000] {dag.py:4180} INFO - Setting next_dagrun for hello_dag to None, run_after=None
[2026-09-08T05:13:16.921+0000] {processor.py:208} INFO - Processing /opt/airflow/dags/01_hello_dag.py took 0.223 seconds
[2026-09-08T05:13:47.128+0000] {processor.py:186} INFO - Started process (PID=1250) to work on /opt/airflow/dags/01_hello_dag.py
[2026-09-08T05:13:47.128+0000] {processor.py:914} INFO - Processing file /opt/airflow/dags/01_hello_dag.py for tasks to queue
[2026-09-08T05:13:47.130+0000] {logging_mixin.py:190} INFO - [2026-09-08T05:13:47.129+0000] {dagbag.py:588} INFO - Filling up the DagBag from /opt/airflow/dags/01_hello_dag.py
[2026-09-08T05:13:47.157+0000] {processor.py:925} INFO - DAG(s) 'hello_dag' retrieved from /opt/airflow/dags/01_hello_dag.py
[2026-09-08T05:13:47.204+0000] {logging_mixin.py:190} INFO - [2026-09-08T05:13:47.204+0000] {dag.py:3239} INFO - Sync 1 DAGs
[2026-09-08T05:13:47.235+0000] {logging_mixin.py:190} INFO - [2026-09-08T05:13:47.235+0000] {dag.py:4180} INFO - Setting next_dagrun for hello_dag to None, run_after=None
[2026-09-08T05:13:47.268+0000] {processor.py:208} INFO - Processing /opt/airflow/dags/01_hello_dag.py took 0.148 seconds
[2026-09-08T05:14:17.640+0000] {processor.py:186} INFO - Started process (PID=1264) to work on /opt/airflow/dags/01_hello_dag.py
[2026-09-08T05:14:17.644+0000] {processor.py:914} INFO - Processing file /opt/airflow/dags/01_hello_dag.py for tasks to queue
[2026-09-08T05:14:17.647+0000] {logging_mixin.py:190} INFO - [2026-09-08T05:14:17.646+0000] {dagbag.py:588} INFO - Filling up the DagBag from /opt/airflow/dags/01_hello_dag.py
[2026-09-08T05:14:17.667+0000] {processor.py:925} INFO - DAG(s) 'hello_dag' retrieved from /opt/airflow/dags/01_hello_dag.py
[2026-09-08T05:14:17.707+0000] {logging_mixin.py:190} INFO - [2026-09-08T05:14:17.706+0000] {dag.py:3239} INFO - Sync 1 DAGs
[2026-09-08T05:14:17.728+0000] {logging_mixin.py:190} INFO - [2026-09-08T05:14:17.728+0000] {dag.py:4180} INFO - Setting next_dagrun for hello_dag to None, run_after=None
[2026-09-08T05:14:17.761+0000] {processor.py:208} INFO - Processing /opt/airflow/dags/01_hello_dag.py took 0.128 seconds
[2026-09-08T05:14:48.111+0000] {processor.py:186} INFO - Started process (PID=1277) to work on /opt/airflow/dags/01_hello_dag.py
[2026-09-08T05:14:48.112+0000] {processor.py:914} INFO - Processing file /opt/airflow/dags/01_hello_dag.py for tasks to queue
[2026-09-08T05:14:48.115+0000] {logging_mixin.py:190} INFO - [2026-09-08T05:14:48.114+0000] {dagbag.py:588} INFO - Filling up the DagBag from /opt/airflow/dags/01_hello_dag.py
[2026-09-08T05:14:48.135+0000] {processor.py:925} INFO - DAG(s) 'hello_dag' retrieved from /opt/airflow/dags/01_hello_dag.py
[2026-09-08T05:14:48.167+0000] {logging_mixin.py:190} INFO - [2026-09-08T05:14:48.166+0000] {dag.py:3239} INFO - Sync 1 DAGs
[2026-09-08T05:14:48.185+0000] {logging_mixin.py:190} INFO - [2026-09-08T05:14:48.184+0000] {dag.py:4180} INFO - Setting next_dagrun for hello_dag to None, run_after=None
[2026-09-08T05:14:48.208+0000] {processor.py:208} INFO - Processing /opt/airflow/dags/01_hello_dag.py took 0.104 seconds
[2026-09-08T05:15:18.324+0000] {processor.py:186} INFO - Started process (PID=1291) to work on /opt/airflow/dags/01_hello_dag.py
[2026-09-08T05:15:18.325+0000] {processor.py:914} INFO - Processing file /opt/airflow/dags/01_hello_dag.py for tasks to queue
[2026-09-08T05:15:18.326+0000] {logging_mixin.py:190} INFO - [2026-09-08T05:15:18.326+0000] {dagbag.py:588} INFO - Filling up the DagBag from /opt/airflow/dags/01_hello_dag.py
[2026-09-08T05:15:18.340+0000] {processor.py:925} INFO - DAG(s) 'hello_dag' retrieved from /opt/airflow/dags/01_hello_dag.py
[2026-09-08T05:15:18.364+0000] {logging_mixin.py:190} INFO - [2026-09-08T05:15:18.364+0000] {dag.py:3239} INFO - Sync 1 DAGs
[2026-09-08T05:15:18.377+0000] {logging_mixin.py:190} INFO - [2026-09-08T05:15:18.376+0000] {dag.py:4180} INFO - Setting next_dagrun for hello_dag to None, run_after=None
[2026-09-08T05:15:18.395+0000] {processor.py:208} INFO - Processing /opt/airflow/dags/01_hello_dag.py took 0.077 seconds
[2026-09-08T05:15:48.892+0000] {processor.py:186} INFO - Started process (PID=1306) to work on /opt/airflow/dags/01_hello_dag.py
[2026-09-08T05:15:48.893+0000] {processor.py:914} INFO - Processing file /opt/airflow/dags/01_hello_dag.py for tasks to queue
[2026-09-08T05:15:48.895+0000] {logging_mixin.py:190} INFO - [2026-09-08T05:15:48.894+0000] {dagbag.py:588} INFO - Filling up the DagBag from /opt/airflow/dags/01_hello_dag.py
[2026-09-08T05:15:48.911+0000] {processor.py:925} INFO - DAG(s) 'hello_dag' retrieved from /opt/airflow/dags/01_hello_dag.py
[2026-09-08T05:15:48.935+0000] {logging_mixin.py:190} INFO - [2026-09-08T05:15:48.935+0000] {dag.py:3239} INFO - Sync 1 DAGs
[2026-09-08T05:15:48.947+0000] {logging_mixin.py:190} INFO - [2026-09-08T05:15:48.947+0000] {dag.py:4180} INFO - Setting next_dagrun for hello_dag to None, run_after=None
[2026-09-08T05:15:48.966+0000] {processor.py:208} INFO - Processing /opt/airflow/dags/01_hello_dag.py took 0.080 seconds
[2026-09-08T05:16:19.527+0000] {processor.py:186} INFO - Started process (PID=1320) to work on /opt/airflow/dags/01_hello_dag.py
[2026-09-08T05:16:19.528+0000] {processor.py:914} INFO - Processing file /opt/airflow/dags/01_hello_dag.py for tasks to queue
[2026-09-08T05:16:19.529+0000] {logging_mixin.py:190} INFO - [2026-09-08T05:16:19.529+0000] {dagbag.py:588} INFO - Filling up the DagBag from /opt/airflow/dags/01_hello_dag.py
[2026-09-08T05:16:19.544+0000] {processor.py:925} INFO - DAG(s) 'hello_dag' retrieved from /opt/airflow/dags/01_hello_dag.py
[2026-09-08T05:16:19.567+0000] {logging_mixin.py:190} INFO - [2026-09-08T05:16:19.566+0000] {dag.py:3239} INFO - Sync 1 DAGs
[2026-09-08T05:16:19.581+0000] {logging_mixin.py:190} INFO - [2026-09-08T05:16:19.581+0000] {dag.py:4180} INFO - Setting next_dagrun for hello_dag to None, run_after=None
[2026-09-08T05:16:19.599+0000] {processor.py:208} INFO - Processing /opt/airflow/dags/01_hello_dag.py took 0.077 seconds
[2026-09-08T05:16:50.129+0000] {processor.py:186} INFO - Started process (PID=1334) to work on /opt/airflow/dags/01_hello_dag.py
[2026-09-08T05:16:50.130+0000] {processor.py:914} INFO - Processing file /opt/airflow/dags/01_hello_dag.py for tasks to queue
[2026-09-08T05:16:50.131+0000] {logging_mixin.py:190} INFO - [2026-09-08T05:16:50.131+0000] {dagbag.py:588} INFO - Filling up the DagBag from /opt/airflow/dags/01_hello_dag.py
[2026-09-08T05:16:50.147+0000] {processor.py:925} INFO - DAG(s) 'hello_dag' retrieved from /opt/airflow/dags/01_hello_dag.py
[2026-09-08T05:16:50.183+0000] {logging_mixin.py:190} INFO - [2026-09-08T05:16:50.183+0000] {dag.py:3239} INFO - Sync 1 DAGs
[2026-09-08T05:16:50.200+0000] {logging_mixin.py:190} INFO - [2026-09-08T05:16:50.199+0000] {dag.py:4180} INFO - Setting next_dagrun for hello_dag to None, run_after=None
[2026-09-08T05:16:50.224+0000] {processor.py:208} INFO - Processing /opt/airflow/dags/01_hello_dag.py took 0.101 seconds
[2026-09-08T05:17:20.289+0000] {processor.py:186} INFO - Started process (PID=1349) to work on /opt/airflow/dags/01_hello_dag.py
[2026-09-08T05:17:20.289+0000] {processor.py:914} INFO - Processing file /opt/airflow/dags/01_hello_dag.py for tasks to queue
[2026-09-08T05:17:20.291+0000] {logging_mixin.py:190} INFO - [2026-09-08T05:17:20.290+0000] {dagbag.py:588} INFO - Filling up the DagBag from /opt/airflow/dags/01_hello_dag.py
[2026-09-08T05:17:20.306+0000] {processor.py:925} INFO - DAG(s) 'hello_dag' retrieved from /opt/airflow/dags/01_hello_dag.py
[2026-09-08T05:17:20.342+0000] {logging_mixin.py:190} INFO - [2026-09-08T05:17:20.342+0000] {dag.py:3239} INFO - Sync 1 DAGs
[2026-09-08T05:17:20.364+0000] {logging_mixin.py:190} INFO - [2026-09-08T05:17:20.363+0000] {dag.py:4180} INFO - Setting next_dagrun for hello_dag to None, run_after=None
[2026-09-08T05:17:20.389+0000] {processor.py:208} INFO - Processing /opt/airflow/dags/01_hello_dag.py took 0.105 seconds
[2026-09-08T05:17:50.526+0000] {processor.py:186} INFO - Started process (PID=1363) to work on /opt/airflow/dags/01_hello_dag.py
[2026-09-08T05:17:50.526+0000] {processor.py:914} INFO - Processing file /opt/airflow/dags/01_hello_dag.py for tasks to queue
[2026-09-08T05:17:50.528+0000] {logging_mixin.py:190} INFO - [2026-09-08T05:17:50.528+0000] {dagbag.py:588} INFO - Filling up the DagBag from /opt/airflow/dags/01_hello_dag.py
[2026-09-08T05:17:50.546+0000] {processor.py:925} INFO - DAG(s) 'hello_dag' retrieved from /opt/airflow/dags/01_hello_dag.py
[2026-09-08T05:17:50.579+0000] {logging_mixin.py:190} INFO - [2026-09-08T05:17:50.579+0000] {dag.py:3239} INFO - Sync 1 DAGs
[2026-09-08T05:17:50.595+0000] {logging_mixin.py:190} INFO - [2026-09-08T05:17:50.595+0000] {dag.py:4180} INFO - Setting next_dagrun for hello_dag to None, run_after=None
[2026-09-08T05:17:50.618+0000] {processor.py:208} INFO - Processing /opt/airflow/dags/01_hello_dag.py took 0.099 seconds
[2026-09-08T05:18:21.251+0000] {processor.py:186} INFO - Started process (PID=1377) to work on /opt/airflow/dags/01_hello_dag.py
[2026-09-08T05:18:21.252+0000] {processor.py:914} INFO - Processing file /opt/airflow/dags/01_hello_dag.py for tasks to queue
[2026-09-08T05:18:21.253+0000] {logging_mixin.py:190} INFO - [2026-09-08T05:18:21.253+0000] {dagbag.py:588} INFO - Filling up the DagBag from /opt/airflow/dags/01_hello_dag.py
[2026-09-08T05:18:21.268+0000] {processor.py:925} INFO - DAG(s) 'hello_dag' retrieved from /opt/airflow/dags/01_hello_dag.py
[2026-09-08T05:18:21.293+0000] {logging_mixin.py:190} INFO - [2026-09-08T05:18:21.293+0000] {dag.py:3239} INFO - Sync 1 DAGs
[2026-09-08T05:18:21.306+0000] {logging_mixin.py:190} INFO - [2026-09-08T05:18:21.306+0000] {dag.py:4180} INFO - Setting next_dagrun for hello_dag to None, run_after=None
[2026-09-08T05:18:21.326+0000] {processor.py:208} INFO - Processing /opt/airflow/dags/01_hello_dag.py took 0.083 seconds
[2026-09-08T05:18:51.883+0000] {processor.py:186} INFO - Started process (PID=1391) to work on /opt/airflow/dags/01_hello_dag.py
[2026-09-08T05:18:51.883+0000] {processor.py:914} INFO - Processing file /opt/airflow/dags/01_hello_dag.py for tasks to queue
[2026-09-08T05:18:51.884+0000] {logging_mixin.py:190} INFO - [2026-09-08T05:18:51.884+0000] {dagbag.py:588} INFO - Filling up the DagBag from /opt/airflow/dags/01_hello_dag.py
[2026-09-08T05:18:51.899+0000] {processor.py:925} INFO - DAG(s) 'hello_dag' retrieved from /opt/airflow/dags/01_hello_dag.py
[2026-09-08T05:18:51.925+0000] {logging_mixin.py:190} INFO - [2026-09-08T05:18:51.925+0000] {dag.py:3239} INFO - Sync 1 DAGs
[2026-09-08T05:18:51.938+0000] {logging_mixin.py:190} INFO - [2026-09-08T05:18:51.938+0000] {dag.py:4180} INFO - Setting next_dagrun for hello_dag to None, run_after=None
[2026-09-08T05:18:51.959+0000] {processor.py:208} INFO - Processing /opt/airflow/dags/01_hello_dag.py took 0.082 seconds
[2026-09-08T05:19:22.376+0000] {processor.py:186} INFO - Started process (PID=1405) to work on /opt/airflow/dags/01_hello_dag.py
[2026-09-08T05:19:22.377+0000] {processor.py:914} INFO - Processing file /opt/airflow/dags/01_hello_dag.py for tasks to queue
[2026-09-08T05:19:22.378+0000] {logging_mixin.py:190} INFO - [2026-09-08T05:19:22.378+0000] {dagbag.py:588} INFO - Filling up the DagBag from /opt/airflow/dags/01_hello_dag.py
[2026-09-08T05:19:22.392+0000] {processor.py:925} INFO - DAG(s) 'hello_dag' retrieved from /opt/airflow/dags/01_hello_dag.py
[2026-09-08T05:19:22.414+0000] {logging_mixin.py:190} INFO - [2026-09-08T05:19:22.414+0000] {dag.py:3239} INFO - Sync 1 DAGs
[2026-09-08T05:19:22.427+0000] {logging_mixin.py:190} INFO - [2026-09-08T05:19:22.426+0000] {dag.py:4180} INFO - Setting next_dagrun for hello_dag to None, run_after=None
[2026-09-08T05:19:22.445+0000] {processor.py:208} INFO - Processing /opt/airflow/dags/01_hello_dag.py took 0.074 seconds
[2026-09-08T05:19:52.959+0000] {processor.py:186} INFO - Started process (PID=1419) to work on /opt/airflow/dags/01_hello_dag.py
[2026-09-08T05:19:52.960+0000] {processor.py:914} INFO - Processing file /opt/airflow/dags/01_hello_dag.py for tasks to queue
[2026-09-08T05:19:52.961+0000] {logging_mixin.py:190} INFO - [2026-09-08T05:19:52.960+0000] {dagbag.py:588} INFO - Filling up the DagBag from /opt/airflow/dags/01_hello_dag.py
[2026-09-08T05:19:52.976+0000] {processor.py:925} INFO - DAG(s) 'hello_dag' retrieved from /opt/airflow/dags/01_hello_dag.py
[2026-09-08T05:19:52.997+0000] {logging_mixin.py:190} INFO - [2026-09-08T05:19:52.997+0000] {dag.py:3239} INFO - Sync 1 DAGs
[2026-09-08T05:19:53.011+0000] {logging_mixin.py:190} INFO - [2026-09-08T05:19:53.011+0000] {dag.py:4180} INFO - Setting next_dagrun for hello_dag to None, run_after=None
[2026-09-08T05:19:53.160+0000] {processor.py:208} INFO - Processing /opt/airflow/dags/01_hello_dag.py took 0.206 seconds
[2026-09-08T05:20:23.230+0000] {processor.py:186} INFO - Started process (PID=1433) to work on /opt/airflow/dags/01_hello_dag.py
[2026-09-08T05:20:23.230+0000] {processor.py:914} INFO - Processing file /opt/airflow/dags/01_hello_dag.py for tasks to queue
[2026-09-08T05:20:23.231+0000] {logging_mixin.py:190} INFO - [2026-09-08T05:20:23.231+0000] {dagbag.py:588} INFO - Filling up the DagBag from /opt/airflow/dags/01_hello_dag.py
[2026-09-08T05:20:23.246+0000] {processor.py:925} INFO - DAG(s) 'hello_dag' retrieved from /opt/airflow/dags/01_hello_dag.py
[2026-09-08T05:20:23.270+0000] {logging_mixin.py:190} INFO - [2026-09-08T05:20:23.269+0000] {dag.py:3239} INFO - Sync 1 DAGs
[2026-09-08T05:20:23.283+0000] {logging_mixin.py:190} INFO - [2026-09-08T05:20:23.283+0000] {dag.py:4180} INFO - Setting next_dagrun for hello_dag to None, run_after=None
[2026-09-08T05:20:23.303+0000] {processor.py:208} INFO - Processing /opt/airflow/dags/01_hello_dag.py took 0.079 seconds
[2026-09-08T05:20:53.741+0000] {processor.py:186} INFO - Started process (PID=1447) to work on /opt/airflow/dags/01_hello_dag.py
[2026-09-08T05:20:53.741+0000] {processor.py:914} INFO - Processing file /opt/airflow/dags/01_hello_dag.py for tasks to queue
[2026-09-08T05:20:53.742+0000] {logging_mixin.py:190} INFO - [2026-09-08T05:20:53.742+0000] {dagbag.py:588} INFO - Filling up the DagBag from /opt/airflow/dags/01_hello_dag.py
[2026-09-08T05:20:53.757+0000] {processor.py:925} INFO - DAG(s) 'hello_dag' retrieved from /opt/airflow/dags/01_hello_dag.py
[2026-09-08T05:20:53.781+0000] {logging_mixin.py:190} INFO - [2026-09-08T05:20:53.781+0000] {dag.py:3239} INFO - Sync 1 DAGs
[2026-09-08T05:20:53.794+0000] {logging_mixin.py:190} INFO - [2026-09-08T05:20:53.793+0000] {dag.py:4180} INFO - Setting next_dagrun for hello_dag to None, run_after=None
[2026-09-08T05:20:53.811+0000] {processor.py:208} INFO - Processing /opt/airflow/dags/01_hello_dag.py took 0.078 seconds
[2026-09-08T05:21:24.393+0000] {processor.py:186} INFO - Started process (PID=1461) to work on /opt/airflow/dags/01_hello_dag.py
[2026-09-08T05:21:24.394+0000] {processor.py:914} INFO - Processing file /opt/airflow/dags/01_hello_dag.py for tasks to queue
[2026-09-08T05:21:24.396+0000] {logging_mixin.py:190} INFO - [2026-09-08T05:21:24.396+0000] {dagbag.py:588} INFO - Filling up the DagBag from /opt/airflow/dags/01_hello_dag.py
[2026-09-08T05:21:24.414+0000] {processor.py:925} INFO - DAG(s) 'hello_dag' retrieved from /opt/airflow/dags/01_hello_dag.py
[2026-09-08T05:21:24.450+0000] {logging_mixin.py:190} INFO - [2026-09-08T05:21:24.450+0000] {dag.py:3239} INFO - Sync 1 DAGs
[2026-09-08T05:21:24.641+0000] {logging_mixin.py:190} INFO - [2026-09-08T05:21:24.641+0000] {dag.py:4180} INFO - Setting next_dagrun for hello_dag to None, run_after=None
[2026-09-08T05:21:24.663+0000] {processor.py:208} INFO - Processing /opt/airflow/dags/01_hello_dag.py took 0.277 seconds
[2026-09-08T05:21:54.794+0000] {processor.py:186} INFO - Started process (PID=1475) to work on /opt/airflow/dags/01_hello_dag.py
[2026-09-08T05:21:54.795+0000] {processor.py:914} INFO - Processing file /opt/airflow/dags/01_hello_dag.py for tasks to queue
[2026-09-08T05:21:54.797+0000] {logging_mixin.py:190} INFO - [2026-09-08T05:21:54.796+0000] {dagbag.py:588} INFO - Filling up the DagBag from /opt/airflow/dags/01_hello_dag.py
[2026-09-08T05:21:54.812+0000] {processor.py:925} INFO - DAG(s) 'hello_dag' retrieved from /opt/airflow/dags/01_hello_dag.py
[2026-09-08T05:21:54.838+0000] {logging_mixin.py:190} INFO - [2026-09-08T05:21:54.838+0000] {dag.py:3239} INFO - Sync 1 DAGs
[2026-09-08T05:21:54.850+0000] {logging_mixin.py:190} INFO - [2026-09-08T05:21:54.850+0000] {dag.py:4180} INFO - Setting next_dagrun for hello_dag to None, run_after=None
[2026-09-08T05:21:54.867+0000] {processor.py:208} INFO - Processing /opt/airflow/dags/01_hello_dag.py took 0.079 seconds
[2026-09-08T05:22:25.380+0000] {processor.py:186} INFO - Started process (PID=1489) to work on /opt/airflow/dags/01_hello_dag.py
[2026-09-08T05:22:25.380+0000] {processor.py:914} INFO - Processing file /opt/airflow/dags/01_hello_dag.py for tasks to queue
[2026-09-08T05:22:25.381+0000] {logging_mixin.py:190} INFO - [2026-09-08T05:22:25.381+0000] {dagbag.py:588} INFO - Filling up the DagBag from /opt/airflow/dags/01_hello_dag.py
[2026-09-08T05:22:25.395+0000] {processor.py:925} INFO - DAG(s) 'hello_dag' retrieved from /opt/airflow/dags/01_hello_dag.py
[2026-09-08T05:22:25.419+0000] {logging_mixin.py:190} INFO - [2026-09-08T05:22:25.419+0000] {dag.py:3239} INFO - Sync 1 DAGs
[2026-09-08T05:22:25.557+0000] {logging_mixin.py:190} INFO - [2026-09-08T05:22:25.557+0000] {dag.py:4180} INFO - Setting next_dagrun for hello_dag to None, run_after=None
[2026-09-08T05:22:25.574+0000] {processor.py:208} INFO - Processing /opt/airflow/dags/01_hello_dag.py took 0.200 seconds
[2026-09-08T05:22:56.076+0000] {processor.py:186} INFO - Started process (PID=1503) to work on /opt/airflow/dags/01_hello_dag.py
[2026-09-08T05:22:56.076+0000] {processor.py:914} INFO - Processing file /opt/airflow/dags/01_hello_dag.py for tasks to queue
[2026-09-08T05:22:56.078+0000] {logging_mixin.py:190} INFO - [2026-09-08T05:22:56.077+0000] {dagbag.py:588} INFO - Filling up the DagBag from /opt/airflow/dags/01_hello_dag.py
[2026-09-08T05:22:56.092+0000] {processor.py:925} INFO - DAG(s) 'hello_dag' retrieved from /opt/airflow/dags/01_hello_dag.py
[2026-09-08T05:22:56.114+0000] {logging_mixin.py:190} INFO - [2026-09-08T05:22:56.114+0000] {dag.py:3239} INFO - Sync 1 DAGs
[2026-09-08T05:22:56.126+0000] {logging_mixin.py:190} INFO - [2026-09-08T05:22:56.126+0000] {dag.py:4180} INFO - Setting next_dagrun for hello_dag to None, run_after=None
[2026-09-08T05:22:56.144+0000] {processor.py:208} INFO - Processing /opt/airflow/dags/01_hello_dag.py took 0.074 seconds
[2026-09-08T05:23:26.512+0000] {processor.py:186} INFO - Started process (PID=1517) to work on /opt/airflow/dags/01_hello_dag.py
[2026-09-08T05:23:26.512+0000] {processor.py:914} INFO - Processing file /opt/airflow/dags/01_hello_dag.py for tasks to queue
[2026-09-08T05:23:26.513+0000] {logging_mixin.py:190} INFO - [2026-09-08T05:23:26.513+0000] {dagbag.py:588} INFO - Filling up the DagBag from /opt/airflow/dags/01_hello_dag.py
[2026-09-08T05:23:26.526+0000] {processor.py:925} INFO - DAG(s) 'hello_dag' retrieved from /opt/airflow/dags/01_hello_dag.py
[2026-09-08T05:23:26.549+0000] {logging_mixin.py:190} INFO - [2026-09-08T05:23:26.549+0000] {dag.py:3239} INFO - Sync 1 DAGs
[2026-09-08T05:23:26.561+0000] {logging_mixin.py:190} INFO - [2026-09-08T05:23:26.561+0000] {dag.py:4180} INFO - Setting next_dagrun for hello_dag to None, run_after=None
[2026-09-08T05:23:26.581+0000] {processor.py:208} INFO - Processing /opt/airflow/dags/01_hello_dag.py took 0.075 seconds
[2026-09-08T05:23:57.259+0000] {processor.py:186} INFO - Started process (PID=1531) to work on /opt/airflow/dags/01_hello_dag.py
[2026-09-08T05:23:57.260+0000] {processor.py:914} INFO - Processing file /opt/airflow/dags/01_hello_dag.py for tasks to queue
[2026-09-08T05:23:57.263+0000] {logging_mixin.py:190} INFO - [2026-09-08T05:23:57.262+0000] {dagbag.py:588} INFO - Filling up the DagBag from /opt/airflow/dags/01_hello_dag.py
[2026-09-08T05:23:57.280+0000] {processor.py:925} INFO - DAG(s) 'hello_dag' retrieved from /opt/airflow/dags/01_hello_dag.py
[2026-09-08T05:23:57.433+0000] {logging_mixin.py:190} INFO - [2026-09-08T05:23:57.433+0000] {dag.py:3239} INFO - Sync 1 DAGs
[2026-09-08T05:23:57.443+0000] {logging_mixin.py:190} INFO - [2026-09-08T05:23:57.443+0000] {dag.py:4180} INFO - Setting next_dagrun for hello_dag to None, run_after=None
[2026-09-08T05:23:57.461+0000] {processor.py:208} INFO - Processing /opt/airflow/dags/01_hello_dag.py took 0.208 seconds
[2026-09-08T05:24:28.037+0000] {processor.py:186} INFO - Started process (PID=1551) to work on /opt/airflow/dags/01_hello_dag.py
[2026-09-08T05:24:28.037+0000] {processor.py:914} INFO - Processing file /opt/airflow/dags/01_hello_dag.py for tasks to queue
[2026-09-08T05:24:28.039+0000] {logging_mixin.py:190} INFO - [2026-09-08T05:24:28.038+0000] {dagbag.py:588} INFO - Filling up the DagBag from /opt/airflow/dags/01_hello_dag.py
[2026-09-08T05:24:28.054+0000] {processor.py:925} INFO - DAG(s) 'hello_dag' retrieved from /opt/airflow/dags/01_hello_dag.py
[2026-09-08T05:24:28.076+0000] {logging_mixin.py:190} INFO - [2026-09-08T05:24:28.076+0000] {dag.py:3239} INFO - Sync 1 DAGs
[2026-09-08T05:24:28.089+0000] {logging_mixin.py:190} INFO - [2026-09-08T05:24:28.088+0000] {dag.py:4180} INFO - Setting next_dagrun for hello_dag to None, run_after=None
[2026-09-08T05:24:28.112+0000] {processor.py:208} INFO - Processing /opt/airflow/dags/01_hello_dag.py took 0.080 seconds
[2026-09-08T05:24:58.502+0000] {processor.py:186} INFO - Started process (PID=1565) to work on /opt/airflow/dags/01_hello_dag.py
[2026-09-08T05:24:58.503+0000] {processor.py:914} INFO - Processing file /opt/airflow/dags/01_hello_dag.py for tasks to queue
[2026-09-08T05:24:58.504+0000] {logging_mixin.py:190} INFO - [2026-09-08T05:24:58.504+0000] {dagbag.py:588} INFO - Filling up the DagBag from /opt/airflow/dags/01_hello_dag.py
[2026-09-08T05:24:58.518+0000] {processor.py:925} INFO - DAG(s) 'hello_dag' retrieved from /opt/airflow/dags/01_hello_dag.py
[2026-09-08T05:24:58.540+0000] {logging_mixin.py:190} INFO - [2026-09-08T05:24:58.540+0000] {dag.py:3239} INFO - Sync 1 DAGs
[2026-09-08T05:24:58.556+0000] {logging_mixin.py:190} INFO - [2026-09-08T05:24:58.556+0000] {dag.py:4180} INFO - Setting next_dagrun for hello_dag to None, run_after=None
[2026-09-08T05:24:58.575+0000] {processor.py:208} INFO - Processing /opt/airflow/dags/01_hello_dag.py took 0.078 seconds
[2026-09-08T05:25:28.957+0000] {processor.py:186} INFO - Started process (PID=1579) to work on /opt/airflow/dags/01_hello_dag.py
[2026-09-08T05:25:28.958+0000] {processor.py:914} INFO - Processing file /opt/airflow/dags/01_hello_dag.py for tasks to queue
[2026-09-08T05:25:28.959+0000] {logging_mixin.py:190} INFO - [2026-09-08T05:25:28.959+0000] {dagbag.py:588} INFO - Filling up the DagBag from /opt/airflow/dags/01_hello_dag.py
[2026-09-08T05:25:28.974+0000] {processor.py:925} INFO - DAG(s) 'hello_dag' retrieved from /opt/airflow/dags/01_hello_dag.py
[2026-09-08T05:25:28.998+0000] {logging_mixin.py:190} INFO - [2026-09-08T05:25:28.998+0000] {dag.py:3239} INFO - Sync 1 DAGs
[2026-09-08T05:25:29.013+0000] {logging_mixin.py:190} INFO - [2026-09-08T05:25:29.012+0000] {dag.py:4180} INFO - Setting next_dagrun for hello_dag to None, run_after=None
[2026-09-08T05:25:29.045+0000] {processor.py:208} INFO - Processing /opt/airflow/dags/01_hello_dag.py took 0.093 seconds
[2026-09-08T05:25:59.431+0000] {processor.py:186} INFO - Started process (PID=1593) to work on /opt/airflow/dags/01_hello_dag.py
[2026-09-08T05:25:59.431+0000] {processor.py:914} INFO - Processing file /opt/airflow/dags/01_hello_dag.py for tasks to queue
[2026-09-08T05:25:59.433+0000] {logging_mixin.py:190} INFO - [2026-09-08T05:25:59.432+0000] {dagbag.py:588} INFO - Filling up the DagBag from /opt/airflow/dags/01_hello_dag.py
[2026-09-08T05:25:59.449+0000] {processor.py:925} INFO - DAG(s) 'hello_dag' retrieved from /opt/airflow/dags/01_hello_dag.py
[2026-09-08T05:25:59.470+0000] {logging_mixin.py:190} INFO - [2026-09-08T05:25:59.470+0000] {dag.py:3239} INFO - Sync 1 DAGs
[2026-09-08T05:25:59.483+0000] {logging_mixin.py:190} INFO - [2026-09-08T05:25:59.482+0000] {dag.py:4180} INFO - Setting next_dagrun for hello_dag to None, run_after=None
[2026-09-08T05:25:59.504+0000] {processor.py:208} INFO - Processing /opt/airflow/dags/01_hello_dag.py took 0.080 seconds
[2026-09-08T05:26:29.882+0000] {processor.py:186} INFO - Started process (PID=1607) to work on /opt/airflow/dags/01_hello_dag.py
[2026-09-08T05:26:29.882+0000] {processor.py:914} INFO - Processing file /opt/airflow/dags/01_hello_dag.py for tasks to queue
[2026-09-08T05:26:29.884+0000] {logging_mixin.py:190} INFO - [2026-09-08T05:26:29.883+0000] {dagbag.py:588} INFO - Filling up the DagBag from /opt/airflow/dags/01_hello_dag.py
[2026-09-08T05:26:29.899+0000] {processor.py:925} INFO - DAG(s) 'hello_dag' retrieved from /opt/airflow/dags/01_hello_dag.py
[2026-09-08T05:26:29.924+0000] {logging_mixin.py:190} INFO - [2026-09-08T05:26:29.923+0000] {dag.py:3239} INFO - Sync 1 DAGs
[2026-09-08T05:26:29.937+0000] {logging_mixin.py:190} INFO - [2026-09-08T05:26:29.937+0000] {dag.py:4180} INFO - Setting next_dagrun for hello_dag to None, run_after=None
[2026-09-08T05:26:29.956+0000] {processor.py:208} INFO - Processing /opt/airflow/dags/01_hello_dag.py took 0.080 seconds
[2026-09-08T05:27:00.401+0000] {processor.py:186} INFO - Started process (PID=1621) to work on /opt/airflow/dags/01_hello_dag.py
[2026-09-08T05:27:00.401+0000] {processor.py:914} INFO - Processing file /opt/airflow/dags/01_hello_dag.py for tasks to queue
[2026-09-08T05:27:00.403+0000] {logging_mixin.py:190} INFO - [2026-09-08T05:27:00.402+0000] {dagbag.py:588} INFO - Filling up the DagBag from /opt/airflow/dags/01_hello_dag.py
[2026-09-08T05:27:00.419+0000] {processor.py:925} INFO - DAG(s) 'hello_dag' retrieved from /opt/airflow/dags/01_hello_dag.py
[2026-09-08T05:27:00.443+0000] {logging_mixin.py:190} INFO - [2026-09-08T05:27:00.443+0000] {dag.py:3239} INFO - Sync 1 DAGs
[2026-09-08T05:27:00.460+0000] {logging_mixin.py:190} INFO - [2026-09-08T05:27:00.460+0000] {dag.py:4180} INFO - Setting next_dagrun for hello_dag to None, run_after=None
[2026-09-08T05:27:00.479+0000] {processor.py:208} INFO - Processing /opt/airflow/dags/01_hello_dag.py took 0.084 seconds
[2026-09-08T05:27:30.936+0000] {processor.py:186} INFO - Started process (PID=1635) to work on /opt/airflow/dags/01_hello_dag.py
[2026-09-08T05:27:30.937+0000] {processor.py:914} INFO - Processing file /opt/airflow/dags/01_hello_dag.py for tasks to queue
[2026-09-08T05:27:30.938+0000] {logging_mixin.py:190} INFO - [2026-09-08T05:27:30.938+0000] {dagbag.py:588} INFO - Filling up the DagBag from /opt/airflow/dags/01_hello_dag.py
[2026-09-08T05:27:30.955+0000] {processor.py:925} INFO - DAG(s) 'hello_dag' retrieved from /opt/airflow/dags/01_hello_dag.py
[2026-09-08T05:27:30.980+0000] {logging_mixin.py:190} INFO - [2026-09-08T05:27:30.980+0000] {dag.py:3239} INFO - Sync 1 DAGs
[2026-09-08T05:27:30.995+0000] {logging_mixin.py:190} INFO - [2026-09-08T05:27:30.994+0000] {dag.py:4180} INFO - Setting next_dagrun for hello_dag to None, run_after=None
[2026-09-08T05:27:31.016+0000] {processor.py:208} INFO - Processing /opt/airflow/dags/01_hello_dag.py took 0.085 seconds
[2026-09-08T05:28:01.493+0000] {processor.py:186} INFO - Started process (PID=1649) to work on /opt/airflow/dags/01_hello_dag.py
[2026-09-08T05:28:01.494+0000] {processor.py:914} INFO - Processing file /opt/airflow/dags/01_hello_dag.py for tasks to queue
[2026-09-08T05:28:01.495+0000] {logging_mixin.py:190} INFO - [2026-09-08T05:28:01.495+0000] {dagbag.py:588} INFO - Filling up the DagBag from /opt/airflow/dags/01_hello_dag.py
[2026-09-08T05:28:01.523+0000] {processor.py:925} INFO - DAG(s) 'hello_dag' retrieved from /opt/airflow/dags/01_hello_dag.py
[2026-09-08T05:28:01.557+0000] {logging_mixin.py:190} INFO - [2026-09-08T05:28:01.557+0000] {dag.py:3239} INFO - Sync 1 DAGs
[2026-09-08T05:28:01.578+0000] {logging_mixin.py:190} INFO - [2026-09-08T05:28:01.577+0000] {dag.py:4180} INFO - Setting next_dagrun for hello_dag to None, run_after=None
[2026-09-08T05:28:01.599+0000] {processor.py:208} INFO - Processing /opt/airflow/dags/01_hello_dag.py took 0.112 seconds
[2026-09-08T05:28:31.654+0000] {processor.py:186} INFO - Started process (PID=1663) to work on /opt/airflow/dags/01_hello_dag.py
[2026-09-08T05:28:31.654+0000] {processor.py:914} INFO - Processing file /opt/airflow/dags/01_hello_dag.py for tasks to queue
[2026-09-08T05:28:31.655+0000] {logging_mixin.py:190} INFO - [2026-09-08T05:28:31.655+0000] {dagbag.py:588} INFO - Filling up the DagBag from /opt/airflow/dags/01_hello_dag.py
[2026-09-08T05:28:31.670+0000] {processor.py:925} INFO - DAG(s) 'hello_dag' retrieved from /opt/airflow/dags/01_hello_dag.py
[2026-09-08T05:28:31.693+0000] {logging_mixin.py:190} INFO - [2026-09-08T05:28:31.693+0000] {dag.py:3239} INFO - Sync 1 DAGs
[2026-09-08T05:28:31.705+0000] {logging_mixin.py:190} INFO - [2026-09-08T05:28:31.705+0000] {dag.py:4180} INFO - Setting next_dagrun for hello_dag to None, run_after=None
[2026-09-08T05:28:31.727+0000] {processor.py:208} INFO - Processing /opt/airflow/dags/01_hello_dag.py took 0.079 seconds
[2026-09-08T05:29:01.857+0000] {processor.py:186} INFO - Started process (PID=1677) to work on /opt/airflow/dags/01_hello_dag.py
[2026-09-08T05:29:01.858+0000] {processor.py:914} INFO - Processing file /opt/airflow/dags/01_hello_dag.py for tasks to queue
[2026-09-08T05:29:01.860+0000] {logging_mixin.py:190} INFO - [2026-09-08T05:29:01.860+0000] {dagbag.py:588} INFO - Filling up the DagBag from /opt/airflow/dags/01_hello_dag.py
[2026-09-08T05:29:01.888+0000] {processor.py:925} INFO - DAG(s) 'hello_dag' retrieved from /opt/airflow/dags/01_hello_dag.py
[2026-09-08T05:29:01.926+0000] {logging_mixin.py:190} INFO - [2026-09-08T05:29:01.925+0000] {dag.py:3239} INFO - Sync 1 DAGs
[2026-09-08T05:29:01.953+0000] {logging_mixin.py:190} INFO - [2026-09-08T05:29:01.953+0000] {dag.py:4180} INFO - Setting next_dagrun for hello_dag to None, run_after=None
[2026-09-08T05:29:01.983+0000] {processor.py:208} INFO - Processing /opt/airflow/dags/01_hello_dag.py took 0.133 seconds
[2026-09-08T05:29:32.304+0000] {processor.py:186} INFO - Started process (PID=1691) to work on /opt/airflow/dags/01_hello_dag.py
[2026-09-08T05:29:32.307+0000] {processor.py:914} INFO - Processing file /opt/airflow/dags/01_hello_dag.py for tasks to queue
[2026-09-08T05:29:32.310+0000] {logging_mixin.py:190} INFO - [2026-09-08T05:29:32.309+0000] {dagbag.py:588} INFO - Filling up the DagBag from /opt/airflow/dags/01_hello_dag.py
[2026-09-08T05:29:32.329+0000] {processor.py:925} INFO - DAG(s) 'hello_dag' retrieved from /opt/airflow/dags/01_hello_dag.py
[2026-09-08T05:29:32.363+0000] {logging_mixin.py:190} INFO - [2026-09-08T05:29:32.363+0000] {dag.py:3239} INFO - Sync 1 DAGs
[2026-09-08T05:29:32.384+0000] {logging_mixin.py:190} INFO - [2026-09-08T05:29:32.384+0000] {dag.py:4180} INFO - Setting next_dagrun for hello_dag to None, run_after=None
[2026-09-08T05:29:32.412+0000] {processor.py:208} INFO - Processing /opt/airflow/dags/01_hello_dag.py took 0.116 seconds
[2026-09-08T05:30:02.612+0000] {processor.py:186} INFO - Started process (PID=1705) to work on /opt/airflow/dags/01_hello_dag.py
[2026-09-08T05:30:02.613+0000] {processor.py:914} INFO - Processing file /opt/airflow/dags/01_hello_dag.py for tasks to queue
[2026-09-08T05:30:02.615+0000] {logging_mixin.py:190} INFO - [2026-09-08T05:30:02.615+0000] {dagbag.py:588} INFO - Filling up the DagBag from /opt/airflow/dags/01_hello_dag.py
[2026-09-08T05:30:02.642+0000] {processor.py:925} INFO - DAG(s) 'hello_dag' retrieved from /opt/airflow/dags/01_hello_dag.py
[2026-09-08T05:30:02.671+0000] {logging_mixin.py:190} INFO - [2026-09-08T05:30:02.670+0000] {dag.py:3239} INFO - Sync 1 DAGs
[2026-09-08T05:30:02.692+0000] {logging_mixin.py:190} INFO - [2026-09-08T05:30:02.692+0000] {dag.py:4180} INFO - Setting next_dagrun for hello_dag to None, run_after=None
[2026-09-08T05:30:02.720+0000] {processor.py:208} INFO - Processing /opt/airflow/dags/01_hello_dag.py took 0.121 seconds
[2026-09-08T05:30:32.803+0000] {processor.py:186} INFO - Started process (PID=1719) to work on /opt/airflow/dags/01_hello_dag.py
[2026-09-08T05:30:32.805+0000] {processor.py:914} INFO - Processing file /opt/airflow/dags/01_hello_dag.py for tasks to queue
[2026-09-08T05:30:32.810+0000] {logging_mixin.py:190} INFO - [2026-09-08T05:30:32.810+0000] {dagbag.py:588} INFO - Filling up the DagBag from /opt/airflow/dags/01_hello_dag.py
[2026-09-08T05:30:32.835+0000] {processor.py:925} INFO - DAG(s) 'hello_dag' retrieved from /opt/airflow/dags/01_hello_dag.py
[2026-09-08T05:30:32.878+0000] {logging_mixin.py:190} INFO - [2026-09-08T05:30:32.878+0000] {dag.py:3239} INFO - Sync 1 DAGs
[2026-09-08T05:30:32.894+0000] {logging_mixin.py:190} INFO - [2026-09-08T05:30:32.894+0000] {dag.py:4180} INFO - Setting next_dagrun for hello_dag to None, run_after=None
[2026-09-08T05:30:32.924+0000] {processor.py:208} INFO - Processing /opt/airflow/dags/01_hello_dag.py took 0.131 seconds
[2026-09-08T05:31:02.978+0000] {processor.py:186} INFO - Started process (PID=1733) to work on /opt/airflow/dags/01_hello_dag.py
[2026-09-08T05:31:02.979+0000] {processor.py:914} INFO - Processing file /opt/airflow/dags/01_hello_dag.py for tasks to queue
[2026-09-08T05:31:02.980+0000] {logging_mixin.py:190} INFO - [2026-09-08T05:31:02.980+0000] {dagbag.py:588} INFO - Filling up the DagBag from /opt/airflow/dags/01_hello_dag.py
[2026-09-08T05:31:02.999+0000] {processor.py:925} INFO - DAG(s) 'hello_dag' retrieved from /opt/airflow/dags/01_hello_dag.py
[2026-09-08T05:31:03.026+0000] {logging_mixin.py:190} INFO - [2026-09-08T05:31:03.026+0000] {dag.py:3239} INFO - Sync 1 DAGs
[2026-09-08T05:31:03.041+0000] {logging_mixin.py:190} INFO - [2026-09-08T05:31:03.040+0000] {dag.py:4180} INFO - Setting next_dagrun for hello_dag to None, run_after=None
[2026-09-08T05:31:03.061+0000] {processor.py:208} INFO - Processing /opt/airflow/dags/01_hello_dag.py took 0.090 seconds
[2026-09-08T05:31:33.319+0000] {processor.py:186} INFO - Started process (PID=1747) to work on /opt/airflow/dags/01_hello_dag.py
[2026-09-08T05:31:33.320+0000] {processor.py:914} INFO - Processing file /opt/airflow/dags/01_hello_dag.py for tasks to queue
[2026-09-08T05:31:33.322+0000] {logging_mixin.py:190} INFO - [2026-09-08T05:31:33.322+0000] {dagbag.py:588} INFO - Filling up the DagBag from /opt/airflow/dags/01_hello_dag.py
[2026-09-08T05:31:33.347+0000] {processor.py:925} INFO - DAG(s) 'hello_dag' retrieved from /opt/airflow/dags/01_hello_dag.py
[2026-09-08T05:31:33.378+0000] {logging_mixin.py:190} INFO - [2026-09-08T05:31:33.378+0000] {dag.py:3239} INFO - Sync 1 DAGs
[2026-09-08T05:31:33.394+0000] {logging_mixin.py:190} INFO - [2026-09-08T05:31:33.394+0000] {dag.py:4180} INFO - Setting next_dagrun for hello_dag to None, run_after=None
[2026-09-08T05:31:33.427+0000] {processor.py:208} INFO - Processing /opt/airflow/dags/01_hello_dag.py took 0.114 seconds
[2026-09-08T05:32:03.766+0000] {processor.py:186} INFO - Started process (PID=1761) to work on /opt/airflow/dags/01_hello_dag.py
[2026-09-08T05:32:03.767+0000] {processor.py:914} INFO - Processing file /opt/airflow/dags/01_hello_dag.py for tasks to queue
[2026-09-08T05:32:03.769+0000] {logging_mixin.py:190} INFO - [2026-09-08T05:32:03.768+0000] {dagbag.py:588} INFO - Filling up the DagBag from /opt/airflow/dags/01_hello_dag.py
[2026-09-08T05:32:03.789+0000] {processor.py:925} INFO - DAG(s) 'hello_dag' retrieved from /opt/airflow/dags/01_hello_dag.py
[2026-09-08T05:32:03.822+0000] {logging_mixin.py:190} INFO - [2026-09-08T05:32:03.822+0000] {dag.py:3239} INFO - Sync 1 DAGs
[2026-09-08T05:32:03.843+0000] {logging_mixin.py:190} INFO - [2026-09-08T05:32:03.843+0000] {dag.py:4180} INFO - Setting next_dagrun for hello_dag to None, run_after=None
[2026-09-08T05:32:03.873+0000] {processor.py:208} INFO - Processing /opt/airflow/dags/01_hello_dag.py took 0.117 seconds
[2026-09-08T05:32:34.332+0000] {processor.py:186} INFO - Started process (PID=1775) to work on /opt/airflow/dags/01_hello_dag.py
[2026-09-08T05:32:34.334+0000] {processor.py:914} INFO - Processing file /opt/airflow/dags/01_hello_dag.py for tasks to queue
[2026-09-08T05:32:34.335+0000] {logging_mixin.py:190} INFO - [2026-09-08T05:32:34.335+0000] {dagbag.py:588} INFO - Filling up the DagBag from /opt/airflow/dags/01_hello_dag.py
[2026-09-08T05:32:34.355+0000] {processor.py:925} INFO - DAG(s) 'hello_dag' retrieved from /opt/airflow/dags/01_hello_dag.py
[2026-09-08T05:32:34.389+0000] {logging_mixin.py:190} INFO - [2026-09-08T05:32:34.389+0000] {dag.py:3239} INFO - Sync 1 DAGs
[2026-09-08T05:32:34.409+0000] {logging_mixin.py:190} INFO - [2026-09-08T05:32:34.409+0000] {dag.py:4180} INFO - Setting next_dagrun for hello_dag to None, run_after=None
[2026-09-08T05:32:34.435+0000] {processor.py:208} INFO - Processing /opt/airflow/dags/01_hello_dag.py took 0.113 seconds
[2026-09-08T05:33:04.583+0000] {processor.py:186} INFO - Started process (PID=1789) to work on /opt/airflow/dags/01_hello_dag.py
[2026-09-08T05:33:04.584+0000] {processor.py:914} INFO - Processing file /opt/airflow/dags/01_hello_dag.py for tasks to queue
[2026-09-08T05:33:04.585+0000] {logging_mixin.py:190} INFO - [2026-09-08T05:33:04.585+0000] {dagbag.py:588} INFO - Filling up the DagBag from /opt/airflow/dags/01_hello_dag.py
[2026-09-08T05:33:04.615+0000] {processor.py:925} INFO - DAG(s) 'hello_dag' retrieved from /opt/airflow/dags/01_hello_dag.py
[2026-09-08T05:33:04.651+0000] {logging_mixin.py:190} INFO - [2026-09-08T05:33:04.650+0000] {dag.py:3239} INFO - Sync 1 DAGs
[2026-09-08T05:33:04.667+0000] {logging_mixin.py:190} INFO - [2026-09-08T05:33:04.667+0000] {dag.py:4180} INFO - Setting next_dagrun for hello_dag to None, run_after=None
[2026-09-08T05:33:04.688+0000] {processor.py:208} INFO - Processing /opt/airflow/dags/01_hello_dag.py took 0.113 seconds
[2026-09-08T05:33:35.277+0000] {processor.py:186} INFO - Started process (PID=1803) to work on /opt/airflow/dags/01_hello_dag.py
[2026-09-08T05:33:35.277+0000] {processor.py:914} INFO - Processing file /opt/airflow/dags/01_hello_dag.py for tasks to queue
[2026-09-08T05:33:35.279+0000] {logging_mixin.py:190} INFO - [2026-09-08T05:33:35.279+0000] {dagbag.py:588} INFO - Filling up the DagBag from /opt/airflow/dags/01_hello_dag.py
[2026-09-08T05:33:35.304+0000] {processor.py:925} INFO - DAG(s) 'hello_dag' retrieved from /opt/airflow/dags/01_hello_dag.py
[2026-09-08T05:33:35.343+0000] {logging_mixin.py:190} INFO - [2026-09-08T05:33:35.343+0000] {dag.py:3239} INFO - Sync 1 DAGs
[2026-09-08T05:33:35.366+0000] {logging_mixin.py:190} INFO - [2026-09-08T05:33:35.366+0000] {dag.py:4180} INFO - Setting next_dagrun for hello_dag to None, run_after=None
[2026-09-08T05:33:35.410+0000] {processor.py:208} INFO - Processing /opt/airflow/dags/01_hello_dag.py took 0.141 seconds
[2026-09-08T05:34:05.621+0000] {processor.py:186} INFO - Started process (PID=1817) to work on /opt/airflow/dags/01_hello_dag.py
[2026-09-08T05:34:05.624+0000] {processor.py:914} INFO - Processing file /opt/airflow/dags/01_hello_dag.py for tasks to queue
[2026-09-08T05:34:05.626+0000] {logging_mixin.py:190} INFO - [2026-09-08T05:34:05.626+0000] {dagbag.py:588} INFO - Filling up the DagBag from /opt/airflow/dags/01_hello_dag.py
[2026-09-08T05:34:05.646+0000] {processor.py:925} INFO - DAG(s) 'hello_dag' retrieved from /opt/airflow/dags/01_hello_dag.py
[2026-09-08T05:34:05.678+0000] {logging_mixin.py:190} INFO - [2026-09-08T05:34:05.678+0000] {dag.py:3239} INFO - Sync 1 DAGs
[2026-09-08T05:34:05.699+0000] {logging_mixin.py:190} INFO - [2026-09-08T05:34:05.698+0000] {dag.py:4180} INFO - Setting next_dagrun for hello_dag to None, run_after=None
[2026-09-08T05:34:05.722+0000] {processor.py:208} INFO - Processing /opt/airflow/dags/01_hello_dag.py took 0.111 seconds
[2026-09-08T05:34:36.003+0000] {processor.py:186} INFO - Started process (PID=1832) to work on /opt/airflow/dags/01_hello_dag.py
[2026-09-08T05:34:36.004+0000] {processor.py:914} INFO - Processing file /opt/airflow/dags/01_hello_dag.py for tasks to queue
[2026-09-08T05:34:36.006+0000] {logging_mixin.py:190} INFO - [2026-09-08T05:34:36.005+0000] {dagbag.py:588} INFO - Filling up the DagBag from /opt/airflow/dags/01_hello_dag.py
[2026-09-08T05:34:36.036+0000] {processor.py:925} INFO - DAG(s) 'hello_dag' retrieved from /opt/airflow/dags/01_hello_dag.py
[2026-09-08T05:34:36.073+0000] {logging_mixin.py:190} INFO - [2026-09-08T05:34:36.073+0000] {dag.py:3239} INFO - Sync 1 DAGs
[2026-09-08T05:34:36.098+0000] {logging_mixin.py:190} INFO - [2026-09-08T05:34:36.098+0000] {dag.py:4180} INFO - Setting next_dagrun for hello_dag to None, run_after=None
[2026-09-08T05:34:36.133+0000] {processor.py:208} INFO - Processing /opt/airflow/dags/01_hello_dag.py took 0.136 seconds
[2026-09-08T05:35:06.880+0000] {processor.py:186} INFO - Started process (PID=1845) to work on /opt/airflow/dags/01_hello_dag.py
[2026-09-08T05:35:06.881+0000] {processor.py:914} INFO - Processing file /opt/airflow/dags/01_hello_dag.py for tasks to queue
[2026-09-08T05:35:06.903+0000] {logging_mixin.py:190} INFO - [2026-09-08T05:35:06.899+0000] {dagbag.py:588} INFO - Filling up the DagBag from /opt/airflow/dags/01_hello_dag.py
[2026-09-08T05:35:06.945+0000] {processor.py:925} INFO - DAG(s) 'hello_dag' retrieved from /opt/airflow/dags/01_hello_dag.py
[2026-09-08T05:35:06.995+0000] {logging_mixin.py:190} INFO - [2026-09-08T05:35:06.995+0000] {dag.py:3239} INFO - Sync 1 DAGs
[2026-09-08T05:35:07.014+0000] {logging_mixin.py:190} INFO - [2026-09-08T05:35:07.014+0000] {dag.py:4180} INFO - Setting next_dagrun for hello_dag to None, run_after=None
[2026-09-08T05:35:07.046+0000] {processor.py:208} INFO - Processing /opt/airflow/dags/01_hello_dag.py took 0.175 seconds
[2026-09-08T05:35:37.241+0000] {processor.py:186} INFO - Started process (PID=1858) to work on /opt/airflow/dags/01_hello_dag.py
[2026-09-08T05:35:37.242+0000] {processor.py:914} INFO - Processing file /opt/airflow/dags/01_hello_dag.py for tasks to queue
[2026-09-08T05:35:37.243+0000] {logging_mixin.py:190} INFO - [2026-09-08T05:35:37.242+0000] {dagbag.py:588} INFO - Filling up the DagBag from /opt/airflow/dags/01_hello_dag.py
[2026-09-08T05:35:37.269+0000] {processor.py:925} INFO - DAG(s) 'hello_dag' retrieved from /opt/airflow/dags/01_hello_dag.py
[2026-09-08T05:35:37.293+0000] {logging_mixin.py:190} INFO - [2026-09-08T05:35:37.293+0000] {dag.py:3239} INFO - Sync 1 DAGs
[2026-09-08T05:35:37.313+0000] {logging_mixin.py:190} INFO - [2026-09-08T05:35:37.313+0000] {dag.py:4180} INFO - Setting next_dagrun for hello_dag to None, run_after=None
[2026-09-08T05:35:37.343+0000] {processor.py:208} INFO - Processing /opt/airflow/dags/01_hello_dag.py took 0.108 seconds
[2026-09-08T05:36:07.691+0000] {processor.py:186} INFO - Started process (PID=1872) to work on /opt/airflow/dags/01_hello_dag.py
[2026-09-08T05:36:07.695+0000] {processor.py:914} INFO - Processing file /opt/airflow/dags/01_hello_dag.py for tasks to queue
[2026-09-08T05:36:07.699+0000] {logging_mixin.py:190} INFO - [2026-09-08T05:36:07.698+0000] {dagbag.py:588} INFO - Filling up the DagBag from /opt/airflow/dags/01_hello_dag.py
[2026-09-08T05:36:07.725+0000] {processor.py:925} INFO - DAG(s) 'hello_dag' retrieved from /opt/airflow/dags/01_hello_dag.py
[2026-09-08T05:36:07.776+0000] {logging_mixin.py:190} INFO - [2026-09-08T05:36:07.776+0000] {dag.py:3239} INFO - Sync 1 DAGs
[2026-09-08T05:36:07.810+0000] {logging_mixin.py:190} INFO - [2026-09-08T05:36:07.810+0000] {dag.py:4180} INFO - Setting next_dagrun for hello_dag to None, run_after=None
[2026-09-08T05:36:07.853+0000] {processor.py:208} INFO - Processing /opt/airflow/dags/01_hello_dag.py took 0.172 seconds
[2026-09-08T05:36:38.037+0000] {processor.py:186} INFO - Started process (PID=1886) to work on /opt/airflow/dags/01_hello_dag.py
[2026-09-08T05:36:38.038+0000] {processor.py:914} INFO - Processing file /opt/airflow/dags/01_hello_dag.py for tasks to queue
[2026-09-08T05:36:38.040+0000] {logging_mixin.py:190} INFO - [2026-09-08T05:36:38.039+0000] {dagbag.py:588} INFO - Filling up the DagBag from /opt/airflow/dags/01_hello_dag.py
[2026-09-08T05:36:38.071+0000] {processor.py:925} INFO - DAG(s) 'hello_dag' retrieved from /opt/airflow/dags/01_hello_dag.py
[2026-09-08T05:36:38.109+0000] {logging_mixin.py:190} INFO - [2026-09-08T05:36:38.109+0000] {dag.py:3239} INFO - Sync 1 DAGs
[2026-09-08T05:36:38.137+0000] {logging_mixin.py:190} INFO - [2026-09-08T05:36:38.136+0000] {dag.py:4180} INFO - Setting next_dagrun for hello_dag to None, run_after=None
[2026-09-08T05:36:38.171+0000] {processor.py:208} INFO - Processing /opt/airflow/dags/01_hello_dag.py took 0.141 seconds
[2026-09-08T05:37:08.727+0000] {processor.py:186} INFO - Started process (PID=1901) to work on /opt/airflow/dags/01_hello_dag.py
[2026-09-08T05:37:08.729+0000] {processor.py:914} INFO - Processing file /opt/airflow/dags/01_hello_dag.py for tasks to queue
[2026-09-08T05:37:08.731+0000] {logging_mixin.py:190} INFO - [2026-09-08T05:37:08.731+0000] {dagbag.py:588} INFO - Filling up the DagBag from /opt/airflow/dags/01_hello_dag.py
[2026-09-08T05:37:08.760+0000] {processor.py:925} INFO - DAG(s) 'hello_dag' retrieved from /opt/airflow/dags/01_hello_dag.py
[2026-09-08T05:37:08.795+0000] {logging_mixin.py:190} INFO - [2026-09-08T05:37:08.794+0000] {dag.py:3239} INFO - Sync 1 DAGs
[2026-09-08T05:37:08.829+0000] {logging_mixin.py:190} INFO - [2026-09-08T05:37:08.828+0000] {dag.py:4180} INFO - Setting next_dagrun for hello_dag to None, run_after=None
[2026-09-08T05:37:08.866+0000] {processor.py:208} INFO - Processing /opt/airflow/dags/01_hello_dag.py took 0.152 seconds
[2026-09-08T05:37:39.001+0000] {processor.py:186} INFO - Started process (PID=1915) to work on /opt/airflow/dags/01_hello_dag.py
[2026-09-08T05:37:39.001+0000] {processor.py:914} INFO - Processing file /opt/airflow/dags/01_hello_dag.py for tasks to queue
[2026-09-08T05:37:39.006+0000] {logging_mixin.py:190} INFO - [2026-09-08T05:37:39.002+0000] {dagbag.py:588} INFO - Filling up the DagBag from /opt/airflow/dags/01_hello_dag.py
[2026-09-08T05:37:39.032+0000] {processor.py:925} INFO - DAG(s) 'hello_dag' retrieved from /opt/airflow/dags/01_hello_dag.py
[2026-09-08T05:37:39.063+0000] {logging_mixin.py:190} INFO - [2026-09-08T05:37:39.063+0000] {dag.py:3239} INFO - Sync 1 DAGs
[2026-09-08T05:37:39.077+0000] {logging_mixin.py:190} INFO - [2026-09-08T05:37:39.076+0000] {dag.py:4180} INFO - Setting next_dagrun for hello_dag to None, run_after=None
[2026-09-08T05:37:39.106+0000] {processor.py:208} INFO - Processing /opt/airflow/dags/01_hello_dag.py took 0.112 seconds
[2026-09-08T05:38:09.323+0000] {processor.py:186} INFO - Started process (PID=1929) to work on /opt/airflow/dags/01_hello_dag.py
[2026-09-08T05:38:09.324+0000] {processor.py:914} INFO - Processing file /opt/airflow/dags/01_hello_dag.py for tasks to queue
[2026-09-08T05:38:09.325+0000] {logging_mixin.py:190} INFO - [2026-09-08T05:38:09.324+0000] {dagbag.py:588} INFO - Filling up the DagBag from /opt/airflow/dags/01_hello_dag.py
[2026-09-08T05:38:09.342+0000] {processor.py:925} INFO - DAG(s) 'hello_dag' retrieved from /opt/airflow/dags/01_hello_dag.py
[2026-09-08T05:38:09.373+0000] {logging_mixin.py:190} INFO - [2026-09-08T05:38:09.372+0000] {dag.py:3239} INFO - Sync 1 DAGs
[2026-09-08T05:38:09.389+0000] {logging_mixin.py:190} INFO - [2026-09-08T05:38:09.388+0000] {dag.py:4180} INFO - Setting next_dagrun for hello_dag to None, run_after=None
[2026-09-08T05:38:09.413+0000] {processor.py:208} INFO - Processing /opt/airflow/dags/01_hello_dag.py took 0.098 seconds
[2026-09-08T06:18:40.205+0000] {processor.py:186} INFO - Started process (PID=126) to work on /opt/airflow/dags/01_hello_dag.py
[2026-09-08T06:18:40.208+0000] {processor.py:914} INFO - Processing file /opt/airflow/dags/01_hello_dag.py for tasks to queue
[2026-09-08T06:18:40.212+0000] {logging_mixin.py:190} INFO - [2026-09-08T06:18:40.211+0000] {dagbag.py:588} INFO - Filling up the DagBag from /opt/airflow/dags/01_hello_dag.py
[2026-09-08T06:18:40.277+0000] {processor.py:925} INFO - DAG(s) 'hello_dag' retrieved from /opt/airflow/dags/01_hello_dag.py
[2026-09-08T06:18:40.328+0000] {logging_mixin.py:190} INFO - [2026-09-08T06:18:40.327+0000] {dag.py:3239} INFO - Sync 1 DAGs
[2026-09-08T06:18:40.359+0000] {logging_mixin.py:190} INFO - [2026-09-08T06:18:40.358+0000] {dag.py:4180} INFO - Setting next_dagrun for hello_dag to None, run_after=None
[2026-09-08T06:18:40.404+0000] {processor.py:208} INFO - Processing /opt/airflow/dags/01_hello_dag.py took 0.215 seconds
[2026-09-08T06:19:10.862+0000] {processor.py:186} INFO - Started process (PID=138) to work on /opt/airflow/dags/01_hello_dag.py
[2026-09-08T06:19:10.978+0000] {processor.py:914} INFO - Processing file /opt/airflow/dags/01_hello_dag.py for tasks to queue
[2026-09-08T06:19:10.982+0000] {logging_mixin.py:190} INFO - [2026-09-08T06:19:10.982+0000] {dagbag.py:588} INFO - Filling up the DagBag from /opt/airflow/dags/01_hello_dag.py
[2026-09-08T06:19:11.088+0000] {processor.py:925} INFO - DAG(s) 'hello_dag' retrieved from /opt/airflow/dags/01_hello_dag.py
[2026-09-08T06:19:11.151+0000] {logging_mixin.py:190} INFO - [2026-09-08T06:19:11.150+0000] {dag.py:3239} INFO - Sync 1 DAGs
[2026-09-08T06:19:11.433+0000] {logging_mixin.py:190} INFO - [2026-09-08T06:19:11.433+0000] {dag.py:4180} INFO - Setting next_dagrun for hello_dag to None, run_after=None
[2026-09-08T06:19:11.477+0000] {processor.py:208} INFO - Processing /opt/airflow/dags/01_hello_dag.py took 0.638 seconds
[2026-09-08T06:19:45.019+0000] {processor.py:186} INFO - Started process (PID=152) to work on /opt/airflow/dags/01_hello_dag.py
[2026-09-08T06:19:45.021+0000] {processor.py:914} INFO - Processing file /opt/airflow/dags/01_hello_dag.py for tasks to queue
[2026-09-08T06:19:45.027+0000] {logging_mixin.py:190} INFO - [2026-09-08T06:19:45.025+0000] {dagbag.py:588} INFO - Filling up the DagBag from /opt/airflow/dags/01_hello_dag.py
[2026-09-08T06:19:45.297+0000] {processor.py:925} INFO - DAG(s) 'hello_dag' retrieved from /opt/airflow/dags/01_hello_dag.py
[2026-09-08T06:19:50.948+0000] {logging_mixin.py:190} INFO - [2026-09-08T06:19:50.947+0000] {dag.py:3239} INFO - Sync 1 DAGs
[2026-09-08T06:19:51.087+0000] {logging_mixin.py:190} INFO - [2026-09-08T06:19:51.087+0000] {dag.py:4180} INFO - Setting next_dagrun for hello_dag to None, run_after=None
[2026-09-08T06:19:52.052+0000] {processor.py:208} INFO - Processing /opt/airflow/dags/01_hello_dag.py took 7.112 seconds
[2026-09-08T06:24:38.344+0000] {processor.py:186} INFO - Started process (PID=99) to work on /opt/airflow/dags/01_hello_dag.py
[2026-09-08T06:24:38.346+0000] {processor.py:914} INFO - Processing file /opt/airflow/dags/01_hello_dag.py for tasks to queue
[2026-09-08T06:24:38.349+0000] {logging_mixin.py:190} INFO - [2026-09-08T06:24:38.349+0000] {dagbag.py:588} INFO - Filling up the DagBag from /opt/airflow/dags/01_hello_dag.py
[2026-09-08T06:24:38.385+0000] {processor.py:925} INFO - DAG(s) 'hello_dag' retrieved from /opt/airflow/dags/01_hello_dag.py
[2026-09-08T06:24:38.439+0000] {logging_mixin.py:190} INFO - [2026-09-08T06:24:38.439+0000] {dag.py:3239} INFO - Sync 1 DAGs
[2026-09-08T06:24:38.466+0000] {logging_mixin.py:190} INFO - [2026-09-08T06:24:38.466+0000] {dag.py:4180} INFO - Setting next_dagrun for hello_dag to None, run_after=None
[2026-09-08T06:24:38.553+0000] {processor.py:208} INFO - Processing /opt/airflow/dags/01_hello_dag.py took 0.219 seconds
[2026-09-08T06:25:10.023+0000] {processor.py:186} INFO - Started process (PID=113) to work on /opt/airflow/dags/01_hello_dag.py
[2026-09-08T06:25:10.025+0000] {processor.py:914} INFO - Processing file /opt/airflow/dags/01_hello_dag.py for tasks to queue
[2026-09-08T06:25:10.029+0000] {logging_mixin.py:190} INFO - [2026-09-08T06:25:10.028+0000] {dagbag.py:588} INFO - Filling up the DagBag from /opt/airflow/dags/01_hello_dag.py
[2026-09-08T06:25:10.069+0000] {processor.py:925} INFO - DAG(s) 'hello_dag' retrieved from /opt/airflow/dags/01_hello_dag.py
[2026-09-08T06:25:10.118+0000] {logging_mixin.py:190} INFO - [2026-09-08T06:25:10.117+0000] {dag.py:3239} INFO - Sync 1 DAGs
[2026-09-08T06:25:10.144+0000] {logging_mixin.py:190} INFO - [2026-09-08T06:25:10.144+0000] {dag.py:4180} INFO - Setting next_dagrun for hello_dag to None, run_after=None
[2026-09-08T06:25:10.183+0000] {processor.py:208} INFO - Processing /opt/airflow/dags/01_hello_dag.py took 0.170 seconds
[2026-09-08T06:26:04.084+0000] {processor.py:186} INFO - Started process (PID=133) to work on /opt/airflow/dags/01_hello_dag.py
[2026-09-08T06:26:04.089+0000] {processor.py:914} INFO - Processing file /opt/airflow/dags/01_hello_dag.py for tasks to queue
[2026-09-08T06:26:04.103+0000] {logging_mixin.py:190} INFO - [2026-09-08T06:26:04.103+0000] {dagbag.py:588} INFO - Filling up the DagBag from /opt/airflow/dags/01_hello_dag.py
[2026-09-08T06:26:04.171+0000] {processor.py:925} INFO - DAG(s) 'hello_dag' retrieved from /opt/airflow/dags/01_hello_dag.py
[2026-09-08T06:26:04.610+0000] {logging_mixin.py:190} INFO - [2026-09-08T06:26:04.610+0000] {dag.py:3239} INFO - Sync 1 DAGs
[2026-09-08T06:26:06.499+0000] {logging_mixin.py:190} INFO - [2026-09-08T06:26:06.498+0000] {dag.py:4180} INFO - Setting next_dagrun for hello_dag to None, run_after=None
[2026-09-08T06:26:06.537+0000] {processor.py:208} INFO - Processing /opt/airflow/dags/01_hello_dag.py took 2.469 seconds
[2026-09-08T06:26:37.013+0000] {processor.py:186} INFO - Started process (PID=147) to work on /opt/airflow/dags/01_hello_dag.py
[2026-09-08T06:26:37.015+0000] {processor.py:914} INFO - Processing file /opt/airflow/dags/01_hello_dag.py for tasks to queue
[2026-09-08T06:26:37.019+0000] {logging_mixin.py:190} INFO - [2026-09-08T06:26:37.019+0000] {dagbag.py:588} INFO - Filling up the DagBag from /opt/airflow/dags/01_hello_dag.py
[2026-09-08T06:26:37.390+0000] {processor.py:925} INFO - DAG(s) 'hello_dag' retrieved from /opt/airflow/dags/01_hello_dag.py
[2026-09-08T06:26:37.438+0000] {logging_mixin.py:190} INFO - [2026-09-08T06:26:37.437+0000] {dag.py:3239} INFO - Sync 1 DAGs
[2026-09-08T06:26:37.462+0000] {logging_mixin.py:190} INFO - [2026-09-08T06:26:37.462+0000] {dag.py:4180} INFO - Setting next_dagrun for hello_dag to None, run_after=None
[2026-09-08T06:26:37.506+0000] {processor.py:208} INFO - Processing /opt/airflow/dags/01_hello_dag.py took 0.505 seconds
[2026-09-08T06:27:07.853+0000] {processor.py:186} INFO - Started process (PID=160) to work on /opt/airflow/dags/01_hello_dag.py
[2026-09-08T06:27:07.855+0000] {processor.py:914} INFO - Processing file /opt/airflow/dags/01_hello_dag.py for tasks to queue
[2026-09-08T06:27:07.859+0000] {logging_mixin.py:190} INFO - [2026-09-08T06:27:07.858+0000] {dagbag.py:588} INFO - Filling up the DagBag from /opt/airflow/dags/01_hello_dag.py
[2026-09-08T06:27:07.902+0000] {processor.py:925} INFO - DAG(s) 'hello_dag' retrieved from /opt/airflow/dags/01_hello_dag.py
[2026-09-08T06:27:07.972+0000] {logging_mixin.py:190} INFO - [2026-09-08T06:27:07.972+0000] {dag.py:3239} INFO - Sync 1 DAGs
[2026-09-08T06:27:08.006+0000] {logging_mixin.py:190} INFO - [2026-09-08T06:27:08.005+0000] {dag.py:4180} INFO - Setting next_dagrun for hello_dag to None, run_after=None
[2026-09-08T06:27:08.061+0000] {processor.py:208} INFO - Processing /opt/airflow/dags/01_hello_dag.py took 0.223 seconds
[2026-09-08T06:27:38.288+0000] {processor.py:186} INFO - Started process (PID=173) to work on /opt/airflow/dags/01_hello_dag.py
[2026-09-08T06:27:38.290+0000] {processor.py:914} INFO - Processing file /opt/airflow/dags/01_hello_dag.py for tasks to queue
[2026-09-08T06:27:38.293+0000] {logging_mixin.py:190} INFO - [2026-09-08T06:27:38.292+0000] {dagbag.py:588} INFO - Filling up the DagBag from /opt/airflow/dags/01_hello_dag.py
[2026-09-08T06:27:38.337+0000] {processor.py:925} INFO - DAG(s) 'hello_dag' retrieved from /opt/airflow/dags/01_hello_dag.py
[2026-09-08T06:27:38.400+0000] {logging_mixin.py:190} INFO - [2026-09-08T06:27:38.400+0000] {dag.py:3239} INFO - Sync 1 DAGs
[2026-09-08T06:27:38.432+0000] {logging_mixin.py:190} INFO - [2026-09-08T06:27:38.432+0000] {dag.py:4180} INFO - Setting next_dagrun for hello_dag to None, run_after=None
[2026-09-08T06:27:38.475+0000] {processor.py:208} INFO - Processing /opt/airflow/dags/01_hello_dag.py took 0.202 seconds
[2026-09-08T06:28:09.289+0000] {processor.py:186} INFO - Started process (PID=191) to work on /opt/airflow/dags/01_hello_dag.py
[2026-09-08T06:28:09.291+0000] {processor.py:914} INFO - Processing file /opt/airflow/dags/01_hello_dag.py for tasks to queue
[2026-09-08T06:28:09.295+0000] {logging_mixin.py:190} INFO - [2026-09-08T06:28:09.294+0000] {dagbag.py:588} INFO - Filling up the DagBag from /opt/airflow/dags/01_hello_dag.py
[2026-09-08T06:28:09.341+0000] {processor.py:925} INFO - DAG(s) 'hello_dag' retrieved from /opt/airflow/dags/01_hello_dag.py
[2026-09-08T06:28:09.410+0000] {logging_mixin.py:190} INFO - [2026-09-08T06:28:09.410+0000] {dag.py:3239} INFO - Sync 1 DAGs
[2026-09-08T06:28:09.452+0000] {logging_mixin.py:190} INFO - [2026-09-08T06:28:09.452+0000] {dag.py:4180} INFO - Setting next_dagrun for hello_dag to None, run_after=None
[2026-09-08T06:28:09.491+0000] {processor.py:208} INFO - Processing /opt/airflow/dags/01_hello_dag.py took 0.215 seconds
[2026-09-08T06:37:59.296+0000] {processor.py:186} INFO - Started process (PID=115) to work on /opt/airflow/dags/01_hello_dag.py
[2026-09-08T06:37:59.332+0000] {processor.py:914} INFO - Processing file /opt/airflow/dags/01_hello_dag.py for tasks to queue
[2026-09-08T06:37:59.335+0000] {logging_mixin.py:190} INFO - [2026-09-08T06:37:59.335+0000] {dagbag.py:588} INFO - Filling up the DagBag from /opt/airflow/dags/01_hello_dag.py
[2026-09-08T06:37:59.464+0000] {processor.py:925} INFO - DAG(s) 'hello_dag' retrieved from /opt/airflow/dags/01_hello_dag.py
[2026-09-08T06:38:00.037+0000] {logging_mixin.py:190} INFO - [2026-09-08T06:38:00.033+0000] {override.py:1911} INFO - Created Permission View: can edit on DAG:hello_dag
[2026-09-08T06:38:00.069+0000] {logging_mixin.py:190} INFO - [2026-09-08T06:38:00.068+0000] {override.py:1911} INFO - Created Permission View: can read on DAG:hello_dag
[2026-09-08T06:38:00.085+0000] {logging_mixin.py:190} INFO - [2026-09-08T06:38:00.084+0000] {override.py:1911} INFO - Created Permission View: can delete on DAG:hello_dag
[2026-09-08T06:38:00.112+0000] {logging_mixin.py:190} INFO - [2026-09-08T06:38:00.112+0000] {override.py:1911} INFO - Created Permission View: can create on DAG Run:hello_dag
[2026-09-08T06:38:00.136+0000] {logging_mixin.py:190} INFO - [2026-09-08T06:38:00.135+0000] {override.py:1911} INFO - Created Permission View: menu access on DAG Run:hello_dag
[2026-09-08T06:38:00.164+0000] {logging_mixin.py:190} INFO - [2026-09-08T06:38:00.163+0000] {override.py:1911} INFO - Created Permission View: can read on DAG Run:hello_dag
[2026-09-08T06:38:00.180+0000] {logging_mixin.py:190} INFO - [2026-09-08T06:38:00.180+0000] {override.py:1911} INFO - Created Permission View: can delete on DAG Run:hello_dag
[2026-09-08T06:38:00.182+0000] {logging_mixin.py:190} INFO - [2026-09-08T06:38:00.182+0000] {dag.py:3239} INFO - Sync 1 DAGs
[2026-09-08T06:38:00.210+0000] {logging_mixin.py:190} INFO - [2026-09-08T06:38:00.210+0000] {dag.py:3262} INFO - Creating ORM DAG for hello_dag
[2026-09-08T06:38:00.213+0000] {logging_mixin.py:190} INFO - [2026-09-08T06:38:00.213+0000] {dag.py:4180} INFO - Setting next_dagrun for hello_dag to None, run_after=None
[2026-09-08T06:38:00.310+0000] {processor.py:208} INFO - Processing /opt/airflow/dags/01_hello_dag.py took 1.072 seconds
[2026-09-08T06:38:42.315+0000] {processor.py:186} INFO - Started process (PID=135) to work on /opt/airflow/dags/01_hello_dag.py
[2026-09-08T06:38:42.335+0000] {processor.py:914} INFO - Processing file /opt/airflow/dags/01_hello_dag.py for tasks to queue
[2026-09-08T06:38:42.404+0000] {logging_mixin.py:190} INFO - [2026-09-08T06:38:42.338+0000] {dagbag.py:588} INFO - Filling up the DagBag from /opt/airflow/dags/01_hello_dag.py
[2026-09-08T06:38:42.747+0000] {processor.py:925} INFO - DAG(s) 'hello_dag' retrieved from /opt/airflow/dags/01_hello_dag.py
[2026-09-08T06:38:43.840+0000] {logging_mixin.py:190} INFO - [2026-09-08T06:38:43.840+0000] {dag.py:3239} INFO - Sync 1 DAGs
[2026-09-08T06:38:44.501+0000] {logging_mixin.py:190} INFO - [2026-09-08T06:38:44.501+0000] {dag.py:4180} INFO - Setting next_dagrun for hello_dag to None, run_after=None
[2026-09-08T06:38:44.735+0000] {processor.py:208} INFO - Processing /opt/airflow/dags/01_hello_dag.py took 2.439 seconds
[2026-09-08T06:39:15.040+0000] {processor.py:186} INFO - Started process (PID=147) to work on /opt/airflow/dags/01_hello_dag.py
[2026-09-08T06:39:15.042+0000] {processor.py:914} INFO - Processing file /opt/airflow/dags/01_hello_dag.py for tasks to queue
[2026-09-08T06:39:15.046+0000] {logging_mixin.py:190} INFO - [2026-09-08T06:39:15.045+0000] {dagbag.py:588} INFO - Filling up the DagBag from /opt/airflow/dags/01_hello_dag.py
[2026-09-08T06:39:15.090+0000] {processor.py:925} INFO - DAG(s) 'hello_dag' retrieved from /opt/airflow/dags/01_hello_dag.py
[2026-09-08T06:39:15.837+0000] {logging_mixin.py:190} INFO - [2026-09-08T06:39:15.836+0000] {dag.py:3239} INFO - Sync 1 DAGs
[2026-09-08T06:39:15.916+0000] {logging_mixin.py:190} INFO - [2026-09-08T06:39:15.915+0000] {dag.py:4180} INFO - Setting next_dagrun for hello_dag to None, run_after=None
[2026-09-08T06:39:15.955+0000] {processor.py:208} INFO - Processing /opt/airflow/dags/01_hello_dag.py took 0.928 seconds
[2026-09-08T06:39:46.365+0000] {processor.py:186} INFO - Started process (PID=161) to work on /opt/airflow/dags/01_hello_dag.py
[2026-09-08T06:39:46.367+0000] {processor.py:914} INFO - Processing file /opt/airflow/dags/01_hello_dag.py for tasks to queue
[2026-09-08T06:39:46.372+0000] {logging_mixin.py:190} INFO - [2026-09-08T06:39:46.371+0000] {dagbag.py:588} INFO - Filling up the DagBag from /opt/airflow/dags/01_hello_dag.py
[2026-09-08T06:39:46.427+0000] {processor.py:925} INFO - DAG(s) 'hello_dag' retrieved from /opt/airflow/dags/01_hello_dag.py
[2026-09-08T06:39:46.506+0000] {logging_mixin.py:190} INFO - [2026-09-08T06:39:46.506+0000] {dag.py:3239} INFO - Sync 1 DAGs
[2026-09-08T06:39:46.544+0000] {logging_mixin.py:190} INFO - [2026-09-08T06:39:46.543+0000] {dag.py:4180} INFO - Setting next_dagrun for hello_dag to None, run_after=None
[2026-09-08T06:39:47.902+0000] {processor.py:208} INFO - Processing /opt/airflow/dags/01_hello_dag.py took 1.556 seconds
[2026-09-08T06:40:18.425+0000] {processor.py:186} INFO - Started process (PID=175) to work on /opt/airflow/dags/01_hello_dag.py
[2026-09-08T06:40:18.427+0000] {processor.py:914} INFO - Processing file /opt/airflow/dags/01_hello_dag.py for tasks to queue
[2026-09-08T06:40:18.431+0000] {logging_mixin.py:190} INFO - [2026-09-08T06:40:18.430+0000] {dagbag.py:588} INFO - Filling up the DagBag from /opt/airflow/dags/01_hello_dag.py
[2026-09-08T06:40:18.476+0000] {processor.py:925} INFO - DAG(s) 'hello_dag' retrieved from /opt/airflow/dags/01_hello_dag.py
[2026-09-08T06:40:18.811+0000] {logging_mixin.py:190} INFO - [2026-09-08T06:40:18.811+0000] {dag.py:3239} INFO - Sync 1 DAGs
[2026-09-08T06:40:18.840+0000] {logging_mixin.py:190} INFO - [2026-09-08T06:40:18.839+0000] {dag.py:4180} INFO - Setting next_dagrun for hello_dag to None, run_after=None
[2026-09-08T06:40:18.917+0000] {processor.py:208} INFO - Processing /opt/airflow/dags/01_hello_dag.py took 0.507 seconds
[2026-09-08T06:40:49.567+0000] {processor.py:186} INFO - Started process (PID=189) to work on /opt/airflow/dags/01_hello_dag.py
[2026-09-08T06:40:49.570+0000] {processor.py:914} INFO - Processing file /opt/airflow/dags/01_hello_dag.py for tasks to queue
[2026-09-08T06:40:49.576+0000] {logging_mixin.py:190} INFO - [2026-09-08T06:40:49.574+0000] {dagbag.py:588} INFO - Filling up the DagBag from /opt/airflow/dags/01_hello_dag.py
[2026-09-08T06:40:49.631+0000] {processor.py:925} INFO - DAG(s) 'hello_dag' retrieved from /opt/airflow/dags/01_hello_dag.py
[2026-09-08T06:40:49.698+0000] {logging_mixin.py:190} INFO - [2026-09-08T06:40:49.697+0000] {dag.py:3239} INFO - Sync 1 DAGs
[2026-09-08T06:40:49.734+0000] {logging_mixin.py:190} INFO - [2026-09-08T06:40:49.734+0000] {dag.py:4180} INFO - Setting next_dagrun for hello_dag to None, run_after=None
[2026-09-08T06:40:49.774+0000] {processor.py:208} INFO - Processing /opt/airflow/dags/01_hello_dag.py took 0.227 seconds
[2026-09-08T06:41:20.142+0000] {processor.py:186} INFO - Started process (PID=203) to work on /opt/airflow/dags/01_hello_dag.py
[2026-09-08T06:41:20.144+0000] {processor.py:914} INFO - Processing file /opt/airflow/dags/01_hello_dag.py for tasks to queue
[2026-09-08T06:41:20.147+0000] {logging_mixin.py:190} INFO - [2026-09-08T06:41:20.146+0000] {dagbag.py:588} INFO - Filling up the DagBag from /opt/airflow/dags/01_hello_dag.py
[2026-09-08T06:41:20.193+0000] {processor.py:925} INFO - DAG(s) 'hello_dag' retrieved from /opt/airflow/dags/01_hello_dag.py
[2026-09-08T06:41:20.246+0000] {logging_mixin.py:190} INFO - [2026-09-08T06:41:20.246+0000] {dag.py:3239} INFO - Sync 1 DAGs
[2026-09-08T06:41:20.281+0000] {logging_mixin.py:190} INFO - [2026-09-08T06:41:20.280+0000] {dag.py:4180} INFO - Setting next_dagrun for hello_dag to None, run_after=None
[2026-09-08T06:41:20.323+0000] {processor.py:208} INFO - Processing /opt/airflow/dags/01_hello_dag.py took 0.192 seconds
[2026-09-08T06:41:50.611+0000] {processor.py:186} INFO - Started process (PID=217) to work on /opt/airflow/dags/01_hello_dag.py
[2026-09-08T06:41:50.613+0000] {processor.py:914} INFO - Processing file /opt/airflow/dags/01_hello_dag.py for tasks to queue
[2026-09-08T06:41:50.617+0000] {logging_mixin.py:190} INFO - [2026-09-08T06:41:50.616+0000] {dagbag.py:588} INFO - Filling up the DagBag from /opt/airflow/dags/01_hello_dag.py
[2026-09-08T06:41:50.662+0000] {processor.py:925} INFO - DAG(s) 'hello_dag' retrieved from /opt/airflow/dags/01_hello_dag.py
[2026-09-08T06:41:50.725+0000] {logging_mixin.py:190} INFO - [2026-09-08T06:41:50.724+0000] {dag.py:3239} INFO - Sync 1 DAGs
[2026-09-08T06:41:50.761+0000] {logging_mixin.py:190} INFO - [2026-09-08T06:41:50.761+0000] {dag.py:4180} INFO - Setting next_dagrun for hello_dag to None, run_after=None
[2026-09-08T06:41:50.810+0000] {processor.py:208} INFO - Processing /opt/airflow/dags/01_hello_dag.py took 0.214 seconds
[2026-09-08T06:42:21.091+0000] {processor.py:186} INFO - Started process (PID=231) to work on /opt/airflow/dags/01_hello_dag.py
[2026-09-08T06:42:21.094+0000] {processor.py:914} INFO - Processing file /opt/airflow/dags/01_hello_dag.py for tasks to queue
[2026-09-08T06:42:21.099+0000] {logging_mixin.py:190} INFO - [2026-09-08T06:42:21.098+0000] {dagbag.py:588} INFO - Filling up the DagBag from /opt/airflow/dags/01_hello_dag.py
[2026-09-08T06:42:21.153+0000] {processor.py:925} INFO - DAG(s) 'hello_dag' retrieved from /opt/airflow/dags/01_hello_dag.py
[2026-09-08T06:42:21.383+0000] {logging_mixin.py:190} INFO - [2026-09-08T06:42:21.382+0000] {dag.py:3239} INFO - Sync 1 DAGs
[2026-09-08T06:42:21.427+0000] {logging_mixin.py:190} INFO - [2026-09-08T06:42:21.427+0000] {dag.py:4180} INFO - Setting next_dagrun for hello_dag to None, run_after=None
[2026-09-08T06:42:21.807+0000] {processor.py:208} INFO - Processing /opt/airflow/dags/01_hello_dag.py took 0.730 seconds
[2026-09-08T06:42:52.576+0000] {processor.py:186} INFO - Started process (PID=245) to work on /opt/airflow/dags/01_hello_dag.py
[2026-09-08T06:42:52.578+0000] {processor.py:914} INFO - Processing file /opt/airflow/dags/01_hello_dag.py for tasks to queue
[2026-09-08T06:42:52.584+0000] {logging_mixin.py:190} INFO - [2026-09-08T06:42:52.584+0000] {dagbag.py:588} INFO - Filling up the DagBag from /opt/airflow/dags/01_hello_dag.py
[2026-09-08T06:42:52.625+0000] {processor.py:925} INFO - DAG(s) 'hello_dag' retrieved from /opt/airflow/dags/01_hello_dag.py
[2026-09-08T06:42:52.681+0000] {logging_mixin.py:190} INFO - [2026-09-08T06:42:52.681+0000] {dag.py:3239} INFO - Sync 1 DAGs
[2026-09-08T06:42:52.708+0000] {logging_mixin.py:190} INFO - [2026-09-08T06:42:52.708+0000] {dag.py:4180} INFO - Setting next_dagrun for hello_dag to None, run_after=None
[2026-09-08T06:42:52.747+0000] {processor.py:208} INFO - Processing /opt/airflow/dags/01_hello_dag.py took 0.184 seconds
[2026-09-08T06:43:22.846+0000] {processor.py:186} INFO - Started process (PID=259) to work on /opt/airflow/dags/01_hello_dag.py
[2026-09-08T06:43:22.849+0000] {processor.py:914} INFO - Processing file /opt/airflow/dags/01_hello_dag.py for tasks to queue
[2026-09-08T06:43:22.855+0000] {logging_mixin.py:190} INFO - [2026-09-08T06:43:22.853+0000] {dagbag.py:588} INFO - Filling up the DagBag from /opt/airflow/dags/01_hello_dag.py
[2026-09-08T06:43:22.909+0000] {processor.py:925} INFO - DAG(s) 'hello_dag' retrieved from /opt/airflow/dags/01_hello_dag.py
[2026-09-08T06:43:22.981+0000] {logging_mixin.py:190} INFO - [2026-09-08T06:43:22.981+0000] {dag.py:3239} INFO - Sync 1 DAGs
[2026-09-08T06:43:23.013+0000] {logging_mixin.py:190} INFO - [2026-09-08T06:43:23.012+0000] {dag.py:4180} INFO - Setting next_dagrun for hello_dag to None, run_after=None
[2026-09-08T06:43:23.058+0000] {processor.py:208} INFO - Processing /opt/airflow/dags/01_hello_dag.py took 0.227 seconds
[2026-09-08T06:43:53.672+0000] {processor.py:186} INFO - Started process (PID=273) to work on /opt/airflow/dags/01_hello_dag.py
[2026-09-08T06:43:53.674+0000] {processor.py:914} INFO - Processing file /opt/airflow/dags/01_hello_dag.py for tasks to queue
[2026-09-08T06:43:53.678+0000] {logging_mixin.py:190} INFO - [2026-09-08T06:43:53.677+0000] {dagbag.py:588} INFO - Filling up the DagBag from /opt/airflow/dags/01_hello_dag.py
[2026-09-08T06:43:53.734+0000] {processor.py:925} INFO - DAG(s) 'hello_dag' retrieved from /opt/airflow/dags/01_hello_dag.py
[2026-09-08T06:43:53.810+0000] {logging_mixin.py:190} INFO - [2026-09-08T06:43:53.810+0000] {dag.py:3239} INFO - Sync 1 DAGs
[2026-09-08T06:43:53.845+0000] {logging_mixin.py:190} INFO - [2026-09-08T06:43:53.845+0000] {dag.py:4180} INFO - Setting next_dagrun for hello_dag to None, run_after=None
[2026-09-08T06:43:53.885+0000] {processor.py:208} INFO - Processing /opt/airflow/dags/01_hello_dag.py took 0.232 seconds
[2026-09-08T06:44:24.503+0000] {processor.py:186} INFO - Started process (PID=287) to work on /opt/airflow/dags/01_hello_dag.py
[2026-09-08T06:44:24.514+0000] {processor.py:914} INFO - Processing file /opt/airflow/dags/01_hello_dag.py for tasks to queue
[2026-09-08T06:44:24.522+0000] {logging_mixin.py:190} INFO - [2026-09-08T06:44:24.518+0000] {dagbag.py:588} INFO - Filling up the DagBag from /opt/airflow/dags/01_hello_dag.py
[2026-09-08T06:44:24.648+0000] {processor.py:925} INFO - DAG(s) 'hello_dag' retrieved from /opt/airflow/dags/01_hello_dag.py
[2026-09-08T06:44:24.876+0000] {logging_mixin.py:190} INFO - [2026-09-08T06:44:24.876+0000] {dag.py:3239} INFO - Sync 1 DAGs
[2026-09-08T06:44:24.924+0000] {logging_mixin.py:190} INFO - [2026-09-08T06:44:24.923+0000] {dag.py:4180} INFO - Setting next_dagrun for hello_dag to None, run_after=None
[2026-09-08T06:44:24.969+0000] {processor.py:208} INFO - Processing /opt/airflow/dags/01_hello_dag.py took 0.580 seconds
[2026-09-08T06:44:55.298+0000] {processor.py:186} INFO - Started process (PID=301) to work on /opt/airflow/dags/01_hello_dag.py
[2026-09-08T06:44:55.300+0000] {processor.py:914} INFO - Processing file /opt/airflow/dags/01_hello_dag.py for tasks to queue
[2026-09-08T06:44:55.304+0000] {logging_mixin.py:190} INFO - [2026-09-08T06:44:55.304+0000] {dagbag.py:588} INFO - Filling up the DagBag from /opt/airflow/dags/01_hello_dag.py
[2026-09-08T06:44:55.353+0000] {processor.py:925} INFO - DAG(s) 'hello_dag' retrieved from /opt/airflow/dags/01_hello_dag.py
[2026-09-08T06:44:55.459+0000] {logging_mixin.py:190} INFO - [2026-09-08T06:44:55.459+0000] {dag.py:3239} INFO - Sync 1 DAGs
[2026-09-08T06:44:55.496+0000] {logging_mixin.py:190} INFO - [2026-09-08T06:44:55.496+0000] {dag.py:4180} INFO - Setting next_dagrun for hello_dag to None, run_after=None
[2026-09-08T06:44:55.550+0000] {processor.py:208} INFO - Processing /opt/airflow/dags/01_hello_dag.py took 0.265 seconds
[2026-09-08T06:45:25.643+0000] {processor.py:186} INFO - Started process (PID=315) to work on /opt/airflow/dags/01_hello_dag.py
[2026-09-08T06:45:25.646+0000] {processor.py:914} INFO - Processing file /opt/airflow/dags/01_hello_dag.py for tasks to queue
[2026-09-08T06:45:25.649+0000] {logging_mixin.py:190} INFO - [2026-09-08T06:45:25.649+0000] {dagbag.py:588} INFO - Filling up the DagBag from /opt/airflow/dags/01_hello_dag.py
[2026-09-08T06:45:25.694+0000] {processor.py:925} INFO - DAG(s) 'hello_dag' retrieved from /opt/airflow/dags/01_hello_dag.py
[2026-09-08T06:45:25.760+0000] {logging_mixin.py:190} INFO - [2026-09-08T06:45:25.760+0000] {dag.py:3239} INFO - Sync 1 DAGs
[2026-09-08T06:45:25.804+0000] {logging_mixin.py:190} INFO - [2026-09-08T06:45:25.804+0000] {dag.py:4180} INFO - Setting next_dagrun for hello_dag to None, run_after=None
[2026-09-08T06:45:25.866+0000] {processor.py:208} INFO - Processing /opt/airflow/dags/01_hello_dag.py took 0.237 seconds
[2026-09-08T06:45:56.099+0000] {processor.py:186} INFO - Started process (PID=329) to work on /opt/airflow/dags/01_hello_dag.py
[2026-09-08T06:45:56.100+0000] {processor.py:914} INFO - Processing file /opt/airflow/dags/01_hello_dag.py for tasks to queue
[2026-09-08T06:45:56.104+0000] {logging_mixin.py:190} INFO - [2026-09-08T06:45:56.103+0000] {dagbag.py:588} INFO - Filling up the DagBag from /opt/airflow/dags/01_hello_dag.py
[2026-09-08T06:45:56.148+0000] {processor.py:925} INFO - DAG(s) 'hello_dag' retrieved from /opt/airflow/dags/01_hello_dag.py
[2026-09-08T06:45:56.201+0000] {logging_mixin.py:190} INFO - [2026-09-08T06:45:56.201+0000] {dag.py:3239} INFO - Sync 1 DAGs
[2026-09-08T06:45:56.231+0000] {logging_mixin.py:190} INFO - [2026-09-08T06:45:56.231+0000] {dag.py:4180} INFO - Setting next_dagrun for hello_dag to None, run_after=None
[2026-09-08T06:45:56.276+0000] {processor.py:208} INFO - Processing /opt/airflow/dags/01_hello_dag.py took 0.196 seconds
[2026-09-08T06:46:26.553+0000] {processor.py:186} INFO - Started process (PID=342) to work on /opt/airflow/dags/01_hello_dag.py
[2026-09-08T06:46:26.555+0000] {processor.py:914} INFO - Processing file /opt/airflow/dags/01_hello_dag.py for tasks to queue
[2026-09-08T06:46:26.560+0000] {logging_mixin.py:190} INFO - [2026-09-08T06:46:26.559+0000] {dagbag.py:588} INFO - Filling up the DagBag from /opt/airflow/dags/01_hello_dag.py
[2026-09-08T06:46:26.611+0000] {processor.py:925} INFO - DAG(s) 'hello_dag' retrieved from /opt/airflow/dags/01_hello_dag.py
[2026-09-08T06:46:26.685+0000] {logging_mixin.py:190} INFO - [2026-09-08T06:46:26.685+0000] {dag.py:3239} INFO - Sync 1 DAGs
[2026-09-08T06:46:26.719+0000] {logging_mixin.py:190} INFO - [2026-09-08T06:46:26.719+0000] {dag.py:4180} INFO - Setting next_dagrun for hello_dag to None, run_after=None
[2026-09-08T06:46:26.761+0000] {processor.py:208} INFO - Processing /opt/airflow/dags/01_hello_dag.py took 0.224 seconds
[2026-09-08T06:46:57.412+0000] {processor.py:186} INFO - Started process (PID=355) to work on /opt/airflow/dags/01_hello_dag.py
[2026-09-08T06:46:57.430+0000] {processor.py:914} INFO - Processing file /opt/airflow/dags/01_hello_dag.py for tasks to queue
[2026-09-08T06:46:57.434+0000] {logging_mixin.py:190} INFO - [2026-09-08T06:46:57.433+0000] {dagbag.py:588} INFO - Filling up the DagBag from /opt/airflow/dags/01_hello_dag.py
[2026-09-08T06:46:57.486+0000] {processor.py:925} INFO - DAG(s) 'hello_dag' retrieved from /opt/airflow/dags/01_hello_dag.py
[2026-09-08T06:46:57.537+0000] {logging_mixin.py:190} INFO - [2026-09-08T06:46:57.537+0000] {dag.py:3239} INFO - Sync 1 DAGs
[2026-09-08T06:46:57.564+0000] {logging_mixin.py:190} INFO - [2026-09-08T06:46:57.564+0000] {dag.py:4180} INFO - Setting next_dagrun for hello_dag to None, run_after=None
[2026-09-08T06:46:57.600+0000] {processor.py:208} INFO - Processing /opt/airflow/dags/01_hello_dag.py took 0.199 seconds
[2026-09-08T06:47:28.290+0000] {processor.py:186} INFO - Started process (PID=369) to work on /opt/airflow/dags/01_hello_dag.py
[2026-09-08T06:47:28.307+0000] {processor.py:914} INFO - Processing file /opt/airflow/dags/01_hello_dag.py for tasks to queue
[2026-09-08T06:47:28.337+0000] {logging_mixin.py:190} INFO - [2026-09-08T06:47:28.337+0000] {dagbag.py:588} INFO - Filling up the DagBag from /opt/airflow/dags/01_hello_dag.py
[2026-09-08T06:47:28.436+0000] {processor.py:925} INFO - DAG(s) 'hello_dag' retrieved from /opt/airflow/dags/01_hello_dag.py
[2026-09-08T06:47:28.491+0000] {logging_mixin.py:190} INFO - [2026-09-08T06:47:28.491+0000] {dag.py:3239} INFO - Sync 1 DAGs
[2026-09-08T06:47:28.520+0000] {logging_mixin.py:190} INFO - [2026-09-08T06:47:28.520+0000] {dag.py:4180} INFO - Setting next_dagrun for hello_dag to None, run_after=None
[2026-09-08T06:47:28.562+0000] {processor.py:208} INFO - Processing /opt/airflow/dags/01_hello_dag.py took 0.285 seconds
[2026-09-08T06:47:58.774+0000] {processor.py:186} INFO - Started process (PID=383) to work on /opt/airflow/dags/01_hello_dag.py
[2026-09-08T06:47:58.776+0000] {processor.py:914} INFO - Processing file /opt/airflow/dags/01_hello_dag.py for tasks to queue
[2026-09-08T06:47:58.780+0000] {logging_mixin.py:190} INFO - [2026-09-08T06:47:58.779+0000] {dagbag.py:588} INFO - Filling up the DagBag from /opt/airflow/dags/01_hello_dag.py
[2026-09-08T06:47:58.827+0000] {processor.py:925} INFO - DAG(s) 'hello_dag' retrieved from /opt/airflow/dags/01_hello_dag.py
[2026-09-08T06:47:58.905+0000] {logging_mixin.py:190} INFO - [2026-09-08T06:47:58.904+0000] {dag.py:3239} INFO - Sync 1 DAGs
[2026-09-08T06:47:58.942+0000] {logging_mixin.py:190} INFO - [2026-09-08T06:47:58.942+0000] {dag.py:4180} INFO - Setting next_dagrun for hello_dag to None, run_after=None
[2026-09-08T06:47:58.992+0000] {processor.py:208} INFO - Processing /opt/airflow/dags/01_hello_dag.py took 0.234 seconds
[2026-09-08T06:48:29.281+0000] {processor.py:186} INFO - Started process (PID=397) to work on /opt/airflow/dags/01_hello_dag.py
[2026-09-08T06:48:29.282+0000] {processor.py:914} INFO - Processing file /opt/airflow/dags/01_hello_dag.py for tasks to queue
[2026-09-08T06:48:29.286+0000] {logging_mixin.py:190} INFO - [2026-09-08T06:48:29.285+0000] {dagbag.py:588} INFO - Filling up the DagBag from /opt/airflow/dags/01_hello_dag.py
[2026-09-08T06:48:29.326+0000] {processor.py:925} INFO - DAG(s) 'hello_dag' retrieved from /opt/airflow/dags/01_hello_dag.py
[2026-09-08T06:48:29.382+0000] {logging_mixin.py:190} INFO - [2026-09-08T06:48:29.381+0000] {dag.py:3239} INFO - Sync 1 DAGs
[2026-09-08T06:48:29.412+0000] {logging_mixin.py:190} INFO - [2026-09-08T06:48:29.411+0000] {dag.py:4180} INFO - Setting next_dagrun for hello_dag to None, run_after=None
[2026-09-08T06:48:29.450+0000] {processor.py:208} INFO - Processing /opt/airflow/dags/01_hello_dag.py took 0.183 seconds
[2026-09-08T06:48:59.604+0000] {processor.py:186} INFO - Started process (PID=411) to work on /opt/airflow/dags/01_hello_dag.py
[2026-09-08T06:48:59.606+0000] {processor.py:914} INFO - Processing file /opt/airflow/dags/01_hello_dag.py for tasks to queue
[2026-09-08T06:48:59.609+0000] {logging_mixin.py:190} INFO - [2026-09-08T06:48:59.609+0000] {dagbag.py:588} INFO - Filling up the DagBag from /opt/airflow/dags/01_hello_dag.py
[2026-09-08T06:48:59.654+0000] {processor.py:925} INFO - DAG(s) 'hello_dag' retrieved from /opt/airflow/dags/01_hello_dag.py
[2026-09-08T06:48:59.710+0000] {logging_mixin.py:190} INFO - [2026-09-08T06:48:59.710+0000] {dag.py:3239} INFO - Sync 1 DAGs
[2026-09-08T06:48:59.741+0000] {logging_mixin.py:190} INFO - [2026-09-08T06:48:59.740+0000] {dag.py:4180} INFO - Setting next_dagrun for hello_dag to None, run_after=None
[2026-09-08T06:48:59.786+0000] {processor.py:208} INFO - Processing /opt/airflow/dags/01_hello_dag.py took 0.193 seconds
[2026-09-08T06:49:30.216+0000] {processor.py:186} INFO - Started process (PID=425) to work on /opt/airflow/dags/01_hello_dag.py
[2026-09-08T06:49:30.218+0000] {processor.py:914} INFO - Processing file /opt/airflow/dags/01_hello_dag.py for tasks to queue
[2026-09-08T06:49:30.221+0000] {logging_mixin.py:190} INFO - [2026-09-08T06:49:30.220+0000] {dagbag.py:588} INFO - Filling up the DagBag from /opt/airflow/dags/01_hello_dag.py
[2026-09-08T06:49:30.265+0000] {processor.py:925} INFO - DAG(s) 'hello_dag' retrieved from /opt/airflow/dags/01_hello_dag.py
[2026-09-08T06:49:30.331+0000] {logging_mixin.py:190} INFO - [2026-09-08T06:49:30.331+0000] {dag.py:3239} INFO - Sync 1 DAGs
[2026-09-08T06:49:30.362+0000] {logging_mixin.py:190} INFO - [2026-09-08T06:49:30.361+0000] {dag.py:4180} INFO - Setting next_dagrun for hello_dag to None, run_after=None
[2026-09-08T06:49:30.404+0000] {processor.py:208} INFO - Processing /opt/airflow/dags/01_hello_dag.py took 0.200 seconds
[2026-09-08T06:50:00.615+0000] {processor.py:186} INFO - Started process (PID=439) to work on /opt/airflow/dags/01_hello_dag.py
[2026-09-08T06:50:00.616+0000] {processor.py:914} INFO - Processing file /opt/airflow/dags/01_hello_dag.py for tasks to queue
[2026-09-08T06:50:00.619+0000] {logging_mixin.py:190} INFO - [2026-09-08T06:50:00.619+0000] {dagbag.py:588} INFO - Filling up the DagBag from /opt/airflow/dags/01_hello_dag.py
[2026-09-08T06:50:00.657+0000] {processor.py:925} INFO - DAG(s) 'hello_dag' retrieved from /opt/airflow/dags/01_hello_dag.py
[2026-09-08T06:50:00.723+0000] {logging_mixin.py:190} INFO - [2026-09-08T06:50:00.723+0000] {dag.py:3239} INFO - Sync 1 DAGs
[2026-09-08T06:50:00.761+0000] {logging_mixin.py:190} INFO - [2026-09-08T06:50:00.760+0000] {dag.py:4180} INFO - Setting next_dagrun for hello_dag to None, run_after=None
[2026-09-08T06:50:00.802+0000] {processor.py:208} INFO - Processing /opt/airflow/dags/01_hello_dag.py took 0.199 seconds
[2026-09-08T06:50:31.674+0000] {processor.py:186} INFO - Started process (PID=454) to work on /opt/airflow/dags/01_hello_dag.py
[2026-09-08T06:50:31.675+0000] {processor.py:914} INFO - Processing file /opt/airflow/dags/01_hello_dag.py for tasks to queue
[2026-09-08T06:50:31.679+0000] {logging_mixin.py:190} INFO - [2026-09-08T06:50:31.678+0000] {dagbag.py:588} INFO - Filling up the DagBag from /opt/airflow/dags/01_hello_dag.py
[2026-09-08T06:50:31.720+0000] {processor.py:925} INFO - DAG(s) 'hello_dag' retrieved from /opt/airflow/dags/01_hello_dag.py
[2026-09-08T06:50:31.776+0000] {logging_mixin.py:190} INFO - [2026-09-08T06:50:31.776+0000] {dag.py:3239} INFO - Sync 1 DAGs
[2026-09-08T06:50:31.807+0000] {logging_mixin.py:190} INFO - [2026-09-08T06:50:31.807+0000] {dag.py:4180} INFO - Setting next_dagrun for hello_dag to None, run_after=None
[2026-09-08T06:50:31.844+0000] {processor.py:208} INFO - Processing /opt/airflow/dags/01_hello_dag.py took 0.182 seconds
[2026-09-08T06:51:02.406+0000] {processor.py:186} INFO - Started process (PID=468) to work on /opt/airflow/dags/01_hello_dag.py
[2026-09-08T06:51:02.408+0000] {processor.py:914} INFO - Processing file /opt/airflow/dags/01_hello_dag.py for tasks to queue
[2026-09-08T06:51:02.412+0000] {logging_mixin.py:190} INFO - [2026-09-08T06:51:02.411+0000] {dagbag.py:588} INFO - Filling up the DagBag from /opt/airflow/dags/01_hello_dag.py
[2026-09-08T06:51:02.455+0000] {processor.py:925} INFO - DAG(s) 'hello_dag' retrieved from /opt/airflow/dags/01_hello_dag.py
[2026-09-08T06:51:02.512+0000] {logging_mixin.py:190} INFO - [2026-09-08T06:51:02.512+0000] {dag.py:3239} INFO - Sync 1 DAGs
[2026-09-08T06:51:02.538+0000] {logging_mixin.py:190} INFO - [2026-09-08T06:51:02.537+0000] {dag.py:4180} INFO - Setting next_dagrun for hello_dag to None, run_after=None
[2026-09-08T06:51:02.580+0000] {processor.py:208} INFO - Processing /opt/airflow/dags/01_hello_dag.py took 0.186 seconds
[2026-09-08T06:51:33.496+0000] {processor.py:186} INFO - Started process (PID=482) to work on /opt/airflow/dags/01_hello_dag.py
[2026-09-08T06:51:33.498+0000] {processor.py:914} INFO - Processing file /opt/airflow/dags/01_hello_dag.py for tasks to queue
[2026-09-08T06:51:33.502+0000] {logging_mixin.py:190} INFO - [2026-09-08T06:51:33.501+0000] {dagbag.py:588} INFO - Filling up the DagBag from /opt/airflow/dags/01_hello_dag.py
[2026-09-08T06:51:33.551+0000] {processor.py:925} INFO - DAG(s) 'hello_dag' retrieved from /opt/airflow/dags/01_hello_dag.py
[2026-09-08T06:51:33.606+0000] {logging_mixin.py:190} INFO - [2026-09-08T06:51:33.606+0000] {dag.py:3239} INFO - Sync 1 DAGs
[2026-09-08T06:51:33.643+0000] {logging_mixin.py:190} INFO - [2026-09-08T06:51:33.642+0000] {dag.py:4180} INFO - Setting next_dagrun for hello_dag to None, run_after=None
[2026-09-08T06:51:33.679+0000] {processor.py:208} INFO - Processing /opt/airflow/dags/01_hello_dag.py took 0.195 seconds
[2026-09-08T06:52:04.009+0000] {processor.py:186} INFO - Started process (PID=496) to work on /opt/airflow/dags/01_hello_dag.py
[2026-09-08T06:52:04.011+0000] {processor.py:914} INFO - Processing file /opt/airflow/dags/01_hello_dag.py for tasks to queue
[2026-09-08T06:52:04.015+0000] {logging_mixin.py:190} INFO - [2026-09-08T06:52:04.014+0000] {dagbag.py:588} INFO - Filling up the DagBag from /opt/airflow/dags/01_hello_dag.py
[2026-09-08T06:52:04.065+0000] {processor.py:925} INFO - DAG(s) 'hello_dag' retrieved from /opt/airflow/dags/01_hello_dag.py
[2026-09-08T06:52:04.296+0000] {logging_mixin.py:190} INFO - [2026-09-08T06:52:04.296+0000] {dag.py:3239} INFO - Sync 1 DAGs
[2026-09-08T06:52:04.329+0000] {logging_mixin.py:190} INFO - [2026-09-08T06:52:04.328+0000] {dag.py:4180} INFO - Setting next_dagrun for hello_dag to None, run_after=None
[2026-09-08T06:52:04.371+0000] {processor.py:208} INFO - Processing /opt/airflow/dags/01_hello_dag.py took 0.377 seconds
[2026-09-08T06:52:34.683+0000] {processor.py:186} INFO - Started process (PID=510) to work on /opt/airflow/dags/01_hello_dag.py
[2026-09-08T06:52:34.723+0000] {processor.py:914} INFO - Processing file /opt/airflow/dags/01_hello_dag.py for tasks to queue
[2026-09-08T06:52:34.727+0000] {logging_mixin.py:190} INFO - [2026-09-08T06:52:34.726+0000] {dagbag.py:588} INFO - Filling up the DagBag from /opt/airflow/dags/01_hello_dag.py
[2026-09-08T06:52:34.785+0000] {processor.py:925} INFO - DAG(s) 'hello_dag' retrieved from /opt/airflow/dags/01_hello_dag.py
[2026-09-08T06:52:34.840+0000] {logging_mixin.py:190} INFO - [2026-09-08T06:52:34.840+0000] {dag.py:3239} INFO - Sync 1 DAGs
[2026-09-08T06:52:34.866+0000] {logging_mixin.py:190} INFO - [2026-09-08T06:52:34.866+0000] {dag.py:4180} INFO - Setting next_dagrun for hello_dag to None, run_after=None
[2026-09-08T06:52:34.899+0000] {processor.py:208} INFO - Processing /opt/airflow/dags/01_hello_dag.py took 0.227 seconds
[2026-09-08T06:53:05.237+0000] {processor.py:186} INFO - Started process (PID=524) to work on /opt/airflow/dags/01_hello_dag.py
[2026-09-08T06:53:05.239+0000] {processor.py:914} INFO - Processing file /opt/airflow/dags/01_hello_dag.py for tasks to queue
[2026-09-08T06:53:05.242+0000] {logging_mixin.py:190} INFO - [2026-09-08T06:53:05.241+0000] {dagbag.py:588} INFO - Filling up the DagBag from /opt/airflow/dags/01_hello_dag.py
[2026-09-08T06:53:05.284+0000] {processor.py:925} INFO - DAG(s) 'hello_dag' retrieved from /opt/airflow/dags/01_hello_dag.py
[2026-09-08T06:53:05.337+0000] {logging_mixin.py:190} INFO - [2026-09-08T06:53:05.336+0000] {dag.py:3239} INFO - Sync 1 DAGs
[2026-09-08T06:53:05.359+0000] {logging_mixin.py:190} INFO - [2026-09-08T06:53:05.359+0000] {dag.py:4180} INFO - Setting next_dagrun for hello_dag to None, run_after=None
[2026-09-08T06:53:05.397+0000] {processor.py:208} INFO - Processing /opt/airflow/dags/01_hello_dag.py took 0.171 seconds
[2026-09-08T06:53:35.675+0000] {processor.py:186} INFO - Started process (PID=538) to work on /opt/airflow/dags/01_hello_dag.py
[2026-09-08T06:53:35.677+0000] {processor.py:914} INFO - Processing file /opt/airflow/dags/01_hello_dag.py for tasks to queue
[2026-09-08T06:53:35.680+0000] {logging_mixin.py:190} INFO - [2026-09-08T06:53:35.679+0000] {dagbag.py:588} INFO - Filling up the DagBag from /opt/airflow/dags/01_hello_dag.py
[2026-09-08T06:53:35.719+0000] {processor.py:925} INFO - DAG(s) 'hello_dag' retrieved from /opt/airflow/dags/01_hello_dag.py
[2026-09-08T06:53:35.771+0000] {logging_mixin.py:190} INFO - [2026-09-08T06:53:35.770+0000] {dag.py:3239} INFO - Sync 1 DAGs
[2026-09-08T06:53:35.796+0000] {logging_mixin.py:190} INFO - [2026-09-08T06:53:35.795+0000] {dag.py:4180} INFO - Setting next_dagrun for hello_dag to None, run_after=None
[2026-09-08T06:53:35.837+0000] {processor.py:208} INFO - Processing /opt/airflow/dags/01_hello_dag.py took 0.173 seconds
[2026-09-08T06:54:06.179+0000] {processor.py:186} INFO - Started process (PID=552) to work on /opt/airflow/dags/01_hello_dag.py
[2026-09-08T06:54:06.181+0000] {processor.py:914} INFO - Processing file /opt/airflow/dags/01_hello_dag.py for tasks to queue
[2026-09-08T06:54:06.184+0000] {logging_mixin.py:190} INFO - [2026-09-08T06:54:06.184+0000] {dagbag.py:588} INFO - Filling up the DagBag from /opt/airflow/dags/01_hello_dag.py
[2026-09-08T06:54:06.230+0000] {processor.py:925} INFO - DAG(s) 'hello_dag' retrieved from /opt/airflow/dags/01_hello_dag.py
[2026-09-08T06:54:06.293+0000] {logging_mixin.py:190} INFO - [2026-09-08T06:54:06.293+0000] {dag.py:3239} INFO - Sync 1 DAGs
[2026-09-08T06:54:06.327+0000] {logging_mixin.py:190} INFO - [2026-09-08T06:54:06.326+0000] {dag.py:4180} INFO - Setting next_dagrun for hello_dag to None, run_after=None
[2026-09-08T06:54:06.362+0000] {processor.py:208} INFO - Processing /opt/airflow/dags/01_hello_dag.py took 0.194 seconds
[2026-09-08T06:54:36.534+0000] {processor.py:186} INFO - Started process (PID=566) to work on /opt/airflow/dags/01_hello_dag.py
[2026-09-08T06:54:36.536+0000] {processor.py:914} INFO - Processing file /opt/airflow/dags/01_hello_dag.py for tasks to queue
[2026-09-08T06:54:36.539+0000] {logging_mixin.py:190} INFO - [2026-09-08T06:54:36.538+0000] {dagbag.py:588} INFO - Filling up the DagBag from /opt/airflow/dags/01_hello_dag.py
[2026-09-08T06:54:36.578+0000] {processor.py:925} INFO - DAG(s) 'hello_dag' retrieved from /opt/airflow/dags/01_hello_dag.py
[2026-09-08T06:54:36.635+0000] {logging_mixin.py:190} INFO - [2026-09-08T06:54:36.635+0000] {dag.py:3239} INFO - Sync 1 DAGs
[2026-09-08T06:54:36.666+0000] {logging_mixin.py:190} INFO - [2026-09-08T06:54:36.665+0000] {dag.py:4180} INFO - Setting next_dagrun for hello_dag to None, run_after=None
[2026-09-08T06:54:36.709+0000] {processor.py:208} INFO - Processing /opt/airflow/dags/01_hello_dag.py took 0.187 seconds
[2026-09-08T06:55:06.937+0000] {processor.py:186} INFO - Started process (PID=580) to work on /opt/airflow/dags/01_hello_dag.py
[2026-09-08T06:55:06.939+0000] {processor.py:914} INFO - Processing file /opt/airflow/dags/01_hello_dag.py for tasks to queue
[2026-09-08T06:55:06.943+0000] {logging_mixin.py:190} INFO - [2026-09-08T06:55:06.942+0000] {dagbag.py:588} INFO - Filling up the DagBag from /opt/airflow/dags/01_hello_dag.py
[2026-09-08T06:55:06.987+0000] {processor.py:925} INFO - DAG(s) 'hello_dag' retrieved from /opt/airflow/dags/01_hello_dag.py
[2026-09-08T06:55:07.045+0000] {logging_mixin.py:190} INFO - [2026-09-08T06:55:07.044+0000] {dag.py:3239} INFO - Sync 1 DAGs
[2026-09-08T06:55:07.073+0000] {logging_mixin.py:190} INFO - [2026-09-08T06:55:07.073+0000] {dag.py:4180} INFO - Setting next_dagrun for hello_dag to None, run_after=None
[2026-09-08T06:55:07.120+0000] {processor.py:208} INFO - Processing /opt/airflow/dags/01_hello_dag.py took 0.195 seconds
[2026-09-08T06:55:37.319+0000] {processor.py:186} INFO - Started process (PID=594) to work on /opt/airflow/dags/01_hello_dag.py
[2026-09-08T06:55:37.321+0000] {processor.py:914} INFO - Processing file /opt/airflow/dags/01_hello_dag.py for tasks to queue
[2026-09-08T06:55:37.324+0000] {logging_mixin.py:190} INFO - [2026-09-08T06:55:37.323+0000] {dagbag.py:588} INFO - Filling up the DagBag from /opt/airflow/dags/01_hello_dag.py
[2026-09-08T06:55:37.362+0000] {processor.py:925} INFO - DAG(s) 'hello_dag' retrieved from /opt/airflow/dags/01_hello_dag.py
[2026-09-08T06:55:37.412+0000] {logging_mixin.py:190} INFO - [2026-09-08T06:55:37.411+0000] {dag.py:3239} INFO - Sync 1 DAGs
[2026-09-08T06:55:37.439+0000] {logging_mixin.py:190} INFO - [2026-09-08T06:55:37.439+0000] {dag.py:4180} INFO - Setting next_dagrun for hello_dag to None, run_after=None
[2026-09-08T06:55:37.482+0000] {processor.py:208} INFO - Processing /opt/airflow/dags/01_hello_dag.py took 0.176 seconds
[2026-09-08T06:56:07.923+0000] {processor.py:186} INFO - Started process (PID=608) to work on /opt/airflow/dags/01_hello_dag.py
[2026-09-08T06:56:07.926+0000] {processor.py:914} INFO - Processing file /opt/airflow/dags/01_hello_dag.py for tasks to queue
[2026-09-08T06:56:07.930+0000] {logging_mixin.py:190} INFO - [2026-09-08T06:56:07.929+0000] {dagbag.py:588} INFO - Filling up the DagBag from /opt/airflow/dags/01_hello_dag.py
[2026-09-08T06:56:08.005+0000] {processor.py:925} INFO - DAG(s) 'hello_dag' retrieved from /opt/airflow/dags/01_hello_dag.py
[2026-09-08T06:56:08.168+0000] {logging_mixin.py:190} INFO - [2026-09-08T06:56:08.167+0000] {dag.py:3239} INFO - Sync 1 DAGs
[2026-09-08T06:56:08.246+0000] {logging_mixin.py:190} INFO - [2026-09-08T06:56:08.245+0000] {dag.py:4180} INFO - Setting next_dagrun for hello_dag to None, run_after=None
[2026-09-08T06:56:08.321+0000] {processor.py:208} INFO - Processing /opt/airflow/dags/01_hello_dag.py took 0.417 seconds
[2026-09-08T06:56:38.430+0000] {processor.py:186} INFO - Started process (PID=622) to work on /opt/airflow/dags/01_hello_dag.py
[2026-09-08T06:56:38.431+0000] {processor.py:914} INFO - Processing file /opt/airflow/dags/01_hello_dag.py for tasks to queue
[2026-09-08T06:56:38.434+0000] {logging_mixin.py:190} INFO - [2026-09-08T06:56:38.434+0000] {dagbag.py:588} INFO - Filling up the DagBag from /opt/airflow/dags/01_hello_dag.py
[2026-09-08T06:56:38.475+0000] {processor.py:925} INFO - DAG(s) 'hello_dag' retrieved from /opt/airflow/dags/01_hello_dag.py
[2026-09-08T06:56:38.529+0000] {logging_mixin.py:190} INFO - [2026-09-08T06:56:38.529+0000] {dag.py:3239} INFO - Sync 1 DAGs
[2026-09-08T06:56:38.559+0000] {logging_mixin.py:190} INFO - [2026-09-08T06:56:38.558+0000] {dag.py:4180} INFO - Setting next_dagrun for hello_dag to None, run_after=None
[2026-09-08T06:56:38.596+0000] {processor.py:208} INFO - Processing /opt/airflow/dags/01_hello_dag.py took 0.178 seconds
[2026-09-08T06:57:09.417+0000] {processor.py:186} INFO - Started process (PID=636) to work on /opt/airflow/dags/01_hello_dag.py
[2026-09-08T06:57:09.418+0000] {processor.py:914} INFO - Processing file /opt/airflow/dags/01_hello_dag.py for tasks to queue
[2026-09-08T06:57:09.420+0000] {logging_mixin.py:190} INFO - [2026-09-08T06:57:09.420+0000] {dagbag.py:588} INFO - Filling up the DagBag from /opt/airflow/dags/01_hello_dag.py
[2026-09-08T06:57:09.445+0000] {processor.py:925} INFO - DAG(s) 'hello_dag' retrieved from /opt/airflow/dags/01_hello_dag.py
[2026-09-08T06:57:09.482+0000] {logging_mixin.py:190} INFO - [2026-09-08T06:57:09.482+0000] {dag.py:3239} INFO - Sync 1 DAGs
[2026-09-08T06:57:09.508+0000] {logging_mixin.py:190} INFO - [2026-09-08T06:57:09.508+0000] {dag.py:4180} INFO - Setting next_dagrun for hello_dag to None, run_after=None
[2026-09-08T06:57:09.546+0000] {processor.py:208} INFO - Processing /opt/airflow/dags/01_hello_dag.py took 0.136 seconds
[2026-09-08T06:57:39.694+0000] {processor.py:186} INFO - Started process (PID=650) to work on /opt/airflow/dags/01_hello_dag.py
[2026-09-08T06:57:39.695+0000] {processor.py:914} INFO - Processing file /opt/airflow/dags/01_hello_dag.py for tasks to queue
[2026-09-08T06:57:39.697+0000] {logging_mixin.py:190} INFO - [2026-09-08T06:57:39.697+0000] {dagbag.py:588} INFO - Filling up the DagBag from /opt/airflow/dags/01_hello_dag.py
[2026-09-08T06:57:39.717+0000] {processor.py:925} INFO - DAG(s) 'hello_dag' retrieved from /opt/airflow/dags/01_hello_dag.py
[2026-09-08T06:57:39.752+0000] {logging_mixin.py:190} INFO - [2026-09-08T06:57:39.751+0000] {dag.py:3239} INFO - Sync 1 DAGs
[2026-09-08T06:57:39.774+0000] {logging_mixin.py:190} INFO - [2026-09-08T06:57:39.774+0000] {dag.py:4180} INFO - Setting next_dagrun for hello_dag to None, run_after=None
[2026-09-08T06:57:39.882+0000] {processor.py:208} INFO - Processing /opt/airflow/dags/01_hello_dag.py took 0.195 seconds
[2026-09-08T06:58:10.108+0000] {processor.py:186} INFO - Started process (PID=664) to work on /opt/airflow/dags/01_hello_dag.py
[2026-09-08T06:58:10.109+0000] {processor.py:914} INFO - Processing file /opt/airflow/dags/01_hello_dag.py for tasks to queue
[2026-09-08T06:58:10.112+0000] {logging_mixin.py:190} INFO - [2026-09-08T06:58:10.111+0000] {dagbag.py:588} INFO - Filling up the DagBag from /opt/airflow/dags/01_hello_dag.py
[2026-09-08T06:58:10.140+0000] {processor.py:925} INFO - DAG(s) 'hello_dag' retrieved from /opt/airflow/dags/01_hello_dag.py
[2026-09-08T06:58:10.177+0000] {logging_mixin.py:190} INFO - [2026-09-08T06:58:10.176+0000] {dag.py:3239} INFO - Sync 1 DAGs
[2026-09-08T06:58:10.196+0000] {logging_mixin.py:190} INFO - [2026-09-08T06:58:10.196+0000] {dag.py:4180} INFO - Setting next_dagrun for hello_dag to None, run_after=None
[2026-09-08T06:58:10.221+0000] {processor.py:208} INFO - Processing /opt/airflow/dags/01_hello_dag.py took 0.122 seconds
[2026-09-08T06:58:40.899+0000] {processor.py:186} INFO - Started process (PID=678) to work on /opt/airflow/dags/01_hello_dag.py
[2026-09-08T06:58:40.900+0000] {processor.py:914} INFO - Processing file /opt/airflow/dags/01_hello_dag.py for tasks to queue
[2026-09-08T06:58:40.902+0000] {logging_mixin.py:190} INFO - [2026-09-08T06:58:40.901+0000] {dagbag.py:588} INFO - Filling up the DagBag from /opt/airflow/dags/01_hello_dag.py
[2026-09-08T06:58:41.023+0000] {processor.py:925} INFO - DAG(s) 'hello_dag' retrieved from /opt/airflow/dags/01_hello_dag.py
[2026-09-08T06:58:41.060+0000] {logging_mixin.py:190} INFO - [2026-09-08T06:58:41.060+0000] {dag.py:3239} INFO - Sync 1 DAGs
[2026-09-08T06:58:41.076+0000] {logging_mixin.py:190} INFO - [2026-09-08T06:58:41.076+0000] {dag.py:4180} INFO - Setting next_dagrun for hello_dag to None, run_after=None
[2026-09-08T06:58:41.098+0000] {processor.py:208} INFO - Processing /opt/airflow/dags/01_hello_dag.py took 0.206 seconds
[2026-09-08T06:59:11.312+0000] {processor.py:186} INFO - Started process (PID=692) to work on /opt/airflow/dags/01_hello_dag.py
[2026-09-08T06:59:11.313+0000] {processor.py:914} INFO - Processing file /opt/airflow/dags/01_hello_dag.py for tasks to queue
[2026-09-08T06:59:11.315+0000] {logging_mixin.py:190} INFO - [2026-09-08T06:59:11.315+0000] {dagbag.py:588} INFO - Filling up the DagBag from /opt/airflow/dags/01_hello_dag.py
[2026-09-08T06:59:11.338+0000] {processor.py:925} INFO - DAG(s) 'hello_dag' retrieved from /opt/airflow/dags/01_hello_dag.py
[2026-09-08T06:59:11.372+0000] {logging_mixin.py:190} INFO - [2026-09-08T06:59:11.372+0000] {dag.py:3239} INFO - Sync 1 DAGs
[2026-09-08T06:59:11.388+0000] {logging_mixin.py:190} INFO - [2026-09-08T06:59:11.388+0000] {dag.py:4180} INFO - Setting next_dagrun for hello_dag to None, run_after=None
[2026-09-08T06:59:11.411+0000] {processor.py:208} INFO - Processing /opt/airflow/dags/01_hello_dag.py took 0.105 seconds
[2026-09-08T06:59:42.096+0000] {processor.py:186} INFO - Started process (PID=706) to work on /opt/airflow/dags/01_hello_dag.py
[2026-09-08T06:59:42.097+0000] {processor.py:914} INFO - Processing file /opt/airflow/dags/01_hello_dag.py for tasks to queue
[2026-09-08T06:59:42.099+0000] {logging_mixin.py:190} INFO - [2026-09-08T06:59:42.098+0000] {dagbag.py:588} INFO - Filling up the DagBag from /opt/airflow/dags/01_hello_dag.py
[2026-09-08T06:59:42.119+0000] {processor.py:925} INFO - DAG(s) 'hello_dag' retrieved from /opt/airflow/dags/01_hello_dag.py
[2026-09-08T06:59:42.151+0000] {logging_mixin.py:190} INFO - [2026-09-08T06:59:42.150+0000] {dag.py:3239} INFO - Sync 1 DAGs
[2026-09-08T06:59:42.166+0000] {logging_mixin.py:190} INFO - [2026-09-08T06:59:42.165+0000] {dag.py:4180} INFO - Setting next_dagrun for hello_dag to None, run_after=None
[2026-09-08T06:59:42.187+0000] {processor.py:208} INFO - Processing /opt/airflow/dags/01_hello_dag.py took 0.098 seconds
[2026-09-08T07:00:12.286+0000] {processor.py:186} INFO - Started process (PID=720) to work on /opt/airflow/dags/01_hello_dag.py
[2026-09-08T07:00:12.287+0000] {processor.py:914} INFO - Processing file /opt/airflow/dags/01_hello_dag.py for tasks to queue
[2026-09-08T07:00:12.289+0000] {logging_mixin.py:190} INFO - [2026-09-08T07:00:12.288+0000] {dagbag.py:588} INFO - Filling up the DagBag from /opt/airflow/dags/01_hello_dag.py
[2026-09-08T07:00:12.309+0000] {processor.py:925} INFO - DAG(s) 'hello_dag' retrieved from /opt/airflow/dags/01_hello_dag.py
[2026-09-08T07:00:12.486+0000] {logging_mixin.py:190} INFO - [2026-09-08T07:00:12.486+0000] {dag.py:3239} INFO - Sync 1 DAGs
[2026-09-08T07:00:12.505+0000] {logging_mixin.py:190} INFO - [2026-09-08T07:00:12.505+0000] {dag.py:4180} INFO - Setting next_dagrun for hello_dag to None, run_after=None
[2026-09-08T07:00:12.528+0000] {processor.py:208} INFO - Processing /opt/airflow/dags/01_hello_dag.py took 0.249 seconds
[2026-09-08T07:00:42.838+0000] {processor.py:186} INFO - Started process (PID=735) to work on /opt/airflow/dags/01_hello_dag.py
[2026-09-08T07:00:42.839+0000] {processor.py:914} INFO - Processing file /opt/airflow/dags/01_hello_dag.py for tasks to queue
[2026-09-08T07:00:42.842+0000] {logging_mixin.py:190} INFO - [2026-09-08T07:00:42.841+0000] {dagbag.py:588} INFO - Filling up the DagBag from /opt/airflow/dags/01_hello_dag.py
[2026-09-08T07:00:42.866+0000] {processor.py:925} INFO - DAG(s) 'hello_dag' retrieved from /opt/airflow/dags/01_hello_dag.py
[2026-09-08T07:00:42.902+0000] {logging_mixin.py:190} INFO - [2026-09-08T07:00:42.902+0000] {dag.py:3239} INFO - Sync 1 DAGs
[2026-09-08T07:00:42.922+0000] {logging_mixin.py:190} INFO - [2026-09-08T07:00:42.922+0000] {dag.py:4180} INFO - Setting next_dagrun for hello_dag to None, run_after=None
[2026-09-08T07:00:42.943+0000] {processor.py:208} INFO - Processing /opt/airflow/dags/01_hello_dag.py took 0.112 seconds
[2026-09-08T07:01:13.709+0000] {processor.py:186} INFO - Started process (PID=755) to work on /opt/airflow/dags/01_hello_dag.py
[2026-09-08T07:01:13.710+0000] {processor.py:914} INFO - Processing file /opt/airflow/dags/01_hello_dag.py for tasks to queue
[2026-09-08T07:01:13.712+0000] {logging_mixin.py:190} INFO - [2026-09-08T07:01:13.712+0000] {dagbag.py:588} INFO - Filling up the DagBag from /opt/airflow/dags/01_hello_dag.py
[2026-09-08T07:01:13.735+0000] {processor.py:925} INFO - DAG(s) 'hello_dag' retrieved from /opt/airflow/dags/01_hello_dag.py
[2026-09-08T07:01:13.773+0000] {logging_mixin.py:190} INFO - [2026-09-08T07:01:13.773+0000] {dag.py:3239} INFO - Sync 1 DAGs
[2026-09-08T07:01:13.793+0000] {logging_mixin.py:190} INFO - [2026-09-08T07:01:13.793+0000] {dag.py:4180} INFO - Setting next_dagrun for hello_dag to None, run_after=None
[2026-09-08T07:01:13.818+0000] {processor.py:208} INFO - Processing /opt/airflow/dags/01_hello_dag.py took 0.116 seconds
[2026-09-08T07:01:44.562+0000] {processor.py:186} INFO - Started process (PID=769) to work on /opt/airflow/dags/01_hello_dag.py
[2026-09-08T07:01:44.563+0000] {processor.py:914} INFO - Processing file /opt/airflow/dags/01_hello_dag.py for tasks to queue
[2026-09-08T07:01:44.565+0000] {logging_mixin.py:190} INFO - [2026-09-08T07:01:44.564+0000] {dagbag.py:588} INFO - Filling up the DagBag from /opt/airflow/dags/01_hello_dag.py
[2026-09-08T07:01:44.586+0000] {processor.py:925} INFO - DAG(s) 'hello_dag' retrieved from /opt/airflow/dags/01_hello_dag.py
[2026-09-08T07:01:44.618+0000] {logging_mixin.py:190} INFO - [2026-09-08T07:01:44.618+0000] {dag.py:3239} INFO - Sync 1 DAGs
[2026-09-08T07:01:44.634+0000] {logging_mixin.py:190} INFO - [2026-09-08T07:01:44.634+0000] {dag.py:4180} INFO - Setting next_dagrun for hello_dag to None, run_after=None
[2026-09-08T07:01:44.663+0000] {processor.py:208} INFO - Processing /opt/airflow/dags/01_hello_dag.py took 0.108 seconds
[2026-09-08T07:02:15.272+0000] {processor.py:186} INFO - Started process (PID=783) to work on /opt/airflow/dags/01_hello_dag.py
[2026-09-08T07:02:15.273+0000] {processor.py:914} INFO - Processing file /opt/airflow/dags/01_hello_dag.py for tasks to queue
[2026-09-08T07:02:15.276+0000] {logging_mixin.py:190} INFO - [2026-09-08T07:02:15.275+0000] {dagbag.py:588} INFO - Filling up the DagBag from /opt/airflow/dags/01_hello_dag.py
[2026-09-08T07:02:15.296+0000] {processor.py:925} INFO - DAG(s) 'hello_dag' retrieved from /opt/airflow/dags/01_hello_dag.py
[2026-09-08T07:02:15.328+0000] {logging_mixin.py:190} INFO - [2026-09-08T07:02:15.328+0000] {dag.py:3239} INFO - Sync 1 DAGs
[2026-09-08T07:02:15.344+0000] {logging_mixin.py:190} INFO - [2026-09-08T07:02:15.344+0000] {dag.py:4180} INFO - Setting next_dagrun for hello_dag to None, run_after=None
[2026-09-08T07:02:15.366+0000] {processor.py:208} INFO - Processing /opt/airflow/dags/01_hello_dag.py took 0.099 seconds
[2026-09-08T07:02:45.515+0000] {processor.py:186} INFO - Started process (PID=797) to work on /opt/airflow/dags/01_hello_dag.py
[2026-09-08T07:02:45.516+0000] {processor.py:914} INFO - Processing file /opt/airflow/dags/01_hello_dag.py for tasks to queue
[2026-09-08T07:02:45.521+0000] {logging_mixin.py:190} INFO - [2026-09-08T07:02:45.520+0000] {dagbag.py:588} INFO - Filling up the DagBag from /opt/airflow/dags/01_hello_dag.py
[2026-09-08T07:02:45.543+0000] {processor.py:925} INFO - DAG(s) 'hello_dag' retrieved from /opt/airflow/dags/01_hello_dag.py
[2026-09-08T07:02:45.578+0000] {logging_mixin.py:190} INFO - [2026-09-08T07:02:45.577+0000] {dag.py:3239} INFO - Sync 1 DAGs
[2026-09-08T07:02:45.593+0000] {logging_mixin.py:190} INFO - [2026-09-08T07:02:45.593+0000] {dag.py:4180} INFO - Setting next_dagrun for hello_dag to None, run_after=None
[2026-09-08T07:02:45.615+0000] {processor.py:208} INFO - Processing /opt/airflow/dags/01_hello_dag.py took 0.107 seconds
[2026-09-08T07:03:15.805+0000] {processor.py:186} INFO - Started process (PID=811) to work on /opt/airflow/dags/01_hello_dag.py
[2026-09-08T07:03:15.806+0000] {processor.py:914} INFO - Processing file /opt/airflow/dags/01_hello_dag.py for tasks to queue
[2026-09-08T07:03:15.808+0000] {logging_mixin.py:190} INFO - [2026-09-08T07:03:15.808+0000] {dagbag.py:588} INFO - Filling up the DagBag from /opt/airflow/dags/01_hello_dag.py
[2026-09-08T07:03:15.830+0000] {processor.py:925} INFO - DAG(s) 'hello_dag' retrieved from /opt/airflow/dags/01_hello_dag.py
[2026-09-08T07:03:15.861+0000] {logging_mixin.py:190} INFO - [2026-09-08T07:03:15.861+0000] {dag.py:3239} INFO - Sync 1 DAGs
[2026-09-08T07:03:15.877+0000] {logging_mixin.py:190} INFO - [2026-09-08T07:03:15.876+0000] {dag.py:4180} INFO - Setting next_dagrun for hello_dag to None, run_after=None
[2026-09-08T07:03:15.899+0000] {processor.py:208} INFO - Processing /opt/airflow/dags/01_hello_dag.py took 0.100 seconds
[2026-09-08T07:03:46.073+0000] {processor.py:186} INFO - Started process (PID=825) to work on /opt/airflow/dags/01_hello_dag.py
[2026-09-08T07:03:46.077+0000] {processor.py:914} INFO - Processing file /opt/airflow/dags/01_hello_dag.py for tasks to queue
[2026-09-08T07:03:46.080+0000] {logging_mixin.py:190} INFO - [2026-09-08T07:03:46.079+0000] {dagbag.py:588} INFO - Filling up the DagBag from /opt/airflow/dags/01_hello_dag.py
[2026-09-08T07:03:46.111+0000] {processor.py:925} INFO - DAG(s) 'hello_dag' retrieved from /opt/airflow/dags/01_hello_dag.py
[2026-09-08T07:03:46.167+0000] {logging_mixin.py:190} INFO - [2026-09-08T07:03:46.167+0000] {dag.py:3239} INFO - Sync 1 DAGs
[2026-09-08T07:03:46.195+0000] {logging_mixin.py:190} INFO - [2026-09-08T07:03:46.195+0000] {dag.py:4180} INFO - Setting next_dagrun for hello_dag to None, run_after=None
[2026-09-08T07:03:46.223+0000] {processor.py:208} INFO - Processing /opt/airflow/dags/01_hello_dag.py took 0.156 seconds
[2026-09-08T07:04:16.382+0000] {processor.py:186} INFO - Started process (PID=839) to work on /opt/airflow/dags/01_hello_dag.py
[2026-09-08T07:04:16.383+0000] {processor.py:914} INFO - Processing file /opt/airflow/dags/01_hello_dag.py for tasks to queue
[2026-09-08T07:04:16.385+0000] {logging_mixin.py:190} INFO - [2026-09-08T07:04:16.384+0000] {dagbag.py:588} INFO - Filling up the DagBag from /opt/airflow/dags/01_hello_dag.py
[2026-09-08T07:04:16.408+0000] {processor.py:925} INFO - DAG(s) 'hello_dag' retrieved from /opt/airflow/dags/01_hello_dag.py
[2026-09-08T07:04:16.443+0000] {logging_mixin.py:190} INFO - [2026-09-08T07:04:16.443+0000] {dag.py:3239} INFO - Sync 1 DAGs
[2026-09-08T07:04:16.461+0000] {logging_mixin.py:190} INFO - [2026-09-08T07:04:16.461+0000] {dag.py:4180} INFO - Setting next_dagrun for hello_dag to None, run_after=None
[2026-09-08T07:04:16.484+0000] {processor.py:208} INFO - Processing /opt/airflow/dags/01_hello_dag.py took 0.108 seconds
[2026-09-08T07:04:46.991+0000] {processor.py:186} INFO - Started process (PID=853) to work on /opt/airflow/dags/01_hello_dag.py
[2026-09-08T07:04:46.992+0000] {processor.py:914} INFO - Processing file /opt/airflow/dags/01_hello_dag.py for tasks to queue
[2026-09-08T07:04:46.994+0000] {logging_mixin.py:190} INFO - [2026-09-08T07:04:46.993+0000] {dagbag.py:588} INFO - Filling up the DagBag from /opt/airflow/dags/01_hello_dag.py
[2026-09-08T07:04:47.015+0000] {processor.py:925} INFO - DAG(s) 'hello_dag' retrieved from /opt/airflow/dags/01_hello_dag.py
[2026-09-08T07:04:47.055+0000] {logging_mixin.py:190} INFO - [2026-09-08T07:04:47.055+0000] {dag.py:3239} INFO - Sync 1 DAGs
[2026-09-08T07:04:47.078+0000] {logging_mixin.py:190} INFO - [2026-09-08T07:04:47.078+0000] {dag.py:4180} INFO - Setting next_dagrun for hello_dag to None, run_after=None
[2026-09-08T07:04:47.101+0000] {processor.py:208} INFO - Processing /opt/airflow/dags/01_hello_dag.py took 0.117 seconds
[2026-09-08T07:05:17.294+0000] {processor.py:186} INFO - Started process (PID=867) to work on /opt/airflow/dags/01_hello_dag.py
[2026-09-08T07:05:17.295+0000] {processor.py:914} INFO - Processing file /opt/airflow/dags/01_hello_dag.py for tasks to queue
[2026-09-08T07:05:17.297+0000] {logging_mixin.py:190} INFO - [2026-09-08T07:05:17.296+0000] {dagbag.py:588} INFO - Filling up the DagBag from /opt/airflow/dags/01_hello_dag.py
[2026-09-08T07:05:17.320+0000] {processor.py:925} INFO - DAG(s) 'hello_dag' retrieved from /opt/airflow/dags/01_hello_dag.py
[2026-09-08T07:05:17.357+0000] {logging_mixin.py:190} INFO - [2026-09-08T07:05:17.357+0000] {dag.py:3239} INFO - Sync 1 DAGs
[2026-09-08T07:05:17.380+0000] {logging_mixin.py:190} INFO - [2026-09-08T07:05:17.379+0000] {dag.py:4180} INFO - Setting next_dagrun for hello_dag to None, run_after=None
[2026-09-08T07:05:17.404+0000] {processor.py:208} INFO - Processing /opt/airflow/dags/01_hello_dag.py took 0.119 seconds
[2026-09-08T07:05:47.552+0000] {processor.py:186} INFO - Started process (PID=880) to work on /opt/airflow/dags/01_hello_dag.py
[2026-09-08T07:05:47.561+0000] {processor.py:914} INFO - Processing file /opt/airflow/dags/01_hello_dag.py for tasks to queue
[2026-09-08T07:05:47.563+0000] {logging_mixin.py:190} INFO - [2026-09-08T07:05:47.563+0000] {dagbag.py:588} INFO - Filling up the DagBag from /opt/airflow/dags/01_hello_dag.py
[2026-09-08T07:05:47.599+0000] {processor.py:925} INFO - DAG(s) 'hello_dag' retrieved from /opt/airflow/dags/01_hello_dag.py
[2026-09-08T07:05:47.635+0000] {logging_mixin.py:190} INFO - [2026-09-08T07:05:47.635+0000] {dag.py:3239} INFO - Sync 1 DAGs
[2026-09-08T07:05:47.653+0000] {logging_mixin.py:190} INFO - [2026-09-08T07:05:47.653+0000] {dag.py:4180} INFO - Setting next_dagrun for hello_dag to None, run_after=None
[2026-09-08T07:05:47.676+0000] {processor.py:208} INFO - Processing /opt/airflow/dags/01_hello_dag.py took 0.132 seconds
[2026-09-08T07:06:17.733+0000] {processor.py:186} INFO - Started process (PID=893) to work on /opt/airflow/dags/01_hello_dag.py
[2026-09-08T07:06:17.734+0000] {processor.py:914} INFO - Processing file /opt/airflow/dags/01_hello_dag.py for tasks to queue
[2026-09-08T07:06:17.736+0000] {logging_mixin.py:190} INFO - [2026-09-08T07:06:17.736+0000] {dagbag.py:588} INFO - Filling up the DagBag from /opt/airflow/dags/01_hello_dag.py
[2026-09-08T07:06:17.759+0000] {processor.py:925} INFO - DAG(s) 'hello_dag' retrieved from /opt/airflow/dags/01_hello_dag.py
[2026-09-08T07:06:17.797+0000] {logging_mixin.py:190} INFO - [2026-09-08T07:06:17.796+0000] {dag.py:3239} INFO - Sync 1 DAGs
[2026-09-08T07:06:17.814+0000] {logging_mixin.py:190} INFO - [2026-09-08T07:06:17.814+0000] {dag.py:4180} INFO - Setting next_dagrun for hello_dag to None, run_after=None
[2026-09-08T07:06:17.836+0000] {processor.py:208} INFO - Processing /opt/airflow/dags/01_hello_dag.py took 0.109 seconds
[2026-09-08T07:06:48.580+0000] {processor.py:186} INFO - Started process (PID=907) to work on /opt/airflow/dags/01_hello_dag.py
[2026-09-08T07:06:48.581+0000] {processor.py:914} INFO - Processing file /opt/airflow/dags/01_hello_dag.py for tasks to queue
[2026-09-08T07:06:48.583+0000] {logging_mixin.py:190} INFO - [2026-09-08T07:06:48.583+0000] {dagbag.py:588} INFO - Filling up the DagBag from /opt/airflow/dags/01_hello_dag.py
[2026-09-08T07:06:48.605+0000] {processor.py:925} INFO - DAG(s) 'hello_dag' retrieved from /opt/airflow/dags/01_hello_dag.py
[2026-09-08T07:06:48.635+0000] {logging_mixin.py:190} INFO - [2026-09-08T07:06:48.635+0000] {dag.py:3239} INFO - Sync 1 DAGs
[2026-09-08T07:06:48.651+0000] {logging_mixin.py:190} INFO - [2026-09-08T07:06:48.650+0000] {dag.py:4180} INFO - Setting next_dagrun for hello_dag to None, run_after=None
[2026-09-08T07:06:48.671+0000] {processor.py:208} INFO - Processing /opt/airflow/dags/01_hello_dag.py took 0.098 seconds
[2026-09-08T07:07:18.894+0000] {processor.py:186} INFO - Started process (PID=921) to work on /opt/airflow/dags/01_hello_dag.py
[2026-09-08T07:07:18.895+0000] {processor.py:914} INFO - Processing file /opt/airflow/dags/01_hello_dag.py for tasks to queue
[2026-09-08T07:07:18.897+0000] {logging_mixin.py:190} INFO - [2026-09-08T07:07:18.897+0000] {dagbag.py:588} INFO - Filling up the DagBag from /opt/airflow/dags/01_hello_dag.py
[2026-09-08T07:07:18.919+0000] {processor.py:925} INFO - DAG(s) 'hello_dag' retrieved from /opt/airflow/dags/01_hello_dag.py
[2026-09-08T07:07:18.961+0000] {logging_mixin.py:190} INFO - [2026-09-08T07:07:18.961+0000] {dag.py:3239} INFO - Sync 1 DAGs
[2026-09-08T07:07:18.979+0000] {logging_mixin.py:190} INFO - [2026-09-08T07:07:18.979+0000] {dag.py:4180} INFO - Setting next_dagrun for hello_dag to None, run_after=None
[2026-09-08T07:07:19.003+0000] {processor.py:208} INFO - Processing /opt/airflow/dags/01_hello_dag.py took 0.116 seconds
[2026-09-08T07:07:49.639+0000] {processor.py:186} INFO - Started process (PID=935) to work on /opt/airflow/dags/01_hello_dag.py
[2026-09-08T07:07:49.640+0000] {processor.py:914} INFO - Processing file /opt/airflow/dags/01_hello_dag.py for tasks to queue
[2026-09-08T07:07:49.642+0000] {logging_mixin.py:190} INFO - [2026-09-08T07:07:49.641+0000] {dagbag.py:588} INFO - Filling up the DagBag from /opt/airflow/dags/01_hello_dag.py
[2026-09-08T07:07:49.663+0000] {processor.py:925} INFO - DAG(s) 'hello_dag' retrieved from /opt/airflow/dags/01_hello_dag.py
[2026-09-08T07:07:49.693+0000] {logging_mixin.py:190} INFO - [2026-09-08T07:07:49.693+0000] {dag.py:3239} INFO - Sync 1 DAGs
[2026-09-08T07:07:49.710+0000] {logging_mixin.py:190} INFO - [2026-09-08T07:07:49.709+0000] {dag.py:4180} INFO - Setting next_dagrun for hello_dag to None, run_after=None
[2026-09-08T07:07:49.730+0000] {processor.py:208} INFO - Processing /opt/airflow/dags/01_hello_dag.py took 0.097 seconds
[2026-09-08T07:08:20.531+0000] {processor.py:186} INFO - Started process (PID=949) to work on /opt/airflow/dags/01_hello_dag.py
[2026-09-08T07:08:20.531+0000] {processor.py:914} INFO - Processing file /opt/airflow/dags/01_hello_dag.py for tasks to queue
[2026-09-08T07:08:20.533+0000] {logging_mixin.py:190} INFO - [2026-09-08T07:08:20.533+0000] {dagbag.py:588} INFO - Filling up the DagBag from /opt/airflow/dags/01_hello_dag.py
[2026-09-08T07:08:20.554+0000] {processor.py:925} INFO - DAG(s) 'hello_dag' retrieved from /opt/airflow/dags/01_hello_dag.py
[2026-09-08T07:08:20.587+0000] {logging_mixin.py:190} INFO - [2026-09-08T07:08:20.586+0000] {dag.py:3239} INFO - Sync 1 DAGs
[2026-09-08T07:08:20.604+0000] {logging_mixin.py:190} INFO - [2026-09-08T07:08:20.604+0000] {dag.py:4180} INFO - Setting next_dagrun for hello_dag to None, run_after=None
[2026-09-08T07:08:20.626+0000] {processor.py:208} INFO - Processing /opt/airflow/dags/01_hello_dag.py took 0.103 seconds
[2026-09-08T07:08:51.069+0000] {processor.py:186} INFO - Started process (PID=963) to work on /opt/airflow/dags/01_hello_dag.py
[2026-09-08T07:08:51.070+0000] {processor.py:914} INFO - Processing file /opt/airflow/dags/01_hello_dag.py for tasks to queue
[2026-09-08T07:08:51.072+0000] {logging_mixin.py:190} INFO - [2026-09-08T07:08:51.071+0000] {dagbag.py:588} INFO - Filling up the DagBag from /opt/airflow/dags/01_hello_dag.py
[2026-09-08T07:08:51.093+0000] {processor.py:925} INFO - DAG(s) 'hello_dag' retrieved from /opt/airflow/dags/01_hello_dag.py
[2026-09-08T07:08:51.123+0000] {logging_mixin.py:190} INFO - [2026-09-08T07:08:51.123+0000] {dag.py:3239} INFO - Sync 1 DAGs
[2026-09-08T07:08:51.139+0000] {logging_mixin.py:190} INFO - [2026-09-08T07:08:51.139+0000] {dag.py:4180} INFO - Setting next_dagrun for hello_dag to None, run_after=None
[2026-09-08T07:08:51.160+0000] {processor.py:208} INFO - Processing /opt/airflow/dags/01_hello_dag.py took 0.098 seconds
[2026-09-08T07:09:21.252+0000] {processor.py:186} INFO - Started process (PID=977) to work on /opt/airflow/dags/01_hello_dag.py
[2026-09-08T07:09:21.253+0000] {processor.py:914} INFO - Processing file /opt/airflow/dags/01_hello_dag.py for tasks to queue
[2026-09-08T07:09:21.256+0000] {logging_mixin.py:190} INFO - [2026-09-08T07:09:21.255+0000] {dagbag.py:588} INFO - Filling up the DagBag from /opt/airflow/dags/01_hello_dag.py
[2026-09-08T07:09:21.282+0000] {processor.py:925} INFO - DAG(s) 'hello_dag' retrieved from /opt/airflow/dags/01_hello_dag.py
[2026-09-08T07:09:21.318+0000] {logging_mixin.py:190} INFO - [2026-09-08T07:09:21.318+0000] {dag.py:3239} INFO - Sync 1 DAGs
[2026-09-08T07:09:21.337+0000] {logging_mixin.py:190} INFO - [2026-09-08T07:09:21.337+0000] {dag.py:4180} INFO - Setting next_dagrun for hello_dag to None, run_after=None
[2026-09-08T07:09:21.362+0000] {processor.py:208} INFO - Processing /opt/airflow/dags/01_hello_dag.py took 0.117 seconds
[2026-09-08T07:09:52.073+0000] {processor.py:186} INFO - Started process (PID=991) to work on /opt/airflow/dags/01_hello_dag.py
[2026-09-08T07:09:52.075+0000] {processor.py:914} INFO - Processing file /opt/airflow/dags/01_hello_dag.py for tasks to queue
[2026-09-08T07:09:52.078+0000] {logging_mixin.py:190} INFO - [2026-09-08T07:09:52.077+0000] {dagbag.py:588} INFO - Filling up the DagBag from /opt/airflow/dags/01_hello_dag.py
[2026-09-08T07:09:52.106+0000] {processor.py:925} INFO - DAG(s) 'hello_dag' retrieved from /opt/airflow/dags/01_hello_dag.py
[2026-09-08T07:09:52.145+0000] {logging_mixin.py:190} INFO - [2026-09-08T07:09:52.145+0000] {dag.py:3239} INFO - Sync 1 DAGs
[2026-09-08T07:09:52.164+0000] {logging_mixin.py:190} INFO - [2026-09-08T07:09:52.164+0000] {dag.py:4180} INFO - Setting next_dagrun for hello_dag to None, run_after=None
[2026-09-08T07:09:52.186+0000] {processor.py:208} INFO - Processing /opt/airflow/dags/01_hello_dag.py took 0.122 seconds
[2026-09-08T07:10:22.487+0000] {processor.py:186} INFO - Started process (PID=1005) to work on /opt/airflow/dags/01_hello_dag.py
[2026-09-08T07:10:22.488+0000] {processor.py:914} INFO - Processing file /opt/airflow/dags/01_hello_dag.py for tasks to queue
[2026-09-08T07:10:22.491+0000] {logging_mixin.py:190} INFO - [2026-09-08T07:10:22.491+0000] {dagbag.py:588} INFO - Filling up the DagBag from /opt/airflow/dags/01_hello_dag.py
[2026-09-08T07:10:22.516+0000] {processor.py:925} INFO - DAG(s) 'hello_dag' retrieved from /opt/airflow/dags/01_hello_dag.py
[2026-09-08T07:10:22.551+0000] {logging_mixin.py:190} INFO - [2026-09-08T07:10:22.551+0000] {dag.py:3239} INFO - Sync 1 DAGs
[2026-09-08T07:10:22.568+0000] {logging_mixin.py:190} INFO - [2026-09-08T07:10:22.568+0000] {dag.py:4180} INFO - Setting next_dagrun for hello_dag to None, run_after=None
[2026-09-08T07:10:22.592+0000] {processor.py:208} INFO - Processing /opt/airflow/dags/01_hello_dag.py took 0.115 seconds
[2026-09-08T07:10:52.919+0000] {processor.py:186} INFO - Started process (PID=1019) to work on /opt/airflow/dags/01_hello_dag.py
[2026-09-08T07:10:52.920+0000] {processor.py:914} INFO - Processing file /opt/airflow/dags/01_hello_dag.py for tasks to queue
[2026-09-08T07:10:52.922+0000] {logging_mixin.py:190} INFO - [2026-09-08T07:10:52.921+0000] {dagbag.py:588} INFO - Filling up the DagBag from /opt/airflow/dags/01_hello_dag.py
[2026-09-08T07:10:52.942+0000] {processor.py:925} INFO - DAG(s) 'hello_dag' retrieved from /opt/airflow/dags/01_hello_dag.py
[2026-09-08T07:10:52.974+0000] {logging_mixin.py:190} INFO - [2026-09-08T07:10:52.974+0000] {dag.py:3239} INFO - Sync 1 DAGs
[2026-09-08T07:10:52.991+0000] {logging_mixin.py:190} INFO - [2026-09-08T07:10:52.991+0000] {dag.py:4180} INFO - Setting next_dagrun for hello_dag to None, run_after=None
[2026-09-08T07:10:53.014+0000] {processor.py:208} INFO - Processing /opt/airflow/dags/01_hello_dag.py took 0.102 seconds
[2026-09-08T07:11:23.199+0000] {processor.py:186} INFO - Started process (PID=1033) to work on /opt/airflow/dags/01_hello_dag.py
[2026-09-08T07:11:23.200+0000] {processor.py:914} INFO - Processing file /opt/airflow/dags/01_hello_dag.py for tasks to queue
[2026-09-08T07:11:23.202+0000] {logging_mixin.py:190} INFO - [2026-09-08T07:11:23.202+0000] {dagbag.py:588} INFO - Filling up the DagBag from /opt/airflow/dags/01_hello_dag.py
[2026-09-08T07:11:23.223+0000] {processor.py:925} INFO - DAG(s) 'hello_dag' retrieved from /opt/airflow/dags/01_hello_dag.py
[2026-09-08T07:11:23.257+0000] {logging_mixin.py:190} INFO - [2026-09-08T07:11:23.257+0000] {dag.py:3239} INFO - Sync 1 DAGs
[2026-09-08T07:11:23.275+0000] {logging_mixin.py:190} INFO - [2026-09-08T07:11:23.275+0000] {dag.py:4180} INFO - Setting next_dagrun for hello_dag to None, run_after=None
[2026-09-08T07:11:23.298+0000] {processor.py:208} INFO - Processing /opt/airflow/dags/01_hello_dag.py took 0.106 seconds
[2026-09-08T07:11:53.637+0000] {processor.py:186} INFO - Started process (PID=1047) to work on /opt/airflow/dags/01_hello_dag.py
[2026-09-08T07:11:53.638+0000] {processor.py:914} INFO - Processing file /opt/airflow/dags/01_hello_dag.py for tasks to queue
[2026-09-08T07:11:53.641+0000] {logging_mixin.py:190} INFO - [2026-09-08T07:11:53.640+0000] {dagbag.py:588} INFO - Filling up the DagBag from /opt/airflow/dags/01_hello_dag.py
[2026-09-08T07:11:53.662+0000] {processor.py:925} INFO - DAG(s) 'hello_dag' retrieved from /opt/airflow/dags/01_hello_dag.py
[2026-09-08T07:11:53.693+0000] {logging_mixin.py:190} INFO - [2026-09-08T07:11:53.693+0000] {dag.py:3239} INFO - Sync 1 DAGs
[2026-09-08T07:11:53.715+0000] {logging_mixin.py:190} INFO - [2026-09-08T07:11:53.715+0000] {dag.py:4180} INFO - Setting next_dagrun for hello_dag to None, run_after=None
[2026-09-08T07:11:53.737+0000] {processor.py:208} INFO - Processing /opt/airflow/dags/01_hello_dag.py took 0.107 seconds
[2026-09-08T07:12:23.909+0000] {processor.py:186} INFO - Started process (PID=1061) to work on /opt/airflow/dags/01_hello_dag.py
[2026-09-08T07:12:23.910+0000] {processor.py:914} INFO - Processing file /opt/airflow/dags/01_hello_dag.py for tasks to queue
[2026-09-08T07:12:23.912+0000] {logging_mixin.py:190} INFO - [2026-09-08T07:12:23.911+0000] {dagbag.py:588} INFO - Filling up the DagBag from /opt/airflow/dags/01_hello_dag.py
[2026-09-08T07:12:23.933+0000] {processor.py:925} INFO - DAG(s) 'hello_dag' retrieved from /opt/airflow/dags/01_hello_dag.py
[2026-09-08T07:12:23.963+0000] {logging_mixin.py:190} INFO - [2026-09-08T07:12:23.963+0000] {dag.py:3239} INFO - Sync 1 DAGs
[2026-09-08T07:12:23.978+0000] {logging_mixin.py:190} INFO - [2026-09-08T07:12:23.978+0000] {dag.py:4180} INFO - Setting next_dagrun for hello_dag to None, run_after=None
[2026-09-08T07:12:23.998+0000] {processor.py:208} INFO - Processing /opt/airflow/dags/01_hello_dag.py took 0.097 seconds
[2026-09-08T07:12:54.314+0000] {processor.py:186} INFO - Started process (PID=1075) to work on /opt/airflow/dags/01_hello_dag.py
[2026-09-08T07:12:54.315+0000] {processor.py:914} INFO - Processing file /opt/airflow/dags/01_hello_dag.py for tasks to queue
[2026-09-08T07:12:54.317+0000] {logging_mixin.py:190} INFO - [2026-09-08T07:12:54.317+0000] {dagbag.py:588} INFO - Filling up the DagBag from /opt/airflow/dags/01_hello_dag.py
[2026-09-08T07:12:54.339+0000] {processor.py:925} INFO - DAG(s) 'hello_dag' retrieved from /opt/airflow/dags/01_hello_dag.py
[2026-09-08T07:12:54.374+0000] {logging_mixin.py:190} INFO - [2026-09-08T07:12:54.374+0000] {dag.py:3239} INFO - Sync 1 DAGs
[2026-09-08T07:12:54.394+0000] {logging_mixin.py:190} INFO - [2026-09-08T07:12:54.394+0000] {dag.py:4180} INFO - Setting next_dagrun for hello_dag to None, run_after=None
[2026-09-08T07:12:54.423+0000] {processor.py:208} INFO - Processing /opt/airflow/dags/01_hello_dag.py took 0.115 seconds
[2026-09-08T07:13:24.537+0000] {processor.py:186} INFO - Started process (PID=1089) to work on /opt/airflow/dags/01_hello_dag.py
[2026-09-08T07:13:24.538+0000] {processor.py:914} INFO - Processing file /opt/airflow/dags/01_hello_dag.py for tasks to queue
[2026-09-08T07:13:24.540+0000] {logging_mixin.py:190} INFO - [2026-09-08T07:13:24.540+0000] {dagbag.py:588} INFO - Filling up the DagBag from /opt/airflow/dags/01_hello_dag.py
[2026-09-08T07:13:24.562+0000] {processor.py:925} INFO - DAG(s) 'hello_dag' retrieved from /opt/airflow/dags/01_hello_dag.py
[2026-09-08T07:13:24.593+0000] {logging_mixin.py:190} INFO - [2026-09-08T07:13:24.593+0000] {dag.py:3239} INFO - Sync 1 DAGs
[2026-09-08T07:13:24.608+0000] {logging_mixin.py:190} INFO - [2026-09-08T07:13:24.608+0000] {dag.py:4180} INFO - Setting next_dagrun for hello_dag to None, run_after=None
[2026-09-08T07:13:24.629+0000] {processor.py:208} INFO - Processing /opt/airflow/dags/01_hello_dag.py took 0.099 seconds
[2026-09-08T07:13:54.984+0000] {processor.py:186} INFO - Started process (PID=1103) to work on /opt/airflow/dags/01_hello_dag.py
[2026-09-08T07:13:54.985+0000] {processor.py:914} INFO - Processing file /opt/airflow/dags/01_hello_dag.py for tasks to queue
[2026-09-08T07:13:54.989+0000] {logging_mixin.py:190} INFO - [2026-09-08T07:13:54.988+0000] {dagbag.py:588} INFO - Filling up the DagBag from /opt/airflow/dags/01_hello_dag.py
[2026-09-08T07:13:55.017+0000] {processor.py:925} INFO - DAG(s) 'hello_dag' retrieved from /opt/airflow/dags/01_hello_dag.py
[2026-09-08T07:13:55.052+0000] {logging_mixin.py:190} INFO - [2026-09-08T07:13:55.051+0000] {dag.py:3239} INFO - Sync 1 DAGs
[2026-09-08T07:13:55.071+0000] {logging_mixin.py:190} INFO - [2026-09-08T07:13:55.071+0000] {dag.py:4180} INFO - Setting next_dagrun for hello_dag to None, run_after=None
[2026-09-08T07:13:55.093+0000] {processor.py:208} INFO - Processing /opt/airflow/dags/01_hello_dag.py took 0.119 seconds
[2026-09-08T07:14:25.423+0000] {processor.py:186} INFO - Started process (PID=1117) to work on /opt/airflow/dags/01_hello_dag.py
[2026-09-08T07:14:25.424+0000] {processor.py:914} INFO - Processing file /opt/airflow/dags/01_hello_dag.py for tasks to queue
[2026-09-08T07:14:25.425+0000] {logging_mixin.py:190} INFO - [2026-09-08T07:14:25.425+0000] {dagbag.py:588} INFO - Filling up the DagBag from /opt/airflow/dags/01_hello_dag.py
[2026-09-08T07:14:25.450+0000] {processor.py:925} INFO - DAG(s) 'hello_dag' retrieved from /opt/airflow/dags/01_hello_dag.py
[2026-09-08T07:14:25.480+0000] {logging_mixin.py:190} INFO - [2026-09-08T07:14:25.480+0000] {dag.py:3239} INFO - Sync 1 DAGs
[2026-09-08T07:14:25.495+0000] {logging_mixin.py:190} INFO - [2026-09-08T07:14:25.495+0000] {dag.py:4180} INFO - Setting next_dagrun for hello_dag to None, run_after=None
[2026-09-08T07:14:25.516+0000] {processor.py:208} INFO - Processing /opt/airflow/dags/01_hello_dag.py took 0.100 seconds
[2026-09-08T07:14:55.753+0000] {processor.py:186} INFO - Started process (PID=1131) to work on /opt/airflow/dags/01_hello_dag.py
[2026-09-08T07:14:55.754+0000] {processor.py:914} INFO - Processing file /opt/airflow/dags/01_hello_dag.py for tasks to queue
[2026-09-08T07:14:55.756+0000] {logging_mixin.py:190} INFO - [2026-09-08T07:14:55.756+0000] {dagbag.py:588} INFO - Filling up the DagBag from /opt/airflow/dags/01_hello_dag.py
[2026-09-08T07:14:55.778+0000] {processor.py:925} INFO - DAG(s) 'hello_dag' retrieved from /opt/airflow/dags/01_hello_dag.py
[2026-09-08T07:14:55.810+0000] {logging_mixin.py:190} INFO - [2026-09-08T07:14:55.810+0000] {dag.py:3239} INFO - Sync 1 DAGs
[2026-09-08T07:14:55.827+0000] {logging_mixin.py:190} INFO - [2026-09-08T07:14:55.826+0000] {dag.py:4180} INFO - Setting next_dagrun for hello_dag to None, run_after=None
[2026-09-08T07:14:55.848+0000] {processor.py:208} INFO - Processing /opt/airflow/dags/01_hello_dag.py took 0.102 seconds
[2026-09-08T07:15:26.111+0000] {processor.py:186} INFO - Started process (PID=1145) to work on /opt/airflow/dags/01_hello_dag.py
[2026-09-08T07:15:26.112+0000] {processor.py:914} INFO - Processing file /opt/airflow/dags/01_hello_dag.py for tasks to queue
[2026-09-08T07:15:26.114+0000] {logging_mixin.py:190} INFO - [2026-09-08T07:15:26.114+0000] {dagbag.py:588} INFO - Filling up the DagBag from /opt/airflow/dags/01_hello_dag.py
[2026-09-08T07:15:26.134+0000] {processor.py:925} INFO - DAG(s) 'hello_dag' retrieved from /opt/airflow/dags/01_hello_dag.py
[2026-09-08T07:15:26.167+0000] {logging_mixin.py:190} INFO - [2026-09-08T07:15:26.167+0000] {dag.py:3239} INFO - Sync 1 DAGs
[2026-09-08T07:15:26.182+0000] {logging_mixin.py:190} INFO - [2026-09-08T07:15:26.182+0000] {dag.py:4180} INFO - Setting next_dagrun for hello_dag to None, run_after=None
[2026-09-08T07:15:26.204+0000] {processor.py:208} INFO - Processing /opt/airflow/dags/01_hello_dag.py took 0.099 seconds
[2026-09-08T07:15:56.655+0000] {processor.py:186} INFO - Started process (PID=1159) to work on /opt/airflow/dags/01_hello_dag.py
[2026-09-08T07:15:56.656+0000] {processor.py:914} INFO - Processing file /opt/airflow/dags/01_hello_dag.py for tasks to queue
[2026-09-08T07:15:56.658+0000] {logging_mixin.py:190} INFO - [2026-09-08T07:15:56.658+0000] {dagbag.py:588} INFO - Filling up the DagBag from /opt/airflow/dags/01_hello_dag.py
[2026-09-08T07:15:56.683+0000] {processor.py:925} INFO - DAG(s) 'hello_dag' retrieved from /opt/airflow/dags/01_hello_dag.py
[2026-09-08T07:15:56.716+0000] {logging_mixin.py:190} INFO - [2026-09-08T07:15:56.715+0000] {dag.py:3239} INFO - Sync 1 DAGs
[2026-09-08T07:15:56.732+0000] {logging_mixin.py:190} INFO - [2026-09-08T07:15:56.732+0000] {dag.py:4180} INFO - Setting next_dagrun for hello_dag to None, run_after=None
[2026-09-08T07:15:56.754+0000] {processor.py:208} INFO - Processing /opt/airflow/dags/01_hello_dag.py took 0.108 seconds
[2026-09-08T07:16:26.896+0000] {processor.py:186} INFO - Started process (PID=1173) to work on /opt/airflow/dags/01_hello_dag.py
[2026-09-08T07:16:26.897+0000] {processor.py:914} INFO - Processing file /opt/airflow/dags/01_hello_dag.py for tasks to queue
[2026-09-08T07:16:26.899+0000] {logging_mixin.py:190} INFO - [2026-09-08T07:16:26.899+0000] {dagbag.py:588} INFO - Filling up the DagBag from /opt/airflow/dags/01_hello_dag.py
[2026-09-08T07:16:26.923+0000] {processor.py:925} INFO - DAG(s) 'hello_dag' retrieved from /opt/airflow/dags/01_hello_dag.py
[2026-09-08T07:16:26.955+0000] {logging_mixin.py:190} INFO - [2026-09-08T07:16:26.954+0000] {dag.py:3239} INFO - Sync 1 DAGs
[2026-09-08T07:16:26.971+0000] {logging_mixin.py:190} INFO - [2026-09-08T07:16:26.971+0000] {dag.py:4180} INFO - Setting next_dagrun for hello_dag to None, run_after=None
[2026-09-08T07:16:26.994+0000] {processor.py:208} INFO - Processing /opt/airflow/dags/01_hello_dag.py took 0.105 seconds
[2026-09-08T07:16:57.217+0000] {processor.py:186} INFO - Started process (PID=1187) to work on /opt/airflow/dags/01_hello_dag.py
[2026-09-08T07:16:57.218+0000] {processor.py:914} INFO - Processing file /opt/airflow/dags/01_hello_dag.py for tasks to queue
[2026-09-08T07:16:57.220+0000] {logging_mixin.py:190} INFO - [2026-09-08T07:16:57.220+0000] {dagbag.py:588} INFO - Filling up the DagBag from /opt/airflow/dags/01_hello_dag.py
[2026-09-08T07:16:57.241+0000] {processor.py:925} INFO - DAG(s) 'hello_dag' retrieved from /opt/airflow/dags/01_hello_dag.py
[2026-09-08T07:16:57.274+0000] {logging_mixin.py:190} INFO - [2026-09-08T07:16:57.274+0000] {dag.py:3239} INFO - Sync 1 DAGs
[2026-09-08T07:16:57.291+0000] {logging_mixin.py:190} INFO - [2026-09-08T07:16:57.291+0000] {dag.py:4180} INFO - Setting next_dagrun for hello_dag to None, run_after=None
[2026-09-08T07:16:57.324+0000] {processor.py:208} INFO - Processing /opt/airflow/dags/01_hello_dag.py took 0.113 seconds
[2026-09-08T07:17:27.539+0000] {processor.py:186} INFO - Started process (PID=1201) to work on /opt/airflow/dags/01_hello_dag.py
[2026-09-08T07:17:27.540+0000] {processor.py:914} INFO - Processing file /opt/airflow/dags/01_hello_dag.py for tasks to queue
[2026-09-08T07:17:27.542+0000] {logging_mixin.py:190} INFO - [2026-09-08T07:17:27.542+0000] {dagbag.py:588} INFO - Filling up the DagBag from /opt/airflow/dags/01_hello_dag.py
[2026-09-08T07:17:27.566+0000] {processor.py:925} INFO - DAG(s) 'hello_dag' retrieved from /opt/airflow/dags/01_hello_dag.py
[2026-09-08T07:17:27.600+0000] {logging_mixin.py:190} INFO - [2026-09-08T07:17:27.600+0000] {dag.py:3239} INFO - Sync 1 DAGs
[2026-09-08T07:17:27.619+0000] {logging_mixin.py:190} INFO - [2026-09-08T07:17:27.619+0000] {dag.py:4180} INFO - Setting next_dagrun for hello_dag to None, run_after=None
[2026-09-08T07:17:27.643+0000] {processor.py:208} INFO - Processing /opt/airflow/dags/01_hello_dag.py took 0.111 seconds
[2026-09-08T07:17:58.131+0000] {processor.py:186} INFO - Started process (PID=1215) to work on /opt/airflow/dags/01_hello_dag.py
[2026-09-08T07:17:58.133+0000] {processor.py:914} INFO - Processing file /opt/airflow/dags/01_hello_dag.py for tasks to queue
[2026-09-08T07:17:58.136+0000] {logging_mixin.py:190} INFO - [2026-09-08T07:17:58.136+0000] {dagbag.py:588} INFO - Filling up the DagBag from /opt/airflow/dags/01_hello_dag.py
[2026-09-08T07:17:58.180+0000] {processor.py:925} INFO - DAG(s) 'hello_dag' retrieved from /opt/airflow/dags/01_hello_dag.py
[2026-09-08T07:17:58.234+0000] {logging_mixin.py:190} INFO - [2026-09-08T07:17:58.234+0000] {dag.py:3239} INFO - Sync 1 DAGs
[2026-09-08T07:17:58.268+0000] {logging_mixin.py:190} INFO - [2026-09-08T07:17:58.268+0000] {dag.py:4180} INFO - Setting next_dagrun for hello_dag to None, run_after=None
[2026-09-08T07:17:58.306+0000] {processor.py:208} INFO - Processing /opt/airflow/dags/01_hello_dag.py took 0.188 seconds
[2026-09-08T07:18:28.423+0000] {processor.py:186} INFO - Started process (PID=1229) to work on /opt/airflow/dags/01_hello_dag.py
[2026-09-08T07:18:28.424+0000] {processor.py:914} INFO - Processing file /opt/airflow/dags/01_hello_dag.py for tasks to queue
[2026-09-08T07:18:28.427+0000] {logging_mixin.py:190} INFO - [2026-09-08T07:18:28.426+0000] {dagbag.py:588} INFO - Filling up the DagBag from /opt/airflow/dags/01_hello_dag.py
[2026-09-08T07:18:28.449+0000] {processor.py:925} INFO - DAG(s) 'hello_dag' retrieved from /opt/airflow/dags/01_hello_dag.py
[2026-09-08T07:18:28.481+0000] {logging_mixin.py:190} INFO - [2026-09-08T07:18:28.481+0000] {dag.py:3239} INFO - Sync 1 DAGs
[2026-09-08T07:18:28.498+0000] {logging_mixin.py:190} INFO - [2026-09-08T07:18:28.497+0000] {dag.py:4180} INFO - Setting next_dagrun for hello_dag to None, run_after=None
[2026-09-08T07:18:28.520+0000] {processor.py:208} INFO - Processing /opt/airflow/dags/01_hello_dag.py took 0.106 seconds
[2026-09-08T07:18:58.770+0000] {processor.py:186} INFO - Started process (PID=1243) to work on /opt/airflow/dags/01_hello_dag.py
[2026-09-08T07:18:58.771+0000] {processor.py:914} INFO - Processing file /opt/airflow/dags/01_hello_dag.py for tasks to queue
[2026-09-08T07:18:58.773+0000] {logging_mixin.py:190} INFO - [2026-09-08T07:18:58.773+0000] {dagbag.py:588} INFO - Filling up the DagBag from /opt/airflow/dags/01_hello_dag.py
[2026-09-08T07:18:58.797+0000] {processor.py:925} INFO - DAG(s) 'hello_dag' retrieved from /opt/airflow/dags/01_hello_dag.py
[2026-09-08T07:18:58.829+0000] {logging_mixin.py:190} INFO - [2026-09-08T07:18:58.829+0000] {dag.py:3239} INFO - Sync 1 DAGs
[2026-09-08T07:18:58.848+0000] {logging_mixin.py:190} INFO - [2026-09-08T07:18:58.847+0000] {dag.py:4180} INFO - Setting next_dagrun for hello_dag to None, run_after=None
[2026-09-08T07:18:58.872+0000] {processor.py:208} INFO - Processing /opt/airflow/dags/01_hello_dag.py took 0.110 seconds
[2026-09-08T07:19:28.941+0000] {processor.py:186} INFO - Started process (PID=1257) to work on /opt/airflow/dags/01_hello_dag.py
[2026-09-08T07:19:28.942+0000] {processor.py:914} INFO - Processing file /opt/airflow/dags/01_hello_dag.py for tasks to queue
[2026-09-08T07:19:28.944+0000] {logging_mixin.py:190} INFO - [2026-09-08T07:19:28.944+0000] {dagbag.py:588} INFO - Filling up the DagBag from /opt/airflow/dags/01_hello_dag.py
[2026-09-08T07:19:28.965+0000] {processor.py:925} INFO - DAG(s) 'hello_dag' retrieved from /opt/airflow/dags/01_hello_dag.py
[2026-09-08T07:19:28.995+0000] {logging_mixin.py:190} INFO - [2026-09-08T07:19:28.995+0000] {dag.py:3239} INFO - Sync 1 DAGs
[2026-09-08T07:19:29.011+0000] {logging_mixin.py:190} INFO - [2026-09-08T07:19:29.011+0000] {dag.py:4180} INFO - Setting next_dagrun for hello_dag to None, run_after=None
[2026-09-08T07:19:29.031+0000] {processor.py:208} INFO - Processing /opt/airflow/dags/01_hello_dag.py took 0.096 seconds
[2026-09-08T07:19:59.166+0000] {processor.py:186} INFO - Started process (PID=1271) to work on /opt/airflow/dags/01_hello_dag.py
[2026-09-08T07:19:59.167+0000] {processor.py:914} INFO - Processing file /opt/airflow/dags/01_hello_dag.py for tasks to queue
[2026-09-08T07:19:59.169+0000] {logging_mixin.py:190} INFO - [2026-09-08T07:19:59.168+0000] {dagbag.py:588} INFO - Filling up the DagBag from /opt/airflow/dags/01_hello_dag.py
[2026-09-08T07:19:59.191+0000] {processor.py:925} INFO - DAG(s) 'hello_dag' retrieved from /opt/airflow/dags/01_hello_dag.py
[2026-09-08T07:19:59.228+0000] {logging_mixin.py:190} INFO - [2026-09-08T07:19:59.228+0000] {dag.py:3239} INFO - Sync 1 DAGs
[2026-09-08T07:19:59.248+0000] {logging_mixin.py:190} INFO - [2026-09-08T07:19:59.248+0000] {dag.py:4180} INFO - Setting next_dagrun for hello_dag to None, run_after=None
[2026-09-08T07:19:59.460+0000] {processor.py:208} INFO - Processing /opt/airflow/dags/01_hello_dag.py took 0.301 seconds
[2026-09-08T07:20:30.296+0000] {processor.py:186} INFO - Started process (PID=1285) to work on /opt/airflow/dags/01_hello_dag.py
[2026-09-08T07:20:30.297+0000] {processor.py:914} INFO - Processing file /opt/airflow/dags/01_hello_dag.py for tasks to queue
[2026-09-08T07:20:30.300+0000] {logging_mixin.py:190} INFO - [2026-09-08T07:20:30.299+0000] {dagbag.py:588} INFO - Filling up the DagBag from /opt/airflow/dags/01_hello_dag.py
[2026-09-08T07:20:30.327+0000] {processor.py:925} INFO - DAG(s) 'hello_dag' retrieved from /opt/airflow/dags/01_hello_dag.py
[2026-09-08T07:20:30.549+0000] {logging_mixin.py:190} INFO - [2026-09-08T07:20:30.549+0000] {dag.py:3239} INFO - Sync 1 DAGs
[2026-09-08T07:20:30.562+0000] {logging_mixin.py:190} INFO - [2026-09-08T07:20:30.562+0000] {dag.py:4180} INFO - Setting next_dagrun for hello_dag to None, run_after=None
[2026-09-08T07:20:30.582+0000] {processor.py:208} INFO - Processing /opt/airflow/dags/01_hello_dag.py took 0.296 seconds
[2026-09-08T07:21:00.934+0000] {processor.py:186} INFO - Started process (PID=1299) to work on /opt/airflow/dags/01_hello_dag.py
[2026-09-08T07:21:00.935+0000] {processor.py:914} INFO - Processing file /opt/airflow/dags/01_hello_dag.py for tasks to queue
[2026-09-08T07:21:00.937+0000] {logging_mixin.py:190} INFO - [2026-09-08T07:21:00.936+0000] {dagbag.py:588} INFO - Filling up the DagBag from /opt/airflow/dags/01_hello_dag.py
[2026-09-08T07:21:00.957+0000] {processor.py:925} INFO - DAG(s) 'hello_dag' retrieved from /opt/airflow/dags/01_hello_dag.py
[2026-09-08T07:21:00.987+0000] {logging_mixin.py:190} INFO - [2026-09-08T07:21:00.986+0000] {dag.py:3239} INFO - Sync 1 DAGs
[2026-09-08T07:21:01.002+0000] {logging_mixin.py:190} INFO - [2026-09-08T07:21:01.002+0000] {dag.py:4180} INFO - Setting next_dagrun for hello_dag to None, run_after=None
[2026-09-08T07:21:01.023+0000] {processor.py:208} INFO - Processing /opt/airflow/dags/01_hello_dag.py took 0.096 seconds
[2026-09-08T07:21:31.600+0000] {processor.py:186} INFO - Started process (PID=1313) to work on /opt/airflow/dags/01_hello_dag.py
[2026-09-08T07:21:31.686+0000] {processor.py:914} INFO - Processing file /opt/airflow/dags/01_hello_dag.py for tasks to queue
[2026-09-08T07:21:31.688+0000] {logging_mixin.py:190} INFO - [2026-09-08T07:21:31.687+0000] {dagbag.py:588} INFO - Filling up the DagBag from /opt/airflow/dags/01_hello_dag.py
[2026-09-08T07:21:31.712+0000] {processor.py:925} INFO - DAG(s) 'hello_dag' retrieved from /opt/airflow/dags/01_hello_dag.py
[2026-09-08T07:21:31.741+0000] {logging_mixin.py:190} INFO - [2026-09-08T07:21:31.741+0000] {dag.py:3239} INFO - Sync 1 DAGs
[2026-09-08T07:21:31.757+0000] {logging_mixin.py:190} INFO - [2026-09-08T07:21:31.757+0000] {dag.py:4180} INFO - Setting next_dagrun for hello_dag to None, run_after=None
[2026-09-08T07:21:31.778+0000] {processor.py:208} INFO - Processing /opt/airflow/dags/01_hello_dag.py took 0.184 seconds
[2026-09-08T07:22:02.462+0000] {processor.py:186} INFO - Started process (PID=1327) to work on /opt/airflow/dags/01_hello_dag.py
[2026-09-08T07:22:02.463+0000] {processor.py:914} INFO - Processing file /opt/airflow/dags/01_hello_dag.py for tasks to queue
[2026-09-08T07:22:02.465+0000] {logging_mixin.py:190} INFO - [2026-09-08T07:22:02.464+0000] {dagbag.py:588} INFO - Filling up the DagBag from /opt/airflow/dags/01_hello_dag.py
[2026-09-08T07:22:02.585+0000] {processor.py:925} INFO - DAG(s) 'hello_dag' retrieved from /opt/airflow/dags/01_hello_dag.py
[2026-09-08T07:22:02.615+0000] {logging_mixin.py:190} INFO - [2026-09-08T07:22:02.614+0000] {dag.py:3239} INFO - Sync 1 DAGs
[2026-09-08T07:22:02.631+0000] {logging_mixin.py:190} INFO - [2026-09-08T07:22:02.631+0000] {dag.py:4180} INFO - Setting next_dagrun for hello_dag to None, run_after=None
[2026-09-08T07:22:02.652+0000] {processor.py:208} INFO - Processing /opt/airflow/dags/01_hello_dag.py took 0.246 seconds
[2026-09-08T07:22:32.698+0000] {processor.py:186} INFO - Started process (PID=1341) to work on /opt/airflow/dags/01_hello_dag.py
[2026-09-08T07:22:32.700+0000] {processor.py:914} INFO - Processing file /opt/airflow/dags/01_hello_dag.py for tasks to queue
[2026-09-08T07:22:32.701+0000] {logging_mixin.py:190} INFO - [2026-09-08T07:22:32.701+0000] {dagbag.py:588} INFO - Filling up the DagBag from /opt/airflow/dags/01_hello_dag.py
[2026-09-08T07:22:32.724+0000] {processor.py:925} INFO - DAG(s) 'hello_dag' retrieved from /opt/airflow/dags/01_hello_dag.py
[2026-09-08T07:22:32.758+0000] {logging_mixin.py:190} INFO - [2026-09-08T07:22:32.758+0000] {dag.py:3239} INFO - Sync 1 DAGs
[2026-09-08T07:22:32.777+0000] {logging_mixin.py:190} INFO - [2026-09-08T07:22:32.777+0000] {dag.py:4180} INFO - Setting next_dagrun for hello_dag to None, run_after=None
[2026-09-08T07:22:32.799+0000] {processor.py:208} INFO - Processing /opt/airflow/dags/01_hello_dag.py took 0.107 seconds
[2026-09-08T07:23:02.904+0000] {processor.py:186} INFO - Started process (PID=1355) to work on /opt/airflow/dags/01_hello_dag.py
[2026-09-08T07:23:02.905+0000] {processor.py:914} INFO - Processing file /opt/airflow/dags/01_hello_dag.py for tasks to queue
[2026-09-08T07:23:02.906+0000] {logging_mixin.py:190} INFO - [2026-09-08T07:23:02.906+0000] {dagbag.py:588} INFO - Filling up the DagBag from /opt/airflow/dags/01_hello_dag.py
[2026-09-08T07:23:02.929+0000] {processor.py:925} INFO - DAG(s) 'hello_dag' retrieved from /opt/airflow/dags/01_hello_dag.py
[2026-09-08T07:23:02.960+0000] {logging_mixin.py:190} INFO - [2026-09-08T07:23:02.959+0000] {dag.py:3239} INFO - Sync 1 DAGs
[2026-09-08T07:23:02.976+0000] {logging_mixin.py:190} INFO - [2026-09-08T07:23:02.976+0000] {dag.py:4180} INFO - Setting next_dagrun for hello_dag to None, run_after=None
[2026-09-08T07:23:02.997+0000] {processor.py:208} INFO - Processing /opt/airflow/dags/01_hello_dag.py took 0.099 seconds
[2026-09-08T07:23:33.115+0000] {processor.py:186} INFO - Started process (PID=1369) to work on /opt/airflow/dags/01_hello_dag.py
[2026-09-08T07:23:33.116+0000] {processor.py:914} INFO - Processing file /opt/airflow/dags/01_hello_dag.py for tasks to queue
[2026-09-08T07:23:33.118+0000] {logging_mixin.py:190} INFO - [2026-09-08T07:23:33.117+0000] {dagbag.py:588} INFO - Filling up the DagBag from /opt/airflow/dags/01_hello_dag.py
[2026-09-08T07:23:33.175+0000] {processor.py:925} INFO - DAG(s) 'hello_dag' retrieved from /opt/airflow/dags/01_hello_dag.py
[2026-09-08T07:23:33.208+0000] {logging_mixin.py:190} INFO - [2026-09-08T07:23:33.207+0000] {dag.py:3239} INFO - Sync 1 DAGs
[2026-09-08T07:23:33.223+0000] {logging_mixin.py:190} INFO - [2026-09-08T07:23:33.223+0000] {dag.py:4180} INFO - Setting next_dagrun for hello_dag to None, run_after=None
[2026-09-08T07:23:33.243+0000] {processor.py:208} INFO - Processing /opt/airflow/dags/01_hello_dag.py took 0.136 seconds
[2026-09-08T07:24:03.472+0000] {processor.py:186} INFO - Started process (PID=1383) to work on /opt/airflow/dags/01_hello_dag.py
[2026-09-08T07:24:03.473+0000] {processor.py:914} INFO - Processing file /opt/airflow/dags/01_hello_dag.py for tasks to queue
[2026-09-08T07:24:03.474+0000] {logging_mixin.py:190} INFO - [2026-09-08T07:24:03.474+0000] {dagbag.py:588} INFO - Filling up the DagBag from /opt/airflow/dags/01_hello_dag.py
[2026-09-08T07:24:03.496+0000] {processor.py:925} INFO - DAG(s) 'hello_dag' retrieved from /opt/airflow/dags/01_hello_dag.py
[2026-09-08T07:24:03.527+0000] {logging_mixin.py:190} INFO - [2026-09-08T07:24:03.527+0000] {dag.py:3239} INFO - Sync 1 DAGs
[2026-09-08T07:24:03.543+0000] {logging_mixin.py:190} INFO - [2026-09-08T07:24:03.543+0000] {dag.py:4180} INFO - Setting next_dagrun for hello_dag to None, run_after=None
[2026-09-08T07:24:03.564+0000] {processor.py:208} INFO - Processing /opt/airflow/dags/01_hello_dag.py took 0.099 seconds
[2026-09-08T07:24:34.239+0000] {processor.py:186} INFO - Started process (PID=1397) to work on /opt/airflow/dags/01_hello_dag.py
[2026-09-08T07:24:34.240+0000] {processor.py:914} INFO - Processing file /opt/airflow/dags/01_hello_dag.py for tasks to queue
[2026-09-08T07:24:34.241+0000] {logging_mixin.py:190} INFO - [2026-09-08T07:24:34.241+0000] {dagbag.py:588} INFO - Filling up the DagBag from /opt/airflow/dags/01_hello_dag.py
[2026-09-08T07:24:34.262+0000] {processor.py:925} INFO - DAG(s) 'hello_dag' retrieved from /opt/airflow/dags/01_hello_dag.py
[2026-09-08T07:24:34.294+0000] {logging_mixin.py:190} INFO - [2026-09-08T07:24:34.294+0000] {dag.py:3239} INFO - Sync 1 DAGs
[2026-09-08T07:24:34.311+0000] {logging_mixin.py:190} INFO - [2026-09-08T07:24:34.311+0000] {dag.py:4180} INFO - Setting next_dagrun for hello_dag to None, run_after=None
[2026-09-08T07:24:34.340+0000] {processor.py:208} INFO - Processing /opt/airflow/dags/01_hello_dag.py took 0.107 seconds
[2026-09-08T07:25:05.063+0000] {processor.py:186} INFO - Started process (PID=1411) to work on /opt/airflow/dags/01_hello_dag.py
[2026-09-08T07:25:05.064+0000] {processor.py:914} INFO - Processing file /opt/airflow/dags/01_hello_dag.py for tasks to queue
[2026-09-08T07:25:05.066+0000] {logging_mixin.py:190} INFO - [2026-09-08T07:25:05.066+0000] {dagbag.py:588} INFO - Filling up the DagBag from /opt/airflow/dags/01_hello_dag.py
[2026-09-08T07:25:05.087+0000] {processor.py:925} INFO - DAG(s) 'hello_dag' retrieved from /opt/airflow/dags/01_hello_dag.py
[2026-09-08T07:25:05.118+0000] {logging_mixin.py:190} INFO - [2026-09-08T07:25:05.117+0000] {dag.py:3239} INFO - Sync 1 DAGs
[2026-09-08T07:25:05.133+0000] {logging_mixin.py:190} INFO - [2026-09-08T07:25:05.133+0000] {dag.py:4180} INFO - Setting next_dagrun for hello_dag to None, run_after=None
[2026-09-08T07:25:05.154+0000] {processor.py:208} INFO - Processing /opt/airflow/dags/01_hello_dag.py took 0.098 seconds
[2026-09-08T07:25:35.736+0000] {processor.py:186} INFO - Started process (PID=1425) to work on /opt/airflow/dags/01_hello_dag.py
[2026-09-08T07:25:35.737+0000] {processor.py:914} INFO - Processing file /opt/airflow/dags/01_hello_dag.py for tasks to queue
[2026-09-08T07:25:35.739+0000] {logging_mixin.py:190} INFO - [2026-09-08T07:25:35.739+0000] {dagbag.py:588} INFO - Filling up the DagBag from /opt/airflow/dags/01_hello_dag.py
[2026-09-08T07:25:35.762+0000] {processor.py:925} INFO - DAG(s) 'hello_dag' retrieved from /opt/airflow/dags/01_hello_dag.py
[2026-09-08T07:25:35.798+0000] {logging_mixin.py:190} INFO - [2026-09-08T07:25:35.798+0000] {dag.py:3239} INFO - Sync 1 DAGs
[2026-09-08T07:25:35.817+0000] {logging_mixin.py:190} INFO - [2026-09-08T07:25:35.817+0000] {dag.py:4180} INFO - Setting next_dagrun for hello_dag to None, run_after=None
[2026-09-08T07:25:35.839+0000] {processor.py:208} INFO - Processing /opt/airflow/dags/01_hello_dag.py took 0.110 seconds
[2026-09-08T07:26:06.563+0000] {processor.py:186} INFO - Started process (PID=1439) to work on /opt/airflow/dags/01_hello_dag.py
[2026-09-08T07:26:06.564+0000] {processor.py:914} INFO - Processing file /opt/airflow/dags/01_hello_dag.py for tasks to queue
[2026-09-08T07:26:06.566+0000] {logging_mixin.py:190} INFO - [2026-09-08T07:26:06.566+0000] {dagbag.py:588} INFO - Filling up the DagBag from /opt/airflow/dags/01_hello_dag.py
[2026-09-08T07:26:06.588+0000] {processor.py:925} INFO - DAG(s) 'hello_dag' retrieved from /opt/airflow/dags/01_hello_dag.py
[2026-09-08T07:26:06.619+0000] {logging_mixin.py:190} INFO - [2026-09-08T07:26:06.618+0000] {dag.py:3239} INFO - Sync 1 DAGs
[2026-09-08T07:26:06.634+0000] {logging_mixin.py:190} INFO - [2026-09-08T07:26:06.634+0000] {dag.py:4180} INFO - Setting next_dagrun for hello_dag to None, run_after=None
[2026-09-08T07:26:06.656+0000] {processor.py:208} INFO - Processing /opt/airflow/dags/01_hello_dag.py took 0.099 seconds
[2026-09-08T07:26:37.247+0000] {processor.py:186} INFO - Started process (PID=1453) to work on /opt/airflow/dags/01_hello_dag.py
[2026-09-08T07:26:37.248+0000] {processor.py:914} INFO - Processing file /opt/airflow/dags/01_hello_dag.py for tasks to queue
[2026-09-08T07:26:37.250+0000] {logging_mixin.py:190} INFO - [2026-09-08T07:26:37.250+0000] {dagbag.py:588} INFO - Filling up the DagBag from /opt/airflow/dags/01_hello_dag.py
[2026-09-08T07:26:37.272+0000] {processor.py:925} INFO - DAG(s) 'hello_dag' retrieved from /opt/airflow/dags/01_hello_dag.py
[2026-09-08T07:26:37.309+0000] {logging_mixin.py:190} INFO - [2026-09-08T07:26:37.309+0000] {dag.py:3239} INFO - Sync 1 DAGs
[2026-09-08T07:26:37.327+0000] {logging_mixin.py:190} INFO - [2026-09-08T07:26:37.327+0000] {dag.py:4180} INFO - Setting next_dagrun for hello_dag to None, run_after=None
[2026-09-08T07:26:37.349+0000] {processor.py:208} INFO - Processing /opt/airflow/dags/01_hello_dag.py took 0.108 seconds
[2026-09-08T07:27:07.417+0000] {processor.py:186} INFO - Started process (PID=1467) to work on /opt/airflow/dags/01_hello_dag.py
[2026-09-08T07:27:07.418+0000] {processor.py:914} INFO - Processing file /opt/airflow/dags/01_hello_dag.py for tasks to queue
[2026-09-08T07:27:07.421+0000] {logging_mixin.py:190} INFO - [2026-09-08T07:27:07.420+0000] {dagbag.py:588} INFO - Filling up the DagBag from /opt/airflow/dags/01_hello_dag.py
[2026-09-08T07:27:07.450+0000] {processor.py:925} INFO - DAG(s) 'hello_dag' retrieved from /opt/airflow/dags/01_hello_dag.py
[2026-09-08T07:27:07.501+0000] {logging_mixin.py:190} INFO - [2026-09-08T07:27:07.501+0000] {dag.py:3239} INFO - Sync 1 DAGs
[2026-09-08T07:27:07.523+0000] {logging_mixin.py:190} INFO - [2026-09-08T07:27:07.523+0000] {dag.py:4180} INFO - Setting next_dagrun for hello_dag to None, run_after=None
[2026-09-08T07:27:07.550+0000] {processor.py:208} INFO - Processing /opt/airflow/dags/01_hello_dag.py took 0.141 seconds
[2026-09-08T07:27:38.150+0000] {processor.py:186} INFO - Started process (PID=1481) to work on /opt/airflow/dags/01_hello_dag.py
[2026-09-08T07:27:38.152+0000] {processor.py:914} INFO - Processing file /opt/airflow/dags/01_hello_dag.py for tasks to queue
[2026-09-08T07:27:38.154+0000] {logging_mixin.py:190} INFO - [2026-09-08T07:27:38.154+0000] {dagbag.py:588} INFO - Filling up the DagBag from /opt/airflow/dags/01_hello_dag.py
[2026-09-08T07:27:38.190+0000] {processor.py:925} INFO - DAG(s) 'hello_dag' retrieved from /opt/airflow/dags/01_hello_dag.py
[2026-09-08T07:27:38.281+0000] {logging_mixin.py:190} INFO - [2026-09-08T07:27:38.281+0000] {dag.py:3239} INFO - Sync 1 DAGs
[2026-09-08T07:27:38.331+0000] {logging_mixin.py:190} INFO - [2026-09-08T07:27:38.330+0000] {dag.py:4180} INFO - Setting next_dagrun for hello_dag to None, run_after=None
[2026-09-08T07:27:38.366+0000] {processor.py:208} INFO - Processing /opt/airflow/dags/01_hello_dag.py took 0.226 seconds
[2026-09-08T07:28:08.530+0000] {processor.py:186} INFO - Started process (PID=1495) to work on /opt/airflow/dags/01_hello_dag.py
[2026-09-08T07:28:08.531+0000] {processor.py:914} INFO - Processing file /opt/airflow/dags/01_hello_dag.py for tasks to queue
[2026-09-08T07:28:08.533+0000] {logging_mixin.py:190} INFO - [2026-09-08T07:28:08.532+0000] {dagbag.py:588} INFO - Filling up the DagBag from /opt/airflow/dags/01_hello_dag.py
[2026-09-08T07:28:08.553+0000] {processor.py:925} INFO - DAG(s) 'hello_dag' retrieved from /opt/airflow/dags/01_hello_dag.py
[2026-09-08T07:28:08.584+0000] {logging_mixin.py:190} INFO - [2026-09-08T07:28:08.584+0000] {dag.py:3239} INFO - Sync 1 DAGs
[2026-09-08T07:28:08.600+0000] {logging_mixin.py:190} INFO - [2026-09-08T07:28:08.599+0000] {dag.py:4180} INFO - Setting next_dagrun for hello_dag to None, run_after=None
[2026-09-08T07:28:08.621+0000] {processor.py:208} INFO - Processing /opt/airflow/dags/01_hello_dag.py took 0.097 seconds
[2026-09-08T07:28:39.339+0000] {processor.py:186} INFO - Started process (PID=1508) to work on /opt/airflow/dags/01_hello_dag.py
[2026-09-08T07:28:39.340+0000] {processor.py:914} INFO - Processing file /opt/airflow/dags/01_hello_dag.py for tasks to queue
[2026-09-08T07:28:39.342+0000] {logging_mixin.py:190} INFO - [2026-09-08T07:28:39.341+0000] {dagbag.py:588} INFO - Filling up the DagBag from /opt/airflow/dags/01_hello_dag.py
[2026-09-08T07:28:39.365+0000] {processor.py:925} INFO - DAG(s) 'hello_dag' retrieved from /opt/airflow/dags/01_hello_dag.py
[2026-09-08T07:28:39.399+0000] {logging_mixin.py:190} INFO - [2026-09-08T07:28:39.399+0000] {dag.py:3239} INFO - Sync 1 DAGs
[2026-09-08T07:28:39.416+0000] {logging_mixin.py:190} INFO - [2026-09-08T07:28:39.416+0000] {dag.py:4180} INFO - Setting next_dagrun for hello_dag to None, run_after=None
[2026-09-08T07:28:39.437+0000] {processor.py:208} INFO - Processing /opt/airflow/dags/01_hello_dag.py took 0.105 seconds
[2026-09-08T07:29:09.578+0000] {processor.py:186} INFO - Started process (PID=1521) to work on /opt/airflow/dags/01_hello_dag.py
[2026-09-08T07:29:09.579+0000] {processor.py:914} INFO - Processing file /opt/airflow/dags/01_hello_dag.py for tasks to queue
[2026-09-08T07:29:09.581+0000] {logging_mixin.py:190} INFO - [2026-09-08T07:29:09.580+0000] {dagbag.py:588} INFO - Filling up the DagBag from /opt/airflow/dags/01_hello_dag.py
[2026-09-08T07:29:09.601+0000] {processor.py:925} INFO - DAG(s) 'hello_dag' retrieved from /opt/airflow/dags/01_hello_dag.py
[2026-09-08T07:29:09.632+0000] {logging_mixin.py:190} INFO - [2026-09-08T07:29:09.632+0000] {dag.py:3239} INFO - Sync 1 DAGs
[2026-09-08T07:29:09.648+0000] {logging_mixin.py:190} INFO - [2026-09-08T07:29:09.648+0000] {dag.py:4180} INFO - Setting next_dagrun for hello_dag to None, run_after=None
[2026-09-08T07:29:09.669+0000] {processor.py:208} INFO - Processing /opt/airflow/dags/01_hello_dag.py took 0.098 seconds
[2026-09-08T07:29:39.715+0000] {processor.py:186} INFO - Started process (PID=1535) to work on /opt/airflow/dags/01_hello_dag.py
[2026-09-08T07:29:39.716+0000] {processor.py:914} INFO - Processing file /opt/airflow/dags/01_hello_dag.py for tasks to queue
[2026-09-08T07:29:39.718+0000] {logging_mixin.py:190} INFO - [2026-09-08T07:29:39.718+0000] {dagbag.py:588} INFO - Filling up the DagBag from /opt/airflow/dags/01_hello_dag.py
[2026-09-08T07:29:39.741+0000] {processor.py:925} INFO - DAG(s) 'hello_dag' retrieved from /opt/airflow/dags/01_hello_dag.py
[2026-09-08T07:29:39.778+0000] {logging_mixin.py:190} INFO - [2026-09-08T07:29:39.778+0000] {dag.py:3239} INFO - Sync 1 DAGs
[2026-09-08T07:29:39.797+0000] {logging_mixin.py:190} INFO - [2026-09-08T07:29:39.796+0000] {dag.py:4180} INFO - Setting next_dagrun for hello_dag to None, run_after=None
[2026-09-08T07:29:39.818+0000] {processor.py:208} INFO - Processing /opt/airflow/dags/01_hello_dag.py took 0.109 seconds
[2026-09-08T07:30:10.070+0000] {processor.py:186} INFO - Started process (PID=1549) to work on /opt/airflow/dags/01_hello_dag.py
[2026-09-08T07:30:10.071+0000] {processor.py:914} INFO - Processing file /opt/airflow/dags/01_hello_dag.py for tasks to queue
[2026-09-08T07:30:10.073+0000] {logging_mixin.py:190} INFO - [2026-09-08T07:30:10.072+0000] {dagbag.py:588} INFO - Filling up the DagBag from /opt/airflow/dags/01_hello_dag.py
[2026-09-08T07:30:10.096+0000] {processor.py:925} INFO - DAG(s) 'hello_dag' retrieved from /opt/airflow/dags/01_hello_dag.py
[2026-09-08T07:30:10.128+0000] {logging_mixin.py:190} INFO - [2026-09-08T07:30:10.128+0000] {dag.py:3239} INFO - Sync 1 DAGs
[2026-09-08T07:30:10.155+0000] {logging_mixin.py:190} INFO - [2026-09-08T07:30:10.154+0000] {dag.py:4180} INFO - Setting next_dagrun for hello_dag to None, run_after=None
[2026-09-08T07:30:10.193+0000] {processor.py:208} INFO - Processing /opt/airflow/dags/01_hello_dag.py took 0.131 seconds
[2026-09-08T07:30:40.306+0000] {processor.py:186} INFO - Started process (PID=1563) to work on /opt/airflow/dags/01_hello_dag.py
[2026-09-08T07:30:40.307+0000] {processor.py:914} INFO - Processing file /opt/airflow/dags/01_hello_dag.py for tasks to queue
[2026-09-08T07:30:40.310+0000] {logging_mixin.py:190} INFO - [2026-09-08T07:30:40.309+0000] {dagbag.py:588} INFO - Filling up the DagBag from /opt/airflow/dags/01_hello_dag.py
[2026-09-08T07:30:40.340+0000] {processor.py:925} INFO - DAG(s) 'hello_dag' retrieved from /opt/airflow/dags/01_hello_dag.py
[2026-09-08T07:30:40.385+0000] {logging_mixin.py:190} INFO - [2026-09-08T07:30:40.385+0000] {dag.py:3239} INFO - Sync 1 DAGs
[2026-09-08T07:30:40.406+0000] {logging_mixin.py:190} INFO - [2026-09-08T07:30:40.406+0000] {dag.py:4180} INFO - Setting next_dagrun for hello_dag to None, run_after=None
[2026-09-08T07:30:40.432+0000] {processor.py:208} INFO - Processing /opt/airflow/dags/01_hello_dag.py took 0.136 seconds
[2026-09-08T07:31:10.579+0000] {processor.py:186} INFO - Started process (PID=1577) to work on /opt/airflow/dags/01_hello_dag.py
[2026-09-08T07:31:10.580+0000] {processor.py:914} INFO - Processing file /opt/airflow/dags/01_hello_dag.py for tasks to queue
[2026-09-08T07:31:10.581+0000] {logging_mixin.py:190} INFO - [2026-09-08T07:31:10.581+0000] {dagbag.py:588} INFO - Filling up the DagBag from /opt/airflow/dags/01_hello_dag.py
[2026-09-08T07:31:10.604+0000] {processor.py:925} INFO - DAG(s) 'hello_dag' retrieved from /opt/airflow/dags/01_hello_dag.py
[2026-09-08T07:31:10.639+0000] {logging_mixin.py:190} INFO - [2026-09-08T07:31:10.639+0000] {dag.py:3239} INFO - Sync 1 DAGs
[2026-09-08T07:31:10.658+0000] {logging_mixin.py:190} INFO - [2026-09-08T07:31:10.657+0000] {dag.py:4180} INFO - Setting next_dagrun for hello_dag to None, run_after=None
[2026-09-08T07:31:10.680+0000] {processor.py:208} INFO - Processing /opt/airflow/dags/01_hello_dag.py took 0.108 seconds
[2026-09-08T07:31:40.837+0000] {processor.py:186} INFO - Started process (PID=1591) to work on /opt/airflow/dags/01_hello_dag.py
[2026-09-08T07:31:40.838+0000] {processor.py:914} INFO - Processing file /opt/airflow/dags/01_hello_dag.py for tasks to queue
[2026-09-08T07:31:40.840+0000] {logging_mixin.py:190} INFO - [2026-09-08T07:31:40.840+0000] {dagbag.py:588} INFO - Filling up the DagBag from /opt/airflow/dags/01_hello_dag.py
[2026-09-08T07:31:40.862+0000] {processor.py:925} INFO - DAG(s) 'hello_dag' retrieved from /opt/airflow/dags/01_hello_dag.py
[2026-09-08T07:31:40.894+0000] {logging_mixin.py:190} INFO - [2026-09-08T07:31:40.893+0000] {dag.py:3239} INFO - Sync 1 DAGs
[2026-09-08T07:31:40.910+0000] {logging_mixin.py:190} INFO - [2026-09-08T07:31:40.910+0000] {dag.py:4180} INFO - Setting next_dagrun for hello_dag to None, run_after=None
[2026-09-08T07:31:40.933+0000] {processor.py:208} INFO - Processing /opt/airflow/dags/01_hello_dag.py took 0.102 seconds
[2026-09-08T07:32:10.982+0000] {processor.py:186} INFO - Started process (PID=1605) to work on /opt/airflow/dags/01_hello_dag.py
[2026-09-08T07:32:10.983+0000] {processor.py:914} INFO - Processing file /opt/airflow/dags/01_hello_dag.py for tasks to queue
[2026-09-08T07:32:10.985+0000] {logging_mixin.py:190} INFO - [2026-09-08T07:32:10.985+0000] {dagbag.py:588} INFO - Filling up the DagBag from /opt/airflow/dags/01_hello_dag.py
[2026-09-08T07:32:11.006+0000] {processor.py:925} INFO - DAG(s) 'hello_dag' retrieved from /opt/airflow/dags/01_hello_dag.py
[2026-09-08T07:32:11.037+0000] {logging_mixin.py:190} INFO - [2026-09-08T07:32:11.037+0000] {dag.py:3239} INFO - Sync 1 DAGs
[2026-09-08T07:32:11.054+0000] {logging_mixin.py:190} INFO - [2026-09-08T07:32:11.054+0000] {dag.py:4180} INFO - Setting next_dagrun for hello_dag to None, run_after=None
[2026-09-08T07:32:11.076+0000] {processor.py:208} INFO - Processing /opt/airflow/dags/01_hello_dag.py took 0.100 seconds
[2026-09-08T07:32:41.213+0000] {processor.py:186} INFO - Started process (PID=1619) to work on /opt/airflow/dags/01_hello_dag.py
[2026-09-08T07:32:41.214+0000] {processor.py:914} INFO - Processing file /opt/airflow/dags/01_hello_dag.py for tasks to queue
[2026-09-08T07:32:41.216+0000] {logging_mixin.py:190} INFO - [2026-09-08T07:32:41.215+0000] {dagbag.py:588} INFO - Filling up the DagBag from /opt/airflow/dags/01_hello_dag.py
[2026-09-08T07:32:41.238+0000] {processor.py:925} INFO - DAG(s) 'hello_dag' retrieved from /opt/airflow/dags/01_hello_dag.py
[2026-09-08T07:32:41.272+0000] {logging_mixin.py:190} INFO - [2026-09-08T07:32:41.272+0000] {dag.py:3239} INFO - Sync 1 DAGs
[2026-09-08T07:32:41.289+0000] {logging_mixin.py:190} INFO - [2026-09-08T07:32:41.288+0000] {dag.py:4180} INFO - Setting next_dagrun for hello_dag to None, run_after=None
[2026-09-08T07:32:41.314+0000] {processor.py:208} INFO - Processing /opt/airflow/dags/01_hello_dag.py took 0.110 seconds
[2026-09-08T07:33:11.585+0000] {processor.py:186} INFO - Started process (PID=1633) to work on /opt/airflow/dags/01_hello_dag.py
[2026-09-08T07:33:11.587+0000] {processor.py:914} INFO - Processing file /opt/airflow/dags/01_hello_dag.py for tasks to queue
[2026-09-08T07:33:11.589+0000] {logging_mixin.py:190} INFO - [2026-09-08T07:33:11.588+0000] {dagbag.py:588} INFO - Filling up the DagBag from /opt/airflow/dags/01_hello_dag.py
[2026-09-08T07:33:11.613+0000] {processor.py:925} INFO - DAG(s) 'hello_dag' retrieved from /opt/airflow/dags/01_hello_dag.py
[2026-09-08T07:33:11.645+0000] {logging_mixin.py:190} INFO - [2026-09-08T07:33:11.645+0000] {dag.py:3239} INFO - Sync 1 DAGs
[2026-09-08T07:33:11.662+0000] {logging_mixin.py:190} INFO - [2026-09-08T07:33:11.661+0000] {dag.py:4180} INFO - Setting next_dagrun for hello_dag to None, run_after=None
[2026-09-08T07:33:11.685+0000] {processor.py:208} INFO - Processing /opt/airflow/dags/01_hello_dag.py took 0.106 seconds
[2026-09-08T07:33:41.747+0000] {processor.py:186} INFO - Started process (PID=1647) to work on /opt/airflow/dags/01_hello_dag.py
[2026-09-08T07:33:41.748+0000] {processor.py:914} INFO - Processing file /opt/airflow/dags/01_hello_dag.py for tasks to queue
[2026-09-08T07:33:41.750+0000] {logging_mixin.py:190} INFO - [2026-09-08T07:33:41.749+0000] {dagbag.py:588} INFO - Filling up the DagBag from /opt/airflow/dags/01_hello_dag.py
[2026-09-08T07:33:41.781+0000] {processor.py:925} INFO - DAG(s) 'hello_dag' retrieved from /opt/airflow/dags/01_hello_dag.py
[2026-09-08T07:33:41.822+0000] {logging_mixin.py:190} INFO - [2026-09-08T07:33:41.821+0000] {dag.py:3239} INFO - Sync 1 DAGs
[2026-09-08T07:33:41.843+0000] {logging_mixin.py:190} INFO - [2026-09-08T07:33:41.843+0000] {dag.py:4180} INFO - Setting next_dagrun for hello_dag to None, run_after=None
[2026-09-08T07:33:41.875+0000] {processor.py:208} INFO - Processing /opt/airflow/dags/01_hello_dag.py took 0.135 seconds
[2026-09-08T07:34:12.131+0000] {processor.py:186} INFO - Started process (PID=1661) to work on /opt/airflow/dags/01_hello_dag.py
[2026-09-08T07:34:12.132+0000] {processor.py:914} INFO - Processing file /opt/airflow/dags/01_hello_dag.py for tasks to queue
[2026-09-08T07:34:12.134+0000] {logging_mixin.py:190} INFO - [2026-09-08T07:34:12.134+0000] {dagbag.py:588} INFO - Filling up the DagBag from /opt/airflow/dags/01_hello_dag.py
[2026-09-08T07:34:12.186+0000] {processor.py:925} INFO - DAG(s) 'hello_dag' retrieved from /opt/airflow/dags/01_hello_dag.py
[2026-09-08T07:34:12.223+0000] {logging_mixin.py:190} INFO - [2026-09-08T07:34:12.223+0000] {dag.py:3239} INFO - Sync 1 DAGs
[2026-09-08T07:34:12.243+0000] {logging_mixin.py:190} INFO - [2026-09-08T07:34:12.243+0000] {dag.py:4180} INFO - Setting next_dagrun for hello_dag to None, run_after=None
[2026-09-08T07:34:12.267+0000] {processor.py:208} INFO - Processing /opt/airflow/dags/01_hello_dag.py took 0.143 seconds
[2026-09-08T07:34:42.448+0000] {processor.py:186} INFO - Started process (PID=1675) to work on /opt/airflow/dags/01_hello_dag.py
[2026-09-08T07:34:42.449+0000] {processor.py:914} INFO - Processing file /opt/airflow/dags/01_hello_dag.py for tasks to queue
[2026-09-08T07:34:42.451+0000] {logging_mixin.py:190} INFO - [2026-09-08T07:34:42.451+0000] {dagbag.py:588} INFO - Filling up the DagBag from /opt/airflow/dags/01_hello_dag.py
[2026-09-08T07:34:42.481+0000] {processor.py:925} INFO - DAG(s) 'hello_dag' retrieved from /opt/airflow/dags/01_hello_dag.py
[2026-09-08T07:34:42.543+0000] {logging_mixin.py:190} INFO - [2026-09-08T07:34:42.542+0000] {dag.py:3239} INFO - Sync 1 DAGs
[2026-09-08T07:34:42.563+0000] {logging_mixin.py:190} INFO - [2026-09-08T07:34:42.563+0000] {dag.py:4180} INFO - Setting next_dagrun for hello_dag to None, run_after=None
[2026-09-08T07:34:42.590+0000] {processor.py:208} INFO - Processing /opt/airflow/dags/01_hello_dag.py took 0.151 seconds
[2026-09-08T07:35:12.641+0000] {processor.py:186} INFO - Started process (PID=1689) to work on /opt/airflow/dags/01_hello_dag.py
[2026-09-08T07:35:12.642+0000] {processor.py:914} INFO - Processing file /opt/airflow/dags/01_hello_dag.py for tasks to queue
[2026-09-08T07:35:12.644+0000] {logging_mixin.py:190} INFO - [2026-09-08T07:35:12.643+0000] {dagbag.py:588} INFO - Filling up the DagBag from /opt/airflow/dags/01_hello_dag.py
[2026-09-08T07:35:12.663+0000] {processor.py:925} INFO - DAG(s) 'hello_dag' retrieved from /opt/airflow/dags/01_hello_dag.py
[2026-09-08T07:35:12.703+0000] {logging_mixin.py:190} INFO - [2026-09-08T07:35:12.703+0000] {dag.py:3239} INFO - Sync 1 DAGs
[2026-09-08T07:35:12.725+0000] {logging_mixin.py:190} INFO - [2026-09-08T07:35:12.724+0000] {dag.py:4180} INFO - Setting next_dagrun for hello_dag to None, run_after=None
[2026-09-08T07:35:12.747+0000] {processor.py:208} INFO - Processing /opt/airflow/dags/01_hello_dag.py took 0.113 seconds
[2026-09-08T07:35:43.455+0000] {processor.py:186} INFO - Started process (PID=1703) to work on /opt/airflow/dags/01_hello_dag.py
[2026-09-08T07:35:43.456+0000] {processor.py:914} INFO - Processing file /opt/airflow/dags/01_hello_dag.py for tasks to queue
[2026-09-08T07:35:43.458+0000] {logging_mixin.py:190} INFO - [2026-09-08T07:35:43.457+0000] {dagbag.py:588} INFO - Filling up the DagBag from /opt/airflow/dags/01_hello_dag.py
[2026-09-08T07:35:43.481+0000] {processor.py:925} INFO - DAG(s) 'hello_dag' retrieved from /opt/airflow/dags/01_hello_dag.py
[2026-09-08T07:35:43.513+0000] {logging_mixin.py:190} INFO - [2026-09-08T07:35:43.513+0000] {dag.py:3239} INFO - Sync 1 DAGs
[2026-09-08T07:35:43.531+0000] {logging_mixin.py:190} INFO - [2026-09-08T07:35:43.530+0000] {dag.py:4180} INFO - Setting next_dagrun for hello_dag to None, run_after=None
[2026-09-08T07:35:43.553+0000] {processor.py:208} INFO - Processing /opt/airflow/dags/01_hello_dag.py took 0.106 seconds
[2026-09-08T07:36:13.605+0000] {processor.py:186} INFO - Started process (PID=1717) to work on /opt/airflow/dags/01_hello_dag.py
[2026-09-08T07:36:13.606+0000] {processor.py:914} INFO - Processing file /opt/airflow/dags/01_hello_dag.py for tasks to queue
[2026-09-08T07:36:13.608+0000] {logging_mixin.py:190} INFO - [2026-09-08T07:36:13.608+0000] {dagbag.py:588} INFO - Filling up the DagBag from /opt/airflow/dags/01_hello_dag.py
[2026-09-08T07:36:13.630+0000] {processor.py:925} INFO - DAG(s) 'hello_dag' retrieved from /opt/airflow/dags/01_hello_dag.py
[2026-09-08T07:36:13.661+0000] {logging_mixin.py:190} INFO - [2026-09-08T07:36:13.660+0000] {dag.py:3239} INFO - Sync 1 DAGs
[2026-09-08T07:36:13.676+0000] {logging_mixin.py:190} INFO - [2026-09-08T07:36:13.676+0000] {dag.py:4180} INFO - Setting next_dagrun for hello_dag to None, run_after=None
[2026-09-08T07:36:13.697+0000] {processor.py:208} INFO - Processing /opt/airflow/dags/01_hello_dag.py took 0.098 seconds
[2026-09-08T07:36:43.852+0000] {processor.py:186} INFO - Started process (PID=1731) to work on /opt/airflow/dags/01_hello_dag.py
[2026-09-08T07:36:43.853+0000] {processor.py:914} INFO - Processing file /opt/airflow/dags/01_hello_dag.py for tasks to queue
[2026-09-08T07:36:43.855+0000] {logging_mixin.py:190} INFO - [2026-09-08T07:36:43.854+0000] {dagbag.py:588} INFO - Filling up the DagBag from /opt/airflow/dags/01_hello_dag.py
[2026-09-08T07:36:43.876+0000] {processor.py:925} INFO - DAG(s) 'hello_dag' retrieved from /opt/airflow/dags/01_hello_dag.py
[2026-09-08T07:36:43.908+0000] {logging_mixin.py:190} INFO - [2026-09-08T07:36:43.908+0000] {dag.py:3239} INFO - Sync 1 DAGs
[2026-09-08T07:36:43.926+0000] {logging_mixin.py:190} INFO - [2026-09-08T07:36:43.926+0000] {dag.py:4180} INFO - Setting next_dagrun for hello_dag to None, run_after=None
[2026-09-08T07:36:43.950+0000] {processor.py:208} INFO - Processing /opt/airflow/dags/01_hello_dag.py took 0.106 seconds
[2026-09-08T07:37:14.657+0000] {processor.py:186} INFO - Started process (PID=1745) to work on /opt/airflow/dags/01_hello_dag.py
[2026-09-08T07:37:14.658+0000] {processor.py:914} INFO - Processing file /opt/airflow/dags/01_hello_dag.py for tasks to queue
[2026-09-08T07:37:14.660+0000] {logging_mixin.py:190} INFO - [2026-09-08T07:37:14.659+0000] {dagbag.py:588} INFO - Filling up the DagBag from /opt/airflow/dags/01_hello_dag.py
[2026-09-08T07:37:14.683+0000] {processor.py:925} INFO - DAG(s) 'hello_dag' retrieved from /opt/airflow/dags/01_hello_dag.py
[2026-09-08T07:37:14.714+0000] {logging_mixin.py:190} INFO - [2026-09-08T07:37:14.713+0000] {dag.py:3239} INFO - Sync 1 DAGs
[2026-09-08T07:37:14.733+0000] {logging_mixin.py:190} INFO - [2026-09-08T07:37:14.732+0000] {dag.py:4180} INFO - Setting next_dagrun for hello_dag to None, run_after=None
[2026-09-08T07:37:14.754+0000] {processor.py:208} INFO - Processing /opt/airflow/dags/01_hello_dag.py took 0.105 seconds
[2026-09-08T07:37:44.841+0000] {processor.py:186} INFO - Started process (PID=1759) to work on /opt/airflow/dags/01_hello_dag.py
[2026-09-08T07:37:44.843+0000] {processor.py:914} INFO - Processing file /opt/airflow/dags/01_hello_dag.py for tasks to queue
[2026-09-08T07:37:44.846+0000] {logging_mixin.py:190} INFO - [2026-09-08T07:37:44.845+0000] {dagbag.py:588} INFO - Filling up the DagBag from /opt/airflow/dags/01_hello_dag.py
[2026-09-08T07:37:44.879+0000] {processor.py:925} INFO - DAG(s) 'hello_dag' retrieved from /opt/airflow/dags/01_hello_dag.py
[2026-09-08T07:37:44.920+0000] {logging_mixin.py:190} INFO - [2026-09-08T07:37:44.920+0000] {dag.py:3239} INFO - Sync 1 DAGs
[2026-09-08T07:37:44.940+0000] {logging_mixin.py:190} INFO - [2026-09-08T07:37:44.940+0000] {dag.py:4180} INFO - Setting next_dagrun for hello_dag to None, run_after=None
[2026-09-08T07:37:44.963+0000] {processor.py:208} INFO - Processing /opt/airflow/dags/01_hello_dag.py took 0.132 seconds
[2026-09-08T07:38:15.289+0000] {processor.py:186} INFO - Started process (PID=1773) to work on /opt/airflow/dags/01_hello_dag.py
[2026-09-08T07:38:15.290+0000] {processor.py:914} INFO - Processing file /opt/airflow/dags/01_hello_dag.py for tasks to queue
[2026-09-08T07:38:15.292+0000] {logging_mixin.py:190} INFO - [2026-09-08T07:38:15.292+0000] {dagbag.py:588} INFO - Filling up the DagBag from /opt/airflow/dags/01_hello_dag.py
[2026-09-08T07:38:15.313+0000] {processor.py:925} INFO - DAG(s) 'hello_dag' retrieved from /opt/airflow/dags/01_hello_dag.py
[2026-09-08T07:38:15.344+0000] {logging_mixin.py:190} INFO - [2026-09-08T07:38:15.343+0000] {dag.py:3239} INFO - Sync 1 DAGs
[2026-09-08T07:38:15.360+0000] {logging_mixin.py:190} INFO - [2026-09-08T07:38:15.359+0000] {dag.py:4180} INFO - Setting next_dagrun for hello_dag to None, run_after=None
[2026-09-08T07:38:15.384+0000] {processor.py:208} INFO - Processing /opt/airflow/dags/01_hello_dag.py took 0.101 seconds
[2026-09-08T07:38:46.074+0000] {processor.py:186} INFO - Started process (PID=1787) to work on /opt/airflow/dags/01_hello_dag.py
[2026-09-08T07:38:46.075+0000] {processor.py:914} INFO - Processing file /opt/airflow/dags/01_hello_dag.py for tasks to queue
[2026-09-08T07:38:46.076+0000] {logging_mixin.py:190} INFO - [2026-09-08T07:38:46.076+0000] {dagbag.py:588} INFO - Filling up the DagBag from /opt/airflow/dags/01_hello_dag.py
[2026-09-08T07:38:46.100+0000] {processor.py:925} INFO - DAG(s) 'hello_dag' retrieved from /opt/airflow/dags/01_hello_dag.py
[2026-09-08T07:38:46.130+0000] {logging_mixin.py:190} INFO - [2026-09-08T07:38:46.130+0000] {dag.py:3239} INFO - Sync 1 DAGs
[2026-09-08T07:38:46.146+0000] {logging_mixin.py:190} INFO - [2026-09-08T07:38:46.145+0000] {dag.py:4180} INFO - Setting next_dagrun for hello_dag to None, run_after=None
[2026-09-08T07:38:46.168+0000] {processor.py:208} INFO - Processing /opt/airflow/dags/01_hello_dag.py took 0.101 seconds
[2026-09-08T07:39:16.322+0000] {processor.py:186} INFO - Started process (PID=1801) to work on /opt/airflow/dags/01_hello_dag.py
[2026-09-08T07:39:16.323+0000] {processor.py:914} INFO - Processing file /opt/airflow/dags/01_hello_dag.py for tasks to queue
[2026-09-08T07:39:16.325+0000] {logging_mixin.py:190} INFO - [2026-09-08T07:39:16.325+0000] {dagbag.py:588} INFO - Filling up the DagBag from /opt/airflow/dags/01_hello_dag.py
[2026-09-08T07:39:16.346+0000] {processor.py:925} INFO - DAG(s) 'hello_dag' retrieved from /opt/airflow/dags/01_hello_dag.py
[2026-09-08T07:39:16.376+0000] {logging_mixin.py:190} INFO - [2026-09-08T07:39:16.376+0000] {dag.py:3239} INFO - Sync 1 DAGs
[2026-09-08T07:39:16.392+0000] {logging_mixin.py:190} INFO - [2026-09-08T07:39:16.392+0000] {dag.py:4180} INFO - Setting next_dagrun for hello_dag to None, run_after=None
[2026-09-08T07:39:16.413+0000] {processor.py:208} INFO - Processing /opt/airflow/dags/01_hello_dag.py took 0.099 seconds
[2026-09-08T07:39:46.537+0000] {processor.py:186} INFO - Started process (PID=1815) to work on /opt/airflow/dags/01_hello_dag.py
[2026-09-08T07:39:46.538+0000] {processor.py:914} INFO - Processing file /opt/airflow/dags/01_hello_dag.py for tasks to queue
[2026-09-08T07:39:46.540+0000] {logging_mixin.py:190} INFO - [2026-09-08T07:39:46.539+0000] {dagbag.py:588} INFO - Filling up the DagBag from /opt/airflow/dags/01_hello_dag.py
[2026-09-08T07:39:46.560+0000] {processor.py:925} INFO - DAG(s) 'hello_dag' retrieved from /opt/airflow/dags/01_hello_dag.py
[2026-09-08T07:39:46.593+0000] {logging_mixin.py:190} INFO - [2026-09-08T07:39:46.593+0000] {dag.py:3239} INFO - Sync 1 DAGs
[2026-09-08T07:39:46.612+0000] {logging_mixin.py:190} INFO - [2026-09-08T07:39:46.612+0000] {dag.py:4180} INFO - Setting next_dagrun for hello_dag to None, run_after=None
[2026-09-08T07:39:46.635+0000] {processor.py:208} INFO - Processing /opt/airflow/dags/01_hello_dag.py took 0.105 seconds
[2026-09-08T07:40:17.379+0000] {processor.py:186} INFO - Started process (PID=1829) to work on /opt/airflow/dags/01_hello_dag.py
[2026-09-08T07:40:17.380+0000] {processor.py:914} INFO - Processing file /opt/airflow/dags/01_hello_dag.py for tasks to queue
[2026-09-08T07:40:17.382+0000] {logging_mixin.py:190} INFO - [2026-09-08T07:40:17.382+0000] {dagbag.py:588} INFO - Filling up the DagBag from /opt/airflow/dags/01_hello_dag.py
[2026-09-08T07:40:17.405+0000] {processor.py:925} INFO - DAG(s) 'hello_dag' retrieved from /opt/airflow/dags/01_hello_dag.py
[2026-09-08T07:40:17.436+0000] {logging_mixin.py:190} INFO - [2026-09-08T07:40:17.436+0000] {dag.py:3239} INFO - Sync 1 DAGs
[2026-09-08T07:40:17.452+0000] {logging_mixin.py:190} INFO - [2026-09-08T07:40:17.452+0000] {dag.py:4180} INFO - Setting next_dagrun for hello_dag to None, run_after=None
[2026-09-08T07:40:17.474+0000] {processor.py:208} INFO - Processing /opt/airflow/dags/01_hello_dag.py took 0.102 seconds
[2026-09-08T07:40:47.706+0000] {processor.py:186} INFO - Started process (PID=1843) to work on /opt/airflow/dags/01_hello_dag.py
[2026-09-08T07:40:47.708+0000] {processor.py:914} INFO - Processing file /opt/airflow/dags/01_hello_dag.py for tasks to queue
[2026-09-08T07:40:47.709+0000] {logging_mixin.py:190} INFO - [2026-09-08T07:40:47.709+0000] {dagbag.py:588} INFO - Filling up the DagBag from /opt/airflow/dags/01_hello_dag.py
[2026-09-08T07:40:47.731+0000] {processor.py:925} INFO - DAG(s) 'hello_dag' retrieved from /opt/airflow/dags/01_hello_dag.py
[2026-09-08T07:40:47.767+0000] {logging_mixin.py:190} INFO - [2026-09-08T07:40:47.766+0000] {dag.py:3239} INFO - Sync 1 DAGs
[2026-09-08T07:40:47.790+0000] {logging_mixin.py:190} INFO - [2026-09-08T07:40:47.789+0000] {dag.py:4180} INFO - Setting next_dagrun for hello_dag to None, run_after=None
[2026-09-08T07:40:47.822+0000] {processor.py:208} INFO - Processing /opt/airflow/dags/01_hello_dag.py took 0.124 seconds
[2026-09-08T07:41:17.976+0000] {processor.py:186} INFO - Started process (PID=1857) to work on /opt/airflow/dags/01_hello_dag.py
[2026-09-08T07:41:17.977+0000] {processor.py:914} INFO - Processing file /opt/airflow/dags/01_hello_dag.py for tasks to queue
[2026-09-08T07:41:17.979+0000] {logging_mixin.py:190} INFO - [2026-09-08T07:41:17.979+0000] {dagbag.py:588} INFO - Filling up the DagBag from /opt/airflow/dags/01_hello_dag.py
[2026-09-08T07:41:18.005+0000] {processor.py:925} INFO - DAG(s) 'hello_dag' retrieved from /opt/airflow/dags/01_hello_dag.py
[2026-09-08T07:41:18.079+0000] {logging_mixin.py:190} INFO - [2026-09-08T07:41:18.079+0000] {dag.py:3239} INFO - Sync 1 DAGs
[2026-09-08T07:41:18.128+0000] {logging_mixin.py:190} INFO - [2026-09-08T07:41:18.128+0000] {dag.py:4180} INFO - Setting next_dagrun for hello_dag to None, run_after=None
[2026-09-08T07:41:18.177+0000] {processor.py:208} INFO - Processing /opt/airflow/dags/01_hello_dag.py took 0.210 seconds
[2026-09-08T07:41:48.811+0000] {processor.py:186} INFO - Started process (PID=1871) to work on /opt/airflow/dags/01_hello_dag.py
[2026-09-08T07:41:48.812+0000] {processor.py:914} INFO - Processing file /opt/airflow/dags/01_hello_dag.py for tasks to queue
[2026-09-08T07:41:48.814+0000] {logging_mixin.py:190} INFO - [2026-09-08T07:41:48.814+0000] {dagbag.py:588} INFO - Filling up the DagBag from /opt/airflow/dags/01_hello_dag.py
[2026-09-08T07:41:48.836+0000] {processor.py:925} INFO - DAG(s) 'hello_dag' retrieved from /opt/airflow/dags/01_hello_dag.py
[2026-09-08T07:41:48.870+0000] {logging_mixin.py:190} INFO - [2026-09-08T07:41:48.870+0000] {dag.py:3239} INFO - Sync 1 DAGs
[2026-09-08T07:41:48.888+0000] {logging_mixin.py:190} INFO - [2026-09-08T07:41:48.888+0000] {dag.py:4180} INFO - Setting next_dagrun for hello_dag to None, run_after=None
[2026-09-08T07:41:48.910+0000] {processor.py:208} INFO - Processing /opt/airflow/dags/01_hello_dag.py took 0.105 seconds
[2026-09-08T07:42:19.304+0000] {processor.py:186} INFO - Started process (PID=1891) to work on /opt/airflow/dags/01_hello_dag.py
[2026-09-08T07:42:19.305+0000] {processor.py:914} INFO - Processing file /opt/airflow/dags/01_hello_dag.py for tasks to queue
[2026-09-08T07:42:19.307+0000] {logging_mixin.py:190} INFO - [2026-09-08T07:42:19.306+0000] {dagbag.py:588} INFO - Filling up the DagBag from /opt/airflow/dags/01_hello_dag.py
[2026-09-08T07:42:19.327+0000] {processor.py:925} INFO - DAG(s) 'hello_dag' retrieved from /opt/airflow/dags/01_hello_dag.py
[2026-09-08T07:42:19.358+0000] {logging_mixin.py:190} INFO - [2026-09-08T07:42:19.358+0000] {dag.py:3239} INFO - Sync 1 DAGs
[2026-09-08T07:42:19.374+0000] {logging_mixin.py:190} INFO - [2026-09-08T07:42:19.374+0000] {dag.py:4180} INFO - Setting next_dagrun for hello_dag to None, run_after=None
[2026-09-08T07:42:19.395+0000] {processor.py:208} INFO - Processing /opt/airflow/dags/01_hello_dag.py took 0.098 seconds
[2026-09-08T07:42:49.609+0000] {processor.py:186} INFO - Started process (PID=1905) to work on /opt/airflow/dags/01_hello_dag.py
[2026-09-08T07:42:49.610+0000] {processor.py:914} INFO - Processing file /opt/airflow/dags/01_hello_dag.py for tasks to queue
[2026-09-08T07:42:49.612+0000] {logging_mixin.py:190} INFO - [2026-09-08T07:42:49.612+0000] {dagbag.py:588} INFO - Filling up the DagBag from /opt/airflow/dags/01_hello_dag.py
[2026-09-08T07:42:49.632+0000] {processor.py:925} INFO - DAG(s) 'hello_dag' retrieved from /opt/airflow/dags/01_hello_dag.py
[2026-09-08T07:42:49.664+0000] {logging_mixin.py:190} INFO - [2026-09-08T07:42:49.663+0000] {dag.py:3239} INFO - Sync 1 DAGs
[2026-09-08T07:42:49.679+0000] {logging_mixin.py:190} INFO - [2026-09-08T07:42:49.679+0000] {dag.py:4180} INFO - Setting next_dagrun for hello_dag to None, run_after=None
[2026-09-08T07:42:49.701+0000] {processor.py:208} INFO - Processing /opt/airflow/dags/01_hello_dag.py took 0.098 seconds
[2026-09-08T07:43:19.756+0000] {processor.py:186} INFO - Started process (PID=1919) to work on /opt/airflow/dags/01_hello_dag.py
[2026-09-08T07:43:19.757+0000] {processor.py:914} INFO - Processing file /opt/airflow/dags/01_hello_dag.py for tasks to queue
[2026-09-08T07:43:19.759+0000] {logging_mixin.py:190} INFO - [2026-09-08T07:43:19.758+0000] {dagbag.py:588} INFO - Filling up the DagBag from /opt/airflow/dags/01_hello_dag.py
[2026-09-08T07:43:19.780+0000] {processor.py:925} INFO - DAG(s) 'hello_dag' retrieved from /opt/airflow/dags/01_hello_dag.py
[2026-09-08T07:43:19.811+0000] {logging_mixin.py:190} INFO - [2026-09-08T07:43:19.811+0000] {dag.py:3239} INFO - Sync 1 DAGs
[2026-09-08T07:43:19.827+0000] {logging_mixin.py:190} INFO - [2026-09-08T07:43:19.827+0000] {dag.py:4180} INFO - Setting next_dagrun for hello_dag to None, run_after=None
[2026-09-08T07:43:19.848+0000] {processor.py:208} INFO - Processing /opt/airflow/dags/01_hello_dag.py took 0.100 seconds
[2026-09-08T07:43:50.742+0000] {processor.py:186} INFO - Started process (PID=1933) to work on /opt/airflow/dags/01_hello_dag.py
[2026-09-08T07:43:50.743+0000] {processor.py:914} INFO - Processing file /opt/airflow/dags/01_hello_dag.py for tasks to queue
[2026-09-08T07:43:50.746+0000] {logging_mixin.py:190} INFO - [2026-09-08T07:43:50.745+0000] {dagbag.py:588} INFO - Filling up the DagBag from /opt/airflow/dags/01_hello_dag.py
[2026-09-08T07:43:50.772+0000] {processor.py:925} INFO - DAG(s) 'hello_dag' retrieved from /opt/airflow/dags/01_hello_dag.py
[2026-09-08T07:43:50.804+0000] {logging_mixin.py:190} INFO - [2026-09-08T07:43:50.804+0000] {dag.py:3239} INFO - Sync 1 DAGs
[2026-09-08T07:43:50.822+0000] {logging_mixin.py:190} INFO - [2026-09-08T07:43:50.821+0000] {dag.py:4180} INFO - Setting next_dagrun for hello_dag to None, run_after=None
[2026-09-08T07:43:50.843+0000] {processor.py:208} INFO - Processing /opt/airflow/dags/01_hello_dag.py took 0.115 seconds
[2026-09-08T07:44:21.124+0000] {processor.py:186} INFO - Started process (PID=1947) to work on /opt/airflow/dags/01_hello_dag.py
[2026-09-08T07:44:21.125+0000] {processor.py:914} INFO - Processing file /opt/airflow/dags/01_hello_dag.py for tasks to queue
[2026-09-08T07:44:21.127+0000] {logging_mixin.py:190} INFO - [2026-09-08T07:44:21.127+0000] {dagbag.py:588} INFO - Filling up the DagBag from /opt/airflow/dags/01_hello_dag.py
[2026-09-08T07:44:21.148+0000] {processor.py:925} INFO - DAG(s) 'hello_dag' retrieved from /opt/airflow/dags/01_hello_dag.py
[2026-09-08T07:44:21.180+0000] {logging_mixin.py:190} INFO - [2026-09-08T07:44:21.180+0000] {dag.py:3239} INFO - Sync 1 DAGs
[2026-09-08T07:44:21.196+0000] {logging_mixin.py:190} INFO - [2026-09-08T07:44:21.196+0000] {dag.py:4180} INFO - Setting next_dagrun for hello_dag to None, run_after=None
[2026-09-08T07:44:21.218+0000] {processor.py:208} INFO - Processing /opt/airflow/dags/01_hello_dag.py took 0.102 seconds
[2026-09-08T07:44:51.528+0000] {processor.py:186} INFO - Started process (PID=1961) to work on /opt/airflow/dags/01_hello_dag.py
[2026-09-08T07:44:51.529+0000] {processor.py:914} INFO - Processing file /opt/airflow/dags/01_hello_dag.py for tasks to queue
[2026-09-08T07:44:51.531+0000] {logging_mixin.py:190} INFO - [2026-09-08T07:44:51.531+0000] {dagbag.py:588} INFO - Filling up the DagBag from /opt/airflow/dags/01_hello_dag.py
[2026-09-08T07:44:51.551+0000] {processor.py:925} INFO - DAG(s) 'hello_dag' retrieved from /opt/airflow/dags/01_hello_dag.py
[2026-09-08T07:44:51.583+0000] {logging_mixin.py:190} INFO - [2026-09-08T07:44:51.583+0000] {dag.py:3239} INFO - Sync 1 DAGs
[2026-09-08T07:44:51.599+0000] {logging_mixin.py:190} INFO - [2026-09-08T07:44:51.599+0000] {dag.py:4180} INFO - Setting next_dagrun for hello_dag to None, run_after=None
[2026-09-08T07:44:51.620+0000] {processor.py:208} INFO - Processing /opt/airflow/dags/01_hello_dag.py took 0.098 seconds
[2026-09-08T07:45:21.909+0000] {processor.py:186} INFO - Started process (PID=1975) to work on /opt/airflow/dags/01_hello_dag.py
[2026-09-08T07:45:21.910+0000] {processor.py:914} INFO - Processing file /opt/airflow/dags/01_hello_dag.py for tasks to queue
[2026-09-08T07:45:21.912+0000] {logging_mixin.py:190} INFO - [2026-09-08T07:45:21.912+0000] {dagbag.py:588} INFO - Filling up the DagBag from /opt/airflow/dags/01_hello_dag.py
[2026-09-08T07:45:21.932+0000] {processor.py:925} INFO - DAG(s) 'hello_dag' retrieved from /opt/airflow/dags/01_hello_dag.py
[2026-09-08T07:45:21.967+0000] {logging_mixin.py:190} INFO - [2026-09-08T07:45:21.967+0000] {dag.py:3239} INFO - Sync 1 DAGs
[2026-09-08T07:45:21.983+0000] {logging_mixin.py:190} INFO - [2026-09-08T07:45:21.983+0000] {dag.py:4180} INFO - Setting next_dagrun for hello_dag to None, run_after=None
[2026-09-08T07:45:22.035+0000] {processor.py:208} INFO - Processing /opt/airflow/dags/01_hello_dag.py took 0.133 seconds
[2026-09-08T07:45:52.138+0000] {processor.py:186} INFO - Started process (PID=1989) to work on /opt/airflow/dags/01_hello_dag.py
[2026-09-08T07:45:52.139+0000] {processor.py:914} INFO - Processing file /opt/airflow/dags/01_hello_dag.py for tasks to queue
[2026-09-08T07:45:52.141+0000] {logging_mixin.py:190} INFO - [2026-09-08T07:45:52.141+0000] {dagbag.py:588} INFO - Filling up the DagBag from /opt/airflow/dags/01_hello_dag.py
[2026-09-08T07:45:52.163+0000] {processor.py:925} INFO - DAG(s) 'hello_dag' retrieved from /opt/airflow/dags/01_hello_dag.py
[2026-09-08T07:45:52.198+0000] {logging_mixin.py:190} INFO - [2026-09-08T07:45:52.197+0000] {dag.py:3239} INFO - Sync 1 DAGs
[2026-09-08T07:45:52.215+0000] {logging_mixin.py:190} INFO - [2026-09-08T07:45:52.215+0000] {dag.py:4180} INFO - Setting next_dagrun for hello_dag to None, run_after=None
[2026-09-08T07:45:52.247+0000] {processor.py:208} INFO - Processing /opt/airflow/dags/01_hello_dag.py took 0.116 seconds
[2026-09-08T07:46:22.520+0000] {processor.py:186} INFO - Started process (PID=2003) to work on /opt/airflow/dags/01_hello_dag.py
[2026-09-08T07:46:22.521+0000] {processor.py:914} INFO - Processing file /opt/airflow/dags/01_hello_dag.py for tasks to queue
[2026-09-08T07:46:22.522+0000] {logging_mixin.py:190} INFO - [2026-09-08T07:46:22.522+0000] {dagbag.py:588} INFO - Filling up the DagBag from /opt/airflow/dags/01_hello_dag.py
[2026-09-08T07:46:22.547+0000] {processor.py:925} INFO - DAG(s) 'hello_dag' retrieved from /opt/airflow/dags/01_hello_dag.py
[2026-09-08T07:46:22.581+0000] {logging_mixin.py:190} INFO - [2026-09-08T07:46:22.581+0000] {dag.py:3239} INFO - Sync 1 DAGs
[2026-09-08T07:46:22.602+0000] {logging_mixin.py:190} INFO - [2026-09-08T07:46:22.602+0000] {dag.py:4180} INFO - Setting next_dagrun for hello_dag to None, run_after=None
[2026-09-08T07:46:22.625+0000] {processor.py:208} INFO - Processing /opt/airflow/dags/01_hello_dag.py took 0.112 seconds
[2026-09-08T07:46:52.831+0000] {processor.py:186} INFO - Started process (PID=2017) to work on /opt/airflow/dags/01_hello_dag.py
[2026-09-08T07:46:52.832+0000] {processor.py:914} INFO - Processing file /opt/airflow/dags/01_hello_dag.py for tasks to queue
[2026-09-08T07:46:52.834+0000] {logging_mixin.py:190} INFO - [2026-09-08T07:46:52.833+0000] {dagbag.py:588} INFO - Filling up the DagBag from /opt/airflow/dags/01_hello_dag.py
[2026-09-08T07:46:52.854+0000] {processor.py:925} INFO - DAG(s) 'hello_dag' retrieved from /opt/airflow/dags/01_hello_dag.py
[2026-09-08T07:46:52.885+0000] {logging_mixin.py:190} INFO - [2026-09-08T07:46:52.884+0000] {dag.py:3239} INFO - Sync 1 DAGs
[2026-09-08T07:46:52.909+0000] {logging_mixin.py:190} INFO - [2026-09-08T07:46:52.909+0000] {dag.py:4180} INFO - Setting next_dagrun for hello_dag to None, run_after=None
[2026-09-08T07:46:52.931+0000] {processor.py:208} INFO - Processing /opt/airflow/dags/01_hello_dag.py took 0.107 seconds
[2026-09-08T07:47:23.130+0000] {processor.py:186} INFO - Started process (PID=2031) to work on /opt/airflow/dags/01_hello_dag.py
[2026-09-08T07:47:23.131+0000] {processor.py:914} INFO - Processing file /opt/airflow/dags/01_hello_dag.py for tasks to queue
[2026-09-08T07:47:23.132+0000] {logging_mixin.py:190} INFO - [2026-09-08T07:47:23.132+0000] {dagbag.py:588} INFO - Filling up the DagBag from /opt/airflow/dags/01_hello_dag.py
[2026-09-08T07:47:23.153+0000] {processor.py:925} INFO - DAG(s) 'hello_dag' retrieved from /opt/airflow/dags/01_hello_dag.py
[2026-09-08T07:47:23.184+0000] {logging_mixin.py:190} INFO - [2026-09-08T07:47:23.184+0000] {dag.py:3239} INFO - Sync 1 DAGs
[2026-09-08T07:47:23.199+0000] {logging_mixin.py:190} INFO - [2026-09-08T07:47:23.199+0000] {dag.py:4180} INFO - Setting next_dagrun for hello_dag to None, run_after=None
[2026-09-08T07:47:23.220+0000] {processor.py:208} INFO - Processing /opt/airflow/dags/01_hello_dag.py took 0.097 seconds
[2026-09-08T07:47:53.564+0000] {processor.py:186} INFO - Started process (PID=2045) to work on /opt/airflow/dags/01_hello_dag.py
[2026-09-08T07:47:53.565+0000] {processor.py:914} INFO - Processing file /opt/airflow/dags/01_hello_dag.py for tasks to queue
[2026-09-08T07:47:53.567+0000] {logging_mixin.py:190} INFO - [2026-09-08T07:47:53.567+0000] {dagbag.py:588} INFO - Filling up the DagBag from /opt/airflow/dags/01_hello_dag.py
[2026-09-08T07:47:53.588+0000] {processor.py:925} INFO - DAG(s) 'hello_dag' retrieved from /opt/airflow/dags/01_hello_dag.py
[2026-09-08T07:47:53.624+0000] {logging_mixin.py:190} INFO - [2026-09-08T07:47:53.624+0000] {dag.py:3239} INFO - Sync 1 DAGs
[2026-09-08T07:47:53.643+0000] {logging_mixin.py:190} INFO - [2026-09-08T07:47:53.643+0000] {dag.py:4180} INFO - Setting next_dagrun for hello_dag to None, run_after=None
[2026-09-08T07:47:53.665+0000] {processor.py:208} INFO - Processing /opt/airflow/dags/01_hello_dag.py took 0.108 seconds
[2026-09-08T07:48:24.346+0000] {processor.py:186} INFO - Started process (PID=2058) to work on /opt/airflow/dags/01_hello_dag.py
[2026-09-08T07:48:24.348+0000] {processor.py:914} INFO - Processing file /opt/airflow/dags/01_hello_dag.py for tasks to queue
[2026-09-08T07:48:24.350+0000] {logging_mixin.py:190} INFO - [2026-09-08T07:48:24.349+0000] {dagbag.py:588} INFO - Filling up the DagBag from /opt/airflow/dags/01_hello_dag.py
[2026-09-08T07:48:24.374+0000] {processor.py:925} INFO - DAG(s) 'hello_dag' retrieved from /opt/airflow/dags/01_hello_dag.py
[2026-09-08T07:48:24.408+0000] {logging_mixin.py:190} INFO - [2026-09-08T07:48:24.408+0000] {dag.py:3239} INFO - Sync 1 DAGs
[2026-09-08T07:48:24.425+0000] {logging_mixin.py:190} INFO - [2026-09-08T07:48:24.425+0000] {dag.py:4180} INFO - Setting next_dagrun for hello_dag to None, run_after=None
[2026-09-08T07:48:24.447+0000] {processor.py:208} INFO - Processing /opt/airflow/dags/01_hello_dag.py took 0.109 seconds
[2026-09-08T07:51:03.279+0000] {processor.py:186} INFO - Started process (PID=108) to work on /opt/airflow/dags/01_hello_dag.py
[2026-09-08T07:51:03.282+0000] {processor.py:914} INFO - Processing file /opt/airflow/dags/01_hello_dag.py for tasks to queue
[2026-09-08T07:51:03.287+0000] {logging_mixin.py:190} INFO - [2026-09-08T07:51:03.286+0000] {dagbag.py:588} INFO - Filling up the DagBag from /opt/airflow/dags/01_hello_dag.py
[2026-09-08T07:51:03.334+0000] {processor.py:925} INFO - DAG(s) 'hello_dag' retrieved from /opt/airflow/dags/01_hello_dag.py
[2026-09-08T07:51:03.404+0000] {logging_mixin.py:190} INFO - [2026-09-08T07:51:03.404+0000] {dag.py:3239} INFO - Sync 1 DAGs
[2026-09-08T07:51:03.637+0000] {logging_mixin.py:190} INFO - [2026-09-08T07:51:03.637+0000] {dag.py:4180} INFO - Setting next_dagrun for hello_dag to None, run_after=None
[2026-09-08T07:51:03.758+0000] {processor.py:208} INFO - Processing /opt/airflow/dags/01_hello_dag.py took 0.503 seconds
[2026-09-08T07:51:34.678+0000] {processor.py:186} INFO - Started process (PID=120) to work on /opt/airflow/dags/01_hello_dag.py
[2026-09-08T07:51:34.679+0000] {processor.py:914} INFO - Processing file /opt/airflow/dags/01_hello_dag.py for tasks to queue
[2026-09-08T07:51:34.681+0000] {logging_mixin.py:190} INFO - [2026-09-08T07:51:34.681+0000] {dagbag.py:588} INFO - Filling up the DagBag from /opt/airflow/dags/01_hello_dag.py
[2026-09-08T07:51:34.705+0000] {processor.py:925} INFO - DAG(s) 'hello_dag' retrieved from /opt/airflow/dags/01_hello_dag.py
[2026-09-08T07:51:34.777+0000] {logging_mixin.py:190} INFO - [2026-09-08T07:51:34.776+0000] {dag.py:3239} INFO - Sync 1 DAGs
[2026-09-08T07:51:34.798+0000] {logging_mixin.py:190} INFO - [2026-09-08T07:51:34.798+0000] {dag.py:4180} INFO - Setting next_dagrun for hello_dag to None, run_after=None
[2026-09-08T07:51:34.822+0000] {processor.py:208} INFO - Processing /opt/airflow/dags/01_hello_dag.py took 0.152 seconds
[2026-09-08T07:52:05.333+0000] {processor.py:186} INFO - Started process (PID=134) to work on /opt/airflow/dags/01_hello_dag.py
[2026-09-08T07:52:05.334+0000] {processor.py:914} INFO - Processing file /opt/airflow/dags/01_hello_dag.py for tasks to queue
[2026-09-08T07:52:05.336+0000] {logging_mixin.py:190} INFO - [2026-09-08T07:52:05.335+0000] {dagbag.py:588} INFO - Filling up the DagBag from /opt/airflow/dags/01_hello_dag.py
[2026-09-08T07:52:05.356+0000] {processor.py:925} INFO - DAG(s) 'hello_dag' retrieved from /opt/airflow/dags/01_hello_dag.py
[2026-09-08T07:52:06.264+0000] {logging_mixin.py:190} INFO - [2026-09-08T07:52:06.263+0000] {dag.py:3239} INFO - Sync 1 DAGs
[2026-09-08T07:52:06.283+0000] {logging_mixin.py:190} INFO - [2026-09-08T07:52:06.283+0000] {dag.py:4180} INFO - Setting next_dagrun for hello_dag to None, run_after=None
[2026-09-08T07:52:06.304+0000] {processor.py:208} INFO - Processing /opt/airflow/dags/01_hello_dag.py took 0.979 seconds
[2026-09-08T07:52:36.923+0000] {processor.py:186} INFO - Started process (PID=148) to work on /opt/airflow/dags/01_hello_dag.py
[2026-09-08T07:52:36.924+0000] {processor.py:914} INFO - Processing file /opt/airflow/dags/01_hello_dag.py for tasks to queue
[2026-09-08T07:52:36.926+0000] {logging_mixin.py:190} INFO - [2026-09-08T07:52:36.926+0000] {dagbag.py:588} INFO - Filling up the DagBag from /opt/airflow/dags/01_hello_dag.py
[2026-09-08T07:52:36.947+0000] {processor.py:925} INFO - DAG(s) 'hello_dag' retrieved from /opt/airflow/dags/01_hello_dag.py
[2026-09-08T07:52:37.124+0000] {logging_mixin.py:190} INFO - [2026-09-08T07:52:37.124+0000] {dag.py:3239} INFO - Sync 1 DAGs
[2026-09-08T07:52:37.142+0000] {logging_mixin.py:190} INFO - [2026-09-08T07:52:37.141+0000] {dag.py:4180} INFO - Setting next_dagrun for hello_dag to None, run_after=None
[2026-09-08T07:52:37.163+0000] {processor.py:208} INFO - Processing /opt/airflow/dags/01_hello_dag.py took 0.247 seconds
[2026-09-08T07:53:07.242+0000] {processor.py:186} INFO - Started process (PID=162) to work on /opt/airflow/dags/01_hello_dag.py
[2026-09-08T07:53:07.243+0000] {processor.py:914} INFO - Processing file /opt/airflow/dags/01_hello_dag.py for tasks to queue
[2026-09-08T07:53:07.245+0000] {logging_mixin.py:190} INFO - [2026-09-08T07:53:07.245+0000] {dagbag.py:588} INFO - Filling up the DagBag from /opt/airflow/dags/01_hello_dag.py
[2026-09-08T07:53:07.266+0000] {processor.py:925} INFO - DAG(s) 'hello_dag' retrieved from /opt/airflow/dags/01_hello_dag.py
[2026-09-08T07:53:07.302+0000] {logging_mixin.py:190} INFO - [2026-09-08T07:53:07.301+0000] {dag.py:3239} INFO - Sync 1 DAGs
[2026-09-08T07:53:07.319+0000] {logging_mixin.py:190} INFO - [2026-09-08T07:53:07.319+0000] {dag.py:4180} INFO - Setting next_dagrun for hello_dag to None, run_after=None
[2026-09-08T07:53:07.737+0000] {processor.py:208} INFO - Processing /opt/airflow/dags/01_hello_dag.py took 0.503 seconds
[2026-09-08T07:53:38.098+0000] {processor.py:186} INFO - Started process (PID=176) to work on /opt/airflow/dags/01_hello_dag.py
[2026-09-08T07:53:38.099+0000] {processor.py:914} INFO - Processing file /opt/airflow/dags/01_hello_dag.py for tasks to queue
[2026-09-08T07:53:38.101+0000] {logging_mixin.py:190} INFO - [2026-09-08T07:53:38.101+0000] {dagbag.py:588} INFO - Filling up the DagBag from /opt/airflow/dags/01_hello_dag.py
[2026-09-08T07:53:38.123+0000] {processor.py:925} INFO - DAG(s) 'hello_dag' retrieved from /opt/airflow/dags/01_hello_dag.py
[2026-09-08T07:53:38.319+0000] {logging_mixin.py:190} INFO - [2026-09-08T07:53:38.318+0000] {dag.py:3239} INFO - Sync 1 DAGs
[2026-09-08T07:53:38.332+0000] {logging_mixin.py:190} INFO - [2026-09-08T07:53:38.332+0000] {dag.py:4180} INFO - Setting next_dagrun for hello_dag to None, run_after=None
[2026-09-08T07:53:38.352+0000] {processor.py:208} INFO - Processing /opt/airflow/dags/01_hello_dag.py took 0.260 seconds
[2026-09-08T07:54:09.111+0000] {processor.py:186} INFO - Started process (PID=190) to work on /opt/airflow/dags/01_hello_dag.py
[2026-09-08T07:54:09.112+0000] {processor.py:914} INFO - Processing file /opt/airflow/dags/01_hello_dag.py for tasks to queue
[2026-09-08T07:54:09.113+0000] {logging_mixin.py:190} INFO - [2026-09-08T07:54:09.113+0000] {dagbag.py:588} INFO - Filling up the DagBag from /opt/airflow/dags/01_hello_dag.py
[2026-09-08T07:54:09.134+0000] {processor.py:925} INFO - DAG(s) 'hello_dag' retrieved from /opt/airflow/dags/01_hello_dag.py
[2026-09-08T07:54:09.164+0000] {logging_mixin.py:190} INFO - [2026-09-08T07:54:09.164+0000] {dag.py:3239} INFO - Sync 1 DAGs
[2026-09-08T07:54:09.180+0000] {logging_mixin.py:190} INFO - [2026-09-08T07:54:09.180+0000] {dag.py:4180} INFO - Setting next_dagrun for hello_dag to None, run_after=None
[2026-09-08T07:54:09.200+0000] {processor.py:208} INFO - Processing /opt/airflow/dags/01_hello_dag.py took 0.096 seconds
[2026-09-08T07:54:39.333+0000] {processor.py:186} INFO - Started process (PID=204) to work on /opt/airflow/dags/01_hello_dag.py
[2026-09-08T07:54:39.334+0000] {processor.py:914} INFO - Processing file /opt/airflow/dags/01_hello_dag.py for tasks to queue
[2026-09-08T07:54:39.336+0000] {logging_mixin.py:190} INFO - [2026-09-08T07:54:39.335+0000] {dagbag.py:588} INFO - Filling up the DagBag from /opt/airflow/dags/01_hello_dag.py
[2026-09-08T07:54:39.357+0000] {processor.py:925} INFO - DAG(s) 'hello_dag' retrieved from /opt/airflow/dags/01_hello_dag.py
[2026-09-08T07:54:39.387+0000] {logging_mixin.py:190} INFO - [2026-09-08T07:54:39.387+0000] {dag.py:3239} INFO - Sync 1 DAGs
[2026-09-08T07:54:39.407+0000] {logging_mixin.py:190} INFO - [2026-09-08T07:54:39.407+0000] {dag.py:4180} INFO - Setting next_dagrun for hello_dag to None, run_after=None
[2026-09-08T07:54:39.430+0000] {processor.py:208} INFO - Processing /opt/airflow/dags/01_hello_dag.py took 0.104 seconds
[2026-09-08T07:55:09.528+0000] {processor.py:186} INFO - Started process (PID=218) to work on /opt/airflow/dags/01_hello_dag.py
[2026-09-08T07:55:09.529+0000] {processor.py:914} INFO - Processing file /opt/airflow/dags/01_hello_dag.py for tasks to queue
[2026-09-08T07:55:09.531+0000] {logging_mixin.py:190} INFO - [2026-09-08T07:55:09.531+0000] {dagbag.py:588} INFO - Filling up the DagBag from /opt/airflow/dags/01_hello_dag.py
[2026-09-08T07:55:09.551+0000] {processor.py:925} INFO - DAG(s) 'hello_dag' retrieved from /opt/airflow/dags/01_hello_dag.py
[2026-09-08T07:55:09.582+0000] {logging_mixin.py:190} INFO - [2026-09-08T07:55:09.581+0000] {dag.py:3239} INFO - Sync 1 DAGs
[2026-09-08T07:55:09.597+0000] {logging_mixin.py:190} INFO - [2026-09-08T07:55:09.597+0000] {dag.py:4180} INFO - Setting next_dagrun for hello_dag to None, run_after=None
[2026-09-08T07:55:09.621+0000] {processor.py:208} INFO - Processing /opt/airflow/dags/01_hello_dag.py took 0.102 seconds
[2026-09-08T07:55:40.331+0000] {processor.py:186} INFO - Started process (PID=232) to work on /opt/airflow/dags/01_hello_dag.py
[2026-09-08T07:55:40.332+0000] {processor.py:914} INFO - Processing file /opt/airflow/dags/01_hello_dag.py for tasks to queue
[2026-09-08T07:55:40.335+0000] {logging_mixin.py:190} INFO - [2026-09-08T07:55:40.335+0000] {dagbag.py:588} INFO - Filling up the DagBag from /opt/airflow/dags/01_hello_dag.py
[2026-09-08T07:55:40.366+0000] {processor.py:925} INFO - DAG(s) 'hello_dag' retrieved from /opt/airflow/dags/01_hello_dag.py
[2026-09-08T07:55:40.409+0000] {logging_mixin.py:190} INFO - [2026-09-08T07:55:40.409+0000] {dag.py:3239} INFO - Sync 1 DAGs
[2026-09-08T07:55:40.426+0000] {logging_mixin.py:190} INFO - [2026-09-08T07:55:40.426+0000] {dag.py:4180} INFO - Setting next_dagrun for hello_dag to None, run_after=None
[2026-09-08T07:55:40.448+0000] {processor.py:208} INFO - Processing /opt/airflow/dags/01_hello_dag.py took 0.123 seconds
[2026-09-08T07:56:10.657+0000] {processor.py:186} INFO - Started process (PID=246) to work on /opt/airflow/dags/01_hello_dag.py
[2026-09-08T07:56:10.658+0000] {processor.py:914} INFO - Processing file /opt/airflow/dags/01_hello_dag.py for tasks to queue
[2026-09-08T07:56:10.660+0000] {logging_mixin.py:190} INFO - [2026-09-08T07:56:10.659+0000] {dagbag.py:588} INFO - Filling up the DagBag from /opt/airflow/dags/01_hello_dag.py
[2026-09-08T07:56:10.679+0000] {processor.py:925} INFO - DAG(s) 'hello_dag' retrieved from /opt/airflow/dags/01_hello_dag.py
[2026-09-08T07:56:10.713+0000] {logging_mixin.py:190} INFO - [2026-09-08T07:56:10.712+0000] {dag.py:3239} INFO - Sync 1 DAGs
[2026-09-08T07:56:10.731+0000] {logging_mixin.py:190} INFO - [2026-09-08T07:56:10.730+0000] {dag.py:4180} INFO - Setting next_dagrun for hello_dag to None, run_after=None
[2026-09-08T07:56:10.752+0000] {processor.py:208} INFO - Processing /opt/airflow/dags/01_hello_dag.py took 0.102 seconds
[2026-09-08T07:56:41.228+0000] {processor.py:186} INFO - Started process (PID=260) to work on /opt/airflow/dags/01_hello_dag.py
[2026-09-08T07:56:41.229+0000] {processor.py:914} INFO - Processing file /opt/airflow/dags/01_hello_dag.py for tasks to queue
[2026-09-08T07:56:41.234+0000] {logging_mixin.py:190} INFO - [2026-09-08T07:56:41.233+0000] {dagbag.py:588} INFO - Filling up the DagBag from /opt/airflow/dags/01_hello_dag.py
[2026-09-08T07:56:41.257+0000] {processor.py:925} INFO - DAG(s) 'hello_dag' retrieved from /opt/airflow/dags/01_hello_dag.py
[2026-09-08T07:56:41.289+0000] {logging_mixin.py:190} INFO - [2026-09-08T07:56:41.289+0000] {dag.py:3239} INFO - Sync 1 DAGs
[2026-09-08T07:56:41.310+0000] {logging_mixin.py:190} INFO - [2026-09-08T07:56:41.309+0000] {dag.py:4180} INFO - Setting next_dagrun for hello_dag to None, run_after=None
[2026-09-08T07:56:41.332+0000] {processor.py:208} INFO - Processing /opt/airflow/dags/01_hello_dag.py took 0.112 seconds
[2026-09-08T07:57:11.584+0000] {processor.py:186} INFO - Started process (PID=274) to work on /opt/airflow/dags/01_hello_dag.py
[2026-09-08T07:57:11.585+0000] {processor.py:914} INFO - Processing file /opt/airflow/dags/01_hello_dag.py for tasks to queue
[2026-09-08T07:57:11.586+0000] {logging_mixin.py:190} INFO - [2026-09-08T07:57:11.586+0000] {dagbag.py:588} INFO - Filling up the DagBag from /opt/airflow/dags/01_hello_dag.py
[2026-09-08T07:57:11.613+0000] {processor.py:925} INFO - DAG(s) 'hello_dag' retrieved from /opt/airflow/dags/01_hello_dag.py
[2026-09-08T07:57:11.651+0000] {logging_mixin.py:190} INFO - [2026-09-08T07:57:11.651+0000] {dag.py:3239} INFO - Sync 1 DAGs
[2026-09-08T07:57:11.669+0000] {logging_mixin.py:190} INFO - [2026-09-08T07:57:11.669+0000] {dag.py:4180} INFO - Setting next_dagrun for hello_dag to None, run_after=None
[2026-09-08T07:57:11.692+0000] {processor.py:208} INFO - Processing /opt/airflow/dags/01_hello_dag.py took 0.116 seconds
[2026-09-08T07:57:41.846+0000] {processor.py:186} INFO - Started process (PID=288) to work on /opt/airflow/dags/01_hello_dag.py
[2026-09-08T07:57:41.847+0000] {processor.py:914} INFO - Processing file /opt/airflow/dags/01_hello_dag.py for tasks to queue
[2026-09-08T07:57:41.849+0000] {logging_mixin.py:190} INFO - [2026-09-08T07:57:41.849+0000] {dagbag.py:588} INFO - Filling up the DagBag from /opt/airflow/dags/01_hello_dag.py
[2026-09-08T07:57:41.869+0000] {processor.py:925} INFO - DAG(s) 'hello_dag' retrieved from /opt/airflow/dags/01_hello_dag.py
[2026-09-08T07:57:41.899+0000] {logging_mixin.py:190} INFO - [2026-09-08T07:57:41.899+0000] {dag.py:3239} INFO - Sync 1 DAGs
[2026-09-08T07:57:41.915+0000] {logging_mixin.py:190} INFO - [2026-09-08T07:57:41.915+0000] {dag.py:4180} INFO - Setting next_dagrun for hello_dag to None, run_after=None
[2026-09-08T07:57:41.935+0000] {processor.py:208} INFO - Processing /opt/airflow/dags/01_hello_dag.py took 0.096 seconds
[2026-09-08T07:58:12.046+0000] {processor.py:186} INFO - Started process (PID=302) to work on /opt/airflow/dags/01_hello_dag.py
[2026-09-08T07:58:12.047+0000] {processor.py:914} INFO - Processing file /opt/airflow/dags/01_hello_dag.py for tasks to queue
[2026-09-08T07:58:12.048+0000] {logging_mixin.py:190} INFO - [2026-09-08T07:58:12.048+0000] {dagbag.py:588} INFO - Filling up the DagBag from /opt/airflow/dags/01_hello_dag.py
[2026-09-08T07:58:12.068+0000] {processor.py:925} INFO - DAG(s) 'hello_dag' retrieved from /opt/airflow/dags/01_hello_dag.py
[2026-09-08T07:58:12.099+0000] {logging_mixin.py:190} INFO - [2026-09-08T07:58:12.099+0000] {dag.py:3239} INFO - Sync 1 DAGs
[2026-09-08T07:58:12.115+0000] {logging_mixin.py:190} INFO - [2026-09-08T07:58:12.114+0000] {dag.py:4180} INFO - Setting next_dagrun for hello_dag to None, run_after=None
[2026-09-08T07:58:12.135+0000] {processor.py:208} INFO - Processing /opt/airflow/dags/01_hello_dag.py took 0.096 seconds
[2026-09-08T07:58:42.265+0000] {processor.py:186} INFO - Started process (PID=316) to work on /opt/airflow/dags/01_hello_dag.py
[2026-09-08T07:58:42.266+0000] {processor.py:914} INFO - Processing file /opt/airflow/dags/01_hello_dag.py for tasks to queue
[2026-09-08T07:58:42.268+0000] {logging_mixin.py:190} INFO - [2026-09-08T07:58:42.267+0000] {dagbag.py:588} INFO - Filling up the DagBag from /opt/airflow/dags/01_hello_dag.py
[2026-09-08T07:58:42.290+0000] {processor.py:925} INFO - DAG(s) 'hello_dag' retrieved from /opt/airflow/dags/01_hello_dag.py
[2026-09-08T07:58:42.325+0000] {logging_mixin.py:190} INFO - [2026-09-08T07:58:42.325+0000] {dag.py:3239} INFO - Sync 1 DAGs
[2026-09-08T07:58:42.344+0000] {logging_mixin.py:190} INFO - [2026-09-08T07:58:42.344+0000] {dag.py:4180} INFO - Setting next_dagrun for hello_dag to None, run_after=None
[2026-09-08T07:58:42.367+0000] {processor.py:208} INFO - Processing /opt/airflow/dags/01_hello_dag.py took 0.109 seconds
[2026-09-08T07:59:12.537+0000] {processor.py:186} INFO - Started process (PID=330) to work on /opt/airflow/dags/01_hello_dag.py
[2026-09-08T07:59:12.538+0000] {processor.py:914} INFO - Processing file /opt/airflow/dags/01_hello_dag.py for tasks to queue
[2026-09-08T07:59:12.540+0000] {logging_mixin.py:190} INFO - [2026-09-08T07:59:12.540+0000] {dagbag.py:588} INFO - Filling up the DagBag from /opt/airflow/dags/01_hello_dag.py
[2026-09-08T07:59:12.562+0000] {processor.py:925} INFO - DAG(s) 'hello_dag' retrieved from /opt/airflow/dags/01_hello_dag.py
[2026-09-08T07:59:12.594+0000] {logging_mixin.py:190} INFO - [2026-09-08T07:59:12.594+0000] {dag.py:3239} INFO - Sync 1 DAGs
[2026-09-08T07:59:12.612+0000] {logging_mixin.py:190} INFO - [2026-09-08T07:59:12.611+0000] {dag.py:4180} INFO - Setting next_dagrun for hello_dag to None, run_after=None
[2026-09-08T07:59:12.637+0000] {processor.py:208} INFO - Processing /opt/airflow/dags/01_hello_dag.py took 0.106 seconds
[2026-09-08T07:59:42.780+0000] {processor.py:186} INFO - Started process (PID=344) to work on /opt/airflow/dags/01_hello_dag.py
[2026-09-08T07:59:42.781+0000] {processor.py:914} INFO - Processing file /opt/airflow/dags/01_hello_dag.py for tasks to queue
[2026-09-08T07:59:42.783+0000] {logging_mixin.py:190} INFO - [2026-09-08T07:59:42.783+0000] {dagbag.py:588} INFO - Filling up the DagBag from /opt/airflow/dags/01_hello_dag.py
[2026-09-08T07:59:42.803+0000] {processor.py:925} INFO - DAG(s) 'hello_dag' retrieved from /opt/airflow/dags/01_hello_dag.py
[2026-09-08T07:59:42.833+0000] {logging_mixin.py:190} INFO - [2026-09-08T07:59:42.833+0000] {dag.py:3239} INFO - Sync 1 DAGs
[2026-09-08T07:59:42.996+0000] {logging_mixin.py:190} INFO - [2026-09-08T07:59:42.996+0000] {dag.py:4180} INFO - Setting next_dagrun for hello_dag to None, run_after=None
[2026-09-08T07:59:43.016+0000] {processor.py:208} INFO - Processing /opt/airflow/dags/01_hello_dag.py took 0.243 seconds
[2026-09-08T08:00:13.235+0000] {processor.py:186} INFO - Started process (PID=358) to work on /opt/airflow/dags/01_hello_dag.py
[2026-09-08T08:00:13.236+0000] {processor.py:914} INFO - Processing file /opt/airflow/dags/01_hello_dag.py for tasks to queue
[2026-09-08T08:00:13.238+0000] {logging_mixin.py:190} INFO - [2026-09-08T08:00:13.238+0000] {dagbag.py:588} INFO - Filling up the DagBag from /opt/airflow/dags/01_hello_dag.py
[2026-09-08T08:00:13.262+0000] {processor.py:925} INFO - DAG(s) 'hello_dag' retrieved from /opt/airflow/dags/01_hello_dag.py
[2026-09-08T08:00:13.295+0000] {logging_mixin.py:190} INFO - [2026-09-08T08:00:13.295+0000] {dag.py:3239} INFO - Sync 1 DAGs
[2026-09-08T08:00:13.312+0000] {logging_mixin.py:190} INFO - [2026-09-08T08:00:13.312+0000] {dag.py:4180} INFO - Setting next_dagrun for hello_dag to None, run_after=None
[2026-09-08T08:00:13.335+0000] {processor.py:208} INFO - Processing /opt/airflow/dags/01_hello_dag.py took 0.110 seconds
[2026-09-08T08:00:43.512+0000] {processor.py:186} INFO - Started process (PID=372) to work on /opt/airflow/dags/01_hello_dag.py
[2026-09-08T08:00:43.513+0000] {processor.py:914} INFO - Processing file /opt/airflow/dags/01_hello_dag.py for tasks to queue
[2026-09-08T08:00:43.515+0000] {logging_mixin.py:190} INFO - [2026-09-08T08:00:43.515+0000] {dagbag.py:588} INFO - Filling up the DagBag from /opt/airflow/dags/01_hello_dag.py
[2026-09-08T08:00:43.536+0000] {processor.py:925} INFO - DAG(s) 'hello_dag' retrieved from /opt/airflow/dags/01_hello_dag.py
[2026-09-08T08:00:43.570+0000] {logging_mixin.py:190} INFO - [2026-09-08T08:00:43.570+0000] {dag.py:3239} INFO - Sync 1 DAGs
[2026-09-08T08:00:43.589+0000] {logging_mixin.py:190} INFO - [2026-09-08T08:00:43.589+0000] {dag.py:4180} INFO - Setting next_dagrun for hello_dag to None, run_after=None
[2026-09-08T08:00:43.611+0000] {processor.py:208} INFO - Processing /opt/airflow/dags/01_hello_dag.py took 0.105 seconds
[2026-09-08T08:01:14.081+0000] {processor.py:186} INFO - Started process (PID=386) to work on /opt/airflow/dags/01_hello_dag.py
[2026-09-08T08:01:14.083+0000] {processor.py:914} INFO - Processing file /opt/airflow/dags/01_hello_dag.py for tasks to queue
[2026-09-08T08:01:14.086+0000] {logging_mixin.py:190} INFO - [2026-09-08T08:01:14.085+0000] {dagbag.py:588} INFO - Filling up the DagBag from /opt/airflow/dags/01_hello_dag.py
[2026-09-08T08:01:14.126+0000] {processor.py:925} INFO - DAG(s) 'hello_dag' retrieved from /opt/airflow/dags/01_hello_dag.py
[2026-09-08T08:01:14.178+0000] {logging_mixin.py:190} INFO - [2026-09-08T08:01:14.178+0000] {dag.py:3239} INFO - Sync 1 DAGs
[2026-09-08T08:01:14.201+0000] {logging_mixin.py:190} INFO - [2026-09-08T08:01:14.201+0000] {dag.py:4180} INFO - Setting next_dagrun for hello_dag to None, run_after=None
[2026-09-08T08:01:14.242+0000] {processor.py:208} INFO - Processing /opt/airflow/dags/01_hello_dag.py took 0.172 seconds
[2026-09-08T08:01:44.461+0000] {processor.py:186} INFO - Started process (PID=400) to work on /opt/airflow/dags/01_hello_dag.py
[2026-09-08T08:01:44.463+0000] {processor.py:914} INFO - Processing file /opt/airflow/dags/01_hello_dag.py for tasks to queue
[2026-09-08T08:01:44.467+0000] {logging_mixin.py:190} INFO - [2026-09-08T08:01:44.466+0000] {dagbag.py:588} INFO - Filling up the DagBag from /opt/airflow/dags/01_hello_dag.py
[2026-09-08T08:01:44.505+0000] {processor.py:925} INFO - DAG(s) 'hello_dag' retrieved from /opt/airflow/dags/01_hello_dag.py
[2026-09-08T08:01:44.562+0000] {logging_mixin.py:190} INFO - [2026-09-08T08:01:44.561+0000] {dag.py:3239} INFO - Sync 1 DAGs
[2026-09-08T08:01:44.591+0000] {logging_mixin.py:190} INFO - [2026-09-08T08:01:44.590+0000] {dag.py:4180} INFO - Setting next_dagrun for hello_dag to None, run_after=None
[2026-09-08T08:01:44.625+0000] {processor.py:208} INFO - Processing /opt/airflow/dags/01_hello_dag.py took 0.179 seconds
[2026-09-08T08:02:14.814+0000] {processor.py:186} INFO - Started process (PID=414) to work on /opt/airflow/dags/01_hello_dag.py
[2026-09-08T08:02:14.816+0000] {processor.py:914} INFO - Processing file /opt/airflow/dags/01_hello_dag.py for tasks to queue
[2026-09-08T08:02:14.819+0000] {logging_mixin.py:190} INFO - [2026-09-08T08:02:14.819+0000] {dagbag.py:588} INFO - Filling up the DagBag from /opt/airflow/dags/01_hello_dag.py
[2026-09-08T08:02:14.857+0000] {processor.py:925} INFO - DAG(s) 'hello_dag' retrieved from /opt/airflow/dags/01_hello_dag.py
[2026-09-08T08:02:14.905+0000] {logging_mixin.py:190} INFO - [2026-09-08T08:02:14.905+0000] {dag.py:3239} INFO - Sync 1 DAGs
[2026-09-08T08:02:14.932+0000] {logging_mixin.py:190} INFO - [2026-09-08T08:02:14.931+0000] {dag.py:4180} INFO - Setting next_dagrun for hello_dag to None, run_after=None
[2026-09-08T08:02:14.975+0000] {processor.py:208} INFO - Processing /opt/airflow/dags/01_hello_dag.py took 0.171 seconds
[2026-09-08T08:02:45.170+0000] {processor.py:186} INFO - Started process (PID=428) to work on /opt/airflow/dags/01_hello_dag.py
[2026-09-08T08:02:45.172+0000] {processor.py:914} INFO - Processing file /opt/airflow/dags/01_hello_dag.py for tasks to queue
[2026-09-08T08:02:45.175+0000] {logging_mixin.py:190} INFO - [2026-09-08T08:02:45.174+0000] {dagbag.py:588} INFO - Filling up the DagBag from /opt/airflow/dags/01_hello_dag.py
[2026-09-08T08:02:45.216+0000] {processor.py:925} INFO - DAG(s) 'hello_dag' retrieved from /opt/airflow/dags/01_hello_dag.py
[2026-09-08T08:02:45.281+0000] {logging_mixin.py:190} INFO - [2026-09-08T08:02:45.281+0000] {dag.py:3239} INFO - Sync 1 DAGs
[2026-09-08T08:02:45.324+0000] {logging_mixin.py:190} INFO - [2026-09-08T08:02:45.323+0000] {dag.py:4180} INFO - Setting next_dagrun for hello_dag to None, run_after=None
[2026-09-08T08:02:45.368+0000] {processor.py:208} INFO - Processing /opt/airflow/dags/01_hello_dag.py took 0.210 seconds
[2026-09-08T08:03:15.567+0000] {processor.py:186} INFO - Started process (PID=442) to work on /opt/airflow/dags/01_hello_dag.py
[2026-09-08T08:03:15.569+0000] {processor.py:914} INFO - Processing file /opt/airflow/dags/01_hello_dag.py for tasks to queue
[2026-09-08T08:03:15.572+0000] {logging_mixin.py:190} INFO - [2026-09-08T08:03:15.571+0000] {dagbag.py:588} INFO - Filling up the DagBag from /opt/airflow/dags/01_hello_dag.py
[2026-09-08T08:03:15.611+0000] {processor.py:925} INFO - DAG(s) 'hello_dag' retrieved from /opt/airflow/dags/01_hello_dag.py
[2026-09-08T08:03:15.664+0000] {logging_mixin.py:190} INFO - [2026-09-08T08:03:15.663+0000] {dag.py:3239} INFO - Sync 1 DAGs
[2026-09-08T08:03:15.690+0000] {logging_mixin.py:190} INFO - [2026-09-08T08:03:15.690+0000] {dag.py:4180} INFO - Setting next_dagrun for hello_dag to None, run_after=None
[2026-09-08T08:03:15.722+0000] {processor.py:208} INFO - Processing /opt/airflow/dags/01_hello_dag.py took 0.165 seconds
[2026-09-08T08:03:45.911+0000] {processor.py:186} INFO - Started process (PID=456) to work on /opt/airflow/dags/01_hello_dag.py
[2026-09-08T08:03:45.912+0000] {processor.py:914} INFO - Processing file /opt/airflow/dags/01_hello_dag.py for tasks to queue
[2026-09-08T08:03:45.915+0000] {logging_mixin.py:190} INFO - [2026-09-08T08:03:45.914+0000] {dagbag.py:588} INFO - Filling up the DagBag from /opt/airflow/dags/01_hello_dag.py
[2026-09-08T08:03:45.950+0000] {processor.py:925} INFO - DAG(s) 'hello_dag' retrieved from /opt/airflow/dags/01_hello_dag.py
[2026-09-08T08:03:46.001+0000] {logging_mixin.py:190} INFO - [2026-09-08T08:03:46.001+0000] {dag.py:3239} INFO - Sync 1 DAGs
[2026-09-08T08:03:46.027+0000] {logging_mixin.py:190} INFO - [2026-09-08T08:03:46.027+0000] {dag.py:4180} INFO - Setting next_dagrun for hello_dag to None, run_after=None
[2026-09-08T08:03:46.068+0000] {processor.py:208} INFO - Processing /opt/airflow/dags/01_hello_dag.py took 0.167 seconds
[2026-09-08T08:04:16.239+0000] {processor.py:186} INFO - Started process (PID=470) to work on /opt/airflow/dags/01_hello_dag.py
[2026-09-08T08:04:16.240+0000] {processor.py:914} INFO - Processing file /opt/airflow/dags/01_hello_dag.py for tasks to queue
[2026-09-08T08:04:16.243+0000] {logging_mixin.py:190} INFO - [2026-09-08T08:04:16.243+0000] {dagbag.py:588} INFO - Filling up the DagBag from /opt/airflow/dags/01_hello_dag.py
[2026-09-08T08:04:16.284+0000] {processor.py:925} INFO - DAG(s) 'hello_dag' retrieved from /opt/airflow/dags/01_hello_dag.py
[2026-09-08T08:04:16.336+0000] {logging_mixin.py:190} INFO - [2026-09-08T08:04:16.336+0000] {dag.py:3239} INFO - Sync 1 DAGs
[2026-09-08T08:04:16.359+0000] {logging_mixin.py:190} INFO - [2026-09-08T08:04:16.358+0000] {dag.py:4180} INFO - Setting next_dagrun for hello_dag to None, run_after=None
[2026-09-08T08:04:16.393+0000] {processor.py:208} INFO - Processing /opt/airflow/dags/01_hello_dag.py took 0.164 seconds
[2026-09-08T08:04:46.592+0000] {processor.py:186} INFO - Started process (PID=484) to work on /opt/airflow/dags/01_hello_dag.py
[2026-09-08T08:04:46.594+0000] {processor.py:914} INFO - Processing file /opt/airflow/dags/01_hello_dag.py for tasks to queue
[2026-09-08T08:04:46.598+0000] {logging_mixin.py:190} INFO - [2026-09-08T08:04:46.597+0000] {dagbag.py:588} INFO - Filling up the DagBag from /opt/airflow/dags/01_hello_dag.py
[2026-09-08T08:04:46.641+0000] {processor.py:925} INFO - DAG(s) 'hello_dag' retrieved from /opt/airflow/dags/01_hello_dag.py
[2026-09-08T08:04:46.689+0000] {logging_mixin.py:190} INFO - [2026-09-08T08:04:46.688+0000] {dag.py:3239} INFO - Sync 1 DAGs
[2026-09-08T08:04:46.713+0000] {logging_mixin.py:190} INFO - [2026-09-08T08:04:46.713+0000] {dag.py:4180} INFO - Setting next_dagrun for hello_dag to None, run_after=None
[2026-09-08T08:04:46.758+0000] {processor.py:208} INFO - Processing /opt/airflow/dags/01_hello_dag.py took 0.180 seconds
[2026-09-08T08:05:16.928+0000] {processor.py:186} INFO - Started process (PID=498) to work on /opt/airflow/dags/01_hello_dag.py
[2026-09-08T08:05:16.930+0000] {processor.py:914} INFO - Processing file /opt/airflow/dags/01_hello_dag.py for tasks to queue
[2026-09-08T08:05:16.933+0000] {logging_mixin.py:190} INFO - [2026-09-08T08:05:16.932+0000] {dagbag.py:588} INFO - Filling up the DagBag from /opt/airflow/dags/01_hello_dag.py
[2026-09-08T08:05:16.975+0000] {processor.py:925} INFO - DAG(s) 'hello_dag' retrieved from /opt/airflow/dags/01_hello_dag.py
[2026-09-08T08:05:17.035+0000] {logging_mixin.py:190} INFO - [2026-09-08T08:05:17.035+0000] {dag.py:3239} INFO - Sync 1 DAGs
[2026-09-08T08:05:17.064+0000] {logging_mixin.py:190} INFO - [2026-09-08T08:05:17.064+0000] {dag.py:4180} INFO - Setting next_dagrun for hello_dag to None, run_after=None
[2026-09-08T08:05:17.105+0000] {processor.py:208} INFO - Processing /opt/airflow/dags/01_hello_dag.py took 0.187 seconds
[2026-09-08T08:05:47.404+0000] {processor.py:186} INFO - Started process (PID=512) to work on /opt/airflow/dags/01_hello_dag.py
[2026-09-08T08:05:47.406+0000] {processor.py:914} INFO - Processing file /opt/airflow/dags/01_hello_dag.py for tasks to queue
[2026-09-08T08:05:47.410+0000] {logging_mixin.py:190} INFO - [2026-09-08T08:05:47.409+0000] {dagbag.py:588} INFO - Filling up the DagBag from /opt/airflow/dags/01_hello_dag.py
[2026-09-08T08:05:47.455+0000] {processor.py:925} INFO - DAG(s) 'hello_dag' retrieved from /opt/airflow/dags/01_hello_dag.py
[2026-09-08T08:05:47.523+0000] {logging_mixin.py:190} INFO - [2026-09-08T08:05:47.523+0000] {dag.py:3239} INFO - Sync 1 DAGs
[2026-09-08T08:05:47.559+0000] {logging_mixin.py:190} INFO - [2026-09-08T08:05:47.559+0000] {dag.py:4180} INFO - Setting next_dagrun for hello_dag to None, run_after=None
[2026-09-08T08:05:47.619+0000] {processor.py:208} INFO - Processing /opt/airflow/dags/01_hello_dag.py took 0.228 seconds
[2026-09-08T08:06:18.004+0000] {processor.py:186} INFO - Started process (PID=527) to work on /opt/airflow/dags/01_hello_dag.py
[2026-09-08T08:06:18.006+0000] {processor.py:914} INFO - Processing file /opt/airflow/dags/01_hello_dag.py for tasks to queue
[2026-09-08T08:06:18.009+0000] {logging_mixin.py:190} INFO - [2026-09-08T08:06:18.009+0000] {dagbag.py:588} INFO - Filling up the DagBag from /opt/airflow/dags/01_hello_dag.py
[2026-09-08T08:06:18.050+0000] {processor.py:925} INFO - DAG(s) 'hello_dag' retrieved from /opt/airflow/dags/01_hello_dag.py
[2026-09-08T08:06:18.101+0000] {logging_mixin.py:190} INFO - [2026-09-08T08:06:18.100+0000] {dag.py:3239} INFO - Sync 1 DAGs
[2026-09-08T08:06:18.128+0000] {logging_mixin.py:190} INFO - [2026-09-08T08:06:18.127+0000] {dag.py:4180} INFO - Setting next_dagrun for hello_dag to None, run_after=None
[2026-09-08T08:06:18.166+0000] {processor.py:208} INFO - Processing /opt/airflow/dags/01_hello_dag.py took 0.173 seconds
[2026-09-08T08:06:48.350+0000] {processor.py:186} INFO - Started process (PID=541) to work on /opt/airflow/dags/01_hello_dag.py
[2026-09-08T08:06:48.352+0000] {processor.py:914} INFO - Processing file /opt/airflow/dags/01_hello_dag.py for tasks to queue
[2026-09-08T08:06:48.355+0000] {logging_mixin.py:190} INFO - [2026-09-08T08:06:48.354+0000] {dagbag.py:588} INFO - Filling up the DagBag from /opt/airflow/dags/01_hello_dag.py
[2026-09-08T08:06:48.396+0000] {processor.py:925} INFO - DAG(s) 'hello_dag' retrieved from /opt/airflow/dags/01_hello_dag.py
[2026-09-08T08:06:48.447+0000] {logging_mixin.py:190} INFO - [2026-09-08T08:06:48.447+0000] {dag.py:3239} INFO - Sync 1 DAGs
[2026-09-08T08:06:48.473+0000] {logging_mixin.py:190} INFO - [2026-09-08T08:06:48.472+0000] {dag.py:4180} INFO - Setting next_dagrun for hello_dag to None, run_after=None
[2026-09-08T08:06:48.508+0000] {processor.py:208} INFO - Processing /opt/airflow/dags/01_hello_dag.py took 0.169 seconds
[2026-09-08T08:07:18.791+0000] {processor.py:186} INFO - Started process (PID=555) to work on /opt/airflow/dags/01_hello_dag.py
[2026-09-08T08:07:18.793+0000] {processor.py:914} INFO - Processing file /opt/airflow/dags/01_hello_dag.py for tasks to queue
[2026-09-08T08:07:18.797+0000] {logging_mixin.py:190} INFO - [2026-09-08T08:07:18.796+0000] {dagbag.py:588} INFO - Filling up the DagBag from /opt/airflow/dags/01_hello_dag.py
[2026-09-08T08:07:18.842+0000] {processor.py:925} INFO - DAG(s) 'hello_dag' retrieved from /opt/airflow/dags/01_hello_dag.py
[2026-09-08T08:07:18.912+0000] {logging_mixin.py:190} INFO - [2026-09-08T08:07:18.912+0000] {dag.py:3239} INFO - Sync 1 DAGs
[2026-09-08T08:07:18.949+0000] {logging_mixin.py:190} INFO - [2026-09-08T08:07:18.949+0000] {dag.py:4180} INFO - Setting next_dagrun for hello_dag to None, run_after=None
[2026-09-08T08:07:18.988+0000] {processor.py:208} INFO - Processing /opt/airflow/dags/01_hello_dag.py took 0.213 seconds
[2026-09-08T08:07:49.413+0000] {processor.py:186} INFO - Started process (PID=569) to work on /opt/airflow/dags/01_hello_dag.py
[2026-09-08T08:07:49.415+0000] {processor.py:914} INFO - Processing file /opt/airflow/dags/01_hello_dag.py for tasks to queue
[2026-09-08T08:07:49.420+0000] {logging_mixin.py:190} INFO - [2026-09-08T08:07:49.420+0000] {dagbag.py:588} INFO - Filling up the DagBag from /opt/airflow/dags/01_hello_dag.py
[2026-09-08T08:07:49.469+0000] {processor.py:925} INFO - DAG(s) 'hello_dag' retrieved from /opt/airflow/dags/01_hello_dag.py
[2026-09-08T08:07:49.536+0000] {logging_mixin.py:190} INFO - [2026-09-08T08:07:49.536+0000] {dag.py:3239} INFO - Sync 1 DAGs
[2026-09-08T08:07:49.565+0000] {logging_mixin.py:190} INFO - [2026-09-08T08:07:49.564+0000] {dag.py:4180} INFO - Setting next_dagrun for hello_dag to None, run_after=None
[2026-09-08T08:07:49.603+0000] {processor.py:208} INFO - Processing /opt/airflow/dags/01_hello_dag.py took 0.205 seconds
[2026-09-08T08:08:19.834+0000] {processor.py:186} INFO - Started process (PID=583) to work on /opt/airflow/dags/01_hello_dag.py
[2026-09-08T08:08:19.835+0000] {processor.py:914} INFO - Processing file /opt/airflow/dags/01_hello_dag.py for tasks to queue
[2026-09-08T08:08:19.839+0000] {logging_mixin.py:190} INFO - [2026-09-08T08:08:19.838+0000] {dagbag.py:588} INFO - Filling up the DagBag from /opt/airflow/dags/01_hello_dag.py
[2026-09-08T08:08:19.877+0000] {processor.py:925} INFO - DAG(s) 'hello_dag' retrieved from /opt/airflow/dags/01_hello_dag.py
[2026-09-08T08:08:19.955+0000] {logging_mixin.py:190} INFO - [2026-09-08T08:08:19.955+0000] {dag.py:3239} INFO - Sync 1 DAGs
[2026-09-08T08:08:19.988+0000] {logging_mixin.py:190} INFO - [2026-09-08T08:08:19.988+0000] {dag.py:4180} INFO - Setting next_dagrun for hello_dag to None, run_after=None
[2026-09-08T08:08:20.033+0000] {processor.py:208} INFO - Processing /opt/airflow/dags/01_hello_dag.py took 0.210 seconds
[2026-09-08T08:08:50.619+0000] {processor.py:186} INFO - Started process (PID=603) to work on /opt/airflow/dags/01_hello_dag.py
[2026-09-08T08:08:50.620+0000] {processor.py:914} INFO - Processing file /opt/airflow/dags/01_hello_dag.py for tasks to queue
[2026-09-08T08:08:50.623+0000] {logging_mixin.py:190} INFO - [2026-09-08T08:08:50.623+0000] {dagbag.py:588} INFO - Filling up the DagBag from /opt/airflow/dags/01_hello_dag.py
[2026-09-08T08:08:50.667+0000] {processor.py:925} INFO - DAG(s) 'hello_dag' retrieved from /opt/airflow/dags/01_hello_dag.py
[2026-09-08T08:08:50.723+0000] {logging_mixin.py:190} INFO - [2026-09-08T08:08:50.723+0000] {dag.py:3239} INFO - Sync 1 DAGs
[2026-09-08T08:08:50.756+0000] {logging_mixin.py:190} INFO - [2026-09-08T08:08:50.756+0000] {dag.py:4180} INFO - Setting next_dagrun for hello_dag to None, run_after=None
[2026-09-08T08:08:50.791+0000] {processor.py:208} INFO - Processing /opt/airflow/dags/01_hello_dag.py took 0.183 seconds
[2026-09-08T08:09:21.297+0000] {processor.py:186} INFO - Started process (PID=617) to work on /opt/airflow/dags/01_hello_dag.py
[2026-09-08T08:09:21.300+0000] {processor.py:914} INFO - Processing file /opt/airflow/dags/01_hello_dag.py for tasks to queue
[2026-09-08T08:09:21.304+0000] {logging_mixin.py:190} INFO - [2026-09-08T08:09:21.303+0000] {dagbag.py:588} INFO - Filling up the DagBag from /opt/airflow/dags/01_hello_dag.py
[2026-09-08T08:09:21.346+0000] {processor.py:925} INFO - DAG(s) 'hello_dag' retrieved from /opt/airflow/dags/01_hello_dag.py
[2026-09-08T08:09:21.403+0000] {logging_mixin.py:190} INFO - [2026-09-08T08:09:21.403+0000] {dag.py:3239} INFO - Sync 1 DAGs
[2026-09-08T08:09:21.435+0000] {logging_mixin.py:190} INFO - [2026-09-08T08:09:21.434+0000] {dag.py:4180} INFO - Setting next_dagrun for hello_dag to None, run_after=None
[2026-09-08T08:09:21.476+0000] {processor.py:208} INFO - Processing /opt/airflow/dags/01_hello_dag.py took 0.192 seconds
[2026-09-08T08:09:51.869+0000] {processor.py:186} INFO - Started process (PID=631) to work on /opt/airflow/dags/01_hello_dag.py
[2026-09-08T08:09:51.871+0000] {processor.py:914} INFO - Processing file /opt/airflow/dags/01_hello_dag.py for tasks to queue
[2026-09-08T08:09:51.875+0000] {logging_mixin.py:190} INFO - [2026-09-08T08:09:51.874+0000] {dagbag.py:588} INFO - Filling up the DagBag from /opt/airflow/dags/01_hello_dag.py
[2026-09-08T08:09:51.915+0000] {processor.py:925} INFO - DAG(s) 'hello_dag' retrieved from /opt/airflow/dags/01_hello_dag.py
[2026-09-08T08:09:51.966+0000] {logging_mixin.py:190} INFO - [2026-09-08T08:09:51.965+0000] {dag.py:3239} INFO - Sync 1 DAGs
[2026-09-08T08:09:51.994+0000] {logging_mixin.py:190} INFO - [2026-09-08T08:09:51.994+0000] {dag.py:4180} INFO - Setting next_dagrun for hello_dag to None, run_after=None
[2026-09-08T08:09:52.037+0000] {processor.py:208} INFO - Processing /opt/airflow/dags/01_hello_dag.py took 0.179 seconds
[2026-09-08T08:10:22.501+0000] {processor.py:186} INFO - Started process (PID=645) to work on /opt/airflow/dags/01_hello_dag.py
[2026-09-08T08:10:22.504+0000] {processor.py:914} INFO - Processing file /opt/airflow/dags/01_hello_dag.py for tasks to queue
[2026-09-08T08:10:22.507+0000] {logging_mixin.py:190} INFO - [2026-09-08T08:10:22.506+0000] {dagbag.py:588} INFO - Filling up the DagBag from /opt/airflow/dags/01_hello_dag.py
[2026-09-08T08:10:22.559+0000] {processor.py:925} INFO - DAG(s) 'hello_dag' retrieved from /opt/airflow/dags/01_hello_dag.py
[2026-09-08T08:10:22.628+0000] {logging_mixin.py:190} INFO - [2026-09-08T08:10:22.628+0000] {dag.py:3239} INFO - Sync 1 DAGs
[2026-09-08T08:10:22.665+0000] {logging_mixin.py:190} INFO - [2026-09-08T08:10:22.665+0000] {dag.py:4180} INFO - Setting next_dagrun for hello_dag to None, run_after=None
[2026-09-08T08:10:22.713+0000] {processor.py:208} INFO - Processing /opt/airflow/dags/01_hello_dag.py took 0.229 seconds
[2026-09-08T08:10:52.922+0000] {processor.py:186} INFO - Started process (PID=658) to work on /opt/airflow/dags/01_hello_dag.py
[2026-09-08T08:10:52.923+0000] {processor.py:914} INFO - Processing file /opt/airflow/dags/01_hello_dag.py for tasks to queue
[2026-09-08T08:10:52.927+0000] {logging_mixin.py:190} INFO - [2026-09-08T08:10:52.926+0000] {dagbag.py:588} INFO - Filling up the DagBag from /opt/airflow/dags/01_hello_dag.py
[2026-09-08T08:10:52.966+0000] {processor.py:925} INFO - DAG(s) 'hello_dag' retrieved from /opt/airflow/dags/01_hello_dag.py
[2026-09-08T08:10:53.021+0000] {logging_mixin.py:190} INFO - [2026-09-08T08:10:53.021+0000] {dag.py:3239} INFO - Sync 1 DAGs
[2026-09-08T08:10:53.050+0000] {logging_mixin.py:190} INFO - [2026-09-08T08:10:53.050+0000] {dag.py:4180} INFO - Setting next_dagrun for hello_dag to None, run_after=None
[2026-09-08T08:10:53.094+0000] {processor.py:208} INFO - Processing /opt/airflow/dags/01_hello_dag.py took 0.184 seconds
[2026-09-08T08:11:23.661+0000] {processor.py:186} INFO - Started process (PID=671) to work on /opt/airflow/dags/01_hello_dag.py
[2026-09-08T08:11:23.663+0000] {processor.py:914} INFO - Processing file /opt/airflow/dags/01_hello_dag.py for tasks to queue
[2026-09-08T08:11:23.666+0000] {logging_mixin.py:190} INFO - [2026-09-08T08:11:23.665+0000] {dagbag.py:588} INFO - Filling up the DagBag from /opt/airflow/dags/01_hello_dag.py
[2026-09-08T08:11:23.711+0000] {processor.py:925} INFO - DAG(s) 'hello_dag' retrieved from /opt/airflow/dags/01_hello_dag.py
[2026-09-08T08:11:23.782+0000] {logging_mixin.py:190} INFO - [2026-09-08T08:11:23.781+0000] {dag.py:3239} INFO - Sync 1 DAGs
[2026-09-08T08:11:23.829+0000] {logging_mixin.py:190} INFO - [2026-09-08T08:11:23.829+0000] {dag.py:4180} INFO - Setting next_dagrun for hello_dag to None, run_after=None
[2026-09-08T08:11:23.877+0000] {processor.py:208} INFO - Processing /opt/airflow/dags/01_hello_dag.py took 0.229 seconds
[2026-09-08T08:11:54.049+0000] {processor.py:186} INFO - Started process (PID=685) to work on /opt/airflow/dags/01_hello_dag.py
[2026-09-08T08:11:54.051+0000] {processor.py:914} INFO - Processing file /opt/airflow/dags/01_hello_dag.py for tasks to queue
[2026-09-08T08:11:54.054+0000] {logging_mixin.py:190} INFO - [2026-09-08T08:11:54.054+0000] {dagbag.py:588} INFO - Filling up the DagBag from /opt/airflow/dags/01_hello_dag.py
[2026-09-08T08:11:54.093+0000] {processor.py:925} INFO - DAG(s) 'hello_dag' retrieved from /opt/airflow/dags/01_hello_dag.py
[2026-09-08T08:11:54.146+0000] {logging_mixin.py:190} INFO - [2026-09-08T08:11:54.145+0000] {dag.py:3239} INFO - Sync 1 DAGs
[2026-09-08T08:11:54.169+0000] {logging_mixin.py:190} INFO - [2026-09-08T08:11:54.169+0000] {dag.py:4180} INFO - Setting next_dagrun for hello_dag to None, run_after=None
[2026-09-08T08:11:54.209+0000] {processor.py:208} INFO - Processing /opt/airflow/dags/01_hello_dag.py took 0.170 seconds
[2026-09-08T08:12:24.374+0000] {processor.py:186} INFO - Started process (PID=699) to work on /opt/airflow/dags/01_hello_dag.py
[2026-09-08T08:12:24.375+0000] {processor.py:914} INFO - Processing file /opt/airflow/dags/01_hello_dag.py for tasks to queue
[2026-09-08T08:12:24.379+0000] {logging_mixin.py:190} INFO - [2026-09-08T08:12:24.379+0000] {dagbag.py:588} INFO - Filling up the DagBag from /opt/airflow/dags/01_hello_dag.py
[2026-09-08T08:12:24.418+0000] {processor.py:925} INFO - DAG(s) 'hello_dag' retrieved from /opt/airflow/dags/01_hello_dag.py
[2026-09-08T08:12:24.467+0000] {logging_mixin.py:190} INFO - [2026-09-08T08:12:24.466+0000] {dag.py:3239} INFO - Sync 1 DAGs
[2026-09-08T08:12:24.493+0000] {logging_mixin.py:190} INFO - [2026-09-08T08:12:24.493+0000] {dag.py:4180} INFO - Setting next_dagrun for hello_dag to None, run_after=None
[2026-09-08T08:12:24.528+0000] {processor.py:208} INFO - Processing /opt/airflow/dags/01_hello_dag.py took 0.165 seconds
[2026-09-08T08:12:55.516+0000] {processor.py:186} INFO - Started process (PID=713) to work on /opt/airflow/dags/01_hello_dag.py
[2026-09-08T08:12:55.518+0000] {processor.py:914} INFO - Processing file /opt/airflow/dags/01_hello_dag.py for tasks to queue
[2026-09-08T08:12:55.521+0000] {logging_mixin.py:190} INFO - [2026-09-08T08:12:55.521+0000] {dagbag.py:588} INFO - Filling up the DagBag from /opt/airflow/dags/01_hello_dag.py
[2026-09-08T08:12:55.560+0000] {processor.py:925} INFO - DAG(s) 'hello_dag' retrieved from /opt/airflow/dags/01_hello_dag.py
[2026-09-08T08:12:55.612+0000] {logging_mixin.py:190} INFO - [2026-09-08T08:12:55.612+0000] {dag.py:3239} INFO - Sync 1 DAGs
[2026-09-08T08:12:55.636+0000] {logging_mixin.py:190} INFO - [2026-09-08T08:12:55.636+0000] {dag.py:4180} INFO - Setting next_dagrun for hello_dag to None, run_after=None
[2026-09-08T08:12:55.679+0000] {processor.py:208} INFO - Processing /opt/airflow/dags/01_hello_dag.py took 0.173 seconds
[2026-09-08T08:13:25.857+0000] {processor.py:186} INFO - Started process (PID=727) to work on /opt/airflow/dags/01_hello_dag.py
[2026-09-08T08:13:25.858+0000] {processor.py:914} INFO - Processing file /opt/airflow/dags/01_hello_dag.py for tasks to queue
[2026-09-08T08:13:25.861+0000] {logging_mixin.py:190} INFO - [2026-09-08T08:13:25.861+0000] {dagbag.py:588} INFO - Filling up the DagBag from /opt/airflow/dags/01_hello_dag.py
[2026-09-08T08:13:25.901+0000] {processor.py:925} INFO - DAG(s) 'hello_dag' retrieved from /opt/airflow/dags/01_hello_dag.py
[2026-09-08T08:13:25.961+0000] {logging_mixin.py:190} INFO - [2026-09-08T08:13:25.960+0000] {dag.py:3239} INFO - Sync 1 DAGs
[2026-09-08T08:13:25.994+0000] {logging_mixin.py:190} INFO - [2026-09-08T08:13:25.993+0000] {dag.py:4180} INFO - Setting next_dagrun for hello_dag to None, run_after=None
[2026-09-08T08:13:26.031+0000] {processor.py:208} INFO - Processing /opt/airflow/dags/01_hello_dag.py took 0.185 seconds
[2026-09-08T08:13:56.596+0000] {processor.py:186} INFO - Started process (PID=741) to work on /opt/airflow/dags/01_hello_dag.py
[2026-09-08T08:13:56.598+0000] {processor.py:914} INFO - Processing file /opt/airflow/dags/01_hello_dag.py for tasks to queue
[2026-09-08T08:13:56.601+0000] {logging_mixin.py:190} INFO - [2026-09-08T08:13:56.601+0000] {dagbag.py:588} INFO - Filling up the DagBag from /opt/airflow/dags/01_hello_dag.py
[2026-09-08T08:13:56.637+0000] {processor.py:925} INFO - DAG(s) 'hello_dag' retrieved from /opt/airflow/dags/01_hello_dag.py
[2026-09-08T08:13:56.692+0000] {logging_mixin.py:190} INFO - [2026-09-08T08:13:56.692+0000] {dag.py:3239} INFO - Sync 1 DAGs
[2026-09-08T08:13:56.723+0000] {logging_mixin.py:190} INFO - [2026-09-08T08:13:56.723+0000] {dag.py:4180} INFO - Setting next_dagrun for hello_dag to None, run_after=None
[2026-09-08T08:13:56.767+0000] {processor.py:208} INFO - Processing /opt/airflow/dags/01_hello_dag.py took 0.182 seconds
[2026-09-08T08:14:27.613+0000] {processor.py:186} INFO - Started process (PID=755) to work on /opt/airflow/dags/01_hello_dag.py
[2026-09-08T08:14:27.615+0000] {processor.py:914} INFO - Processing file /opt/airflow/dags/01_hello_dag.py for tasks to queue
[2026-09-08T08:14:27.619+0000] {logging_mixin.py:190} INFO - [2026-09-08T08:14:27.618+0000] {dagbag.py:588} INFO - Filling up the DagBag from /opt/airflow/dags/01_hello_dag.py
[2026-09-08T08:14:27.680+0000] {processor.py:925} INFO - DAG(s) 'hello_dag' retrieved from /opt/airflow/dags/01_hello_dag.py
[2026-09-08T08:14:27.790+0000] {logging_mixin.py:190} INFO - [2026-09-08T08:14:27.790+0000] {dag.py:3239} INFO - Sync 1 DAGs
[2026-09-08T08:14:27.854+0000] {logging_mixin.py:190} INFO - [2026-09-08T08:14:27.852+0000] {dag.py:4180} INFO - Setting next_dagrun for hello_dag to None, run_after=None
[2026-09-08T08:14:27.940+0000] {processor.py:208} INFO - Processing /opt/airflow/dags/01_hello_dag.py took 0.340 seconds
[2026-09-08T08:14:58.268+0000] {processor.py:186} INFO - Started process (PID=769) to work on /opt/airflow/dags/01_hello_dag.py
[2026-09-08T08:14:58.270+0000] {processor.py:914} INFO - Processing file /opt/airflow/dags/01_hello_dag.py for tasks to queue
[2026-09-08T08:14:58.274+0000] {logging_mixin.py:190} INFO - [2026-09-08T08:14:58.272+0000] {dagbag.py:588} INFO - Filling up the DagBag from /opt/airflow/dags/01_hello_dag.py
[2026-09-08T08:14:58.315+0000] {processor.py:925} INFO - DAG(s) 'hello_dag' retrieved from /opt/airflow/dags/01_hello_dag.py
[2026-09-08T08:14:58.368+0000] {logging_mixin.py:190} INFO - [2026-09-08T08:14:58.368+0000] {dag.py:3239} INFO - Sync 1 DAGs
[2026-09-08T08:14:58.394+0000] {logging_mixin.py:190} INFO - [2026-09-08T08:14:58.394+0000] {dag.py:4180} INFO - Setting next_dagrun for hello_dag to None, run_after=None
[2026-09-08T08:14:58.434+0000] {processor.py:208} INFO - Processing /opt/airflow/dags/01_hello_dag.py took 0.176 seconds
[2026-09-08T08:15:28.797+0000] {processor.py:186} INFO - Started process (PID=783) to work on /opt/airflow/dags/01_hello_dag.py
[2026-09-08T08:15:28.798+0000] {processor.py:914} INFO - Processing file /opt/airflow/dags/01_hello_dag.py for tasks to queue
[2026-09-08T08:15:28.801+0000] {logging_mixin.py:190} INFO - [2026-09-08T08:15:28.801+0000] {dagbag.py:588} INFO - Filling up the DagBag from /opt/airflow/dags/01_hello_dag.py
[2026-09-08T08:15:28.844+0000] {processor.py:925} INFO - DAG(s) 'hello_dag' retrieved from /opt/airflow/dags/01_hello_dag.py
[2026-09-08T08:15:28.909+0000] {logging_mixin.py:190} INFO - [2026-09-08T08:15:28.909+0000] {dag.py:3239} INFO - Sync 1 DAGs
[2026-09-08T08:15:28.935+0000] {logging_mixin.py:190} INFO - [2026-09-08T08:15:28.935+0000] {dag.py:4180} INFO - Setting next_dagrun for hello_dag to None, run_after=None
[2026-09-08T08:15:28.972+0000] {processor.py:208} INFO - Processing /opt/airflow/dags/01_hello_dag.py took 0.184 seconds
[2026-09-08T08:15:59.388+0000] {processor.py:186} INFO - Started process (PID=797) to work on /opt/airflow/dags/01_hello_dag.py
[2026-09-08T08:15:59.390+0000] {processor.py:914} INFO - Processing file /opt/airflow/dags/01_hello_dag.py for tasks to queue
[2026-09-08T08:15:59.393+0000] {logging_mixin.py:190} INFO - [2026-09-08T08:15:59.392+0000] {dagbag.py:588} INFO - Filling up the DagBag from /opt/airflow/dags/01_hello_dag.py
[2026-09-08T08:15:59.433+0000] {processor.py:925} INFO - DAG(s) 'hello_dag' retrieved from /opt/airflow/dags/01_hello_dag.py
[2026-09-08T08:15:59.482+0000] {logging_mixin.py:190} INFO - [2026-09-08T08:15:59.482+0000] {dag.py:3239} INFO - Sync 1 DAGs
[2026-09-08T08:15:59.508+0000] {logging_mixin.py:190} INFO - [2026-09-08T08:15:59.508+0000] {dag.py:4180} INFO - Setting next_dagrun for hello_dag to None, run_after=None
[2026-09-08T08:15:59.550+0000] {processor.py:208} INFO - Processing /opt/airflow/dags/01_hello_dag.py took 0.174 seconds
[2026-09-08T08:16:29.860+0000] {processor.py:186} INFO - Started process (PID=811) to work on /opt/airflow/dags/01_hello_dag.py
[2026-09-08T08:16:29.862+0000] {processor.py:914} INFO - Processing file /opt/airflow/dags/01_hello_dag.py for tasks to queue
[2026-09-08T08:16:29.865+0000] {logging_mixin.py:190} INFO - [2026-09-08T08:16:29.864+0000] {dagbag.py:588} INFO - Filling up the DagBag from /opt/airflow/dags/01_hello_dag.py
[2026-09-08T08:16:29.936+0000] {processor.py:925} INFO - DAG(s) 'hello_dag' retrieved from /opt/airflow/dags/01_hello_dag.py
[2026-09-08T08:16:30.006+0000] {logging_mixin.py:190} INFO - [2026-09-08T08:16:30.006+0000] {dag.py:3239} INFO - Sync 1 DAGs
[2026-09-08T08:16:30.039+0000] {logging_mixin.py:190} INFO - [2026-09-08T08:16:30.039+0000] {dag.py:4180} INFO - Setting next_dagrun for hello_dag to None, run_after=None
[2026-09-08T08:16:30.080+0000] {processor.py:208} INFO - Processing /opt/airflow/dags/01_hello_dag.py took 0.233 seconds
[2026-09-08T08:17:00.202+0000] {processor.py:186} INFO - Started process (PID=825) to work on /opt/airflow/dags/01_hello_dag.py
[2026-09-08T08:17:00.204+0000] {processor.py:914} INFO - Processing file /opt/airflow/dags/01_hello_dag.py for tasks to queue
[2026-09-08T08:17:00.207+0000] {logging_mixin.py:190} INFO - [2026-09-08T08:17:00.207+0000] {dagbag.py:588} INFO - Filling up the DagBag from /opt/airflow/dags/01_hello_dag.py
[2026-09-08T08:17:00.249+0000] {processor.py:925} INFO - DAG(s) 'hello_dag' retrieved from /opt/airflow/dags/01_hello_dag.py
[2026-09-08T08:17:00.304+0000] {logging_mixin.py:190} INFO - [2026-09-08T08:17:00.303+0000] {dag.py:3239} INFO - Sync 1 DAGs
[2026-09-08T08:17:00.329+0000] {logging_mixin.py:190} INFO - [2026-09-08T08:17:00.329+0000] {dag.py:4180} INFO - Setting next_dagrun for hello_dag to None, run_after=None
[2026-09-08T08:17:00.373+0000] {processor.py:208} INFO - Processing /opt/airflow/dags/01_hello_dag.py took 0.182 seconds
[2026-09-08T08:17:30.713+0000] {processor.py:186} INFO - Started process (PID=839) to work on /opt/airflow/dags/01_hello_dag.py
[2026-09-08T08:17:30.714+0000] {processor.py:914} INFO - Processing file /opt/airflow/dags/01_hello_dag.py for tasks to queue
[2026-09-08T08:17:30.718+0000] {logging_mixin.py:190} INFO - [2026-09-08T08:17:30.717+0000] {dagbag.py:588} INFO - Filling up the DagBag from /opt/airflow/dags/01_hello_dag.py
[2026-09-08T08:17:30.759+0000] {processor.py:925} INFO - DAG(s) 'hello_dag' retrieved from /opt/airflow/dags/01_hello_dag.py
[2026-09-08T08:17:30.813+0000] {logging_mixin.py:190} INFO - [2026-09-08T08:17:30.813+0000] {dag.py:3239} INFO - Sync 1 DAGs
[2026-09-08T08:17:30.846+0000] {logging_mixin.py:190} INFO - [2026-09-08T08:17:30.846+0000] {dag.py:4180} INFO - Setting next_dagrun for hello_dag to None, run_after=None
[2026-09-08T08:17:30.878+0000] {processor.py:208} INFO - Processing /opt/airflow/dags/01_hello_dag.py took 0.176 seconds
[2026-09-08T08:18:01.097+0000] {processor.py:186} INFO - Started process (PID=853) to work on /opt/airflow/dags/01_hello_dag.py
[2026-09-08T08:18:01.099+0000] {processor.py:914} INFO - Processing file /opt/airflow/dags/01_hello_dag.py for tasks to queue
[2026-09-08T08:18:01.102+0000] {logging_mixin.py:190} INFO - [2026-09-08T08:18:01.102+0000] {dagbag.py:588} INFO - Filling up the DagBag from /opt/airflow/dags/01_hello_dag.py
[2026-09-08T08:18:01.150+0000] {processor.py:925} INFO - DAG(s) 'hello_dag' retrieved from /opt/airflow/dags/01_hello_dag.py
[2026-09-08T08:18:01.204+0000] {logging_mixin.py:190} INFO - [2026-09-08T08:18:01.204+0000] {dag.py:3239} INFO - Sync 1 DAGs
[2026-09-08T08:18:01.236+0000] {logging_mixin.py:190} INFO - [2026-09-08T08:18:01.236+0000] {dag.py:4180} INFO - Setting next_dagrun for hello_dag to None, run_after=None
[2026-09-08T08:18:01.268+0000] {processor.py:208} INFO - Processing /opt/airflow/dags/01_hello_dag.py took 0.181 seconds
[2026-09-08T08:18:31.782+0000] {processor.py:186} INFO - Started process (PID=867) to work on /opt/airflow/dags/01_hello_dag.py
[2026-09-08T08:18:31.784+0000] {processor.py:914} INFO - Processing file /opt/airflow/dags/01_hello_dag.py for tasks to queue
[2026-09-08T08:18:31.787+0000] {logging_mixin.py:190} INFO - [2026-09-08T08:18:31.787+0000] {dagbag.py:588} INFO - Filling up the DagBag from /opt/airflow/dags/01_hello_dag.py
[2026-09-08T08:18:31.828+0000] {processor.py:925} INFO - DAG(s) 'hello_dag' retrieved from /opt/airflow/dags/01_hello_dag.py
[2026-09-08T08:18:31.876+0000] {logging_mixin.py:190} INFO - [2026-09-08T08:18:31.876+0000] {dag.py:3239} INFO - Sync 1 DAGs
[2026-09-08T08:18:31.902+0000] {logging_mixin.py:190} INFO - [2026-09-08T08:18:31.902+0000] {dag.py:4180} INFO - Setting next_dagrun for hello_dag to None, run_after=None
[2026-09-08T08:18:31.934+0000] {processor.py:208} INFO - Processing /opt/airflow/dags/01_hello_dag.py took 0.163 seconds
[2026-09-08T08:19:02.136+0000] {processor.py:186} INFO - Started process (PID=881) to work on /opt/airflow/dags/01_hello_dag.py
[2026-09-08T08:19:02.138+0000] {processor.py:914} INFO - Processing file /opt/airflow/dags/01_hello_dag.py for tasks to queue
[2026-09-08T08:19:02.141+0000] {logging_mixin.py:190} INFO - [2026-09-08T08:19:02.140+0000] {dagbag.py:588} INFO - Filling up the DagBag from /opt/airflow/dags/01_hello_dag.py
[2026-09-08T08:19:02.181+0000] {processor.py:925} INFO - DAG(s) 'hello_dag' retrieved from /opt/airflow/dags/01_hello_dag.py
[2026-09-08T08:19:02.234+0000] {logging_mixin.py:190} INFO - [2026-09-08T08:19:02.234+0000] {dag.py:3239} INFO - Sync 1 DAGs
[2026-09-08T08:19:02.260+0000] {logging_mixin.py:190} INFO - [2026-09-08T08:19:02.259+0000] {dag.py:4180} INFO - Setting next_dagrun for hello_dag to None, run_after=None
[2026-09-08T08:19:02.304+0000] {processor.py:208} INFO - Processing /opt/airflow/dags/01_hello_dag.py took 0.178 seconds
[2026-09-08T08:19:32.623+0000] {processor.py:186} INFO - Started process (PID=894) to work on /opt/airflow/dags/01_hello_dag.py
[2026-09-08T08:19:32.625+0000] {processor.py:914} INFO - Processing file /opt/airflow/dags/01_hello_dag.py for tasks to queue
[2026-09-08T08:19:32.628+0000] {logging_mixin.py:190} INFO - [2026-09-08T08:19:32.627+0000] {dagbag.py:588} INFO - Filling up the DagBag from /opt/airflow/dags/01_hello_dag.py
[2026-09-08T08:19:32.666+0000] {processor.py:925} INFO - DAG(s) 'hello_dag' retrieved from /opt/airflow/dags/01_hello_dag.py
[2026-09-08T08:19:32.720+0000] {logging_mixin.py:190} INFO - [2026-09-08T08:19:32.720+0000] {dag.py:3239} INFO - Sync 1 DAGs
[2026-09-08T08:19:32.746+0000] {logging_mixin.py:190} INFO - [2026-09-08T08:19:32.746+0000] {dag.py:4180} INFO - Setting next_dagrun for hello_dag to None, run_after=None
[2026-09-08T08:19:32.780+0000] {processor.py:208} INFO - Processing /opt/airflow/dags/01_hello_dag.py took 0.168 seconds
[2026-09-08T08:20:03.007+0000] {processor.py:186} INFO - Started process (PID=908) to work on /opt/airflow/dags/01_hello_dag.py
[2026-09-08T08:20:03.009+0000] {processor.py:914} INFO - Processing file /opt/airflow/dags/01_hello_dag.py for tasks to queue
[2026-09-08T08:20:03.012+0000] {logging_mixin.py:190} INFO - [2026-09-08T08:20:03.011+0000] {dagbag.py:588} INFO - Filling up the DagBag from /opt/airflow/dags/01_hello_dag.py
[2026-09-08T08:20:03.050+0000] {processor.py:925} INFO - DAG(s) 'hello_dag' retrieved from /opt/airflow/dags/01_hello_dag.py
[2026-09-08T08:20:03.095+0000] {logging_mixin.py:190} INFO - [2026-09-08T08:20:03.095+0000] {dag.py:3239} INFO - Sync 1 DAGs
[2026-09-08T08:20:03.118+0000] {logging_mixin.py:190} INFO - [2026-09-08T08:20:03.118+0000] {dag.py:4180} INFO - Setting next_dagrun for hello_dag to None, run_after=None
[2026-09-08T08:20:03.157+0000] {processor.py:208} INFO - Processing /opt/airflow/dags/01_hello_dag.py took 0.160 seconds
[2026-09-08T08:20:33.605+0000] {processor.py:186} INFO - Started process (PID=922) to work on /opt/airflow/dags/01_hello_dag.py
[2026-09-08T08:20:33.607+0000] {processor.py:914} INFO - Processing file /opt/airflow/dags/01_hello_dag.py for tasks to queue
[2026-09-08T08:20:33.610+0000] {logging_mixin.py:190} INFO - [2026-09-08T08:20:33.610+0000] {dagbag.py:588} INFO - Filling up the DagBag from /opt/airflow/dags/01_hello_dag.py
[2026-09-08T08:20:33.651+0000] {processor.py:925} INFO - DAG(s) 'hello_dag' retrieved from /opt/airflow/dags/01_hello_dag.py
[2026-09-08T08:20:33.704+0000] {logging_mixin.py:190} INFO - [2026-09-08T08:20:33.703+0000] {dag.py:3239} INFO - Sync 1 DAGs
[2026-09-08T08:20:33.730+0000] {logging_mixin.py:190} INFO - [2026-09-08T08:20:33.730+0000] {dag.py:4180} INFO - Setting next_dagrun for hello_dag to None, run_after=None
[2026-09-08T08:20:33.770+0000] {processor.py:208} INFO - Processing /opt/airflow/dags/01_hello_dag.py took 0.175 seconds
[2026-09-08T08:21:04.646+0000] {processor.py:186} INFO - Started process (PID=937) to work on /opt/airflow/dags/01_hello_dag.py
[2026-09-08T08:21:04.648+0000] {processor.py:914} INFO - Processing file /opt/airflow/dags/01_hello_dag.py for tasks to queue
[2026-09-08T08:21:04.651+0000] {logging_mixin.py:190} INFO - [2026-09-08T08:21:04.650+0000] {dagbag.py:588} INFO - Filling up the DagBag from /opt/airflow/dags/01_hello_dag.py
[2026-09-08T08:21:04.690+0000] {processor.py:925} INFO - DAG(s) 'hello_dag' retrieved from /opt/airflow/dags/01_hello_dag.py
[2026-09-08T08:21:04.741+0000] {logging_mixin.py:190} INFO - [2026-09-08T08:21:04.740+0000] {dag.py:3239} INFO - Sync 1 DAGs
[2026-09-08T08:21:04.766+0000] {logging_mixin.py:190} INFO - [2026-09-08T08:21:04.765+0000] {dag.py:4180} INFO - Setting next_dagrun for hello_dag to None, run_after=None
[2026-09-08T08:21:04.807+0000] {processor.py:208} INFO - Processing /opt/airflow/dags/01_hello_dag.py took 0.172 seconds
[2026-09-08T08:21:35.084+0000] {processor.py:186} INFO - Started process (PID=951) to work on /opt/airflow/dags/01_hello_dag.py
[2026-09-08T08:21:35.086+0000] {processor.py:914} INFO - Processing file /opt/airflow/dags/01_hello_dag.py for tasks to queue
[2026-09-08T08:21:35.089+0000] {logging_mixin.py:190} INFO - [2026-09-08T08:21:35.088+0000] {dagbag.py:588} INFO - Filling up the DagBag from /opt/airflow/dags/01_hello_dag.py
[2026-09-08T08:21:35.129+0000] {processor.py:925} INFO - DAG(s) 'hello_dag' retrieved from /opt/airflow/dags/01_hello_dag.py
[2026-09-08T08:21:35.182+0000] {logging_mixin.py:190} INFO - [2026-09-08T08:21:35.182+0000] {dag.py:3239} INFO - Sync 1 DAGs
[2026-09-08T08:21:35.207+0000] {logging_mixin.py:190} INFO - [2026-09-08T08:21:35.206+0000] {dag.py:4180} INFO - Setting next_dagrun for hello_dag to None, run_after=None
[2026-09-08T08:21:35.248+0000] {processor.py:208} INFO - Processing /opt/airflow/dags/01_hello_dag.py took 0.175 seconds
[2026-09-08T08:22:05.783+0000] {processor.py:186} INFO - Started process (PID=966) to work on /opt/airflow/dags/01_hello_dag.py
[2026-09-08T08:22:05.785+0000] {processor.py:914} INFO - Processing file /opt/airflow/dags/01_hello_dag.py for tasks to queue
[2026-09-08T08:22:05.788+0000] {logging_mixin.py:190} INFO - [2026-09-08T08:22:05.787+0000] {dagbag.py:588} INFO - Filling up the DagBag from /opt/airflow/dags/01_hello_dag.py
[2026-09-08T08:22:05.826+0000] {processor.py:925} INFO - DAG(s) 'hello_dag' retrieved from /opt/airflow/dags/01_hello_dag.py
[2026-09-08T08:22:05.884+0000] {logging_mixin.py:190} INFO - [2026-09-08T08:22:05.883+0000] {dag.py:3239} INFO - Sync 1 DAGs
[2026-09-08T08:22:05.912+0000] {logging_mixin.py:190} INFO - [2026-09-08T08:22:05.912+0000] {dag.py:4180} INFO - Setting next_dagrun for hello_dag to None, run_after=None
[2026-09-08T08:22:05.952+0000] {processor.py:208} INFO - Processing /opt/airflow/dags/01_hello_dag.py took 0.179 seconds
[2026-09-08T08:22:36.710+0000] {processor.py:186} INFO - Started process (PID=980) to work on /opt/airflow/dags/01_hello_dag.py
[2026-09-08T08:22:36.713+0000] {processor.py:914} INFO - Processing file /opt/airflow/dags/01_hello_dag.py for tasks to queue
[2026-09-08T08:22:36.719+0000] {logging_mixin.py:190} INFO - [2026-09-08T08:22:36.717+0000] {dagbag.py:588} INFO - Filling up the DagBag from /opt/airflow/dags/01_hello_dag.py
[2026-09-08T08:22:36.779+0000] {processor.py:925} INFO - DAG(s) 'hello_dag' retrieved from /opt/airflow/dags/01_hello_dag.py
[2026-09-08T08:22:36.887+0000] {logging_mixin.py:190} INFO - [2026-09-08T08:22:36.887+0000] {dag.py:3239} INFO - Sync 1 DAGs
[2026-09-08T08:22:36.960+0000] {logging_mixin.py:190} INFO - [2026-09-08T08:22:36.960+0000] {dag.py:4180} INFO - Setting next_dagrun for hello_dag to None, run_after=None
[2026-09-08T08:22:37.013+0000] {processor.py:208} INFO - Processing /opt/airflow/dags/01_hello_dag.py took 0.330 seconds
