[2026-09-08T04:31:55.355+0000] {processor.py:186} INFO - Started process (PID=99) to work on /opt/airflow/dags/02_xcom_dag.py
[2026-09-08T04:31:55.356+0000] {processor.py:914} INFO - Processing file /opt/airflow/dags/02_xcom_dag.py for tasks to queue
[2026-09-08T04:31:55.357+0000] {logging_mixin.py:190} INFO - [2026-09-08T04:31:55.357+0000] {dagbag.py:588} INFO - Filling up the DagBag from /opt/airflow/dags/02_xcom_dag.py
[2026-09-08T04:31:55.391+0000] {processor.py:925} INFO - DAG(s) 'xcom_dag' retrieved from /opt/airflow/dags/02_xcom_dag.py
[2026-09-08T04:31:55.444+0000] {logging_mixin.py:190} INFO - [2026-09-08T04:31:55.444+0000] {dag.py:3239} INFO - Sync 1 DAGs
[2026-09-08T04:31:55.478+0000] {logging_mixin.py:190} INFO - [2026-09-08T04:31:55.478+0000] {dag.py:4180} INFO - Setting next_dagrun for xcom_dag to None, run_after=None
[2026-09-08T04:31:55.518+0000] {processor.py:208} INFO - Processing /opt/airflow/dags/02_xcom_dag.py took 0.171 seconds
[2026-09-08T04:32:26.291+0000] {processor.py:186} INFO - Started process (PID=113) to work on /opt/airflow/dags/02_xcom_dag.py
[2026-09-08T04:32:26.291+0000] {processor.py:914} INFO - Processing file /opt/airflow/dags/02_xcom_dag.py for tasks to queue
[2026-09-08T04:32:26.293+0000] {logging_mixin.py:190} INFO - [2026-09-08T04:32:26.292+0000] {dagbag.py:588} INFO - Filling up the DagBag from /opt/airflow/dags/02_xcom_dag.py
[2026-09-08T04:32:26.313+0000] {processor.py:925} INFO - DAG(s) 'xcom_dag' retrieved from /opt/airflow/dags/02_xcom_dag.py
[2026-09-08T04:32:26.341+0000] {logging_mixin.py:190} INFO - [2026-09-08T04:32:26.341+0000] {dag.py:3239} INFO - Sync 1 DAGs
[2026-09-08T04:32:26.355+0000] {logging_mixin.py:190} INFO - [2026-09-08T04:32:26.355+0000] {dag.py:4180} INFO - Setting next_dagrun for xcom_dag to None, run_after=None
[2026-09-08T04:32:26.375+0000] {processor.py:208} INFO - Processing /opt/airflow/dags/02_xcom_dag.py took 0.090 seconds
[2026-09-08T04:32:56.969+0000] {processor.py:186} INFO - Started process (PID=127) to work on /opt/airflow/dags/02_xcom_dag.py
[2026-09-08T04:32:56.969+0000] {processor.py:914} INFO - Processing file /opt/airflow/dags/02_xcom_dag.py for tasks to queue
[2026-09-08T04:32:56.970+0000] {logging_mixin.py:190} INFO - [2026-09-08T04:32:56.970+0000] {dagbag.py:588} INFO - Filling up the DagBag from /opt/airflow/dags/02_xcom_dag.py
[2026-09-08T04:32:56.988+0000] {processor.py:925} INFO - DAG(s) 'xcom_dag' retrieved from /opt/airflow/dags/02_xcom_dag.py
[2026-09-08T04:32:57.014+0000] {logging_mixin.py:190} INFO - [2026-09-08T04:32:57.013+0000] {dag.py:3239} INFO - Sync 1 DAGs
[2026-09-08T04:32:57.029+0000] {logging_mixin.py:190} INFO - [2026-09-08T04:32:57.029+0000] {dag.py:4180} INFO - Setting next_dagrun for xcom_dag to None, run_after=None
[2026-09-08T04:32:57.057+0000] {processor.py:208} INFO - Processing /opt/airflow/dags/02_xcom_dag.py took 0.096 seconds
[2026-09-08T04:33:27.531+0000] {processor.py:186} INFO - Started process (PID=141) to work on /opt/airflow/dags/02_xcom_dag.py
[2026-09-08T04:33:27.531+0000] {processor.py:914} INFO - Processing file /opt/airflow/dags/02_xcom_dag.py for tasks to queue
[2026-09-08T04:33:27.532+0000] {logging_mixin.py:190} INFO - [2026-09-08T04:33:27.532+0000] {dagbag.py:588} INFO - Filling up the DagBag from /opt/airflow/dags/02_xcom_dag.py
[2026-09-08T04:33:27.551+0000] {processor.py:925} INFO - DAG(s) 'xcom_dag' retrieved from /opt/airflow/dags/02_xcom_dag.py
[2026-09-08T04:33:27.580+0000] {logging_mixin.py:190} INFO - [2026-09-08T04:33:27.580+0000] {dag.py:3239} INFO - Sync 1 DAGs
[2026-09-08T04:33:27.595+0000] {logging_mixin.py:190} INFO - [2026-09-08T04:33:27.595+0000] {dag.py:4180} INFO - Setting next_dagrun for xcom_dag to None, run_after=None
[2026-09-08T04:33:27.616+0000] {processor.py:208} INFO - Processing /opt/airflow/dags/02_xcom_dag.py took 0.091 seconds
[2026-09-08T04:33:58.279+0000] {processor.py:186} INFO - Started process (PID=156) to work on /opt/airflow/dags/02_xcom_dag.py
[2026-09-08T04:33:58.279+0000] {processor.py:914} INFO - Processing file /opt/airflow/dags/02_xcom_dag.py for tasks to queue
[2026-09-08T04:33:58.281+0000] {logging_mixin.py:190} INFO - [2026-09-08T04:33:58.280+0000] {dagbag.py:588} INFO - Filling up the DagBag from /opt/airflow/dags/02_xcom_dag.py
[2026-09-08T04:33:58.294+0000] {processor.py:925} INFO - DAG(s) 'xcom_dag' retrieved from /opt/airflow/dags/02_xcom_dag.py
[2026-09-08T04:33:58.318+0000] {logging_mixin.py:190} INFO - [2026-09-08T04:33:58.318+0000] {dag.py:3239} INFO - Sync 1 DAGs
[2026-09-08T04:33:58.456+0000] {logging_mixin.py:190} INFO - [2026-09-08T04:33:58.456+0000] {dag.py:4180} INFO - Setting next_dagrun for xcom_dag to None, run_after=None
[2026-09-08T04:33:58.479+0000] {processor.py:208} INFO - Processing /opt/airflow/dags/02_xcom_dag.py took 0.206 seconds
[2026-09-08T04:34:28.542+0000] {processor.py:186} INFO - Started process (PID=170) to work on /opt/airflow/dags/02_xcom_dag.py
[2026-09-08T04:34:28.543+0000] {processor.py:914} INFO - Processing file /opt/airflow/dags/02_xcom_dag.py for tasks to queue
[2026-09-08T04:34:28.544+0000] {logging_mixin.py:190} INFO - [2026-09-08T04:34:28.543+0000] {dagbag.py:588} INFO - Filling up the DagBag from /opt/airflow/dags/02_xcom_dag.py
[2026-09-08T04:34:28.559+0000] {processor.py:925} INFO - DAG(s) 'xcom_dag' retrieved from /opt/airflow/dags/02_xcom_dag.py
[2026-09-08T04:34:28.578+0000] {logging_mixin.py:190} INFO - [2026-09-08T04:34:28.578+0000] {dag.py:3239} INFO - Sync 1 DAGs
[2026-09-08T04:34:28.592+0000] {logging_mixin.py:190} INFO - [2026-09-08T04:34:28.592+0000] {dag.py:4180} INFO - Setting next_dagrun for xcom_dag to None, run_after=None
[2026-09-08T04:34:28.609+0000] {processor.py:208} INFO - Processing /opt/airflow/dags/02_xcom_dag.py took 0.075 seconds
[2026-09-08T04:34:59.181+0000] {processor.py:186} INFO - Started process (PID=184) to work on /opt/airflow/dags/02_xcom_dag.py
[2026-09-08T04:34:59.182+0000] {processor.py:914} INFO - Processing file /opt/airflow/dags/02_xcom_dag.py for tasks to queue
[2026-09-08T04:34:59.183+0000] {logging_mixin.py:190} INFO - [2026-09-08T04:34:59.183+0000] {dagbag.py:588} INFO - Filling up the DagBag from /opt/airflow/dags/02_xcom_dag.py
[2026-09-08T04:34:59.197+0000] {processor.py:925} INFO - DAG(s) 'xcom_dag' retrieved from /opt/airflow/dags/02_xcom_dag.py
[2026-09-08T04:34:59.228+0000] {logging_mixin.py:190} INFO - [2026-09-08T04:34:59.228+0000] {dag.py:3239} INFO - Sync 1 DAGs
[2026-09-08T04:34:59.241+0000] {logging_mixin.py:190} INFO - [2026-09-08T04:34:59.240+0000] {dag.py:4180} INFO - Setting next_dagrun for xcom_dag to None, run_after=None
[2026-09-08T04:34:59.258+0000] {processor.py:208} INFO - Processing /opt/airflow/dags/02_xcom_dag.py took 0.082 seconds
[2026-09-08T04:35:29.791+0000] {processor.py:186} INFO - Started process (PID=198) to work on /opt/airflow/dags/02_xcom_dag.py
[2026-09-08T04:35:29.791+0000] {processor.py:914} INFO - Processing file /opt/airflow/dags/02_xcom_dag.py for tasks to queue
[2026-09-08T04:35:29.792+0000] {logging_mixin.py:190} INFO - [2026-09-08T04:35:29.792+0000] {dagbag.py:588} INFO - Filling up the DagBag from /opt/airflow/dags/02_xcom_dag.py
[2026-09-08T04:35:29.807+0000] {processor.py:925} INFO - DAG(s) 'xcom_dag' retrieved from /opt/airflow/dags/02_xcom_dag.py
[2026-09-08T04:35:29.829+0000] {logging_mixin.py:190} INFO - [2026-09-08T04:35:29.829+0000] {dag.py:3239} INFO - Sync 1 DAGs
[2026-09-08T04:35:29.843+0000] {logging_mixin.py:190} INFO - [2026-09-08T04:35:29.843+0000] {dag.py:4180} INFO - Setting next_dagrun for xcom_dag to None, run_after=None
[2026-09-08T04:35:29.861+0000] {processor.py:208} INFO - Processing /opt/airflow/dags/02_xcom_dag.py took 0.077 seconds
[2026-09-08T04:36:00.324+0000] {processor.py:186} INFO - Started process (PID=213) to work on /opt/airflow/dags/02_xcom_dag.py
[2026-09-08T04:36:00.325+0000] {processor.py:914} INFO - Processing file /opt/airflow/dags/02_xcom_dag.py for tasks to queue
[2026-09-08T04:36:00.326+0000] {logging_mixin.py:190} INFO - [2026-09-08T04:36:00.326+0000] {dagbag.py:588} INFO - Filling up the DagBag from /opt/airflow/dags/02_xcom_dag.py
[2026-09-08T04:36:00.343+0000] {processor.py:925} INFO - DAG(s) 'xcom_dag' retrieved from /opt/airflow/dags/02_xcom_dag.py
[2026-09-08T04:36:00.363+0000] {logging_mixin.py:190} INFO - [2026-09-08T04:36:00.363+0000] {dag.py:3239} INFO - Sync 1 DAGs
[2026-09-08T04:36:00.377+0000] {logging_mixin.py:190} INFO - [2026-09-08T04:36:00.376+0000] {dag.py:4180} INFO - Setting next_dagrun for xcom_dag to None, run_after=None
[2026-09-08T04:36:00.412+0000] {processor.py:208} INFO - Processing /opt/airflow/dags/02_xcom_dag.py took 0.094 seconds
[2026-09-08T04:36:30.939+0000] {processor.py:186} INFO - Started process (PID=227) to work on /opt/airflow/dags/02_xcom_dag.py
[2026-09-08T04:36:30.939+0000] {processor.py:914} INFO - Processing file /opt/airflow/dags/02_xcom_dag.py for tasks to queue
[2026-09-08T04:36:30.941+0000] {logging_mixin.py:190} INFO - [2026-09-08T04:36:30.940+0000] {dagbag.py:588} INFO - Filling up the DagBag from /opt/airflow/dags/02_xcom_dag.py
[2026-09-08T04:36:30.953+0000] {processor.py:925} INFO - DAG(s) 'xcom_dag' retrieved from /opt/airflow/dags/02_xcom_dag.py
[2026-09-08T04:36:30.986+0000] {logging_mixin.py:190} INFO - [2026-09-08T04:36:30.986+0000] {dag.py:3239} INFO - Sync 1 DAGs
[2026-09-08T04:36:31.003+0000] {logging_mixin.py:190} INFO - [2026-09-08T04:36:31.003+0000] {dag.py:4180} INFO - Setting next_dagrun for xcom_dag to None, run_after=None
[2026-09-08T04:36:31.027+0000] {processor.py:208} INFO - Processing /opt/airflow/dags/02_xcom_dag.py took 0.093 seconds
[2026-09-08T04:37:01.755+0000] {processor.py:186} INFO - Started process (PID=241) to work on /opt/airflow/dags/02_xcom_dag.py
[2026-09-08T04:37:01.756+0000] {processor.py:914} INFO - Processing file /opt/airflow/dags/02_xcom_dag.py for tasks to queue
[2026-09-08T04:37:01.757+0000] {logging_mixin.py:190} INFO - [2026-09-08T04:37:01.757+0000] {dagbag.py:588} INFO - Filling up the DagBag from /opt/airflow/dags/02_xcom_dag.py
[2026-09-08T04:37:01.770+0000] {processor.py:925} INFO - DAG(s) 'xcom_dag' retrieved from /opt/airflow/dags/02_xcom_dag.py
[2026-09-08T04:37:01.793+0000] {logging_mixin.py:190} INFO - [2026-09-08T04:37:01.793+0000] {dag.py:3239} INFO - Sync 1 DAGs
[2026-09-08T04:37:01.805+0000] {logging_mixin.py:190} INFO - [2026-09-08T04:37:01.805+0000] {dag.py:4180} INFO - Setting next_dagrun for xcom_dag to None, run_after=None
[2026-09-08T04:37:01.827+0000] {processor.py:208} INFO - Processing /opt/airflow/dags/02_xcom_dag.py took 0.076 seconds
[2026-09-08T04:37:32.306+0000] {processor.py:186} INFO - Started process (PID=255) to work on /opt/airflow/dags/02_xcom_dag.py
[2026-09-08T04:37:32.307+0000] {processor.py:914} INFO - Processing file /opt/airflow/dags/02_xcom_dag.py for tasks to queue
[2026-09-08T04:37:32.308+0000] {logging_mixin.py:190} INFO - [2026-09-08T04:37:32.308+0000] {dagbag.py:588} INFO - Filling up the DagBag from /opt/airflow/dags/02_xcom_dag.py
[2026-09-08T04:37:32.322+0000] {processor.py:925} INFO - DAG(s) 'xcom_dag' retrieved from /opt/airflow/dags/02_xcom_dag.py
[2026-09-08T04:37:32.346+0000] {logging_mixin.py:190} INFO - [2026-09-08T04:37:32.346+0000] {dag.py:3239} INFO - Sync 1 DAGs
[2026-09-08T04:37:32.359+0000] {logging_mixin.py:190} INFO - [2026-09-08T04:37:32.359+0000] {dag.py:4180} INFO - Setting next_dagrun for xcom_dag to None, run_after=None
[2026-09-08T04:37:32.377+0000] {processor.py:208} INFO - Processing /opt/airflow/dags/02_xcom_dag.py took 0.076 seconds
[2026-09-08T04:38:02.870+0000] {processor.py:186} INFO - Started process (PID=269) to work on /opt/airflow/dags/02_xcom_dag.py
[2026-09-08T04:38:02.871+0000] {processor.py:914} INFO - Processing file /opt/airflow/dags/02_xcom_dag.py for tasks to queue
[2026-09-08T04:38:02.872+0000] {logging_mixin.py:190} INFO - [2026-09-08T04:38:02.872+0000] {dagbag.py:588} INFO - Filling up the DagBag from /opt/airflow/dags/02_xcom_dag.py
[2026-09-08T04:38:02.888+0000] {processor.py:925} INFO - DAG(s) 'xcom_dag' retrieved from /opt/airflow/dags/02_xcom_dag.py
[2026-09-08T04:38:02.907+0000] {logging_mixin.py:190} INFO - [2026-09-08T04:38:02.907+0000] {dag.py:3239} INFO - Sync 1 DAGs
[2026-09-08T04:38:02.919+0000] {logging_mixin.py:190} INFO - [2026-09-08T04:38:02.919+0000] {dag.py:4180} INFO - Setting next_dagrun for xcom_dag to None, run_after=None
[2026-09-08T04:38:02.940+0000] {processor.py:208} INFO - Processing /opt/airflow/dags/02_xcom_dag.py took 0.076 seconds
[2026-09-08T04:38:33.494+0000] {processor.py:186} INFO - Started process (PID=283) to work on /opt/airflow/dags/02_xcom_dag.py
[2026-09-08T04:38:33.494+0000] {processor.py:914} INFO - Processing file /opt/airflow/dags/02_xcom_dag.py for tasks to queue
[2026-09-08T04:38:33.496+0000] {logging_mixin.py:190} INFO - [2026-09-08T04:38:33.495+0000] {dagbag.py:588} INFO - Filling up the DagBag from /opt/airflow/dags/02_xcom_dag.py
[2026-09-08T04:38:33.512+0000] {processor.py:925} INFO - DAG(s) 'xcom_dag' retrieved from /opt/airflow/dags/02_xcom_dag.py
[2026-09-08T04:38:33.536+0000] {logging_mixin.py:190} INFO - [2026-09-08T04:38:33.536+0000] {dag.py:3239} INFO - Sync 1 DAGs
[2026-09-08T04:38:33.549+0000] {logging_mixin.py:190} INFO - [2026-09-08T04:38:33.548+0000] {dag.py:4180} INFO - Setting next_dagrun for xcom_dag to None, run_after=None
[2026-09-08T04:38:33.567+0000] {processor.py:208} INFO - Processing /opt/airflow/dags/02_xcom_dag.py took 0.079 seconds
[2026-09-08T04:39:04.047+0000] {processor.py:186} INFO - Started process (PID=297) to work on /opt/airflow/dags/02_xcom_dag.py
[2026-09-08T04:39:04.048+0000] {processor.py:914} INFO - Processing file /opt/airflow/dags/02_xcom_dag.py for tasks to queue
[2026-09-08T04:39:04.049+0000] {logging_mixin.py:190} INFO - [2026-09-08T04:39:04.049+0000] {dagbag.py:588} INFO - Filling up the DagBag from /opt/airflow/dags/02_xcom_dag.py
[2026-09-08T04:39:04.062+0000] {processor.py:925} INFO - DAG(s) 'xcom_dag' retrieved from /opt/airflow/dags/02_xcom_dag.py
[2026-09-08T04:39:04.084+0000] {logging_mixin.py:190} INFO - [2026-09-08T04:39:04.084+0000] {dag.py:3239} INFO - Sync 1 DAGs
[2026-09-08T04:39:04.096+0000] {logging_mixin.py:190} INFO - [2026-09-08T04:39:04.095+0000] {dag.py:4180} INFO - Setting next_dagrun for xcom_dag to None, run_after=None
[2026-09-08T04:39:04.113+0000] {processor.py:208} INFO - Processing /opt/airflow/dags/02_xcom_dag.py took 0.071 seconds
[2026-09-08T04:39:34.662+0000] {processor.py:186} INFO - Started process (PID=311) to work on /opt/airflow/dags/02_xcom_dag.py
[2026-09-08T04:39:34.662+0000] {processor.py:914} INFO - Processing file /opt/airflow/dags/02_xcom_dag.py for tasks to queue
[2026-09-08T04:39:34.663+0000] {logging_mixin.py:190} INFO - [2026-09-08T04:39:34.663+0000] {dagbag.py:588} INFO - Filling up the DagBag from /opt/airflow/dags/02_xcom_dag.py
[2026-09-08T04:39:34.679+0000] {processor.py:925} INFO - DAG(s) 'xcom_dag' retrieved from /opt/airflow/dags/02_xcom_dag.py
[2026-09-08T04:39:34.700+0000] {logging_mixin.py:190} INFO - [2026-09-08T04:39:34.700+0000] {dag.py:3239} INFO - Sync 1 DAGs
[2026-09-08T04:39:34.712+0000] {logging_mixin.py:190} INFO - [2026-09-08T04:39:34.712+0000] {dag.py:4180} INFO - Setting next_dagrun for xcom_dag to None, run_after=None
[2026-09-08T04:39:34.730+0000] {processor.py:208} INFO - Processing /opt/airflow/dags/02_xcom_dag.py took 0.073 seconds
[2026-09-08T04:40:05.250+0000] {processor.py:186} INFO - Started process (PID=325) to work on /opt/airflow/dags/02_xcom_dag.py
[2026-09-08T04:40:05.250+0000] {processor.py:914} INFO - Processing file /opt/airflow/dags/02_xcom_dag.py for tasks to queue
[2026-09-08T04:40:05.251+0000] {logging_mixin.py:190} INFO - [2026-09-08T04:40:05.251+0000] {dagbag.py:588} INFO - Filling up the DagBag from /opt/airflow/dags/02_xcom_dag.py
[2026-09-08T04:40:05.266+0000] {processor.py:925} INFO - DAG(s) 'xcom_dag' retrieved from /opt/airflow/dags/02_xcom_dag.py
[2026-09-08T04:40:05.290+0000] {logging_mixin.py:190} INFO - [2026-09-08T04:40:05.290+0000] {dag.py:3239} INFO - Sync 1 DAGs
[2026-09-08T04:40:05.304+0000] {logging_mixin.py:190} INFO - [2026-09-08T04:40:05.304+0000] {dag.py:4180} INFO - Setting next_dagrun for xcom_dag to None, run_after=None
[2026-09-08T04:40:05.328+0000] {processor.py:208} INFO - Processing /opt/airflow/dags/02_xcom_dag.py took 0.083 seconds
[2026-09-08T04:40:35.798+0000] {processor.py:186} INFO - Started process (PID=339) to work on /opt/airflow/dags/02_xcom_dag.py
[2026-09-08T04:40:35.799+0000] {processor.py:914} INFO - Processing file /opt/airflow/dags/02_xcom_dag.py for tasks to queue
[2026-09-08T04:40:35.800+0000] {logging_mixin.py:190} INFO - [2026-09-08T04:40:35.800+0000] {dagbag.py:588} INFO - Filling up the DagBag from /opt/airflow/dags/02_xcom_dag.py
[2026-09-08T04:40:35.814+0000] {processor.py:925} INFO - DAG(s) 'xcom_dag' retrieved from /opt/airflow/dags/02_xcom_dag.py
[2026-09-08T04:40:35.844+0000] {logging_mixin.py:190} INFO - [2026-09-08T04:40:35.844+0000] {dag.py:3239} INFO - Sync 1 DAGs
[2026-09-08T04:40:35.863+0000] {logging_mixin.py:190} INFO - [2026-09-08T04:40:35.863+0000] {dag.py:4180} INFO - Setting next_dagrun for xcom_dag to None, run_after=None
[2026-09-08T04:40:35.891+0000] {processor.py:208} INFO - Processing /opt/airflow/dags/02_xcom_dag.py took 0.100 seconds
[2026-09-08T04:41:06.508+0000] {processor.py:186} INFO - Started process (PID=353) to work on /opt/airflow/dags/02_xcom_dag.py
[2026-09-08T04:41:06.509+0000] {processor.py:914} INFO - Processing file /opt/airflow/dags/02_xcom_dag.py for tasks to queue
[2026-09-08T04:41:06.510+0000] {logging_mixin.py:190} INFO - [2026-09-08T04:41:06.510+0000] {dagbag.py:588} INFO - Filling up the DagBag from /opt/airflow/dags/02_xcom_dag.py
[2026-09-08T04:41:06.528+0000] {processor.py:925} INFO - DAG(s) 'xcom_dag' retrieved from /opt/airflow/dags/02_xcom_dag.py
[2026-09-08T04:41:06.555+0000] {logging_mixin.py:190} INFO - [2026-09-08T04:41:06.555+0000] {dag.py:3239} INFO - Sync 1 DAGs
[2026-09-08T04:41:06.569+0000] {logging_mixin.py:190} INFO - [2026-09-08T04:41:06.569+0000] {dag.py:4180} INFO - Setting next_dagrun for xcom_dag to None, run_after=None
[2026-09-08T04:41:06.586+0000] {processor.py:208} INFO - Processing /opt/airflow/dags/02_xcom_dag.py took 0.084 seconds
[2026-09-08T04:41:37.210+0000] {processor.py:186} INFO - Started process (PID=367) to work on /opt/airflow/dags/02_xcom_dag.py
[2026-09-08T04:41:37.211+0000] {processor.py:914} INFO - Processing file /opt/airflow/dags/02_xcom_dag.py for tasks to queue
[2026-09-08T04:41:37.214+0000] {logging_mixin.py:190} INFO - [2026-09-08T04:41:37.213+0000] {dagbag.py:588} INFO - Filling up the DagBag from /opt/airflow/dags/02_xcom_dag.py
[2026-09-08T04:41:37.230+0000] {processor.py:925} INFO - DAG(s) 'xcom_dag' retrieved from /opt/airflow/dags/02_xcom_dag.py
[2026-09-08T04:41:37.252+0000] {logging_mixin.py:190} INFO - [2026-09-08T04:41:37.252+0000] {dag.py:3239} INFO - Sync 1 DAGs
[2026-09-08T04:41:37.264+0000] {logging_mixin.py:190} INFO - [2026-09-08T04:41:37.264+0000] {dag.py:4180} INFO - Setting next_dagrun for xcom_dag to None, run_after=None
[2026-09-08T04:41:37.282+0000] {processor.py:208} INFO - Processing /opt/airflow/dags/02_xcom_dag.py took 0.078 seconds
[2026-09-08T04:42:07.881+0000] {processor.py:186} INFO - Started process (PID=381) to work on /opt/airflow/dags/02_xcom_dag.py
[2026-09-08T04:42:07.882+0000] {processor.py:914} INFO - Processing file /opt/airflow/dags/02_xcom_dag.py for tasks to queue
[2026-09-08T04:42:07.883+0000] {logging_mixin.py:190} INFO - [2026-09-08T04:42:07.883+0000] {dagbag.py:588} INFO - Filling up the DagBag from /opt/airflow/dags/02_xcom_dag.py
[2026-09-08T04:42:07.896+0000] {processor.py:925} INFO - DAG(s) 'xcom_dag' retrieved from /opt/airflow/dags/02_xcom_dag.py
[2026-09-08T04:42:07.919+0000] {logging_mixin.py:190} INFO - [2026-09-08T04:42:07.919+0000] {dag.py:3239} INFO - Sync 1 DAGs
[2026-09-08T04:42:07.931+0000] {logging_mixin.py:190} INFO - [2026-09-08T04:42:07.931+0000] {dag.py:4180} INFO - Setting next_dagrun for xcom_dag to None, run_after=None
[2026-09-08T04:42:07.958+0000] {processor.py:208} INFO - Processing /opt/airflow/dags/02_xcom_dag.py took 0.083 seconds
[2026-09-08T04:42:38.462+0000] {processor.py:186} INFO - Started process (PID=395) to work on /opt/airflow/dags/02_xcom_dag.py
[2026-09-08T04:42:38.463+0000] {processor.py:914} INFO - Processing file /opt/airflow/dags/02_xcom_dag.py for tasks to queue
[2026-09-08T04:42:38.464+0000] {logging_mixin.py:190} INFO - [2026-09-08T04:42:38.464+0000] {dagbag.py:588} INFO - Filling up the DagBag from /opt/airflow/dags/02_xcom_dag.py
[2026-09-08T04:42:38.476+0000] {processor.py:925} INFO - DAG(s) 'xcom_dag' retrieved from /opt/airflow/dags/02_xcom_dag.py
[2026-09-08T04:42:38.496+0000] {logging_mixin.py:190} INFO - [2026-09-08T04:42:38.496+0000] {dag.py:3239} INFO - Sync 1 DAGs
[2026-09-08T04:42:38.508+0000] {logging_mixin.py:190} INFO - [2026-09-08T04:42:38.508+0000] {dag.py:4180} INFO - Setting next_dagrun for xcom_dag to None, run_after=None
[2026-09-08T04:42:38.528+0000] {processor.py:208} INFO - Processing /opt/airflow/dags/02_xcom_dag.py took 0.070 seconds
[2026-09-08T04:43:09.009+0000] {processor.py:186} INFO - Started process (PID=409) to work on /opt/airflow/dags/02_xcom_dag.py
[2026-09-08T04:43:09.010+0000] {processor.py:914} INFO - Processing file /opt/airflow/dags/02_xcom_dag.py for tasks to queue
[2026-09-08T04:43:09.011+0000] {logging_mixin.py:190} INFO - [2026-09-08T04:43:09.011+0000] {dagbag.py:588} INFO - Filling up the DagBag from /opt/airflow/dags/02_xcom_dag.py
[2026-09-08T04:43:09.025+0000] {processor.py:925} INFO - DAG(s) 'xcom_dag' retrieved from /opt/airflow/dags/02_xcom_dag.py
[2026-09-08T04:43:09.047+0000] {logging_mixin.py:190} INFO - [2026-09-08T04:43:09.047+0000] {dag.py:3239} INFO - Sync 1 DAGs
[2026-09-08T04:43:09.060+0000] {logging_mixin.py:190} INFO - [2026-09-08T04:43:09.060+0000] {dag.py:4180} INFO - Setting next_dagrun for xcom_dag to None, run_after=None
[2026-09-08T04:43:09.081+0000] {processor.py:208} INFO - Processing /opt/airflow/dags/02_xcom_dag.py took 0.077 seconds
[2026-09-08T04:43:39.636+0000] {processor.py:186} INFO - Started process (PID=423) to work on /opt/airflow/dags/02_xcom_dag.py
[2026-09-08T04:43:39.636+0000] {processor.py:914} INFO - Processing file /opt/airflow/dags/02_xcom_dag.py for tasks to queue
[2026-09-08T04:43:39.638+0000] {logging_mixin.py:190} INFO - [2026-09-08T04:43:39.637+0000] {dagbag.py:588} INFO - Filling up the DagBag from /opt/airflow/dags/02_xcom_dag.py
[2026-09-08T04:43:39.654+0000] {processor.py:925} INFO - DAG(s) 'xcom_dag' retrieved from /opt/airflow/dags/02_xcom_dag.py
[2026-09-08T04:43:39.675+0000] {logging_mixin.py:190} INFO - [2026-09-08T04:43:39.675+0000] {dag.py:3239} INFO - Sync 1 DAGs
[2026-09-08T04:43:39.688+0000] {logging_mixin.py:190} INFO - [2026-09-08T04:43:39.688+0000] {dag.py:4180} INFO - Setting next_dagrun for xcom_dag to None, run_after=None
[2026-09-08T04:43:39.705+0000] {processor.py:208} INFO - Processing /opt/airflow/dags/02_xcom_dag.py took 0.074 seconds
[2026-09-08T04:44:10.174+0000] {processor.py:186} INFO - Started process (PID=437) to work on /opt/airflow/dags/02_xcom_dag.py
[2026-09-08T04:44:10.174+0000] {processor.py:914} INFO - Processing file /opt/airflow/dags/02_xcom_dag.py for tasks to queue
[2026-09-08T04:44:10.175+0000] {logging_mixin.py:190} INFO - [2026-09-08T04:44:10.175+0000] {dagbag.py:588} INFO - Filling up the DagBag from /opt/airflow/dags/02_xcom_dag.py
[2026-09-08T04:44:10.189+0000] {processor.py:925} INFO - DAG(s) 'xcom_dag' retrieved from /opt/airflow/dags/02_xcom_dag.py
[2026-09-08T04:44:10.210+0000] {logging_mixin.py:190} INFO - [2026-09-08T04:44:10.210+0000] {dag.py:3239} INFO - Sync 1 DAGs
[2026-09-08T04:44:10.223+0000] {logging_mixin.py:190} INFO - [2026-09-08T04:44:10.223+0000] {dag.py:4180} INFO - Setting next_dagrun for xcom_dag to None, run_after=None
[2026-09-08T04:44:10.242+0000] {processor.py:208} INFO - Processing /opt/airflow/dags/02_xcom_dag.py took 0.074 seconds
[2026-09-08T04:44:40.782+0000] {processor.py:186} INFO - Started process (PID=451) to work on /opt/airflow/dags/02_xcom_dag.py
[2026-09-08T04:44:40.783+0000] {processor.py:914} INFO - Processing file /opt/airflow/dags/02_xcom_dag.py for tasks to queue
[2026-09-08T04:44:40.784+0000] {logging_mixin.py:190} INFO - [2026-09-08T04:44:40.784+0000] {dagbag.py:588} INFO - Filling up the DagBag from /opt/airflow/dags/02_xcom_dag.py
[2026-09-08T04:44:40.799+0000] {processor.py:925} INFO - DAG(s) 'xcom_dag' retrieved from /opt/airflow/dags/02_xcom_dag.py
[2026-09-08T04:44:40.822+0000] {logging_mixin.py:190} INFO - [2026-09-08T04:44:40.821+0000] {dag.py:3239} INFO - Sync 1 DAGs
[2026-09-08T04:44:40.835+0000] {logging_mixin.py:190} INFO - [2026-09-08T04:44:40.835+0000] {dag.py:4180} INFO - Setting next_dagrun for xcom_dag to None, run_after=None
[2026-09-08T04:44:40.852+0000] {processor.py:208} INFO - Processing /opt/airflow/dags/02_xcom_dag.py took 0.077 seconds
[2026-09-08T04:45:11.259+0000] {processor.py:186} INFO - Started process (PID=465) to work on /opt/airflow/dags/02_xcom_dag.py
[2026-09-08T04:45:11.259+0000] {processor.py:914} INFO - Processing file /opt/airflow/dags/02_xcom_dag.py for tasks to queue
[2026-09-08T04:45:11.261+0000] {logging_mixin.py:190} INFO - [2026-09-08T04:45:11.260+0000] {dagbag.py:588} INFO - Filling up the DagBag from /opt/airflow/dags/02_xcom_dag.py
[2026-09-08T04:45:11.273+0000] {processor.py:925} INFO - DAG(s) 'xcom_dag' retrieved from /opt/airflow/dags/02_xcom_dag.py
[2026-09-08T04:45:11.298+0000] {logging_mixin.py:190} INFO - [2026-09-08T04:45:11.298+0000] {dag.py:3239} INFO - Sync 1 DAGs
[2026-09-08T04:45:11.312+0000] {logging_mixin.py:190} INFO - [2026-09-08T04:45:11.312+0000] {dag.py:4180} INFO - Setting next_dagrun for xcom_dag to None, run_after=None
[2026-09-08T04:45:11.336+0000] {processor.py:208} INFO - Processing /opt/airflow/dags/02_xcom_dag.py took 0.082 seconds
[2026-09-08T04:45:41.853+0000] {processor.py:186} INFO - Started process (PID=479) to work on /opt/airflow/dags/02_xcom_dag.py
[2026-09-08T04:45:41.854+0000] {processor.py:914} INFO - Processing file /opt/airflow/dags/02_xcom_dag.py for tasks to queue
[2026-09-08T04:45:41.855+0000] {logging_mixin.py:190} INFO - [2026-09-08T04:45:41.855+0000] {dagbag.py:588} INFO - Filling up the DagBag from /opt/airflow/dags/02_xcom_dag.py
[2026-09-08T04:45:41.869+0000] {processor.py:925} INFO - DAG(s) 'xcom_dag' retrieved from /opt/airflow/dags/02_xcom_dag.py
[2026-09-08T04:45:41.891+0000] {logging_mixin.py:190} INFO - [2026-09-08T04:45:41.891+0000] {dag.py:3239} INFO - Sync 1 DAGs
[2026-09-08T04:45:41.905+0000] {logging_mixin.py:190} INFO - [2026-09-08T04:45:41.904+0000] {dag.py:4180} INFO - Setting next_dagrun for xcom_dag to None, run_after=None
[2026-09-08T04:45:41.922+0000] {processor.py:208} INFO - Processing /opt/airflow/dags/02_xcom_dag.py took 0.073 seconds
[2026-09-08T04:46:12.438+0000] {processor.py:186} INFO - Started process (PID=493) to work on /opt/airflow/dags/02_xcom_dag.py
[2026-09-08T04:46:12.439+0000] {processor.py:914} INFO - Processing file /opt/airflow/dags/02_xcom_dag.py for tasks to queue
[2026-09-08T04:46:12.440+0000] {logging_mixin.py:190} INFO - [2026-09-08T04:46:12.440+0000] {dagbag.py:588} INFO - Filling up the DagBag from /opt/airflow/dags/02_xcom_dag.py
[2026-09-08T04:46:12.455+0000] {processor.py:925} INFO - DAG(s) 'xcom_dag' retrieved from /opt/airflow/dags/02_xcom_dag.py
[2026-09-08T04:46:12.475+0000] {logging_mixin.py:190} INFO - [2026-09-08T04:46:12.475+0000] {dag.py:3239} INFO - Sync 1 DAGs
[2026-09-08T04:46:12.489+0000] {logging_mixin.py:190} INFO - [2026-09-08T04:46:12.489+0000] {dag.py:4180} INFO - Setting next_dagrun for xcom_dag to None, run_after=None
[2026-09-08T04:46:12.507+0000] {processor.py:208} INFO - Processing /opt/airflow/dags/02_xcom_dag.py took 0.075 seconds
[2026-09-08T04:46:43.028+0000] {processor.py:186} INFO - Started process (PID=507) to work on /opt/airflow/dags/02_xcom_dag.py
[2026-09-08T04:46:43.029+0000] {processor.py:914} INFO - Processing file /opt/airflow/dags/02_xcom_dag.py for tasks to queue
[2026-09-08T04:46:43.030+0000] {logging_mixin.py:190} INFO - [2026-09-08T04:46:43.030+0000] {dagbag.py:588} INFO - Filling up the DagBag from /opt/airflow/dags/02_xcom_dag.py
[2026-09-08T04:46:43.043+0000] {processor.py:925} INFO - DAG(s) 'xcom_dag' retrieved from /opt/airflow/dags/02_xcom_dag.py
[2026-09-08T04:46:43.064+0000] {logging_mixin.py:190} INFO - [2026-09-08T04:46:43.064+0000] {dag.py:3239} INFO - Sync 1 DAGs
[2026-09-08T04:46:43.075+0000] {logging_mixin.py:190} INFO - [2026-09-08T04:46:43.075+0000] {dag.py:4180} INFO - Setting next_dagrun for xcom_dag to None, run_after=None
[2026-09-08T04:46:43.094+0000] {processor.py:208} INFO - Processing /opt/airflow/dags/02_xcom_dag.py took 0.072 seconds
[2026-09-08T04:47:13.682+0000] {processor.py:186} INFO - Started process (PID=521) to work on /opt/airflow/dags/02_xcom_dag.py
[2026-09-08T04:47:13.682+0000] {processor.py:914} INFO - Processing file /opt/airflow/dags/02_xcom_dag.py for tasks to queue
[2026-09-08T04:47:13.684+0000] {logging_mixin.py:190} INFO - [2026-09-08T04:47:13.683+0000] {dagbag.py:588} INFO - Filling up the DagBag from /opt/airflow/dags/02_xcom_dag.py
[2026-09-08T04:47:13.699+0000] {processor.py:925} INFO - DAG(s) 'xcom_dag' retrieved from /opt/airflow/dags/02_xcom_dag.py
[2026-09-08T04:47:13.722+0000] {logging_mixin.py:190} INFO - [2026-09-08T04:47:13.722+0000] {dag.py:3239} INFO - Sync 1 DAGs
[2026-09-08T04:47:13.737+0000] {logging_mixin.py:190} INFO - [2026-09-08T04:47:13.737+0000] {dag.py:4180} INFO - Setting next_dagrun for xcom_dag to None, run_after=None
[2026-09-08T04:47:13.756+0000] {processor.py:208} INFO - Processing /opt/airflow/dags/02_xcom_dag.py took 0.080 seconds
[2026-09-08T04:47:44.253+0000] {processor.py:186} INFO - Started process (PID=536) to work on /opt/airflow/dags/02_xcom_dag.py
[2026-09-08T04:47:44.257+0000] {processor.py:914} INFO - Processing file /opt/airflow/dags/02_xcom_dag.py for tasks to queue
[2026-09-08T04:47:44.272+0000] {logging_mixin.py:190} INFO - [2026-09-08T04:47:44.271+0000] {dagbag.py:588} INFO - Filling up the DagBag from /opt/airflow/dags/02_xcom_dag.py
[2026-09-08T04:47:44.361+0000] {processor.py:925} INFO - DAG(s) 'xcom_dag' retrieved from /opt/airflow/dags/02_xcom_dag.py
[2026-09-08T04:47:44.388+0000] {logging_mixin.py:190} INFO - [2026-09-08T04:47:44.388+0000] {dag.py:3239} INFO - Sync 1 DAGs
[2026-09-08T04:47:44.413+0000] {logging_mixin.py:190} INFO - [2026-09-08T04:47:44.413+0000] {dag.py:4180} INFO - Setting next_dagrun for xcom_dag to None, run_after=None
[2026-09-08T04:47:44.432+0000] {processor.py:208} INFO - Processing /opt/airflow/dags/02_xcom_dag.py took 0.186 seconds
[2026-09-08T04:48:15.058+0000] {processor.py:186} INFO - Started process (PID=550) to work on /opt/airflow/dags/02_xcom_dag.py
[2026-09-08T04:48:15.059+0000] {processor.py:914} INFO - Processing file /opt/airflow/dags/02_xcom_dag.py for tasks to queue
[2026-09-08T04:48:15.060+0000] {logging_mixin.py:190} INFO - [2026-09-08T04:48:15.059+0000] {dagbag.py:588} INFO - Filling up the DagBag from /opt/airflow/dags/02_xcom_dag.py
[2026-09-08T04:48:15.074+0000] {processor.py:925} INFO - DAG(s) 'xcom_dag' retrieved from /opt/airflow/dags/02_xcom_dag.py
[2026-09-08T04:48:15.099+0000] {logging_mixin.py:190} INFO - [2026-09-08T04:48:15.098+0000] {dag.py:3239} INFO - Sync 1 DAGs
[2026-09-08T04:48:15.112+0000] {logging_mixin.py:190} INFO - [2026-09-08T04:48:15.112+0000] {dag.py:4180} INFO - Setting next_dagrun for xcom_dag to None, run_after=None
[2026-09-08T04:48:15.130+0000] {processor.py:208} INFO - Processing /opt/airflow/dags/02_xcom_dag.py took 0.077 seconds
[2026-09-08T04:48:45.675+0000] {processor.py:186} INFO - Started process (PID=564) to work on /opt/airflow/dags/02_xcom_dag.py
[2026-09-08T04:48:45.676+0000] {processor.py:914} INFO - Processing file /opt/airflow/dags/02_xcom_dag.py for tasks to queue
[2026-09-08T04:48:45.678+0000] {logging_mixin.py:190} INFO - [2026-09-08T04:48:45.677+0000] {dagbag.py:588} INFO - Filling up the DagBag from /opt/airflow/dags/02_xcom_dag.py
[2026-09-08T04:48:45.695+0000] {processor.py:925} INFO - DAG(s) 'xcom_dag' retrieved from /opt/airflow/dags/02_xcom_dag.py
[2026-09-08T04:48:45.720+0000] {logging_mixin.py:190} INFO - [2026-09-08T04:48:45.720+0000] {dag.py:3239} INFO - Sync 1 DAGs
[2026-09-08T04:48:45.735+0000] {logging_mixin.py:190} INFO - [2026-09-08T04:48:45.734+0000] {dag.py:4180} INFO - Setting next_dagrun for xcom_dag to None, run_after=None
[2026-09-08T04:48:45.754+0000] {processor.py:208} INFO - Processing /opt/airflow/dags/02_xcom_dag.py took 0.084 seconds
[2026-09-08T04:49:16.153+0000] {processor.py:186} INFO - Started process (PID=578) to work on /opt/airflow/dags/02_xcom_dag.py
[2026-09-08T04:49:16.154+0000] {processor.py:914} INFO - Processing file /opt/airflow/dags/02_xcom_dag.py for tasks to queue
[2026-09-08T04:49:16.155+0000] {logging_mixin.py:190} INFO - [2026-09-08T04:49:16.155+0000] {dagbag.py:588} INFO - Filling up the DagBag from /opt/airflow/dags/02_xcom_dag.py
[2026-09-08T04:49:16.168+0000] {processor.py:925} INFO - DAG(s) 'xcom_dag' retrieved from /opt/airflow/dags/02_xcom_dag.py
[2026-09-08T04:49:16.190+0000] {logging_mixin.py:190} INFO - [2026-09-08T04:49:16.189+0000] {dag.py:3239} INFO - Sync 1 DAGs
[2026-09-08T04:49:16.202+0000] {logging_mixin.py:190} INFO - [2026-09-08T04:49:16.202+0000] {dag.py:4180} INFO - Setting next_dagrun for xcom_dag to None, run_after=None
[2026-09-08T04:49:16.219+0000] {processor.py:208} INFO - Processing /opt/airflow/dags/02_xcom_dag.py took 0.070 seconds
[2026-09-08T04:49:46.707+0000] {processor.py:186} INFO - Started process (PID=593) to work on /opt/airflow/dags/02_xcom_dag.py
[2026-09-08T04:49:46.708+0000] {processor.py:914} INFO - Processing file /opt/airflow/dags/02_xcom_dag.py for tasks to queue
[2026-09-08T04:49:46.709+0000] {logging_mixin.py:190} INFO - [2026-09-08T04:49:46.708+0000] {dagbag.py:588} INFO - Filling up the DagBag from /opt/airflow/dags/02_xcom_dag.py
[2026-09-08T04:49:46.724+0000] {processor.py:925} INFO - DAG(s) 'xcom_dag' retrieved from /opt/airflow/dags/02_xcom_dag.py
[2026-09-08T04:49:46.745+0000] {logging_mixin.py:190} INFO - [2026-09-08T04:49:46.745+0000] {dag.py:3239} INFO - Sync 1 DAGs
[2026-09-08T04:49:46.758+0000] {logging_mixin.py:190} INFO - [2026-09-08T04:49:46.758+0000] {dag.py:4180} INFO - Setting next_dagrun for xcom_dag to None, run_after=None
[2026-09-08T04:49:46.776+0000] {processor.py:208} INFO - Processing /opt/airflow/dags/02_xcom_dag.py took 0.075 seconds
[2026-09-08T04:50:17.351+0000] {processor.py:186} INFO - Started process (PID=607) to work on /opt/airflow/dags/02_xcom_dag.py
[2026-09-08T04:50:17.352+0000] {processor.py:914} INFO - Processing file /opt/airflow/dags/02_xcom_dag.py for tasks to queue
[2026-09-08T04:50:17.353+0000] {logging_mixin.py:190} INFO - [2026-09-08T04:50:17.353+0000] {dagbag.py:588} INFO - Filling up the DagBag from /opt/airflow/dags/02_xcom_dag.py
[2026-09-08T04:50:17.370+0000] {processor.py:925} INFO - DAG(s) 'xcom_dag' retrieved from /opt/airflow/dags/02_xcom_dag.py
[2026-09-08T04:50:17.401+0000] {logging_mixin.py:190} INFO - [2026-09-08T04:50:17.401+0000] {dag.py:3239} INFO - Sync 1 DAGs
[2026-09-08T04:50:17.417+0000] {logging_mixin.py:190} INFO - [2026-09-08T04:50:17.417+0000] {dag.py:4180} INFO - Setting next_dagrun for xcom_dag to None, run_after=None
[2026-09-08T04:50:17.437+0000] {processor.py:208} INFO - Processing /opt/airflow/dags/02_xcom_dag.py took 0.093 seconds
[2026-09-08T04:50:48.073+0000] {processor.py:186} INFO - Started process (PID=621) to work on /opt/airflow/dags/02_xcom_dag.py
[2026-09-08T04:50:48.073+0000] {processor.py:914} INFO - Processing file /opt/airflow/dags/02_xcom_dag.py for tasks to queue
[2026-09-08T04:50:48.075+0000] {logging_mixin.py:190} INFO - [2026-09-08T04:50:48.074+0000] {dagbag.py:588} INFO - Filling up the DagBag from /opt/airflow/dags/02_xcom_dag.py
[2026-09-08T04:50:48.088+0000] {processor.py:925} INFO - DAG(s) 'xcom_dag' retrieved from /opt/airflow/dags/02_xcom_dag.py
[2026-09-08T04:50:48.110+0000] {logging_mixin.py:190} INFO - [2026-09-08T04:50:48.110+0000] {dag.py:3239} INFO - Sync 1 DAGs
[2026-09-08T04:50:48.124+0000] {logging_mixin.py:190} INFO - [2026-09-08T04:50:48.124+0000] {dag.py:4180} INFO - Setting next_dagrun for xcom_dag to None, run_after=None
[2026-09-08T04:50:48.141+0000] {processor.py:208} INFO - Processing /opt/airflow/dags/02_xcom_dag.py took 0.074 seconds
[2026-09-08T04:51:18.632+0000] {processor.py:186} INFO - Started process (PID=635) to work on /opt/airflow/dags/02_xcom_dag.py
[2026-09-08T04:51:18.632+0000] {processor.py:914} INFO - Processing file /opt/airflow/dags/02_xcom_dag.py for tasks to queue
[2026-09-08T04:51:18.633+0000] {logging_mixin.py:190} INFO - [2026-09-08T04:51:18.633+0000] {dagbag.py:588} INFO - Filling up the DagBag from /opt/airflow/dags/02_xcom_dag.py
[2026-09-08T04:51:18.652+0000] {processor.py:925} INFO - DAG(s) 'xcom_dag' retrieved from /opt/airflow/dags/02_xcom_dag.py
[2026-09-08T04:51:18.681+0000] {logging_mixin.py:190} INFO - [2026-09-08T04:51:18.681+0000] {dag.py:3239} INFO - Sync 1 DAGs
[2026-09-08T04:51:18.698+0000] {logging_mixin.py:190} INFO - [2026-09-08T04:51:18.698+0000] {dag.py:4180} INFO - Setting next_dagrun for xcom_dag to None, run_after=None
[2026-09-08T04:51:18.722+0000] {processor.py:208} INFO - Processing /opt/airflow/dags/02_xcom_dag.py took 0.098 seconds
[2026-09-08T04:51:49.217+0000] {processor.py:186} INFO - Started process (PID=649) to work on /opt/airflow/dags/02_xcom_dag.py
[2026-09-08T04:51:49.218+0000] {processor.py:914} INFO - Processing file /opt/airflow/dags/02_xcom_dag.py for tasks to queue
[2026-09-08T04:51:49.219+0000] {logging_mixin.py:190} INFO - [2026-09-08T04:51:49.219+0000] {dagbag.py:588} INFO - Filling up the DagBag from /opt/airflow/dags/02_xcom_dag.py
[2026-09-08T04:51:49.234+0000] {processor.py:925} INFO - DAG(s) 'xcom_dag' retrieved from /opt/airflow/dags/02_xcom_dag.py
[2026-09-08T04:51:49.261+0000] {logging_mixin.py:190} INFO - [2026-09-08T04:51:49.261+0000] {dag.py:3239} INFO - Sync 1 DAGs
[2026-09-08T04:51:49.276+0000] {logging_mixin.py:190} INFO - [2026-09-08T04:51:49.276+0000] {dag.py:4180} INFO - Setting next_dagrun for xcom_dag to None, run_after=None
[2026-09-08T04:51:49.294+0000] {processor.py:208} INFO - Processing /opt/airflow/dags/02_xcom_dag.py took 0.084 seconds
[2026-09-08T04:52:19.760+0000] {processor.py:186} INFO - Started process (PID=663) to work on /opt/airflow/dags/02_xcom_dag.py
[2026-09-08T04:52:19.760+0000] {processor.py:914} INFO - Processing file /opt/airflow/dags/02_xcom_dag.py for tasks to queue
[2026-09-08T04:52:19.762+0000] {logging_mixin.py:190} INFO - [2026-09-08T04:52:19.761+0000] {dagbag.py:588} INFO - Filling up the DagBag from /opt/airflow/dags/02_xcom_dag.py
[2026-09-08T04:52:19.773+0000] {processor.py:925} INFO - DAG(s) 'xcom_dag' retrieved from /opt/airflow/dags/02_xcom_dag.py
[2026-09-08T04:52:19.794+0000] {logging_mixin.py:190} INFO - [2026-09-08T04:52:19.794+0000] {dag.py:3239} INFO - Sync 1 DAGs
[2026-09-08T04:52:19.807+0000] {logging_mixin.py:190} INFO - [2026-09-08T04:52:19.807+0000] {dag.py:4180} INFO - Setting next_dagrun for xcom_dag to None, run_after=None
[2026-09-08T04:52:19.823+0000] {processor.py:208} INFO - Processing /opt/airflow/dags/02_xcom_dag.py took 0.069 seconds
[2026-09-08T04:52:50.341+0000] {processor.py:186} INFO - Started process (PID=677) to work on /opt/airflow/dags/02_xcom_dag.py
[2026-09-08T04:52:50.342+0000] {processor.py:914} INFO - Processing file /opt/airflow/dags/02_xcom_dag.py for tasks to queue
[2026-09-08T04:52:50.343+0000] {logging_mixin.py:190} INFO - [2026-09-08T04:52:50.343+0000] {dagbag.py:588} INFO - Filling up the DagBag from /opt/airflow/dags/02_xcom_dag.py
[2026-09-08T04:52:50.357+0000] {processor.py:925} INFO - DAG(s) 'xcom_dag' retrieved from /opt/airflow/dags/02_xcom_dag.py
[2026-09-08T04:52:50.379+0000] {logging_mixin.py:190} INFO - [2026-09-08T04:52:50.379+0000] {dag.py:3239} INFO - Sync 1 DAGs
[2026-09-08T04:52:50.394+0000] {logging_mixin.py:190} INFO - [2026-09-08T04:52:50.394+0000] {dag.py:4180} INFO - Setting next_dagrun for xcom_dag to None, run_after=None
[2026-09-08T04:52:50.413+0000] {processor.py:208} INFO - Processing /opt/airflow/dags/02_xcom_dag.py took 0.077 seconds
[2026-09-08T04:53:20.900+0000] {processor.py:186} INFO - Started process (PID=691) to work on /opt/airflow/dags/02_xcom_dag.py
[2026-09-08T04:53:20.900+0000] {processor.py:914} INFO - Processing file /opt/airflow/dags/02_xcom_dag.py for tasks to queue
[2026-09-08T04:53:20.902+0000] {logging_mixin.py:190} INFO - [2026-09-08T04:53:20.901+0000] {dagbag.py:588} INFO - Filling up the DagBag from /opt/airflow/dags/02_xcom_dag.py
[2026-09-08T04:53:20.915+0000] {processor.py:925} INFO - DAG(s) 'xcom_dag' retrieved from /opt/airflow/dags/02_xcom_dag.py
[2026-09-08T04:53:20.939+0000] {logging_mixin.py:190} INFO - [2026-09-08T04:53:20.939+0000] {dag.py:3239} INFO - Sync 1 DAGs
[2026-09-08T04:53:20.950+0000] {logging_mixin.py:190} INFO - [2026-09-08T04:53:20.950+0000] {dag.py:4180} INFO - Setting next_dagrun for xcom_dag to None, run_after=None
[2026-09-08T04:53:20.968+0000] {processor.py:208} INFO - Processing /opt/airflow/dags/02_xcom_dag.py took 0.074 seconds
[2026-09-08T04:53:51.608+0000] {processor.py:186} INFO - Started process (PID=705) to work on /opt/airflow/dags/02_xcom_dag.py
[2026-09-08T04:53:51.611+0000] {processor.py:914} INFO - Processing file /opt/airflow/dags/02_xcom_dag.py for tasks to queue
[2026-09-08T04:53:51.613+0000] {logging_mixin.py:190} INFO - [2026-09-08T04:53:51.613+0000] {dagbag.py:588} INFO - Filling up the DagBag from /opt/airflow/dags/02_xcom_dag.py
[2026-09-08T04:53:51.629+0000] {processor.py:925} INFO - DAG(s) 'xcom_dag' retrieved from /opt/airflow/dags/02_xcom_dag.py
[2026-09-08T04:53:51.652+0000] {logging_mixin.py:190} INFO - [2026-09-08T04:53:51.652+0000] {dag.py:3239} INFO - Sync 1 DAGs
[2026-09-08T04:53:51.665+0000] {logging_mixin.py:190} INFO - [2026-09-08T04:53:51.664+0000] {dag.py:4180} INFO - Setting next_dagrun for xcom_dag to None, run_after=None
[2026-09-08T04:53:51.685+0000] {processor.py:208} INFO - Processing /opt/airflow/dags/02_xcom_dag.py took 0.086 seconds
[2026-09-08T04:54:22.180+0000] {processor.py:186} INFO - Started process (PID=719) to work on /opt/airflow/dags/02_xcom_dag.py
[2026-09-08T04:54:22.181+0000] {processor.py:914} INFO - Processing file /opt/airflow/dags/02_xcom_dag.py for tasks to queue
[2026-09-08T04:54:22.183+0000] {logging_mixin.py:190} INFO - [2026-09-08T04:54:22.182+0000] {dagbag.py:588} INFO - Filling up the DagBag from /opt/airflow/dags/02_xcom_dag.py
[2026-09-08T04:54:22.202+0000] {processor.py:925} INFO - DAG(s) 'xcom_dag' retrieved from /opt/airflow/dags/02_xcom_dag.py
[2026-09-08T04:54:22.238+0000] {logging_mixin.py:190} INFO - [2026-09-08T04:54:22.238+0000] {dag.py:3239} INFO - Sync 1 DAGs
[2026-09-08T04:54:22.259+0000] {logging_mixin.py:190} INFO - [2026-09-08T04:54:22.259+0000] {dag.py:4180} INFO - Setting next_dagrun for xcom_dag to None, run_after=None
[2026-09-08T04:54:22.286+0000] {processor.py:208} INFO - Processing /opt/airflow/dags/02_xcom_dag.py took 0.112 seconds
[2026-09-08T04:54:52.717+0000] {processor.py:186} INFO - Started process (PID=733) to work on /opt/airflow/dags/02_xcom_dag.py
[2026-09-08T04:54:52.717+0000] {processor.py:914} INFO - Processing file /opt/airflow/dags/02_xcom_dag.py for tasks to queue
[2026-09-08T04:54:52.719+0000] {logging_mixin.py:190} INFO - [2026-09-08T04:54:52.718+0000] {dagbag.py:588} INFO - Filling up the DagBag from /opt/airflow/dags/02_xcom_dag.py
[2026-09-08T04:54:52.737+0000] {processor.py:925} INFO - DAG(s) 'xcom_dag' retrieved from /opt/airflow/dags/02_xcom_dag.py
[2026-09-08T04:54:52.759+0000] {logging_mixin.py:190} INFO - [2026-09-08T04:54:52.758+0000] {dag.py:3239} INFO - Sync 1 DAGs
[2026-09-08T04:54:52.772+0000] {logging_mixin.py:190} INFO - [2026-09-08T04:54:52.771+0000] {dag.py:4180} INFO - Setting next_dagrun for xcom_dag to None, run_after=None
[2026-09-08T04:54:52.794+0000] {processor.py:208} INFO - Processing /opt/airflow/dags/02_xcom_dag.py took 0.082 seconds
[2026-09-08T04:55:23.276+0000] {processor.py:186} INFO - Started process (PID=747) to work on /opt/airflow/dags/02_xcom_dag.py
[2026-09-08T04:55:23.277+0000] {processor.py:914} INFO - Processing file /opt/airflow/dags/02_xcom_dag.py for tasks to queue
[2026-09-08T04:55:23.278+0000] {logging_mixin.py:190} INFO - [2026-09-08T04:55:23.277+0000] {dagbag.py:588} INFO - Filling up the DagBag from /opt/airflow/dags/02_xcom_dag.py
[2026-09-08T04:55:23.290+0000] {processor.py:925} INFO - DAG(s) 'xcom_dag' retrieved from /opt/airflow/dags/02_xcom_dag.py
[2026-09-08T04:55:23.313+0000] {logging_mixin.py:190} INFO - [2026-09-08T04:55:23.312+0000] {dag.py:3239} INFO - Sync 1 DAGs
[2026-09-08T04:55:23.325+0000] {logging_mixin.py:190} INFO - [2026-09-08T04:55:23.324+0000] {dag.py:4180} INFO - Setting next_dagrun for xcom_dag to None, run_after=None
[2026-09-08T04:55:23.341+0000] {processor.py:208} INFO - Processing /opt/airflow/dags/02_xcom_dag.py took 0.071 seconds
[2026-09-08T04:55:53.842+0000] {processor.py:186} INFO - Started process (PID=761) to work on /opt/airflow/dags/02_xcom_dag.py
[2026-09-08T04:55:53.843+0000] {processor.py:914} INFO - Processing file /opt/airflow/dags/02_xcom_dag.py for tasks to queue
[2026-09-08T04:55:53.844+0000] {logging_mixin.py:190} INFO - [2026-09-08T04:55:53.844+0000] {dagbag.py:588} INFO - Filling up the DagBag from /opt/airflow/dags/02_xcom_dag.py
[2026-09-08T04:55:53.861+0000] {processor.py:925} INFO - DAG(s) 'xcom_dag' retrieved from /opt/airflow/dags/02_xcom_dag.py
[2026-09-08T04:55:53.886+0000] {logging_mixin.py:190} INFO - [2026-09-08T04:55:53.886+0000] {dag.py:3239} INFO - Sync 1 DAGs
[2026-09-08T04:55:53.904+0000] {logging_mixin.py:190} INFO - [2026-09-08T04:55:53.904+0000] {dag.py:4180} INFO - Setting next_dagrun for xcom_dag to None, run_after=None
[2026-09-08T04:55:53.926+0000] {processor.py:208} INFO - Processing /opt/airflow/dags/02_xcom_dag.py took 0.091 seconds
[2026-09-08T04:56:24.382+0000] {processor.py:186} INFO - Started process (PID=773) to work on /opt/airflow/dags/02_xcom_dag.py
[2026-09-08T04:56:24.382+0000] {processor.py:914} INFO - Processing file /opt/airflow/dags/02_xcom_dag.py for tasks to queue
[2026-09-08T04:56:24.383+0000] {logging_mixin.py:190} INFO - [2026-09-08T04:56:24.383+0000] {dagbag.py:588} INFO - Filling up the DagBag from /opt/airflow/dags/02_xcom_dag.py
[2026-09-08T04:56:24.398+0000] {processor.py:925} INFO - DAG(s) 'xcom_dag' retrieved from /opt/airflow/dags/02_xcom_dag.py
[2026-09-08T04:56:24.420+0000] {logging_mixin.py:190} INFO - [2026-09-08T04:56:24.420+0000] {dag.py:3239} INFO - Sync 1 DAGs
[2026-09-08T04:56:24.434+0000] {logging_mixin.py:190} INFO - [2026-09-08T04:56:24.434+0000] {dag.py:4180} INFO - Setting next_dagrun for xcom_dag to None, run_after=None
[2026-09-08T04:56:24.455+0000] {processor.py:208} INFO - Processing /opt/airflow/dags/02_xcom_dag.py took 0.079 seconds
[2026-09-08T04:56:54.885+0000] {processor.py:186} INFO - Started process (PID=785) to work on /opt/airflow/dags/02_xcom_dag.py
[2026-09-08T04:56:54.886+0000] {processor.py:914} INFO - Processing file /opt/airflow/dags/02_xcom_dag.py for tasks to queue
[2026-09-08T04:56:54.888+0000] {logging_mixin.py:190} INFO - [2026-09-08T04:56:54.887+0000] {dagbag.py:588} INFO - Filling up the DagBag from /opt/airflow/dags/02_xcom_dag.py
[2026-09-08T04:56:54.904+0000] {processor.py:925} INFO - DAG(s) 'xcom_dag' retrieved from /opt/airflow/dags/02_xcom_dag.py
[2026-09-08T04:56:54.927+0000] {logging_mixin.py:190} INFO - [2026-09-08T04:56:54.926+0000] {dag.py:3239} INFO - Sync 1 DAGs
[2026-09-08T04:56:54.941+0000] {logging_mixin.py:190} INFO - [2026-09-08T04:56:54.940+0000] {dag.py:4180} INFO - Setting next_dagrun for xcom_dag to None, run_after=None
[2026-09-08T04:56:54.960+0000] {processor.py:208} INFO - Processing /opt/airflow/dags/02_xcom_dag.py took 0.081 seconds
[2026-09-08T04:57:25.630+0000] {processor.py:186} INFO - Started process (PID=799) to work on /opt/airflow/dags/02_xcom_dag.py
[2026-09-08T04:57:25.632+0000] {processor.py:914} INFO - Processing file /opt/airflow/dags/02_xcom_dag.py for tasks to queue
[2026-09-08T04:57:25.634+0000] {logging_mixin.py:190} INFO - [2026-09-08T04:57:25.633+0000] {dagbag.py:588} INFO - Filling up the DagBag from /opt/airflow/dags/02_xcom_dag.py
[2026-09-08T04:57:25.655+0000] {processor.py:925} INFO - DAG(s) 'xcom_dag' retrieved from /opt/airflow/dags/02_xcom_dag.py
[2026-09-08T04:57:25.687+0000] {logging_mixin.py:190} INFO - [2026-09-08T04:57:25.687+0000] {dag.py:3239} INFO - Sync 1 DAGs
[2026-09-08T04:57:25.700+0000] {logging_mixin.py:190} INFO - [2026-09-08T04:57:25.700+0000] {dag.py:4180} INFO - Setting next_dagrun for xcom_dag to None, run_after=None
[2026-09-08T04:57:25.725+0000] {processor.py:208} INFO - Processing /opt/airflow/dags/02_xcom_dag.py took 0.100 seconds
[2026-09-08T04:57:56.452+0000] {processor.py:186} INFO - Started process (PID=819) to work on /opt/airflow/dags/02_xcom_dag.py
[2026-09-08T04:57:56.452+0000] {processor.py:914} INFO - Processing file /opt/airflow/dags/02_xcom_dag.py for tasks to queue
[2026-09-08T04:57:56.454+0000] {logging_mixin.py:190} INFO - [2026-09-08T04:57:56.453+0000] {dagbag.py:588} INFO - Filling up the DagBag from /opt/airflow/dags/02_xcom_dag.py
[2026-09-08T04:57:56.468+0000] {processor.py:925} INFO - DAG(s) 'xcom_dag' retrieved from /opt/airflow/dags/02_xcom_dag.py
[2026-09-08T04:57:56.489+0000] {logging_mixin.py:190} INFO - [2026-09-08T04:57:56.489+0000] {dag.py:3239} INFO - Sync 1 DAGs
[2026-09-08T04:57:56.502+0000] {logging_mixin.py:190} INFO - [2026-09-08T04:57:56.502+0000] {dag.py:4180} INFO - Setting next_dagrun for xcom_dag to None, run_after=None
[2026-09-08T04:57:56.522+0000] {processor.py:208} INFO - Processing /opt/airflow/dags/02_xcom_dag.py took 0.078 seconds
[2026-09-08T04:58:27.193+0000] {processor.py:186} INFO - Started process (PID=833) to work on /opt/airflow/dags/02_xcom_dag.py
[2026-09-08T04:58:27.193+0000] {processor.py:914} INFO - Processing file /opt/airflow/dags/02_xcom_dag.py for tasks to queue
[2026-09-08T04:58:27.194+0000] {logging_mixin.py:190} INFO - [2026-09-08T04:58:27.194+0000] {dagbag.py:588} INFO - Filling up the DagBag from /opt/airflow/dags/02_xcom_dag.py
[2026-09-08T04:58:27.208+0000] {processor.py:925} INFO - DAG(s) 'xcom_dag' retrieved from /opt/airflow/dags/02_xcom_dag.py
[2026-09-08T04:58:27.230+0000] {logging_mixin.py:190} INFO - [2026-09-08T04:58:27.229+0000] {dag.py:3239} INFO - Sync 1 DAGs
[2026-09-08T04:58:27.242+0000] {logging_mixin.py:190} INFO - [2026-09-08T04:58:27.242+0000] {dag.py:4180} INFO - Setting next_dagrun for xcom_dag to None, run_after=None
[2026-09-08T04:58:27.260+0000] {processor.py:208} INFO - Processing /opt/airflow/dags/02_xcom_dag.py took 0.072 seconds
[2026-09-08T04:58:57.879+0000] {processor.py:186} INFO - Started process (PID=847) to work on /opt/airflow/dags/02_xcom_dag.py
[2026-09-08T04:58:57.879+0000] {processor.py:914} INFO - Processing file /opt/airflow/dags/02_xcom_dag.py for tasks to queue
[2026-09-08T04:58:57.881+0000] {logging_mixin.py:190} INFO - [2026-09-08T04:58:57.880+0000] {dagbag.py:588} INFO - Filling up the DagBag from /opt/airflow/dags/02_xcom_dag.py
[2026-09-08T04:58:57.896+0000] {processor.py:925} INFO - DAG(s) 'xcom_dag' retrieved from /opt/airflow/dags/02_xcom_dag.py
[2026-09-08T04:58:57.919+0000] {logging_mixin.py:190} INFO - [2026-09-08T04:58:57.919+0000] {dag.py:3239} INFO - Sync 1 DAGs
[2026-09-08T04:58:57.931+0000] {logging_mixin.py:190} INFO - [2026-09-08T04:58:57.931+0000] {dag.py:4180} INFO - Setting next_dagrun for xcom_dag to None, run_after=None
[2026-09-08T04:58:57.950+0000] {processor.py:208} INFO - Processing /opt/airflow/dags/02_xcom_dag.py took 0.077 seconds
[2026-09-08T04:59:28.646+0000] {processor.py:186} INFO - Started process (PID=860) to work on /opt/airflow/dags/02_xcom_dag.py
[2026-09-08T04:59:28.647+0000] {processor.py:914} INFO - Processing file /opt/airflow/dags/02_xcom_dag.py for tasks to queue
[2026-09-08T04:59:28.648+0000] {logging_mixin.py:190} INFO - [2026-09-08T04:59:28.647+0000] {dagbag.py:588} INFO - Filling up the DagBag from /opt/airflow/dags/02_xcom_dag.py
[2026-09-08T04:59:28.661+0000] {processor.py:925} INFO - DAG(s) 'xcom_dag' retrieved from /opt/airflow/dags/02_xcom_dag.py
[2026-09-08T04:59:28.682+0000] {logging_mixin.py:190} INFO - [2026-09-08T04:59:28.682+0000] {dag.py:3239} INFO - Sync 1 DAGs
[2026-09-08T04:59:28.697+0000] {logging_mixin.py:190} INFO - [2026-09-08T04:59:28.696+0000] {dag.py:4180} INFO - Setting next_dagrun for xcom_dag to None, run_after=None
[2026-09-08T04:59:28.736+0000] {processor.py:208} INFO - Processing /opt/airflow/dags/02_xcom_dag.py took 0.094 seconds
[2026-09-08T04:59:59.382+0000] {processor.py:186} INFO - Started process (PID=874) to work on /opt/airflow/dags/02_xcom_dag.py
[2026-09-08T04:59:59.383+0000] {processor.py:914} INFO - Processing file /opt/airflow/dags/02_xcom_dag.py for tasks to queue
[2026-09-08T04:59:59.384+0000] {logging_mixin.py:190} INFO - [2026-09-08T04:59:59.384+0000] {dagbag.py:588} INFO - Filling up the DagBag from /opt/airflow/dags/02_xcom_dag.py
[2026-09-08T04:59:59.402+0000] {processor.py:925} INFO - DAG(s) 'xcom_dag' retrieved from /opt/airflow/dags/02_xcom_dag.py
[2026-09-08T04:59:59.432+0000] {logging_mixin.py:190} INFO - [2026-09-08T04:59:59.431+0000] {dag.py:3239} INFO - Sync 1 DAGs
[2026-09-08T04:59:59.446+0000] {logging_mixin.py:190} INFO - [2026-09-08T04:59:59.445+0000] {dag.py:4180} INFO - Setting next_dagrun for xcom_dag to None, run_after=None
[2026-09-08T04:59:59.467+0000] {processor.py:208} INFO - Processing /opt/airflow/dags/02_xcom_dag.py took 0.089 seconds
[2026-09-08T05:00:30.188+0000] {processor.py:186} INFO - Started process (PID=888) to work on /opt/airflow/dags/02_xcom_dag.py
[2026-09-08T05:00:30.189+0000] {processor.py:914} INFO - Processing file /opt/airflow/dags/02_xcom_dag.py for tasks to queue
[2026-09-08T05:00:30.190+0000] {logging_mixin.py:190} INFO - [2026-09-08T05:00:30.190+0000] {dagbag.py:588} INFO - Filling up the DagBag from /opt/airflow/dags/02_xcom_dag.py
[2026-09-08T05:00:30.208+0000] {processor.py:925} INFO - DAG(s) 'xcom_dag' retrieved from /opt/airflow/dags/02_xcom_dag.py
[2026-09-08T05:00:30.234+0000] {logging_mixin.py:190} INFO - [2026-09-08T05:00:30.234+0000] {dag.py:3239} INFO - Sync 1 DAGs
[2026-09-08T05:00:30.251+0000] {logging_mixin.py:190} INFO - [2026-09-08T05:00:30.251+0000] {dag.py:4180} INFO - Setting next_dagrun for xcom_dag to None, run_after=None
[2026-09-08T05:00:30.270+0000] {processor.py:208} INFO - Processing /opt/airflow/dags/02_xcom_dag.py took 0.088 seconds
[2026-09-08T05:01:00.946+0000] {processor.py:186} INFO - Started process (PID=902) to work on /opt/airflow/dags/02_xcom_dag.py
[2026-09-08T05:01:00.947+0000] {processor.py:914} INFO - Processing file /opt/airflow/dags/02_xcom_dag.py for tasks to queue
[2026-09-08T05:01:00.948+0000] {logging_mixin.py:190} INFO - [2026-09-08T05:01:00.947+0000] {dagbag.py:588} INFO - Filling up the DagBag from /opt/airflow/dags/02_xcom_dag.py
[2026-09-08T05:01:00.962+0000] {processor.py:925} INFO - DAG(s) 'xcom_dag' retrieved from /opt/airflow/dags/02_xcom_dag.py
[2026-09-08T05:01:00.993+0000] {logging_mixin.py:190} INFO - [2026-09-08T05:01:00.992+0000] {dag.py:3239} INFO - Sync 1 DAGs
[2026-09-08T05:01:01.007+0000] {logging_mixin.py:190} INFO - [2026-09-08T05:01:01.006+0000] {dag.py:4180} INFO - Setting next_dagrun for xcom_dag to None, run_after=None
[2026-09-08T05:01:01.025+0000] {processor.py:208} INFO - Processing /opt/airflow/dags/02_xcom_dag.py took 0.084 seconds
[2026-09-08T05:01:31.537+0000] {processor.py:186} INFO - Started process (PID=916) to work on /opt/airflow/dags/02_xcom_dag.py
[2026-09-08T05:01:31.537+0000] {processor.py:914} INFO - Processing file /opt/airflow/dags/02_xcom_dag.py for tasks to queue
[2026-09-08T05:01:31.539+0000] {logging_mixin.py:190} INFO - [2026-09-08T05:01:31.538+0000] {dagbag.py:588} INFO - Filling up the DagBag from /opt/airflow/dags/02_xcom_dag.py
[2026-09-08T05:01:31.551+0000] {processor.py:925} INFO - DAG(s) 'xcom_dag' retrieved from /opt/airflow/dags/02_xcom_dag.py
[2026-09-08T05:01:31.572+0000] {logging_mixin.py:190} INFO - [2026-09-08T05:01:31.572+0000] {dag.py:3239} INFO - Sync 1 DAGs
[2026-09-08T05:01:31.585+0000] {logging_mixin.py:190} INFO - [2026-09-08T05:01:31.585+0000] {dag.py:4180} INFO - Setting next_dagrun for xcom_dag to None, run_after=None
[2026-09-08T05:01:31.601+0000] {processor.py:208} INFO - Processing /opt/airflow/dags/02_xcom_dag.py took 0.070 seconds
[2026-09-08T05:02:02.331+0000] {processor.py:186} INFO - Started process (PID=930) to work on /opt/airflow/dags/02_xcom_dag.py
[2026-09-08T05:02:02.332+0000] {processor.py:914} INFO - Processing file /opt/airflow/dags/02_xcom_dag.py for tasks to queue
[2026-09-08T05:02:02.333+0000] {logging_mixin.py:190} INFO - [2026-09-08T05:02:02.333+0000] {dagbag.py:588} INFO - Filling up the DagBag from /opt/airflow/dags/02_xcom_dag.py
[2026-09-08T05:02:02.351+0000] {processor.py:925} INFO - DAG(s) 'xcom_dag' retrieved from /opt/airflow/dags/02_xcom_dag.py
[2026-09-08T05:02:02.377+0000] {logging_mixin.py:190} INFO - [2026-09-08T05:02:02.376+0000] {dag.py:3239} INFO - Sync 1 DAGs
[2026-09-08T05:02:02.390+0000] {logging_mixin.py:190} INFO - [2026-09-08T05:02:02.390+0000] {dag.py:4180} INFO - Setting next_dagrun for xcom_dag to None, run_after=None
[2026-09-08T05:02:02.411+0000] {processor.py:208} INFO - Processing /opt/airflow/dags/02_xcom_dag.py took 0.088 seconds
[2026-09-08T05:02:33.089+0000] {processor.py:186} INFO - Started process (PID=944) to work on /opt/airflow/dags/02_xcom_dag.py
[2026-09-08T05:02:33.089+0000] {processor.py:914} INFO - Processing file /opt/airflow/dags/02_xcom_dag.py for tasks to queue
[2026-09-08T05:02:33.090+0000] {logging_mixin.py:190} INFO - [2026-09-08T05:02:33.090+0000] {dagbag.py:588} INFO - Filling up the DagBag from /opt/airflow/dags/02_xcom_dag.py
[2026-09-08T05:02:33.107+0000] {processor.py:925} INFO - DAG(s) 'xcom_dag' retrieved from /opt/airflow/dags/02_xcom_dag.py
[2026-09-08T05:02:33.133+0000] {logging_mixin.py:190} INFO - [2026-09-08T05:02:33.133+0000] {dag.py:3239} INFO - Sync 1 DAGs
[2026-09-08T05:02:33.147+0000] {logging_mixin.py:190} INFO - [2026-09-08T05:02:33.147+0000] {dag.py:4180} INFO - Setting next_dagrun for xcom_dag to None, run_after=None
[2026-09-08T05:02:33.169+0000] {processor.py:208} INFO - Processing /opt/airflow/dags/02_xcom_dag.py took 0.085 seconds
[2026-09-08T05:03:03.851+0000] {processor.py:186} INFO - Started process (PID=958) to work on /opt/airflow/dags/02_xcom_dag.py
[2026-09-08T05:03:03.851+0000] {processor.py:914} INFO - Processing file /opt/airflow/dags/02_xcom_dag.py for tasks to queue
[2026-09-08T05:03:03.853+0000] {logging_mixin.py:190} INFO - [2026-09-08T05:03:03.852+0000] {dagbag.py:588} INFO - Filling up the DagBag from /opt/airflow/dags/02_xcom_dag.py
[2026-09-08T05:03:03.866+0000] {processor.py:925} INFO - DAG(s) 'xcom_dag' retrieved from /opt/airflow/dags/02_xcom_dag.py
[2026-09-08T05:03:03.887+0000] {logging_mixin.py:190} INFO - [2026-09-08T05:03:03.887+0000] {dag.py:3239} INFO - Sync 1 DAGs
[2026-09-08T05:03:03.902+0000] {logging_mixin.py:190} INFO - [2026-09-08T05:03:03.901+0000] {dag.py:4180} INFO - Setting next_dagrun for xcom_dag to None, run_after=None
[2026-09-08T05:03:03.920+0000] {processor.py:208} INFO - Processing /opt/airflow/dags/02_xcom_dag.py took 0.075 seconds
[2026-09-08T05:03:34.650+0000] {processor.py:186} INFO - Started process (PID=971) to work on /opt/airflow/dags/02_xcom_dag.py
[2026-09-08T05:03:34.651+0000] {processor.py:914} INFO - Processing file /opt/airflow/dags/02_xcom_dag.py for tasks to queue
[2026-09-08T05:03:34.652+0000] {logging_mixin.py:190} INFO - [2026-09-08T05:03:34.652+0000] {dagbag.py:588} INFO - Filling up the DagBag from /opt/airflow/dags/02_xcom_dag.py
[2026-09-08T05:03:34.674+0000] {processor.py:925} INFO - DAG(s) 'xcom_dag' retrieved from /opt/airflow/dags/02_xcom_dag.py
[2026-09-08T05:03:34.702+0000] {logging_mixin.py:190} INFO - [2026-09-08T05:03:34.702+0000] {dag.py:3239} INFO - Sync 1 DAGs
[2026-09-08T05:03:34.761+0000] {logging_mixin.py:190} INFO - [2026-09-08T05:03:34.760+0000] {dag.py:4180} INFO - Setting next_dagrun for xcom_dag to None, run_after=None
[2026-09-08T05:03:34.788+0000] {processor.py:208} INFO - Processing /opt/airflow/dags/02_xcom_dag.py took 0.146 seconds
[2026-09-08T05:04:05.601+0000] {processor.py:186} INFO - Started process (PID=985) to work on /opt/airflow/dags/02_xcom_dag.py
[2026-09-08T05:04:05.602+0000] {processor.py:914} INFO - Processing file /opt/airflow/dags/02_xcom_dag.py for tasks to queue
[2026-09-08T05:04:05.604+0000] {logging_mixin.py:190} INFO - [2026-09-08T05:04:05.604+0000] {dagbag.py:588} INFO - Filling up the DagBag from /opt/airflow/dags/02_xcom_dag.py
[2026-09-08T05:04:05.619+0000] {processor.py:925} INFO - DAG(s) 'xcom_dag' retrieved from /opt/airflow/dags/02_xcom_dag.py
[2026-09-08T05:04:05.645+0000] {logging_mixin.py:190} INFO - [2026-09-08T05:04:05.645+0000] {dag.py:3239} INFO - Sync 1 DAGs
[2026-09-08T05:04:05.659+0000] {logging_mixin.py:190} INFO - [2026-09-08T05:04:05.658+0000] {dag.py:4180} INFO - Setting next_dagrun for xcom_dag to None, run_after=None
[2026-09-08T05:04:05.682+0000] {processor.py:208} INFO - Processing /opt/airflow/dags/02_xcom_dag.py took 0.088 seconds
[2026-09-08T05:04:36.558+0000] {processor.py:186} INFO - Started process (PID=999) to work on /opt/airflow/dags/02_xcom_dag.py
[2026-09-08T05:04:36.558+0000] {processor.py:914} INFO - Processing file /opt/airflow/dags/02_xcom_dag.py for tasks to queue
[2026-09-08T05:04:36.561+0000] {logging_mixin.py:190} INFO - [2026-09-08T05:04:36.560+0000] {dagbag.py:588} INFO - Filling up the DagBag from /opt/airflow/dags/02_xcom_dag.py
[2026-09-08T05:04:36.586+0000] {processor.py:925} INFO - DAG(s) 'xcom_dag' retrieved from /opt/airflow/dags/02_xcom_dag.py
[2026-09-08T05:04:36.615+0000] {logging_mixin.py:190} INFO - [2026-09-08T05:04:36.615+0000] {dag.py:3239} INFO - Sync 1 DAGs
[2026-09-08T05:04:36.638+0000] {logging_mixin.py:190} INFO - [2026-09-08T05:04:36.638+0000] {dag.py:4180} INFO - Setting next_dagrun for xcom_dag to None, run_after=None
[2026-09-08T05:04:36.659+0000] {processor.py:208} INFO - Processing /opt/airflow/dags/02_xcom_dag.py took 0.109 seconds
[2026-09-08T05:05:07.631+0000] {processor.py:186} INFO - Started process (PID=1013) to work on /opt/airflow/dags/02_xcom_dag.py
[2026-09-08T05:05:07.634+0000] {processor.py:914} INFO - Processing file /opt/airflow/dags/02_xcom_dag.py for tasks to queue
[2026-09-08T05:05:07.640+0000] {logging_mixin.py:190} INFO - [2026-09-08T05:05:07.638+0000] {dagbag.py:588} INFO - Filling up the DagBag from /opt/airflow/dags/02_xcom_dag.py
[2026-09-08T05:05:07.659+0000] {processor.py:925} INFO - DAG(s) 'xcom_dag' retrieved from /opt/airflow/dags/02_xcom_dag.py
[2026-09-08T05:05:07.691+0000] {logging_mixin.py:190} INFO - [2026-09-08T05:05:07.690+0000] {dag.py:3239} INFO - Sync 1 DAGs
[2026-09-08T05:05:07.714+0000] {logging_mixin.py:190} INFO - [2026-09-08T05:05:07.714+0000] {dag.py:4180} INFO - Setting next_dagrun for xcom_dag to None, run_after=None
[2026-09-08T05:05:07.750+0000] {processor.py:208} INFO - Processing /opt/airflow/dags/02_xcom_dag.py took 0.125 seconds
[2026-09-08T05:05:38.714+0000] {processor.py:186} INFO - Started process (PID=1027) to work on /opt/airflow/dags/02_xcom_dag.py
[2026-09-08T05:05:38.715+0000] {processor.py:914} INFO - Processing file /opt/airflow/dags/02_xcom_dag.py for tasks to queue
[2026-09-08T05:05:38.716+0000] {logging_mixin.py:190} INFO - [2026-09-08T05:05:38.716+0000] {dagbag.py:588} INFO - Filling up the DagBag from /opt/airflow/dags/02_xcom_dag.py
[2026-09-08T05:05:38.741+0000] {processor.py:925} INFO - DAG(s) 'xcom_dag' retrieved from /opt/airflow/dags/02_xcom_dag.py
[2026-09-08T05:05:38.771+0000] {logging_mixin.py:190} INFO - [2026-09-08T05:05:38.770+0000] {dag.py:3239} INFO - Sync 1 DAGs
[2026-09-08T05:05:38.784+0000] {logging_mixin.py:190} INFO - [2026-09-08T05:05:38.784+0000] {dag.py:4180} INFO - Setting next_dagrun for xcom_dag to None, run_after=None
[2026-09-08T05:05:38.814+0000] {processor.py:208} INFO - Processing /opt/airflow/dags/02_xcom_dag.py took 0.106 seconds
[2026-09-08T05:06:08.874+0000] {processor.py:186} INFO - Started process (PID=1040) to work on /opt/airflow/dags/02_xcom_dag.py
[2026-09-08T05:06:08.875+0000] {processor.py:914} INFO - Processing file /opt/airflow/dags/02_xcom_dag.py for tasks to queue
[2026-09-08T05:06:08.877+0000] {logging_mixin.py:190} INFO - [2026-09-08T05:06:08.876+0000] {dagbag.py:588} INFO - Filling up the DagBag from /opt/airflow/dags/02_xcom_dag.py
[2026-09-08T05:06:08.894+0000] {processor.py:925} INFO - DAG(s) 'xcom_dag' retrieved from /opt/airflow/dags/02_xcom_dag.py
[2026-09-08T05:06:08.924+0000] {logging_mixin.py:190} INFO - [2026-09-08T05:06:08.923+0000] {dag.py:3239} INFO - Sync 1 DAGs
[2026-09-08T05:06:08.942+0000] {logging_mixin.py:190} INFO - [2026-09-08T05:06:08.942+0000] {dag.py:4180} INFO - Setting next_dagrun for xcom_dag to None, run_after=None
[2026-09-08T05:06:08.970+0000] {processor.py:208} INFO - Processing /opt/airflow/dags/02_xcom_dag.py took 0.102 seconds
[2026-09-08T05:06:39.041+0000] {processor.py:186} INFO - Started process (PID=1054) to work on /opt/airflow/dags/02_xcom_dag.py
[2026-09-08T05:06:39.042+0000] {processor.py:914} INFO - Processing file /opt/airflow/dags/02_xcom_dag.py for tasks to queue
[2026-09-08T05:06:39.043+0000] {logging_mixin.py:190} INFO - [2026-09-08T05:06:39.042+0000] {dagbag.py:588} INFO - Filling up the DagBag from /opt/airflow/dags/02_xcom_dag.py
[2026-09-08T05:06:39.059+0000] {processor.py:925} INFO - DAG(s) 'xcom_dag' retrieved from /opt/airflow/dags/02_xcom_dag.py
[2026-09-08T05:06:39.086+0000] {logging_mixin.py:190} INFO - [2026-09-08T05:06:39.086+0000] {dag.py:3239} INFO - Sync 1 DAGs
[2026-09-08T05:06:39.102+0000] {logging_mixin.py:190} INFO - [2026-09-08T05:06:39.101+0000] {dag.py:4180} INFO - Setting next_dagrun for xcom_dag to None, run_after=None
[2026-09-08T05:06:39.122+0000] {processor.py:208} INFO - Processing /opt/airflow/dags/02_xcom_dag.py took 0.088 seconds
[2026-09-08T05:07:09.910+0000] {processor.py:186} INFO - Started process (PID=1070) to work on /opt/airflow/dags/02_xcom_dag.py
[2026-09-08T05:07:09.911+0000] {processor.py:914} INFO - Processing file /opt/airflow/dags/02_xcom_dag.py for tasks to queue
[2026-09-08T05:07:09.913+0000] {logging_mixin.py:190} INFO - [2026-09-08T05:07:09.913+0000] {dagbag.py:588} INFO - Filling up the DagBag from /opt/airflow/dags/02_xcom_dag.py
[2026-09-08T05:07:09.948+0000] {processor.py:925} INFO - DAG(s) 'xcom_dag' retrieved from /opt/airflow/dags/02_xcom_dag.py
[2026-09-08T05:07:09.986+0000] {logging_mixin.py:190} INFO - [2026-09-08T05:07:09.986+0000] {dag.py:3239} INFO - Sync 1 DAGs
[2026-09-08T05:07:10.011+0000] {logging_mixin.py:190} INFO - [2026-09-08T05:07:10.010+0000] {dag.py:4180} INFO - Setting next_dagrun for xcom_dag to None, run_after=None
[2026-09-08T05:07:10.042+0000] {processor.py:208} INFO - Processing /opt/airflow/dags/02_xcom_dag.py took 0.140 seconds
[2026-09-08T05:07:40.393+0000] {processor.py:186} INFO - Started process (PID=1084) to work on /opt/airflow/dags/02_xcom_dag.py
[2026-09-08T05:07:40.395+0000] {processor.py:914} INFO - Processing file /opt/airflow/dags/02_xcom_dag.py for tasks to queue
[2026-09-08T05:07:40.400+0000] {logging_mixin.py:190} INFO - [2026-09-08T05:07:40.399+0000] {dagbag.py:588} INFO - Filling up the DagBag from /opt/airflow/dags/02_xcom_dag.py
[2026-09-08T05:07:40.422+0000] {processor.py:925} INFO - DAG(s) 'xcom_dag' retrieved from /opt/airflow/dags/02_xcom_dag.py
[2026-09-08T05:07:40.471+0000] {logging_mixin.py:190} INFO - [2026-09-08T05:07:40.471+0000] {dag.py:3239} INFO - Sync 1 DAGs
[2026-09-08T05:07:40.507+0000] {logging_mixin.py:190} INFO - [2026-09-08T05:07:40.506+0000] {dag.py:4180} INFO - Setting next_dagrun for xcom_dag to None, run_after=None
[2026-09-08T05:07:40.543+0000] {processor.py:208} INFO - Processing /opt/airflow/dags/02_xcom_dag.py took 0.163 seconds
[2026-09-08T05:08:10.898+0000] {processor.py:186} INFO - Started process (PID=1098) to work on /opt/airflow/dags/02_xcom_dag.py
[2026-09-08T05:08:10.898+0000] {processor.py:914} INFO - Processing file /opt/airflow/dags/02_xcom_dag.py for tasks to queue
[2026-09-08T05:08:10.901+0000] {logging_mixin.py:190} INFO - [2026-09-08T05:08:10.900+0000] {dagbag.py:588} INFO - Filling up the DagBag from /opt/airflow/dags/02_xcom_dag.py
[2026-09-08T05:08:10.924+0000] {processor.py:925} INFO - DAG(s) 'xcom_dag' retrieved from /opt/airflow/dags/02_xcom_dag.py
[2026-09-08T05:08:10.963+0000] {logging_mixin.py:190} INFO - [2026-09-08T05:08:10.963+0000] {dag.py:3239} INFO - Sync 1 DAGs
[2026-09-08T05:08:10.983+0000] {logging_mixin.py:190} INFO - [2026-09-08T05:08:10.983+0000] {dag.py:4180} INFO - Setting next_dagrun for xcom_dag to None, run_after=None
[2026-09-08T05:08:11.017+0000] {processor.py:208} INFO - Processing /opt/airflow/dags/02_xcom_dag.py took 0.130 seconds
[2026-09-08T05:08:41.472+0000] {processor.py:186} INFO - Started process (PID=1112) to work on /opt/airflow/dags/02_xcom_dag.py
[2026-09-08T05:08:41.473+0000] {processor.py:914} INFO - Processing file /opt/airflow/dags/02_xcom_dag.py for tasks to queue
[2026-09-08T05:08:41.475+0000] {logging_mixin.py:190} INFO - [2026-09-08T05:08:41.474+0000] {dagbag.py:588} INFO - Filling up the DagBag from /opt/airflow/dags/02_xcom_dag.py
[2026-09-08T05:08:41.494+0000] {processor.py:925} INFO - DAG(s) 'xcom_dag' retrieved from /opt/airflow/dags/02_xcom_dag.py
[2026-09-08T05:08:41.522+0000] {logging_mixin.py:190} INFO - [2026-09-08T05:08:41.522+0000] {dag.py:3239} INFO - Sync 1 DAGs
[2026-09-08T05:08:41.544+0000] {logging_mixin.py:190} INFO - [2026-09-08T05:08:41.544+0000] {dag.py:4180} INFO - Setting next_dagrun for xcom_dag to None, run_after=None
[2026-09-08T05:08:41.579+0000] {processor.py:208} INFO - Processing /opt/airflow/dags/02_xcom_dag.py took 0.114 seconds
[2026-09-08T05:09:12.255+0000] {processor.py:186} INFO - Started process (PID=1126) to work on /opt/airflow/dags/02_xcom_dag.py
[2026-09-08T05:09:12.261+0000] {processor.py:914} INFO - Processing file /opt/airflow/dags/02_xcom_dag.py for tasks to queue
[2026-09-08T05:09:12.263+0000] {logging_mixin.py:190} INFO - [2026-09-08T05:09:12.263+0000] {dagbag.py:588} INFO - Filling up the DagBag from /opt/airflow/dags/02_xcom_dag.py
[2026-09-08T05:09:12.288+0000] {processor.py:925} INFO - DAG(s) 'xcom_dag' retrieved from /opt/airflow/dags/02_xcom_dag.py
[2026-09-08T05:09:12.335+0000] {logging_mixin.py:190} INFO - [2026-09-08T05:09:12.335+0000] {dag.py:3239} INFO - Sync 1 DAGs
[2026-09-08T05:09:12.355+0000] {logging_mixin.py:190} INFO - [2026-09-08T05:09:12.354+0000] {dag.py:4180} INFO - Setting next_dagrun for xcom_dag to None, run_after=None
[2026-09-08T05:09:12.389+0000] {processor.py:208} INFO - Processing /opt/airflow/dags/02_xcom_dag.py took 0.143 seconds
[2026-09-08T05:09:43.263+0000] {processor.py:186} INFO - Started process (PID=1140) to work on /opt/airflow/dags/02_xcom_dag.py
[2026-09-08T05:09:43.264+0000] {processor.py:914} INFO - Processing file /opt/airflow/dags/02_xcom_dag.py for tasks to queue
[2026-09-08T05:09:43.266+0000] {logging_mixin.py:190} INFO - [2026-09-08T05:09:43.265+0000] {dagbag.py:588} INFO - Filling up the DagBag from /opt/airflow/dags/02_xcom_dag.py
[2026-09-08T05:09:43.285+0000] {processor.py:925} INFO - DAG(s) 'xcom_dag' retrieved from /opt/airflow/dags/02_xcom_dag.py
[2026-09-08T05:09:43.328+0000] {logging_mixin.py:190} INFO - [2026-09-08T05:09:43.327+0000] {dag.py:3239} INFO - Sync 1 DAGs
[2026-09-08T05:09:43.346+0000] {logging_mixin.py:190} INFO - [2026-09-08T05:09:43.346+0000] {dag.py:4180} INFO - Setting next_dagrun for xcom_dag to None, run_after=None
[2026-09-08T05:09:43.379+0000] {processor.py:208} INFO - Processing /opt/airflow/dags/02_xcom_dag.py took 0.123 seconds
[2026-09-08T05:10:13.741+0000] {processor.py:186} INFO - Started process (PID=1154) to work on /opt/airflow/dags/02_xcom_dag.py
[2026-09-08T05:10:13.742+0000] {processor.py:914} INFO - Processing file /opt/airflow/dags/02_xcom_dag.py for tasks to queue
[2026-09-08T05:10:13.744+0000] {logging_mixin.py:190} INFO - [2026-09-08T05:10:13.743+0000] {dagbag.py:588} INFO - Filling up the DagBag from /opt/airflow/dags/02_xcom_dag.py
[2026-09-08T05:10:13.785+0000] {processor.py:925} INFO - DAG(s) 'xcom_dag' retrieved from /opt/airflow/dags/02_xcom_dag.py
[2026-09-08T05:10:13.830+0000] {logging_mixin.py:190} INFO - [2026-09-08T05:10:13.830+0000] {dag.py:3239} INFO - Sync 1 DAGs
[2026-09-08T05:10:13.866+0000] {logging_mixin.py:190} INFO - [2026-09-08T05:10:13.865+0000] {dag.py:4180} INFO - Setting next_dagrun for xcom_dag to None, run_after=None
[2026-09-08T05:10:13.899+0000] {processor.py:208} INFO - Processing /opt/airflow/dags/02_xcom_dag.py took 0.165 seconds
[2026-09-08T05:10:44.119+0000] {processor.py:186} INFO - Started process (PID=1168) to work on /opt/airflow/dags/02_xcom_dag.py
[2026-09-08T05:10:44.121+0000] {processor.py:914} INFO - Processing file /opt/airflow/dags/02_xcom_dag.py for tasks to queue
[2026-09-08T05:10:44.123+0000] {logging_mixin.py:190} INFO - [2026-09-08T05:10:44.123+0000] {dagbag.py:588} INFO - Filling up the DagBag from /opt/airflow/dags/02_xcom_dag.py
[2026-09-08T05:10:44.141+0000] {processor.py:925} INFO - DAG(s) 'xcom_dag' retrieved from /opt/airflow/dags/02_xcom_dag.py
[2026-09-08T05:10:44.172+0000] {logging_mixin.py:190} INFO - [2026-09-08T05:10:44.172+0000] {dag.py:3239} INFO - Sync 1 DAGs
[2026-09-08T05:10:44.192+0000] {logging_mixin.py:190} INFO - [2026-09-08T05:10:44.192+0000] {dag.py:4180} INFO - Setting next_dagrun for xcom_dag to None, run_after=None
[2026-09-08T05:10:44.213+0000] {processor.py:208} INFO - Processing /opt/airflow/dags/02_xcom_dag.py took 0.104 seconds
[2026-09-08T05:11:14.389+0000] {processor.py:186} INFO - Started process (PID=1182) to work on /opt/airflow/dags/02_xcom_dag.py
[2026-09-08T05:11:14.392+0000] {processor.py:914} INFO - Processing file /opt/airflow/dags/02_xcom_dag.py for tasks to queue
[2026-09-08T05:11:14.394+0000] {logging_mixin.py:190} INFO - [2026-09-08T05:11:14.393+0000] {dagbag.py:588} INFO - Filling up the DagBag from /opt/airflow/dags/02_xcom_dag.py
[2026-09-08T05:11:14.413+0000] {processor.py:925} INFO - DAG(s) 'xcom_dag' retrieved from /opt/airflow/dags/02_xcom_dag.py
[2026-09-08T05:11:14.472+0000] {logging_mixin.py:190} INFO - [2026-09-08T05:11:14.471+0000] {dag.py:3239} INFO - Sync 1 DAGs
[2026-09-08T05:11:14.538+0000] {logging_mixin.py:190} INFO - [2026-09-08T05:11:14.538+0000] {dag.py:4180} INFO - Setting next_dagrun for xcom_dag to None, run_after=None
[2026-09-08T05:11:14.575+0000] {processor.py:208} INFO - Processing /opt/airflow/dags/02_xcom_dag.py took 0.198 seconds
[2026-09-08T05:11:44.653+0000] {processor.py:186} INFO - Started process (PID=1196) to work on /opt/airflow/dags/02_xcom_dag.py
[2026-09-08T05:11:44.654+0000] {processor.py:914} INFO - Processing file /opt/airflow/dags/02_xcom_dag.py for tasks to queue
[2026-09-08T05:11:44.656+0000] {logging_mixin.py:190} INFO - [2026-09-08T05:11:44.656+0000] {dagbag.py:588} INFO - Filling up the DagBag from /opt/airflow/dags/02_xcom_dag.py
[2026-09-08T05:11:44.674+0000] {processor.py:925} INFO - DAG(s) 'xcom_dag' retrieved from /opt/airflow/dags/02_xcom_dag.py
[2026-09-08T05:11:44.713+0000] {logging_mixin.py:190} INFO - [2026-09-08T05:11:44.706+0000] {dag.py:3239} INFO - Sync 1 DAGs
[2026-09-08T05:11:44.728+0000] {logging_mixin.py:190} INFO - [2026-09-08T05:11:44.728+0000] {dag.py:4180} INFO - Setting next_dagrun for xcom_dag to None, run_after=None
[2026-09-08T05:11:44.756+0000] {processor.py:208} INFO - Processing /opt/airflow/dags/02_xcom_dag.py took 0.115 seconds
[2026-09-08T05:12:15.264+0000] {processor.py:186} INFO - Started process (PID=1209) to work on /opt/airflow/dags/02_xcom_dag.py
[2026-09-08T05:12:15.264+0000] {processor.py:914} INFO - Processing file /opt/airflow/dags/02_xcom_dag.py for tasks to queue
[2026-09-08T05:12:15.266+0000] {logging_mixin.py:190} INFO - [2026-09-08T05:12:15.265+0000] {dagbag.py:588} INFO - Filling up the DagBag from /opt/airflow/dags/02_xcom_dag.py
[2026-09-08T05:12:15.294+0000] {processor.py:925} INFO - DAG(s) 'xcom_dag' retrieved from /opt/airflow/dags/02_xcom_dag.py
[2026-09-08T05:12:15.333+0000] {logging_mixin.py:190} INFO - [2026-09-08T05:12:15.333+0000] {dag.py:3239} INFO - Sync 1 DAGs
[2026-09-08T05:12:15.356+0000] {logging_mixin.py:190} INFO - [2026-09-08T05:12:15.356+0000] {dag.py:4180} INFO - Setting next_dagrun for xcom_dag to None, run_after=None
[2026-09-08T05:12:15.389+0000] {processor.py:208} INFO - Processing /opt/airflow/dags/02_xcom_dag.py took 0.132 seconds
[2026-09-08T05:12:46.137+0000] {processor.py:186} INFO - Started process (PID=1223) to work on /opt/airflow/dags/02_xcom_dag.py
[2026-09-08T05:12:46.138+0000] {processor.py:914} INFO - Processing file /opt/airflow/dags/02_xcom_dag.py for tasks to queue
[2026-09-08T05:12:46.141+0000] {logging_mixin.py:190} INFO - [2026-09-08T05:12:46.141+0000] {dagbag.py:588} INFO - Filling up the DagBag from /opt/airflow/dags/02_xcom_dag.py
[2026-09-08T05:12:46.167+0000] {processor.py:925} INFO - DAG(s) 'xcom_dag' retrieved from /opt/airflow/dags/02_xcom_dag.py
[2026-09-08T05:12:46.205+0000] {logging_mixin.py:190} INFO - [2026-09-08T05:12:46.205+0000] {dag.py:3239} INFO - Sync 1 DAGs
[2026-09-08T05:12:46.226+0000] {logging_mixin.py:190} INFO - [2026-09-08T05:12:46.226+0000] {dag.py:4180} INFO - Setting next_dagrun for xcom_dag to None, run_after=None
[2026-09-08T05:12:46.256+0000] {processor.py:208} INFO - Processing /opt/airflow/dags/02_xcom_dag.py took 0.126 seconds
[2026-09-08T05:13:16.746+0000] {processor.py:186} INFO - Started process (PID=1237) to work on /opt/airflow/dags/02_xcom_dag.py
[2026-09-08T05:13:16.749+0000] {processor.py:914} INFO - Processing file /opt/airflow/dags/02_xcom_dag.py for tasks to queue
[2026-09-08T05:13:16.752+0000] {logging_mixin.py:190} INFO - [2026-09-08T05:13:16.751+0000] {dagbag.py:588} INFO - Filling up the DagBag from /opt/airflow/dags/02_xcom_dag.py
[2026-09-08T05:13:16.794+0000] {processor.py:925} INFO - DAG(s) 'xcom_dag' retrieved from /opt/airflow/dags/02_xcom_dag.py
[2026-09-08T05:13:16.860+0000] {logging_mixin.py:190} INFO - [2026-09-08T05:13:16.859+0000] {dag.py:3239} INFO - Sync 1 DAGs
[2026-09-08T05:13:16.896+0000] {logging_mixin.py:190} INFO - [2026-09-08T05:13:16.895+0000] {dag.py:4180} INFO - Setting next_dagrun for xcom_dag to None, run_after=None
[2026-09-08T05:13:16.954+0000] {processor.py:208} INFO - Processing /opt/airflow/dags/02_xcom_dag.py took 0.227 seconds
[2026-09-08T05:13:47.143+0000] {processor.py:186} INFO - Started process (PID=1251) to work on /opt/airflow/dags/02_xcom_dag.py
[2026-09-08T05:13:47.144+0000] {processor.py:914} INFO - Processing file /opt/airflow/dags/02_xcom_dag.py for tasks to queue
[2026-09-08T05:13:47.145+0000] {logging_mixin.py:190} INFO - [2026-09-08T05:13:47.145+0000] {dagbag.py:588} INFO - Filling up the DagBag from /opt/airflow/dags/02_xcom_dag.py
[2026-09-08T05:13:47.171+0000] {processor.py:925} INFO - DAG(s) 'xcom_dag' retrieved from /opt/airflow/dags/02_xcom_dag.py
[2026-09-08T05:13:47.230+0000] {logging_mixin.py:190} INFO - [2026-09-08T05:13:47.230+0000] {dag.py:3239} INFO - Sync 1 DAGs
[2026-09-08T05:13:47.255+0000] {logging_mixin.py:190} INFO - [2026-09-08T05:13:47.255+0000] {dag.py:4180} INFO - Setting next_dagrun for xcom_dag to None, run_after=None
[2026-09-08T05:13:47.295+0000] {processor.py:208} INFO - Processing /opt/airflow/dags/02_xcom_dag.py took 0.166 seconds
[2026-09-08T05:14:17.657+0000] {processor.py:186} INFO - Started process (PID=1265) to work on /opt/airflow/dags/02_xcom_dag.py
[2026-09-08T05:14:17.658+0000] {processor.py:914} INFO - Processing file /opt/airflow/dags/02_xcom_dag.py for tasks to queue
[2026-09-08T05:14:17.659+0000] {logging_mixin.py:190} INFO - [2026-09-08T05:14:17.659+0000] {dagbag.py:588} INFO - Filling up the DagBag from /opt/airflow/dags/02_xcom_dag.py
[2026-09-08T05:14:17.678+0000] {processor.py:925} INFO - DAG(s) 'xcom_dag' retrieved from /opt/airflow/dags/02_xcom_dag.py
[2026-09-08T05:14:17.722+0000] {logging_mixin.py:190} INFO - [2026-09-08T05:14:17.722+0000] {dag.py:3239} INFO - Sync 1 DAGs
[2026-09-08T05:14:17.743+0000] {logging_mixin.py:190} INFO - [2026-09-08T05:14:17.743+0000] {dag.py:4180} INFO - Setting next_dagrun for xcom_dag to None, run_after=None
[2026-09-08T05:14:17.789+0000] {processor.py:208} INFO - Processing /opt/airflow/dags/02_xcom_dag.py took 0.138 seconds
[2026-09-08T05:14:48.117+0000] {processor.py:186} INFO - Started process (PID=1278) to work on /opt/airflow/dags/02_xcom_dag.py
[2026-09-08T05:14:48.117+0000] {processor.py:914} INFO - Processing file /opt/airflow/dags/02_xcom_dag.py for tasks to queue
[2026-09-08T05:14:48.120+0000] {logging_mixin.py:190} INFO - [2026-09-08T05:14:48.119+0000] {dagbag.py:588} INFO - Filling up the DagBag from /opt/airflow/dags/02_xcom_dag.py
[2026-09-08T05:14:48.139+0000] {processor.py:925} INFO - DAG(s) 'xcom_dag' retrieved from /opt/airflow/dags/02_xcom_dag.py
[2026-09-08T05:14:48.171+0000] {logging_mixin.py:190} INFO - [2026-09-08T05:14:48.170+0000] {dag.py:3239} INFO - Sync 1 DAGs
[2026-09-08T05:14:48.189+0000] {logging_mixin.py:190} INFO - [2026-09-08T05:14:48.189+0000] {dag.py:4180} INFO - Setting next_dagrun for xcom_dag to None, run_after=None
[2026-09-08T05:14:48.213+0000] {processor.py:208} INFO - Processing /opt/airflow/dags/02_xcom_dag.py took 0.102 seconds
[2026-09-08T05:15:18.330+0000] {processor.py:186} INFO - Started process (PID=1292) to work on /opt/airflow/dags/02_xcom_dag.py
[2026-09-08T05:15:18.331+0000] {processor.py:914} INFO - Processing file /opt/airflow/dags/02_xcom_dag.py for tasks to queue
[2026-09-08T05:15:18.332+0000] {logging_mixin.py:190} INFO - [2026-09-08T05:15:18.332+0000] {dagbag.py:588} INFO - Filling up the DagBag from /opt/airflow/dags/02_xcom_dag.py
[2026-09-08T05:15:18.346+0000] {processor.py:925} INFO - DAG(s) 'xcom_dag' retrieved from /opt/airflow/dags/02_xcom_dag.py
[2026-09-08T05:15:18.368+0000] {logging_mixin.py:190} INFO - [2026-09-08T05:15:18.368+0000] {dag.py:3239} INFO - Sync 1 DAGs
[2026-09-08T05:15:18.380+0000] {logging_mixin.py:190} INFO - [2026-09-08T05:15:18.380+0000] {dag.py:4180} INFO - Setting next_dagrun for xcom_dag to None, run_after=None
[2026-09-08T05:15:18.398+0000] {processor.py:208} INFO - Processing /opt/airflow/dags/02_xcom_dag.py took 0.072 seconds
[2026-09-08T05:15:48.904+0000] {processor.py:186} INFO - Started process (PID=1307) to work on /opt/airflow/dags/02_xcom_dag.py
[2026-09-08T05:15:48.905+0000] {processor.py:914} INFO - Processing file /opt/airflow/dags/02_xcom_dag.py for tasks to queue
[2026-09-08T05:15:48.906+0000] {logging_mixin.py:190} INFO - [2026-09-08T05:15:48.906+0000] {dagbag.py:588} INFO - Filling up the DagBag from /opt/airflow/dags/02_xcom_dag.py
[2026-09-08T05:15:48.923+0000] {processor.py:925} INFO - DAG(s) 'xcom_dag' retrieved from /opt/airflow/dags/02_xcom_dag.py
[2026-09-08T05:15:48.945+0000] {logging_mixin.py:190} INFO - [2026-09-08T05:15:48.945+0000] {dag.py:3239} INFO - Sync 1 DAGs
[2026-09-08T05:15:48.958+0000] {logging_mixin.py:190} INFO - [2026-09-08T05:15:48.958+0000] {dag.py:4180} INFO - Setting next_dagrun for xcom_dag to None, run_after=None
[2026-09-08T05:15:48.976+0000] {processor.py:208} INFO - Processing /opt/airflow/dags/02_xcom_dag.py took 0.077 seconds
[2026-09-08T05:16:19.533+0000] {processor.py:186} INFO - Started process (PID=1321) to work on /opt/airflow/dags/02_xcom_dag.py
[2026-09-08T05:16:19.534+0000] {processor.py:914} INFO - Processing file /opt/airflow/dags/02_xcom_dag.py for tasks to queue
[2026-09-08T05:16:19.535+0000] {logging_mixin.py:190} INFO - [2026-09-08T05:16:19.535+0000] {dagbag.py:588} INFO - Filling up the DagBag from /opt/airflow/dags/02_xcom_dag.py
[2026-09-08T05:16:19.549+0000] {processor.py:925} INFO - DAG(s) 'xcom_dag' retrieved from /opt/airflow/dags/02_xcom_dag.py
[2026-09-08T05:16:19.571+0000] {logging_mixin.py:190} INFO - [2026-09-08T05:16:19.571+0000] {dag.py:3239} INFO - Sync 1 DAGs
[2026-09-08T05:16:19.585+0000] {logging_mixin.py:190} INFO - [2026-09-08T05:16:19.585+0000] {dag.py:4180} INFO - Setting next_dagrun for xcom_dag to None, run_after=None
[2026-09-08T05:16:19.603+0000] {processor.py:208} INFO - Processing /opt/airflow/dags/02_xcom_dag.py took 0.076 seconds
[2026-09-08T05:16:50.137+0000] {processor.py:186} INFO - Started process (PID=1335) to work on /opt/airflow/dags/02_xcom_dag.py
[2026-09-08T05:16:50.138+0000] {processor.py:914} INFO - Processing file /opt/airflow/dags/02_xcom_dag.py for tasks to queue
[2026-09-08T05:16:50.139+0000] {logging_mixin.py:190} INFO - [2026-09-08T05:16:50.139+0000] {dagbag.py:588} INFO - Filling up the DagBag from /opt/airflow/dags/02_xcom_dag.py
[2026-09-08T05:16:50.158+0000] {processor.py:925} INFO - DAG(s) 'xcom_dag' retrieved from /opt/airflow/dags/02_xcom_dag.py
[2026-09-08T05:16:50.189+0000] {logging_mixin.py:190} INFO - [2026-09-08T05:16:50.188+0000] {dag.py:3239} INFO - Sync 1 DAGs
[2026-09-08T05:16:50.204+0000] {logging_mixin.py:190} INFO - [2026-09-08T05:16:50.204+0000] {dag.py:4180} INFO - Setting next_dagrun for xcom_dag to None, run_after=None
[2026-09-08T05:16:50.229+0000] {processor.py:208} INFO - Processing /opt/airflow/dags/02_xcom_dag.py took 0.098 seconds
[2026-09-08T05:17:20.296+0000] {processor.py:186} INFO - Started process (PID=1350) to work on /opt/airflow/dags/02_xcom_dag.py
[2026-09-08T05:17:20.297+0000] {processor.py:914} INFO - Processing file /opt/airflow/dags/02_xcom_dag.py for tasks to queue
[2026-09-08T05:17:20.298+0000] {logging_mixin.py:190} INFO - [2026-09-08T05:17:20.298+0000] {dagbag.py:588} INFO - Filling up the DagBag from /opt/airflow/dags/02_xcom_dag.py
[2026-09-08T05:17:20.317+0000] {processor.py:925} INFO - DAG(s) 'xcom_dag' retrieved from /opt/airflow/dags/02_xcom_dag.py
[2026-09-08T05:17:20.353+0000] {logging_mixin.py:190} INFO - [2026-09-08T05:17:20.352+0000] {dag.py:3239} INFO - Sync 1 DAGs
[2026-09-08T05:17:20.372+0000] {logging_mixin.py:190} INFO - [2026-09-08T05:17:20.371+0000] {dag.py:4180} INFO - Setting next_dagrun for xcom_dag to None, run_after=None
[2026-09-08T05:17:20.399+0000] {processor.py:208} INFO - Processing /opt/airflow/dags/02_xcom_dag.py took 0.108 seconds
[2026-09-08T05:17:50.534+0000] {processor.py:186} INFO - Started process (PID=1364) to work on /opt/airflow/dags/02_xcom_dag.py
[2026-09-08T05:17:50.535+0000] {processor.py:914} INFO - Processing file /opt/airflow/dags/02_xcom_dag.py for tasks to queue
[2026-09-08T05:17:50.536+0000] {logging_mixin.py:190} INFO - [2026-09-08T05:17:50.536+0000] {dagbag.py:588} INFO - Filling up the DagBag from /opt/airflow/dags/02_xcom_dag.py
[2026-09-08T05:17:50.554+0000] {processor.py:925} INFO - DAG(s) 'xcom_dag' retrieved from /opt/airflow/dags/02_xcom_dag.py
[2026-09-08T05:17:50.585+0000] {logging_mixin.py:190} INFO - [2026-09-08T05:17:50.584+0000] {dag.py:3239} INFO - Sync 1 DAGs
[2026-09-08T05:17:50.600+0000] {logging_mixin.py:190} INFO - [2026-09-08T05:17:50.599+0000] {dag.py:4180} INFO - Setting next_dagrun for xcom_dag to None, run_after=None
[2026-09-08T05:17:50.623+0000] {processor.py:208} INFO - Processing /opt/airflow/dags/02_xcom_dag.py took 0.094 seconds
[2026-09-08T05:18:21.257+0000] {processor.py:186} INFO - Started process (PID=1378) to work on /opt/airflow/dags/02_xcom_dag.py
[2026-09-08T05:18:21.258+0000] {processor.py:914} INFO - Processing file /opt/airflow/dags/02_xcom_dag.py for tasks to queue
[2026-09-08T05:18:21.260+0000] {logging_mixin.py:190} INFO - [2026-09-08T05:18:21.259+0000] {dagbag.py:588} INFO - Filling up the DagBag from /opt/airflow/dags/02_xcom_dag.py
[2026-09-08T05:18:21.274+0000] {processor.py:925} INFO - DAG(s) 'xcom_dag' retrieved from /opt/airflow/dags/02_xcom_dag.py
[2026-09-08T05:18:21.301+0000] {logging_mixin.py:190} INFO - [2026-09-08T05:18:21.300+0000] {dag.py:3239} INFO - Sync 1 DAGs
[2026-09-08T05:18:21.316+0000] {logging_mixin.py:190} INFO - [2026-09-08T05:18:21.316+0000] {dag.py:4180} INFO - Setting next_dagrun for xcom_dag to None, run_after=None
[2026-09-08T05:18:21.336+0000] {processor.py:208} INFO - Processing /opt/airflow/dags/02_xcom_dag.py took 0.084 seconds
[2026-09-08T05:18:51.892+0000] {processor.py:186} INFO - Started process (PID=1392) to work on /opt/airflow/dags/02_xcom_dag.py
[2026-09-08T05:18:51.893+0000] {processor.py:914} INFO - Processing file /opt/airflow/dags/02_xcom_dag.py for tasks to queue
[2026-09-08T05:18:51.894+0000] {logging_mixin.py:190} INFO - [2026-09-08T05:18:51.894+0000] {dagbag.py:588} INFO - Filling up the DagBag from /opt/airflow/dags/02_xcom_dag.py
[2026-09-08T05:18:51.908+0000] {processor.py:925} INFO - DAG(s) 'xcom_dag' retrieved from /opt/airflow/dags/02_xcom_dag.py
[2026-09-08T05:18:51.931+0000] {logging_mixin.py:190} INFO - [2026-09-08T05:18:51.931+0000] {dag.py:3239} INFO - Sync 1 DAGs
[2026-09-08T05:18:51.945+0000] {logging_mixin.py:190} INFO - [2026-09-08T05:18:51.944+0000] {dag.py:4180} INFO - Setting next_dagrun for xcom_dag to None, run_after=None
[2026-09-08T05:18:51.965+0000] {processor.py:208} INFO - Processing /opt/airflow/dags/02_xcom_dag.py took 0.081 seconds
[2026-09-08T05:19:22.384+0000] {processor.py:186} INFO - Started process (PID=1406) to work on /opt/airflow/dags/02_xcom_dag.py
[2026-09-08T05:19:22.385+0000] {processor.py:914} INFO - Processing file /opt/airflow/dags/02_xcom_dag.py for tasks to queue
[2026-09-08T05:19:22.386+0000] {logging_mixin.py:190} INFO - [2026-09-08T05:19:22.386+0000] {dagbag.py:588} INFO - Filling up the DagBag from /opt/airflow/dags/02_xcom_dag.py
[2026-09-08T05:19:22.400+0000] {processor.py:925} INFO - DAG(s) 'xcom_dag' retrieved from /opt/airflow/dags/02_xcom_dag.py
[2026-09-08T05:19:22.422+0000] {logging_mixin.py:190} INFO - [2026-09-08T05:19:22.422+0000] {dag.py:3239} INFO - Sync 1 DAGs
[2026-09-08T05:19:22.434+0000] {logging_mixin.py:190} INFO - [2026-09-08T05:19:22.434+0000] {dag.py:4180} INFO - Setting next_dagrun for xcom_dag to None, run_after=None
[2026-09-08T05:19:22.450+0000] {processor.py:208} INFO - Processing /opt/airflow/dags/02_xcom_dag.py took 0.071 seconds
[2026-09-08T05:19:52.965+0000] {processor.py:186} INFO - Started process (PID=1420) to work on /opt/airflow/dags/02_xcom_dag.py
[2026-09-08T05:19:52.966+0000] {processor.py:914} INFO - Processing file /opt/airflow/dags/02_xcom_dag.py for tasks to queue
[2026-09-08T05:19:52.967+0000] {logging_mixin.py:190} INFO - [2026-09-08T05:19:52.967+0000] {dagbag.py:588} INFO - Filling up the DagBag from /opt/airflow/dags/02_xcom_dag.py
[2026-09-08T05:19:52.981+0000] {processor.py:925} INFO - DAG(s) 'xcom_dag' retrieved from /opt/airflow/dags/02_xcom_dag.py
[2026-09-08T05:19:53.001+0000] {logging_mixin.py:190} INFO - [2026-09-08T05:19:53.001+0000] {dag.py:3239} INFO - Sync 1 DAGs
[2026-09-08T05:19:53.014+0000] {logging_mixin.py:190} INFO - [2026-09-08T05:19:53.014+0000] {dag.py:4180} INFO - Setting next_dagrun for xcom_dag to None, run_after=None
[2026-09-08T05:19:53.163+0000] {processor.py:208} INFO - Processing /opt/airflow/dags/02_xcom_dag.py took 0.203 seconds
[2026-09-08T05:20:23.239+0000] {processor.py:186} INFO - Started process (PID=1434) to work on /opt/airflow/dags/02_xcom_dag.py
[2026-09-08T05:20:23.240+0000] {processor.py:914} INFO - Processing file /opt/airflow/dags/02_xcom_dag.py for tasks to queue
[2026-09-08T05:20:23.242+0000] {logging_mixin.py:190} INFO - [2026-09-08T05:20:23.241+0000] {dagbag.py:588} INFO - Filling up the DagBag from /opt/airflow/dags/02_xcom_dag.py
[2026-09-08T05:20:23.258+0000] {processor.py:925} INFO - DAG(s) 'xcom_dag' retrieved from /opt/airflow/dags/02_xcom_dag.py
[2026-09-08T05:20:23.284+0000] {logging_mixin.py:190} INFO - [2026-09-08T05:20:23.284+0000] {dag.py:3239} INFO - Sync 1 DAGs
[2026-09-08T05:20:23.297+0000] {logging_mixin.py:190} INFO - [2026-09-08T05:20:23.297+0000] {dag.py:4180} INFO - Setting next_dagrun for xcom_dag to None, run_after=None
[2026-09-08T05:20:23.317+0000] {processor.py:208} INFO - Processing /opt/airflow/dags/02_xcom_dag.py took 0.085 seconds
[2026-09-08T05:20:53.747+0000] {processor.py:186} INFO - Started process (PID=1448) to work on /opt/airflow/dags/02_xcom_dag.py
[2026-09-08T05:20:53.748+0000] {processor.py:914} INFO - Processing file /opt/airflow/dags/02_xcom_dag.py for tasks to queue
[2026-09-08T05:20:53.749+0000] {logging_mixin.py:190} INFO - [2026-09-08T05:20:53.749+0000] {dagbag.py:588} INFO - Filling up the DagBag from /opt/airflow/dags/02_xcom_dag.py
[2026-09-08T05:20:53.763+0000] {processor.py:925} INFO - DAG(s) 'xcom_dag' retrieved from /opt/airflow/dags/02_xcom_dag.py
[2026-09-08T05:20:53.786+0000] {logging_mixin.py:190} INFO - [2026-09-08T05:20:53.786+0000] {dag.py:3239} INFO - Sync 1 DAGs
[2026-09-08T05:20:53.799+0000] {logging_mixin.py:190} INFO - [2026-09-08T05:20:53.799+0000] {dag.py:4180} INFO - Setting next_dagrun for xcom_dag to None, run_after=None
[2026-09-08T05:20:53.818+0000] {processor.py:208} INFO - Processing /opt/airflow/dags/02_xcom_dag.py took 0.076 seconds
[2026-09-08T05:21:24.400+0000] {processor.py:186} INFO - Started process (PID=1462) to work on /opt/airflow/dags/02_xcom_dag.py
[2026-09-08T05:21:24.401+0000] {processor.py:914} INFO - Processing file /opt/airflow/dags/02_xcom_dag.py for tasks to queue
[2026-09-08T05:21:24.403+0000] {logging_mixin.py:190} INFO - [2026-09-08T05:21:24.402+0000] {dagbag.py:588} INFO - Filling up the DagBag from /opt/airflow/dags/02_xcom_dag.py
[2026-09-08T05:21:24.425+0000] {processor.py:925} INFO - DAG(s) 'xcom_dag' retrieved from /opt/airflow/dags/02_xcom_dag.py
[2026-09-08T05:21:24.457+0000] {logging_mixin.py:190} INFO - [2026-09-08T05:21:24.456+0000] {dag.py:3239} INFO - Sync 1 DAGs
[2026-09-08T05:21:24.646+0000] {logging_mixin.py:190} INFO - [2026-09-08T05:21:24.646+0000] {dag.py:4180} INFO - Setting next_dagrun for xcom_dag to None, run_after=None
[2026-09-08T05:21:24.667+0000] {processor.py:208} INFO - Processing /opt/airflow/dags/02_xcom_dag.py took 0.274 seconds
[2026-09-08T05:21:54.805+0000] {processor.py:186} INFO - Started process (PID=1476) to work on /opt/airflow/dags/02_xcom_dag.py
[2026-09-08T05:21:54.805+0000] {processor.py:914} INFO - Processing file /opt/airflow/dags/02_xcom_dag.py for tasks to queue
[2026-09-08T05:21:54.807+0000] {logging_mixin.py:190} INFO - [2026-09-08T05:21:54.807+0000] {dagbag.py:588} INFO - Filling up the DagBag from /opt/airflow/dags/02_xcom_dag.py
[2026-09-08T05:21:54.825+0000] {processor.py:925} INFO - DAG(s) 'xcom_dag' retrieved from /opt/airflow/dags/02_xcom_dag.py
[2026-09-08T05:21:54.849+0000] {logging_mixin.py:190} INFO - [2026-09-08T05:21:54.849+0000] {dag.py:3239} INFO - Sync 1 DAGs
[2026-09-08T05:21:54.861+0000] {logging_mixin.py:190} INFO - [2026-09-08T05:21:54.861+0000] {dag.py:4180} INFO - Setting next_dagrun for xcom_dag to None, run_after=None
[2026-09-08T05:21:54.880+0000] {processor.py:208} INFO - Processing /opt/airflow/dags/02_xcom_dag.py took 0.081 seconds
[2026-09-08T05:22:25.387+0000] {processor.py:186} INFO - Started process (PID=1490) to work on /opt/airflow/dags/02_xcom_dag.py
[2026-09-08T05:22:25.388+0000] {processor.py:914} INFO - Processing file /opt/airflow/dags/02_xcom_dag.py for tasks to queue
[2026-09-08T05:22:25.389+0000] {logging_mixin.py:190} INFO - [2026-09-08T05:22:25.389+0000] {dagbag.py:588} INFO - Filling up the DagBag from /opt/airflow/dags/02_xcom_dag.py
[2026-09-08T05:22:25.403+0000] {processor.py:925} INFO - DAG(s) 'xcom_dag' retrieved from /opt/airflow/dags/02_xcom_dag.py
[2026-09-08T05:22:25.425+0000] {logging_mixin.py:190} INFO - [2026-09-08T05:22:25.425+0000] {dag.py:3239} INFO - Sync 1 DAGs
[2026-09-08T05:22:25.561+0000] {logging_mixin.py:190} INFO - [2026-09-08T05:22:25.561+0000] {dag.py:4180} INFO - Setting next_dagrun for xcom_dag to None, run_after=None
[2026-09-08T05:22:25.579+0000] {processor.py:208} INFO - Processing /opt/airflow/dags/02_xcom_dag.py took 0.197 seconds
[2026-09-08T05:22:56.083+0000] {processor.py:186} INFO - Started process (PID=1504) to work on /opt/airflow/dags/02_xcom_dag.py
[2026-09-08T05:22:56.084+0000] {processor.py:914} INFO - Processing file /opt/airflow/dags/02_xcom_dag.py for tasks to queue
[2026-09-08T05:22:56.085+0000] {logging_mixin.py:190} INFO - [2026-09-08T05:22:56.085+0000] {dagbag.py:588} INFO - Filling up the DagBag from /opt/airflow/dags/02_xcom_dag.py
[2026-09-08T05:22:56.100+0000] {processor.py:925} INFO - DAG(s) 'xcom_dag' retrieved from /opt/airflow/dags/02_xcom_dag.py
[2026-09-08T05:22:56.121+0000] {logging_mixin.py:190} INFO - [2026-09-08T05:22:56.121+0000] {dag.py:3239} INFO - Sync 1 DAGs
[2026-09-08T05:22:56.133+0000] {logging_mixin.py:190} INFO - [2026-09-08T05:22:56.133+0000] {dag.py:4180} INFO - Setting next_dagrun for xcom_dag to None, run_after=None
[2026-09-08T05:22:56.149+0000] {processor.py:208} INFO - Processing /opt/airflow/dags/02_xcom_dag.py took 0.071 seconds
[2026-09-08T05:23:26.519+0000] {processor.py:186} INFO - Started process (PID=1518) to work on /opt/airflow/dags/02_xcom_dag.py
[2026-09-08T05:23:26.520+0000] {processor.py:914} INFO - Processing file /opt/airflow/dags/02_xcom_dag.py for tasks to queue
[2026-09-08T05:23:26.521+0000] {logging_mixin.py:190} INFO - [2026-09-08T05:23:26.521+0000] {dagbag.py:588} INFO - Filling up the DagBag from /opt/airflow/dags/02_xcom_dag.py
[2026-09-08T05:23:26.534+0000] {processor.py:925} INFO - DAG(s) 'xcom_dag' retrieved from /opt/airflow/dags/02_xcom_dag.py
[2026-09-08T05:23:26.555+0000] {logging_mixin.py:190} INFO - [2026-09-08T05:23:26.555+0000] {dag.py:3239} INFO - Sync 1 DAGs
[2026-09-08T05:23:26.568+0000] {logging_mixin.py:190} INFO - [2026-09-08T05:23:26.567+0000] {dag.py:4180} INFO - Setting next_dagrun for xcom_dag to None, run_after=None
[2026-09-08T05:23:26.698+0000] {processor.py:208} INFO - Processing /opt/airflow/dags/02_xcom_dag.py took 0.185 seconds
[2026-09-08T05:23:57.267+0000] {processor.py:186} INFO - Started process (PID=1532) to work on /opt/airflow/dags/02_xcom_dag.py
[2026-09-08T05:23:57.268+0000] {processor.py:914} INFO - Processing file /opt/airflow/dags/02_xcom_dag.py for tasks to queue
[2026-09-08T05:23:57.269+0000] {logging_mixin.py:190} INFO - [2026-09-08T05:23:57.269+0000] {dagbag.py:588} INFO - Filling up the DagBag from /opt/airflow/dags/02_xcom_dag.py
[2026-09-08T05:23:57.286+0000] {processor.py:925} INFO - DAG(s) 'xcom_dag' retrieved from /opt/airflow/dags/02_xcom_dag.py
[2026-09-08T05:23:57.437+0000] {logging_mixin.py:190} INFO - [2026-09-08T05:23:57.436+0000] {dag.py:3239} INFO - Sync 1 DAGs
[2026-09-08T05:23:57.448+0000] {logging_mixin.py:190} INFO - [2026-09-08T05:23:57.448+0000] {dag.py:4180} INFO - Setting next_dagrun for xcom_dag to None, run_after=None
[2026-09-08T05:23:57.465+0000] {processor.py:208} INFO - Processing /opt/airflow/dags/02_xcom_dag.py took 0.206 seconds
[2026-09-08T05:24:28.044+0000] {processor.py:186} INFO - Started process (PID=1552) to work on /opt/airflow/dags/02_xcom_dag.py
[2026-09-08T05:24:28.045+0000] {processor.py:914} INFO - Processing file /opt/airflow/dags/02_xcom_dag.py for tasks to queue
[2026-09-08T05:24:28.046+0000] {logging_mixin.py:190} INFO - [2026-09-08T05:24:28.046+0000] {dagbag.py:588} INFO - Filling up the DagBag from /opt/airflow/dags/02_xcom_dag.py
[2026-09-08T05:24:28.060+0000] {processor.py:925} INFO - DAG(s) 'xcom_dag' retrieved from /opt/airflow/dags/02_xcom_dag.py
[2026-09-08T05:24:28.084+0000] {logging_mixin.py:190} INFO - [2026-09-08T05:24:28.084+0000] {dag.py:3239} INFO - Sync 1 DAGs
[2026-09-08T05:24:28.097+0000] {logging_mixin.py:190} INFO - [2026-09-08T05:24:28.097+0000] {dag.py:4180} INFO - Setting next_dagrun for xcom_dag to None, run_after=None
[2026-09-08T05:24:28.122+0000] {processor.py:208} INFO - Processing /opt/airflow/dags/02_xcom_dag.py took 0.083 seconds
[2026-09-08T05:24:58.509+0000] {processor.py:186} INFO - Started process (PID=1566) to work on /opt/airflow/dags/02_xcom_dag.py
[2026-09-08T05:24:58.510+0000] {processor.py:914} INFO - Processing file /opt/airflow/dags/02_xcom_dag.py for tasks to queue
[2026-09-08T05:24:58.511+0000] {logging_mixin.py:190} INFO - [2026-09-08T05:24:58.511+0000] {dagbag.py:588} INFO - Filling up the DagBag from /opt/airflow/dags/02_xcom_dag.py
[2026-09-08T05:24:58.526+0000] {processor.py:925} INFO - DAG(s) 'xcom_dag' retrieved from /opt/airflow/dags/02_xcom_dag.py
[2026-09-08T05:24:58.548+0000] {logging_mixin.py:190} INFO - [2026-09-08T05:24:58.548+0000] {dag.py:3239} INFO - Sync 1 DAGs
[2026-09-08T05:24:58.562+0000] {logging_mixin.py:190} INFO - [2026-09-08T05:24:58.562+0000] {dag.py:4180} INFO - Setting next_dagrun for xcom_dag to None, run_after=None
[2026-09-08T05:24:58.582+0000] {processor.py:208} INFO - Processing /opt/airflow/dags/02_xcom_dag.py took 0.078 seconds
[2026-09-08T05:25:28.964+0000] {processor.py:186} INFO - Started process (PID=1580) to work on /opt/airflow/dags/02_xcom_dag.py
[2026-09-08T05:25:28.965+0000] {processor.py:914} INFO - Processing file /opt/airflow/dags/02_xcom_dag.py for tasks to queue
[2026-09-08T05:25:28.966+0000] {logging_mixin.py:190} INFO - [2026-09-08T05:25:28.966+0000] {dagbag.py:588} INFO - Filling up the DagBag from /opt/airflow/dags/02_xcom_dag.py
[2026-09-08T05:25:28.980+0000] {processor.py:925} INFO - DAG(s) 'xcom_dag' retrieved from /opt/airflow/dags/02_xcom_dag.py
[2026-09-08T05:25:29.004+0000] {logging_mixin.py:190} INFO - [2026-09-08T05:25:29.004+0000] {dag.py:3239} INFO - Sync 1 DAGs
[2026-09-08T05:25:29.019+0000] {logging_mixin.py:190} INFO - [2026-09-08T05:25:29.019+0000] {dag.py:4180} INFO - Setting next_dagrun for xcom_dag to None, run_after=None
[2026-09-08T05:25:29.051+0000] {processor.py:208} INFO - Processing /opt/airflow/dags/02_xcom_dag.py took 0.093 seconds
[2026-09-08T05:25:59.439+0000] {processor.py:186} INFO - Started process (PID=1594) to work on /opt/airflow/dags/02_xcom_dag.py
[2026-09-08T05:25:59.440+0000] {processor.py:914} INFO - Processing file /opt/airflow/dags/02_xcom_dag.py for tasks to queue
[2026-09-08T05:25:59.441+0000] {logging_mixin.py:190} INFO - [2026-09-08T05:25:59.441+0000] {dagbag.py:588} INFO - Filling up the DagBag from /opt/airflow/dags/02_xcom_dag.py
[2026-09-08T05:25:59.454+0000] {processor.py:925} INFO - DAG(s) 'xcom_dag' retrieved from /opt/airflow/dags/02_xcom_dag.py
[2026-09-08T05:25:59.476+0000] {logging_mixin.py:190} INFO - [2026-09-08T05:25:59.476+0000] {dag.py:3239} INFO - Sync 1 DAGs
[2026-09-08T05:25:59.489+0000] {logging_mixin.py:190} INFO - [2026-09-08T05:25:59.489+0000] {dag.py:4180} INFO - Setting next_dagrun for xcom_dag to None, run_after=None
[2026-09-08T05:25:59.506+0000] {processor.py:208} INFO - Processing /opt/airflow/dags/02_xcom_dag.py took 0.073 seconds
[2026-09-08T05:26:29.891+0000] {processor.py:186} INFO - Started process (PID=1608) to work on /opt/airflow/dags/02_xcom_dag.py
[2026-09-08T05:26:29.892+0000] {processor.py:914} INFO - Processing file /opt/airflow/dags/02_xcom_dag.py for tasks to queue
[2026-09-08T05:26:29.893+0000] {logging_mixin.py:190} INFO - [2026-09-08T05:26:29.893+0000] {dagbag.py:588} INFO - Filling up the DagBag from /opt/airflow/dags/02_xcom_dag.py
[2026-09-08T05:26:29.908+0000] {processor.py:925} INFO - DAG(s) 'xcom_dag' retrieved from /opt/airflow/dags/02_xcom_dag.py
[2026-09-08T05:26:29.933+0000] {logging_mixin.py:190} INFO - [2026-09-08T05:26:29.933+0000] {dag.py:3239} INFO - Sync 1 DAGs
[2026-09-08T05:26:29.946+0000] {logging_mixin.py:190} INFO - [2026-09-08T05:26:29.946+0000] {dag.py:4180} INFO - Setting next_dagrun for xcom_dag to None, run_after=None
[2026-09-08T05:26:29.965+0000] {processor.py:208} INFO - Processing /opt/airflow/dags/02_xcom_dag.py took 0.079 seconds
[2026-09-08T05:27:00.409+0000] {processor.py:186} INFO - Started process (PID=1622) to work on /opt/airflow/dags/02_xcom_dag.py
[2026-09-08T05:27:00.410+0000] {processor.py:914} INFO - Processing file /opt/airflow/dags/02_xcom_dag.py for tasks to queue
[2026-09-08T05:27:00.412+0000] {logging_mixin.py:190} INFO - [2026-09-08T05:27:00.411+0000] {dagbag.py:588} INFO - Filling up the DagBag from /opt/airflow/dags/02_xcom_dag.py
[2026-09-08T05:27:00.428+0000] {processor.py:925} INFO - DAG(s) 'xcom_dag' retrieved from /opt/airflow/dags/02_xcom_dag.py
[2026-09-08T05:27:00.450+0000] {logging_mixin.py:190} INFO - [2026-09-08T05:27:00.450+0000] {dag.py:3239} INFO - Sync 1 DAGs
[2026-09-08T05:27:00.464+0000] {logging_mixin.py:190} INFO - [2026-09-08T05:27:00.463+0000] {dag.py:4180} INFO - Setting next_dagrun for xcom_dag to None, run_after=None
[2026-09-08T05:27:00.483+0000] {processor.py:208} INFO - Processing /opt/airflow/dags/02_xcom_dag.py took 0.080 seconds
[2026-09-08T05:27:30.944+0000] {processor.py:186} INFO - Started process (PID=1636) to work on /opt/airflow/dags/02_xcom_dag.py
[2026-09-08T05:27:30.944+0000] {processor.py:914} INFO - Processing file /opt/airflow/dags/02_xcom_dag.py for tasks to queue
[2026-09-08T05:27:30.946+0000] {logging_mixin.py:190} INFO - [2026-09-08T05:27:30.945+0000] {dagbag.py:588} INFO - Filling up the DagBag from /opt/airflow/dags/02_xcom_dag.py
[2026-09-08T05:27:30.965+0000] {processor.py:925} INFO - DAG(s) 'xcom_dag' retrieved from /opt/airflow/dags/02_xcom_dag.py
[2026-09-08T05:27:30.992+0000] {logging_mixin.py:190} INFO - [2026-09-08T05:27:30.991+0000] {dag.py:3239} INFO - Sync 1 DAGs
[2026-09-08T05:27:31.005+0000] {logging_mixin.py:190} INFO - [2026-09-08T05:27:31.005+0000] {dag.py:4180} INFO - Setting next_dagrun for xcom_dag to None, run_after=None
[2026-09-08T05:27:31.031+0000] {processor.py:208} INFO - Processing /opt/airflow/dags/02_xcom_dag.py took 0.092 seconds
[2026-09-08T05:28:01.502+0000] {processor.py:186} INFO - Started process (PID=1650) to work on /opt/airflow/dags/02_xcom_dag.py
[2026-09-08T05:28:01.502+0000] {processor.py:914} INFO - Processing file /opt/airflow/dags/02_xcom_dag.py for tasks to queue
[2026-09-08T05:28:01.512+0000] {logging_mixin.py:190} INFO - [2026-09-08T05:28:01.511+0000] {dagbag.py:588} INFO - Filling up the DagBag from /opt/airflow/dags/02_xcom_dag.py
[2026-09-08T05:28:01.532+0000] {processor.py:925} INFO - DAG(s) 'xcom_dag' retrieved from /opt/airflow/dags/02_xcom_dag.py
[2026-09-08T05:28:01.567+0000] {logging_mixin.py:190} INFO - [2026-09-08T05:28:01.567+0000] {dag.py:3239} INFO - Sync 1 DAGs
[2026-09-08T05:28:01.587+0000] {logging_mixin.py:190} INFO - [2026-09-08T05:28:01.587+0000] {dag.py:4180} INFO - Setting next_dagrun for xcom_dag to None, run_after=None
[2026-09-08T05:28:01.615+0000] {processor.py:208} INFO - Processing /opt/airflow/dags/02_xcom_dag.py took 0.119 seconds
[2026-09-08T05:28:31.769+0000] {processor.py:186} INFO - Started process (PID=1664) to work on /opt/airflow/dags/02_xcom_dag.py
[2026-09-08T05:28:31.770+0000] {processor.py:914} INFO - Processing file /opt/airflow/dags/02_xcom_dag.py for tasks to queue
[2026-09-08T05:28:31.772+0000] {logging_mixin.py:190} INFO - [2026-09-08T05:28:31.771+0000] {dagbag.py:588} INFO - Filling up the DagBag from /opt/airflow/dags/02_xcom_dag.py
[2026-09-08T05:28:31.795+0000] {processor.py:925} INFO - DAG(s) 'xcom_dag' retrieved from /opt/airflow/dags/02_xcom_dag.py
[2026-09-08T05:28:31.824+0000] {logging_mixin.py:190} INFO - [2026-09-08T05:28:31.824+0000] {dag.py:3239} INFO - Sync 1 DAGs
[2026-09-08T05:28:31.837+0000] {logging_mixin.py:190} INFO - [2026-09-08T05:28:31.837+0000] {dag.py:4180} INFO - Setting next_dagrun for xcom_dag to None, run_after=None
[2026-09-08T05:28:31.863+0000] {processor.py:208} INFO - Processing /opt/airflow/dags/02_xcom_dag.py took 0.099 seconds
[2026-09-08T05:29:02.034+0000] {processor.py:186} INFO - Started process (PID=1678) to work on /opt/airflow/dags/02_xcom_dag.py
[2026-09-08T05:29:02.035+0000] {processor.py:914} INFO - Processing file /opt/airflow/dags/02_xcom_dag.py for tasks to queue
[2026-09-08T05:29:02.036+0000] {logging_mixin.py:190} INFO - [2026-09-08T05:29:02.036+0000] {dagbag.py:588} INFO - Filling up the DagBag from /opt/airflow/dags/02_xcom_dag.py
[2026-09-08T05:29:02.068+0000] {processor.py:925} INFO - DAG(s) 'xcom_dag' retrieved from /opt/airflow/dags/02_xcom_dag.py
[2026-09-08T05:29:02.097+0000] {logging_mixin.py:190} INFO - [2026-09-08T05:29:02.097+0000] {dag.py:3239} INFO - Sync 1 DAGs
[2026-09-08T05:29:02.117+0000] {logging_mixin.py:190} INFO - [2026-09-08T05:29:02.117+0000] {dag.py:4180} INFO - Setting next_dagrun for xcom_dag to None, run_after=None
[2026-09-08T05:29:02.149+0000] {processor.py:208} INFO - Processing /opt/airflow/dags/02_xcom_dag.py took 0.122 seconds
[2026-09-08T05:29:32.318+0000] {processor.py:186} INFO - Started process (PID=1692) to work on /opt/airflow/dags/02_xcom_dag.py
[2026-09-08T05:29:32.319+0000] {processor.py:914} INFO - Processing file /opt/airflow/dags/02_xcom_dag.py for tasks to queue
[2026-09-08T05:29:32.321+0000] {logging_mixin.py:190} INFO - [2026-09-08T05:29:32.321+0000] {dagbag.py:588} INFO - Filling up the DagBag from /opt/airflow/dags/02_xcom_dag.py
[2026-09-08T05:29:32.341+0000] {processor.py:925} INFO - DAG(s) 'xcom_dag' retrieved from /opt/airflow/dags/02_xcom_dag.py
[2026-09-08T05:29:32.372+0000] {logging_mixin.py:190} INFO - [2026-09-08T05:29:32.372+0000] {dag.py:3239} INFO - Sync 1 DAGs
[2026-09-08T05:29:32.391+0000] {logging_mixin.py:190} INFO - [2026-09-08T05:29:32.391+0000] {dag.py:4180} INFO - Setting next_dagrun for xcom_dag to None, run_after=None
[2026-09-08T05:29:32.418+0000] {processor.py:208} INFO - Processing /opt/airflow/dags/02_xcom_dag.py took 0.106 seconds
[2026-09-08T05:30:02.622+0000] {processor.py:186} INFO - Started process (PID=1706) to work on /opt/airflow/dags/02_xcom_dag.py
[2026-09-08T05:30:02.623+0000] {processor.py:914} INFO - Processing file /opt/airflow/dags/02_xcom_dag.py for tasks to queue
[2026-09-08T05:30:02.624+0000] {logging_mixin.py:190} INFO - [2026-09-08T05:30:02.624+0000] {dagbag.py:588} INFO - Filling up the DagBag from /opt/airflow/dags/02_xcom_dag.py
[2026-09-08T05:30:02.649+0000] {processor.py:925} INFO - DAG(s) 'xcom_dag' retrieved from /opt/airflow/dags/02_xcom_dag.py
[2026-09-08T05:30:02.678+0000] {logging_mixin.py:190} INFO - [2026-09-08T05:30:02.678+0000] {dag.py:3239} INFO - Sync 1 DAGs
[2026-09-08T05:30:02.700+0000] {logging_mixin.py:190} INFO - [2026-09-08T05:30:02.700+0000] {dag.py:4180} INFO - Setting next_dagrun for xcom_dag to None, run_after=None
[2026-09-08T05:30:02.728+0000] {processor.py:208} INFO - Processing /opt/airflow/dags/02_xcom_dag.py took 0.113 seconds
[2026-09-08T05:30:32.822+0000] {processor.py:186} INFO - Started process (PID=1720) to work on /opt/airflow/dags/02_xcom_dag.py
[2026-09-08T05:30:32.824+0000] {processor.py:914} INFO - Processing file /opt/airflow/dags/02_xcom_dag.py for tasks to queue
[2026-09-08T05:30:32.826+0000] {logging_mixin.py:190} INFO - [2026-09-08T05:30:32.826+0000] {dagbag.py:588} INFO - Filling up the DagBag from /opt/airflow/dags/02_xcom_dag.py
[2026-09-08T05:30:32.862+0000] {processor.py:925} INFO - DAG(s) 'xcom_dag' retrieved from /opt/airflow/dags/02_xcom_dag.py
[2026-09-08T05:30:32.903+0000] {logging_mixin.py:190} INFO - [2026-09-08T05:30:32.903+0000] {dag.py:3239} INFO - Sync 1 DAGs
[2026-09-08T05:30:32.923+0000] {logging_mixin.py:190} INFO - [2026-09-08T05:30:32.923+0000] {dag.py:4180} INFO - Setting next_dagrun for xcom_dag to None, run_after=None
[2026-09-08T05:30:32.957+0000] {processor.py:208} INFO - Processing /opt/airflow/dags/02_xcom_dag.py took 0.142 seconds
[2026-09-08T05:31:03.102+0000] {processor.py:186} INFO - Started process (PID=1734) to work on /opt/airflow/dags/02_xcom_dag.py
[2026-09-08T05:31:03.103+0000] {processor.py:914} INFO - Processing file /opt/airflow/dags/02_xcom_dag.py for tasks to queue
[2026-09-08T05:31:03.104+0000] {logging_mixin.py:190} INFO - [2026-09-08T05:31:03.104+0000] {dagbag.py:588} INFO - Filling up the DagBag from /opt/airflow/dags/02_xcom_dag.py
[2026-09-08T05:31:03.123+0000] {processor.py:925} INFO - DAG(s) 'xcom_dag' retrieved from /opt/airflow/dags/02_xcom_dag.py
[2026-09-08T05:31:03.160+0000] {logging_mixin.py:190} INFO - [2026-09-08T05:31:03.160+0000] {dag.py:3239} INFO - Sync 1 DAGs
[2026-09-08T05:31:03.177+0000] {logging_mixin.py:190} INFO - [2026-09-08T05:31:03.177+0000] {dag.py:4180} INFO - Setting next_dagrun for xcom_dag to None, run_after=None
[2026-09-08T05:31:03.203+0000] {processor.py:208} INFO - Processing /opt/airflow/dags/02_xcom_dag.py took 0.108 seconds
[2026-09-08T05:31:33.335+0000] {processor.py:186} INFO - Started process (PID=1748) to work on /opt/airflow/dags/02_xcom_dag.py
[2026-09-08T05:31:33.336+0000] {processor.py:914} INFO - Processing file /opt/airflow/dags/02_xcom_dag.py for tasks to queue
[2026-09-08T05:31:33.338+0000] {logging_mixin.py:190} INFO - [2026-09-08T05:31:33.337+0000] {dagbag.py:588} INFO - Filling up the DagBag from /opt/airflow/dags/02_xcom_dag.py
[2026-09-08T05:31:33.359+0000] {processor.py:925} INFO - DAG(s) 'xcom_dag' retrieved from /opt/airflow/dags/02_xcom_dag.py
[2026-09-08T05:31:33.397+0000] {logging_mixin.py:190} INFO - [2026-09-08T05:31:33.396+0000] {dag.py:3239} INFO - Sync 1 DAGs
[2026-09-08T05:31:33.418+0000] {logging_mixin.py:190} INFO - [2026-09-08T05:31:33.418+0000] {dag.py:4180} INFO - Setting next_dagrun for xcom_dag to None, run_after=None
[2026-09-08T05:31:33.448+0000] {processor.py:208} INFO - Processing /opt/airflow/dags/02_xcom_dag.py took 0.127 seconds
[2026-09-08T05:32:03.780+0000] {processor.py:186} INFO - Started process (PID=1762) to work on /opt/airflow/dags/02_xcom_dag.py
[2026-09-08T05:32:03.780+0000] {processor.py:914} INFO - Processing file /opt/airflow/dags/02_xcom_dag.py for tasks to queue
[2026-09-08T05:32:03.782+0000] {logging_mixin.py:190} INFO - [2026-09-08T05:32:03.781+0000] {dagbag.py:588} INFO - Filling up the DagBag from /opt/airflow/dags/02_xcom_dag.py
[2026-09-08T05:32:03.808+0000] {processor.py:925} INFO - DAG(s) 'xcom_dag' retrieved from /opt/airflow/dags/02_xcom_dag.py
[2026-09-08T05:32:03.839+0000] {logging_mixin.py:190} INFO - [2026-09-08T05:32:03.838+0000] {dag.py:3239} INFO - Sync 1 DAGs
[2026-09-08T05:32:03.858+0000] {logging_mixin.py:190} INFO - [2026-09-08T05:32:03.857+0000] {dag.py:4180} INFO - Setting next_dagrun for xcom_dag to None, run_after=None
[2026-09-08T05:32:03.884+0000] {processor.py:208} INFO - Processing /opt/airflow/dags/02_xcom_dag.py took 0.113 seconds
[2026-09-08T05:32:34.344+0000] {processor.py:186} INFO - Started process (PID=1776) to work on /opt/airflow/dags/02_xcom_dag.py
[2026-09-08T05:32:34.345+0000] {processor.py:914} INFO - Processing file /opt/airflow/dags/02_xcom_dag.py for tasks to queue
[2026-09-08T05:32:34.346+0000] {logging_mixin.py:190} INFO - [2026-09-08T05:32:34.346+0000] {dagbag.py:588} INFO - Filling up the DagBag from /opt/airflow/dags/02_xcom_dag.py
[2026-09-08T05:32:34.364+0000] {processor.py:925} INFO - DAG(s) 'xcom_dag' retrieved from /opt/airflow/dags/02_xcom_dag.py
[2026-09-08T05:32:34.396+0000] {logging_mixin.py:190} INFO - [2026-09-08T05:32:34.395+0000] {dag.py:3239} INFO - Sync 1 DAGs
[2026-09-08T05:32:34.413+0000] {logging_mixin.py:190} INFO - [2026-09-08T05:32:34.412+0000] {dag.py:4180} INFO - Setting next_dagrun for xcom_dag to None, run_after=None
[2026-09-08T05:32:34.440+0000] {processor.py:208} INFO - Processing /opt/airflow/dags/02_xcom_dag.py took 0.103 seconds
[2026-09-08T05:33:04.596+0000] {processor.py:186} INFO - Started process (PID=1790) to work on /opt/airflow/dags/02_xcom_dag.py
[2026-09-08T05:33:04.597+0000] {processor.py:914} INFO - Processing file /opt/airflow/dags/02_xcom_dag.py for tasks to queue
[2026-09-08T05:33:04.598+0000] {logging_mixin.py:190} INFO - [2026-09-08T05:33:04.598+0000] {dagbag.py:588} INFO - Filling up the DagBag from /opt/airflow/dags/02_xcom_dag.py
[2026-09-08T05:33:04.621+0000] {processor.py:925} INFO - DAG(s) 'xcom_dag' retrieved from /opt/airflow/dags/02_xcom_dag.py
[2026-09-08T05:33:04.659+0000] {logging_mixin.py:190} INFO - [2026-09-08T05:33:04.659+0000] {dag.py:3239} INFO - Sync 1 DAGs
[2026-09-08T05:33:04.674+0000] {logging_mixin.py:190} INFO - [2026-09-08T05:33:04.674+0000] {dag.py:4180} INFO - Setting next_dagrun for xcom_dag to None, run_after=None
[2026-09-08T05:33:04.696+0000] {processor.py:208} INFO - Processing /opt/airflow/dags/02_xcom_dag.py took 0.112 seconds
[2026-09-08T05:33:35.281+0000] {processor.py:186} INFO - Started process (PID=1804) to work on /opt/airflow/dags/02_xcom_dag.py
[2026-09-08T05:33:35.282+0000] {processor.py:914} INFO - Processing file /opt/airflow/dags/02_xcom_dag.py for tasks to queue
[2026-09-08T05:33:35.284+0000] {logging_mixin.py:190} INFO - [2026-09-08T05:33:35.283+0000] {dagbag.py:588} INFO - Filling up the DagBag from /opt/airflow/dags/02_xcom_dag.py
[2026-09-08T05:33:35.313+0000] {processor.py:925} INFO - DAG(s) 'xcom_dag' retrieved from /opt/airflow/dags/02_xcom_dag.py
[2026-09-08T05:33:35.349+0000] {logging_mixin.py:190} INFO - [2026-09-08T05:33:35.349+0000] {dag.py:3239} INFO - Sync 1 DAGs
[2026-09-08T05:33:35.379+0000] {logging_mixin.py:190} INFO - [2026-09-08T05:33:35.379+0000] {dag.py:4180} INFO - Setting next_dagrun for xcom_dag to None, run_after=None
[2026-09-08T05:33:35.414+0000] {processor.py:208} INFO - Processing /opt/airflow/dags/02_xcom_dag.py took 0.141 seconds
[2026-09-08T05:34:05.635+0000] {processor.py:186} INFO - Started process (PID=1818) to work on /opt/airflow/dags/02_xcom_dag.py
[2026-09-08T05:34:05.636+0000] {processor.py:914} INFO - Processing file /opt/airflow/dags/02_xcom_dag.py for tasks to queue
[2026-09-08T05:34:05.637+0000] {logging_mixin.py:190} INFO - [2026-09-08T05:34:05.637+0000] {dagbag.py:588} INFO - Filling up the DagBag from /opt/airflow/dags/02_xcom_dag.py
[2026-09-08T05:34:05.657+0000] {processor.py:925} INFO - DAG(s) 'xcom_dag' retrieved from /opt/airflow/dags/02_xcom_dag.py
[2026-09-08T05:34:05.690+0000] {logging_mixin.py:190} INFO - [2026-09-08T05:34:05.690+0000] {dag.py:3239} INFO - Sync 1 DAGs
[2026-09-08T05:34:05.710+0000] {logging_mixin.py:190} INFO - [2026-09-08T05:34:05.710+0000] {dag.py:4180} INFO - Setting next_dagrun for xcom_dag to None, run_after=None
[2026-09-08T05:34:05.739+0000] {processor.py:208} INFO - Processing /opt/airflow/dags/02_xcom_dag.py took 0.112 seconds
[2026-09-08T05:34:36.011+0000] {processor.py:186} INFO - Started process (PID=1833) to work on /opt/airflow/dags/02_xcom_dag.py
[2026-09-08T05:34:36.011+0000] {processor.py:914} INFO - Processing file /opt/airflow/dags/02_xcom_dag.py for tasks to queue
[2026-09-08T05:34:36.013+0000] {logging_mixin.py:190} INFO - [2026-09-08T05:34:36.012+0000] {dagbag.py:588} INFO - Filling up the DagBag from /opt/airflow/dags/02_xcom_dag.py
[2026-09-08T05:34:36.044+0000] {processor.py:925} INFO - DAG(s) 'xcom_dag' retrieved from /opt/airflow/dags/02_xcom_dag.py
[2026-09-08T05:34:36.094+0000] {logging_mixin.py:190} INFO - [2026-09-08T05:34:36.093+0000] {dag.py:3239} INFO - Sync 1 DAGs
[2026-09-08T05:34:36.118+0000] {logging_mixin.py:190} INFO - [2026-09-08T05:34:36.117+0000] {dag.py:4180} INFO - Setting next_dagrun for xcom_dag to None, run_after=None
[2026-09-08T05:34:36.148+0000] {processor.py:208} INFO - Processing /opt/airflow/dags/02_xcom_dag.py took 0.147 seconds
[2026-09-08T05:35:07.086+0000] {processor.py:186} INFO - Started process (PID=1847) to work on /opt/airflow/dags/02_xcom_dag.py
[2026-09-08T05:35:07.097+0000] {processor.py:914} INFO - Processing file /opt/airflow/dags/02_xcom_dag.py for tasks to queue
[2026-09-08T05:35:07.100+0000] {logging_mixin.py:190} INFO - [2026-09-08T05:35:07.099+0000] {dagbag.py:588} INFO - Filling up the DagBag from /opt/airflow/dags/02_xcom_dag.py
[2026-09-08T05:35:07.120+0000] {processor.py:925} INFO - DAG(s) 'xcom_dag' retrieved from /opt/airflow/dags/02_xcom_dag.py
[2026-09-08T05:35:07.172+0000] {logging_mixin.py:190} INFO - [2026-09-08T05:35:07.172+0000] {dag.py:3239} INFO - Sync 1 DAGs
[2026-09-08T05:35:07.196+0000] {logging_mixin.py:190} INFO - [2026-09-08T05:35:07.195+0000] {dag.py:4180} INFO - Setting next_dagrun for xcom_dag to None, run_after=None
[2026-09-08T05:35:07.234+0000] {processor.py:208} INFO - Processing /opt/airflow/dags/02_xcom_dag.py took 0.153 seconds
[2026-09-08T05:35:37.398+0000] {processor.py:186} INFO - Started process (PID=1859) to work on /opt/airflow/dags/02_xcom_dag.py
[2026-09-08T05:35:37.399+0000] {processor.py:914} INFO - Processing file /opt/airflow/dags/02_xcom_dag.py for tasks to queue
[2026-09-08T05:35:37.401+0000] {logging_mixin.py:190} INFO - [2026-09-08T05:35:37.400+0000] {dagbag.py:588} INFO - Filling up the DagBag from /opt/airflow/dags/02_xcom_dag.py
[2026-09-08T05:35:37.416+0000] {processor.py:925} INFO - DAG(s) 'xcom_dag' retrieved from /opt/airflow/dags/02_xcom_dag.py
[2026-09-08T05:35:37.448+0000] {logging_mixin.py:190} INFO - [2026-09-08T05:35:37.448+0000] {dag.py:3239} INFO - Sync 1 DAGs
[2026-09-08T05:35:37.466+0000] {logging_mixin.py:190} INFO - [2026-09-08T05:35:37.466+0000] {dag.py:4180} INFO - Setting next_dagrun for xcom_dag to None, run_after=None
[2026-09-08T05:35:37.495+0000] {processor.py:208} INFO - Processing /opt/airflow/dags/02_xcom_dag.py took 0.103 seconds
[2026-09-08T05:36:07.710+0000] {processor.py:186} INFO - Started process (PID=1873) to work on /opt/airflow/dags/02_xcom_dag.py
[2026-09-08T05:36:07.711+0000] {processor.py:914} INFO - Processing file /opt/airflow/dags/02_xcom_dag.py for tasks to queue
[2026-09-08T05:36:07.712+0000] {logging_mixin.py:190} INFO - [2026-09-08T05:36:07.712+0000] {dagbag.py:588} INFO - Filling up the DagBag from /opt/airflow/dags/02_xcom_dag.py
[2026-09-08T05:36:07.751+0000] {processor.py:925} INFO - DAG(s) 'xcom_dag' retrieved from /opt/airflow/dags/02_xcom_dag.py
[2026-09-08T05:36:07.804+0000] {logging_mixin.py:190} INFO - [2026-09-08T05:36:07.803+0000] {dag.py:3239} INFO - Sync 1 DAGs
[2026-09-08T05:36:07.835+0000] {logging_mixin.py:190} INFO - [2026-09-08T05:36:07.835+0000] {dag.py:4180} INFO - Setting next_dagrun for xcom_dag to None, run_after=None
[2026-09-08T05:36:07.870+0000] {processor.py:208} INFO - Processing /opt/airflow/dags/02_xcom_dag.py took 0.171 seconds
[2026-09-08T05:36:38.041+0000] {processor.py:186} INFO - Started process (PID=1887) to work on /opt/airflow/dags/02_xcom_dag.py
[2026-09-08T05:36:38.043+0000] {processor.py:914} INFO - Processing file /opt/airflow/dags/02_xcom_dag.py for tasks to queue
[2026-09-08T05:36:38.044+0000] {logging_mixin.py:190} INFO - [2026-09-08T05:36:38.044+0000] {dagbag.py:588} INFO - Filling up the DagBag from /opt/airflow/dags/02_xcom_dag.py
[2026-09-08T05:36:38.074+0000] {processor.py:925} INFO - DAG(s) 'xcom_dag' retrieved from /opt/airflow/dags/02_xcom_dag.py
[2026-09-08T05:36:38.114+0000] {logging_mixin.py:190} INFO - [2026-09-08T05:36:38.114+0000] {dag.py:3239} INFO - Sync 1 DAGs
[2026-09-08T05:36:38.139+0000] {logging_mixin.py:190} INFO - [2026-09-08T05:36:38.138+0000] {dag.py:4180} INFO - Setting next_dagrun for xcom_dag to None, run_after=None
[2026-09-08T05:36:38.173+0000] {processor.py:208} INFO - Processing /opt/airflow/dags/02_xcom_dag.py took 0.139 seconds
[2026-09-08T05:37:08.743+0000] {processor.py:186} INFO - Started process (PID=1902) to work on /opt/airflow/dags/02_xcom_dag.py
[2026-09-08T05:37:08.744+0000] {processor.py:914} INFO - Processing file /opt/airflow/dags/02_xcom_dag.py for tasks to queue
[2026-09-08T05:37:08.746+0000] {logging_mixin.py:190} INFO - [2026-09-08T05:37:08.745+0000] {dagbag.py:588} INFO - Filling up the DagBag from /opt/airflow/dags/02_xcom_dag.py
[2026-09-08T05:37:08.766+0000] {processor.py:925} INFO - DAG(s) 'xcom_dag' retrieved from /opt/airflow/dags/02_xcom_dag.py
[2026-09-08T05:37:08.819+0000] {logging_mixin.py:190} INFO - [2026-09-08T05:37:08.818+0000] {dag.py:3239} INFO - Sync 1 DAGs
[2026-09-08T05:37:08.850+0000] {logging_mixin.py:190} INFO - [2026-09-08T05:37:08.850+0000] {dag.py:4180} INFO - Setting next_dagrun for xcom_dag to None, run_after=None
[2026-09-08T05:37:08.896+0000] {processor.py:208} INFO - Processing /opt/airflow/dags/02_xcom_dag.py took 0.161 seconds
[2026-09-08T05:37:39.012+0000] {processor.py:186} INFO - Started process (PID=1916) to work on /opt/airflow/dags/02_xcom_dag.py
[2026-09-08T05:37:39.016+0000] {processor.py:914} INFO - Processing file /opt/airflow/dags/02_xcom_dag.py for tasks to queue
[2026-09-08T05:37:39.019+0000] {logging_mixin.py:190} INFO - [2026-09-08T05:37:39.018+0000] {dagbag.py:588} INFO - Filling up the DagBag from /opt/airflow/dags/02_xcom_dag.py
[2026-09-08T05:37:39.038+0000] {processor.py:925} INFO - DAG(s) 'xcom_dag' retrieved from /opt/airflow/dags/02_xcom_dag.py
[2026-09-08T05:37:39.073+0000] {logging_mixin.py:190} INFO - [2026-09-08T05:37:39.073+0000] {dag.py:3239} INFO - Sync 1 DAGs
[2026-09-08T05:37:39.096+0000] {logging_mixin.py:190} INFO - [2026-09-08T05:37:39.096+0000] {dag.py:4180} INFO - Setting next_dagrun for xcom_dag to None, run_after=None
[2026-09-08T05:37:39.124+0000] {processor.py:208} INFO - Processing /opt/airflow/dags/02_xcom_dag.py took 0.121 seconds
[2026-09-08T05:38:09.329+0000] {processor.py:186} INFO - Started process (PID=1930) to work on /opt/airflow/dags/02_xcom_dag.py
[2026-09-08T05:38:09.329+0000] {processor.py:914} INFO - Processing file /opt/airflow/dags/02_xcom_dag.py for tasks to queue
[2026-09-08T05:38:09.331+0000] {logging_mixin.py:190} INFO - [2026-09-08T05:38:09.330+0000] {dagbag.py:588} INFO - Filling up the DagBag from /opt/airflow/dags/02_xcom_dag.py
[2026-09-08T05:38:09.352+0000] {processor.py:925} INFO - DAG(s) 'xcom_dag' retrieved from /opt/airflow/dags/02_xcom_dag.py
[2026-09-08T05:38:09.382+0000] {logging_mixin.py:190} INFO - [2026-09-08T05:38:09.381+0000] {dag.py:3239} INFO - Sync 1 DAGs
[2026-09-08T05:38:09.394+0000] {logging_mixin.py:190} INFO - [2026-09-08T05:38:09.394+0000] {dag.py:4180} INFO - Setting next_dagrun for xcom_dag to None, run_after=None
[2026-09-08T05:38:09.427+0000] {processor.py:208} INFO - Processing /opt/airflow/dags/02_xcom_dag.py took 0.105 seconds
[2026-09-08T06:18:39.773+0000] {processor.py:186} INFO - Started process (PID=125) to work on /opt/airflow/dags/02_xcom_dag.py
[2026-09-08T06:18:39.775+0000] {processor.py:914} INFO - Processing file /opt/airflow/dags/02_xcom_dag.py for tasks to queue
[2026-09-08T06:18:39.778+0000] {logging_mixin.py:190} INFO - [2026-09-08T06:18:39.778+0000] {dagbag.py:588} INFO - Filling up the DagBag from /opt/airflow/dags/02_xcom_dag.py
[2026-09-08T06:18:39.845+0000] {processor.py:925} INFO - DAG(s) 'xcom_dag' retrieved from /opt/airflow/dags/02_xcom_dag.py
[2026-09-08T06:18:39.908+0000] {logging_mixin.py:190} INFO - [2026-09-08T06:18:39.907+0000] {dag.py:3239} INFO - Sync 1 DAGs
[2026-09-08T06:18:39.939+0000] {logging_mixin.py:190} INFO - [2026-09-08T06:18:39.939+0000] {dag.py:4180} INFO - Setting next_dagrun for xcom_dag to None, run_after=None
[2026-09-08T06:18:39.985+0000] {processor.py:208} INFO - Processing /opt/airflow/dags/02_xcom_dag.py took 0.315 seconds
[2026-09-08T06:19:10.472+0000] {processor.py:186} INFO - Started process (PID=137) to work on /opt/airflow/dags/02_xcom_dag.py
[2026-09-08T06:19:10.521+0000] {processor.py:914} INFO - Processing file /opt/airflow/dags/02_xcom_dag.py for tasks to queue
[2026-09-08T06:19:10.526+0000] {logging_mixin.py:190} INFO - [2026-09-08T06:19:10.525+0000] {dagbag.py:588} INFO - Filling up the DagBag from /opt/airflow/dags/02_xcom_dag.py
[2026-09-08T06:19:10.600+0000] {processor.py:925} INFO - DAG(s) 'xcom_dag' retrieved from /opt/airflow/dags/02_xcom_dag.py
[2026-09-08T06:19:10.709+0000] {logging_mixin.py:190} INFO - [2026-09-08T06:19:10.709+0000] {dag.py:3239} INFO - Sync 1 DAGs
[2026-09-08T06:19:10.771+0000] {logging_mixin.py:190} INFO - [2026-09-08T06:19:10.771+0000] {dag.py:4180} INFO - Setting next_dagrun for xcom_dag to None, run_after=None
[2026-09-08T06:19:10.830+0000] {processor.py:208} INFO - Processing /opt/airflow/dags/02_xcom_dag.py took 0.376 seconds
[2026-09-08T06:19:42.920+0000] {processor.py:186} INFO - Started process (PID=151) to work on /opt/airflow/dags/02_xcom_dag.py
[2026-09-08T06:19:42.953+0000] {processor.py:914} INFO - Processing file /opt/airflow/dags/02_xcom_dag.py for tasks to queue
[2026-09-08T06:19:43.058+0000] {logging_mixin.py:190} INFO - [2026-09-08T06:19:42.956+0000] {dagbag.py:588} INFO - Filling up the DagBag from /opt/airflow/dags/02_xcom_dag.py
[2026-09-08T06:19:44.462+0000] {processor.py:925} INFO - DAG(s) 'xcom_dag' retrieved from /opt/airflow/dags/02_xcom_dag.py
[2026-09-08T06:19:45.021+0000] {logging_mixin.py:190} INFO - [2026-09-08T06:19:45.021+0000] {dag.py:3239} INFO - Sync 1 DAGs
[2026-09-08T06:19:47.405+0000] {logging_mixin.py:190} INFO - [2026-09-08T06:19:47.404+0000] {dag.py:4180} INFO - Setting next_dagrun for xcom_dag to None, run_after=None
[2026-09-08T06:19:50.626+0000] {processor.py:208} INFO - Processing /opt/airflow/dags/02_xcom_dag.py took 7.764 seconds
[2026-09-08T06:24:37.910+0000] {processor.py:186} INFO - Started process (PID=98) to work on /opt/airflow/dags/02_xcom_dag.py
[2026-09-08T06:24:37.912+0000] {processor.py:914} INFO - Processing file /opt/airflow/dags/02_xcom_dag.py for tasks to queue
[2026-09-08T06:24:37.915+0000] {logging_mixin.py:190} INFO - [2026-09-08T06:24:37.914+0000] {dagbag.py:588} INFO - Filling up the DagBag from /opt/airflow/dags/02_xcom_dag.py
[2026-09-08T06:24:37.953+0000] {processor.py:925} INFO - DAG(s) 'xcom_dag' retrieved from /opt/airflow/dags/02_xcom_dag.py
[2026-09-08T06:24:38.019+0000] {logging_mixin.py:190} INFO - [2026-09-08T06:24:38.018+0000] {dag.py:3239} INFO - Sync 1 DAGs
[2026-09-08T06:24:38.049+0000] {logging_mixin.py:190} INFO - [2026-09-08T06:24:38.048+0000] {dag.py:4180} INFO - Setting next_dagrun for xcom_dag to None, run_after=None
[2026-09-08T06:24:38.107+0000] {processor.py:208} INFO - Processing /opt/airflow/dags/02_xcom_dag.py took 0.209 seconds
[2026-09-08T06:25:09.472+0000] {processor.py:186} INFO - Started process (PID=112) to work on /opt/airflow/dags/02_xcom_dag.py
[2026-09-08T06:25:09.474+0000] {processor.py:914} INFO - Processing file /opt/airflow/dags/02_xcom_dag.py for tasks to queue
[2026-09-08T06:25:09.477+0000] {logging_mixin.py:190} INFO - [2026-09-08T06:25:09.477+0000] {dagbag.py:588} INFO - Filling up the DagBag from /opt/airflow/dags/02_xcom_dag.py
[2026-09-08T06:25:09.524+0000] {processor.py:925} INFO - DAG(s) 'xcom_dag' retrieved from /opt/airflow/dags/02_xcom_dag.py
[2026-09-08T06:25:09.591+0000] {logging_mixin.py:190} INFO - [2026-09-08T06:25:09.591+0000] {dag.py:3239} INFO - Sync 1 DAGs
[2026-09-08T06:25:09.628+0000] {logging_mixin.py:190} INFO - [2026-09-08T06:25:09.627+0000] {dag.py:4180} INFO - Setting next_dagrun for xcom_dag to None, run_after=None
[2026-09-08T06:25:09.995+0000] {processor.py:208} INFO - Processing /opt/airflow/dags/02_xcom_dag.py took 0.534 seconds
[2026-09-08T06:26:01.981+0000] {processor.py:186} INFO - Started process (PID=132) to work on /opt/airflow/dags/02_xcom_dag.py
[2026-09-08T06:26:02.211+0000] {processor.py:914} INFO - Processing file /opt/airflow/dags/02_xcom_dag.py for tasks to queue
[2026-09-08T06:26:02.219+0000] {logging_mixin.py:190} INFO - [2026-09-08T06:26:02.218+0000] {dagbag.py:588} INFO - Filling up the DagBag from /opt/airflow/dags/02_xcom_dag.py
[2026-09-08T06:26:02.532+0000] {processor.py:925} INFO - DAG(s) 'xcom_dag' retrieved from /opt/airflow/dags/02_xcom_dag.py
[2026-09-08T06:26:03.421+0000] {logging_mixin.py:190} INFO - [2026-09-08T06:26:03.420+0000] {dag.py:3239} INFO - Sync 1 DAGs
[2026-09-08T06:26:04.938+0000] {logging_mixin.py:190} INFO - [2026-09-08T06:26:04.937+0000] {dag.py:4180} INFO - Setting next_dagrun for xcom_dag to None, run_after=None
[2026-09-08T06:26:05.579+0000] {processor.py:208} INFO - Processing /opt/airflow/dags/02_xcom_dag.py took 3.612 seconds
[2026-09-08T06:26:35.861+0000] {processor.py:186} INFO - Started process (PID=146) to work on /opt/airflow/dags/02_xcom_dag.py
[2026-09-08T06:26:35.863+0000] {processor.py:914} INFO - Processing file /opt/airflow/dags/02_xcom_dag.py for tasks to queue
[2026-09-08T06:26:35.867+0000] {logging_mixin.py:190} INFO - [2026-09-08T06:26:35.867+0000] {dagbag.py:588} INFO - Filling up the DagBag from /opt/airflow/dags/02_xcom_dag.py
[2026-09-08T06:26:36.217+0000] {processor.py:925} INFO - DAG(s) 'xcom_dag' retrieved from /opt/airflow/dags/02_xcom_dag.py
[2026-09-08T06:26:36.273+0000] {logging_mixin.py:190} INFO - [2026-09-08T06:26:36.272+0000] {dag.py:3239} INFO - Sync 1 DAGs
[2026-09-08T06:26:36.299+0000] {logging_mixin.py:190} INFO - [2026-09-08T06:26:36.299+0000] {dag.py:4180} INFO - Setting next_dagrun for xcom_dag to None, run_after=None
[2026-09-08T06:26:36.341+0000] {processor.py:208} INFO - Processing /opt/airflow/dags/02_xcom_dag.py took 0.498 seconds
[2026-09-08T06:27:06.562+0000] {processor.py:186} INFO - Started process (PID=158) to work on /opt/airflow/dags/02_xcom_dag.py
[2026-09-08T06:27:06.564+0000] {processor.py:914} INFO - Processing file /opt/airflow/dags/02_xcom_dag.py for tasks to queue
[2026-09-08T06:27:06.568+0000] {logging_mixin.py:190} INFO - [2026-09-08T06:27:06.567+0000] {dagbag.py:588} INFO - Filling up the DagBag from /opt/airflow/dags/02_xcom_dag.py
[2026-09-08T06:27:06.609+0000] {processor.py:925} INFO - DAG(s) 'xcom_dag' retrieved from /opt/airflow/dags/02_xcom_dag.py
[2026-09-08T06:27:06.664+0000] {logging_mixin.py:190} INFO - [2026-09-08T06:27:06.663+0000] {dag.py:3239} INFO - Sync 1 DAGs
[2026-09-08T06:27:06.692+0000] {logging_mixin.py:190} INFO - [2026-09-08T06:27:06.692+0000] {dag.py:4180} INFO - Setting next_dagrun for xcom_dag to None, run_after=None
[2026-09-08T06:27:06.727+0000] {processor.py:208} INFO - Processing /opt/airflow/dags/02_xcom_dag.py took 0.178 seconds
[2026-09-08T06:27:37.164+0000] {processor.py:186} INFO - Started process (PID=172) to work on /opt/airflow/dags/02_xcom_dag.py
[2026-09-08T06:27:37.166+0000] {processor.py:914} INFO - Processing file /opt/airflow/dags/02_xcom_dag.py for tasks to queue
[2026-09-08T06:27:37.169+0000] {logging_mixin.py:190} INFO - [2026-09-08T06:27:37.168+0000] {dagbag.py:588} INFO - Filling up the DagBag from /opt/airflow/dags/02_xcom_dag.py
[2026-09-08T06:27:37.210+0000] {processor.py:925} INFO - DAG(s) 'xcom_dag' retrieved from /opt/airflow/dags/02_xcom_dag.py
[2026-09-08T06:27:37.264+0000] {logging_mixin.py:190} INFO - [2026-09-08T06:27:37.264+0000] {dag.py:3239} INFO - Sync 1 DAGs
[2026-09-08T06:27:37.296+0000] {logging_mixin.py:190} INFO - [2026-09-08T06:27:37.295+0000] {dag.py:4180} INFO - Setting next_dagrun for xcom_dag to None, run_after=None
[2026-09-08T06:27:37.334+0000] {processor.py:208} INFO - Processing /opt/airflow/dags/02_xcom_dag.py took 0.181 seconds
[2026-09-08T06:28:07.994+0000] {processor.py:186} INFO - Started process (PID=190) to work on /opt/airflow/dags/02_xcom_dag.py
[2026-09-08T06:28:07.996+0000] {processor.py:914} INFO - Processing file /opt/airflow/dags/02_xcom_dag.py for tasks to queue
[2026-09-08T06:28:08.000+0000] {logging_mixin.py:190} INFO - [2026-09-08T06:28:07.999+0000] {dagbag.py:588} INFO - Filling up the DagBag from /opt/airflow/dags/02_xcom_dag.py
[2026-09-08T06:28:08.049+0000] {processor.py:925} INFO - DAG(s) 'xcom_dag' retrieved from /opt/airflow/dags/02_xcom_dag.py
[2026-09-08T06:28:08.119+0000] {logging_mixin.py:190} INFO - [2026-09-08T06:28:08.118+0000] {dag.py:3239} INFO - Sync 1 DAGs
[2026-09-08T06:28:08.164+0000] {logging_mixin.py:190} INFO - [2026-09-08T06:28:08.164+0000] {dag.py:4180} INFO - Setting next_dagrun for xcom_dag to None, run_after=None
[2026-09-08T06:28:08.212+0000] {processor.py:208} INFO - Processing /opt/airflow/dags/02_xcom_dag.py took 0.235 seconds
[2026-09-08T06:37:58.907+0000] {processor.py:186} INFO - Started process (PID=114) to work on /opt/airflow/dags/02_xcom_dag.py
[2026-09-08T06:37:58.940+0000] {processor.py:914} INFO - Processing file /opt/airflow/dags/02_xcom_dag.py for tasks to queue
[2026-09-08T06:37:58.944+0000] {logging_mixin.py:190} INFO - [2026-09-08T06:37:58.943+0000] {dagbag.py:588} INFO - Filling up the DagBag from /opt/airflow/dags/02_xcom_dag.py
[2026-09-08T06:37:59.001+0000] {processor.py:925} INFO - DAG(s) 'xcom_dag' retrieved from /opt/airflow/dags/02_xcom_dag.py
[2026-09-08T06:37:59.291+0000] {logging_mixin.py:190} INFO - [2026-09-08T06:37:59.288+0000] {override.py:1911} INFO - Created Permission View: can edit on DAG:xcom_dag
[2026-09-08T06:37:59.314+0000] {logging_mixin.py:190} INFO - [2026-09-08T06:37:59.314+0000] {override.py:1911} INFO - Created Permission View: can read on DAG:xcom_dag
[2026-09-08T06:37:59.330+0000] {logging_mixin.py:190} INFO - [2026-09-08T06:37:59.329+0000] {override.py:1911} INFO - Created Permission View: can delete on DAG:xcom_dag
[2026-09-08T06:37:59.348+0000] {logging_mixin.py:190} INFO - [2026-09-08T06:37:59.348+0000] {override.py:1911} INFO - Created Permission View: can create on DAG Run:xcom_dag
[2026-09-08T06:37:59.363+0000] {logging_mixin.py:190} INFO - [2026-09-08T06:37:59.363+0000] {override.py:1911} INFO - Created Permission View: menu access on DAG Run:xcom_dag
[2026-09-08T06:37:59.377+0000] {logging_mixin.py:190} INFO - [2026-09-08T06:37:59.376+0000] {override.py:1911} INFO - Created Permission View: can read on DAG Run:xcom_dag
[2026-09-08T06:37:59.390+0000] {logging_mixin.py:190} INFO - [2026-09-08T06:37:59.389+0000] {override.py:1911} INFO - Created Permission View: can delete on DAG Run:xcom_dag
[2026-09-08T06:37:59.392+0000] {logging_mixin.py:190} INFO - [2026-09-08T06:37:59.391+0000] {dag.py:3239} INFO - Sync 1 DAGs
[2026-09-08T06:37:59.450+0000] {logging_mixin.py:190} INFO - [2026-09-08T06:37:59.450+0000] {dag.py:3262} INFO - Creating ORM DAG for xcom_dag
[2026-09-08T06:37:59.453+0000] {logging_mixin.py:190} INFO - [2026-09-08T06:37:59.452+0000] {dag.py:4180} INFO - Setting next_dagrun for xcom_dag to None, run_after=None
[2026-09-08T06:37:59.498+0000] {processor.py:208} INFO - Processing /opt/airflow/dags/02_xcom_dag.py took 0.606 seconds
[2026-09-08T06:38:36.668+0000] {processor.py:186} INFO - Started process (PID=134) to work on /opt/airflow/dags/02_xcom_dag.py
[2026-09-08T06:38:36.693+0000] {processor.py:914} INFO - Processing file /opt/airflow/dags/02_xcom_dag.py for tasks to queue
[2026-09-08T06:38:36.697+0000] {logging_mixin.py:190} INFO - [2026-09-08T06:38:36.696+0000] {dagbag.py:588} INFO - Filling up the DagBag from /opt/airflow/dags/02_xcom_dag.py
[2026-09-08T06:38:36.980+0000] {processor.py:925} INFO - DAG(s) 'xcom_dag' retrieved from /opt/airflow/dags/02_xcom_dag.py
[2026-09-08T06:38:39.175+0000] {logging_mixin.py:190} INFO - [2026-09-08T06:38:39.174+0000] {dag.py:3239} INFO - Sync 1 DAGs
[2026-09-08T06:38:41.143+0000] {logging_mixin.py:190} INFO - [2026-09-08T06:38:41.143+0000] {dag.py:4180} INFO - Setting next_dagrun for xcom_dag to None, run_after=None
[2026-09-08T06:38:41.921+0000] {processor.py:208} INFO - Processing /opt/airflow/dags/02_xcom_dag.py took 5.390 seconds
[2026-09-08T06:39:12.177+0000] {processor.py:186} INFO - Started process (PID=146) to work on /opt/airflow/dags/02_xcom_dag.py
[2026-09-08T06:39:12.179+0000] {processor.py:914} INFO - Processing file /opt/airflow/dags/02_xcom_dag.py for tasks to queue
[2026-09-08T06:39:12.183+0000] {logging_mixin.py:190} INFO - [2026-09-08T06:39:12.182+0000] {dagbag.py:588} INFO - Filling up the DagBag from /opt/airflow/dags/02_xcom_dag.py
[2026-09-08T06:39:12.296+0000] {processor.py:925} INFO - DAG(s) 'xcom_dag' retrieved from /opt/airflow/dags/02_xcom_dag.py
[2026-09-08T06:39:12.346+0000] {logging_mixin.py:190} INFO - [2026-09-08T06:39:12.346+0000] {dag.py:3239} INFO - Sync 1 DAGs
[2026-09-08T06:39:12.513+0000] {logging_mixin.py:190} INFO - [2026-09-08T06:39:12.513+0000] {dag.py:4180} INFO - Setting next_dagrun for xcom_dag to None, run_after=None
[2026-09-08T06:39:12.548+0000] {processor.py:208} INFO - Processing /opt/airflow/dags/02_xcom_dag.py took 0.380 seconds
[2026-09-08T06:39:43.462+0000] {processor.py:186} INFO - Started process (PID=160) to work on /opt/airflow/dags/02_xcom_dag.py
[2026-09-08T06:39:43.464+0000] {processor.py:914} INFO - Processing file /opt/airflow/dags/02_xcom_dag.py for tasks to queue
[2026-09-08T06:39:43.468+0000] {logging_mixin.py:190} INFO - [2026-09-08T06:39:43.467+0000] {dagbag.py:588} INFO - Filling up the DagBag from /opt/airflow/dags/02_xcom_dag.py
[2026-09-08T06:39:43.510+0000] {processor.py:925} INFO - DAG(s) 'xcom_dag' retrieved from /opt/airflow/dags/02_xcom_dag.py
[2026-09-08T06:39:43.577+0000] {logging_mixin.py:190} INFO - [2026-09-08T06:39:43.577+0000] {dag.py:3239} INFO - Sync 1 DAGs
[2026-09-08T06:39:43.607+0000] {logging_mixin.py:190} INFO - [2026-09-08T06:39:43.606+0000] {dag.py:4180} INFO - Setting next_dagrun for xcom_dag to None, run_after=None
[2026-09-08T06:39:43.649+0000] {processor.py:208} INFO - Processing /opt/airflow/dags/02_xcom_dag.py took 0.579 seconds
[2026-09-08T06:40:14.578+0000] {processor.py:186} INFO - Started process (PID=174) to work on /opt/airflow/dags/02_xcom_dag.py
[2026-09-08T06:40:14.579+0000] {processor.py:914} INFO - Processing file /opt/airflow/dags/02_xcom_dag.py for tasks to queue
[2026-09-08T06:40:14.583+0000] {logging_mixin.py:190} INFO - [2026-09-08T06:40:14.582+0000] {dagbag.py:588} INFO - Filling up the DagBag from /opt/airflow/dags/02_xcom_dag.py
[2026-09-08T06:40:14.632+0000] {processor.py:925} INFO - DAG(s) 'xcom_dag' retrieved from /opt/airflow/dags/02_xcom_dag.py
[2026-09-08T06:40:15.205+0000] {logging_mixin.py:190} INFO - [2026-09-08T06:40:15.204+0000] {dag.py:3239} INFO - Sync 1 DAGs
[2026-09-08T06:40:15.227+0000] {logging_mixin.py:190} INFO - [2026-09-08T06:40:15.226+0000] {dag.py:4180} INFO - Setting next_dagrun for xcom_dag to None, run_after=None
[2026-09-08T06:40:15.268+0000] {processor.py:208} INFO - Processing /opt/airflow/dags/02_xcom_dag.py took 0.703 seconds
[2026-09-08T06:40:45.453+0000] {processor.py:186} INFO - Started process (PID=188) to work on /opt/airflow/dags/02_xcom_dag.py
[2026-09-08T06:40:45.455+0000] {processor.py:914} INFO - Processing file /opt/airflow/dags/02_xcom_dag.py for tasks to queue
[2026-09-08T06:40:45.459+0000] {logging_mixin.py:190} INFO - [2026-09-08T06:40:45.458+0000] {dagbag.py:588} INFO - Filling up the DagBag from /opt/airflow/dags/02_xcom_dag.py
[2026-09-08T06:40:45.497+0000] {processor.py:925} INFO - DAG(s) 'xcom_dag' retrieved from /opt/airflow/dags/02_xcom_dag.py
[2026-09-08T06:40:45.548+0000] {logging_mixin.py:190} INFO - [2026-09-08T06:40:45.548+0000] {dag.py:3239} INFO - Sync 1 DAGs
[2026-09-08T06:40:45.575+0000] {logging_mixin.py:190} INFO - [2026-09-08T06:40:45.574+0000] {dag.py:4180} INFO - Setting next_dagrun for xcom_dag to None, run_after=None
[2026-09-08T06:40:45.610+0000] {processor.py:208} INFO - Processing /opt/airflow/dags/02_xcom_dag.py took 0.168 seconds
[2026-09-08T06:41:16.020+0000] {processor.py:186} INFO - Started process (PID=202) to work on /opt/airflow/dags/02_xcom_dag.py
[2026-09-08T06:41:16.021+0000] {processor.py:914} INFO - Processing file /opt/airflow/dags/02_xcom_dag.py for tasks to queue
[2026-09-08T06:41:16.026+0000] {logging_mixin.py:190} INFO - [2026-09-08T06:41:16.025+0000] {dagbag.py:588} INFO - Filling up the DagBag from /opt/airflow/dags/02_xcom_dag.py
[2026-09-08T06:41:16.079+0000] {processor.py:925} INFO - DAG(s) 'xcom_dag' retrieved from /opt/airflow/dags/02_xcom_dag.py
[2026-09-08T06:41:16.146+0000] {logging_mixin.py:190} INFO - [2026-09-08T06:41:16.145+0000] {dag.py:3239} INFO - Sync 1 DAGs
[2026-09-08T06:41:16.177+0000] {logging_mixin.py:190} INFO - [2026-09-08T06:41:16.177+0000] {dag.py:4180} INFO - Setting next_dagrun for xcom_dag to None, run_after=None
[2026-09-08T06:41:16.226+0000] {processor.py:208} INFO - Processing /opt/airflow/dags/02_xcom_dag.py took 0.218 seconds
[2026-09-08T06:41:46.477+0000] {processor.py:186} INFO - Started process (PID=216) to work on /opt/airflow/dags/02_xcom_dag.py
[2026-09-08T06:41:46.479+0000] {processor.py:914} INFO - Processing file /opt/airflow/dags/02_xcom_dag.py for tasks to queue
[2026-09-08T06:41:46.482+0000] {logging_mixin.py:190} INFO - [2026-09-08T06:41:46.482+0000] {dagbag.py:588} INFO - Filling up the DagBag from /opt/airflow/dags/02_xcom_dag.py
[2026-09-08T06:41:46.521+0000] {processor.py:925} INFO - DAG(s) 'xcom_dag' retrieved from /opt/airflow/dags/02_xcom_dag.py
[2026-09-08T06:41:46.726+0000] {logging_mixin.py:190} INFO - [2026-09-08T06:41:46.726+0000] {dag.py:3239} INFO - Sync 1 DAGs
[2026-09-08T06:41:46.755+0000] {logging_mixin.py:190} INFO - [2026-09-08T06:41:46.754+0000] {dag.py:4180} INFO - Setting next_dagrun for xcom_dag to None, run_after=None
[2026-09-08T06:41:46.789+0000] {processor.py:208} INFO - Processing /opt/airflow/dags/02_xcom_dag.py took 0.324 seconds
[2026-09-08T06:42:16.992+0000] {processor.py:186} INFO - Started process (PID=230) to work on /opt/airflow/dags/02_xcom_dag.py
[2026-09-08T06:42:16.995+0000] {processor.py:914} INFO - Processing file /opt/airflow/dags/02_xcom_dag.py for tasks to queue
[2026-09-08T06:42:17.000+0000] {logging_mixin.py:190} INFO - [2026-09-08T06:42:16.999+0000] {dagbag.py:588} INFO - Filling up the DagBag from /opt/airflow/dags/02_xcom_dag.py
[2026-09-08T06:42:17.040+0000] {processor.py:925} INFO - DAG(s) 'xcom_dag' retrieved from /opt/airflow/dags/02_xcom_dag.py
[2026-09-08T06:42:17.096+0000] {logging_mixin.py:190} INFO - [2026-09-08T06:42:17.095+0000] {dag.py:3239} INFO - Sync 1 DAGs
[2026-09-08T06:42:17.124+0000] {logging_mixin.py:190} INFO - [2026-09-08T06:42:17.123+0000] {dag.py:4180} INFO - Setting next_dagrun for xcom_dag to None, run_after=None
[2026-09-08T06:42:17.157+0000] {processor.py:208} INFO - Processing /opt/airflow/dags/02_xcom_dag.py took 0.177 seconds
[2026-09-08T06:42:48.207+0000] {processor.py:186} INFO - Started process (PID=244) to work on /opt/airflow/dags/02_xcom_dag.py
[2026-09-08T06:42:48.209+0000] {processor.py:914} INFO - Processing file /opt/airflow/dags/02_xcom_dag.py for tasks to queue
[2026-09-08T06:42:48.212+0000] {logging_mixin.py:190} INFO - [2026-09-08T06:42:48.211+0000] {dagbag.py:588} INFO - Filling up the DagBag from /opt/airflow/dags/02_xcom_dag.py
[2026-09-08T06:42:48.271+0000] {processor.py:925} INFO - DAG(s) 'xcom_dag' retrieved from /opt/airflow/dags/02_xcom_dag.py
[2026-09-08T06:42:48.333+0000] {logging_mixin.py:190} INFO - [2026-09-08T06:42:48.333+0000] {dag.py:3239} INFO - Sync 1 DAGs
[2026-09-08T06:42:48.362+0000] {logging_mixin.py:190} INFO - [2026-09-08T06:42:48.361+0000] {dag.py:4180} INFO - Setting next_dagrun for xcom_dag to None, run_after=None
[2026-09-08T06:42:48.407+0000] {processor.py:208} INFO - Processing /opt/airflow/dags/02_xcom_dag.py took 0.211 seconds
[2026-09-08T06:43:18.840+0000] {processor.py:186} INFO - Started process (PID=258) to work on /opt/airflow/dags/02_xcom_dag.py
[2026-09-08T06:43:18.842+0000] {processor.py:914} INFO - Processing file /opt/airflow/dags/02_xcom_dag.py for tasks to queue
[2026-09-08T06:43:18.845+0000] {logging_mixin.py:190} INFO - [2026-09-08T06:43:18.844+0000] {dagbag.py:588} INFO - Filling up the DagBag from /opt/airflow/dags/02_xcom_dag.py
[2026-09-08T06:43:18.892+0000] {processor.py:925} INFO - DAG(s) 'xcom_dag' retrieved from /opt/airflow/dags/02_xcom_dag.py
[2026-09-08T06:43:18.955+0000] {logging_mixin.py:190} INFO - [2026-09-08T06:43:18.955+0000] {dag.py:3239} INFO - Sync 1 DAGs
[2026-09-08T06:43:18.986+0000] {logging_mixin.py:190} INFO - [2026-09-08T06:43:18.985+0000] {dag.py:4180} INFO - Setting next_dagrun for xcom_dag to None, run_after=None
[2026-09-08T06:43:19.023+0000] {processor.py:208} INFO - Processing /opt/airflow/dags/02_xcom_dag.py took 0.195 seconds
[2026-09-08T06:43:49.301+0000] {processor.py:186} INFO - Started process (PID=272) to work on /opt/airflow/dags/02_xcom_dag.py
[2026-09-08T06:43:49.303+0000] {processor.py:914} INFO - Processing file /opt/airflow/dags/02_xcom_dag.py for tasks to queue
[2026-09-08T06:43:49.306+0000] {logging_mixin.py:190} INFO - [2026-09-08T06:43:49.305+0000] {dagbag.py:588} INFO - Filling up the DagBag from /opt/airflow/dags/02_xcom_dag.py
[2026-09-08T06:43:49.350+0000] {processor.py:925} INFO - DAG(s) 'xcom_dag' retrieved from /opt/airflow/dags/02_xcom_dag.py
[2026-09-08T06:43:49.409+0000] {logging_mixin.py:190} INFO - [2026-09-08T06:43:49.408+0000] {dag.py:3239} INFO - Sync 1 DAGs
[2026-09-08T06:43:49.445+0000] {logging_mixin.py:190} INFO - [2026-09-08T06:43:49.444+0000] {dag.py:4180} INFO - Setting next_dagrun for xcom_dag to None, run_after=None
[2026-09-08T06:43:49.491+0000] {processor.py:208} INFO - Processing /opt/airflow/dags/02_xcom_dag.py took 0.202 seconds
[2026-09-08T06:44:21.044+0000] {processor.py:186} INFO - Started process (PID=286) to work on /opt/airflow/dags/02_xcom_dag.py
[2026-09-08T06:44:21.046+0000] {processor.py:914} INFO - Processing file /opt/airflow/dags/02_xcom_dag.py for tasks to queue
[2026-09-08T06:44:21.082+0000] {logging_mixin.py:190} INFO - [2026-09-08T06:44:21.079+0000] {dagbag.py:588} INFO - Filling up the DagBag from /opt/airflow/dags/02_xcom_dag.py
[2026-09-08T06:44:21.219+0000] {processor.py:925} INFO - DAG(s) 'xcom_dag' retrieved from /opt/airflow/dags/02_xcom_dag.py
[2026-09-08T06:44:21.404+0000] {logging_mixin.py:190} INFO - [2026-09-08T06:44:21.403+0000] {dag.py:3239} INFO - Sync 1 DAGs
[2026-09-08T06:44:21.441+0000] {logging_mixin.py:190} INFO - [2026-09-08T06:44:21.441+0000] {dag.py:4180} INFO - Setting next_dagrun for xcom_dag to None, run_after=None
[2026-09-08T06:44:21.487+0000] {processor.py:208} INFO - Processing /opt/airflow/dags/02_xcom_dag.py took 0.680 seconds
[2026-09-08T06:44:51.936+0000] {processor.py:186} INFO - Started process (PID=299) to work on /opt/airflow/dags/02_xcom_dag.py
[2026-09-08T06:44:51.938+0000] {processor.py:914} INFO - Processing file /opt/airflow/dags/02_xcom_dag.py for tasks to queue
[2026-09-08T06:44:51.943+0000] {logging_mixin.py:190} INFO - [2026-09-08T06:44:51.942+0000] {dagbag.py:588} INFO - Filling up the DagBag from /opt/airflow/dags/02_xcom_dag.py
[2026-09-08T06:44:51.992+0000] {processor.py:925} INFO - DAG(s) 'xcom_dag' retrieved from /opt/airflow/dags/02_xcom_dag.py
[2026-09-08T06:44:52.064+0000] {logging_mixin.py:190} INFO - [2026-09-08T06:44:52.063+0000] {dag.py:3239} INFO - Sync 1 DAGs
[2026-09-08T06:44:52.102+0000] {logging_mixin.py:190} INFO - [2026-09-08T06:44:52.102+0000] {dag.py:4180} INFO - Setting next_dagrun for xcom_dag to None, run_after=None
[2026-09-08T06:44:52.152+0000] {processor.py:208} INFO - Processing /opt/airflow/dags/02_xcom_dag.py took 0.234 seconds
[2026-09-08T06:45:22.620+0000] {processor.py:186} INFO - Started process (PID=312) to work on /opt/airflow/dags/02_xcom_dag.py
[2026-09-08T06:45:22.622+0000] {processor.py:914} INFO - Processing file /opt/airflow/dags/02_xcom_dag.py for tasks to queue
[2026-09-08T06:45:22.626+0000] {logging_mixin.py:190} INFO - [2026-09-08T06:45:22.625+0000] {dagbag.py:588} INFO - Filling up the DagBag from /opt/airflow/dags/02_xcom_dag.py
[2026-09-08T06:45:22.665+0000] {processor.py:925} INFO - DAG(s) 'xcom_dag' retrieved from /opt/airflow/dags/02_xcom_dag.py
[2026-09-08T06:45:22.724+0000] {logging_mixin.py:190} INFO - [2026-09-08T06:45:22.723+0000] {dag.py:3239} INFO - Sync 1 DAGs
[2026-09-08T06:45:22.752+0000] {logging_mixin.py:190} INFO - [2026-09-08T06:45:22.752+0000] {dag.py:4180} INFO - Setting next_dagrun for xcom_dag to None, run_after=None
[2026-09-08T06:45:22.794+0000] {processor.py:208} INFO - Processing /opt/airflow/dags/02_xcom_dag.py took 0.185 seconds
[2026-09-08T06:45:53.800+0000] {processor.py:186} INFO - Started process (PID=326) to work on /opt/airflow/dags/02_xcom_dag.py
[2026-09-08T06:45:53.802+0000] {processor.py:914} INFO - Processing file /opt/airflow/dags/02_xcom_dag.py for tasks to queue
[2026-09-08T06:45:53.805+0000] {logging_mixin.py:190} INFO - [2026-09-08T06:45:53.804+0000] {dagbag.py:588} INFO - Filling up the DagBag from /opt/airflow/dags/02_xcom_dag.py
[2026-09-08T06:45:53.844+0000] {processor.py:925} INFO - DAG(s) 'xcom_dag' retrieved from /opt/airflow/dags/02_xcom_dag.py
[2026-09-08T06:45:53.896+0000] {logging_mixin.py:190} INFO - [2026-09-08T06:45:53.895+0000] {dag.py:3239} INFO - Sync 1 DAGs
[2026-09-08T06:45:53.919+0000] {logging_mixin.py:190} INFO - [2026-09-08T06:45:53.918+0000] {dag.py:4180} INFO - Setting next_dagrun for xcom_dag to None, run_after=None
[2026-09-08T06:45:53.959+0000] {processor.py:208} INFO - Processing /opt/airflow/dags/02_xcom_dag.py took 0.169 seconds
[2026-09-08T06:46:24.304+0000] {processor.py:186} INFO - Started process (PID=340) to work on /opt/airflow/dags/02_xcom_dag.py
[2026-09-08T06:46:24.306+0000] {processor.py:914} INFO - Processing file /opt/airflow/dags/02_xcom_dag.py for tasks to queue
[2026-09-08T06:46:24.312+0000] {logging_mixin.py:190} INFO - [2026-09-08T06:46:24.311+0000] {dagbag.py:588} INFO - Filling up the DagBag from /opt/airflow/dags/02_xcom_dag.py
[2026-09-08T06:46:24.357+0000] {processor.py:925} INFO - DAG(s) 'xcom_dag' retrieved from /opt/airflow/dags/02_xcom_dag.py
[2026-09-08T06:46:24.481+0000] {logging_mixin.py:190} INFO - [2026-09-08T06:46:24.481+0000] {dag.py:3239} INFO - Sync 1 DAGs
[2026-09-08T06:46:24.510+0000] {logging_mixin.py:190} INFO - [2026-09-08T06:46:24.509+0000] {dag.py:4180} INFO - Setting next_dagrun for xcom_dag to None, run_after=None
[2026-09-08T06:46:24.545+0000] {processor.py:208} INFO - Processing /opt/airflow/dags/02_xcom_dag.py took 0.260 seconds
[2026-09-08T06:46:55.336+0000] {processor.py:186} INFO - Started process (PID=354) to work on /opt/airflow/dags/02_xcom_dag.py
[2026-09-08T06:46:55.361+0000] {processor.py:914} INFO - Processing file /opt/airflow/dags/02_xcom_dag.py for tasks to queue
[2026-09-08T06:46:55.365+0000] {logging_mixin.py:190} INFO - [2026-09-08T06:46:55.364+0000] {dagbag.py:588} INFO - Filling up the DagBag from /opt/airflow/dags/02_xcom_dag.py
[2026-09-08T06:46:55.432+0000] {processor.py:925} INFO - DAG(s) 'xcom_dag' retrieved from /opt/airflow/dags/02_xcom_dag.py
[2026-09-08T06:46:55.502+0000] {logging_mixin.py:190} INFO - [2026-09-08T06:46:55.501+0000] {dag.py:3239} INFO - Sync 1 DAGs
[2026-09-08T06:46:55.534+0000] {logging_mixin.py:190} INFO - [2026-09-08T06:46:55.533+0000] {dag.py:4180} INFO - Setting next_dagrun for xcom_dag to None, run_after=None
[2026-09-08T06:46:55.580+0000] {processor.py:208} INFO - Processing /opt/airflow/dags/02_xcom_dag.py took 0.254 seconds
[2026-09-08T06:47:25.940+0000] {processor.py:186} INFO - Started process (PID=368) to work on /opt/airflow/dags/02_xcom_dag.py
[2026-09-08T06:47:25.956+0000] {processor.py:914} INFO - Processing file /opt/airflow/dags/02_xcom_dag.py for tasks to queue
[2026-09-08T06:47:25.961+0000] {logging_mixin.py:190} INFO - [2026-09-08T06:47:25.960+0000] {dagbag.py:588} INFO - Filling up the DagBag from /opt/airflow/dags/02_xcom_dag.py
[2026-09-08T06:47:26.139+0000] {processor.py:925} INFO - DAG(s) 'xcom_dag' retrieved from /opt/airflow/dags/02_xcom_dag.py
[2026-09-08T06:47:26.267+0000] {logging_mixin.py:190} INFO - [2026-09-08T06:47:26.266+0000] {dag.py:3239} INFO - Sync 1 DAGs
[2026-09-08T06:47:26.312+0000] {logging_mixin.py:190} INFO - [2026-09-08T06:47:26.311+0000] {dag.py:4180} INFO - Setting next_dagrun for xcom_dag to None, run_after=None
[2026-09-08T06:47:26.361+0000] {processor.py:208} INFO - Processing /opt/airflow/dags/02_xcom_dag.py took 0.442 seconds
[2026-09-08T06:47:57.432+0000] {processor.py:186} INFO - Started process (PID=382) to work on /opt/airflow/dags/02_xcom_dag.py
[2026-09-08T06:47:57.453+0000] {processor.py:914} INFO - Processing file /opt/airflow/dags/02_xcom_dag.py for tasks to queue
[2026-09-08T06:47:57.457+0000] {logging_mixin.py:190} INFO - [2026-09-08T06:47:57.456+0000] {dagbag.py:588} INFO - Filling up the DagBag from /opt/airflow/dags/02_xcom_dag.py
[2026-09-08T06:47:57.505+0000] {processor.py:925} INFO - DAG(s) 'xcom_dag' retrieved from /opt/airflow/dags/02_xcom_dag.py
[2026-09-08T06:47:57.567+0000] {logging_mixin.py:190} INFO - [2026-09-08T06:47:57.567+0000] {dag.py:3239} INFO - Sync 1 DAGs
[2026-09-08T06:47:57.604+0000] {logging_mixin.py:190} INFO - [2026-09-08T06:47:57.604+0000] {dag.py:4180} INFO - Setting next_dagrun for xcom_dag to None, run_after=None
[2026-09-08T06:47:57.652+0000] {processor.py:208} INFO - Processing /opt/airflow/dags/02_xcom_dag.py took 0.238 seconds
[2026-09-08T06:48:27.941+0000] {processor.py:186} INFO - Started process (PID=396) to work on /opt/airflow/dags/02_xcom_dag.py
[2026-09-08T06:48:27.943+0000] {processor.py:914} INFO - Processing file /opt/airflow/dags/02_xcom_dag.py for tasks to queue
[2026-09-08T06:48:27.947+0000] {logging_mixin.py:190} INFO - [2026-09-08T06:48:27.946+0000] {dagbag.py:588} INFO - Filling up the DagBag from /opt/airflow/dags/02_xcom_dag.py
[2026-09-08T06:48:27.988+0000] {processor.py:925} INFO - DAG(s) 'xcom_dag' retrieved from /opt/airflow/dags/02_xcom_dag.py
[2026-09-08T06:48:28.070+0000] {logging_mixin.py:190} INFO - [2026-09-08T06:48:28.069+0000] {dag.py:3239} INFO - Sync 1 DAGs
[2026-09-08T06:48:28.122+0000] {logging_mixin.py:190} INFO - [2026-09-08T06:48:28.122+0000] {dag.py:4180} INFO - Setting next_dagrun for xcom_dag to None, run_after=None
[2026-09-08T06:48:28.176+0000] {processor.py:208} INFO - Processing /opt/airflow/dags/02_xcom_dag.py took 0.247 seconds
[2026-09-08T06:48:58.545+0000] {processor.py:186} INFO - Started process (PID=410) to work on /opt/airflow/dags/02_xcom_dag.py
[2026-09-08T06:48:58.547+0000] {processor.py:914} INFO - Processing file /opt/airflow/dags/02_xcom_dag.py for tasks to queue
[2026-09-08T06:48:58.551+0000] {logging_mixin.py:190} INFO - [2026-09-08T06:48:58.550+0000] {dagbag.py:588} INFO - Filling up the DagBag from /opt/airflow/dags/02_xcom_dag.py
[2026-09-08T06:48:58.589+0000] {processor.py:925} INFO - DAG(s) 'xcom_dag' retrieved from /opt/airflow/dags/02_xcom_dag.py
[2026-09-08T06:48:58.644+0000] {logging_mixin.py:190} INFO - [2026-09-08T06:48:58.644+0000] {dag.py:3239} INFO - Sync 1 DAGs
[2026-09-08T06:48:58.673+0000] {logging_mixin.py:190} INFO - [2026-09-08T06:48:58.673+0000] {dag.py:4180} INFO - Setting next_dagrun for xcom_dag to None, run_after=None
[2026-09-08T06:48:58.719+0000] {processor.py:208} INFO - Processing /opt/airflow/dags/02_xcom_dag.py took 0.189 seconds
[2026-09-08T06:49:28.926+0000] {processor.py:186} INFO - Started process (PID=424) to work on /opt/airflow/dags/02_xcom_dag.py
[2026-09-08T06:49:28.928+0000] {processor.py:914} INFO - Processing file /opt/airflow/dags/02_xcom_dag.py for tasks to queue
[2026-09-08T06:49:28.932+0000] {logging_mixin.py:190} INFO - [2026-09-08T06:49:28.931+0000] {dagbag.py:588} INFO - Filling up the DagBag from /opt/airflow/dags/02_xcom_dag.py
[2026-09-08T06:49:28.970+0000] {processor.py:925} INFO - DAG(s) 'xcom_dag' retrieved from /opt/airflow/dags/02_xcom_dag.py
[2026-09-08T06:49:29.033+0000] {logging_mixin.py:190} INFO - [2026-09-08T06:49:29.033+0000] {dag.py:3239} INFO - Sync 1 DAGs
[2026-09-08T06:49:29.065+0000] {logging_mixin.py:190} INFO - [2026-09-08T06:49:29.064+0000] {dag.py:4180} INFO - Setting next_dagrun for xcom_dag to None, run_after=None
[2026-09-08T06:49:29.111+0000] {processor.py:208} INFO - Processing /opt/airflow/dags/02_xcom_dag.py took 0.196 seconds
[2026-09-08T06:49:59.543+0000] {processor.py:186} INFO - Started process (PID=438) to work on /opt/airflow/dags/02_xcom_dag.py
[2026-09-08T06:49:59.545+0000] {processor.py:914} INFO - Processing file /opt/airflow/dags/02_xcom_dag.py for tasks to queue
[2026-09-08T06:49:59.548+0000] {logging_mixin.py:190} INFO - [2026-09-08T06:49:59.547+0000] {dagbag.py:588} INFO - Filling up the DagBag from /opt/airflow/dags/02_xcom_dag.py
[2026-09-08T06:49:59.589+0000] {processor.py:925} INFO - DAG(s) 'xcom_dag' retrieved from /opt/airflow/dags/02_xcom_dag.py
[2026-09-08T06:49:59.651+0000] {logging_mixin.py:190} INFO - [2026-09-08T06:49:59.650+0000] {dag.py:3239} INFO - Sync 1 DAGs
[2026-09-08T06:49:59.681+0000] {logging_mixin.py:190} INFO - [2026-09-08T06:49:59.681+0000] {dag.py:4180} INFO - Setting next_dagrun for xcom_dag to None, run_after=None
[2026-09-08T06:49:59.724+0000] {processor.py:208} INFO - Processing /opt/airflow/dags/02_xcom_dag.py took 0.192 seconds
[2026-09-08T06:50:30.046+0000] {processor.py:186} INFO - Started process (PID=453) to work on /opt/airflow/dags/02_xcom_dag.py
[2026-09-08T06:50:30.048+0000] {processor.py:914} INFO - Processing file /opt/airflow/dags/02_xcom_dag.py for tasks to queue
[2026-09-08T06:50:30.051+0000] {logging_mixin.py:190} INFO - [2026-09-08T06:50:30.050+0000] {dagbag.py:588} INFO - Filling up the DagBag from /opt/airflow/dags/02_xcom_dag.py
[2026-09-08T06:50:30.089+0000] {processor.py:925} INFO - DAG(s) 'xcom_dag' retrieved from /opt/airflow/dags/02_xcom_dag.py
[2026-09-08T06:50:30.146+0000] {logging_mixin.py:190} INFO - [2026-09-08T06:50:30.146+0000] {dag.py:3239} INFO - Sync 1 DAGs
[2026-09-08T06:50:30.173+0000] {logging_mixin.py:190} INFO - [2026-09-08T06:50:30.172+0000] {dag.py:4180} INFO - Setting next_dagrun for xcom_dag to None, run_after=None
[2026-09-08T06:50:30.214+0000] {processor.py:208} INFO - Processing /opt/airflow/dags/02_xcom_dag.py took 0.179 seconds
[2026-09-08T06:51:00.319+0000] {processor.py:186} INFO - Started process (PID=467) to work on /opt/airflow/dags/02_xcom_dag.py
[2026-09-08T06:51:00.321+0000] {processor.py:914} INFO - Processing file /opt/airflow/dags/02_xcom_dag.py for tasks to queue
[2026-09-08T06:51:00.325+0000] {logging_mixin.py:190} INFO - [2026-09-08T06:51:00.324+0000] {dagbag.py:588} INFO - Filling up the DagBag from /opt/airflow/dags/02_xcom_dag.py
[2026-09-08T06:51:00.372+0000] {processor.py:925} INFO - DAG(s) 'xcom_dag' retrieved from /opt/airflow/dags/02_xcom_dag.py
[2026-09-08T06:51:00.432+0000] {logging_mixin.py:190} INFO - [2026-09-08T06:51:00.431+0000] {dag.py:3239} INFO - Sync 1 DAGs
[2026-09-08T06:51:00.471+0000] {logging_mixin.py:190} INFO - [2026-09-08T06:51:00.470+0000] {dag.py:4180} INFO - Setting next_dagrun for xcom_dag to None, run_after=None
[2026-09-08T06:51:00.529+0000] {processor.py:208} INFO - Processing /opt/airflow/dags/02_xcom_dag.py took 0.222 seconds
[2026-09-08T06:51:31.396+0000] {processor.py:186} INFO - Started process (PID=481) to work on /opt/airflow/dags/02_xcom_dag.py
[2026-09-08T06:51:31.398+0000] {processor.py:914} INFO - Processing file /opt/airflow/dags/02_xcom_dag.py for tasks to queue
[2026-09-08T06:51:31.401+0000] {logging_mixin.py:190} INFO - [2026-09-08T06:51:31.401+0000] {dagbag.py:588} INFO - Filling up the DagBag from /opt/airflow/dags/02_xcom_dag.py
[2026-09-08T06:51:31.442+0000] {processor.py:925} INFO - DAG(s) 'xcom_dag' retrieved from /opt/airflow/dags/02_xcom_dag.py
[2026-09-08T06:51:31.497+0000] {logging_mixin.py:190} INFO - [2026-09-08T06:51:31.497+0000] {dag.py:3239} INFO - Sync 1 DAGs
[2026-09-08T06:51:31.524+0000] {logging_mixin.py:190} INFO - [2026-09-08T06:51:31.524+0000] {dag.py:4180} INFO - Setting next_dagrun for xcom_dag to None, run_after=None
[2026-09-08T06:51:31.564+0000] {processor.py:208} INFO - Processing /opt/airflow/dags/02_xcom_dag.py took 0.179 seconds
[2026-09-08T06:52:01.683+0000] {processor.py:186} INFO - Started process (PID=495) to work on /opt/airflow/dags/02_xcom_dag.py
[2026-09-08T06:52:01.686+0000] {processor.py:914} INFO - Processing file /opt/airflow/dags/02_xcom_dag.py for tasks to queue
[2026-09-08T06:52:01.690+0000] {logging_mixin.py:190} INFO - [2026-09-08T06:52:01.689+0000] {dagbag.py:588} INFO - Filling up the DagBag from /opt/airflow/dags/02_xcom_dag.py
[2026-09-08T06:52:01.736+0000] {processor.py:925} INFO - DAG(s) 'xcom_dag' retrieved from /opt/airflow/dags/02_xcom_dag.py
[2026-09-08T06:52:01.800+0000] {logging_mixin.py:190} INFO - [2026-09-08T06:52:01.800+0000] {dag.py:3239} INFO - Sync 1 DAGs
[2026-09-08T06:52:01.832+0000] {logging_mixin.py:190} INFO - [2026-09-08T06:52:01.832+0000] {dag.py:4180} INFO - Setting next_dagrun for xcom_dag to None, run_after=None
[2026-09-08T06:52:01.877+0000] {processor.py:208} INFO - Processing /opt/airflow/dags/02_xcom_dag.py took 0.209 seconds
[2026-09-08T06:52:32.131+0000] {processor.py:186} INFO - Started process (PID=509) to work on /opt/airflow/dags/02_xcom_dag.py
[2026-09-08T06:52:32.308+0000] {processor.py:914} INFO - Processing file /opt/airflow/dags/02_xcom_dag.py for tasks to queue
[2026-09-08T06:52:32.312+0000] {logging_mixin.py:190} INFO - [2026-09-08T06:52:32.311+0000] {dagbag.py:588} INFO - Filling up the DagBag from /opt/airflow/dags/02_xcom_dag.py
[2026-09-08T06:52:32.410+0000] {processor.py:925} INFO - DAG(s) 'xcom_dag' retrieved from /opt/airflow/dags/02_xcom_dag.py
[2026-09-08T06:52:32.476+0000] {logging_mixin.py:190} INFO - [2026-09-08T06:52:32.475+0000] {dag.py:3239} INFO - Sync 1 DAGs
[2026-09-08T06:52:32.506+0000] {logging_mixin.py:190} INFO - [2026-09-08T06:52:32.506+0000] {dag.py:4180} INFO - Setting next_dagrun for xcom_dag to None, run_after=None
[2026-09-08T06:52:32.549+0000] {processor.py:208} INFO - Processing /opt/airflow/dags/02_xcom_dag.py took 0.430 seconds
[2026-09-08T06:53:03.155+0000] {processor.py:186} INFO - Started process (PID=523) to work on /opt/airflow/dags/02_xcom_dag.py
[2026-09-08T06:53:03.157+0000] {processor.py:914} INFO - Processing file /opt/airflow/dags/02_xcom_dag.py for tasks to queue
[2026-09-08T06:53:03.160+0000] {logging_mixin.py:190} INFO - [2026-09-08T06:53:03.160+0000] {dagbag.py:588} INFO - Filling up the DagBag from /opt/airflow/dags/02_xcom_dag.py
[2026-09-08T06:53:03.200+0000] {processor.py:925} INFO - DAG(s) 'xcom_dag' retrieved from /opt/airflow/dags/02_xcom_dag.py
[2026-09-08T06:53:03.261+0000] {logging_mixin.py:190} INFO - [2026-09-08T06:53:03.261+0000] {dag.py:3239} INFO - Sync 1 DAGs
[2026-09-08T06:53:03.293+0000] {logging_mixin.py:190} INFO - [2026-09-08T06:53:03.292+0000] {dag.py:4180} INFO - Setting next_dagrun for xcom_dag to None, run_after=None
[2026-09-08T06:53:03.337+0000] {processor.py:208} INFO - Processing /opt/airflow/dags/02_xcom_dag.py took 0.194 seconds
[2026-09-08T06:53:33.599+0000] {processor.py:186} INFO - Started process (PID=537) to work on /opt/airflow/dags/02_xcom_dag.py
[2026-09-08T06:53:33.601+0000] {processor.py:914} INFO - Processing file /opt/airflow/dags/02_xcom_dag.py for tasks to queue
[2026-09-08T06:53:33.604+0000] {logging_mixin.py:190} INFO - [2026-09-08T06:53:33.604+0000] {dagbag.py:588} INFO - Filling up the DagBag from /opt/airflow/dags/02_xcom_dag.py
[2026-09-08T06:53:33.641+0000] {processor.py:925} INFO - DAG(s) 'xcom_dag' retrieved from /opt/airflow/dags/02_xcom_dag.py
[2026-09-08T06:53:33.689+0000] {logging_mixin.py:190} INFO - [2026-09-08T06:53:33.689+0000] {dag.py:3239} INFO - Sync 1 DAGs
[2026-09-08T06:53:33.715+0000] {logging_mixin.py:190} INFO - [2026-09-08T06:53:33.714+0000] {dag.py:4180} INFO - Setting next_dagrun for xcom_dag to None, run_after=None
[2026-09-08T06:53:33.756+0000] {processor.py:208} INFO - Processing /opt/airflow/dags/02_xcom_dag.py took 0.168 seconds
[2026-09-08T06:54:04.006+0000] {processor.py:186} INFO - Started process (PID=551) to work on /opt/airflow/dags/02_xcom_dag.py
[2026-09-08T06:54:04.008+0000] {processor.py:914} INFO - Processing file /opt/airflow/dags/02_xcom_dag.py for tasks to queue
[2026-09-08T06:54:04.011+0000] {logging_mixin.py:190} INFO - [2026-09-08T06:54:04.010+0000] {dagbag.py:588} INFO - Filling up the DagBag from /opt/airflow/dags/02_xcom_dag.py
[2026-09-08T06:54:04.053+0000] {processor.py:925} INFO - DAG(s) 'xcom_dag' retrieved from /opt/airflow/dags/02_xcom_dag.py
[2026-09-08T06:54:04.118+0000] {logging_mixin.py:190} INFO - [2026-09-08T06:54:04.117+0000] {dag.py:3239} INFO - Sync 1 DAGs
[2026-09-08T06:54:04.157+0000] {logging_mixin.py:190} INFO - [2026-09-08T06:54:04.157+0000] {dag.py:4180} INFO - Setting next_dagrun for xcom_dag to None, run_after=None
[2026-09-08T06:54:04.202+0000] {processor.py:208} INFO - Processing /opt/airflow/dags/02_xcom_dag.py took 0.207 seconds
[2026-09-08T06:54:34.477+0000] {processor.py:186} INFO - Started process (PID=565) to work on /opt/airflow/dags/02_xcom_dag.py
[2026-09-08T06:54:34.478+0000] {processor.py:914} INFO - Processing file /opt/airflow/dags/02_xcom_dag.py for tasks to queue
[2026-09-08T06:54:34.481+0000] {logging_mixin.py:190} INFO - [2026-09-08T06:54:34.481+0000] {dagbag.py:588} INFO - Filling up the DagBag from /opt/airflow/dags/02_xcom_dag.py
[2026-09-08T06:54:34.521+0000] {processor.py:925} INFO - DAG(s) 'xcom_dag' retrieved from /opt/airflow/dags/02_xcom_dag.py
[2026-09-08T06:54:34.578+0000] {logging_mixin.py:190} INFO - [2026-09-08T06:54:34.578+0000] {dag.py:3239} INFO - Sync 1 DAGs
[2026-09-08T06:54:34.603+0000] {logging_mixin.py:190} INFO - [2026-09-08T06:54:34.603+0000] {dag.py:4180} INFO - Setting next_dagrun for xcom_dag to None, run_after=None
[2026-09-08T06:54:34.637+0000] {processor.py:208} INFO - Processing /opt/airflow/dags/02_xcom_dag.py took 0.171 seconds
[2026-09-08T06:55:04.852+0000] {processor.py:186} INFO - Started process (PID=579) to work on /opt/airflow/dags/02_xcom_dag.py
[2026-09-08T06:55:04.854+0000] {processor.py:914} INFO - Processing file /opt/airflow/dags/02_xcom_dag.py for tasks to queue
[2026-09-08T06:55:04.857+0000] {logging_mixin.py:190} INFO - [2026-09-08T06:55:04.856+0000] {dagbag.py:588} INFO - Filling up the DagBag from /opt/airflow/dags/02_xcom_dag.py
[2026-09-08T06:55:04.897+0000] {processor.py:925} INFO - DAG(s) 'xcom_dag' retrieved from /opt/airflow/dags/02_xcom_dag.py
[2026-09-08T06:55:04.966+0000] {logging_mixin.py:190} INFO - [2026-09-08T06:55:04.966+0000] {dag.py:3239} INFO - Sync 1 DAGs
[2026-09-08T06:55:05.006+0000] {logging_mixin.py:190} INFO - [2026-09-08T06:55:05.006+0000] {dag.py:4180} INFO - Setting next_dagrun for xcom_dag to None, run_after=None
[2026-09-08T06:55:05.050+0000] {processor.py:208} INFO - Processing /opt/airflow/dags/02_xcom_dag.py took 0.210 seconds
[2026-09-08T06:55:35.260+0000] {processor.py:186} INFO - Started process (PID=593) to work on /opt/airflow/dags/02_xcom_dag.py
[2026-09-08T06:55:35.261+0000] {processor.py:914} INFO - Processing file /opt/airflow/dags/02_xcom_dag.py for tasks to queue
[2026-09-08T06:55:35.265+0000] {logging_mixin.py:190} INFO - [2026-09-08T06:55:35.265+0000] {dagbag.py:588} INFO - Filling up the DagBag from /opt/airflow/dags/02_xcom_dag.py
[2026-09-08T06:55:35.309+0000] {processor.py:925} INFO - DAG(s) 'xcom_dag' retrieved from /opt/airflow/dags/02_xcom_dag.py
[2026-09-08T06:55:35.360+0000] {logging_mixin.py:190} INFO - [2026-09-08T06:55:35.359+0000] {dag.py:3239} INFO - Sync 1 DAGs
[2026-09-08T06:55:35.390+0000] {logging_mixin.py:190} INFO - [2026-09-08T06:55:35.390+0000] {dag.py:4180} INFO - Setting next_dagrun for xcom_dag to None, run_after=None
[2026-09-08T06:55:35.434+0000] {processor.py:208} INFO - Processing /opt/airflow/dags/02_xcom_dag.py took 0.187 seconds
[2026-09-08T06:56:05.714+0000] {processor.py:186} INFO - Started process (PID=607) to work on /opt/airflow/dags/02_xcom_dag.py
[2026-09-08T06:56:05.716+0000] {processor.py:914} INFO - Processing file /opt/airflow/dags/02_xcom_dag.py for tasks to queue
[2026-09-08T06:56:05.720+0000] {logging_mixin.py:190} INFO - [2026-09-08T06:56:05.719+0000] {dagbag.py:588} INFO - Filling up the DagBag from /opt/airflow/dags/02_xcom_dag.py
[2026-09-08T06:56:05.763+0000] {processor.py:925} INFO - DAG(s) 'xcom_dag' retrieved from /opt/airflow/dags/02_xcom_dag.py
[2026-09-08T06:56:05.831+0000] {logging_mixin.py:190} INFO - [2026-09-08T06:56:05.831+0000] {dag.py:3239} INFO - Sync 1 DAGs
[2026-09-08T06:56:05.864+0000] {logging_mixin.py:190} INFO - [2026-09-08T06:56:05.863+0000] {dag.py:4180} INFO - Setting next_dagrun for xcom_dag to None, run_after=None
[2026-09-08T06:56:05.904+0000] {processor.py:208} INFO - Processing /opt/airflow/dags/02_xcom_dag.py took 0.209 seconds
[2026-09-08T06:56:36.035+0000] {processor.py:186} INFO - Started process (PID=621) to work on /opt/airflow/dags/02_xcom_dag.py
[2026-09-08T06:56:36.036+0000] {processor.py:914} INFO - Processing file /opt/airflow/dags/02_xcom_dag.py for tasks to queue
[2026-09-08T06:56:36.039+0000] {logging_mixin.py:190} INFO - [2026-09-08T06:56:36.039+0000] {dagbag.py:588} INFO - Filling up the DagBag from /opt/airflow/dags/02_xcom_dag.py
[2026-09-08T06:56:36.083+0000] {processor.py:925} INFO - DAG(s) 'xcom_dag' retrieved from /opt/airflow/dags/02_xcom_dag.py
[2026-09-08T06:56:36.141+0000] {logging_mixin.py:190} INFO - [2026-09-08T06:56:36.140+0000] {dag.py:3239} INFO - Sync 1 DAGs
[2026-09-08T06:56:36.169+0000] {logging_mixin.py:190} INFO - [2026-09-08T06:56:36.169+0000] {dag.py:4180} INFO - Setting next_dagrun for xcom_dag to None, run_after=None
[2026-09-08T06:56:36.313+0000] {processor.py:208} INFO - Processing /opt/airflow/dags/02_xcom_dag.py took 0.288 seconds
[2026-09-08T06:57:06.368+0000] {processor.py:186} INFO - Started process (PID=635) to work on /opt/airflow/dags/02_xcom_dag.py
[2026-09-08T06:57:06.369+0000] {processor.py:914} INFO - Processing file /opt/airflow/dags/02_xcom_dag.py for tasks to queue
[2026-09-08T06:57:06.370+0000] {logging_mixin.py:190} INFO - [2026-09-08T06:57:06.370+0000] {dagbag.py:588} INFO - Filling up the DagBag from /opt/airflow/dags/02_xcom_dag.py
[2026-09-08T06:57:06.391+0000] {processor.py:925} INFO - DAG(s) 'xcom_dag' retrieved from /opt/airflow/dags/02_xcom_dag.py
[2026-09-08T06:57:06.422+0000] {logging_mixin.py:190} INFO - [2026-09-08T06:57:06.422+0000] {dag.py:3239} INFO - Sync 1 DAGs
[2026-09-08T06:57:06.437+0000] {logging_mixin.py:190} INFO - [2026-09-08T06:57:06.437+0000] {dag.py:4180} INFO - Setting next_dagrun for xcom_dag to None, run_after=None
[2026-09-08T06:57:06.458+0000] {processor.py:208} INFO - Processing /opt/airflow/dags/02_xcom_dag.py took 0.097 seconds
[2026-09-08T06:57:36.656+0000] {processor.py:186} INFO - Started process (PID=649) to work on /opt/airflow/dags/02_xcom_dag.py
[2026-09-08T06:57:36.657+0000] {processor.py:914} INFO - Processing file /opt/airflow/dags/02_xcom_dag.py for tasks to queue
[2026-09-08T06:57:36.660+0000] {logging_mixin.py:190} INFO - [2026-09-08T06:57:36.659+0000] {dagbag.py:588} INFO - Filling up the DagBag from /opt/airflow/dags/02_xcom_dag.py
[2026-09-08T06:57:36.686+0000] {processor.py:925} INFO - DAG(s) 'xcom_dag' retrieved from /opt/airflow/dags/02_xcom_dag.py
[2026-09-08T06:57:36.739+0000] {logging_mixin.py:190} INFO - [2026-09-08T06:57:36.738+0000] {dag.py:3239} INFO - Sync 1 DAGs
[2026-09-08T06:57:36.759+0000] {logging_mixin.py:190} INFO - [2026-09-08T06:57:36.759+0000] {dag.py:4180} INFO - Setting next_dagrun for xcom_dag to None, run_after=None
[2026-09-08T06:57:36.785+0000] {processor.py:208} INFO - Processing /opt/airflow/dags/02_xcom_dag.py took 0.135 seconds
[2026-09-08T06:58:06.981+0000] {processor.py:186} INFO - Started process (PID=663) to work on /opt/airflow/dags/02_xcom_dag.py
[2026-09-08T06:58:06.982+0000] {processor.py:914} INFO - Processing file /opt/airflow/dags/02_xcom_dag.py for tasks to queue
[2026-09-08T06:58:06.984+0000] {logging_mixin.py:190} INFO - [2026-09-08T06:58:06.984+0000] {dagbag.py:588} INFO - Filling up the DagBag from /opt/airflow/dags/02_xcom_dag.py
[2026-09-08T06:58:07.004+0000] {processor.py:925} INFO - DAG(s) 'xcom_dag' retrieved from /opt/airflow/dags/02_xcom_dag.py
[2026-09-08T06:58:07.037+0000] {logging_mixin.py:190} INFO - [2026-09-08T06:58:07.036+0000] {dag.py:3239} INFO - Sync 1 DAGs
[2026-09-08T06:58:07.053+0000] {logging_mixin.py:190} INFO - [2026-09-08T06:58:07.053+0000] {dag.py:4180} INFO - Setting next_dagrun for xcom_dag to None, run_after=None
[2026-09-08T06:58:07.075+0000] {processor.py:208} INFO - Processing /opt/airflow/dags/02_xcom_dag.py took 0.101 seconds
[2026-09-08T06:58:37.740+0000] {processor.py:186} INFO - Started process (PID=677) to work on /opt/airflow/dags/02_xcom_dag.py
[2026-09-08T06:58:37.741+0000] {processor.py:914} INFO - Processing file /opt/airflow/dags/02_xcom_dag.py for tasks to queue
[2026-09-08T06:58:37.743+0000] {logging_mixin.py:190} INFO - [2026-09-08T06:58:37.743+0000] {dagbag.py:588} INFO - Filling up the DagBag from /opt/airflow/dags/02_xcom_dag.py
[2026-09-08T06:58:37.766+0000] {processor.py:925} INFO - DAG(s) 'xcom_dag' retrieved from /opt/airflow/dags/02_xcom_dag.py
[2026-09-08T06:58:37.798+0000] {logging_mixin.py:190} INFO - [2026-09-08T06:58:37.798+0000] {dag.py:3239} INFO - Sync 1 DAGs
[2026-09-08T06:58:37.814+0000] {logging_mixin.py:190} INFO - [2026-09-08T06:58:37.814+0000] {dag.py:4180} INFO - Setting next_dagrun for xcom_dag to None, run_after=None
[2026-09-08T06:58:37.840+0000] {processor.py:208} INFO - Processing /opt/airflow/dags/02_xcom_dag.py took 0.107 seconds
[2026-09-08T06:59:08.270+0000] {processor.py:186} INFO - Started process (PID=691) to work on /opt/airflow/dags/02_xcom_dag.py
[2026-09-08T06:59:08.271+0000] {processor.py:914} INFO - Processing file /opt/airflow/dags/02_xcom_dag.py for tasks to queue
[2026-09-08T06:59:08.273+0000] {logging_mixin.py:190} INFO - [2026-09-08T06:59:08.272+0000] {dagbag.py:588} INFO - Filling up the DagBag from /opt/airflow/dags/02_xcom_dag.py
[2026-09-08T06:59:08.297+0000] {processor.py:925} INFO - DAG(s) 'xcom_dag' retrieved from /opt/airflow/dags/02_xcom_dag.py
[2026-09-08T06:59:08.424+0000] {logging_mixin.py:190} INFO - [2026-09-08T06:59:08.424+0000] {dag.py:3239} INFO - Sync 1 DAGs
[2026-09-08T06:59:08.458+0000] {logging_mixin.py:190} INFO - [2026-09-08T06:59:08.458+0000] {dag.py:4180} INFO - Setting next_dagrun for xcom_dag to None, run_after=None
[2026-09-08T06:59:08.480+0000] {processor.py:208} INFO - Processing /opt/airflow/dags/02_xcom_dag.py took 0.217 seconds
[2026-09-08T06:59:38.929+0000] {processor.py:186} INFO - Started process (PID=705) to work on /opt/airflow/dags/02_xcom_dag.py
[2026-09-08T06:59:38.930+0000] {processor.py:914} INFO - Processing file /opt/airflow/dags/02_xcom_dag.py for tasks to queue
[2026-09-08T06:59:38.932+0000] {logging_mixin.py:190} INFO - [2026-09-08T06:59:38.931+0000] {dagbag.py:588} INFO - Filling up the DagBag from /opt/airflow/dags/02_xcom_dag.py
[2026-09-08T06:59:38.958+0000] {processor.py:925} INFO - DAG(s) 'xcom_dag' retrieved from /opt/airflow/dags/02_xcom_dag.py
[2026-09-08T06:59:38.999+0000] {logging_mixin.py:190} INFO - [2026-09-08T06:59:38.999+0000] {dag.py:3239} INFO - Sync 1 DAGs
[2026-09-08T06:59:39.020+0000] {logging_mixin.py:190} INFO - [2026-09-08T06:59:39.019+0000] {dag.py:4180} INFO - Setting next_dagrun for xcom_dag to None, run_after=None
[2026-09-08T06:59:39.043+0000] {processor.py:208} INFO - Processing /opt/airflow/dags/02_xcom_dag.py took 0.121 seconds
[2026-09-08T07:00:09.240+0000] {processor.py:186} INFO - Started process (PID=719) to work on /opt/airflow/dags/02_xcom_dag.py
[2026-09-08T07:00:09.241+0000] {processor.py:914} INFO - Processing file /opt/airflow/dags/02_xcom_dag.py for tasks to queue
[2026-09-08T07:00:09.243+0000] {logging_mixin.py:190} INFO - [2026-09-08T07:00:09.242+0000] {dagbag.py:588} INFO - Filling up the DagBag from /opt/airflow/dags/02_xcom_dag.py
[2026-09-08T07:00:09.265+0000] {processor.py:925} INFO - DAG(s) 'xcom_dag' retrieved from /opt/airflow/dags/02_xcom_dag.py
[2026-09-08T07:00:09.297+0000] {logging_mixin.py:190} INFO - [2026-09-08T07:00:09.297+0000] {dag.py:3239} INFO - Sync 1 DAGs
[2026-09-08T07:00:09.314+0000] {logging_mixin.py:190} INFO - [2026-09-08T07:00:09.313+0000] {dag.py:4180} INFO - Setting next_dagrun for xcom_dag to None, run_after=None
[2026-09-08T07:00:09.337+0000] {processor.py:208} INFO - Processing /opt/airflow/dags/02_xcom_dag.py took 0.104 seconds
[2026-09-08T07:00:39.662+0000] {processor.py:186} INFO - Started process (PID=734) to work on /opt/airflow/dags/02_xcom_dag.py
[2026-09-08T07:00:39.664+0000] {processor.py:914} INFO - Processing file /opt/airflow/dags/02_xcom_dag.py for tasks to queue
[2026-09-08T07:00:39.666+0000] {logging_mixin.py:190} INFO - [2026-09-08T07:00:39.665+0000] {dagbag.py:588} INFO - Filling up the DagBag from /opt/airflow/dags/02_xcom_dag.py
[2026-09-08T07:00:39.686+0000] {processor.py:925} INFO - DAG(s) 'xcom_dag' retrieved from /opt/airflow/dags/02_xcom_dag.py
[2026-09-08T07:00:39.723+0000] {logging_mixin.py:190} INFO - [2026-09-08T07:00:39.723+0000] {dag.py:3239} INFO - Sync 1 DAGs
[2026-09-08T07:00:39.741+0000] {logging_mixin.py:190} INFO - [2026-09-08T07:00:39.741+0000] {dag.py:4180} INFO - Setting next_dagrun for xcom_dag to None, run_after=None
[2026-09-08T07:00:39.768+0000] {processor.py:208} INFO - Processing /opt/airflow/dags/02_xcom_dag.py took 0.113 seconds
[2026-09-08T07:01:10.633+0000] {processor.py:186} INFO - Started process (PID=748) to work on /opt/airflow/dags/02_xcom_dag.py
[2026-09-08T07:01:10.634+0000] {processor.py:914} INFO - Processing file /opt/airflow/dags/02_xcom_dag.py for tasks to queue
[2026-09-08T07:01:10.636+0000] {logging_mixin.py:190} INFO - [2026-09-08T07:01:10.635+0000] {dagbag.py:588} INFO - Filling up the DagBag from /opt/airflow/dags/02_xcom_dag.py
[2026-09-08T07:01:10.658+0000] {processor.py:925} INFO - DAG(s) 'xcom_dag' retrieved from /opt/airflow/dags/02_xcom_dag.py
[2026-09-08T07:01:10.688+0000] {logging_mixin.py:190} INFO - [2026-09-08T07:01:10.688+0000] {dag.py:3239} INFO - Sync 1 DAGs
[2026-09-08T07:01:10.703+0000] {logging_mixin.py:190} INFO - [2026-09-08T07:01:10.703+0000] {dag.py:4180} INFO - Setting next_dagrun for xcom_dag to None, run_after=None
[2026-09-08T07:01:10.725+0000] {processor.py:208} INFO - Processing /opt/airflow/dags/02_xcom_dag.py took 0.099 seconds
[2026-09-08T07:01:41.563+0000] {processor.py:186} INFO - Started process (PID=762) to work on /opt/airflow/dags/02_xcom_dag.py
[2026-09-08T07:01:41.564+0000] {processor.py:914} INFO - Processing file /opt/airflow/dags/02_xcom_dag.py for tasks to queue
[2026-09-08T07:01:41.566+0000] {logging_mixin.py:190} INFO - [2026-09-08T07:01:41.565+0000] {dagbag.py:588} INFO - Filling up the DagBag from /opt/airflow/dags/02_xcom_dag.py
[2026-09-08T07:01:41.585+0000] {processor.py:925} INFO - DAG(s) 'xcom_dag' retrieved from /opt/airflow/dags/02_xcom_dag.py
[2026-09-08T07:01:41.615+0000] {logging_mixin.py:190} INFO - [2026-09-08T07:01:41.615+0000] {dag.py:3239} INFO - Sync 1 DAGs
[2026-09-08T07:01:41.631+0000] {logging_mixin.py:190} INFO - [2026-09-08T07:01:41.631+0000] {dag.py:4180} INFO - Setting next_dagrun for xcom_dag to None, run_after=None
[2026-09-08T07:01:41.653+0000] {processor.py:208} INFO - Processing /opt/airflow/dags/02_xcom_dag.py took 0.096 seconds
[2026-09-08T07:02:12.231+0000] {processor.py:186} INFO - Started process (PID=776) to work on /opt/airflow/dags/02_xcom_dag.py
[2026-09-08T07:02:12.233+0000] {processor.py:914} INFO - Processing file /opt/airflow/dags/02_xcom_dag.py for tasks to queue
[2026-09-08T07:02:12.234+0000] {logging_mixin.py:190} INFO - [2026-09-08T07:02:12.234+0000] {dagbag.py:588} INFO - Filling up the DagBag from /opt/airflow/dags/02_xcom_dag.py
[2026-09-08T07:02:12.256+0000] {processor.py:925} INFO - DAG(s) 'xcom_dag' retrieved from /opt/airflow/dags/02_xcom_dag.py
[2026-09-08T07:02:12.292+0000] {logging_mixin.py:190} INFO - [2026-09-08T07:02:12.292+0000] {dag.py:3239} INFO - Sync 1 DAGs
[2026-09-08T07:02:12.308+0000] {logging_mixin.py:190} INFO - [2026-09-08T07:02:12.308+0000] {dag.py:4180} INFO - Setting next_dagrun for xcom_dag to None, run_after=None
[2026-09-08T07:02:12.329+0000] {processor.py:208} INFO - Processing /opt/airflow/dags/02_xcom_dag.py took 0.105 seconds
[2026-09-08T07:02:42.389+0000] {processor.py:186} INFO - Started process (PID=790) to work on /opt/airflow/dags/02_xcom_dag.py
[2026-09-08T07:02:42.390+0000] {processor.py:914} INFO - Processing file /opt/airflow/dags/02_xcom_dag.py for tasks to queue
[2026-09-08T07:02:42.391+0000] {logging_mixin.py:190} INFO - [2026-09-08T07:02:42.391+0000] {dagbag.py:588} INFO - Filling up the DagBag from /opt/airflow/dags/02_xcom_dag.py
[2026-09-08T07:02:42.411+0000] {processor.py:925} INFO - DAG(s) 'xcom_dag' retrieved from /opt/airflow/dags/02_xcom_dag.py
[2026-09-08T07:02:42.442+0000] {logging_mixin.py:190} INFO - [2026-09-08T07:02:42.442+0000] {dag.py:3239} INFO - Sync 1 DAGs
[2026-09-08T07:02:42.458+0000] {logging_mixin.py:190} INFO - [2026-09-08T07:02:42.457+0000] {dag.py:4180} INFO - Setting next_dagrun for xcom_dag to None, run_after=None
[2026-09-08T07:02:42.480+0000] {processor.py:208} INFO - Processing /opt/airflow/dags/02_xcom_dag.py took 0.098 seconds
[2026-09-08T07:03:12.764+0000] {processor.py:186} INFO - Started process (PID=804) to work on /opt/airflow/dags/02_xcom_dag.py
[2026-09-08T07:03:12.765+0000] {processor.py:914} INFO - Processing file /opt/airflow/dags/02_xcom_dag.py for tasks to queue
[2026-09-08T07:03:12.767+0000] {logging_mixin.py:190} INFO - [2026-09-08T07:03:12.767+0000] {dagbag.py:588} INFO - Filling up the DagBag from /opt/airflow/dags/02_xcom_dag.py
[2026-09-08T07:03:12.788+0000] {processor.py:925} INFO - DAG(s) 'xcom_dag' retrieved from /opt/airflow/dags/02_xcom_dag.py
[2026-09-08T07:03:12.819+0000] {logging_mixin.py:190} INFO - [2026-09-08T07:03:12.819+0000] {dag.py:3239} INFO - Sync 1 DAGs
[2026-09-08T07:03:12.835+0000] {logging_mixin.py:190} INFO - [2026-09-08T07:03:12.835+0000] {dag.py:4180} INFO - Setting next_dagrun for xcom_dag to None, run_after=None
[2026-09-08T07:03:12.858+0000] {processor.py:208} INFO - Processing /opt/airflow/dags/02_xcom_dag.py took 0.102 seconds
[2026-09-08T07:03:43.022+0000] {processor.py:186} INFO - Started process (PID=818) to work on /opt/airflow/dags/02_xcom_dag.py
[2026-09-08T07:03:43.023+0000] {processor.py:914} INFO - Processing file /opt/airflow/dags/02_xcom_dag.py for tasks to queue
[2026-09-08T07:03:43.025+0000] {logging_mixin.py:190} INFO - [2026-09-08T07:03:43.024+0000] {dagbag.py:588} INFO - Filling up the DagBag from /opt/airflow/dags/02_xcom_dag.py
[2026-09-08T07:03:43.047+0000] {processor.py:925} INFO - DAG(s) 'xcom_dag' retrieved from /opt/airflow/dags/02_xcom_dag.py
[2026-09-08T07:03:43.082+0000] {logging_mixin.py:190} INFO - [2026-09-08T07:03:43.081+0000] {dag.py:3239} INFO - Sync 1 DAGs
[2026-09-08T07:03:43.099+0000] {logging_mixin.py:190} INFO - [2026-09-08T07:03:43.098+0000] {dag.py:4180} INFO - Setting next_dagrun for xcom_dag to None, run_after=None
[2026-09-08T07:03:43.121+0000] {processor.py:208} INFO - Processing /opt/airflow/dags/02_xcom_dag.py took 0.107 seconds
[2026-09-08T07:04:13.691+0000] {processor.py:186} INFO - Started process (PID=831) to work on /opt/airflow/dags/02_xcom_dag.py
[2026-09-08T07:04:13.692+0000] {processor.py:914} INFO - Processing file /opt/airflow/dags/02_xcom_dag.py for tasks to queue
[2026-09-08T07:04:13.694+0000] {logging_mixin.py:190} INFO - [2026-09-08T07:04:13.693+0000] {dagbag.py:588} INFO - Filling up the DagBag from /opt/airflow/dags/02_xcom_dag.py
[2026-09-08T07:04:13.714+0000] {processor.py:925} INFO - DAG(s) 'xcom_dag' retrieved from /opt/airflow/dags/02_xcom_dag.py
[2026-09-08T07:04:13.749+0000] {logging_mixin.py:190} INFO - [2026-09-08T07:04:13.749+0000] {dag.py:3239} INFO - Sync 1 DAGs
[2026-09-08T07:04:13.769+0000] {logging_mixin.py:190} INFO - [2026-09-08T07:04:13.768+0000] {dag.py:4180} INFO - Setting next_dagrun for xcom_dag to None, run_after=None
[2026-09-08T07:04:13.804+0000] {processor.py:208} INFO - Processing /opt/airflow/dags/02_xcom_dag.py took 0.121 seconds
[2026-09-08T07:04:44.012+0000] {processor.py:186} INFO - Started process (PID=850) to work on /opt/airflow/dags/02_xcom_dag.py
[2026-09-08T07:04:44.013+0000] {processor.py:914} INFO - Processing file /opt/airflow/dags/02_xcom_dag.py for tasks to queue
[2026-09-08T07:04:44.016+0000] {logging_mixin.py:190} INFO - [2026-09-08T07:04:44.015+0000] {dagbag.py:588} INFO - Filling up the DagBag from /opt/airflow/dags/02_xcom_dag.py
[2026-09-08T07:04:44.042+0000] {processor.py:925} INFO - DAG(s) 'xcom_dag' retrieved from /opt/airflow/dags/02_xcom_dag.py
[2026-09-08T07:04:44.076+0000] {logging_mixin.py:190} INFO - [2026-09-08T07:04:44.076+0000] {dag.py:3239} INFO - Sync 1 DAGs
[2026-09-08T07:04:44.096+0000] {logging_mixin.py:190} INFO - [2026-09-08T07:04:44.096+0000] {dag.py:4180} INFO - Setting next_dagrun for xcom_dag to None, run_after=None
[2026-09-08T07:04:44.117+0000] {processor.py:208} INFO - Processing /opt/airflow/dags/02_xcom_dag.py took 0.116 seconds
[2026-09-08T07:05:14.494+0000] {processor.py:186} INFO - Started process (PID=864) to work on /opt/airflow/dags/02_xcom_dag.py
[2026-09-08T07:05:14.495+0000] {processor.py:914} INFO - Processing file /opt/airflow/dags/02_xcom_dag.py for tasks to queue
[2026-09-08T07:05:14.497+0000] {logging_mixin.py:190} INFO - [2026-09-08T07:05:14.496+0000] {dagbag.py:588} INFO - Filling up the DagBag from /opt/airflow/dags/02_xcom_dag.py
[2026-09-08T07:05:14.519+0000] {processor.py:925} INFO - DAG(s) 'xcom_dag' retrieved from /opt/airflow/dags/02_xcom_dag.py
[2026-09-08T07:05:14.553+0000] {logging_mixin.py:190} INFO - [2026-09-08T07:05:14.553+0000] {dag.py:3239} INFO - Sync 1 DAGs
[2026-09-08T07:05:14.572+0000] {logging_mixin.py:190} INFO - [2026-09-08T07:05:14.572+0000] {dag.py:4180} INFO - Setting next_dagrun for xcom_dag to None, run_after=None
[2026-09-08T07:05:14.595+0000] {processor.py:208} INFO - Processing /opt/airflow/dags/02_xcom_dag.py took 0.108 seconds
[2026-09-08T07:05:45.370+0000] {processor.py:186} INFO - Started process (PID=878) to work on /opt/airflow/dags/02_xcom_dag.py
[2026-09-08T07:05:45.381+0000] {processor.py:914} INFO - Processing file /opt/airflow/dags/02_xcom_dag.py for tasks to queue
[2026-09-08T07:05:45.383+0000] {logging_mixin.py:190} INFO - [2026-09-08T07:05:45.383+0000] {dagbag.py:588} INFO - Filling up the DagBag from /opt/airflow/dags/02_xcom_dag.py
[2026-09-08T07:05:45.420+0000] {processor.py:925} INFO - DAG(s) 'xcom_dag' retrieved from /opt/airflow/dags/02_xcom_dag.py
[2026-09-08T07:05:45.452+0000] {logging_mixin.py:190} INFO - [2026-09-08T07:05:45.451+0000] {dag.py:3239} INFO - Sync 1 DAGs
[2026-09-08T07:05:45.468+0000] {logging_mixin.py:190} INFO - [2026-09-08T07:05:45.468+0000] {dag.py:4180} INFO - Setting next_dagrun for xcom_dag to None, run_after=None
[2026-09-08T07:05:45.491+0000] {processor.py:208} INFO - Processing /opt/airflow/dags/02_xcom_dag.py took 0.128 seconds
[2026-09-08T07:06:15.664+0000] {processor.py:186} INFO - Started process (PID=892) to work on /opt/airflow/dags/02_xcom_dag.py
[2026-09-08T07:06:15.665+0000] {processor.py:914} INFO - Processing file /opt/airflow/dags/02_xcom_dag.py for tasks to queue
[2026-09-08T07:06:15.667+0000] {logging_mixin.py:190} INFO - [2026-09-08T07:06:15.667+0000] {dagbag.py:588} INFO - Filling up the DagBag from /opt/airflow/dags/02_xcom_dag.py
[2026-09-08T07:06:15.689+0000] {processor.py:925} INFO - DAG(s) 'xcom_dag' retrieved from /opt/airflow/dags/02_xcom_dag.py
[2026-09-08T07:06:15.721+0000] {logging_mixin.py:190} INFO - [2026-09-08T07:06:15.721+0000] {dag.py:3239} INFO - Sync 1 DAGs
[2026-09-08T07:06:15.737+0000] {logging_mixin.py:190} INFO - [2026-09-08T07:06:15.737+0000] {dag.py:4180} INFO - Setting next_dagrun for xcom_dag to None, run_after=None
[2026-09-08T07:06:15.759+0000] {processor.py:208} INFO - Processing /opt/airflow/dags/02_xcom_dag.py took 0.102 seconds
[2026-09-08T07:06:46.441+0000] {processor.py:186} INFO - Started process (PID=906) to work on /opt/airflow/dags/02_xcom_dag.py
[2026-09-08T07:06:46.442+0000] {processor.py:914} INFO - Processing file /opt/airflow/dags/02_xcom_dag.py for tasks to queue
[2026-09-08T07:06:46.444+0000] {logging_mixin.py:190} INFO - [2026-09-08T07:06:46.443+0000] {dagbag.py:588} INFO - Filling up the DagBag from /opt/airflow/dags/02_xcom_dag.py
[2026-09-08T07:06:46.466+0000] {processor.py:925} INFO - DAG(s) 'xcom_dag' retrieved from /opt/airflow/dags/02_xcom_dag.py
[2026-09-08T07:06:46.501+0000] {logging_mixin.py:190} INFO - [2026-09-08T07:06:46.500+0000] {dag.py:3239} INFO - Sync 1 DAGs
[2026-09-08T07:06:46.519+0000] {logging_mixin.py:190} INFO - [2026-09-08T07:06:46.519+0000] {dag.py:4180} INFO - Setting next_dagrun for xcom_dag to None, run_after=None
[2026-09-08T07:06:46.545+0000] {processor.py:208} INFO - Processing /opt/airflow/dags/02_xcom_dag.py took 0.111 seconds
[2026-09-08T07:07:16.748+0000] {processor.py:186} INFO - Started process (PID=920) to work on /opt/airflow/dags/02_xcom_dag.py
[2026-09-08T07:07:16.754+0000] {processor.py:914} INFO - Processing file /opt/airflow/dags/02_xcom_dag.py for tasks to queue
[2026-09-08T07:07:16.756+0000] {logging_mixin.py:190} INFO - [2026-09-08T07:07:16.756+0000] {dagbag.py:588} INFO - Filling up the DagBag from /opt/airflow/dags/02_xcom_dag.py
[2026-09-08T07:07:16.784+0000] {processor.py:925} INFO - DAG(s) 'xcom_dag' retrieved from /opt/airflow/dags/02_xcom_dag.py
[2026-09-08T07:07:16.841+0000] {logging_mixin.py:190} INFO - [2026-09-08T07:07:16.841+0000] {dag.py:3239} INFO - Sync 1 DAGs
[2026-09-08T07:07:16.870+0000] {logging_mixin.py:190} INFO - [2026-09-08T07:07:16.870+0000] {dag.py:4180} INFO - Setting next_dagrun for xcom_dag to None, run_after=None
[2026-09-08T07:07:16.902+0000] {processor.py:208} INFO - Processing /opt/airflow/dags/02_xcom_dag.py took 0.163 seconds
[2026-09-08T07:07:47.596+0000] {processor.py:186} INFO - Started process (PID=934) to work on /opt/airflow/dags/02_xcom_dag.py
[2026-09-08T07:07:47.597+0000] {processor.py:914} INFO - Processing file /opt/airflow/dags/02_xcom_dag.py for tasks to queue
[2026-09-08T07:07:47.599+0000] {logging_mixin.py:190} INFO - [2026-09-08T07:07:47.599+0000] {dagbag.py:588} INFO - Filling up the DagBag from /opt/airflow/dags/02_xcom_dag.py
[2026-09-08T07:07:47.619+0000] {processor.py:925} INFO - DAG(s) 'xcom_dag' retrieved from /opt/airflow/dags/02_xcom_dag.py
[2026-09-08T07:07:47.650+0000] {logging_mixin.py:190} INFO - [2026-09-08T07:07:47.650+0000] {dag.py:3239} INFO - Sync 1 DAGs
[2026-09-08T07:07:47.667+0000] {logging_mixin.py:190} INFO - [2026-09-08T07:07:47.667+0000] {dag.py:4180} INFO - Setting next_dagrun for xcom_dag to None, run_after=None
[2026-09-08T07:07:47.689+0000] {processor.py:208} INFO - Processing /opt/airflow/dags/02_xcom_dag.py took 0.100 seconds
[2026-09-08T07:08:18.390+0000] {processor.py:186} INFO - Started process (PID=948) to work on /opt/airflow/dags/02_xcom_dag.py
[2026-09-08T07:08:18.391+0000] {processor.py:914} INFO - Processing file /opt/airflow/dags/02_xcom_dag.py for tasks to queue
[2026-09-08T07:08:18.393+0000] {logging_mixin.py:190} INFO - [2026-09-08T07:08:18.392+0000] {dagbag.py:588} INFO - Filling up the DagBag from /opt/airflow/dags/02_xcom_dag.py
[2026-09-08T07:08:18.415+0000] {processor.py:925} INFO - DAG(s) 'xcom_dag' retrieved from /opt/airflow/dags/02_xcom_dag.py
[2026-09-08T07:08:18.446+0000] {logging_mixin.py:190} INFO - [2026-09-08T07:08:18.446+0000] {dag.py:3239} INFO - Sync 1 DAGs
[2026-09-08T07:08:18.462+0000] {logging_mixin.py:190} INFO - [2026-09-08T07:08:18.462+0000] {dag.py:4180} INFO - Setting next_dagrun for xcom_dag to None, run_after=None
[2026-09-08T07:08:18.483+0000] {processor.py:208} INFO - Processing /opt/airflow/dags/02_xcom_dag.py took 0.100 seconds
[2026-09-08T07:08:48.933+0000] {processor.py:186} INFO - Started process (PID=962) to work on /opt/airflow/dags/02_xcom_dag.py
[2026-09-08T07:08:48.934+0000] {processor.py:914} INFO - Processing file /opt/airflow/dags/02_xcom_dag.py for tasks to queue
[2026-09-08T07:08:48.936+0000] {logging_mixin.py:190} INFO - [2026-09-08T07:08:48.935+0000] {dagbag.py:588} INFO - Filling up the DagBag from /opt/airflow/dags/02_xcom_dag.py
[2026-09-08T07:08:48.958+0000] {processor.py:925} INFO - DAG(s) 'xcom_dag' retrieved from /opt/airflow/dags/02_xcom_dag.py
[2026-09-08T07:08:48.990+0000] {logging_mixin.py:190} INFO - [2026-09-08T07:08:48.990+0000] {dag.py:3239} INFO - Sync 1 DAGs
[2026-09-08T07:08:49.007+0000] {logging_mixin.py:190} INFO - [2026-09-08T07:08:49.006+0000] {dag.py:4180} INFO - Setting next_dagrun for xcom_dag to None, run_after=None
[2026-09-08T07:08:49.030+0000] {processor.py:208} INFO - Processing /opt/airflow/dags/02_xcom_dag.py took 0.104 seconds
[2026-09-08T07:09:19.218+0000] {processor.py:186} INFO - Started process (PID=976) to work on /opt/airflow/dags/02_xcom_dag.py
[2026-09-08T07:09:19.219+0000] {processor.py:914} INFO - Processing file /opt/airflow/dags/02_xcom_dag.py for tasks to queue
[2026-09-08T07:09:19.221+0000] {logging_mixin.py:190} INFO - [2026-09-08T07:09:19.220+0000] {dagbag.py:588} INFO - Filling up the DagBag from /opt/airflow/dags/02_xcom_dag.py
[2026-09-08T07:09:19.244+0000] {processor.py:925} INFO - DAG(s) 'xcom_dag' retrieved from /opt/airflow/dags/02_xcom_dag.py
[2026-09-08T07:09:19.283+0000] {logging_mixin.py:190} INFO - [2026-09-08T07:09:19.283+0000] {dag.py:3239} INFO - Sync 1 DAGs
[2026-09-08T07:09:19.303+0000] {logging_mixin.py:190} INFO - [2026-09-08T07:09:19.303+0000] {dag.py:4180} INFO - Setting next_dagrun for xcom_dag to None, run_after=None
[2026-09-08T07:09:19.332+0000] {processor.py:208} INFO - Processing /opt/airflow/dags/02_xcom_dag.py took 0.121 seconds
[2026-09-08T07:09:49.915+0000] {processor.py:186} INFO - Started process (PID=990) to work on /opt/airflow/dags/02_xcom_dag.py
[2026-09-08T07:09:49.916+0000] {processor.py:914} INFO - Processing file /opt/airflow/dags/02_xcom_dag.py for tasks to queue
[2026-09-08T07:09:49.918+0000] {logging_mixin.py:190} INFO - [2026-09-08T07:09:49.918+0000] {dagbag.py:588} INFO - Filling up the DagBag from /opt/airflow/dags/02_xcom_dag.py
[2026-09-08T07:09:49.944+0000] {processor.py:925} INFO - DAG(s) 'xcom_dag' retrieved from /opt/airflow/dags/02_xcom_dag.py
[2026-09-08T07:09:49.979+0000] {logging_mixin.py:190} INFO - [2026-09-08T07:09:49.978+0000] {dag.py:3239} INFO - Sync 1 DAGs
[2026-09-08T07:09:50.015+0000] {logging_mixin.py:190} INFO - [2026-09-08T07:09:50.015+0000] {dag.py:4180} INFO - Setting next_dagrun for xcom_dag to None, run_after=None
[2026-09-08T07:09:50.042+0000] {processor.py:208} INFO - Processing /opt/airflow/dags/02_xcom_dag.py took 0.136 seconds
[2026-09-08T07:10:20.352+0000] {processor.py:186} INFO - Started process (PID=1004) to work on /opt/airflow/dags/02_xcom_dag.py
[2026-09-08T07:10:20.353+0000] {processor.py:914} INFO - Processing file /opt/airflow/dags/02_xcom_dag.py for tasks to queue
[2026-09-08T07:10:20.355+0000] {logging_mixin.py:190} INFO - [2026-09-08T07:10:20.354+0000] {dagbag.py:588} INFO - Filling up the DagBag from /opt/airflow/dags/02_xcom_dag.py
[2026-09-08T07:10:20.375+0000] {processor.py:925} INFO - DAG(s) 'xcom_dag' retrieved from /opt/airflow/dags/02_xcom_dag.py
[2026-09-08T07:10:20.406+0000] {logging_mixin.py:190} INFO - [2026-09-08T07:10:20.406+0000] {dag.py:3239} INFO - Sync 1 DAGs
[2026-09-08T07:10:20.425+0000] {logging_mixin.py:190} INFO - [2026-09-08T07:10:20.425+0000] {dag.py:4180} INFO - Setting next_dagrun for xcom_dag to None, run_after=None
[2026-09-08T07:10:20.448+0000] {processor.py:208} INFO - Processing /opt/airflow/dags/02_xcom_dag.py took 0.102 seconds
[2026-09-08T07:10:50.782+0000] {processor.py:186} INFO - Started process (PID=1018) to work on /opt/airflow/dags/02_xcom_dag.py
[2026-09-08T07:10:50.783+0000] {processor.py:914} INFO - Processing file /opt/airflow/dags/02_xcom_dag.py for tasks to queue
[2026-09-08T07:10:50.786+0000] {logging_mixin.py:190} INFO - [2026-09-08T07:10:50.785+0000] {dagbag.py:588} INFO - Filling up the DagBag from /opt/airflow/dags/02_xcom_dag.py
[2026-09-08T07:10:50.806+0000] {processor.py:925} INFO - DAG(s) 'xcom_dag' retrieved from /opt/airflow/dags/02_xcom_dag.py
[2026-09-08T07:10:50.840+0000] {logging_mixin.py:190} INFO - [2026-09-08T07:10:50.840+0000] {dag.py:3239} INFO - Sync 1 DAGs
[2026-09-08T07:10:50.856+0000] {logging_mixin.py:190} INFO - [2026-09-08T07:10:50.856+0000] {dag.py:4180} INFO - Setting next_dagrun for xcom_dag to None, run_after=None
[2026-09-08T07:10:50.880+0000] {processor.py:208} INFO - Processing /opt/airflow/dags/02_xcom_dag.py took 0.106 seconds
[2026-09-08T07:11:21.167+0000] {processor.py:186} INFO - Started process (PID=1032) to work on /opt/airflow/dags/02_xcom_dag.py
[2026-09-08T07:11:21.168+0000] {processor.py:914} INFO - Processing file /opt/airflow/dags/02_xcom_dag.py for tasks to queue
[2026-09-08T07:11:21.170+0000] {logging_mixin.py:190} INFO - [2026-09-08T07:11:21.169+0000] {dagbag.py:588} INFO - Filling up the DagBag from /opt/airflow/dags/02_xcom_dag.py
[2026-09-08T07:11:21.190+0000] {processor.py:925} INFO - DAG(s) 'xcom_dag' retrieved from /opt/airflow/dags/02_xcom_dag.py
[2026-09-08T07:11:21.226+0000] {logging_mixin.py:190} INFO - [2026-09-08T07:11:21.225+0000] {dag.py:3239} INFO - Sync 1 DAGs
[2026-09-08T07:11:21.243+0000] {logging_mixin.py:190} INFO - [2026-09-08T07:11:21.243+0000] {dag.py:4180} INFO - Setting next_dagrun for xcom_dag to None, run_after=None
[2026-09-08T07:11:21.268+0000] {processor.py:208} INFO - Processing /opt/airflow/dags/02_xcom_dag.py took 0.107 seconds
[2026-09-08T07:11:51.501+0000] {processor.py:186} INFO - Started process (PID=1046) to work on /opt/airflow/dags/02_xcom_dag.py
[2026-09-08T07:11:51.502+0000] {processor.py:914} INFO - Processing file /opt/airflow/dags/02_xcom_dag.py for tasks to queue
[2026-09-08T07:11:51.504+0000] {logging_mixin.py:190} INFO - [2026-09-08T07:11:51.503+0000] {dagbag.py:588} INFO - Filling up the DagBag from /opt/airflow/dags/02_xcom_dag.py
[2026-09-08T07:11:51.529+0000] {processor.py:925} INFO - DAG(s) 'xcom_dag' retrieved from /opt/airflow/dags/02_xcom_dag.py
[2026-09-08T07:11:51.564+0000] {logging_mixin.py:190} INFO - [2026-09-08T07:11:51.564+0000] {dag.py:3239} INFO - Sync 1 DAGs
[2026-09-08T07:11:51.583+0000] {logging_mixin.py:190} INFO - [2026-09-08T07:11:51.583+0000] {dag.py:4180} INFO - Setting next_dagrun for xcom_dag to None, run_after=None
[2026-09-08T07:11:51.606+0000] {processor.py:208} INFO - Processing /opt/airflow/dags/02_xcom_dag.py took 0.112 seconds
[2026-09-08T07:12:21.759+0000] {processor.py:186} INFO - Started process (PID=1060) to work on /opt/airflow/dags/02_xcom_dag.py
[2026-09-08T07:12:21.760+0000] {processor.py:914} INFO - Processing file /opt/airflow/dags/02_xcom_dag.py for tasks to queue
[2026-09-08T07:12:21.762+0000] {logging_mixin.py:190} INFO - [2026-09-08T07:12:21.762+0000] {dagbag.py:588} INFO - Filling up the DagBag from /opt/airflow/dags/02_xcom_dag.py
[2026-09-08T07:12:21.784+0000] {processor.py:925} INFO - DAG(s) 'xcom_dag' retrieved from /opt/airflow/dags/02_xcom_dag.py
[2026-09-08T07:12:21.822+0000] {logging_mixin.py:190} INFO - [2026-09-08T07:12:21.822+0000] {dag.py:3239} INFO - Sync 1 DAGs
[2026-09-08T07:12:21.842+0000] {logging_mixin.py:190} INFO - [2026-09-08T07:12:21.841+0000] {dag.py:4180} INFO - Setting next_dagrun for xcom_dag to None, run_after=None
[2026-09-08T07:12:21.863+0000] {processor.py:208} INFO - Processing /opt/airflow/dags/02_xcom_dag.py took 0.111 seconds
[2026-09-08T07:12:52.272+0000] {processor.py:186} INFO - Started process (PID=1074) to work on /opt/airflow/dags/02_xcom_dag.py
[2026-09-08T07:12:52.273+0000] {processor.py:914} INFO - Processing file /opt/airflow/dags/02_xcom_dag.py for tasks to queue
[2026-09-08T07:12:52.275+0000] {logging_mixin.py:190} INFO - [2026-09-08T07:12:52.275+0000] {dagbag.py:588} INFO - Filling up the DagBag from /opt/airflow/dags/02_xcom_dag.py
[2026-09-08T07:12:52.298+0000] {processor.py:925} INFO - DAG(s) 'xcom_dag' retrieved from /opt/airflow/dags/02_xcom_dag.py
[2026-09-08T07:12:52.334+0000] {logging_mixin.py:190} INFO - [2026-09-08T07:12:52.334+0000] {dag.py:3239} INFO - Sync 1 DAGs
[2026-09-08T07:12:52.353+0000] {logging_mixin.py:190} INFO - [2026-09-08T07:12:52.353+0000] {dag.py:4180} INFO - Setting next_dagrun for xcom_dag to None, run_after=None
[2026-09-08T07:12:52.376+0000] {processor.py:208} INFO - Processing /opt/airflow/dags/02_xcom_dag.py took 0.111 seconds
[2026-09-08T07:13:22.507+0000] {processor.py:186} INFO - Started process (PID=1088) to work on /opt/airflow/dags/02_xcom_dag.py
[2026-09-08T07:13:22.508+0000] {processor.py:914} INFO - Processing file /opt/airflow/dags/02_xcom_dag.py for tasks to queue
[2026-09-08T07:13:22.510+0000] {logging_mixin.py:190} INFO - [2026-09-08T07:13:22.510+0000] {dagbag.py:588} INFO - Filling up the DagBag from /opt/airflow/dags/02_xcom_dag.py
[2026-09-08T07:13:22.532+0000] {processor.py:925} INFO - DAG(s) 'xcom_dag' retrieved from /opt/airflow/dags/02_xcom_dag.py
[2026-09-08T07:13:22.564+0000] {logging_mixin.py:190} INFO - [2026-09-08T07:13:22.564+0000] {dag.py:3239} INFO - Sync 1 DAGs
[2026-09-08T07:13:22.580+0000] {logging_mixin.py:190} INFO - [2026-09-08T07:13:22.580+0000] {dag.py:4180} INFO - Setting next_dagrun for xcom_dag to None, run_after=None
[2026-09-08T07:13:22.604+0000] {processor.py:208} INFO - Processing /opt/airflow/dags/02_xcom_dag.py took 0.105 seconds
[2026-09-08T07:13:52.827+0000] {processor.py:186} INFO - Started process (PID=1102) to work on /opt/airflow/dags/02_xcom_dag.py
[2026-09-08T07:13:52.828+0000] {processor.py:914} INFO - Processing file /opt/airflow/dags/02_xcom_dag.py for tasks to queue
[2026-09-08T07:13:52.830+0000] {logging_mixin.py:190} INFO - [2026-09-08T07:13:52.830+0000] {dagbag.py:588} INFO - Filling up the DagBag from /opt/airflow/dags/02_xcom_dag.py
[2026-09-08T07:13:52.849+0000] {processor.py:925} INFO - DAG(s) 'xcom_dag' retrieved from /opt/airflow/dags/02_xcom_dag.py
[2026-09-08T07:13:52.885+0000] {logging_mixin.py:190} INFO - [2026-09-08T07:13:52.885+0000] {dag.py:3239} INFO - Sync 1 DAGs
[2026-09-08T07:13:52.908+0000] {logging_mixin.py:190} INFO - [2026-09-08T07:13:52.908+0000] {dag.py:4180} INFO - Setting next_dagrun for xcom_dag to None, run_after=None
[2026-09-08T07:13:52.944+0000] {processor.py:208} INFO - Processing /opt/airflow/dags/02_xcom_dag.py took 0.123 seconds
[2026-09-08T07:14:23.312+0000] {processor.py:186} INFO - Started process (PID=1116) to work on /opt/airflow/dags/02_xcom_dag.py
[2026-09-08T07:14:23.313+0000] {processor.py:914} INFO - Processing file /opt/airflow/dags/02_xcom_dag.py for tasks to queue
[2026-09-08T07:14:23.316+0000] {logging_mixin.py:190} INFO - [2026-09-08T07:14:23.315+0000] {dagbag.py:588} INFO - Filling up the DagBag from /opt/airflow/dags/02_xcom_dag.py
[2026-09-08T07:14:23.339+0000] {processor.py:925} INFO - DAG(s) 'xcom_dag' retrieved from /opt/airflow/dags/02_xcom_dag.py
[2026-09-08T07:14:23.376+0000] {logging_mixin.py:190} INFO - [2026-09-08T07:14:23.376+0000] {dag.py:3239} INFO - Sync 1 DAGs
[2026-09-08T07:14:23.393+0000] {logging_mixin.py:190} INFO - [2026-09-08T07:14:23.392+0000] {dag.py:4180} INFO - Setting next_dagrun for xcom_dag to None, run_after=None
[2026-09-08T07:14:23.417+0000] {processor.py:208} INFO - Processing /opt/airflow/dags/02_xcom_dag.py took 0.116 seconds
[2026-09-08T07:14:53.595+0000] {processor.py:186} INFO - Started process (PID=1130) to work on /opt/airflow/dags/02_xcom_dag.py
[2026-09-08T07:14:53.596+0000] {processor.py:914} INFO - Processing file /opt/airflow/dags/02_xcom_dag.py for tasks to queue
[2026-09-08T07:14:53.598+0000] {logging_mixin.py:190} INFO - [2026-09-08T07:14:53.598+0000] {dagbag.py:588} INFO - Filling up the DagBag from /opt/airflow/dags/02_xcom_dag.py
[2026-09-08T07:14:53.623+0000] {processor.py:925} INFO - DAG(s) 'xcom_dag' retrieved from /opt/airflow/dags/02_xcom_dag.py
[2026-09-08T07:14:53.660+0000] {logging_mixin.py:190} INFO - [2026-09-08T07:14:53.660+0000] {dag.py:3239} INFO - Sync 1 DAGs
[2026-09-08T07:14:53.678+0000] {logging_mixin.py:190} INFO - [2026-09-08T07:14:53.677+0000] {dag.py:4180} INFO - Setting next_dagrun for xcom_dag to None, run_after=None
[2026-09-08T07:14:53.702+0000] {processor.py:208} INFO - Processing /opt/airflow/dags/02_xcom_dag.py took 0.113 seconds
[2026-09-08T07:15:24.057+0000] {processor.py:186} INFO - Started process (PID=1144) to work on /opt/airflow/dags/02_xcom_dag.py
[2026-09-08T07:15:24.058+0000] {processor.py:914} INFO - Processing file /opt/airflow/dags/02_xcom_dag.py for tasks to queue
[2026-09-08T07:15:24.060+0000] {logging_mixin.py:190} INFO - [2026-09-08T07:15:24.060+0000] {dagbag.py:588} INFO - Filling up the DagBag from /opt/airflow/dags/02_xcom_dag.py
[2026-09-08T07:15:24.082+0000] {processor.py:925} INFO - DAG(s) 'xcom_dag' retrieved from /opt/airflow/dags/02_xcom_dag.py
[2026-09-08T07:15:24.114+0000] {logging_mixin.py:190} INFO - [2026-09-08T07:15:24.114+0000] {dag.py:3239} INFO - Sync 1 DAGs
[2026-09-08T07:15:24.136+0000] {logging_mixin.py:190} INFO - [2026-09-08T07:15:24.136+0000] {dag.py:4180} INFO - Setting next_dagrun for xcom_dag to None, run_after=None
[2026-09-08T07:15:24.160+0000] {processor.py:208} INFO - Processing /opt/airflow/dags/02_xcom_dag.py took 0.110 seconds
[2026-09-08T07:15:54.588+0000] {processor.py:186} INFO - Started process (PID=1158) to work on /opt/airflow/dags/02_xcom_dag.py
[2026-09-08T07:15:54.677+0000] {processor.py:914} INFO - Processing file /opt/airflow/dags/02_xcom_dag.py for tasks to queue
[2026-09-08T07:15:54.679+0000] {logging_mixin.py:190} INFO - [2026-09-08T07:15:54.679+0000] {dagbag.py:588} INFO - Filling up the DagBag from /opt/airflow/dags/02_xcom_dag.py
[2026-09-08T07:15:54.707+0000] {processor.py:925} INFO - DAG(s) 'xcom_dag' retrieved from /opt/airflow/dags/02_xcom_dag.py
[2026-09-08T07:15:54.747+0000] {logging_mixin.py:190} INFO - [2026-09-08T07:15:54.746+0000] {dag.py:3239} INFO - Sync 1 DAGs
[2026-09-08T07:15:54.768+0000] {logging_mixin.py:190} INFO - [2026-09-08T07:15:54.768+0000] {dag.py:4180} INFO - Setting next_dagrun for xcom_dag to None, run_after=None
[2026-09-08T07:15:54.801+0000] {processor.py:208} INFO - Processing /opt/airflow/dags/02_xcom_dag.py took 0.231 seconds
[2026-09-08T07:16:24.862+0000] {processor.py:186} INFO - Started process (PID=1172) to work on /opt/airflow/dags/02_xcom_dag.py
[2026-09-08T07:16:24.863+0000] {processor.py:914} INFO - Processing file /opt/airflow/dags/02_xcom_dag.py for tasks to queue
[2026-09-08T07:16:24.865+0000] {logging_mixin.py:190} INFO - [2026-09-08T07:16:24.865+0000] {dagbag.py:588} INFO - Filling up the DagBag from /opt/airflow/dags/02_xcom_dag.py
[2026-09-08T07:16:24.890+0000] {processor.py:925} INFO - DAG(s) 'xcom_dag' retrieved from /opt/airflow/dags/02_xcom_dag.py
[2026-09-08T07:16:24.930+0000] {logging_mixin.py:190} INFO - [2026-09-08T07:16:24.930+0000] {dag.py:3239} INFO - Sync 1 DAGs
[2026-09-08T07:16:24.950+0000] {logging_mixin.py:190} INFO - [2026-09-08T07:16:24.949+0000] {dag.py:4180} INFO - Setting next_dagrun for xcom_dag to None, run_after=None
[2026-09-08T07:16:24.975+0000] {processor.py:208} INFO - Processing /opt/airflow/dags/02_xcom_dag.py took 0.120 seconds
[2026-09-08T07:16:55.121+0000] {processor.py:186} INFO - Started process (PID=1186) to work on /opt/airflow/dags/02_xcom_dag.py
[2026-09-08T07:16:55.122+0000] {processor.py:914} INFO - Processing file /opt/airflow/dags/02_xcom_dag.py for tasks to queue
[2026-09-08T07:16:55.124+0000] {logging_mixin.py:190} INFO - [2026-09-08T07:16:55.124+0000] {dagbag.py:588} INFO - Filling up the DagBag from /opt/airflow/dags/02_xcom_dag.py
[2026-09-08T07:16:55.147+0000] {processor.py:925} INFO - DAG(s) 'xcom_dag' retrieved from /opt/airflow/dags/02_xcom_dag.py
[2026-09-08T07:16:55.179+0000] {logging_mixin.py:190} INFO - [2026-09-08T07:16:55.178+0000] {dag.py:3239} INFO - Sync 1 DAGs
[2026-09-08T07:16:55.194+0000] {logging_mixin.py:190} INFO - [2026-09-08T07:16:55.194+0000] {dag.py:4180} INFO - Setting next_dagrun for xcom_dag to None, run_after=None
[2026-09-08T07:16:55.215+0000] {processor.py:208} INFO - Processing /opt/airflow/dags/02_xcom_dag.py took 0.101 seconds
[2026-09-08T07:17:25.492+0000] {processor.py:186} INFO - Started process (PID=1200) to work on /opt/airflow/dags/02_xcom_dag.py
[2026-09-08T07:17:25.493+0000] {processor.py:914} INFO - Processing file /opt/airflow/dags/02_xcom_dag.py for tasks to queue
[2026-09-08T07:17:25.495+0000] {logging_mixin.py:190} INFO - [2026-09-08T07:17:25.494+0000] {dagbag.py:588} INFO - Filling up the DagBag from /opt/airflow/dags/02_xcom_dag.py
[2026-09-08T07:17:25.518+0000] {processor.py:925} INFO - DAG(s) 'xcom_dag' retrieved from /opt/airflow/dags/02_xcom_dag.py
[2026-09-08T07:17:25.552+0000] {logging_mixin.py:190} INFO - [2026-09-08T07:17:25.552+0000] {dag.py:3239} INFO - Sync 1 DAGs
[2026-09-08T07:17:25.569+0000] {logging_mixin.py:190} INFO - [2026-09-08T07:17:25.569+0000] {dag.py:4180} INFO - Setting next_dagrun for xcom_dag to None, run_after=None
[2026-09-08T07:17:25.593+0000] {processor.py:208} INFO - Processing /opt/airflow/dags/02_xcom_dag.py took 0.110 seconds
[2026-09-08T07:17:56.028+0000] {processor.py:186} INFO - Started process (PID=1214) to work on /opt/airflow/dags/02_xcom_dag.py
[2026-09-08T07:17:56.029+0000] {processor.py:914} INFO - Processing file /opt/airflow/dags/02_xcom_dag.py for tasks to queue
[2026-09-08T07:17:56.032+0000] {logging_mixin.py:190} INFO - [2026-09-08T07:17:56.031+0000] {dagbag.py:588} INFO - Filling up the DagBag from /opt/airflow/dags/02_xcom_dag.py
[2026-09-08T07:17:56.054+0000] {processor.py:925} INFO - DAG(s) 'xcom_dag' retrieved from /opt/airflow/dags/02_xcom_dag.py
[2026-09-08T07:17:56.093+0000] {logging_mixin.py:190} INFO - [2026-09-08T07:17:56.092+0000] {dag.py:3239} INFO - Sync 1 DAGs
[2026-09-08T07:17:56.111+0000] {logging_mixin.py:190} INFO - [2026-09-08T07:17:56.111+0000] {dag.py:4180} INFO - Setting next_dagrun for xcom_dag to None, run_after=None
[2026-09-08T07:17:56.138+0000] {processor.py:208} INFO - Processing /opt/airflow/dags/02_xcom_dag.py took 0.116 seconds
[2026-09-08T07:18:26.261+0000] {processor.py:186} INFO - Started process (PID=1228) to work on /opt/airflow/dags/02_xcom_dag.py
[2026-09-08T07:18:26.262+0000] {processor.py:914} INFO - Processing file /opt/airflow/dags/02_xcom_dag.py for tasks to queue
[2026-09-08T07:18:26.264+0000] {logging_mixin.py:190} INFO - [2026-09-08T07:18:26.263+0000] {dagbag.py:588} INFO - Filling up the DagBag from /opt/airflow/dags/02_xcom_dag.py
[2026-09-08T07:18:26.285+0000] {processor.py:925} INFO - DAG(s) 'xcom_dag' retrieved from /opt/airflow/dags/02_xcom_dag.py
[2026-09-08T07:18:26.323+0000] {logging_mixin.py:190} INFO - [2026-09-08T07:18:26.323+0000] {dag.py:3239} INFO - Sync 1 DAGs
[2026-09-08T07:18:26.343+0000] {logging_mixin.py:190} INFO - [2026-09-08T07:18:26.343+0000] {dag.py:4180} INFO - Setting next_dagrun for xcom_dag to None, run_after=None
[2026-09-08T07:18:26.374+0000] {processor.py:208} INFO - Processing /opt/airflow/dags/02_xcom_dag.py took 0.120 seconds
[2026-09-08T07:18:56.616+0000] {processor.py:186} INFO - Started process (PID=1242) to work on /opt/airflow/dags/02_xcom_dag.py
[2026-09-08T07:18:56.617+0000] {processor.py:914} INFO - Processing file /opt/airflow/dags/02_xcom_dag.py for tasks to queue
[2026-09-08T07:18:56.618+0000] {logging_mixin.py:190} INFO - [2026-09-08T07:18:56.618+0000] {dagbag.py:588} INFO - Filling up the DagBag from /opt/airflow/dags/02_xcom_dag.py
[2026-09-08T07:18:56.640+0000] {processor.py:925} INFO - DAG(s) 'xcom_dag' retrieved from /opt/airflow/dags/02_xcom_dag.py
[2026-09-08T07:18:56.672+0000] {logging_mixin.py:190} INFO - [2026-09-08T07:18:56.672+0000] {dag.py:3239} INFO - Sync 1 DAGs
[2026-09-08T07:18:56.687+0000] {logging_mixin.py:190} INFO - [2026-09-08T07:18:56.687+0000] {dag.py:4180} INFO - Setting next_dagrun for xcom_dag to None, run_after=None
[2026-09-08T07:18:56.710+0000] {processor.py:208} INFO - Processing /opt/airflow/dags/02_xcom_dag.py took 0.102 seconds
[2026-09-08T07:19:26.910+0000] {processor.py:186} INFO - Started process (PID=1256) to work on /opt/airflow/dags/02_xcom_dag.py
[2026-09-08T07:19:26.911+0000] {processor.py:914} INFO - Processing file /opt/airflow/dags/02_xcom_dag.py for tasks to queue
[2026-09-08T07:19:26.913+0000] {logging_mixin.py:190} INFO - [2026-09-08T07:19:26.912+0000] {dagbag.py:588} INFO - Filling up the DagBag from /opt/airflow/dags/02_xcom_dag.py
[2026-09-08T07:19:26.936+0000] {processor.py:925} INFO - DAG(s) 'xcom_dag' retrieved from /opt/airflow/dags/02_xcom_dag.py
[2026-09-08T07:19:26.979+0000] {logging_mixin.py:190} INFO - [2026-09-08T07:19:26.979+0000] {dag.py:3239} INFO - Sync 1 DAGs
[2026-09-08T07:19:26.998+0000] {logging_mixin.py:190} INFO - [2026-09-08T07:19:26.997+0000] {dag.py:4180} INFO - Setting next_dagrun for xcom_dag to None, run_after=None
[2026-09-08T07:19:27.021+0000] {processor.py:208} INFO - Processing /opt/airflow/dags/02_xcom_dag.py took 0.119 seconds
[2026-09-08T07:19:57.132+0000] {processor.py:186} INFO - Started process (PID=1270) to work on /opt/airflow/dags/02_xcom_dag.py
[2026-09-08T07:19:57.133+0000] {processor.py:914} INFO - Processing file /opt/airflow/dags/02_xcom_dag.py for tasks to queue
[2026-09-08T07:19:57.136+0000] {logging_mixin.py:190} INFO - [2026-09-08T07:19:57.135+0000] {dagbag.py:588} INFO - Filling up the DagBag from /opt/airflow/dags/02_xcom_dag.py
[2026-09-08T07:19:57.162+0000] {processor.py:925} INFO - DAG(s) 'xcom_dag' retrieved from /opt/airflow/dags/02_xcom_dag.py
[2026-09-08T07:19:57.198+0000] {logging_mixin.py:190} INFO - [2026-09-08T07:19:57.198+0000] {dag.py:3239} INFO - Sync 1 DAGs
[2026-09-08T07:19:57.217+0000] {logging_mixin.py:190} INFO - [2026-09-08T07:19:57.216+0000] {dag.py:4180} INFO - Setting next_dagrun for xcom_dag to None, run_after=None
[2026-09-08T07:19:57.402+0000] {processor.py:208} INFO - Processing /opt/airflow/dags/02_xcom_dag.py took 0.278 seconds
[2026-09-08T07:20:28.016+0000] {processor.py:186} INFO - Started process (PID=1284) to work on /opt/airflow/dags/02_xcom_dag.py
[2026-09-08T07:20:28.018+0000] {processor.py:914} INFO - Processing file /opt/airflow/dags/02_xcom_dag.py for tasks to queue
[2026-09-08T07:20:28.021+0000] {logging_mixin.py:190} INFO - [2026-09-08T07:20:28.020+0000] {dagbag.py:588} INFO - Filling up the DagBag from /opt/airflow/dags/02_xcom_dag.py
[2026-09-08T07:20:28.060+0000] {processor.py:925} INFO - DAG(s) 'xcom_dag' retrieved from /opt/airflow/dags/02_xcom_dag.py
[2026-09-08T07:20:28.109+0000] {logging_mixin.py:190} INFO - [2026-09-08T07:20:28.108+0000] {dag.py:3239} INFO - Sync 1 DAGs
[2026-09-08T07:20:28.362+0000] {logging_mixin.py:190} INFO - [2026-09-08T07:20:28.362+0000] {dag.py:4180} INFO - Setting next_dagrun for xcom_dag to None, run_after=None
[2026-09-08T07:20:28.384+0000] {processor.py:208} INFO - Processing /opt/airflow/dags/02_xcom_dag.py took 0.381 seconds
[2026-09-08T07:20:58.795+0000] {processor.py:186} INFO - Started process (PID=1298) to work on /opt/airflow/dags/02_xcom_dag.py
[2026-09-08T07:20:58.796+0000] {processor.py:914} INFO - Processing file /opt/airflow/dags/02_xcom_dag.py for tasks to queue
[2026-09-08T07:20:58.798+0000] {logging_mixin.py:190} INFO - [2026-09-08T07:20:58.798+0000] {dagbag.py:588} INFO - Filling up the DagBag from /opt/airflow/dags/02_xcom_dag.py
[2026-09-08T07:20:58.820+0000] {processor.py:925} INFO - DAG(s) 'xcom_dag' retrieved from /opt/airflow/dags/02_xcom_dag.py
[2026-09-08T07:20:58.854+0000] {logging_mixin.py:190} INFO - [2026-09-08T07:20:58.854+0000] {dag.py:3239} INFO - Sync 1 DAGs
[2026-09-08T07:20:58.873+0000] {logging_mixin.py:190} INFO - [2026-09-08T07:20:58.872+0000] {dag.py:4180} INFO - Setting next_dagrun for xcom_dag to None, run_after=None
[2026-09-08T07:20:58.899+0000] {processor.py:208} INFO - Processing /opt/airflow/dags/02_xcom_dag.py took 0.111 seconds
[2026-09-08T07:21:29.572+0000] {processor.py:186} INFO - Started process (PID=1312) to work on /opt/airflow/dags/02_xcom_dag.py
[2026-09-08T07:21:29.573+0000] {processor.py:914} INFO - Processing file /opt/airflow/dags/02_xcom_dag.py for tasks to queue
[2026-09-08T07:21:29.575+0000] {logging_mixin.py:190} INFO - [2026-09-08T07:21:29.574+0000] {dagbag.py:588} INFO - Filling up the DagBag from /opt/airflow/dags/02_xcom_dag.py
[2026-09-08T07:21:29.597+0000] {processor.py:925} INFO - DAG(s) 'xcom_dag' retrieved from /opt/airflow/dags/02_xcom_dag.py
[2026-09-08T07:21:29.628+0000] {logging_mixin.py:190} INFO - [2026-09-08T07:21:29.628+0000] {dag.py:3239} INFO - Sync 1 DAGs
[2026-09-08T07:21:29.643+0000] {logging_mixin.py:190} INFO - [2026-09-08T07:21:29.643+0000] {dag.py:4180} INFO - Setting next_dagrun for xcom_dag to None, run_after=None
[2026-09-08T07:21:29.664+0000] {processor.py:208} INFO - Processing /opt/airflow/dags/02_xcom_dag.py took 0.101 seconds
[2026-09-08T07:22:00.273+0000] {processor.py:186} INFO - Started process (PID=1326) to work on /opt/airflow/dags/02_xcom_dag.py
[2026-09-08T07:22:00.274+0000] {processor.py:914} INFO - Processing file /opt/airflow/dags/02_xcom_dag.py for tasks to queue
[2026-09-08T07:22:00.276+0000] {logging_mixin.py:190} INFO - [2026-09-08T07:22:00.276+0000] {dagbag.py:588} INFO - Filling up the DagBag from /opt/airflow/dags/02_xcom_dag.py
[2026-09-08T07:22:00.298+0000] {processor.py:925} INFO - DAG(s) 'xcom_dag' retrieved from /opt/airflow/dags/02_xcom_dag.py
[2026-09-08T07:22:00.333+0000] {logging_mixin.py:190} INFO - [2026-09-08T07:22:00.333+0000] {dag.py:3239} INFO - Sync 1 DAGs
[2026-09-08T07:22:00.350+0000] {logging_mixin.py:190} INFO - [2026-09-08T07:22:00.349+0000] {dag.py:4180} INFO - Setting next_dagrun for xcom_dag to None, run_after=None
[2026-09-08T07:22:00.373+0000] {processor.py:208} INFO - Processing /opt/airflow/dags/02_xcom_dag.py took 0.106 seconds
[2026-09-08T07:22:30.542+0000] {processor.py:186} INFO - Started process (PID=1340) to work on /opt/airflow/dags/02_xcom_dag.py
[2026-09-08T07:22:30.543+0000] {processor.py:914} INFO - Processing file /opt/airflow/dags/02_xcom_dag.py for tasks to queue
[2026-09-08T07:22:30.545+0000] {logging_mixin.py:190} INFO - [2026-09-08T07:22:30.544+0000] {dagbag.py:588} INFO - Filling up the DagBag from /opt/airflow/dags/02_xcom_dag.py
[2026-09-08T07:22:30.566+0000] {processor.py:925} INFO - DAG(s) 'xcom_dag' retrieved from /opt/airflow/dags/02_xcom_dag.py
[2026-09-08T07:22:30.596+0000] {logging_mixin.py:190} INFO - [2026-09-08T07:22:30.596+0000] {dag.py:3239} INFO - Sync 1 DAGs
[2026-09-08T07:22:30.612+0000] {logging_mixin.py:190} INFO - [2026-09-08T07:22:30.612+0000] {dag.py:4180} INFO - Setting next_dagrun for xcom_dag to None, run_after=None
[2026-09-08T07:22:30.633+0000] {processor.py:208} INFO - Processing /opt/airflow/dags/02_xcom_dag.py took 0.098 seconds
[2026-09-08T07:23:00.723+0000] {processor.py:186} INFO - Started process (PID=1354) to work on /opt/airflow/dags/02_xcom_dag.py
[2026-09-08T07:23:00.724+0000] {processor.py:914} INFO - Processing file /opt/airflow/dags/02_xcom_dag.py for tasks to queue
[2026-09-08T07:23:00.727+0000] {logging_mixin.py:190} INFO - [2026-09-08T07:23:00.726+0000] {dagbag.py:588} INFO - Filling up the DagBag from /opt/airflow/dags/02_xcom_dag.py
[2026-09-08T07:23:00.750+0000] {processor.py:925} INFO - DAG(s) 'xcom_dag' retrieved from /opt/airflow/dags/02_xcom_dag.py
[2026-09-08T07:23:00.787+0000] {logging_mixin.py:190} INFO - [2026-09-08T07:23:00.787+0000] {dag.py:3239} INFO - Sync 1 DAGs
[2026-09-08T07:23:00.807+0000] {logging_mixin.py:190} INFO - [2026-09-08T07:23:00.806+0000] {dag.py:4180} INFO - Setting next_dagrun for xcom_dag to None, run_after=None
[2026-09-08T07:23:00.830+0000] {processor.py:208} INFO - Processing /opt/airflow/dags/02_xcom_dag.py took 0.116 seconds
[2026-09-08T07:23:30.945+0000] {processor.py:186} INFO - Started process (PID=1368) to work on /opt/airflow/dags/02_xcom_dag.py
[2026-09-08T07:23:30.946+0000] {processor.py:914} INFO - Processing file /opt/airflow/dags/02_xcom_dag.py for tasks to queue
[2026-09-08T07:23:30.948+0000] {logging_mixin.py:190} INFO - [2026-09-08T07:23:30.947+0000] {dagbag.py:588} INFO - Filling up the DagBag from /opt/airflow/dags/02_xcom_dag.py
[2026-09-08T07:23:30.971+0000] {processor.py:925} INFO - DAG(s) 'xcom_dag' retrieved from /opt/airflow/dags/02_xcom_dag.py
[2026-09-08T07:23:31.007+0000] {logging_mixin.py:190} INFO - [2026-09-08T07:23:31.006+0000] {dag.py:3239} INFO - Sync 1 DAGs
[2026-09-08T07:23:31.026+0000] {logging_mixin.py:190} INFO - [2026-09-08T07:23:31.026+0000] {dag.py:4180} INFO - Setting next_dagrun for xcom_dag to None, run_after=None
[2026-09-08T07:23:31.048+0000] {processor.py:208} INFO - Processing /opt/airflow/dags/02_xcom_dag.py took 0.110 seconds
[2026-09-08T07:24:01.214+0000] {processor.py:186} INFO - Started process (PID=1382) to work on /opt/airflow/dags/02_xcom_dag.py
[2026-09-08T07:24:01.215+0000] {processor.py:914} INFO - Processing file /opt/airflow/dags/02_xcom_dag.py for tasks to queue
[2026-09-08T07:24:01.217+0000] {logging_mixin.py:190} INFO - [2026-09-08T07:24:01.217+0000] {dagbag.py:588} INFO - Filling up the DagBag from /opt/airflow/dags/02_xcom_dag.py
[2026-09-08T07:24:01.238+0000] {processor.py:925} INFO - DAG(s) 'xcom_dag' retrieved from /opt/airflow/dags/02_xcom_dag.py
[2026-09-08T07:24:01.270+0000] {logging_mixin.py:190} INFO - [2026-09-08T07:24:01.270+0000] {dag.py:3239} INFO - Sync 1 DAGs
[2026-09-08T07:24:01.289+0000] {logging_mixin.py:190} INFO - [2026-09-08T07:24:01.289+0000] {dag.py:4180} INFO - Setting next_dagrun for xcom_dag to None, run_after=None
[2026-09-08T07:24:01.312+0000] {processor.py:208} INFO - Processing /opt/airflow/dags/02_xcom_dag.py took 0.104 seconds
[2026-09-08T07:24:32.079+0000] {processor.py:186} INFO - Started process (PID=1395) to work on /opt/airflow/dags/02_xcom_dag.py
[2026-09-08T07:24:32.080+0000] {processor.py:914} INFO - Processing file /opt/airflow/dags/02_xcom_dag.py for tasks to queue
[2026-09-08T07:24:32.082+0000] {logging_mixin.py:190} INFO - [2026-09-08T07:24:32.081+0000] {dagbag.py:588} INFO - Filling up the DagBag from /opt/airflow/dags/02_xcom_dag.py
[2026-09-08T07:24:32.101+0000] {processor.py:925} INFO - DAG(s) 'xcom_dag' retrieved from /opt/airflow/dags/02_xcom_dag.py
[2026-09-08T07:24:32.133+0000] {logging_mixin.py:190} INFO - [2026-09-08T07:24:32.133+0000] {dag.py:3239} INFO - Sync 1 DAGs
[2026-09-08T07:24:32.150+0000] {logging_mixin.py:190} INFO - [2026-09-08T07:24:32.150+0000] {dag.py:4180} INFO - Setting next_dagrun for xcom_dag to None, run_after=None
[2026-09-08T07:24:32.173+0000] {processor.py:208} INFO - Processing /opt/airflow/dags/02_xcom_dag.py took 0.102 seconds
[2026-09-08T07:25:02.865+0000] {processor.py:186} INFO - Started process (PID=1409) to work on /opt/airflow/dags/02_xcom_dag.py
[2026-09-08T07:25:02.867+0000] {processor.py:914} INFO - Processing file /opt/airflow/dags/02_xcom_dag.py for tasks to queue
[2026-09-08T07:25:02.869+0000] {logging_mixin.py:190} INFO - [2026-09-08T07:25:02.868+0000] {dagbag.py:588} INFO - Filling up the DagBag from /opt/airflow/dags/02_xcom_dag.py
[2026-09-08T07:25:02.894+0000] {processor.py:925} INFO - DAG(s) 'xcom_dag' retrieved from /opt/airflow/dags/02_xcom_dag.py
[2026-09-08T07:25:02.926+0000] {logging_mixin.py:190} INFO - [2026-09-08T07:25:02.926+0000] {dag.py:3239} INFO - Sync 1 DAGs
[2026-09-08T07:25:02.960+0000] {logging_mixin.py:190} INFO - [2026-09-08T07:25:02.960+0000] {dag.py:4180} INFO - Setting next_dagrun for xcom_dag to None, run_after=None
[2026-09-08T07:25:02.994+0000] {processor.py:208} INFO - Processing /opt/airflow/dags/02_xcom_dag.py took 0.137 seconds
[2026-09-08T07:25:33.568+0000] {processor.py:186} INFO - Started process (PID=1423) to work on /opt/airflow/dags/02_xcom_dag.py
[2026-09-08T07:25:33.569+0000] {processor.py:914} INFO - Processing file /opt/airflow/dags/02_xcom_dag.py for tasks to queue
[2026-09-08T07:25:33.570+0000] {logging_mixin.py:190} INFO - [2026-09-08T07:25:33.570+0000] {dagbag.py:588} INFO - Filling up the DagBag from /opt/airflow/dags/02_xcom_dag.py
[2026-09-08T07:25:33.589+0000] {processor.py:925} INFO - DAG(s) 'xcom_dag' retrieved from /opt/airflow/dags/02_xcom_dag.py
[2026-09-08T07:25:33.625+0000] {logging_mixin.py:190} INFO - [2026-09-08T07:25:33.625+0000] {dag.py:3239} INFO - Sync 1 DAGs
[2026-09-08T07:25:33.647+0000] {logging_mixin.py:190} INFO - [2026-09-08T07:25:33.647+0000] {dag.py:4180} INFO - Setting next_dagrun for xcom_dag to None, run_after=None
[2026-09-08T07:25:33.670+0000] {processor.py:208} INFO - Processing /opt/airflow/dags/02_xcom_dag.py took 0.109 seconds
[2026-09-08T07:26:04.398+0000] {processor.py:186} INFO - Started process (PID=1437) to work on /opt/airflow/dags/02_xcom_dag.py
[2026-09-08T07:26:04.399+0000] {processor.py:914} INFO - Processing file /opt/airflow/dags/02_xcom_dag.py for tasks to queue
[2026-09-08T07:26:04.400+0000] {logging_mixin.py:190} INFO - [2026-09-08T07:26:04.400+0000] {dagbag.py:588} INFO - Filling up the DagBag from /opt/airflow/dags/02_xcom_dag.py
[2026-09-08T07:26:04.419+0000] {processor.py:925} INFO - DAG(s) 'xcom_dag' retrieved from /opt/airflow/dags/02_xcom_dag.py
[2026-09-08T07:26:04.452+0000] {logging_mixin.py:190} INFO - [2026-09-08T07:26:04.451+0000] {dag.py:3239} INFO - Sync 1 DAGs
[2026-09-08T07:26:04.473+0000] {logging_mixin.py:190} INFO - [2026-09-08T07:26:04.473+0000] {dag.py:4180} INFO - Setting next_dagrun for xcom_dag to None, run_after=None
[2026-09-08T07:26:04.494+0000] {processor.py:208} INFO - Processing /opt/airflow/dags/02_xcom_dag.py took 0.103 seconds
[2026-09-08T07:26:35.069+0000] {processor.py:186} INFO - Started process (PID=1451) to work on /opt/airflow/dags/02_xcom_dag.py
[2026-09-08T07:26:35.070+0000] {processor.py:914} INFO - Processing file /opt/airflow/dags/02_xcom_dag.py for tasks to queue
[2026-09-08T07:26:35.072+0000] {logging_mixin.py:190} INFO - [2026-09-08T07:26:35.071+0000] {dagbag.py:588} INFO - Filling up the DagBag from /opt/airflow/dags/02_xcom_dag.py
[2026-09-08T07:26:35.093+0000] {processor.py:925} INFO - DAG(s) 'xcom_dag' retrieved from /opt/airflow/dags/02_xcom_dag.py
[2026-09-08T07:26:35.128+0000] {logging_mixin.py:190} INFO - [2026-09-08T07:26:35.128+0000] {dag.py:3239} INFO - Sync 1 DAGs
[2026-09-08T07:26:35.148+0000] {logging_mixin.py:190} INFO - [2026-09-08T07:26:35.148+0000] {dag.py:4180} INFO - Setting next_dagrun for xcom_dag to None, run_after=None
[2026-09-08T07:26:35.181+0000] {processor.py:208} INFO - Processing /opt/airflow/dags/02_xcom_dag.py took 0.120 seconds
[2026-09-08T07:27:05.880+0000] {processor.py:186} INFO - Started process (PID=1465) to work on /opt/airflow/dags/02_xcom_dag.py
[2026-09-08T07:27:05.881+0000] {processor.py:914} INFO - Processing file /opt/airflow/dags/02_xcom_dag.py for tasks to queue
[2026-09-08T07:27:05.885+0000] {logging_mixin.py:190} INFO - [2026-09-08T07:27:05.884+0000] {dagbag.py:588} INFO - Filling up the DagBag from /opt/airflow/dags/02_xcom_dag.py
[2026-09-08T07:27:05.917+0000] {processor.py:925} INFO - DAG(s) 'xcom_dag' retrieved from /opt/airflow/dags/02_xcom_dag.py
[2026-09-08T07:27:05.972+0000] {logging_mixin.py:190} INFO - [2026-09-08T07:27:05.971+0000] {dag.py:3239} INFO - Sync 1 DAGs
[2026-09-08T07:27:05.997+0000] {logging_mixin.py:190} INFO - [2026-09-08T07:27:05.996+0000] {dag.py:4180} INFO - Setting next_dagrun for xcom_dag to None, run_after=None
[2026-09-08T07:27:06.028+0000] {processor.py:208} INFO - Processing /opt/airflow/dags/02_xcom_dag.py took 0.162 seconds
[2026-09-08T07:27:36.947+0000] {processor.py:186} INFO - Started process (PID=1479) to work on /opt/airflow/dags/02_xcom_dag.py
[2026-09-08T07:27:36.948+0000] {processor.py:914} INFO - Processing file /opt/airflow/dags/02_xcom_dag.py for tasks to queue
[2026-09-08T07:27:36.950+0000] {logging_mixin.py:190} INFO - [2026-09-08T07:27:36.950+0000] {dagbag.py:588} INFO - Filling up the DagBag from /opt/airflow/dags/02_xcom_dag.py
[2026-09-08T07:27:36.973+0000] {processor.py:925} INFO - DAG(s) 'xcom_dag' retrieved from /opt/airflow/dags/02_xcom_dag.py
[2026-09-08T07:27:37.009+0000] {logging_mixin.py:190} INFO - [2026-09-08T07:27:37.008+0000] {dag.py:3239} INFO - Sync 1 DAGs
[2026-09-08T07:27:37.032+0000] {logging_mixin.py:190} INFO - [2026-09-08T07:27:37.032+0000] {dag.py:4180} INFO - Setting next_dagrun for xcom_dag to None, run_after=None
[2026-09-08T07:27:37.061+0000] {processor.py:208} INFO - Processing /opt/airflow/dags/02_xcom_dag.py took 0.122 seconds
[2026-09-08T07:28:07.942+0000] {processor.py:186} INFO - Started process (PID=1493) to work on /opt/airflow/dags/02_xcom_dag.py
[2026-09-08T07:28:07.943+0000] {processor.py:914} INFO - Processing file /opt/airflow/dags/02_xcom_dag.py for tasks to queue
[2026-09-08T07:28:07.945+0000] {logging_mixin.py:190} INFO - [2026-09-08T07:28:07.945+0000] {dagbag.py:588} INFO - Filling up the DagBag from /opt/airflow/dags/02_xcom_dag.py
[2026-09-08T07:28:07.964+0000] {processor.py:925} INFO - DAG(s) 'xcom_dag' retrieved from /opt/airflow/dags/02_xcom_dag.py
[2026-09-08T07:28:08.007+0000] {logging_mixin.py:190} INFO - [2026-09-08T07:28:08.007+0000] {dag.py:3239} INFO - Sync 1 DAGs
[2026-09-08T07:28:08.041+0000] {logging_mixin.py:190} INFO - [2026-09-08T07:28:08.041+0000] {dag.py:4180} INFO - Setting next_dagrun for xcom_dag to None, run_after=None
[2026-09-08T07:28:08.081+0000] {processor.py:208} INFO - Processing /opt/airflow/dags/02_xcom_dag.py took 0.145 seconds
[2026-09-08T07:28:38.196+0000] {processor.py:186} INFO - Started process (PID=1506) to work on /opt/airflow/dags/02_xcom_dag.py
[2026-09-08T07:28:38.198+0000] {processor.py:914} INFO - Processing file /opt/airflow/dags/02_xcom_dag.py for tasks to queue
[2026-09-08T07:28:38.201+0000] {logging_mixin.py:190} INFO - [2026-09-08T07:28:38.200+0000] {dagbag.py:588} INFO - Filling up the DagBag from /opt/airflow/dags/02_xcom_dag.py
[2026-09-08T07:28:38.238+0000] {processor.py:925} INFO - DAG(s) 'xcom_dag' retrieved from /opt/airflow/dags/02_xcom_dag.py
[2026-09-08T07:28:38.291+0000] {logging_mixin.py:190} INFO - [2026-09-08T07:28:38.291+0000] {dag.py:3239} INFO - Sync 1 DAGs
[2026-09-08T07:28:38.320+0000] {logging_mixin.py:190} INFO - [2026-09-08T07:28:38.320+0000] {dag.py:4180} INFO - Setting next_dagrun for xcom_dag to None, run_after=None
[2026-09-08T07:28:38.357+0000] {processor.py:208} INFO - Processing /opt/airflow/dags/02_xcom_dag.py took 0.175 seconds
[2026-09-08T07:29:08.430+0000] {processor.py:186} INFO - Started process (PID=1520) to work on /opt/airflow/dags/02_xcom_dag.py
[2026-09-08T07:29:08.431+0000] {processor.py:914} INFO - Processing file /opt/airflow/dags/02_xcom_dag.py for tasks to queue
[2026-09-08T07:29:08.433+0000] {logging_mixin.py:190} INFO - [2026-09-08T07:29:08.433+0000] {dagbag.py:588} INFO - Filling up the DagBag from /opt/airflow/dags/02_xcom_dag.py
[2026-09-08T07:29:08.452+0000] {processor.py:925} INFO - DAG(s) 'xcom_dag' retrieved from /opt/airflow/dags/02_xcom_dag.py
[2026-09-08T07:29:08.483+0000] {logging_mixin.py:190} INFO - [2026-09-08T07:29:08.483+0000] {dag.py:3239} INFO - Sync 1 DAGs
[2026-09-08T07:29:08.500+0000] {logging_mixin.py:190} INFO - [2026-09-08T07:29:08.500+0000] {dag.py:4180} INFO - Setting next_dagrun for xcom_dag to None, run_after=None
[2026-09-08T07:29:08.520+0000] {processor.py:208} INFO - Processing /opt/airflow/dags/02_xcom_dag.py took 0.097 seconds
[2026-09-08T07:29:38.693+0000] {processor.py:186} INFO - Started process (PID=1534) to work on /opt/airflow/dags/02_xcom_dag.py
[2026-09-08T07:29:38.694+0000] {processor.py:914} INFO - Processing file /opt/airflow/dags/02_xcom_dag.py for tasks to queue
[2026-09-08T07:29:38.696+0000] {logging_mixin.py:190} INFO - [2026-09-08T07:29:38.695+0000] {dagbag.py:588} INFO - Filling up the DagBag from /opt/airflow/dags/02_xcom_dag.py
[2026-09-08T07:29:38.716+0000] {processor.py:925} INFO - DAG(s) 'xcom_dag' retrieved from /opt/airflow/dags/02_xcom_dag.py
[2026-09-08T07:29:38.746+0000] {logging_mixin.py:190} INFO - [2026-09-08T07:29:38.746+0000] {dag.py:3239} INFO - Sync 1 DAGs
[2026-09-08T07:29:38.762+0000] {logging_mixin.py:190} INFO - [2026-09-08T07:29:38.762+0000] {dag.py:4180} INFO - Setting next_dagrun for xcom_dag to None, run_after=None
[2026-09-08T07:29:38.783+0000] {processor.py:208} INFO - Processing /opt/airflow/dags/02_xcom_dag.py took 0.096 seconds
[2026-09-08T07:30:08.941+0000] {processor.py:186} INFO - Started process (PID=1548) to work on /opt/airflow/dags/02_xcom_dag.py
[2026-09-08T07:30:08.942+0000] {processor.py:914} INFO - Processing file /opt/airflow/dags/02_xcom_dag.py for tasks to queue
[2026-09-08T07:30:08.943+0000] {logging_mixin.py:190} INFO - [2026-09-08T07:30:08.943+0000] {dagbag.py:588} INFO - Filling up the DagBag from /opt/airflow/dags/02_xcom_dag.py
[2026-09-08T07:30:08.964+0000] {processor.py:925} INFO - DAG(s) 'xcom_dag' retrieved from /opt/airflow/dags/02_xcom_dag.py
[2026-09-08T07:30:08.995+0000] {logging_mixin.py:190} INFO - [2026-09-08T07:30:08.995+0000] {dag.py:3239} INFO - Sync 1 DAGs
[2026-09-08T07:30:09.011+0000] {logging_mixin.py:190} INFO - [2026-09-08T07:30:09.011+0000] {dag.py:4180} INFO - Setting next_dagrun for xcom_dag to None, run_after=None
[2026-09-08T07:30:09.034+0000] {processor.py:208} INFO - Processing /opt/airflow/dags/02_xcom_dag.py took 0.100 seconds
[2026-09-08T07:30:39.163+0000] {processor.py:186} INFO - Started process (PID=1562) to work on /opt/airflow/dags/02_xcom_dag.py
[2026-09-08T07:30:39.164+0000] {processor.py:914} INFO - Processing file /opt/airflow/dags/02_xcom_dag.py for tasks to queue
[2026-09-08T07:30:39.166+0000] {logging_mixin.py:190} INFO - [2026-09-08T07:30:39.165+0000] {dagbag.py:588} INFO - Filling up the DagBag from /opt/airflow/dags/02_xcom_dag.py
[2026-09-08T07:30:39.189+0000] {processor.py:925} INFO - DAG(s) 'xcom_dag' retrieved from /opt/airflow/dags/02_xcom_dag.py
[2026-09-08T07:30:39.226+0000] {logging_mixin.py:190} INFO - [2026-09-08T07:30:39.226+0000] {dag.py:3239} INFO - Sync 1 DAGs
[2026-09-08T07:30:39.269+0000] {logging_mixin.py:190} INFO - [2026-09-08T07:30:39.268+0000] {dag.py:4180} INFO - Setting next_dagrun for xcom_dag to None, run_after=None
[2026-09-08T07:30:39.293+0000] {processor.py:208} INFO - Processing /opt/airflow/dags/02_xcom_dag.py took 0.137 seconds
[2026-09-08T07:31:09.433+0000] {processor.py:186} INFO - Started process (PID=1576) to work on /opt/airflow/dags/02_xcom_dag.py
[2026-09-08T07:31:09.434+0000] {processor.py:914} INFO - Processing file /opt/airflow/dags/02_xcom_dag.py for tasks to queue
[2026-09-08T07:31:09.436+0000] {logging_mixin.py:190} INFO - [2026-09-08T07:31:09.435+0000] {dagbag.py:588} INFO - Filling up the DagBag from /opt/airflow/dags/02_xcom_dag.py
[2026-09-08T07:31:09.456+0000] {processor.py:925} INFO - DAG(s) 'xcom_dag' retrieved from /opt/airflow/dags/02_xcom_dag.py
[2026-09-08T07:31:09.486+0000] {logging_mixin.py:190} INFO - [2026-09-08T07:31:09.486+0000] {dag.py:3239} INFO - Sync 1 DAGs
[2026-09-08T07:31:09.501+0000] {logging_mixin.py:190} INFO - [2026-09-08T07:31:09.501+0000] {dag.py:4180} INFO - Setting next_dagrun for xcom_dag to None, run_after=None
[2026-09-08T07:31:09.522+0000] {processor.py:208} INFO - Processing /opt/airflow/dags/02_xcom_dag.py took 0.096 seconds
[2026-09-08T07:31:39.688+0000] {processor.py:186} INFO - Started process (PID=1590) to work on /opt/airflow/dags/02_xcom_dag.py
[2026-09-08T07:31:39.689+0000] {processor.py:914} INFO - Processing file /opt/airflow/dags/02_xcom_dag.py for tasks to queue
[2026-09-08T07:31:39.692+0000] {logging_mixin.py:190} INFO - [2026-09-08T07:31:39.691+0000] {dagbag.py:588} INFO - Filling up the DagBag from /opt/airflow/dags/02_xcom_dag.py
[2026-09-08T07:31:39.712+0000] {processor.py:925} INFO - DAG(s) 'xcom_dag' retrieved from /opt/airflow/dags/02_xcom_dag.py
[2026-09-08T07:31:39.743+0000] {logging_mixin.py:190} INFO - [2026-09-08T07:31:39.743+0000] {dag.py:3239} INFO - Sync 1 DAGs
[2026-09-08T07:31:39.759+0000] {logging_mixin.py:190} INFO - [2026-09-08T07:31:39.759+0000] {dag.py:4180} INFO - Setting next_dagrun for xcom_dag to None, run_after=None
[2026-09-08T07:31:39.780+0000] {processor.py:208} INFO - Processing /opt/airflow/dags/02_xcom_dag.py took 0.099 seconds
[2026-09-08T07:32:09.928+0000] {processor.py:186} INFO - Started process (PID=1604) to work on /opt/airflow/dags/02_xcom_dag.py
[2026-09-08T07:32:09.929+0000] {processor.py:914} INFO - Processing file /opt/airflow/dags/02_xcom_dag.py for tasks to queue
[2026-09-08T07:32:09.932+0000] {logging_mixin.py:190} INFO - [2026-09-08T07:32:09.932+0000] {dagbag.py:588} INFO - Filling up the DagBag from /opt/airflow/dags/02_xcom_dag.py
[2026-09-08T07:32:09.955+0000] {processor.py:925} INFO - DAG(s) 'xcom_dag' retrieved from /opt/airflow/dags/02_xcom_dag.py
[2026-09-08T07:32:09.988+0000] {logging_mixin.py:190} INFO - [2026-09-08T07:32:09.988+0000] {dag.py:3239} INFO - Sync 1 DAGs
[2026-09-08T07:32:10.006+0000] {logging_mixin.py:190} INFO - [2026-09-08T07:32:10.006+0000] {dag.py:4180} INFO - Setting next_dagrun for xcom_dag to None, run_after=None
[2026-09-08T07:32:10.028+0000] {processor.py:208} INFO - Processing /opt/airflow/dags/02_xcom_dag.py took 0.108 seconds
[2026-09-08T07:32:40.221+0000] {processor.py:186} INFO - Started process (PID=1618) to work on /opt/airflow/dags/02_xcom_dag.py
[2026-09-08T07:32:40.224+0000] {processor.py:914} INFO - Processing file /opt/airflow/dags/02_xcom_dag.py for tasks to queue
[2026-09-08T07:32:40.230+0000] {logging_mixin.py:190} INFO - [2026-09-08T07:32:40.229+0000] {dagbag.py:588} INFO - Filling up the DagBag from /opt/airflow/dags/02_xcom_dag.py
[2026-09-08T07:32:40.272+0000] {processor.py:925} INFO - DAG(s) 'xcom_dag' retrieved from /opt/airflow/dags/02_xcom_dag.py
[2026-09-08T07:32:40.331+0000] {logging_mixin.py:190} INFO - [2026-09-08T07:32:40.331+0000] {dag.py:3239} INFO - Sync 1 DAGs
[2026-09-08T07:32:40.361+0000] {logging_mixin.py:190} INFO - [2026-09-08T07:32:40.361+0000] {dag.py:4180} INFO - Setting next_dagrun for xcom_dag to None, run_after=None
[2026-09-08T07:32:40.397+0000] {processor.py:208} INFO - Processing /opt/airflow/dags/02_xcom_dag.py took 0.199 seconds
[2026-09-08T07:33:10.468+0000] {processor.py:186} INFO - Started process (PID=1632) to work on /opt/airflow/dags/02_xcom_dag.py
[2026-09-08T07:33:10.469+0000] {processor.py:914} INFO - Processing file /opt/airflow/dags/02_xcom_dag.py for tasks to queue
[2026-09-08T07:33:10.471+0000] {logging_mixin.py:190} INFO - [2026-09-08T07:33:10.471+0000] {dagbag.py:588} INFO - Filling up the DagBag from /opt/airflow/dags/02_xcom_dag.py
[2026-09-08T07:33:10.498+0000] {processor.py:925} INFO - DAG(s) 'xcom_dag' retrieved from /opt/airflow/dags/02_xcom_dag.py
[2026-09-08T07:33:10.534+0000] {logging_mixin.py:190} INFO - [2026-09-08T07:33:10.534+0000] {dag.py:3239} INFO - Sync 1 DAGs
[2026-09-08T07:33:10.552+0000] {logging_mixin.py:190} INFO - [2026-09-08T07:33:10.551+0000] {dag.py:4180} INFO - Setting next_dagrun for xcom_dag to None, run_after=None
[2026-09-08T07:33:10.572+0000] {processor.py:208} INFO - Processing /opt/airflow/dags/02_xcom_dag.py took 0.111 seconds
[2026-09-08T07:33:40.725+0000] {processor.py:186} INFO - Started process (PID=1646) to work on /opt/airflow/dags/02_xcom_dag.py
[2026-09-08T07:33:40.726+0000] {processor.py:914} INFO - Processing file /opt/airflow/dags/02_xcom_dag.py for tasks to queue
[2026-09-08T07:33:40.728+0000] {logging_mixin.py:190} INFO - [2026-09-08T07:33:40.728+0000] {dagbag.py:588} INFO - Filling up the DagBag from /opt/airflow/dags/02_xcom_dag.py
[2026-09-08T07:33:40.750+0000] {processor.py:925} INFO - DAG(s) 'xcom_dag' retrieved from /opt/airflow/dags/02_xcom_dag.py
[2026-09-08T07:33:40.784+0000] {logging_mixin.py:190} INFO - [2026-09-08T07:33:40.784+0000] {dag.py:3239} INFO - Sync 1 DAGs
[2026-09-08T07:33:40.801+0000] {logging_mixin.py:190} INFO - [2026-09-08T07:33:40.801+0000] {dag.py:4180} INFO - Setting next_dagrun for xcom_dag to None, run_after=None
[2026-09-08T07:33:40.826+0000] {processor.py:208} INFO - Processing /opt/airflow/dags/02_xcom_dag.py took 0.108 seconds
[2026-09-08T07:34:10.985+0000] {processor.py:186} INFO - Started process (PID=1660) to work on /opt/airflow/dags/02_xcom_dag.py
[2026-09-08T07:34:10.986+0000] {processor.py:914} INFO - Processing file /opt/airflow/dags/02_xcom_dag.py for tasks to queue
[2026-09-08T07:34:10.989+0000] {logging_mixin.py:190} INFO - [2026-09-08T07:34:10.988+0000] {dagbag.py:588} INFO - Filling up the DagBag from /opt/airflow/dags/02_xcom_dag.py
[2026-09-08T07:34:11.012+0000] {processor.py:925} INFO - DAG(s) 'xcom_dag' retrieved from /opt/airflow/dags/02_xcom_dag.py
[2026-09-08T07:34:11.048+0000] {logging_mixin.py:190} INFO - [2026-09-08T07:34:11.048+0000] {dag.py:3239} INFO - Sync 1 DAGs
[2026-09-08T07:34:11.068+0000] {logging_mixin.py:190} INFO - [2026-09-08T07:34:11.068+0000] {dag.py:4180} INFO - Setting next_dagrun for xcom_dag to None, run_after=None
[2026-09-08T07:34:11.091+0000] {processor.py:208} INFO - Processing /opt/airflow/dags/02_xcom_dag.py took 0.116 seconds
[2026-09-08T07:34:41.263+0000] {processor.py:186} INFO - Started process (PID=1674) to work on /opt/airflow/dags/02_xcom_dag.py
[2026-09-08T07:34:41.264+0000] {processor.py:914} INFO - Processing file /opt/airflow/dags/02_xcom_dag.py for tasks to queue
[2026-09-08T07:34:41.266+0000] {logging_mixin.py:190} INFO - [2026-09-08T07:34:41.265+0000] {dagbag.py:588} INFO - Filling up the DagBag from /opt/airflow/dags/02_xcom_dag.py
[2026-09-08T07:34:41.287+0000] {processor.py:925} INFO - DAG(s) 'xcom_dag' retrieved from /opt/airflow/dags/02_xcom_dag.py
[2026-09-08T07:34:41.323+0000] {logging_mixin.py:190} INFO - [2026-09-08T07:34:41.323+0000] {dag.py:3239} INFO - Sync 1 DAGs
[2026-09-08T07:34:41.344+0000] {logging_mixin.py:190} INFO - [2026-09-08T07:34:41.344+0000] {dag.py:4180} INFO - Setting next_dagrun for xcom_dag to None, run_after=None
[2026-09-08T07:34:41.368+0000] {processor.py:208} INFO - Processing /opt/airflow/dags/02_xcom_dag.py took 0.111 seconds
[2026-09-08T07:35:11.511+0000] {processor.py:186} INFO - Started process (PID=1688) to work on /opt/airflow/dags/02_xcom_dag.py
[2026-09-08T07:35:11.512+0000] {processor.py:914} INFO - Processing file /opt/airflow/dags/02_xcom_dag.py for tasks to queue
[2026-09-08T07:35:11.514+0000] {logging_mixin.py:190} INFO - [2026-09-08T07:35:11.514+0000] {dagbag.py:588} INFO - Filling up the DagBag from /opt/airflow/dags/02_xcom_dag.py
[2026-09-08T07:35:11.535+0000] {processor.py:925} INFO - DAG(s) 'xcom_dag' retrieved from /opt/airflow/dags/02_xcom_dag.py
[2026-09-08T07:35:11.567+0000] {logging_mixin.py:190} INFO - [2026-09-08T07:35:11.567+0000] {dag.py:3239} INFO - Sync 1 DAGs
[2026-09-08T07:35:11.583+0000] {logging_mixin.py:190} INFO - [2026-09-08T07:35:11.583+0000] {dag.py:4180} INFO - Setting next_dagrun for xcom_dag to None, run_after=None
[2026-09-08T07:35:11.605+0000] {processor.py:208} INFO - Processing /opt/airflow/dags/02_xcom_dag.py took 0.101 seconds
[2026-09-08T07:35:42.316+0000] {processor.py:186} INFO - Started process (PID=1702) to work on /opt/airflow/dags/02_xcom_dag.py
[2026-09-08T07:35:42.317+0000] {processor.py:914} INFO - Processing file /opt/airflow/dags/02_xcom_dag.py for tasks to queue
[2026-09-08T07:35:42.319+0000] {logging_mixin.py:190} INFO - [2026-09-08T07:35:42.318+0000] {dagbag.py:588} INFO - Filling up the DagBag from /opt/airflow/dags/02_xcom_dag.py
[2026-09-08T07:35:42.340+0000] {processor.py:925} INFO - DAG(s) 'xcom_dag' retrieved from /opt/airflow/dags/02_xcom_dag.py
[2026-09-08T07:35:42.371+0000] {logging_mixin.py:190} INFO - [2026-09-08T07:35:42.371+0000] {dag.py:3239} INFO - Sync 1 DAGs
[2026-09-08T07:35:42.388+0000] {logging_mixin.py:190} INFO - [2026-09-08T07:35:42.387+0000] {dag.py:4180} INFO - Setting next_dagrun for xcom_dag to None, run_after=None
[2026-09-08T07:35:42.410+0000] {processor.py:208} INFO - Processing /opt/airflow/dags/02_xcom_dag.py took 0.100 seconds
[2026-09-08T07:36:12.469+0000] {processor.py:186} INFO - Started process (PID=1716) to work on /opt/airflow/dags/02_xcom_dag.py
[2026-09-08T07:36:12.470+0000] {processor.py:914} INFO - Processing file /opt/airflow/dags/02_xcom_dag.py for tasks to queue
[2026-09-08T07:36:12.473+0000] {logging_mixin.py:190} INFO - [2026-09-08T07:36:12.472+0000] {dagbag.py:588} INFO - Filling up the DagBag from /opt/airflow/dags/02_xcom_dag.py
[2026-09-08T07:36:12.498+0000] {processor.py:925} INFO - DAG(s) 'xcom_dag' retrieved from /opt/airflow/dags/02_xcom_dag.py
[2026-09-08T07:36:12.538+0000] {logging_mixin.py:190} INFO - [2026-09-08T07:36:12.538+0000] {dag.py:3239} INFO - Sync 1 DAGs
[2026-09-08T07:36:12.560+0000] {logging_mixin.py:190} INFO - [2026-09-08T07:36:12.560+0000] {dag.py:4180} INFO - Setting next_dagrun for xcom_dag to None, run_after=None
[2026-09-08T07:36:12.590+0000] {processor.py:208} INFO - Processing /opt/airflow/dags/02_xcom_dag.py took 0.129 seconds
[2026-09-08T07:36:42.829+0000] {processor.py:186} INFO - Started process (PID=1730) to work on /opt/airflow/dags/02_xcom_dag.py
[2026-09-08T07:36:42.830+0000] {processor.py:914} INFO - Processing file /opt/airflow/dags/02_xcom_dag.py for tasks to queue
[2026-09-08T07:36:42.832+0000] {logging_mixin.py:190} INFO - [2026-09-08T07:36:42.831+0000] {dagbag.py:588} INFO - Filling up the DagBag from /opt/airflow/dags/02_xcom_dag.py
[2026-09-08T07:36:42.852+0000] {processor.py:925} INFO - DAG(s) 'xcom_dag' retrieved from /opt/airflow/dags/02_xcom_dag.py
[2026-09-08T07:36:42.883+0000] {logging_mixin.py:190} INFO - [2026-09-08T07:36:42.883+0000] {dag.py:3239} INFO - Sync 1 DAGs
[2026-09-08T07:36:42.899+0000] {logging_mixin.py:190} INFO - [2026-09-08T07:36:42.899+0000] {dag.py:4180} INFO - Setting next_dagrun for xcom_dag to None, run_after=None
[2026-09-08T07:36:42.920+0000] {processor.py:208} INFO - Processing /opt/airflow/dags/02_xcom_dag.py took 0.098 seconds
[2026-09-08T07:37:13.513+0000] {processor.py:186} INFO - Started process (PID=1744) to work on /opt/airflow/dags/02_xcom_dag.py
[2026-09-08T07:37:13.515+0000] {processor.py:914} INFO - Processing file /opt/airflow/dags/02_xcom_dag.py for tasks to queue
[2026-09-08T07:37:13.516+0000] {logging_mixin.py:190} INFO - [2026-09-08T07:37:13.516+0000] {dagbag.py:588} INFO - Filling up the DagBag from /opt/airflow/dags/02_xcom_dag.py
[2026-09-08T07:37:13.541+0000] {processor.py:925} INFO - DAG(s) 'xcom_dag' retrieved from /opt/airflow/dags/02_xcom_dag.py
[2026-09-08T07:37:13.573+0000] {logging_mixin.py:190} INFO - [2026-09-08T07:37:13.573+0000] {dag.py:3239} INFO - Sync 1 DAGs
[2026-09-08T07:37:13.589+0000] {logging_mixin.py:190} INFO - [2026-09-08T07:37:13.589+0000] {dag.py:4180} INFO - Setting next_dagrun for xcom_dag to None, run_after=None
[2026-09-08T07:37:13.612+0000] {processor.py:208} INFO - Processing /opt/airflow/dags/02_xcom_dag.py took 0.105 seconds
[2026-09-08T07:37:43.777+0000] {processor.py:186} INFO - Started process (PID=1758) to work on /opt/airflow/dags/02_xcom_dag.py
[2026-09-08T07:37:43.778+0000] {processor.py:914} INFO - Processing file /opt/airflow/dags/02_xcom_dag.py for tasks to queue
[2026-09-08T07:37:43.781+0000] {logging_mixin.py:190} INFO - [2026-09-08T07:37:43.780+0000] {dagbag.py:588} INFO - Filling up the DagBag from /opt/airflow/dags/02_xcom_dag.py
[2026-09-08T07:37:43.801+0000] {processor.py:925} INFO - DAG(s) 'xcom_dag' retrieved from /opt/airflow/dags/02_xcom_dag.py
[2026-09-08T07:37:43.833+0000] {logging_mixin.py:190} INFO - [2026-09-08T07:37:43.833+0000] {dag.py:3239} INFO - Sync 1 DAGs
[2026-09-08T07:37:43.850+0000] {logging_mixin.py:190} INFO - [2026-09-08T07:37:43.850+0000] {dag.py:4180} INFO - Setting next_dagrun for xcom_dag to None, run_after=None
[2026-09-08T07:37:43.872+0000] {processor.py:208} INFO - Processing /opt/airflow/dags/02_xcom_dag.py took 0.103 seconds
[2026-09-08T07:38:14.152+0000] {processor.py:186} INFO - Started process (PID=1772) to work on /opt/airflow/dags/02_xcom_dag.py
[2026-09-08T07:38:14.154+0000] {processor.py:914} INFO - Processing file /opt/airflow/dags/02_xcom_dag.py for tasks to queue
[2026-09-08T07:38:14.155+0000] {logging_mixin.py:190} INFO - [2026-09-08T07:38:14.155+0000] {dagbag.py:588} INFO - Filling up the DagBag from /opt/airflow/dags/02_xcom_dag.py
[2026-09-08T07:38:14.181+0000] {processor.py:925} INFO - DAG(s) 'xcom_dag' retrieved from /opt/airflow/dags/02_xcom_dag.py
[2026-09-08T07:38:14.217+0000] {logging_mixin.py:190} INFO - [2026-09-08T07:38:14.217+0000] {dag.py:3239} INFO - Sync 1 DAGs
[2026-09-08T07:38:14.235+0000] {logging_mixin.py:190} INFO - [2026-09-08T07:38:14.235+0000] {dag.py:4180} INFO - Setting next_dagrun for xcom_dag to None, run_after=None
[2026-09-08T07:38:14.259+0000] {processor.py:208} INFO - Processing /opt/airflow/dags/02_xcom_dag.py took 0.113 seconds
[2026-09-08T07:38:44.961+0000] {processor.py:186} INFO - Started process (PID=1786) to work on /opt/airflow/dags/02_xcom_dag.py
[2026-09-08T07:38:44.962+0000] {processor.py:914} INFO - Processing file /opt/airflow/dags/02_xcom_dag.py for tasks to queue
[2026-09-08T07:38:44.964+0000] {logging_mixin.py:190} INFO - [2026-09-08T07:38:44.963+0000] {dagbag.py:588} INFO - Filling up the DagBag from /opt/airflow/dags/02_xcom_dag.py
[2026-09-08T07:38:44.986+0000] {processor.py:925} INFO - DAG(s) 'xcom_dag' retrieved from /opt/airflow/dags/02_xcom_dag.py
[2026-09-08T07:38:45.022+0000] {logging_mixin.py:190} INFO - [2026-09-08T07:38:45.022+0000] {dag.py:3239} INFO - Sync 1 DAGs
[2026-09-08T07:38:45.041+0000] {logging_mixin.py:190} INFO - [2026-09-08T07:38:45.041+0000] {dag.py:4180} INFO - Setting next_dagrun for xcom_dag to None, run_after=None
[2026-09-08T07:38:45.067+0000] {processor.py:208} INFO - Processing /opt/airflow/dags/02_xcom_dag.py took 0.113 seconds
[2026-09-08T07:39:15.209+0000] {processor.py:186} INFO - Started process (PID=1800) to work on /opt/airflow/dags/02_xcom_dag.py
[2026-09-08T07:39:15.210+0000] {processor.py:914} INFO - Processing file /opt/airflow/dags/02_xcom_dag.py for tasks to queue
[2026-09-08T07:39:15.212+0000] {logging_mixin.py:190} INFO - [2026-09-08T07:39:15.212+0000] {dagbag.py:588} INFO - Filling up the DagBag from /opt/airflow/dags/02_xcom_dag.py
[2026-09-08T07:39:15.232+0000] {processor.py:925} INFO - DAG(s) 'xcom_dag' retrieved from /opt/airflow/dags/02_xcom_dag.py
[2026-09-08T07:39:15.264+0000] {logging_mixin.py:190} INFO - [2026-09-08T07:39:15.263+0000] {dag.py:3239} INFO - Sync 1 DAGs
[2026-09-08T07:39:15.279+0000] {logging_mixin.py:190} INFO - [2026-09-08T07:39:15.279+0000] {dag.py:4180} INFO - Setting next_dagrun for xcom_dag to None, run_after=None
[2026-09-08T07:39:15.300+0000] {processor.py:208} INFO - Processing /opt/airflow/dags/02_xcom_dag.py took 0.098 seconds
[2026-09-08T07:39:45.384+0000] {processor.py:186} INFO - Started process (PID=1814) to work on /opt/airflow/dags/02_xcom_dag.py
[2026-09-08T07:39:45.385+0000] {processor.py:914} INFO - Processing file /opt/airflow/dags/02_xcom_dag.py for tasks to queue
[2026-09-08T07:39:45.387+0000] {logging_mixin.py:190} INFO - [2026-09-08T07:39:45.387+0000] {dagbag.py:588} INFO - Filling up the DagBag from /opt/airflow/dags/02_xcom_dag.py
[2026-09-08T07:39:45.407+0000] {processor.py:925} INFO - DAG(s) 'xcom_dag' retrieved from /opt/airflow/dags/02_xcom_dag.py
[2026-09-08T07:39:45.445+0000] {logging_mixin.py:190} INFO - [2026-09-08T07:39:45.445+0000] {dag.py:3239} INFO - Sync 1 DAGs
[2026-09-08T07:39:45.463+0000] {logging_mixin.py:190} INFO - [2026-09-08T07:39:45.463+0000] {dag.py:4180} INFO - Setting next_dagrun for xcom_dag to None, run_after=None
[2026-09-08T07:39:45.489+0000] {processor.py:208} INFO - Processing /opt/airflow/dags/02_xcom_dag.py took 0.112 seconds
[2026-09-08T07:40:16.270+0000] {processor.py:186} INFO - Started process (PID=1828) to work on /opt/airflow/dags/02_xcom_dag.py
[2026-09-08T07:40:16.271+0000] {processor.py:914} INFO - Processing file /opt/airflow/dags/02_xcom_dag.py for tasks to queue
[2026-09-08T07:40:16.273+0000] {logging_mixin.py:190} INFO - [2026-09-08T07:40:16.272+0000] {dagbag.py:588} INFO - Filling up the DagBag from /opt/airflow/dags/02_xcom_dag.py
[2026-09-08T07:40:16.292+0000] {processor.py:925} INFO - DAG(s) 'xcom_dag' retrieved from /opt/airflow/dags/02_xcom_dag.py
[2026-09-08T07:40:16.324+0000] {logging_mixin.py:190} INFO - [2026-09-08T07:40:16.324+0000] {dag.py:3239} INFO - Sync 1 DAGs
[2026-09-08T07:40:16.341+0000] {logging_mixin.py:190} INFO - [2026-09-08T07:40:16.341+0000] {dag.py:4180} INFO - Setting next_dagrun for xcom_dag to None, run_after=None
[2026-09-08T07:40:16.361+0000] {processor.py:208} INFO - Processing /opt/airflow/dags/02_xcom_dag.py took 0.098 seconds
[2026-09-08T07:40:46.580+0000] {processor.py:186} INFO - Started process (PID=1842) to work on /opt/airflow/dags/02_xcom_dag.py
[2026-09-08T07:40:46.581+0000] {processor.py:914} INFO - Processing file /opt/airflow/dags/02_xcom_dag.py for tasks to queue
[2026-09-08T07:40:46.583+0000] {logging_mixin.py:190} INFO - [2026-09-08T07:40:46.582+0000] {dagbag.py:588} INFO - Filling up the DagBag from /opt/airflow/dags/02_xcom_dag.py
[2026-09-08T07:40:46.604+0000] {processor.py:925} INFO - DAG(s) 'xcom_dag' retrieved from /opt/airflow/dags/02_xcom_dag.py
[2026-09-08T07:40:46.636+0000] {logging_mixin.py:190} INFO - [2026-09-08T07:40:46.636+0000] {dag.py:3239} INFO - Sync 1 DAGs
[2026-09-08T07:40:46.653+0000] {logging_mixin.py:190} INFO - [2026-09-08T07:40:46.653+0000] {dag.py:4180} INFO - Setting next_dagrun for xcom_dag to None, run_after=None
[2026-09-08T07:40:46.677+0000] {processor.py:208} INFO - Processing /opt/airflow/dags/02_xcom_dag.py took 0.104 seconds
[2026-09-08T07:41:16.821+0000] {processor.py:186} INFO - Started process (PID=1856) to work on /opt/airflow/dags/02_xcom_dag.py
[2026-09-08T07:41:16.822+0000] {processor.py:914} INFO - Processing file /opt/airflow/dags/02_xcom_dag.py for tasks to queue
[2026-09-08T07:41:16.824+0000] {logging_mixin.py:190} INFO - [2026-09-08T07:41:16.823+0000] {dagbag.py:588} INFO - Filling up the DagBag from /opt/airflow/dags/02_xcom_dag.py
[2026-09-08T07:41:16.846+0000] {processor.py:925} INFO - DAG(s) 'xcom_dag' retrieved from /opt/airflow/dags/02_xcom_dag.py
[2026-09-08T07:41:16.878+0000] {logging_mixin.py:190} INFO - [2026-09-08T07:41:16.878+0000] {dag.py:3239} INFO - Sync 1 DAGs
[2026-09-08T07:41:16.896+0000] {logging_mixin.py:190} INFO - [2026-09-08T07:41:16.896+0000] {dag.py:4180} INFO - Setting next_dagrun for xcom_dag to None, run_after=None
[2026-09-08T07:41:16.919+0000] {processor.py:208} INFO - Processing /opt/airflow/dags/02_xcom_dag.py took 0.105 seconds
[2026-09-08T07:41:47.753+0000] {processor.py:186} INFO - Started process (PID=1870) to work on /opt/airflow/dags/02_xcom_dag.py
[2026-09-08T07:41:47.754+0000] {processor.py:914} INFO - Processing file /opt/airflow/dags/02_xcom_dag.py for tasks to queue
[2026-09-08T07:41:47.757+0000] {logging_mixin.py:190} INFO - [2026-09-08T07:41:47.756+0000] {dagbag.py:588} INFO - Filling up the DagBag from /opt/airflow/dags/02_xcom_dag.py
[2026-09-08T07:41:47.782+0000] {processor.py:925} INFO - DAG(s) 'xcom_dag' retrieved from /opt/airflow/dags/02_xcom_dag.py
[2026-09-08T07:41:47.816+0000] {logging_mixin.py:190} INFO - [2026-09-08T07:41:47.816+0000] {dag.py:3239} INFO - Sync 1 DAGs
[2026-09-08T07:41:47.834+0000] {logging_mixin.py:190} INFO - [2026-09-08T07:41:47.833+0000] {dag.py:4180} INFO - Setting next_dagrun for xcom_dag to None, run_after=None
[2026-09-08T07:41:47.855+0000] {processor.py:208} INFO - Processing /opt/airflow/dags/02_xcom_dag.py took 0.111 seconds
[2026-09-08T07:42:18.185+0000] {processor.py:186} INFO - Started process (PID=1884) to work on /opt/airflow/dags/02_xcom_dag.py
[2026-09-08T07:42:18.186+0000] {processor.py:914} INFO - Processing file /opt/airflow/dags/02_xcom_dag.py for tasks to queue
[2026-09-08T07:42:18.189+0000] {logging_mixin.py:190} INFO - [2026-09-08T07:42:18.189+0000] {dagbag.py:588} INFO - Filling up the DagBag from /opt/airflow/dags/02_xcom_dag.py
[2026-09-08T07:42:18.229+0000] {processor.py:925} INFO - DAG(s) 'xcom_dag' retrieved from /opt/airflow/dags/02_xcom_dag.py
[2026-09-08T07:42:18.294+0000] {logging_mixin.py:190} INFO - [2026-09-08T07:42:18.294+0000] {dag.py:3239} INFO - Sync 1 DAGs
[2026-09-08T07:42:18.323+0000] {logging_mixin.py:190} INFO - [2026-09-08T07:42:18.322+0000] {dag.py:4180} INFO - Setting next_dagrun for xcom_dag to None, run_after=None
[2026-09-08T07:42:18.358+0000] {processor.py:208} INFO - Processing /opt/airflow/dags/02_xcom_dag.py took 0.181 seconds
[2026-09-08T07:42:48.577+0000] {processor.py:186} INFO - Started process (PID=1898) to work on /opt/airflow/dags/02_xcom_dag.py
[2026-09-08T07:42:48.578+0000] {processor.py:914} INFO - Processing file /opt/airflow/dags/02_xcom_dag.py for tasks to queue
[2026-09-08T07:42:48.580+0000] {logging_mixin.py:190} INFO - [2026-09-08T07:42:48.579+0000] {dagbag.py:588} INFO - Filling up the DagBag from /opt/airflow/dags/02_xcom_dag.py
[2026-09-08T07:42:48.605+0000] {processor.py:925} INFO - DAG(s) 'xcom_dag' retrieved from /opt/airflow/dags/02_xcom_dag.py
[2026-09-08T07:42:48.638+0000] {logging_mixin.py:190} INFO - [2026-09-08T07:42:48.637+0000] {dag.py:3239} INFO - Sync 1 DAGs
[2026-09-08T07:42:48.656+0000] {logging_mixin.py:190} INFO - [2026-09-08T07:42:48.655+0000] {dag.py:4180} INFO - Setting next_dagrun for xcom_dag to None, run_after=None
[2026-09-08T07:42:48.678+0000] {processor.py:208} INFO - Processing /opt/airflow/dags/02_xcom_dag.py took 0.109 seconds
[2026-09-08T07:43:18.733+0000] {processor.py:186} INFO - Started process (PID=1912) to work on /opt/airflow/dags/02_xcom_dag.py
[2026-09-08T07:43:18.734+0000] {processor.py:914} INFO - Processing file /opt/airflow/dags/02_xcom_dag.py for tasks to queue
[2026-09-08T07:43:18.736+0000] {logging_mixin.py:190} INFO - [2026-09-08T07:43:18.735+0000] {dagbag.py:588} INFO - Filling up the DagBag from /opt/airflow/dags/02_xcom_dag.py
[2026-09-08T07:43:18.756+0000] {processor.py:925} INFO - DAG(s) 'xcom_dag' retrieved from /opt/airflow/dags/02_xcom_dag.py
[2026-09-08T07:43:18.787+0000] {logging_mixin.py:190} INFO - [2026-09-08T07:43:18.786+0000] {dag.py:3239} INFO - Sync 1 DAGs
[2026-09-08T07:43:18.802+0000] {logging_mixin.py:190} INFO - [2026-09-08T07:43:18.802+0000] {dag.py:4180} INFO - Setting next_dagrun for xcom_dag to None, run_after=None
[2026-09-08T07:43:18.825+0000] {processor.py:208} INFO - Processing /opt/airflow/dags/02_xcom_dag.py took 0.099 seconds
[2026-09-08T07:43:49.523+0000] {processor.py:186} INFO - Started process (PID=1932) to work on /opt/airflow/dags/02_xcom_dag.py
[2026-09-08T07:43:49.524+0000] {processor.py:914} INFO - Processing file /opt/airflow/dags/02_xcom_dag.py for tasks to queue
[2026-09-08T07:43:49.527+0000] {logging_mixin.py:190} INFO - [2026-09-08T07:43:49.526+0000] {dagbag.py:588} INFO - Filling up the DagBag from /opt/airflow/dags/02_xcom_dag.py
[2026-09-08T07:43:49.552+0000] {processor.py:925} INFO - DAG(s) 'xcom_dag' retrieved from /opt/airflow/dags/02_xcom_dag.py
[2026-09-08T07:43:49.589+0000] {logging_mixin.py:190} INFO - [2026-09-08T07:43:49.589+0000] {dag.py:3239} INFO - Sync 1 DAGs
[2026-09-08T07:43:49.608+0000] {logging_mixin.py:190} INFO - [2026-09-08T07:43:49.608+0000] {dag.py:4180} INFO - Setting next_dagrun for xcom_dag to None, run_after=None
[2026-09-08T07:43:49.633+0000] {processor.py:208} INFO - Processing /opt/airflow/dags/02_xcom_dag.py took 0.118 seconds
[2026-09-08T07:44:20.101+0000] {processor.py:186} INFO - Started process (PID=1946) to work on /opt/airflow/dags/02_xcom_dag.py
[2026-09-08T07:44:20.102+0000] {processor.py:914} INFO - Processing file /opt/airflow/dags/02_xcom_dag.py for tasks to queue
[2026-09-08T07:44:20.104+0000] {logging_mixin.py:190} INFO - [2026-09-08T07:44:20.104+0000] {dagbag.py:588} INFO - Filling up the DagBag from /opt/airflow/dags/02_xcom_dag.py
[2026-09-08T07:44:20.126+0000] {processor.py:925} INFO - DAG(s) 'xcom_dag' retrieved from /opt/airflow/dags/02_xcom_dag.py
[2026-09-08T07:44:20.160+0000] {logging_mixin.py:190} INFO - [2026-09-08T07:44:20.160+0000] {dag.py:3239} INFO - Sync 1 DAGs
[2026-09-08T07:44:20.178+0000] {logging_mixin.py:190} INFO - [2026-09-08T07:44:20.178+0000] {dag.py:4180} INFO - Setting next_dagrun for xcom_dag to None, run_after=None
[2026-09-08T07:44:20.215+0000] {processor.py:208} INFO - Processing /opt/airflow/dags/02_xcom_dag.py took 0.121 seconds
[2026-09-08T07:44:50.397+0000] {processor.py:186} INFO - Started process (PID=1960) to work on /opt/airflow/dags/02_xcom_dag.py
[2026-09-08T07:44:50.399+0000] {processor.py:914} INFO - Processing file /opt/airflow/dags/02_xcom_dag.py for tasks to queue
[2026-09-08T07:44:50.401+0000] {logging_mixin.py:190} INFO - [2026-09-08T07:44:50.401+0000] {dagbag.py:588} INFO - Filling up the DagBag from /opt/airflow/dags/02_xcom_dag.py
[2026-09-08T07:44:50.432+0000] {processor.py:925} INFO - DAG(s) 'xcom_dag' retrieved from /opt/airflow/dags/02_xcom_dag.py
[2026-09-08T07:44:50.477+0000] {logging_mixin.py:190} INFO - [2026-09-08T07:44:50.477+0000] {dag.py:3239} INFO - Sync 1 DAGs
[2026-09-08T07:44:50.500+0000] {logging_mixin.py:190} INFO - [2026-09-08T07:44:50.500+0000] {dag.py:4180} INFO - Setting next_dagrun for xcom_dag to None, run_after=None
[2026-09-08T07:44:50.526+0000] {processor.py:208} INFO - Processing /opt/airflow/dags/02_xcom_dag.py took 0.139 seconds
[2026-09-08T07:45:20.775+0000] {processor.py:186} INFO - Started process (PID=1974) to work on /opt/airflow/dags/02_xcom_dag.py
[2026-09-08T07:45:20.776+0000] {processor.py:914} INFO - Processing file /opt/airflow/dags/02_xcom_dag.py for tasks to queue
[2026-09-08T07:45:20.779+0000] {logging_mixin.py:190} INFO - [2026-09-08T07:45:20.779+0000] {dagbag.py:588} INFO - Filling up the DagBag from /opt/airflow/dags/02_xcom_dag.py
[2026-09-08T07:45:20.801+0000] {processor.py:925} INFO - DAG(s) 'xcom_dag' retrieved from /opt/airflow/dags/02_xcom_dag.py
[2026-09-08T07:45:20.838+0000] {logging_mixin.py:190} INFO - [2026-09-08T07:45:20.838+0000] {dag.py:3239} INFO - Sync 1 DAGs
[2026-09-08T07:45:20.856+0000] {logging_mixin.py:190} INFO - [2026-09-08T07:45:20.855+0000] {dag.py:4180} INFO - Setting next_dagrun for xcom_dag to None, run_after=None
[2026-09-08T07:45:20.877+0000] {processor.py:208} INFO - Processing /opt/airflow/dags/02_xcom_dag.py took 0.109 seconds
[2026-09-08T07:45:51.117+0000] {processor.py:186} INFO - Started process (PID=1988) to work on /opt/airflow/dags/02_xcom_dag.py
[2026-09-08T07:45:51.118+0000] {processor.py:914} INFO - Processing file /opt/airflow/dags/02_xcom_dag.py for tasks to queue
[2026-09-08T07:45:51.120+0000] {logging_mixin.py:190} INFO - [2026-09-08T07:45:51.119+0000] {dagbag.py:588} INFO - Filling up the DagBag from /opt/airflow/dags/02_xcom_dag.py
[2026-09-08T07:45:51.181+0000] {processor.py:925} INFO - DAG(s) 'xcom_dag' retrieved from /opt/airflow/dags/02_xcom_dag.py
[2026-09-08T07:45:51.213+0000] {logging_mixin.py:190} INFO - [2026-09-08T07:45:51.212+0000] {dag.py:3239} INFO - Sync 1 DAGs
[2026-09-08T07:45:51.229+0000] {logging_mixin.py:190} INFO - [2026-09-08T07:45:51.229+0000] {dag.py:4180} INFO - Setting next_dagrun for xcom_dag to None, run_after=None
[2026-09-08T07:45:51.254+0000] {processor.py:208} INFO - Processing /opt/airflow/dags/02_xcom_dag.py took 0.144 seconds
[2026-09-08T07:46:21.395+0000] {processor.py:186} INFO - Started process (PID=2002) to work on /opt/airflow/dags/02_xcom_dag.py
[2026-09-08T07:46:21.396+0000] {processor.py:914} INFO - Processing file /opt/airflow/dags/02_xcom_dag.py for tasks to queue
[2026-09-08T07:46:21.398+0000] {logging_mixin.py:190} INFO - [2026-09-08T07:46:21.397+0000] {dagbag.py:588} INFO - Filling up the DagBag from /opt/airflow/dags/02_xcom_dag.py
[2026-09-08T07:46:21.424+0000] {processor.py:925} INFO - DAG(s) 'xcom_dag' retrieved from /opt/airflow/dags/02_xcom_dag.py
[2026-09-08T07:46:21.462+0000] {logging_mixin.py:190} INFO - [2026-09-08T07:46:21.462+0000] {dag.py:3239} INFO - Sync 1 DAGs
[2026-09-08T07:46:21.484+0000] {logging_mixin.py:190} INFO - [2026-09-08T07:46:21.483+0000] {dag.py:4180} INFO - Setting next_dagrun for xcom_dag to None, run_after=None
[2026-09-08T07:46:21.508+0000] {processor.py:208} INFO - Processing /opt/airflow/dags/02_xcom_dag.py took 0.119 seconds
[2026-09-08T07:46:51.805+0000] {processor.py:186} INFO - Started process (PID=2016) to work on /opt/airflow/dags/02_xcom_dag.py
[2026-09-08T07:46:51.806+0000] {processor.py:914} INFO - Processing file /opt/airflow/dags/02_xcom_dag.py for tasks to queue
[2026-09-08T07:46:51.807+0000] {logging_mixin.py:190} INFO - [2026-09-08T07:46:51.807+0000] {dagbag.py:588} INFO - Filling up the DagBag from /opt/airflow/dags/02_xcom_dag.py
[2026-09-08T07:46:51.831+0000] {processor.py:925} INFO - DAG(s) 'xcom_dag' retrieved from /opt/airflow/dags/02_xcom_dag.py
[2026-09-08T07:46:51.865+0000] {logging_mixin.py:190} INFO - [2026-09-08T07:46:51.865+0000] {dag.py:3239} INFO - Sync 1 DAGs
[2026-09-08T07:46:51.884+0000] {logging_mixin.py:190} INFO - [2026-09-08T07:46:51.884+0000] {dag.py:4180} INFO - Setting next_dagrun for xcom_dag to None, run_after=None
[2026-09-08T07:46:51.906+0000] {processor.py:208} INFO - Processing /opt/airflow/dags/02_xcom_dag.py took 0.108 seconds
[2026-09-08T07:47:22.109+0000] {processor.py:186} INFO - Started process (PID=2030) to work on /opt/airflow/dags/02_xcom_dag.py
[2026-09-08T07:47:22.110+0000] {processor.py:914} INFO - Processing file /opt/airflow/dags/02_xcom_dag.py for tasks to queue
[2026-09-08T07:47:22.112+0000] {logging_mixin.py:190} INFO - [2026-09-08T07:47:22.111+0000] {dagbag.py:588} INFO - Filling up the DagBag from /opt/airflow/dags/02_xcom_dag.py
[2026-09-08T07:47:22.133+0000] {processor.py:925} INFO - DAG(s) 'xcom_dag' retrieved from /opt/airflow/dags/02_xcom_dag.py
[2026-09-08T07:47:22.167+0000] {logging_mixin.py:190} INFO - [2026-09-08T07:47:22.166+0000] {dag.py:3239} INFO - Sync 1 DAGs
[2026-09-08T07:47:22.184+0000] {logging_mixin.py:190} INFO - [2026-09-08T07:47:22.184+0000] {dag.py:4180} INFO - Setting next_dagrun for xcom_dag to None, run_after=None
[2026-09-08T07:47:22.206+0000] {processor.py:208} INFO - Processing /opt/airflow/dags/02_xcom_dag.py took 0.104 seconds
[2026-09-08T07:47:52.926+0000] {processor.py:186} INFO - Started process (PID=2043) to work on /opt/airflow/dags/02_xcom_dag.py
[2026-09-08T07:47:52.927+0000] {processor.py:914} INFO - Processing file /opt/airflow/dags/02_xcom_dag.py for tasks to queue
[2026-09-08T07:47:52.930+0000] {logging_mixin.py:190} INFO - [2026-09-08T07:47:52.930+0000] {dagbag.py:588} INFO - Filling up the DagBag from /opt/airflow/dags/02_xcom_dag.py
[2026-09-08T07:47:52.953+0000] {processor.py:925} INFO - DAG(s) 'xcom_dag' retrieved from /opt/airflow/dags/02_xcom_dag.py
[2026-09-08T07:47:52.989+0000] {logging_mixin.py:190} INFO - [2026-09-08T07:47:52.989+0000] {dag.py:3239} INFO - Sync 1 DAGs
[2026-09-08T07:47:53.010+0000] {logging_mixin.py:190} INFO - [2026-09-08T07:47:53.010+0000] {dag.py:4180} INFO - Setting next_dagrun for xcom_dag to None, run_after=None
[2026-09-08T07:47:53.040+0000] {processor.py:208} INFO - Processing /opt/airflow/dags/02_xcom_dag.py took 0.123 seconds
[2026-09-08T07:48:23.218+0000] {processor.py:186} INFO - Started process (PID=2056) to work on /opt/airflow/dags/02_xcom_dag.py
[2026-09-08T07:48:23.219+0000] {processor.py:914} INFO - Processing file /opt/airflow/dags/02_xcom_dag.py for tasks to queue
[2026-09-08T07:48:23.221+0000] {logging_mixin.py:190} INFO - [2026-09-08T07:48:23.221+0000] {dagbag.py:588} INFO - Filling up the DagBag from /opt/airflow/dags/02_xcom_dag.py
[2026-09-08T07:48:23.244+0000] {processor.py:925} INFO - DAG(s) 'xcom_dag' retrieved from /opt/airflow/dags/02_xcom_dag.py
[2026-09-08T07:48:23.276+0000] {logging_mixin.py:190} INFO - [2026-09-08T07:48:23.276+0000] {dag.py:3239} INFO - Sync 1 DAGs
[2026-09-08T07:48:23.292+0000] {logging_mixin.py:190} INFO - [2026-09-08T07:48:23.292+0000] {dag.py:4180} INFO - Setting next_dagrun for xcom_dag to None, run_after=None
[2026-09-08T07:48:23.317+0000] {processor.py:208} INFO - Processing /opt/airflow/dags/02_xcom_dag.py took 0.108 seconds
[2026-09-08T07:51:02.712+0000] {processor.py:186} INFO - Started process (PID=107) to work on /opt/airflow/dags/02_xcom_dag.py
[2026-09-08T07:51:02.714+0000] {processor.py:914} INFO - Processing file /opt/airflow/dags/02_xcom_dag.py for tasks to queue
[2026-09-08T07:51:02.719+0000] {logging_mixin.py:190} INFO - [2026-09-08T07:51:02.718+0000] {dagbag.py:588} INFO - Filling up the DagBag from /opt/airflow/dags/02_xcom_dag.py
[2026-09-08T07:51:02.992+0000] {processor.py:925} INFO - DAG(s) 'xcom_dag' retrieved from /opt/airflow/dags/02_xcom_dag.py
[2026-09-08T07:51:03.084+0000] {logging_mixin.py:190} INFO - [2026-09-08T07:51:03.084+0000] {dag.py:3239} INFO - Sync 1 DAGs
[2026-09-08T07:51:03.124+0000] {logging_mixin.py:190} INFO - [2026-09-08T07:51:03.124+0000] {dag.py:4180} INFO - Setting next_dagrun for xcom_dag to None, run_after=None
[2026-09-08T07:51:03.186+0000] {processor.py:208} INFO - Processing /opt/airflow/dags/02_xcom_dag.py took 0.486 seconds
[2026-09-08T07:51:34.493+0000] {processor.py:186} INFO - Started process (PID=119) to work on /opt/airflow/dags/02_xcom_dag.py
[2026-09-08T07:51:34.494+0000] {processor.py:914} INFO - Processing file /opt/airflow/dags/02_xcom_dag.py for tasks to queue
[2026-09-08T07:51:34.496+0000] {logging_mixin.py:190} INFO - [2026-09-08T07:51:34.496+0000] {dagbag.py:588} INFO - Filling up the DagBag from /opt/airflow/dags/02_xcom_dag.py
[2026-09-08T07:51:34.523+0000] {processor.py:925} INFO - DAG(s) 'xcom_dag' retrieved from /opt/airflow/dags/02_xcom_dag.py
[2026-09-08T07:51:34.570+0000] {logging_mixin.py:190} INFO - [2026-09-08T07:51:34.570+0000] {dag.py:3239} INFO - Sync 1 DAGs
[2026-09-08T07:51:34.602+0000] {logging_mixin.py:190} INFO - [2026-09-08T07:51:34.602+0000] {dag.py:4180} INFO - Setting next_dagrun for xcom_dag to None, run_after=None
[2026-09-08T07:51:34.628+0000] {processor.py:208} INFO - Processing /opt/airflow/dags/02_xcom_dag.py took 0.143 seconds
[2026-09-08T07:52:04.821+0000] {processor.py:186} INFO - Started process (PID=133) to work on /opt/airflow/dags/02_xcom_dag.py
[2026-09-08T07:52:04.822+0000] {processor.py:914} INFO - Processing file /opt/airflow/dags/02_xcom_dag.py for tasks to queue
[2026-09-08T07:52:04.824+0000] {logging_mixin.py:190} INFO - [2026-09-08T07:52:04.824+0000] {dagbag.py:588} INFO - Filling up the DagBag from /opt/airflow/dags/02_xcom_dag.py
[2026-09-08T07:52:04.865+0000] {processor.py:925} INFO - DAG(s) 'xcom_dag' retrieved from /opt/airflow/dags/02_xcom_dag.py
[2026-09-08T07:52:04.921+0000] {logging_mixin.py:190} INFO - [2026-09-08T07:52:04.920+0000] {dag.py:3239} INFO - Sync 1 DAGs
[2026-09-08T07:52:05.291+0000] {logging_mixin.py:190} INFO - [2026-09-08T07:52:05.291+0000] {dag.py:4180} INFO - Setting next_dagrun for xcom_dag to None, run_after=None
[2026-09-08T07:52:05.316+0000] {processor.py:208} INFO - Processing /opt/airflow/dags/02_xcom_dag.py took 0.506 seconds
[2026-09-08T07:52:35.804+0000] {processor.py:186} INFO - Started process (PID=147) to work on /opt/airflow/dags/02_xcom_dag.py
[2026-09-08T07:52:35.805+0000] {processor.py:914} INFO - Processing file /opt/airflow/dags/02_xcom_dag.py for tasks to queue
[2026-09-08T07:52:35.807+0000] {logging_mixin.py:190} INFO - [2026-09-08T07:52:35.806+0000] {dagbag.py:588} INFO - Filling up the DagBag from /opt/airflow/dags/02_xcom_dag.py
[2026-09-08T07:52:35.839+0000] {processor.py:925} INFO - DAG(s) 'xcom_dag' retrieved from /opt/airflow/dags/02_xcom_dag.py
[2026-09-08T07:52:35.890+0000] {logging_mixin.py:190} INFO - [2026-09-08T07:52:35.890+0000] {dag.py:3239} INFO - Sync 1 DAGs
[2026-09-08T07:52:35.910+0000] {logging_mixin.py:190} INFO - [2026-09-08T07:52:35.909+0000] {dag.py:4180} INFO - Setting next_dagrun for xcom_dag to None, run_after=None
[2026-09-08T07:52:35.940+0000] {processor.py:208} INFO - Processing /opt/airflow/dags/02_xcom_dag.py took 0.142 seconds
[2026-09-08T07:53:07.039+0000] {processor.py:186} INFO - Started process (PID=161) to work on /opt/airflow/dags/02_xcom_dag.py
[2026-09-08T07:53:07.040+0000] {processor.py:914} INFO - Processing file /opt/airflow/dags/02_xcom_dag.py for tasks to queue
[2026-09-08T07:53:07.043+0000] {logging_mixin.py:190} INFO - [2026-09-08T07:53:07.043+0000] {dagbag.py:588} INFO - Filling up the DagBag from /opt/airflow/dags/02_xcom_dag.py
[2026-09-08T07:53:07.072+0000] {processor.py:925} INFO - DAG(s) 'xcom_dag' retrieved from /opt/airflow/dags/02_xcom_dag.py
[2026-09-08T07:53:07.139+0000] {logging_mixin.py:190} INFO - [2026-09-08T07:53:07.139+0000] {dag.py:3239} INFO - Sync 1 DAGs
[2026-09-08T07:53:07.187+0000] {logging_mixin.py:190} INFO - [2026-09-08T07:53:07.187+0000] {dag.py:4180} INFO - Setting next_dagrun for xcom_dag to None, run_after=None
[2026-09-08T07:53:07.424+0000] {processor.py:208} INFO - Processing /opt/airflow/dags/02_xcom_dag.py took 0.393 seconds
[2026-09-08T07:53:37.798+0000] {processor.py:186} INFO - Started process (PID=175) to work on /opt/airflow/dags/02_xcom_dag.py
[2026-09-08T07:53:37.799+0000] {processor.py:914} INFO - Processing file /opt/airflow/dags/02_xcom_dag.py for tasks to queue
[2026-09-08T07:53:37.801+0000] {logging_mixin.py:190} INFO - [2026-09-08T07:53:37.800+0000] {dagbag.py:588} INFO - Filling up the DagBag from /opt/airflow/dags/02_xcom_dag.py
[2026-09-08T07:53:37.821+0000] {processor.py:925} INFO - DAG(s) 'xcom_dag' retrieved from /opt/airflow/dags/02_xcom_dag.py
[2026-09-08T07:53:38.008+0000] {logging_mixin.py:190} INFO - [2026-09-08T07:53:38.008+0000] {dag.py:3239} INFO - Sync 1 DAGs
[2026-09-08T07:53:38.022+0000] {logging_mixin.py:190} INFO - [2026-09-08T07:53:38.022+0000] {dag.py:4180} INFO - Setting next_dagrun for xcom_dag to None, run_after=None
[2026-09-08T07:53:38.043+0000] {processor.py:208} INFO - Processing /opt/airflow/dags/02_xcom_dag.py took 0.252 seconds
[2026-09-08T07:54:08.971+0000] {processor.py:186} INFO - Started process (PID=189) to work on /opt/airflow/dags/02_xcom_dag.py
[2026-09-08T07:54:08.972+0000] {processor.py:914} INFO - Processing file /opt/airflow/dags/02_xcom_dag.py for tasks to queue
[2026-09-08T07:54:08.974+0000] {logging_mixin.py:190} INFO - [2026-09-08T07:54:08.974+0000] {dagbag.py:588} INFO - Filling up the DagBag from /opt/airflow/dags/02_xcom_dag.py
[2026-09-08T07:54:08.993+0000] {processor.py:925} INFO - DAG(s) 'xcom_dag' retrieved from /opt/airflow/dags/02_xcom_dag.py
[2026-09-08T07:54:09.029+0000] {logging_mixin.py:190} INFO - [2026-09-08T07:54:09.029+0000] {dag.py:3239} INFO - Sync 1 DAGs
[2026-09-08T07:54:09.047+0000] {logging_mixin.py:190} INFO - [2026-09-08T07:54:09.047+0000] {dag.py:4180} INFO - Setting next_dagrun for xcom_dag to None, run_after=None
[2026-09-08T07:54:09.069+0000] {processor.py:208} INFO - Processing /opt/airflow/dags/02_xcom_dag.py took 0.104 seconds
[2026-09-08T07:54:39.194+0000] {processor.py:186} INFO - Started process (PID=203) to work on /opt/airflow/dags/02_xcom_dag.py
[2026-09-08T07:54:39.195+0000] {processor.py:914} INFO - Processing file /opt/airflow/dags/02_xcom_dag.py for tasks to queue
[2026-09-08T07:54:39.197+0000] {logging_mixin.py:190} INFO - [2026-09-08T07:54:39.196+0000] {dagbag.py:588} INFO - Filling up the DagBag from /opt/airflow/dags/02_xcom_dag.py
[2026-09-08T07:54:39.216+0000] {processor.py:925} INFO - DAG(s) 'xcom_dag' retrieved from /opt/airflow/dags/02_xcom_dag.py
[2026-09-08T07:54:39.249+0000] {logging_mixin.py:190} INFO - [2026-09-08T07:54:39.249+0000] {dag.py:3239} INFO - Sync 1 DAGs
[2026-09-08T07:54:39.266+0000] {logging_mixin.py:190} INFO - [2026-09-08T07:54:39.266+0000] {dag.py:4180} INFO - Setting next_dagrun for xcom_dag to None, run_after=None
[2026-09-08T07:54:39.288+0000] {processor.py:208} INFO - Processing /opt/airflow/dags/02_xcom_dag.py took 0.101 seconds
[2026-09-08T07:55:09.394+0000] {processor.py:186} INFO - Started process (PID=217) to work on /opt/airflow/dags/02_xcom_dag.py
[2026-09-08T07:55:09.395+0000] {processor.py:914} INFO - Processing file /opt/airflow/dags/02_xcom_dag.py for tasks to queue
[2026-09-08T07:55:09.396+0000] {logging_mixin.py:190} INFO - [2026-09-08T07:55:09.396+0000] {dagbag.py:588} INFO - Filling up the DagBag from /opt/airflow/dags/02_xcom_dag.py
[2026-09-08T07:55:09.416+0000] {processor.py:925} INFO - DAG(s) 'xcom_dag' retrieved from /opt/airflow/dags/02_xcom_dag.py
[2026-09-08T07:55:09.451+0000] {logging_mixin.py:190} INFO - [2026-09-08T07:55:09.450+0000] {dag.py:3239} INFO - Sync 1 DAGs
[2026-09-08T07:55:09.469+0000] {logging_mixin.py:190} INFO - [2026-09-08T07:55:09.469+0000] {dag.py:4180} INFO - Setting next_dagrun for xcom_dag to None, run_after=None
[2026-09-08T07:55:09.504+0000] {processor.py:208} INFO - Processing /opt/airflow/dags/02_xcom_dag.py took 0.116 seconds
[2026-09-08T07:55:40.166+0000] {processor.py:186} INFO - Started process (PID=231) to work on /opt/airflow/dags/02_xcom_dag.py
[2026-09-08T07:55:40.167+0000] {processor.py:914} INFO - Processing file /opt/airflow/dags/02_xcom_dag.py for tasks to queue
[2026-09-08T07:55:40.169+0000] {logging_mixin.py:190} INFO - [2026-09-08T07:55:40.169+0000] {dagbag.py:588} INFO - Filling up the DagBag from /opt/airflow/dags/02_xcom_dag.py
[2026-09-08T07:55:40.192+0000] {processor.py:925} INFO - DAG(s) 'xcom_dag' retrieved from /opt/airflow/dags/02_xcom_dag.py
[2026-09-08T07:55:40.242+0000] {logging_mixin.py:190} INFO - [2026-09-08T07:55:40.241+0000] {dag.py:3239} INFO - Sync 1 DAGs
[2026-09-08T07:55:40.262+0000] {logging_mixin.py:190} INFO - [2026-09-08T07:55:40.262+0000] {dag.py:4180} INFO - Setting next_dagrun for xcom_dag to None, run_after=None
[2026-09-08T07:55:40.292+0000] {processor.py:208} INFO - Processing /opt/airflow/dags/02_xcom_dag.py took 0.134 seconds
[2026-09-08T07:56:10.488+0000] {processor.py:186} INFO - Started process (PID=245) to work on /opt/airflow/dags/02_xcom_dag.py
[2026-09-08T07:56:10.489+0000] {processor.py:914} INFO - Processing file /opt/airflow/dags/02_xcom_dag.py for tasks to queue
[2026-09-08T07:56:10.491+0000] {logging_mixin.py:190} INFO - [2026-09-08T07:56:10.490+0000] {dagbag.py:588} INFO - Filling up the DagBag from /opt/airflow/dags/02_xcom_dag.py
[2026-09-08T07:56:10.518+0000] {processor.py:925} INFO - DAG(s) 'xcom_dag' retrieved from /opt/airflow/dags/02_xcom_dag.py
[2026-09-08T07:56:10.559+0000] {logging_mixin.py:190} INFO - [2026-09-08T07:56:10.559+0000] {dag.py:3239} INFO - Sync 1 DAGs
[2026-09-08T07:56:10.586+0000] {logging_mixin.py:190} INFO - [2026-09-08T07:56:10.586+0000] {dag.py:4180} INFO - Setting next_dagrun for xcom_dag to None, run_after=None
[2026-09-08T07:56:10.612+0000] {processor.py:208} INFO - Processing /opt/airflow/dags/02_xcom_dag.py took 0.134 seconds
[2026-09-08T07:56:41.079+0000] {processor.py:186} INFO - Started process (PID=259) to work on /opt/airflow/dags/02_xcom_dag.py
[2026-09-08T07:56:41.080+0000] {processor.py:914} INFO - Processing file /opt/airflow/dags/02_xcom_dag.py for tasks to queue
[2026-09-08T07:56:41.082+0000] {logging_mixin.py:190} INFO - [2026-09-08T07:56:41.082+0000] {dagbag.py:588} INFO - Filling up the DagBag from /opt/airflow/dags/02_xcom_dag.py
[2026-09-08T07:56:41.108+0000] {processor.py:925} INFO - DAG(s) 'xcom_dag' retrieved from /opt/airflow/dags/02_xcom_dag.py
[2026-09-08T07:56:41.171+0000] {logging_mixin.py:190} INFO - [2026-09-08T07:56:41.171+0000] {dag.py:3239} INFO - Sync 1 DAGs
[2026-09-08T07:56:41.192+0000] {logging_mixin.py:190} INFO - [2026-09-08T07:56:41.192+0000] {dag.py:4180} INFO - Setting next_dagrun for xcom_dag to None, run_after=None
[2026-09-08T07:56:41.220+0000] {processor.py:208} INFO - Processing /opt/airflow/dags/02_xcom_dag.py took 0.149 seconds
[2026-09-08T07:57:11.417+0000] {processor.py:186} INFO - Started process (PID=273) to work on /opt/airflow/dags/02_xcom_dag.py
[2026-09-08T07:57:11.419+0000] {processor.py:914} INFO - Processing file /opt/airflow/dags/02_xcom_dag.py for tasks to queue
[2026-09-08T07:57:11.421+0000] {logging_mixin.py:190} INFO - [2026-09-08T07:57:11.421+0000] {dagbag.py:588} INFO - Filling up the DagBag from /opt/airflow/dags/02_xcom_dag.py
[2026-09-08T07:57:11.451+0000] {processor.py:925} INFO - DAG(s) 'xcom_dag' retrieved from /opt/airflow/dags/02_xcom_dag.py
[2026-09-08T07:57:11.486+0000] {logging_mixin.py:190} INFO - [2026-09-08T07:57:11.485+0000] {dag.py:3239} INFO - Sync 1 DAGs
[2026-09-08T07:57:11.504+0000] {logging_mixin.py:190} INFO - [2026-09-08T07:57:11.504+0000] {dag.py:4180} INFO - Setting next_dagrun for xcom_dag to None, run_after=None
[2026-09-08T07:57:11.532+0000] {processor.py:208} INFO - Processing /opt/airflow/dags/02_xcom_dag.py took 0.123 seconds
[2026-09-08T07:57:41.704+0000] {processor.py:186} INFO - Started process (PID=287) to work on /opt/airflow/dags/02_xcom_dag.py
[2026-09-08T07:57:41.705+0000] {processor.py:914} INFO - Processing file /opt/airflow/dags/02_xcom_dag.py for tasks to queue
[2026-09-08T07:57:41.707+0000] {logging_mixin.py:190} INFO - [2026-09-08T07:57:41.707+0000] {dagbag.py:588} INFO - Filling up the DagBag from /opt/airflow/dags/02_xcom_dag.py
[2026-09-08T07:57:41.726+0000] {processor.py:925} INFO - DAG(s) 'xcom_dag' retrieved from /opt/airflow/dags/02_xcom_dag.py
[2026-09-08T07:57:41.759+0000] {logging_mixin.py:190} INFO - [2026-09-08T07:57:41.759+0000] {dag.py:3239} INFO - Sync 1 DAGs
[2026-09-08T07:57:41.776+0000] {logging_mixin.py:190} INFO - [2026-09-08T07:57:41.776+0000] {dag.py:4180} INFO - Setting next_dagrun for xcom_dag to None, run_after=None
[2026-09-08T07:57:41.797+0000] {processor.py:208} INFO - Processing /opt/airflow/dags/02_xcom_dag.py took 0.100 seconds
[2026-09-08T07:58:11.913+0000] {processor.py:186} INFO - Started process (PID=301) to work on /opt/airflow/dags/02_xcom_dag.py
[2026-09-08T07:58:11.914+0000] {processor.py:914} INFO - Processing file /opt/airflow/dags/02_xcom_dag.py for tasks to queue
[2026-09-08T07:58:11.916+0000] {logging_mixin.py:190} INFO - [2026-09-08T07:58:11.915+0000] {dagbag.py:588} INFO - Filling up the DagBag from /opt/airflow/dags/02_xcom_dag.py
[2026-09-08T07:58:11.935+0000] {processor.py:925} INFO - DAG(s) 'xcom_dag' retrieved from /opt/airflow/dags/02_xcom_dag.py
[2026-09-08T07:58:11.967+0000] {logging_mixin.py:190} INFO - [2026-09-08T07:58:11.967+0000] {dag.py:3239} INFO - Sync 1 DAGs
[2026-09-08T07:58:11.984+0000] {logging_mixin.py:190} INFO - [2026-09-08T07:58:11.984+0000] {dag.py:4180} INFO - Setting next_dagrun for xcom_dag to None, run_after=None
[2026-09-08T07:58:12.005+0000] {processor.py:208} INFO - Processing /opt/airflow/dags/02_xcom_dag.py took 0.099 seconds
[2026-09-08T07:58:42.126+0000] {processor.py:186} INFO - Started process (PID=315) to work on /opt/airflow/dags/02_xcom_dag.py
[2026-09-08T07:58:42.127+0000] {processor.py:914} INFO - Processing file /opt/airflow/dags/02_xcom_dag.py for tasks to queue
[2026-09-08T07:58:42.129+0000] {logging_mixin.py:190} INFO - [2026-09-08T07:58:42.129+0000] {dagbag.py:588} INFO - Filling up the DagBag from /opt/airflow/dags/02_xcom_dag.py
[2026-09-08T07:58:42.149+0000] {processor.py:925} INFO - DAG(s) 'xcom_dag' retrieved from /opt/airflow/dags/02_xcom_dag.py
[2026-09-08T07:58:42.181+0000] {logging_mixin.py:190} INFO - [2026-09-08T07:58:42.181+0000] {dag.py:3239} INFO - Sync 1 DAGs
[2026-09-08T07:58:42.198+0000] {logging_mixin.py:190} INFO - [2026-09-08T07:58:42.198+0000] {dag.py:4180} INFO - Setting next_dagrun for xcom_dag to None, run_after=None
[2026-09-08T07:58:42.221+0000] {processor.py:208} INFO - Processing /opt/airflow/dags/02_xcom_dag.py took 0.101 seconds
[2026-09-08T07:59:12.399+0000] {processor.py:186} INFO - Started process (PID=329) to work on /opt/airflow/dags/02_xcom_dag.py
[2026-09-08T07:59:12.400+0000] {processor.py:914} INFO - Processing file /opt/airflow/dags/02_xcom_dag.py for tasks to queue
[2026-09-08T07:59:12.402+0000] {logging_mixin.py:190} INFO - [2026-09-08T07:59:12.402+0000] {dagbag.py:588} INFO - Filling up the DagBag from /opt/airflow/dags/02_xcom_dag.py
[2026-09-08T07:59:12.422+0000] {processor.py:925} INFO - DAG(s) 'xcom_dag' retrieved from /opt/airflow/dags/02_xcom_dag.py
[2026-09-08T07:59:12.456+0000] {logging_mixin.py:190} INFO - [2026-09-08T07:59:12.456+0000] {dag.py:3239} INFO - Sync 1 DAGs
[2026-09-08T07:59:12.475+0000] {logging_mixin.py:190} INFO - [2026-09-08T07:59:12.474+0000] {dag.py:4180} INFO - Setting next_dagrun for xcom_dag to None, run_after=None
[2026-09-08T07:59:12.501+0000] {processor.py:208} INFO - Processing /opt/airflow/dags/02_xcom_dag.py took 0.109 seconds
[2026-09-08T07:59:42.637+0000] {processor.py:186} INFO - Started process (PID=343) to work on /opt/airflow/dags/02_xcom_dag.py
[2026-09-08T07:59:42.638+0000] {processor.py:914} INFO - Processing file /opt/airflow/dags/02_xcom_dag.py for tasks to queue
[2026-09-08T07:59:42.639+0000] {logging_mixin.py:190} INFO - [2026-09-08T07:59:42.639+0000] {dagbag.py:588} INFO - Filling up the DagBag from /opt/airflow/dags/02_xcom_dag.py
[2026-09-08T07:59:42.660+0000] {processor.py:925} INFO - DAG(s) 'xcom_dag' retrieved from /opt/airflow/dags/02_xcom_dag.py
[2026-09-08T07:59:42.693+0000] {logging_mixin.py:190} INFO - [2026-09-08T07:59:42.693+0000] {dag.py:3239} INFO - Sync 1 DAGs
[2026-09-08T07:59:42.709+0000] {logging_mixin.py:190} INFO - [2026-09-08T07:59:42.709+0000] {dag.py:4180} INFO - Setting next_dagrun for xcom_dag to None, run_after=None
[2026-09-08T07:59:42.730+0000] {processor.py:208} INFO - Processing /opt/airflow/dags/02_xcom_dag.py took 0.100 seconds
[2026-09-08T08:00:13.104+0000] {processor.py:186} INFO - Started process (PID=357) to work on /opt/airflow/dags/02_xcom_dag.py
[2026-09-08T08:00:13.105+0000] {processor.py:914} INFO - Processing file /opt/airflow/dags/02_xcom_dag.py for tasks to queue
[2026-09-08T08:00:13.107+0000] {logging_mixin.py:190} INFO - [2026-09-08T08:00:13.106+0000] {dagbag.py:588} INFO - Filling up the DagBag from /opt/airflow/dags/02_xcom_dag.py
[2026-09-08T08:00:13.130+0000] {processor.py:925} INFO - DAG(s) 'xcom_dag' retrieved from /opt/airflow/dags/02_xcom_dag.py
[2026-09-08T08:00:13.163+0000] {logging_mixin.py:190} INFO - [2026-09-08T08:00:13.163+0000] {dag.py:3239} INFO - Sync 1 DAGs
[2026-09-08T08:00:13.181+0000] {logging_mixin.py:190} INFO - [2026-09-08T08:00:13.180+0000] {dag.py:4180} INFO - Setting next_dagrun for xcom_dag to None, run_after=None
[2026-09-08T08:00:13.206+0000] {processor.py:208} INFO - Processing /opt/airflow/dags/02_xcom_dag.py took 0.110 seconds
[2026-09-08T08:00:43.377+0000] {processor.py:186} INFO - Started process (PID=371) to work on /opt/airflow/dags/02_xcom_dag.py
[2026-09-08T08:00:43.378+0000] {processor.py:914} INFO - Processing file /opt/airflow/dags/02_xcom_dag.py for tasks to queue
[2026-09-08T08:00:43.381+0000] {logging_mixin.py:190} INFO - [2026-09-08T08:00:43.380+0000] {dagbag.py:588} INFO - Filling up the DagBag from /opt/airflow/dags/02_xcom_dag.py
[2026-09-08T08:00:43.405+0000] {processor.py:925} INFO - DAG(s) 'xcom_dag' retrieved from /opt/airflow/dags/02_xcom_dag.py
[2026-09-08T08:00:43.443+0000] {logging_mixin.py:190} INFO - [2026-09-08T08:00:43.443+0000] {dag.py:3239} INFO - Sync 1 DAGs
[2026-09-08T08:00:43.465+0000] {logging_mixin.py:190} INFO - [2026-09-08T08:00:43.464+0000] {dag.py:4180} INFO - Setting next_dagrun for xcom_dag to None, run_after=None
[2026-09-08T08:00:43.489+0000] {processor.py:208} INFO - Processing /opt/airflow/dags/02_xcom_dag.py took 0.119 seconds
[2026-09-08T08:01:13.858+0000] {processor.py:186} INFO - Started process (PID=385) to work on /opt/airflow/dags/02_xcom_dag.py
[2026-09-08T08:01:13.860+0000] {processor.py:914} INFO - Processing file /opt/airflow/dags/02_xcom_dag.py for tasks to queue
[2026-09-08T08:01:13.863+0000] {logging_mixin.py:190} INFO - [2026-09-08T08:01:13.862+0000] {dagbag.py:588} INFO - Filling up the DagBag from /opt/airflow/dags/02_xcom_dag.py
[2026-09-08T08:01:13.903+0000] {processor.py:925} INFO - DAG(s) 'xcom_dag' retrieved from /opt/airflow/dags/02_xcom_dag.py
[2026-09-08T08:01:13.955+0000] {logging_mixin.py:190} INFO - [2026-09-08T08:01:13.955+0000] {dag.py:3239} INFO - Sync 1 DAGs
[2026-09-08T08:01:13.981+0000] {logging_mixin.py:190} INFO - [2026-09-08T08:01:13.981+0000] {dag.py:4180} INFO - Setting next_dagrun for xcom_dag to None, run_after=None
[2026-09-08T08:01:14.015+0000] {processor.py:208} INFO - Processing /opt/airflow/dags/02_xcom_dag.py took 0.169 seconds
[2026-09-08T08:01:44.212+0000] {processor.py:186} INFO - Started process (PID=399) to work on /opt/airflow/dags/02_xcom_dag.py
[2026-09-08T08:01:44.215+0000] {processor.py:914} INFO - Processing file /opt/airflow/dags/02_xcom_dag.py for tasks to queue
[2026-09-08T08:01:44.220+0000] {logging_mixin.py:190} INFO - [2026-09-08T08:01:44.218+0000] {dagbag.py:588} INFO - Filling up the DagBag from /opt/airflow/dags/02_xcom_dag.py
[2026-09-08T08:01:44.270+0000] {processor.py:925} INFO - DAG(s) 'xcom_dag' retrieved from /opt/airflow/dags/02_xcom_dag.py
[2026-09-08T08:01:44.338+0000] {logging_mixin.py:190} INFO - [2026-09-08T08:01:44.338+0000] {dag.py:3239} INFO - Sync 1 DAGs
[2026-09-08T08:01:44.388+0000] {logging_mixin.py:190} INFO - [2026-09-08T08:01:44.388+0000] {dag.py:4180} INFO - Setting next_dagrun for xcom_dag to None, run_after=None
[2026-09-08T08:01:44.443+0000] {processor.py:208} INFO - Processing /opt/airflow/dags/02_xcom_dag.py took 0.250 seconds
[2026-09-08T08:02:14.566+0000] {processor.py:186} INFO - Started process (PID=413) to work on /opt/airflow/dags/02_xcom_dag.py
[2026-09-08T08:02:14.568+0000] {processor.py:914} INFO - Processing file /opt/airflow/dags/02_xcom_dag.py for tasks to queue
[2026-09-08T08:02:14.572+0000] {logging_mixin.py:190} INFO - [2026-09-08T08:02:14.571+0000] {dagbag.py:588} INFO - Filling up the DagBag from /opt/airflow/dags/02_xcom_dag.py
[2026-09-08T08:02:14.620+0000] {processor.py:925} INFO - DAG(s) 'xcom_dag' retrieved from /opt/airflow/dags/02_xcom_dag.py
[2026-09-08T08:02:14.686+0000] {logging_mixin.py:190} INFO - [2026-09-08T08:02:14.685+0000] {dag.py:3239} INFO - Sync 1 DAGs
[2026-09-08T08:02:14.721+0000] {logging_mixin.py:190} INFO - [2026-09-08T08:02:14.721+0000] {dag.py:4180} INFO - Setting next_dagrun for xcom_dag to None, run_after=None
[2026-09-08T08:02:14.759+0000] {processor.py:208} INFO - Processing /opt/airflow/dags/02_xcom_dag.py took 0.207 seconds
[2026-09-08T08:02:44.931+0000] {processor.py:186} INFO - Started process (PID=427) to work on /opt/airflow/dags/02_xcom_dag.py
[2026-09-08T08:02:44.932+0000] {processor.py:914} INFO - Processing file /opt/airflow/dags/02_xcom_dag.py for tasks to queue
[2026-09-08T08:02:44.936+0000] {logging_mixin.py:190} INFO - [2026-09-08T08:02:44.935+0000] {dagbag.py:588} INFO - Filling up the DagBag from /opt/airflow/dags/02_xcom_dag.py
[2026-09-08T08:02:44.975+0000] {processor.py:925} INFO - DAG(s) 'xcom_dag' retrieved from /opt/airflow/dags/02_xcom_dag.py
[2026-09-08T08:02:45.041+0000] {logging_mixin.py:190} INFO - [2026-09-08T08:02:45.041+0000] {dag.py:3239} INFO - Sync 1 DAGs
[2026-09-08T08:02:45.070+0000] {logging_mixin.py:190} INFO - [2026-09-08T08:02:45.069+0000] {dag.py:4180} INFO - Setting next_dagrun for xcom_dag to None, run_after=None
[2026-09-08T08:02:45.105+0000] {processor.py:208} INFO - Processing /opt/airflow/dags/02_xcom_dag.py took 0.190 seconds
[2026-09-08T08:03:15.330+0000] {processor.py:186} INFO - Started process (PID=441) to work on /opt/airflow/dags/02_xcom_dag.py
[2026-09-08T08:03:15.332+0000] {processor.py:914} INFO - Processing file /opt/airflow/dags/02_xcom_dag.py for tasks to queue
[2026-09-08T08:03:15.337+0000] {logging_mixin.py:190} INFO - [2026-09-08T08:03:15.336+0000] {dagbag.py:588} INFO - Filling up the DagBag from /opt/airflow/dags/02_xcom_dag.py
[2026-09-08T08:03:15.373+0000] {processor.py:925} INFO - DAG(s) 'xcom_dag' retrieved from /opt/airflow/dags/02_xcom_dag.py
[2026-09-08T08:03:15.429+0000] {logging_mixin.py:190} INFO - [2026-09-08T08:03:15.429+0000] {dag.py:3239} INFO - Sync 1 DAGs
[2026-09-08T08:03:15.463+0000] {logging_mixin.py:190} INFO - [2026-09-08T08:03:15.463+0000] {dag.py:4180} INFO - Setting next_dagrun for xcom_dag to None, run_after=None
[2026-09-08T08:03:15.502+0000] {processor.py:208} INFO - Processing /opt/airflow/dags/02_xcom_dag.py took 0.186 seconds
[2026-09-08T08:03:45.673+0000] {processor.py:186} INFO - Started process (PID=455) to work on /opt/airflow/dags/02_xcom_dag.py
[2026-09-08T08:03:45.675+0000] {processor.py:914} INFO - Processing file /opt/airflow/dags/02_xcom_dag.py for tasks to queue
[2026-09-08T08:03:45.679+0000] {logging_mixin.py:190} INFO - [2026-09-08T08:03:45.678+0000] {dagbag.py:588} INFO - Filling up the DagBag from /opt/airflow/dags/02_xcom_dag.py
[2026-09-08T08:03:45.719+0000] {processor.py:925} INFO - DAG(s) 'xcom_dag' retrieved from /opt/airflow/dags/02_xcom_dag.py
[2026-09-08T08:03:45.772+0000] {logging_mixin.py:190} INFO - [2026-09-08T08:03:45.772+0000] {dag.py:3239} INFO - Sync 1 DAGs
[2026-09-08T08:03:45.796+0000] {logging_mixin.py:190} INFO - [2026-09-08T08:03:45.796+0000] {dag.py:4180} INFO - Setting next_dagrun for xcom_dag to None, run_after=None
[2026-09-08T08:03:45.840+0000] {processor.py:208} INFO - Processing /opt/airflow/dags/02_xcom_dag.py took 0.178 seconds
[2026-09-08T08:04:15.989+0000] {processor.py:186} INFO - Started process (PID=469) to work on /opt/airflow/dags/02_xcom_dag.py
[2026-09-08T08:04:15.991+0000] {processor.py:914} INFO - Processing file /opt/airflow/dags/02_xcom_dag.py for tasks to queue
[2026-09-08T08:04:15.996+0000] {logging_mixin.py:190} INFO - [2026-09-08T08:04:15.995+0000] {dagbag.py:588} INFO - Filling up the DagBag from /opt/airflow/dags/02_xcom_dag.py
[2026-09-08T08:04:16.038+0000] {processor.py:925} INFO - DAG(s) 'xcom_dag' retrieved from /opt/airflow/dags/02_xcom_dag.py
[2026-09-08T08:04:16.101+0000] {logging_mixin.py:190} INFO - [2026-09-08T08:04:16.101+0000] {dag.py:3239} INFO - Sync 1 DAGs
[2026-09-08T08:04:16.130+0000] {logging_mixin.py:190} INFO - [2026-09-08T08:04:16.130+0000] {dag.py:4180} INFO - Setting next_dagrun for xcom_dag to None, run_after=None
[2026-09-08T08:04:16.172+0000] {processor.py:208} INFO - Processing /opt/airflow/dags/02_xcom_dag.py took 0.195 seconds
[2026-09-08T08:04:46.350+0000] {processor.py:186} INFO - Started process (PID=483) to work on /opt/airflow/dags/02_xcom_dag.py
[2026-09-08T08:04:46.352+0000] {processor.py:914} INFO - Processing file /opt/airflow/dags/02_xcom_dag.py for tasks to queue
[2026-09-08T08:04:46.356+0000] {logging_mixin.py:190} INFO - [2026-09-08T08:04:46.355+0000] {dagbag.py:588} INFO - Filling up the DagBag from /opt/airflow/dags/02_xcom_dag.py
[2026-09-08T08:04:46.397+0000] {processor.py:925} INFO - DAG(s) 'xcom_dag' retrieved from /opt/airflow/dags/02_xcom_dag.py
[2026-09-08T08:04:46.456+0000] {logging_mixin.py:190} INFO - [2026-09-08T08:04:46.456+0000] {dag.py:3239} INFO - Sync 1 DAGs
[2026-09-08T08:04:46.491+0000] {logging_mixin.py:190} INFO - [2026-09-08T08:04:46.491+0000] {dag.py:4180} INFO - Setting next_dagrun for xcom_dag to None, run_after=None
[2026-09-08T08:04:46.539+0000] {processor.py:208} INFO - Processing /opt/airflow/dags/02_xcom_dag.py took 0.200 seconds
[2026-09-08T08:05:16.677+0000] {processor.py:186} INFO - Started process (PID=497) to work on /opt/airflow/dags/02_xcom_dag.py
[2026-09-08T08:05:16.679+0000] {processor.py:914} INFO - Processing file /opt/airflow/dags/02_xcom_dag.py for tasks to queue
[2026-09-08T08:05:16.684+0000] {logging_mixin.py:190} INFO - [2026-09-08T08:05:16.683+0000] {dagbag.py:588} INFO - Filling up the DagBag from /opt/airflow/dags/02_xcom_dag.py
[2026-09-08T08:05:16.729+0000] {processor.py:925} INFO - DAG(s) 'xcom_dag' retrieved from /opt/airflow/dags/02_xcom_dag.py
[2026-09-08T08:05:16.789+0000] {logging_mixin.py:190} INFO - [2026-09-08T08:05:16.789+0000] {dag.py:3239} INFO - Sync 1 DAGs
[2026-09-08T08:05:16.820+0000] {logging_mixin.py:190} INFO - [2026-09-08T08:05:16.820+0000] {dag.py:4180} INFO - Setting next_dagrun for xcom_dag to None, run_after=None
[2026-09-08T08:05:16.860+0000] {processor.py:208} INFO - Processing /opt/airflow/dags/02_xcom_dag.py took 0.197 seconds
[2026-09-08T08:05:47.147+0000] {processor.py:186} INFO - Started process (PID=511) to work on /opt/airflow/dags/02_xcom_dag.py
[2026-09-08T08:05:47.149+0000] {processor.py:914} INFO - Processing file /opt/airflow/dags/02_xcom_dag.py for tasks to queue
[2026-09-08T08:05:47.152+0000] {logging_mixin.py:190} INFO - [2026-09-08T08:05:47.151+0000] {dagbag.py:588} INFO - Filling up the DagBag from /opt/airflow/dags/02_xcom_dag.py
[2026-09-08T08:05:47.192+0000] {processor.py:925} INFO - DAG(s) 'xcom_dag' retrieved from /opt/airflow/dags/02_xcom_dag.py
[2026-09-08T08:05:47.258+0000] {logging_mixin.py:190} INFO - [2026-09-08T08:05:47.257+0000] {dag.py:3239} INFO - Sync 1 DAGs
[2026-09-08T08:05:47.285+0000] {logging_mixin.py:190} INFO - [2026-09-08T08:05:47.284+0000] {dag.py:4180} INFO - Setting next_dagrun for xcom_dag to None, run_after=None
[2026-09-08T08:05:47.324+0000] {processor.py:208} INFO - Processing /opt/airflow/dags/02_xcom_dag.py took 0.187 seconds
[2026-09-08T08:06:17.675+0000] {processor.py:186} INFO - Started process (PID=526) to work on /opt/airflow/dags/02_xcom_dag.py
[2026-09-08T08:06:17.678+0000] {processor.py:914} INFO - Processing file /opt/airflow/dags/02_xcom_dag.py for tasks to queue
[2026-09-08T08:06:17.685+0000] {logging_mixin.py:190} INFO - [2026-09-08T08:06:17.683+0000] {dagbag.py:588} INFO - Filling up the DagBag from /opt/airflow/dags/02_xcom_dag.py
[2026-09-08T08:06:17.760+0000] {processor.py:925} INFO - DAG(s) 'xcom_dag' retrieved from /opt/airflow/dags/02_xcom_dag.py
[2026-09-08T08:06:17.945+0000] {logging_mixin.py:190} INFO - [2026-09-08T08:06:17.945+0000] {dag.py:3239} INFO - Sync 1 DAGs
[2026-09-08T08:06:17.978+0000] {logging_mixin.py:190} INFO - [2026-09-08T08:06:17.978+0000] {dag.py:4180} INFO - Setting next_dagrun for xcom_dag to None, run_after=None
[2026-09-08T08:06:18.015+0000] {processor.py:208} INFO - Processing /opt/airflow/dags/02_xcom_dag.py took 0.362 seconds
[2026-09-08T08:06:48.303+0000] {processor.py:186} INFO - Started process (PID=540) to work on /opt/airflow/dags/02_xcom_dag.py
[2026-09-08T08:06:48.305+0000] {processor.py:914} INFO - Processing file /opt/airflow/dags/02_xcom_dag.py for tasks to queue
[2026-09-08T08:06:48.308+0000] {logging_mixin.py:190} INFO - [2026-09-08T08:06:48.308+0000] {dagbag.py:588} INFO - Filling up the DagBag from /opt/airflow/dags/02_xcom_dag.py
[2026-09-08T08:06:48.347+0000] {processor.py:925} INFO - DAG(s) 'xcom_dag' retrieved from /opt/airflow/dags/02_xcom_dag.py
[2026-09-08T08:06:48.404+0000] {logging_mixin.py:190} INFO - [2026-09-08T08:06:48.403+0000] {dag.py:3239} INFO - Sync 1 DAGs
[2026-09-08T08:06:48.430+0000] {logging_mixin.py:190} INFO - [2026-09-08T08:06:48.430+0000] {dag.py:4180} INFO - Setting next_dagrun for xcom_dag to None, run_after=None
[2026-09-08T08:06:48.473+0000] {processor.py:208} INFO - Processing /opt/airflow/dags/02_xcom_dag.py took 0.182 seconds
[2026-09-08T08:07:18.773+0000] {processor.py:186} INFO - Started process (PID=554) to work on /opt/airflow/dags/02_xcom_dag.py
[2026-09-08T08:07:18.775+0000] {processor.py:914} INFO - Processing file /opt/airflow/dags/02_xcom_dag.py for tasks to queue
[2026-09-08T08:07:18.778+0000] {logging_mixin.py:190} INFO - [2026-09-08T08:07:18.777+0000] {dagbag.py:588} INFO - Filling up the DagBag from /opt/airflow/dags/02_xcom_dag.py
[2026-09-08T08:07:18.815+0000] {processor.py:925} INFO - DAG(s) 'xcom_dag' retrieved from /opt/airflow/dags/02_xcom_dag.py
[2026-09-08T08:07:18.885+0000] {logging_mixin.py:190} INFO - [2026-09-08T08:07:18.884+0000] {dag.py:3239} INFO - Sync 1 DAGs
[2026-09-08T08:07:18.922+0000] {logging_mixin.py:190} INFO - [2026-09-08T08:07:18.922+0000] {dag.py:4180} INFO - Setting next_dagrun for xcom_dag to None, run_after=None
[2026-09-08T08:07:18.961+0000] {processor.py:208} INFO - Processing /opt/airflow/dags/02_xcom_dag.py took 0.201 seconds
[2026-09-08T08:07:49.161+0000] {processor.py:186} INFO - Started process (PID=568) to work on /opt/airflow/dags/02_xcom_dag.py
[2026-09-08T08:07:49.162+0000] {processor.py:914} INFO - Processing file /opt/airflow/dags/02_xcom_dag.py for tasks to queue
[2026-09-08T08:07:49.166+0000] {logging_mixin.py:190} INFO - [2026-09-08T08:07:49.166+0000] {dagbag.py:588} INFO - Filling up the DagBag from /opt/airflow/dags/02_xcom_dag.py
[2026-09-08T08:07:49.207+0000] {processor.py:925} INFO - DAG(s) 'xcom_dag' retrieved from /opt/airflow/dags/02_xcom_dag.py
[2026-09-08T08:07:49.266+0000] {logging_mixin.py:190} INFO - [2026-09-08T08:07:49.266+0000] {dag.py:3239} INFO - Sync 1 DAGs
[2026-09-08T08:07:49.298+0000] {logging_mixin.py:190} INFO - [2026-09-08T08:07:49.297+0000] {dag.py:4180} INFO - Setting next_dagrun for xcom_dag to None, run_after=None
[2026-09-08T08:07:49.338+0000] {processor.py:208} INFO - Processing /opt/airflow/dags/02_xcom_dag.py took 0.189 seconds
[2026-09-08T08:08:19.572+0000] {processor.py:186} INFO - Started process (PID=582) to work on /opt/airflow/dags/02_xcom_dag.py
[2026-09-08T08:08:19.574+0000] {processor.py:914} INFO - Processing file /opt/airflow/dags/02_xcom_dag.py for tasks to queue
[2026-09-08T08:08:19.579+0000] {logging_mixin.py:190} INFO - [2026-09-08T08:08:19.578+0000] {dagbag.py:588} INFO - Filling up the DagBag from /opt/airflow/dags/02_xcom_dag.py
[2026-09-08T08:08:19.626+0000] {processor.py:925} INFO - DAG(s) 'xcom_dag' retrieved from /opt/airflow/dags/02_xcom_dag.py
[2026-09-08T08:08:19.684+0000] {logging_mixin.py:190} INFO - [2026-09-08T08:08:19.684+0000] {dag.py:3239} INFO - Sync 1 DAGs
[2026-09-08T08:08:19.713+0000] {logging_mixin.py:190} INFO - [2026-09-08T08:08:19.713+0000] {dag.py:4180} INFO - Setting next_dagrun for xcom_dag to None, run_after=None
[2026-09-08T08:08:19.760+0000] {processor.py:208} INFO - Processing /opt/airflow/dags/02_xcom_dag.py took 0.204 seconds
[2026-09-08T08:08:50.349+0000] {processor.py:186} INFO - Started process (PID=596) to work on /opt/airflow/dags/02_xcom_dag.py
[2026-09-08T08:08:50.351+0000] {processor.py:914} INFO - Processing file /opt/airflow/dags/02_xcom_dag.py for tasks to queue
[2026-09-08T08:08:50.355+0000] {logging_mixin.py:190} INFO - [2026-09-08T08:08:50.354+0000] {dagbag.py:588} INFO - Filling up the DagBag from /opt/airflow/dags/02_xcom_dag.py
[2026-09-08T08:08:50.405+0000] {processor.py:925} INFO - DAG(s) 'xcom_dag' retrieved from /opt/airflow/dags/02_xcom_dag.py
[2026-09-08T08:08:50.475+0000] {logging_mixin.py:190} INFO - [2026-09-08T08:08:50.475+0000] {dag.py:3239} INFO - Sync 1 DAGs
[2026-09-08T08:08:50.514+0000] {logging_mixin.py:190} INFO - [2026-09-08T08:08:50.514+0000] {dag.py:4180} INFO - Setting next_dagrun for xcom_dag to None, run_after=None
[2026-09-08T08:08:50.555+0000] {processor.py:208} INFO - Processing /opt/airflow/dags/02_xcom_dag.py took 0.224 seconds
[2026-09-08T08:09:21.033+0000] {processor.py:186} INFO - Started process (PID=616) to work on /opt/airflow/dags/02_xcom_dag.py
[2026-09-08T08:09:21.035+0000] {processor.py:914} INFO - Processing file /opt/airflow/dags/02_xcom_dag.py for tasks to queue
[2026-09-08T08:09:21.039+0000] {logging_mixin.py:190} INFO - [2026-09-08T08:09:21.038+0000] {dagbag.py:588} INFO - Filling up the DagBag from /opt/airflow/dags/02_xcom_dag.py
[2026-09-08T08:09:21.081+0000] {processor.py:925} INFO - DAG(s) 'xcom_dag' retrieved from /opt/airflow/dags/02_xcom_dag.py
[2026-09-08T08:09:21.142+0000] {logging_mixin.py:190} INFO - [2026-09-08T08:09:21.141+0000] {dag.py:3239} INFO - Sync 1 DAGs
[2026-09-08T08:09:21.179+0000] {logging_mixin.py:190} INFO - [2026-09-08T08:09:21.179+0000] {dag.py:4180} INFO - Setting next_dagrun for xcom_dag to None, run_after=None
[2026-09-08T08:09:21.220+0000] {processor.py:208} INFO - Processing /opt/airflow/dags/02_xcom_dag.py took 0.202 seconds
[2026-09-08T08:09:51.620+0000] {processor.py:186} INFO - Started process (PID=630) to work on /opt/airflow/dags/02_xcom_dag.py
[2026-09-08T08:09:51.622+0000] {processor.py:914} INFO - Processing file /opt/airflow/dags/02_xcom_dag.py for tasks to queue
[2026-09-08T08:09:51.625+0000] {logging_mixin.py:190} INFO - [2026-09-08T08:09:51.625+0000] {dagbag.py:588} INFO - Filling up the DagBag from /opt/airflow/dags/02_xcom_dag.py
[2026-09-08T08:09:51.669+0000] {processor.py:925} INFO - DAG(s) 'xcom_dag' retrieved from /opt/airflow/dags/02_xcom_dag.py
[2026-09-08T08:09:51.745+0000] {logging_mixin.py:190} INFO - [2026-09-08T08:09:51.744+0000] {dag.py:3239} INFO - Sync 1 DAGs
[2026-09-08T08:09:51.777+0000] {logging_mixin.py:190} INFO - [2026-09-08T08:09:51.776+0000] {dag.py:4180} INFO - Setting next_dagrun for xcom_dag to None, run_after=None
[2026-09-08T08:09:51.818+0000] {processor.py:208} INFO - Processing /opt/airflow/dags/02_xcom_dag.py took 0.209 seconds
[2026-09-08T08:10:22.242+0000] {processor.py:186} INFO - Started process (PID=644) to work on /opt/airflow/dags/02_xcom_dag.py
[2026-09-08T08:10:22.244+0000] {processor.py:914} INFO - Processing file /opt/airflow/dags/02_xcom_dag.py for tasks to queue
[2026-09-08T08:10:22.247+0000] {logging_mixin.py:190} INFO - [2026-09-08T08:10:22.246+0000] {dagbag.py:588} INFO - Filling up the DagBag from /opt/airflow/dags/02_xcom_dag.py
[2026-09-08T08:10:22.287+0000] {processor.py:925} INFO - DAG(s) 'xcom_dag' retrieved from /opt/airflow/dags/02_xcom_dag.py
[2026-09-08T08:10:22.342+0000] {logging_mixin.py:190} INFO - [2026-09-08T08:10:22.341+0000] {dag.py:3239} INFO - Sync 1 DAGs
[2026-09-08T08:10:22.368+0000] {logging_mixin.py:190} INFO - [2026-09-08T08:10:22.367+0000] {dag.py:4180} INFO - Setting next_dagrun for xcom_dag to None, run_after=None
[2026-09-08T08:10:22.408+0000] {processor.py:208} INFO - Processing /opt/airflow/dags/02_xcom_dag.py took 0.176 seconds
[2026-09-08T08:10:52.599+0000] {processor.py:186} INFO - Started process (PID=656) to work on /opt/airflow/dags/02_xcom_dag.py
[2026-09-08T08:10:52.601+0000] {processor.py:914} INFO - Processing file /opt/airflow/dags/02_xcom_dag.py for tasks to queue
[2026-09-08T08:10:52.605+0000] {logging_mixin.py:190} INFO - [2026-09-08T08:10:52.604+0000] {dagbag.py:588} INFO - Filling up the DagBag from /opt/airflow/dags/02_xcom_dag.py
[2026-09-08T08:10:52.645+0000] {processor.py:925} INFO - DAG(s) 'xcom_dag' retrieved from /opt/airflow/dags/02_xcom_dag.py
[2026-09-08T08:10:52.713+0000] {logging_mixin.py:190} INFO - [2026-09-08T08:10:52.713+0000] {dag.py:3239} INFO - Sync 1 DAGs
[2026-09-08T08:10:52.748+0000] {logging_mixin.py:190} INFO - [2026-09-08T08:10:52.747+0000] {dag.py:4180} INFO - Setting next_dagrun for xcom_dag to None, run_after=None
[2026-09-08T08:10:52.803+0000] {processor.py:208} INFO - Processing /opt/airflow/dags/02_xcom_dag.py took 0.216 seconds
[2026-09-08T08:11:23.388+0000] {processor.py:186} INFO - Started process (PID=670) to work on /opt/airflow/dags/02_xcom_dag.py
[2026-09-08T08:11:23.390+0000] {processor.py:914} INFO - Processing file /opt/airflow/dags/02_xcom_dag.py for tasks to queue
[2026-09-08T08:11:23.394+0000] {logging_mixin.py:190} INFO - [2026-09-08T08:11:23.393+0000] {dagbag.py:588} INFO - Filling up the DagBag from /opt/airflow/dags/02_xcom_dag.py
[2026-09-08T08:11:23.437+0000] {processor.py:925} INFO - DAG(s) 'xcom_dag' retrieved from /opt/airflow/dags/02_xcom_dag.py
[2026-09-08T08:11:23.505+0000] {logging_mixin.py:190} INFO - [2026-09-08T08:11:23.505+0000] {dag.py:3239} INFO - Sync 1 DAGs
[2026-09-08T08:11:23.540+0000] {logging_mixin.py:190} INFO - [2026-09-08T08:11:23.539+0000] {dag.py:4180} INFO - Setting next_dagrun for xcom_dag to None, run_after=None
[2026-09-08T08:11:23.581+0000] {processor.py:208} INFO - Processing /opt/airflow/dags/02_xcom_dag.py took 0.210 seconds
[2026-09-08T08:11:53.805+0000] {processor.py:186} INFO - Started process (PID=684) to work on /opt/airflow/dags/02_xcom_dag.py
[2026-09-08T08:11:53.808+0000] {processor.py:914} INFO - Processing file /opt/airflow/dags/02_xcom_dag.py for tasks to queue
[2026-09-08T08:11:53.812+0000] {logging_mixin.py:190} INFO - [2026-09-08T08:11:53.811+0000] {dagbag.py:588} INFO - Filling up the DagBag from /opt/airflow/dags/02_xcom_dag.py
[2026-09-08T08:11:53.859+0000] {processor.py:925} INFO - DAG(s) 'xcom_dag' retrieved from /opt/airflow/dags/02_xcom_dag.py
[2026-09-08T08:11:53.922+0000] {logging_mixin.py:190} INFO - [2026-09-08T08:11:53.921+0000] {dag.py:3239} INFO - Sync 1 DAGs
[2026-09-08T08:11:53.952+0000] {logging_mixin.py:190} INFO - [2026-09-08T08:11:53.951+0000] {dag.py:4180} INFO - Setting next_dagrun for xcom_dag to None, run_after=None
[2026-09-08T08:11:53.990+0000] {processor.py:208} INFO - Processing /opt/airflow/dags/02_xcom_dag.py took 0.199 seconds
[2026-09-08T08:12:24.155+0000] {processor.py:186} INFO - Started process (PID=698) to work on /opt/airflow/dags/02_xcom_dag.py
[2026-09-08T08:12:24.157+0000] {processor.py:914} INFO - Processing file /opt/airflow/dags/02_xcom_dag.py for tasks to queue
[2026-09-08T08:12:24.161+0000] {logging_mixin.py:190} INFO - [2026-09-08T08:12:24.160+0000] {dagbag.py:588} INFO - Filling up the DagBag from /opt/airflow/dags/02_xcom_dag.py
[2026-09-08T08:12:24.205+0000] {processor.py:925} INFO - DAG(s) 'xcom_dag' retrieved from /opt/airflow/dags/02_xcom_dag.py
[2026-09-08T08:12:24.256+0000] {logging_mixin.py:190} INFO - [2026-09-08T08:12:24.255+0000] {dag.py:3239} INFO - Sync 1 DAGs
[2026-09-08T08:12:24.282+0000] {logging_mixin.py:190} INFO - [2026-09-08T08:12:24.282+0000] {dag.py:4180} INFO - Setting next_dagrun for xcom_dag to None, run_after=None
[2026-09-08T08:12:24.319+0000] {processor.py:208} INFO - Processing /opt/airflow/dags/02_xcom_dag.py took 0.176 seconds
[2026-09-08T08:12:54.483+0000] {processor.py:186} INFO - Started process (PID=712) to work on /opt/airflow/dags/02_xcom_dag.py
[2026-09-08T08:12:54.485+0000] {processor.py:914} INFO - Processing file /opt/airflow/dags/02_xcom_dag.py for tasks to queue
[2026-09-08T08:12:54.488+0000] {logging_mixin.py:190} INFO - [2026-09-08T08:12:54.488+0000] {dagbag.py:588} INFO - Filling up the DagBag from /opt/airflow/dags/02_xcom_dag.py
[2026-09-08T08:12:54.526+0000] {processor.py:925} INFO - DAG(s) 'xcom_dag' retrieved from /opt/airflow/dags/02_xcom_dag.py
[2026-09-08T08:12:54.578+0000] {logging_mixin.py:190} INFO - [2026-09-08T08:12:54.578+0000] {dag.py:3239} INFO - Sync 1 DAGs
[2026-09-08T08:12:54.609+0000] {logging_mixin.py:190} INFO - [2026-09-08T08:12:54.608+0000] {dag.py:4180} INFO - Setting next_dagrun for xcom_dag to None, run_after=None
[2026-09-08T08:12:54.643+0000] {processor.py:208} INFO - Processing /opt/airflow/dags/02_xcom_dag.py took 0.173 seconds
[2026-09-08T08:13:25.593+0000] {processor.py:186} INFO - Started process (PID=726) to work on /opt/airflow/dags/02_xcom_dag.py
[2026-09-08T08:13:25.595+0000] {processor.py:914} INFO - Processing file /opt/airflow/dags/02_xcom_dag.py for tasks to queue
[2026-09-08T08:13:25.599+0000] {logging_mixin.py:190} INFO - [2026-09-08T08:13:25.598+0000] {dagbag.py:588} INFO - Filling up the DagBag from /opt/airflow/dags/02_xcom_dag.py
[2026-09-08T08:13:25.639+0000] {processor.py:925} INFO - DAG(s) 'xcom_dag' retrieved from /opt/airflow/dags/02_xcom_dag.py
[2026-09-08T08:13:25.698+0000] {logging_mixin.py:190} INFO - [2026-09-08T08:13:25.697+0000] {dag.py:3239} INFO - Sync 1 DAGs
[2026-09-08T08:13:25.724+0000] {logging_mixin.py:190} INFO - [2026-09-08T08:13:25.723+0000] {dag.py:4180} INFO - Setting next_dagrun for xcom_dag to None, run_after=None
[2026-09-08T08:13:25.768+0000] {processor.py:208} INFO - Processing /opt/airflow/dags/02_xcom_dag.py took 0.189 seconds
[2026-09-08T08:13:56.354+0000] {processor.py:186} INFO - Started process (PID=740) to work on /opt/airflow/dags/02_xcom_dag.py
[2026-09-08T08:13:56.356+0000] {processor.py:914} INFO - Processing file /opt/airflow/dags/02_xcom_dag.py for tasks to queue
[2026-09-08T08:13:56.359+0000] {logging_mixin.py:190} INFO - [2026-09-08T08:13:56.358+0000] {dagbag.py:588} INFO - Filling up the DagBag from /opt/airflow/dags/02_xcom_dag.py
[2026-09-08T08:13:56.398+0000] {processor.py:925} INFO - DAG(s) 'xcom_dag' retrieved from /opt/airflow/dags/02_xcom_dag.py
[2026-09-08T08:13:56.449+0000] {logging_mixin.py:190} INFO - [2026-09-08T08:13:56.449+0000] {dag.py:3239} INFO - Sync 1 DAGs
[2026-09-08T08:13:56.474+0000] {logging_mixin.py:190} INFO - [2026-09-08T08:13:56.474+0000] {dag.py:4180} INFO - Setting next_dagrun for xcom_dag to None, run_after=None
[2026-09-08T08:13:56.507+0000] {processor.py:208} INFO - Processing /opt/airflow/dags/02_xcom_dag.py took 0.162 seconds
[2026-09-08T08:14:27.561+0000] {processor.py:186} INFO - Started process (PID=754) to work on /opt/airflow/dags/02_xcom_dag.py
[2026-09-08T08:14:27.563+0000] {processor.py:914} INFO - Processing file /opt/airflow/dags/02_xcom_dag.py for tasks to queue
[2026-09-08T08:14:27.566+0000] {logging_mixin.py:190} INFO - [2026-09-08T08:14:27.565+0000] {dagbag.py:588} INFO - Filling up the DagBag from /opt/airflow/dags/02_xcom_dag.py
[2026-09-08T08:14:27.615+0000] {processor.py:925} INFO - DAG(s) 'xcom_dag' retrieved from /opt/airflow/dags/02_xcom_dag.py
[2026-09-08T08:14:27.713+0000] {logging_mixin.py:190} INFO - [2026-09-08T08:14:27.712+0000] {dag.py:3239} INFO - Sync 1 DAGs
[2026-09-08T08:14:27.774+0000] {logging_mixin.py:190} INFO - [2026-09-08T08:14:27.774+0000] {dag.py:4180} INFO - Setting next_dagrun for xcom_dag to None, run_after=None
[2026-09-08T08:14:27.852+0000] {processor.py:208} INFO - Processing /opt/airflow/dags/02_xcom_dag.py took 0.302 seconds
[2026-09-08T08:14:58.025+0000] {processor.py:186} INFO - Started process (PID=768) to work on /opt/airflow/dags/02_xcom_dag.py
[2026-09-08T08:14:58.027+0000] {processor.py:914} INFO - Processing file /opt/airflow/dags/02_xcom_dag.py for tasks to queue
[2026-09-08T08:14:58.030+0000] {logging_mixin.py:190} INFO - [2026-09-08T08:14:58.030+0000] {dagbag.py:588} INFO - Filling up the DagBag from /opt/airflow/dags/02_xcom_dag.py
[2026-09-08T08:14:58.066+0000] {processor.py:925} INFO - DAG(s) 'xcom_dag' retrieved from /opt/airflow/dags/02_xcom_dag.py
[2026-09-08T08:14:58.122+0000] {logging_mixin.py:190} INFO - [2026-09-08T08:14:58.122+0000] {dag.py:3239} INFO - Sync 1 DAGs
[2026-09-08T08:14:58.156+0000] {logging_mixin.py:190} INFO - [2026-09-08T08:14:58.156+0000] {dag.py:4180} INFO - Setting next_dagrun for xcom_dag to None, run_after=None
[2026-09-08T08:14:58.195+0000] {processor.py:208} INFO - Processing /opt/airflow/dags/02_xcom_dag.py took 0.183 seconds
[2026-09-08T08:15:28.575+0000] {processor.py:186} INFO - Started process (PID=782) to work on /opt/airflow/dags/02_xcom_dag.py
[2026-09-08T08:15:28.577+0000] {processor.py:914} INFO - Processing file /opt/airflow/dags/02_xcom_dag.py for tasks to queue
[2026-09-08T08:15:28.580+0000] {logging_mixin.py:190} INFO - [2026-09-08T08:15:28.579+0000] {dagbag.py:588} INFO - Filling up the DagBag from /opt/airflow/dags/02_xcom_dag.py
[2026-09-08T08:15:28.615+0000] {processor.py:925} INFO - DAG(s) 'xcom_dag' retrieved from /opt/airflow/dags/02_xcom_dag.py
[2026-09-08T08:15:28.665+0000] {logging_mixin.py:190} INFO - [2026-09-08T08:15:28.664+0000] {dag.py:3239} INFO - Sync 1 DAGs
[2026-09-08T08:15:28.688+0000] {logging_mixin.py:190} INFO - [2026-09-08T08:15:28.688+0000] {dag.py:4180} INFO - Setting next_dagrun for xcom_dag to None, run_after=None
[2026-09-08T08:15:28.718+0000] {processor.py:208} INFO - Processing /opt/airflow/dags/02_xcom_dag.py took 0.155 seconds
[2026-09-08T08:15:59.141+0000] {processor.py:186} INFO - Started process (PID=796) to work on /opt/airflow/dags/02_xcom_dag.py
[2026-09-08T08:15:59.143+0000] {processor.py:914} INFO - Processing file /opt/airflow/dags/02_xcom_dag.py for tasks to queue
[2026-09-08T08:15:59.146+0000] {logging_mixin.py:190} INFO - [2026-09-08T08:15:59.145+0000] {dagbag.py:588} INFO - Filling up the DagBag from /opt/airflow/dags/02_xcom_dag.py
[2026-09-08T08:15:59.183+0000] {processor.py:925} INFO - DAG(s) 'xcom_dag' retrieved from /opt/airflow/dags/02_xcom_dag.py
[2026-09-08T08:15:59.230+0000] {logging_mixin.py:190} INFO - [2026-09-08T08:15:59.230+0000] {dag.py:3239} INFO - Sync 1 DAGs
[2026-09-08T08:15:59.257+0000] {logging_mixin.py:190} INFO - [2026-09-08T08:15:59.257+0000] {dag.py:4180} INFO - Setting next_dagrun for xcom_dag to None, run_after=None
[2026-09-08T08:15:59.300+0000] {processor.py:208} INFO - Processing /opt/airflow/dags/02_xcom_dag.py took 0.169 seconds
[2026-09-08T08:16:29.607+0000] {processor.py:186} INFO - Started process (PID=810) to work on /opt/airflow/dags/02_xcom_dag.py
[2026-09-08T08:16:29.609+0000] {processor.py:914} INFO - Processing file /opt/airflow/dags/02_xcom_dag.py for tasks to queue
[2026-09-08T08:16:29.612+0000] {logging_mixin.py:190} INFO - [2026-09-08T08:16:29.611+0000] {dagbag.py:588} INFO - Filling up the DagBag from /opt/airflow/dags/02_xcom_dag.py
[2026-09-08T08:16:29.648+0000] {processor.py:925} INFO - DAG(s) 'xcom_dag' retrieved from /opt/airflow/dags/02_xcom_dag.py
[2026-09-08T08:16:29.701+0000] {logging_mixin.py:190} INFO - [2026-09-08T08:16:29.701+0000] {dag.py:3239} INFO - Sync 1 DAGs
[2026-09-08T08:16:29.727+0000] {logging_mixin.py:190} INFO - [2026-09-08T08:16:29.727+0000] {dag.py:4180} INFO - Setting next_dagrun for xcom_dag to None, run_after=None
[2026-09-08T08:16:29.767+0000] {processor.py:208} INFO - Processing /opt/airflow/dags/02_xcom_dag.py took 0.170 seconds
[2026-09-08T08:16:59.859+0000] {processor.py:186} INFO - Started process (PID=824) to work on /opt/airflow/dags/02_xcom_dag.py
[2026-09-08T08:16:59.861+0000] {processor.py:914} INFO - Processing file /opt/airflow/dags/02_xcom_dag.py for tasks to queue
[2026-09-08T08:16:59.864+0000] {logging_mixin.py:190} INFO - [2026-09-08T08:16:59.864+0000] {dagbag.py:588} INFO - Filling up the DagBag from /opt/airflow/dags/02_xcom_dag.py
[2026-09-08T08:16:59.935+0000] {processor.py:925} INFO - DAG(s) 'xcom_dag' retrieved from /opt/airflow/dags/02_xcom_dag.py
[2026-09-08T08:17:00.003+0000] {logging_mixin.py:190} INFO - [2026-09-08T08:17:00.002+0000] {dag.py:3239} INFO - Sync 1 DAGs
[2026-09-08T08:17:00.037+0000] {logging_mixin.py:190} INFO - [2026-09-08T08:17:00.037+0000] {dag.py:4180} INFO - Setting next_dagrun for xcom_dag to None, run_after=None
[2026-09-08T08:17:00.111+0000] {processor.py:208} INFO - Processing /opt/airflow/dags/02_xcom_dag.py took 0.264 seconds
[2026-09-08T08:17:30.465+0000] {processor.py:186} INFO - Started process (PID=838) to work on /opt/airflow/dags/02_xcom_dag.py
[2026-09-08T08:17:30.467+0000] {processor.py:914} INFO - Processing file /opt/airflow/dags/02_xcom_dag.py for tasks to queue
[2026-09-08T08:17:30.470+0000] {logging_mixin.py:190} INFO - [2026-09-08T08:17:30.469+0000] {dagbag.py:588} INFO - Filling up the DagBag from /opt/airflow/dags/02_xcom_dag.py
[2026-09-08T08:17:30.513+0000] {processor.py:925} INFO - DAG(s) 'xcom_dag' retrieved from /opt/airflow/dags/02_xcom_dag.py
[2026-09-08T08:17:30.564+0000] {logging_mixin.py:190} INFO - [2026-09-08T08:17:30.564+0000] {dag.py:3239} INFO - Sync 1 DAGs
[2026-09-08T08:17:30.587+0000] {logging_mixin.py:190} INFO - [2026-09-08T08:17:30.586+0000] {dag.py:4180} INFO - Setting next_dagrun for xcom_dag to None, run_after=None
[2026-09-08T08:17:30.628+0000] {processor.py:208} INFO - Processing /opt/airflow/dags/02_xcom_dag.py took 0.174 seconds
[2026-09-08T08:18:00.998+0000] {processor.py:186} INFO - Started process (PID=852) to work on /opt/airflow/dags/02_xcom_dag.py
[2026-09-08T08:18:00.999+0000] {processor.py:914} INFO - Processing file /opt/airflow/dags/02_xcom_dag.py for tasks to queue
[2026-09-08T08:18:01.003+0000] {logging_mixin.py:190} INFO - [2026-09-08T08:18:01.002+0000] {dagbag.py:588} INFO - Filling up the DagBag from /opt/airflow/dags/02_xcom_dag.py
[2026-09-08T08:18:01.049+0000] {processor.py:925} INFO - DAG(s) 'xcom_dag' retrieved from /opt/airflow/dags/02_xcom_dag.py
[2026-09-08T08:18:01.109+0000] {logging_mixin.py:190} INFO - [2026-09-08T08:18:01.108+0000] {dag.py:3239} INFO - Sync 1 DAGs
[2026-09-08T08:18:01.144+0000] {logging_mixin.py:190} INFO - [2026-09-08T08:18:01.143+0000] {dag.py:4180} INFO - Setting next_dagrun for xcom_dag to None, run_after=None
[2026-09-08T08:18:01.189+0000] {processor.py:208} INFO - Processing /opt/airflow/dags/02_xcom_dag.py took 0.203 seconds
[2026-09-08T08:18:31.536+0000] {processor.py:186} INFO - Started process (PID=866) to work on /opt/airflow/dags/02_xcom_dag.py
[2026-09-08T08:18:31.537+0000] {processor.py:914} INFO - Processing file /opt/airflow/dags/02_xcom_dag.py for tasks to queue
[2026-09-08T08:18:31.540+0000] {logging_mixin.py:190} INFO - [2026-09-08T08:18:31.540+0000] {dagbag.py:588} INFO - Filling up the DagBag from /opt/airflow/dags/02_xcom_dag.py
[2026-09-08T08:18:31.579+0000] {processor.py:925} INFO - DAG(s) 'xcom_dag' retrieved from /opt/airflow/dags/02_xcom_dag.py
[2026-09-08T08:18:31.632+0000] {logging_mixin.py:190} INFO - [2026-09-08T08:18:31.632+0000] {dag.py:3239} INFO - Sync 1 DAGs
[2026-09-08T08:18:31.655+0000] {logging_mixin.py:190} INFO - [2026-09-08T08:18:31.654+0000] {dag.py:4180} INFO - Setting next_dagrun for xcom_dag to None, run_after=None
[2026-09-08T08:18:31.694+0000] {processor.py:208} INFO - Processing /opt/airflow/dags/02_xcom_dag.py took 0.169 seconds
[2026-09-08T08:19:01.891+0000] {processor.py:186} INFO - Started process (PID=880) to work on /opt/airflow/dags/02_xcom_dag.py
[2026-09-08T08:19:01.893+0000] {processor.py:914} INFO - Processing file /opt/airflow/dags/02_xcom_dag.py for tasks to queue
[2026-09-08T08:19:01.896+0000] {logging_mixin.py:190} INFO - [2026-09-08T08:19:01.896+0000] {dagbag.py:588} INFO - Filling up the DagBag from /opt/airflow/dags/02_xcom_dag.py
[2026-09-08T08:19:01.936+0000] {processor.py:925} INFO - DAG(s) 'xcom_dag' retrieved from /opt/airflow/dags/02_xcom_dag.py
[2026-09-08T08:19:01.991+0000] {logging_mixin.py:190} INFO - [2026-09-08T08:19:01.990+0000] {dag.py:3239} INFO - Sync 1 DAGs
[2026-09-08T08:19:02.020+0000] {logging_mixin.py:190} INFO - [2026-09-08T08:19:02.020+0000] {dag.py:4180} INFO - Setting next_dagrun for xcom_dag to None, run_after=None
[2026-09-08T08:19:02.058+0000] {processor.py:208} INFO - Processing /opt/airflow/dags/02_xcom_dag.py took 0.178 seconds
[2026-09-08T08:19:32.323+0000] {processor.py:186} INFO - Started process (PID=893) to work on /opt/airflow/dags/02_xcom_dag.py
[2026-09-08T08:19:32.325+0000] {processor.py:914} INFO - Processing file /opt/airflow/dags/02_xcom_dag.py for tasks to queue
[2026-09-08T08:19:32.330+0000] {logging_mixin.py:190} INFO - [2026-09-08T08:19:32.330+0000] {dagbag.py:588} INFO - Filling up the DagBag from /opt/airflow/dags/02_xcom_dag.py
[2026-09-08T08:19:32.378+0000] {processor.py:925} INFO - DAG(s) 'xcom_dag' retrieved from /opt/airflow/dags/02_xcom_dag.py
[2026-09-08T08:19:32.465+0000] {logging_mixin.py:190} INFO - [2026-09-08T08:19:32.465+0000] {dag.py:3239} INFO - Sync 1 DAGs
[2026-09-08T08:19:32.498+0000] {logging_mixin.py:190} INFO - [2026-09-08T08:19:32.497+0000] {dag.py:4180} INFO - Setting next_dagrun for xcom_dag to None, run_after=None
[2026-09-08T08:19:32.541+0000] {processor.py:208} INFO - Processing /opt/airflow/dags/02_xcom_dag.py took 0.236 seconds
[2026-09-08T08:20:02.752+0000] {processor.py:186} INFO - Started process (PID=907) to work on /opt/airflow/dags/02_xcom_dag.py
[2026-09-08T08:20:02.754+0000] {processor.py:914} INFO - Processing file /opt/airflow/dags/02_xcom_dag.py for tasks to queue
[2026-09-08T08:20:02.759+0000] {logging_mixin.py:190} INFO - [2026-09-08T08:20:02.758+0000] {dagbag.py:588} INFO - Filling up the DagBag from /opt/airflow/dags/02_xcom_dag.py
[2026-09-08T08:20:02.801+0000] {processor.py:925} INFO - DAG(s) 'xcom_dag' retrieved from /opt/airflow/dags/02_xcom_dag.py
[2026-09-08T08:20:02.870+0000] {logging_mixin.py:190} INFO - [2026-09-08T08:20:02.869+0000] {dag.py:3239} INFO - Sync 1 DAGs
[2026-09-08T08:20:02.902+0000] {logging_mixin.py:190} INFO - [2026-09-08T08:20:02.902+0000] {dag.py:4180} INFO - Setting next_dagrun for xcom_dag to None, run_after=None
[2026-09-08T08:20:02.947+0000] {processor.py:208} INFO - Processing /opt/airflow/dags/02_xcom_dag.py took 0.216 seconds
[2026-09-08T08:20:33.362+0000] {processor.py:186} INFO - Started process (PID=921) to work on /opt/airflow/dags/02_xcom_dag.py
[2026-09-08T08:20:33.364+0000] {processor.py:914} INFO - Processing file /opt/airflow/dags/02_xcom_dag.py for tasks to queue
[2026-09-08T08:20:33.369+0000] {logging_mixin.py:190} INFO - [2026-09-08T08:20:33.367+0000] {dagbag.py:588} INFO - Filling up the DagBag from /opt/airflow/dags/02_xcom_dag.py
[2026-09-08T08:20:33.418+0000] {processor.py:925} INFO - DAG(s) 'xcom_dag' retrieved from /opt/airflow/dags/02_xcom_dag.py
[2026-09-08T08:20:33.474+0000] {logging_mixin.py:190} INFO - [2026-09-08T08:20:33.473+0000] {dag.py:3239} INFO - Sync 1 DAGs
[2026-09-08T08:20:33.515+0000] {logging_mixin.py:190} INFO - [2026-09-08T08:20:33.515+0000] {dag.py:4180} INFO - Setting next_dagrun for xcom_dag to None, run_after=None
[2026-09-08T08:20:33.556+0000] {processor.py:208} INFO - Processing /opt/airflow/dags/02_xcom_dag.py took 0.212 seconds
[2026-09-08T08:21:04.428+0000] {processor.py:186} INFO - Started process (PID=936) to work on /opt/airflow/dags/02_xcom_dag.py
[2026-09-08T08:21:04.431+0000] {processor.py:914} INFO - Processing file /opt/airflow/dags/02_xcom_dag.py for tasks to queue
[2026-09-08T08:21:04.434+0000] {logging_mixin.py:190} INFO - [2026-09-08T08:21:04.434+0000] {dagbag.py:588} INFO - Filling up the DagBag from /opt/airflow/dags/02_xcom_dag.py
[2026-09-08T08:21:04.470+0000] {processor.py:925} INFO - DAG(s) 'xcom_dag' retrieved from /opt/airflow/dags/02_xcom_dag.py
[2026-09-08T08:21:04.516+0000] {logging_mixin.py:190} INFO - [2026-09-08T08:21:04.516+0000] {dag.py:3239} INFO - Sync 1 DAGs
[2026-09-08T08:21:04.538+0000] {logging_mixin.py:190} INFO - [2026-09-08T08:21:04.538+0000] {dag.py:4180} INFO - Setting next_dagrun for xcom_dag to None, run_after=None
[2026-09-08T08:21:04.572+0000] {processor.py:208} INFO - Processing /opt/airflow/dags/02_xcom_dag.py took 0.155 seconds
[2026-09-08T08:21:34.820+0000] {processor.py:186} INFO - Started process (PID=950) to work on /opt/airflow/dags/02_xcom_dag.py
[2026-09-08T08:21:34.822+0000] {processor.py:914} INFO - Processing file /opt/airflow/dags/02_xcom_dag.py for tasks to queue
[2026-09-08T08:21:34.825+0000] {logging_mixin.py:190} INFO - [2026-09-08T08:21:34.824+0000] {dagbag.py:588} INFO - Filling up the DagBag from /opt/airflow/dags/02_xcom_dag.py
[2026-09-08T08:21:34.869+0000] {processor.py:925} INFO - DAG(s) 'xcom_dag' retrieved from /opt/airflow/dags/02_xcom_dag.py
[2026-09-08T08:21:34.925+0000] {logging_mixin.py:190} INFO - [2026-09-08T08:21:34.925+0000] {dag.py:3239} INFO - Sync 1 DAGs
[2026-09-08T08:21:34.954+0000] {logging_mixin.py:190} INFO - [2026-09-08T08:21:34.954+0000] {dag.py:4180} INFO - Setting next_dagrun for xcom_dag to None, run_after=None
[2026-09-08T08:21:34.996+0000] {processor.py:208} INFO - Processing /opt/airflow/dags/02_xcom_dag.py took 0.186 seconds
[2026-09-08T08:22:05.531+0000] {processor.py:186} INFO - Started process (PID=965) to work on /opt/airflow/dags/02_xcom_dag.py
[2026-09-08T08:22:05.533+0000] {processor.py:914} INFO - Processing file /opt/airflow/dags/02_xcom_dag.py for tasks to queue
[2026-09-08T08:22:05.536+0000] {logging_mixin.py:190} INFO - [2026-09-08T08:22:05.535+0000] {dagbag.py:588} INFO - Filling up the DagBag from /opt/airflow/dags/02_xcom_dag.py
[2026-09-08T08:22:05.574+0000] {processor.py:925} INFO - DAG(s) 'xcom_dag' retrieved from /opt/airflow/dags/02_xcom_dag.py
[2026-09-08T08:22:05.625+0000] {logging_mixin.py:190} INFO - [2026-09-08T08:22:05.625+0000] {dag.py:3239} INFO - Sync 1 DAGs
[2026-09-08T08:22:05.655+0000] {logging_mixin.py:190} INFO - [2026-09-08T08:22:05.655+0000] {dag.py:4180} INFO - Setting next_dagrun for xcom_dag to None, run_after=None
[2026-09-08T08:22:05.692+0000] {processor.py:208} INFO - Processing /opt/airflow/dags/02_xcom_dag.py took 0.172 seconds
[2026-09-08T08:22:36.266+0000] {processor.py:186} INFO - Started process (PID=979) to work on /opt/airflow/dags/02_xcom_dag.py
[2026-09-08T08:22:36.269+0000] {processor.py:914} INFO - Processing file /opt/airflow/dags/02_xcom_dag.py for tasks to queue
[2026-09-08T08:22:36.274+0000] {logging_mixin.py:190} INFO - [2026-09-08T08:22:36.273+0000] {dagbag.py:588} INFO - Filling up the DagBag from /opt/airflow/dags/02_xcom_dag.py
[2026-09-08T08:22:36.330+0000] {processor.py:925} INFO - DAG(s) 'xcom_dag' retrieved from /opt/airflow/dags/02_xcom_dag.py
[2026-09-08T08:22:36.468+0000] {logging_mixin.py:190} INFO - [2026-09-08T08:22:36.468+0000] {dag.py:3239} INFO - Sync 1 DAGs
[2026-09-08T08:22:36.546+0000] {logging_mixin.py:190} INFO - [2026-09-08T08:22:36.545+0000] {dag.py:4180} INFO - Setting next_dagrun for xcom_dag to None, run_after=None
[2026-09-08T08:22:36.650+0000] {processor.py:208} INFO - Processing /opt/airflow/dags/02_xcom_dag.py took 0.402 seconds
