[2026-09-08T04:31:55.547+0000] {processor.py:186} INFO - Started process (PID=100) to work on /opt/airflow/dags/03_branching_dag.py
[2026-09-08T04:31:55.547+0000] {processor.py:914} INFO - Processing file /opt/airflow/dags/03_branching_dag.py for tasks to queue
[2026-09-08T04:31:55.548+0000] {logging_mixin.py:190} INFO - [2026-09-08T04:31:55.548+0000] {dagbag.py:588} INFO - Filling up the DagBag from /opt/airflow/dags/03_branching_dag.py
[2026-09-08T04:31:55.562+0000] {processor.py:925} INFO - DAG(s) 'branching_dag' retrieved from /opt/airflow/dags/03_branching_dag.py
[2026-09-08T04:31:55.592+0000] {logging_mixin.py:190} INFO - [2026-09-08T04:31:55.592+0000] {dag.py:3239} INFO - Sync 1 DAGs
[2026-09-08T04:31:55.608+0000] {logging_mixin.py:190} INFO - [2026-09-08T04:31:55.608+0000] {dag.py:4180} INFO - Setting next_dagrun for branching_dag to None, run_after=None
[2026-09-08T04:31:55.634+0000] {processor.py:208} INFO - Processing /opt/airflow/dags/03_branching_dag.py took 0.092 seconds
[2026-09-08T04:32:26.397+0000] {processor.py:186} INFO - Started process (PID=114) to work on /opt/airflow/dags/03_branching_dag.py
[2026-09-08T04:32:26.398+0000] {processor.py:914} INFO - Processing file /opt/airflow/dags/03_branching_dag.py for tasks to queue
[2026-09-08T04:32:26.399+0000] {logging_mixin.py:190} INFO - [2026-09-08T04:32:26.398+0000] {dagbag.py:588} INFO - Filling up the DagBag from /opt/airflow/dags/03_branching_dag.py
[2026-09-08T04:32:26.410+0000] {processor.py:925} INFO - DAG(s) 'branching_dag' retrieved from /opt/airflow/dags/03_branching_dag.py
[2026-09-08T04:32:26.430+0000] {logging_mixin.py:190} INFO - [2026-09-08T04:32:26.430+0000] {dag.py:3239} INFO - Sync 1 DAGs
[2026-09-08T04:32:26.442+0000] {logging_mixin.py:190} INFO - [2026-09-08T04:32:26.442+0000] {dag.py:4180} INFO - Setting next_dagrun for branching_dag to None, run_after=None
[2026-09-08T04:32:26.458+0000] {processor.py:208} INFO - Processing /opt/airflow/dags/03_branching_dag.py took 0.065 seconds
[2026-09-08T04:32:57.074+0000] {processor.py:186} INFO - Started process (PID=128) to work on /opt/airflow/dags/03_branching_dag.py
[2026-09-08T04:32:57.075+0000] {processor.py:914} INFO - Processing file /opt/airflow/dags/03_branching_dag.py for tasks to queue
[2026-09-08T04:32:57.076+0000] {logging_mixin.py:190} INFO - [2026-09-08T04:32:57.076+0000] {dagbag.py:588} INFO - Filling up the DagBag from /opt/airflow/dags/03_branching_dag.py
[2026-09-08T04:32:57.092+0000] {processor.py:925} INFO - DAG(s) 'branching_dag' retrieved from /opt/airflow/dags/03_branching_dag.py
[2026-09-08T04:32:57.115+0000] {logging_mixin.py:190} INFO - [2026-09-08T04:32:57.115+0000] {dag.py:3239} INFO - Sync 1 DAGs
[2026-09-08T04:32:57.126+0000] {logging_mixin.py:190} INFO - [2026-09-08T04:32:57.126+0000] {dag.py:4180} INFO - Setting next_dagrun for branching_dag to None, run_after=None
[2026-09-08T04:32:57.148+0000] {processor.py:208} INFO - Processing /opt/airflow/dags/03_branching_dag.py took 0.079 seconds
[2026-09-08T04:33:27.637+0000] {processor.py:186} INFO - Started process (PID=142) to work on /opt/airflow/dags/03_branching_dag.py
[2026-09-08T04:33:27.637+0000] {processor.py:914} INFO - Processing file /opt/airflow/dags/03_branching_dag.py for tasks to queue
[2026-09-08T04:33:27.638+0000] {logging_mixin.py:190} INFO - [2026-09-08T04:33:27.638+0000] {dagbag.py:588} INFO - Filling up the DagBag from /opt/airflow/dags/03_branching_dag.py
[2026-09-08T04:33:27.650+0000] {processor.py:925} INFO - DAG(s) 'branching_dag' retrieved from /opt/airflow/dags/03_branching_dag.py
[2026-09-08T04:33:27.670+0000] {logging_mixin.py:190} INFO - [2026-09-08T04:33:27.670+0000] {dag.py:3239} INFO - Sync 1 DAGs
[2026-09-08T04:33:27.683+0000] {logging_mixin.py:190} INFO - [2026-09-08T04:33:27.682+0000] {dag.py:4180} INFO - Setting next_dagrun for branching_dag to None, run_after=None
[2026-09-08T04:33:27.700+0000] {processor.py:208} INFO - Processing /opt/airflow/dags/03_branching_dag.py took 0.067 seconds
[2026-09-08T04:33:58.504+0000] {processor.py:186} INFO - Started process (PID=157) to work on /opt/airflow/dags/03_branching_dag.py
[2026-09-08T04:33:58.505+0000] {processor.py:914} INFO - Processing file /opt/airflow/dags/03_branching_dag.py for tasks to queue
[2026-09-08T04:33:58.505+0000] {logging_mixin.py:190} INFO - [2026-09-08T04:33:58.505+0000] {dagbag.py:588} INFO - Filling up the DagBag from /opt/airflow/dags/03_branching_dag.py
[2026-09-08T04:33:58.518+0000] {processor.py:925} INFO - DAG(s) 'branching_dag' retrieved from /opt/airflow/dags/03_branching_dag.py
[2026-09-08T04:33:58.540+0000] {logging_mixin.py:190} INFO - [2026-09-08T04:33:58.539+0000] {dag.py:3239} INFO - Sync 1 DAGs
[2026-09-08T04:33:58.656+0000] {logging_mixin.py:190} INFO - [2026-09-08T04:33:58.656+0000] {dag.py:4180} INFO - Setting next_dagrun for branching_dag to None, run_after=None
[2026-09-08T04:33:58.678+0000] {processor.py:208} INFO - Processing /opt/airflow/dags/03_branching_dag.py took 0.178 seconds
[2026-09-08T04:34:29.640+0000] {processor.py:186} INFO - Started process (PID=171) to work on /opt/airflow/dags/03_branching_dag.py
[2026-09-08T04:34:29.641+0000] {processor.py:914} INFO - Processing file /opt/airflow/dags/03_branching_dag.py for tasks to queue
[2026-09-08T04:34:29.642+0000] {logging_mixin.py:190} INFO - [2026-09-08T04:34:29.642+0000] {dagbag.py:588} INFO - Filling up the DagBag from /opt/airflow/dags/03_branching_dag.py
[2026-09-08T04:34:29.660+0000] {processor.py:925} INFO - DAG(s) 'branching_dag' retrieved from /opt/airflow/dags/03_branching_dag.py
[2026-09-08T04:34:29.684+0000] {logging_mixin.py:190} INFO - [2026-09-08T04:34:29.684+0000] {dag.py:3239} INFO - Sync 1 DAGs
[2026-09-08T04:34:29.698+0000] {logging_mixin.py:190} INFO - [2026-09-08T04:34:29.698+0000] {dag.py:4180} INFO - Setting next_dagrun for branching_dag to None, run_after=None
[2026-09-08T04:34:29.716+0000] {processor.py:208} INFO - Processing /opt/airflow/dags/03_branching_dag.py took 0.081 seconds
[2026-09-08T04:35:00.204+0000] {processor.py:186} INFO - Started process (PID=185) to work on /opt/airflow/dags/03_branching_dag.py
[2026-09-08T04:35:00.206+0000] {processor.py:914} INFO - Processing file /opt/airflow/dags/03_branching_dag.py for tasks to queue
[2026-09-08T04:35:00.207+0000] {logging_mixin.py:190} INFO - [2026-09-08T04:35:00.207+0000] {dagbag.py:588} INFO - Filling up the DagBag from /opt/airflow/dags/03_branching_dag.py
[2026-09-08T04:35:00.221+0000] {processor.py:925} INFO - DAG(s) 'branching_dag' retrieved from /opt/airflow/dags/03_branching_dag.py
[2026-09-08T04:35:00.250+0000] {logging_mixin.py:190} INFO - [2026-09-08T04:35:00.250+0000] {dag.py:3239} INFO - Sync 1 DAGs
[2026-09-08T04:35:00.269+0000] {logging_mixin.py:190} INFO - [2026-09-08T04:35:00.269+0000] {dag.py:4180} INFO - Setting next_dagrun for branching_dag to None, run_after=None
[2026-09-08T04:35:00.291+0000] {processor.py:208} INFO - Processing /opt/airflow/dags/03_branching_dag.py took 0.094 seconds
[2026-09-08T04:35:30.804+0000] {processor.py:186} INFO - Started process (PID=199) to work on /opt/airflow/dags/03_branching_dag.py
[2026-09-08T04:35:30.805+0000] {processor.py:914} INFO - Processing file /opt/airflow/dags/03_branching_dag.py for tasks to queue
[2026-09-08T04:35:30.806+0000] {logging_mixin.py:190} INFO - [2026-09-08T04:35:30.806+0000] {dagbag.py:588} INFO - Filling up the DagBag from /opt/airflow/dags/03_branching_dag.py
[2026-09-08T04:35:30.820+0000] {processor.py:925} INFO - DAG(s) 'branching_dag' retrieved from /opt/airflow/dags/03_branching_dag.py
[2026-09-08T04:35:30.845+0000] {logging_mixin.py:190} INFO - [2026-09-08T04:35:30.845+0000] {dag.py:3239} INFO - Sync 1 DAGs
[2026-09-08T04:35:30.858+0000] {logging_mixin.py:190} INFO - [2026-09-08T04:35:30.858+0000] {dag.py:4180} INFO - Setting next_dagrun for branching_dag to None, run_after=None
[2026-09-08T04:35:30.879+0000] {processor.py:208} INFO - Processing /opt/airflow/dags/03_branching_dag.py took 0.079 seconds
[2026-09-08T04:36:01.445+0000] {processor.py:186} INFO - Started process (PID=214) to work on /opt/airflow/dags/03_branching_dag.py
[2026-09-08T04:36:01.446+0000] {processor.py:914} INFO - Processing file /opt/airflow/dags/03_branching_dag.py for tasks to queue
[2026-09-08T04:36:01.447+0000] {logging_mixin.py:190} INFO - [2026-09-08T04:36:01.447+0000] {dagbag.py:588} INFO - Filling up the DagBag from /opt/airflow/dags/03_branching_dag.py
[2026-09-08T04:36:01.463+0000] {processor.py:925} INFO - DAG(s) 'branching_dag' retrieved from /opt/airflow/dags/03_branching_dag.py
[2026-09-08T04:36:01.487+0000] {logging_mixin.py:190} INFO - [2026-09-08T04:36:01.486+0000] {dag.py:3239} INFO - Sync 1 DAGs
[2026-09-08T04:36:01.499+0000] {logging_mixin.py:190} INFO - [2026-09-08T04:36:01.498+0000] {dag.py:4180} INFO - Setting next_dagrun for branching_dag to None, run_after=None
[2026-09-08T04:36:01.520+0000] {processor.py:208} INFO - Processing /opt/airflow/dags/03_branching_dag.py took 0.080 seconds
[2026-09-08T04:36:32.062+0000] {processor.py:186} INFO - Started process (PID=228) to work on /opt/airflow/dags/03_branching_dag.py
[2026-09-08T04:36:32.063+0000] {processor.py:914} INFO - Processing file /opt/airflow/dags/03_branching_dag.py for tasks to queue
[2026-09-08T04:36:32.065+0000] {logging_mixin.py:190} INFO - [2026-09-08T04:36:32.065+0000] {dagbag.py:588} INFO - Filling up the DagBag from /opt/airflow/dags/03_branching_dag.py
[2026-09-08T04:36:32.081+0000] {processor.py:925} INFO - DAG(s) 'branching_dag' retrieved from /opt/airflow/dags/03_branching_dag.py
[2026-09-08T04:36:32.117+0000] {logging_mixin.py:190} INFO - [2026-09-08T04:36:32.116+0000] {dag.py:3239} INFO - Sync 1 DAGs
[2026-09-08T04:36:32.141+0000] {logging_mixin.py:190} INFO - [2026-09-08T04:36:32.140+0000] {dag.py:4180} INFO - Setting next_dagrun for branching_dag to None, run_after=None
[2026-09-08T04:36:32.174+0000] {processor.py:208} INFO - Processing /opt/airflow/dags/03_branching_dag.py took 0.118 seconds
[2026-09-08T04:37:02.776+0000] {processor.py:186} INFO - Started process (PID=242) to work on /opt/airflow/dags/03_branching_dag.py
[2026-09-08T04:37:02.776+0000] {processor.py:914} INFO - Processing file /opt/airflow/dags/03_branching_dag.py for tasks to queue
[2026-09-08T04:37:02.778+0000] {logging_mixin.py:190} INFO - [2026-09-08T04:37:02.777+0000] {dagbag.py:588} INFO - Filling up the DagBag from /opt/airflow/dags/03_branching_dag.py
[2026-09-08T04:37:02.791+0000] {processor.py:925} INFO - DAG(s) 'branching_dag' retrieved from /opt/airflow/dags/03_branching_dag.py
[2026-09-08T04:37:02.812+0000] {logging_mixin.py:190} INFO - [2026-09-08T04:37:02.812+0000] {dag.py:3239} INFO - Sync 1 DAGs
[2026-09-08T04:37:02.824+0000] {logging_mixin.py:190} INFO - [2026-09-08T04:37:02.823+0000] {dag.py:4180} INFO - Setting next_dagrun for branching_dag to None, run_after=None
[2026-09-08T04:37:02.845+0000] {processor.py:208} INFO - Processing /opt/airflow/dags/03_branching_dag.py took 0.075 seconds
[2026-09-08T04:37:33.331+0000] {processor.py:186} INFO - Started process (PID=256) to work on /opt/airflow/dags/03_branching_dag.py
[2026-09-08T04:37:33.332+0000] {processor.py:914} INFO - Processing file /opt/airflow/dags/03_branching_dag.py for tasks to queue
[2026-09-08T04:37:33.333+0000] {logging_mixin.py:190} INFO - [2026-09-08T04:37:33.333+0000] {dagbag.py:588} INFO - Filling up the DagBag from /opt/airflow/dags/03_branching_dag.py
[2026-09-08T04:37:33.346+0000] {processor.py:925} INFO - DAG(s) 'branching_dag' retrieved from /opt/airflow/dags/03_branching_dag.py
[2026-09-08T04:37:33.367+0000] {logging_mixin.py:190} INFO - [2026-09-08T04:37:33.367+0000] {dag.py:3239} INFO - Sync 1 DAGs
[2026-09-08T04:37:33.379+0000] {logging_mixin.py:190} INFO - [2026-09-08T04:37:33.379+0000] {dag.py:4180} INFO - Setting next_dagrun for branching_dag to None, run_after=None
[2026-09-08T04:37:33.397+0000] {processor.py:208} INFO - Processing /opt/airflow/dags/03_branching_dag.py took 0.071 seconds
[2026-09-08T04:38:03.976+0000] {processor.py:186} INFO - Started process (PID=270) to work on /opt/airflow/dags/03_branching_dag.py
[2026-09-08T04:38:03.977+0000] {processor.py:914} INFO - Processing file /opt/airflow/dags/03_branching_dag.py for tasks to queue
[2026-09-08T04:38:03.978+0000] {logging_mixin.py:190} INFO - [2026-09-08T04:38:03.978+0000] {dagbag.py:588} INFO - Filling up the DagBag from /opt/airflow/dags/03_branching_dag.py
[2026-09-08T04:38:03.992+0000] {processor.py:925} INFO - DAG(s) 'branching_dag' retrieved from /opt/airflow/dags/03_branching_dag.py
[2026-09-08T04:38:04.013+0000] {logging_mixin.py:190} INFO - [2026-09-08T04:38:04.012+0000] {dag.py:3239} INFO - Sync 1 DAGs
[2026-09-08T04:38:04.026+0000] {logging_mixin.py:190} INFO - [2026-09-08T04:38:04.026+0000] {dag.py:4180} INFO - Setting next_dagrun for branching_dag to None, run_after=None
[2026-09-08T04:38:04.045+0000] {processor.py:208} INFO - Processing /opt/airflow/dags/03_branching_dag.py took 0.075 seconds
[2026-09-08T04:38:34.510+0000] {processor.py:186} INFO - Started process (PID=284) to work on /opt/airflow/dags/03_branching_dag.py
[2026-09-08T04:38:34.511+0000] {processor.py:914} INFO - Processing file /opt/airflow/dags/03_branching_dag.py for tasks to queue
[2026-09-08T04:38:34.512+0000] {logging_mixin.py:190} INFO - [2026-09-08T04:38:34.512+0000] {dagbag.py:588} INFO - Filling up the DagBag from /opt/airflow/dags/03_branching_dag.py
[2026-09-08T04:38:34.527+0000] {processor.py:925} INFO - DAG(s) 'branching_dag' retrieved from /opt/airflow/dags/03_branching_dag.py
[2026-09-08T04:38:34.548+0000] {logging_mixin.py:190} INFO - [2026-09-08T04:38:34.548+0000] {dag.py:3239} INFO - Sync 1 DAGs
[2026-09-08T04:38:34.561+0000] {logging_mixin.py:190} INFO - [2026-09-08T04:38:34.561+0000] {dag.py:4180} INFO - Setting next_dagrun for branching_dag to None, run_after=None
[2026-09-08T04:38:34.579+0000] {processor.py:208} INFO - Processing /opt/airflow/dags/03_branching_dag.py took 0.075 seconds
[2026-09-08T04:39:05.059+0000] {processor.py:186} INFO - Started process (PID=298) to work on /opt/airflow/dags/03_branching_dag.py
[2026-09-08T04:39:05.059+0000] {processor.py:914} INFO - Processing file /opt/airflow/dags/03_branching_dag.py for tasks to queue
[2026-09-08T04:39:05.060+0000] {logging_mixin.py:190} INFO - [2026-09-08T04:39:05.060+0000] {dagbag.py:588} INFO - Filling up the DagBag from /opt/airflow/dags/03_branching_dag.py
[2026-09-08T04:39:05.072+0000] {processor.py:925} INFO - DAG(s) 'branching_dag' retrieved from /opt/airflow/dags/03_branching_dag.py
[2026-09-08T04:39:05.098+0000] {logging_mixin.py:190} INFO - [2026-09-08T04:39:05.098+0000] {dag.py:3239} INFO - Sync 1 DAGs
[2026-09-08T04:39:05.110+0000] {logging_mixin.py:190} INFO - [2026-09-08T04:39:05.110+0000] {dag.py:4180} INFO - Setting next_dagrun for branching_dag to None, run_after=None
[2026-09-08T04:39:05.140+0000] {processor.py:208} INFO - Processing /opt/airflow/dags/03_branching_dag.py took 0.086 seconds
[2026-09-08T04:39:35.684+0000] {processor.py:186} INFO - Started process (PID=312) to work on /opt/airflow/dags/03_branching_dag.py
[2026-09-08T04:39:35.684+0000] {processor.py:914} INFO - Processing file /opt/airflow/dags/03_branching_dag.py for tasks to queue
[2026-09-08T04:39:35.686+0000] {logging_mixin.py:190} INFO - [2026-09-08T04:39:35.685+0000] {dagbag.py:588} INFO - Filling up the DagBag from /opt/airflow/dags/03_branching_dag.py
[2026-09-08T04:39:35.701+0000] {processor.py:925} INFO - DAG(s) 'branching_dag' retrieved from /opt/airflow/dags/03_branching_dag.py
[2026-09-08T04:39:35.722+0000] {logging_mixin.py:190} INFO - [2026-09-08T04:39:35.722+0000] {dag.py:3239} INFO - Sync 1 DAGs
[2026-09-08T04:39:35.736+0000] {logging_mixin.py:190} INFO - [2026-09-08T04:39:35.736+0000] {dag.py:4180} INFO - Setting next_dagrun for branching_dag to None, run_after=None
[2026-09-08T04:39:35.753+0000] {processor.py:208} INFO - Processing /opt/airflow/dags/03_branching_dag.py took 0.074 seconds
[2026-09-08T04:40:06.272+0000] {processor.py:186} INFO - Started process (PID=326) to work on /opt/airflow/dags/03_branching_dag.py
[2026-09-08T04:40:06.273+0000] {processor.py:914} INFO - Processing file /opt/airflow/dags/03_branching_dag.py for tasks to queue
[2026-09-08T04:40:06.274+0000] {logging_mixin.py:190} INFO - [2026-09-08T04:40:06.273+0000] {dagbag.py:588} INFO - Filling up the DagBag from /opt/airflow/dags/03_branching_dag.py
[2026-09-08T04:40:06.289+0000] {processor.py:925} INFO - DAG(s) 'branching_dag' retrieved from /opt/airflow/dags/03_branching_dag.py
[2026-09-08T04:40:06.312+0000] {logging_mixin.py:190} INFO - [2026-09-08T04:40:06.311+0000] {dag.py:3239} INFO - Sync 1 DAGs
[2026-09-08T04:40:06.324+0000] {logging_mixin.py:190} INFO - [2026-09-08T04:40:06.324+0000] {dag.py:4180} INFO - Setting next_dagrun for branching_dag to None, run_after=None
[2026-09-08T04:40:06.342+0000] {processor.py:208} INFO - Processing /opt/airflow/dags/03_branching_dag.py took 0.076 seconds
[2026-09-08T04:40:36.923+0000] {processor.py:186} INFO - Started process (PID=340) to work on /opt/airflow/dags/03_branching_dag.py
[2026-09-08T04:40:36.924+0000] {processor.py:914} INFO - Processing file /opt/airflow/dags/03_branching_dag.py for tasks to queue
[2026-09-08T04:40:36.925+0000] {logging_mixin.py:190} INFO - [2026-09-08T04:40:36.925+0000] {dagbag.py:588} INFO - Filling up the DagBag from /opt/airflow/dags/03_branching_dag.py
[2026-09-08T04:40:36.943+0000] {processor.py:925} INFO - DAG(s) 'branching_dag' retrieved from /opt/airflow/dags/03_branching_dag.py
[2026-09-08T04:40:36.970+0000] {logging_mixin.py:190} INFO - [2026-09-08T04:40:36.969+0000] {dag.py:3239} INFO - Sync 1 DAGs
[2026-09-08T04:40:36.986+0000] {logging_mixin.py:190} INFO - [2026-09-08T04:40:36.985+0000] {dag.py:4180} INFO - Setting next_dagrun for branching_dag to None, run_after=None
[2026-09-08T04:40:37.006+0000] {processor.py:208} INFO - Processing /opt/airflow/dags/03_branching_dag.py took 0.090 seconds
[2026-09-08T04:41:07.635+0000] {processor.py:186} INFO - Started process (PID=354) to work on /opt/airflow/dags/03_branching_dag.py
[2026-09-08T04:41:07.636+0000] {processor.py:914} INFO - Processing file /opt/airflow/dags/03_branching_dag.py for tasks to queue
[2026-09-08T04:41:07.638+0000] {logging_mixin.py:190} INFO - [2026-09-08T04:41:07.638+0000] {dagbag.py:588} INFO - Filling up the DagBag from /opt/airflow/dags/03_branching_dag.py
[2026-09-08T04:41:07.655+0000] {processor.py:925} INFO - DAG(s) 'branching_dag' retrieved from /opt/airflow/dags/03_branching_dag.py
[2026-09-08T04:41:07.684+0000] {logging_mixin.py:190} INFO - [2026-09-08T04:41:07.684+0000] {dag.py:3239} INFO - Sync 1 DAGs
[2026-09-08T04:41:07.702+0000] {logging_mixin.py:190} INFO - [2026-09-08T04:41:07.701+0000] {dag.py:4180} INFO - Setting next_dagrun for branching_dag to None, run_after=None
[2026-09-08T04:41:07.725+0000] {processor.py:208} INFO - Processing /opt/airflow/dags/03_branching_dag.py took 0.097 seconds
[2026-09-08T04:41:38.229+0000] {processor.py:186} INFO - Started process (PID=368) to work on /opt/airflow/dags/03_branching_dag.py
[2026-09-08T04:41:38.230+0000] {processor.py:914} INFO - Processing file /opt/airflow/dags/03_branching_dag.py for tasks to queue
[2026-09-08T04:41:38.231+0000] {logging_mixin.py:190} INFO - [2026-09-08T04:41:38.231+0000] {dagbag.py:588} INFO - Filling up the DagBag from /opt/airflow/dags/03_branching_dag.py
[2026-09-08T04:41:38.247+0000] {processor.py:925} INFO - DAG(s) 'branching_dag' retrieved from /opt/airflow/dags/03_branching_dag.py
[2026-09-08T04:41:38.272+0000] {logging_mixin.py:190} INFO - [2026-09-08T04:41:38.272+0000] {dag.py:3239} INFO - Sync 1 DAGs
[2026-09-08T04:41:38.285+0000] {logging_mixin.py:190} INFO - [2026-09-08T04:41:38.285+0000] {dag.py:4180} INFO - Setting next_dagrun for branching_dag to None, run_after=None
[2026-09-08T04:41:38.306+0000] {processor.py:208} INFO - Processing /opt/airflow/dags/03_branching_dag.py took 0.083 seconds
[2026-09-08T04:42:08.992+0000] {processor.py:186} INFO - Started process (PID=382) to work on /opt/airflow/dags/03_branching_dag.py
[2026-09-08T04:42:08.993+0000] {processor.py:914} INFO - Processing file /opt/airflow/dags/03_branching_dag.py for tasks to queue
[2026-09-08T04:42:08.995+0000] {logging_mixin.py:190} INFO - [2026-09-08T04:42:08.994+0000] {dagbag.py:588} INFO - Filling up the DagBag from /opt/airflow/dags/03_branching_dag.py
[2026-09-08T04:42:09.014+0000] {processor.py:925} INFO - DAG(s) 'branching_dag' retrieved from /opt/airflow/dags/03_branching_dag.py
[2026-09-08T04:42:09.037+0000] {logging_mixin.py:190} INFO - [2026-09-08T04:42:09.036+0000] {dag.py:3239} INFO - Sync 1 DAGs
[2026-09-08T04:42:09.048+0000] {logging_mixin.py:190} INFO - [2026-09-08T04:42:09.048+0000] {dag.py:4180} INFO - Setting next_dagrun for branching_dag to None, run_after=None
[2026-09-08T04:42:09.067+0000] {processor.py:208} INFO - Processing /opt/airflow/dags/03_branching_dag.py took 0.082 seconds
[2026-09-08T04:42:39.562+0000] {processor.py:186} INFO - Started process (PID=396) to work on /opt/airflow/dags/03_branching_dag.py
[2026-09-08T04:42:39.562+0000] {processor.py:914} INFO - Processing file /opt/airflow/dags/03_branching_dag.py for tasks to queue
[2026-09-08T04:42:39.564+0000] {logging_mixin.py:190} INFO - [2026-09-08T04:42:39.563+0000] {dagbag.py:588} INFO - Filling up the DagBag from /opt/airflow/dags/03_branching_dag.py
[2026-09-08T04:42:39.580+0000] {processor.py:925} INFO - DAG(s) 'branching_dag' retrieved from /opt/airflow/dags/03_branching_dag.py
[2026-09-08T04:42:39.606+0000] {logging_mixin.py:190} INFO - [2026-09-08T04:42:39.606+0000] {dag.py:3239} INFO - Sync 1 DAGs
[2026-09-08T04:42:39.618+0000] {logging_mixin.py:190} INFO - [2026-09-08T04:42:39.617+0000] {dag.py:4180} INFO - Setting next_dagrun for branching_dag to None, run_after=None
[2026-09-08T04:42:39.636+0000] {processor.py:208} INFO - Processing /opt/airflow/dags/03_branching_dag.py took 0.080 seconds
[2026-09-08T04:43:10.111+0000] {processor.py:186} INFO - Started process (PID=410) to work on /opt/airflow/dags/03_branching_dag.py
[2026-09-08T04:43:10.111+0000] {processor.py:914} INFO - Processing file /opt/airflow/dags/03_branching_dag.py for tasks to queue
[2026-09-08T04:43:10.113+0000] {logging_mixin.py:190} INFO - [2026-09-08T04:43:10.112+0000] {dagbag.py:588} INFO - Filling up the DagBag from /opt/airflow/dags/03_branching_dag.py
[2026-09-08T04:43:10.136+0000] {processor.py:925} INFO - DAG(s) 'branching_dag' retrieved from /opt/airflow/dags/03_branching_dag.py
[2026-09-08T04:43:10.163+0000] {logging_mixin.py:190} INFO - [2026-09-08T04:43:10.163+0000] {dag.py:3239} INFO - Sync 1 DAGs
[2026-09-08T04:43:10.177+0000] {logging_mixin.py:190} INFO - [2026-09-08T04:43:10.177+0000] {dag.py:4180} INFO - Setting next_dagrun for branching_dag to None, run_after=None
[2026-09-08T04:43:10.197+0000] {processor.py:208} INFO - Processing /opt/airflow/dags/03_branching_dag.py took 0.091 seconds
[2026-09-08T04:43:40.657+0000] {processor.py:186} INFO - Started process (PID=424) to work on /opt/airflow/dags/03_branching_dag.py
[2026-09-08T04:43:40.658+0000] {processor.py:914} INFO - Processing file /opt/airflow/dags/03_branching_dag.py for tasks to queue
[2026-09-08T04:43:40.659+0000] {logging_mixin.py:190} INFO - [2026-09-08T04:43:40.658+0000] {dagbag.py:588} INFO - Filling up the DagBag from /opt/airflow/dags/03_branching_dag.py
[2026-09-08T04:43:40.673+0000] {processor.py:925} INFO - DAG(s) 'branching_dag' retrieved from /opt/airflow/dags/03_branching_dag.py
[2026-09-08T04:43:40.695+0000] {logging_mixin.py:190} INFO - [2026-09-08T04:43:40.695+0000] {dag.py:3239} INFO - Sync 1 DAGs
[2026-09-08T04:43:40.709+0000] {logging_mixin.py:190} INFO - [2026-09-08T04:43:40.709+0000] {dag.py:4180} INFO - Setting next_dagrun for branching_dag to None, run_after=None
[2026-09-08T04:43:40.725+0000] {processor.py:208} INFO - Processing /opt/airflow/dags/03_branching_dag.py took 0.074 seconds
[2026-09-08T04:44:11.274+0000] {processor.py:186} INFO - Started process (PID=438) to work on /opt/airflow/dags/03_branching_dag.py
[2026-09-08T04:44:11.275+0000] {processor.py:914} INFO - Processing file /opt/airflow/dags/03_branching_dag.py for tasks to queue
[2026-09-08T04:44:11.276+0000] {logging_mixin.py:190} INFO - [2026-09-08T04:44:11.276+0000] {dagbag.py:588} INFO - Filling up the DagBag from /opt/airflow/dags/03_branching_dag.py
[2026-09-08T04:44:11.288+0000] {processor.py:925} INFO - DAG(s) 'branching_dag' retrieved from /opt/airflow/dags/03_branching_dag.py
[2026-09-08T04:44:11.310+0000] {logging_mixin.py:190} INFO - [2026-09-08T04:44:11.310+0000] {dag.py:3239} INFO - Sync 1 DAGs
[2026-09-08T04:44:11.323+0000] {logging_mixin.py:190} INFO - [2026-09-08T04:44:11.323+0000] {dag.py:4180} INFO - Setting next_dagrun for branching_dag to None, run_after=None
[2026-09-08T04:44:11.342+0000] {processor.py:208} INFO - Processing /opt/airflow/dags/03_branching_dag.py took 0.073 seconds
[2026-09-08T04:44:41.793+0000] {processor.py:186} INFO - Started process (PID=452) to work on /opt/airflow/dags/03_branching_dag.py
[2026-09-08T04:44:41.793+0000] {processor.py:914} INFO - Processing file /opt/airflow/dags/03_branching_dag.py for tasks to queue
[2026-09-08T04:44:41.794+0000] {logging_mixin.py:190} INFO - [2026-09-08T04:44:41.794+0000] {dagbag.py:588} INFO - Filling up the DagBag from /opt/airflow/dags/03_branching_dag.py
[2026-09-08T04:44:41.807+0000] {processor.py:925} INFO - DAG(s) 'branching_dag' retrieved from /opt/airflow/dags/03_branching_dag.py
[2026-09-08T04:44:41.827+0000] {logging_mixin.py:190} INFO - [2026-09-08T04:44:41.826+0000] {dag.py:3239} INFO - Sync 1 DAGs
[2026-09-08T04:44:41.840+0000] {logging_mixin.py:190} INFO - [2026-09-08T04:44:41.840+0000] {dag.py:4180} INFO - Setting next_dagrun for branching_dag to None, run_after=None
[2026-09-08T04:44:41.857+0000] {processor.py:208} INFO - Processing /opt/airflow/dags/03_branching_dag.py took 0.069 seconds
[2026-09-08T04:45:12.278+0000] {processor.py:186} INFO - Started process (PID=466) to work on /opt/airflow/dags/03_branching_dag.py
[2026-09-08T04:45:12.279+0000] {processor.py:914} INFO - Processing file /opt/airflow/dags/03_branching_dag.py for tasks to queue
[2026-09-08T04:45:12.281+0000] {logging_mixin.py:190} INFO - [2026-09-08T04:45:12.280+0000] {dagbag.py:588} INFO - Filling up the DagBag from /opt/airflow/dags/03_branching_dag.py
[2026-09-08T04:45:12.299+0000] {processor.py:925} INFO - DAG(s) 'branching_dag' retrieved from /opt/airflow/dags/03_branching_dag.py
[2026-09-08T04:45:12.326+0000] {logging_mixin.py:190} INFO - [2026-09-08T04:45:12.326+0000] {dag.py:3239} INFO - Sync 1 DAGs
[2026-09-08T04:45:12.339+0000] {logging_mixin.py:190} INFO - [2026-09-08T04:45:12.339+0000] {dag.py:4180} INFO - Setting next_dagrun for branching_dag to None, run_after=None
[2026-09-08T04:45:12.358+0000] {processor.py:208} INFO - Processing /opt/airflow/dags/03_branching_dag.py took 0.085 seconds
[2026-09-08T04:45:42.870+0000] {processor.py:186} INFO - Started process (PID=480) to work on /opt/airflow/dags/03_branching_dag.py
[2026-09-08T04:45:42.871+0000] {processor.py:914} INFO - Processing file /opt/airflow/dags/03_branching_dag.py for tasks to queue
[2026-09-08T04:45:42.872+0000] {logging_mixin.py:190} INFO - [2026-09-08T04:45:42.872+0000] {dagbag.py:588} INFO - Filling up the DagBag from /opt/airflow/dags/03_branching_dag.py
[2026-09-08T04:45:42.890+0000] {processor.py:925} INFO - DAG(s) 'branching_dag' retrieved from /opt/airflow/dags/03_branching_dag.py
[2026-09-08T04:45:42.912+0000] {logging_mixin.py:190} INFO - [2026-09-08T04:45:42.911+0000] {dag.py:3239} INFO - Sync 1 DAGs
[2026-09-08T04:45:42.925+0000] {logging_mixin.py:190} INFO - [2026-09-08T04:45:42.925+0000] {dag.py:4180} INFO - Setting next_dagrun for branching_dag to None, run_after=None
[2026-09-08T04:45:42.944+0000] {processor.py:208} INFO - Processing /opt/airflow/dags/03_branching_dag.py took 0.080 seconds
[2026-09-08T04:46:13.453+0000] {processor.py:186} INFO - Started process (PID=494) to work on /opt/airflow/dags/03_branching_dag.py
[2026-09-08T04:46:13.454+0000] {processor.py:914} INFO - Processing file /opt/airflow/dags/03_branching_dag.py for tasks to queue
[2026-09-08T04:46:13.455+0000] {logging_mixin.py:190} INFO - [2026-09-08T04:46:13.455+0000] {dagbag.py:588} INFO - Filling up the DagBag from /opt/airflow/dags/03_branching_dag.py
[2026-09-08T04:46:13.471+0000] {processor.py:925} INFO - DAG(s) 'branching_dag' retrieved from /opt/airflow/dags/03_branching_dag.py
[2026-09-08T04:46:13.496+0000] {logging_mixin.py:190} INFO - [2026-09-08T04:46:13.496+0000] {dag.py:3239} INFO - Sync 1 DAGs
[2026-09-08T04:46:13.509+0000] {logging_mixin.py:190} INFO - [2026-09-08T04:46:13.509+0000] {dag.py:4180} INFO - Setting next_dagrun for branching_dag to None, run_after=None
[2026-09-08T04:46:13.530+0000] {processor.py:208} INFO - Processing /opt/airflow/dags/03_branching_dag.py took 0.082 seconds
[2026-09-08T04:46:44.130+0000] {processor.py:186} INFO - Started process (PID=508) to work on /opt/airflow/dags/03_branching_dag.py
[2026-09-08T04:46:44.130+0000] {processor.py:914} INFO - Processing file /opt/airflow/dags/03_branching_dag.py for tasks to queue
[2026-09-08T04:46:44.131+0000] {logging_mixin.py:190} INFO - [2026-09-08T04:46:44.131+0000] {dagbag.py:588} INFO - Filling up the DagBag from /opt/airflow/dags/03_branching_dag.py
[2026-09-08T04:46:44.143+0000] {processor.py:925} INFO - DAG(s) 'branching_dag' retrieved from /opt/airflow/dags/03_branching_dag.py
[2026-09-08T04:46:44.163+0000] {logging_mixin.py:190} INFO - [2026-09-08T04:46:44.163+0000] {dag.py:3239} INFO - Sync 1 DAGs
[2026-09-08T04:46:44.177+0000] {logging_mixin.py:190} INFO - [2026-09-08T04:46:44.177+0000] {dag.py:4180} INFO - Setting next_dagrun for branching_dag to None, run_after=None
[2026-09-08T04:46:44.196+0000] {processor.py:208} INFO - Processing /opt/airflow/dags/03_branching_dag.py took 0.073 seconds
[2026-09-08T04:47:14.704+0000] {processor.py:186} INFO - Started process (PID=522) to work on /opt/airflow/dags/03_branching_dag.py
[2026-09-08T04:47:14.705+0000] {processor.py:914} INFO - Processing file /opt/airflow/dags/03_branching_dag.py for tasks to queue
[2026-09-08T04:47:14.706+0000] {logging_mixin.py:190} INFO - [2026-09-08T04:47:14.706+0000] {dagbag.py:588} INFO - Filling up the DagBag from /opt/airflow/dags/03_branching_dag.py
[2026-09-08T04:47:14.721+0000] {processor.py:925} INFO - DAG(s) 'branching_dag' retrieved from /opt/airflow/dags/03_branching_dag.py
[2026-09-08T04:47:14.744+0000] {logging_mixin.py:190} INFO - [2026-09-08T04:47:14.744+0000] {dag.py:3239} INFO - Sync 1 DAGs
[2026-09-08T04:47:14.755+0000] {logging_mixin.py:190} INFO - [2026-09-08T04:47:14.755+0000] {dag.py:4180} INFO - Setting next_dagrun for branching_dag to None, run_after=None
[2026-09-08T04:47:14.774+0000] {processor.py:208} INFO - Processing /opt/airflow/dags/03_branching_dag.py took 0.076 seconds
[2026-09-08T04:47:45.447+0000] {processor.py:186} INFO - Started process (PID=537) to work on /opt/airflow/dags/03_branching_dag.py
[2026-09-08T04:47:45.449+0000] {processor.py:914} INFO - Processing file /opt/airflow/dags/03_branching_dag.py for tasks to queue
[2026-09-08T04:47:45.451+0000] {logging_mixin.py:190} INFO - [2026-09-08T04:47:45.450+0000] {dagbag.py:588} INFO - Filling up the DagBag from /opt/airflow/dags/03_branching_dag.py
[2026-09-08T04:47:45.477+0000] {processor.py:925} INFO - DAG(s) 'branching_dag' retrieved from /opt/airflow/dags/03_branching_dag.py
[2026-09-08T04:47:45.512+0000] {logging_mixin.py:190} INFO - [2026-09-08T04:47:45.512+0000] {dag.py:3239} INFO - Sync 1 DAGs
[2026-09-08T04:47:45.528+0000] {logging_mixin.py:190} INFO - [2026-09-08T04:47:45.528+0000] {dag.py:4180} INFO - Setting next_dagrun for branching_dag to None, run_after=None
[2026-09-08T04:47:45.550+0000] {processor.py:208} INFO - Processing /opt/airflow/dags/03_branching_dag.py took 0.111 seconds
[2026-09-08T04:48:16.078+0000] {processor.py:186} INFO - Started process (PID=551) to work on /opt/airflow/dags/03_branching_dag.py
[2026-09-08T04:48:16.079+0000] {processor.py:914} INFO - Processing file /opt/airflow/dags/03_branching_dag.py for tasks to queue
[2026-09-08T04:48:16.081+0000] {logging_mixin.py:190} INFO - [2026-09-08T04:48:16.080+0000] {dagbag.py:588} INFO - Filling up the DagBag from /opt/airflow/dags/03_branching_dag.py
[2026-09-08T04:48:16.097+0000] {processor.py:925} INFO - DAG(s) 'branching_dag' retrieved from /opt/airflow/dags/03_branching_dag.py
[2026-09-08T04:48:16.121+0000] {logging_mixin.py:190} INFO - [2026-09-08T04:48:16.121+0000] {dag.py:3239} INFO - Sync 1 DAGs
[2026-09-08T04:48:16.136+0000] {logging_mixin.py:190} INFO - [2026-09-08T04:48:16.136+0000] {dag.py:4180} INFO - Setting next_dagrun for branching_dag to None, run_after=None
[2026-09-08T04:48:16.158+0000] {processor.py:208} INFO - Processing /opt/airflow/dags/03_branching_dag.py took 0.086 seconds
[2026-09-08T04:48:46.691+0000] {processor.py:186} INFO - Started process (PID=565) to work on /opt/airflow/dags/03_branching_dag.py
[2026-09-08T04:48:46.691+0000] {processor.py:914} INFO - Processing file /opt/airflow/dags/03_branching_dag.py for tasks to queue
[2026-09-08T04:48:46.693+0000] {logging_mixin.py:190} INFO - [2026-09-08T04:48:46.692+0000] {dagbag.py:588} INFO - Filling up the DagBag from /opt/airflow/dags/03_branching_dag.py
[2026-09-08T04:48:46.709+0000] {processor.py:925} INFO - DAG(s) 'branching_dag' retrieved from /opt/airflow/dags/03_branching_dag.py
[2026-09-08T04:48:46.733+0000] {logging_mixin.py:190} INFO - [2026-09-08T04:48:46.732+0000] {dag.py:3239} INFO - Sync 1 DAGs
[2026-09-08T04:48:46.744+0000] {logging_mixin.py:190} INFO - [2026-09-08T04:48:46.744+0000] {dag.py:4180} INFO - Setting next_dagrun for branching_dag to None, run_after=None
[2026-09-08T04:48:46.764+0000] {processor.py:208} INFO - Processing /opt/airflow/dags/03_branching_dag.py took 0.079 seconds
[2026-09-08T04:49:17.172+0000] {processor.py:186} INFO - Started process (PID=579) to work on /opt/airflow/dags/03_branching_dag.py
[2026-09-08T04:49:17.173+0000] {processor.py:914} INFO - Processing file /opt/airflow/dags/03_branching_dag.py for tasks to queue
[2026-09-08T04:49:17.175+0000] {logging_mixin.py:190} INFO - [2026-09-08T04:49:17.174+0000] {dagbag.py:588} INFO - Filling up the DagBag from /opt/airflow/dags/03_branching_dag.py
[2026-09-08T04:49:17.190+0000] {processor.py:925} INFO - DAG(s) 'branching_dag' retrieved from /opt/airflow/dags/03_branching_dag.py
[2026-09-08T04:49:17.213+0000] {logging_mixin.py:190} INFO - [2026-09-08T04:49:17.213+0000] {dag.py:3239} INFO - Sync 1 DAGs
[2026-09-08T04:49:17.225+0000] {logging_mixin.py:190} INFO - [2026-09-08T04:49:17.224+0000] {dag.py:4180} INFO - Setting next_dagrun for branching_dag to None, run_after=None
[2026-09-08T04:49:17.241+0000] {processor.py:208} INFO - Processing /opt/airflow/dags/03_branching_dag.py took 0.075 seconds
[2026-09-08T04:49:47.730+0000] {processor.py:186} INFO - Started process (PID=594) to work on /opt/airflow/dags/03_branching_dag.py
[2026-09-08T04:49:47.731+0000] {processor.py:914} INFO - Processing file /opt/airflow/dags/03_branching_dag.py for tasks to queue
[2026-09-08T04:49:47.733+0000] {logging_mixin.py:190} INFO - [2026-09-08T04:49:47.733+0000] {dagbag.py:588} INFO - Filling up the DagBag from /opt/airflow/dags/03_branching_dag.py
[2026-09-08T04:49:47.748+0000] {processor.py:925} INFO - DAG(s) 'branching_dag' retrieved from /opt/airflow/dags/03_branching_dag.py
[2026-09-08T04:49:47.769+0000] {logging_mixin.py:190} INFO - [2026-09-08T04:49:47.769+0000] {dag.py:3239} INFO - Sync 1 DAGs
[2026-09-08T04:49:47.780+0000] {logging_mixin.py:190} INFO - [2026-09-08T04:49:47.780+0000] {dag.py:4180} INFO - Setting next_dagrun for branching_dag to None, run_after=None
[2026-09-08T04:49:47.801+0000] {processor.py:208} INFO - Processing /opt/airflow/dags/03_branching_dag.py took 0.077 seconds
[2026-09-08T04:50:18.465+0000] {processor.py:186} INFO - Started process (PID=608) to work on /opt/airflow/dags/03_branching_dag.py
[2026-09-08T04:50:18.466+0000] {processor.py:914} INFO - Processing file /opt/airflow/dags/03_branching_dag.py for tasks to queue
[2026-09-08T04:50:18.467+0000] {logging_mixin.py:190} INFO - [2026-09-08T04:50:18.467+0000] {dagbag.py:588} INFO - Filling up the DagBag from /opt/airflow/dags/03_branching_dag.py
[2026-09-08T04:50:18.487+0000] {processor.py:925} INFO - DAG(s) 'branching_dag' retrieved from /opt/airflow/dags/03_branching_dag.py
[2026-09-08T04:50:18.515+0000] {logging_mixin.py:190} INFO - [2026-09-08T04:50:18.515+0000] {dag.py:3239} INFO - Sync 1 DAGs
[2026-09-08T04:50:18.531+0000] {logging_mixin.py:190} INFO - [2026-09-08T04:50:18.531+0000] {dag.py:4180} INFO - Setting next_dagrun for branching_dag to None, run_after=None
[2026-09-08T04:50:18.554+0000] {processor.py:208} INFO - Processing /opt/airflow/dags/03_branching_dag.py took 0.097 seconds
[2026-09-08T04:50:49.088+0000] {processor.py:186} INFO - Started process (PID=622) to work on /opt/airflow/dags/03_branching_dag.py
[2026-09-08T04:50:49.088+0000] {processor.py:914} INFO - Processing file /opt/airflow/dags/03_branching_dag.py for tasks to queue
[2026-09-08T04:50:49.090+0000] {logging_mixin.py:190} INFO - [2026-09-08T04:50:49.089+0000] {dagbag.py:588} INFO - Filling up the DagBag from /opt/airflow/dags/03_branching_dag.py
[2026-09-08T04:50:49.104+0000] {processor.py:925} INFO - DAG(s) 'branching_dag' retrieved from /opt/airflow/dags/03_branching_dag.py
[2026-09-08T04:50:49.128+0000] {logging_mixin.py:190} INFO - [2026-09-08T04:50:49.128+0000] {dag.py:3239} INFO - Sync 1 DAGs
[2026-09-08T04:50:49.143+0000] {logging_mixin.py:190} INFO - [2026-09-08T04:50:49.143+0000] {dag.py:4180} INFO - Setting next_dagrun for branching_dag to None, run_after=None
[2026-09-08T04:50:49.161+0000] {processor.py:208} INFO - Processing /opt/airflow/dags/03_branching_dag.py took 0.079 seconds
[2026-09-08T04:51:19.650+0000] {processor.py:186} INFO - Started process (PID=636) to work on /opt/airflow/dags/03_branching_dag.py
[2026-09-08T04:51:19.651+0000] {processor.py:914} INFO - Processing file /opt/airflow/dags/03_branching_dag.py for tasks to queue
[2026-09-08T04:51:19.652+0000] {logging_mixin.py:190} INFO - [2026-09-08T04:51:19.652+0000] {dagbag.py:588} INFO - Filling up the DagBag from /opt/airflow/dags/03_branching_dag.py
[2026-09-08T04:51:19.671+0000] {processor.py:925} INFO - DAG(s) 'branching_dag' retrieved from /opt/airflow/dags/03_branching_dag.py
[2026-09-08T04:51:19.706+0000] {logging_mixin.py:190} INFO - [2026-09-08T04:51:19.706+0000] {dag.py:3239} INFO - Sync 1 DAGs
[2026-09-08T04:51:19.729+0000] {logging_mixin.py:190} INFO - [2026-09-08T04:51:19.729+0000] {dag.py:4180} INFO - Setting next_dagrun for branching_dag to None, run_after=None
[2026-09-08T04:51:19.754+0000] {processor.py:208} INFO - Processing /opt/airflow/dags/03_branching_dag.py took 0.113 seconds
[2026-09-08T04:51:50.238+0000] {processor.py:186} INFO - Started process (PID=650) to work on /opt/airflow/dags/03_branching_dag.py
[2026-09-08T04:51:50.239+0000] {processor.py:914} INFO - Processing file /opt/airflow/dags/03_branching_dag.py for tasks to queue
[2026-09-08T04:51:50.240+0000] {logging_mixin.py:190} INFO - [2026-09-08T04:51:50.239+0000] {dagbag.py:588} INFO - Filling up the DagBag from /opt/airflow/dags/03_branching_dag.py
[2026-09-08T04:51:50.255+0000] {processor.py:925} INFO - DAG(s) 'branching_dag' retrieved from /opt/airflow/dags/03_branching_dag.py
[2026-09-08T04:51:50.283+0000] {logging_mixin.py:190} INFO - [2026-09-08T04:51:50.283+0000] {dag.py:3239} INFO - Sync 1 DAGs
[2026-09-08T04:51:50.301+0000] {logging_mixin.py:190} INFO - [2026-09-08T04:51:50.300+0000] {dag.py:4180} INFO - Setting next_dagrun for branching_dag to None, run_after=None
[2026-09-08T04:51:50.323+0000] {processor.py:208} INFO - Processing /opt/airflow/dags/03_branching_dag.py took 0.092 seconds
[2026-09-08T04:52:20.777+0000] {processor.py:186} INFO - Started process (PID=664) to work on /opt/airflow/dags/03_branching_dag.py
[2026-09-08T04:52:20.777+0000] {processor.py:914} INFO - Processing file /opt/airflow/dags/03_branching_dag.py for tasks to queue
[2026-09-08T04:52:20.778+0000] {logging_mixin.py:190} INFO - [2026-09-08T04:52:20.778+0000] {dagbag.py:588} INFO - Filling up the DagBag from /opt/airflow/dags/03_branching_dag.py
[2026-09-08T04:52:20.793+0000] {processor.py:925} INFO - DAG(s) 'branching_dag' retrieved from /opt/airflow/dags/03_branching_dag.py
[2026-09-08T04:52:20.835+0000] {logging_mixin.py:190} INFO - [2026-09-08T04:52:20.835+0000] {dag.py:3239} INFO - Sync 1 DAGs
[2026-09-08T04:52:20.854+0000] {logging_mixin.py:190} INFO - [2026-09-08T04:52:20.854+0000] {dag.py:4180} INFO - Setting next_dagrun for branching_dag to None, run_after=None
[2026-09-08T04:52:20.877+0000] {processor.py:208} INFO - Processing /opt/airflow/dags/03_branching_dag.py took 0.106 seconds
[2026-09-08T04:52:51.362+0000] {processor.py:186} INFO - Started process (PID=678) to work on /opt/airflow/dags/03_branching_dag.py
[2026-09-08T04:52:51.363+0000] {processor.py:914} INFO - Processing file /opt/airflow/dags/03_branching_dag.py for tasks to queue
[2026-09-08T04:52:51.364+0000] {logging_mixin.py:190} INFO - [2026-09-08T04:52:51.364+0000] {dagbag.py:588} INFO - Filling up the DagBag from /opt/airflow/dags/03_branching_dag.py
[2026-09-08T04:52:51.377+0000] {processor.py:925} INFO - DAG(s) 'branching_dag' retrieved from /opt/airflow/dags/03_branching_dag.py
[2026-09-08T04:52:51.401+0000] {logging_mixin.py:190} INFO - [2026-09-08T04:52:51.401+0000] {dag.py:3239} INFO - Sync 1 DAGs
[2026-09-08T04:52:51.415+0000] {logging_mixin.py:190} INFO - [2026-09-08T04:52:51.414+0000] {dag.py:4180} INFO - Setting next_dagrun for branching_dag to None, run_after=None
[2026-09-08T04:52:51.434+0000] {processor.py:208} INFO - Processing /opt/airflow/dags/03_branching_dag.py took 0.078 seconds
[2026-09-08T04:53:21.926+0000] {processor.py:186} INFO - Started process (PID=692) to work on /opt/airflow/dags/03_branching_dag.py
[2026-09-08T04:53:21.927+0000] {processor.py:914} INFO - Processing file /opt/airflow/dags/03_branching_dag.py for tasks to queue
[2026-09-08T04:53:21.930+0000] {logging_mixin.py:190} INFO - [2026-09-08T04:53:21.930+0000] {dagbag.py:588} INFO - Filling up the DagBag from /opt/airflow/dags/03_branching_dag.py
[2026-09-08T04:53:21.957+0000] {processor.py:925} INFO - DAG(s) 'branching_dag' retrieved from /opt/airflow/dags/03_branching_dag.py
[2026-09-08T04:53:21.985+0000] {logging_mixin.py:190} INFO - [2026-09-08T04:53:21.985+0000] {dag.py:3239} INFO - Sync 1 DAGs
[2026-09-08T04:53:22.000+0000] {logging_mixin.py:190} INFO - [2026-09-08T04:53:22.000+0000] {dag.py:4180} INFO - Setting next_dagrun for branching_dag to None, run_after=None
[2026-09-08T04:53:22.031+0000] {processor.py:208} INFO - Processing /opt/airflow/dags/03_branching_dag.py took 0.111 seconds
[2026-09-08T04:53:52.634+0000] {processor.py:186} INFO - Started process (PID=706) to work on /opt/airflow/dags/03_branching_dag.py
[2026-09-08T04:53:52.638+0000] {processor.py:914} INFO - Processing file /opt/airflow/dags/03_branching_dag.py for tasks to queue
[2026-09-08T04:53:52.640+0000] {logging_mixin.py:190} INFO - [2026-09-08T04:53:52.639+0000] {dagbag.py:588} INFO - Filling up the DagBag from /opt/airflow/dags/03_branching_dag.py
[2026-09-08T04:53:52.662+0000] {processor.py:925} INFO - DAG(s) 'branching_dag' retrieved from /opt/airflow/dags/03_branching_dag.py
[2026-09-08T04:53:52.689+0000] {logging_mixin.py:190} INFO - [2026-09-08T04:53:52.689+0000] {dag.py:3239} INFO - Sync 1 DAGs
[2026-09-08T04:53:52.702+0000] {logging_mixin.py:190} INFO - [2026-09-08T04:53:52.702+0000] {dag.py:4180} INFO - Setting next_dagrun for branching_dag to None, run_after=None
[2026-09-08T04:53:52.726+0000] {processor.py:208} INFO - Processing /opt/airflow/dags/03_branching_dag.py took 0.097 seconds
[2026-09-08T04:54:23.196+0000] {processor.py:186} INFO - Started process (PID=720) to work on /opt/airflow/dags/03_branching_dag.py
[2026-09-08T04:54:23.197+0000] {processor.py:914} INFO - Processing file /opt/airflow/dags/03_branching_dag.py for tasks to queue
[2026-09-08T04:54:23.198+0000] {logging_mixin.py:190} INFO - [2026-09-08T04:54:23.198+0000] {dagbag.py:588} INFO - Filling up the DagBag from /opt/airflow/dags/03_branching_dag.py
[2026-09-08T04:54:23.211+0000] {processor.py:925} INFO - DAG(s) 'branching_dag' retrieved from /opt/airflow/dags/03_branching_dag.py
[2026-09-08T04:54:23.237+0000] {logging_mixin.py:190} INFO - [2026-09-08T04:54:23.236+0000] {dag.py:3239} INFO - Sync 1 DAGs
[2026-09-08T04:54:23.252+0000] {logging_mixin.py:190} INFO - [2026-09-08T04:54:23.252+0000] {dag.py:4180} INFO - Setting next_dagrun for branching_dag to None, run_after=None
[2026-09-08T04:54:23.273+0000] {processor.py:208} INFO - Processing /opt/airflow/dags/03_branching_dag.py took 0.082 seconds
[2026-09-08T04:54:53.735+0000] {processor.py:186} INFO - Started process (PID=734) to work on /opt/airflow/dags/03_branching_dag.py
[2026-09-08T04:54:53.736+0000] {processor.py:914} INFO - Processing file /opt/airflow/dags/03_branching_dag.py for tasks to queue
[2026-09-08T04:54:53.737+0000] {logging_mixin.py:190} INFO - [2026-09-08T04:54:53.737+0000] {dagbag.py:588} INFO - Filling up the DagBag from /opt/airflow/dags/03_branching_dag.py
[2026-09-08T04:54:53.751+0000] {processor.py:925} INFO - DAG(s) 'branching_dag' retrieved from /opt/airflow/dags/03_branching_dag.py
[2026-09-08T04:54:53.775+0000] {logging_mixin.py:190} INFO - [2026-09-08T04:54:53.775+0000] {dag.py:3239} INFO - Sync 1 DAGs
[2026-09-08T04:54:53.787+0000] {logging_mixin.py:190} INFO - [2026-09-08T04:54:53.787+0000] {dag.py:4180} INFO - Setting next_dagrun for branching_dag to None, run_after=None
[2026-09-08T04:54:53.804+0000] {processor.py:208} INFO - Processing /opt/airflow/dags/03_branching_dag.py took 0.075 seconds
[2026-09-08T04:55:24.301+0000] {processor.py:186} INFO - Started process (PID=748) to work on /opt/airflow/dags/03_branching_dag.py
[2026-09-08T04:55:24.302+0000] {processor.py:914} INFO - Processing file /opt/airflow/dags/03_branching_dag.py for tasks to queue
[2026-09-08T04:55:24.303+0000] {logging_mixin.py:190} INFO - [2026-09-08T04:55:24.303+0000] {dagbag.py:588} INFO - Filling up the DagBag from /opt/airflow/dags/03_branching_dag.py
[2026-09-08T04:55:24.319+0000] {processor.py:925} INFO - DAG(s) 'branching_dag' retrieved from /opt/airflow/dags/03_branching_dag.py
[2026-09-08T04:55:24.342+0000] {logging_mixin.py:190} INFO - [2026-09-08T04:55:24.342+0000] {dag.py:3239} INFO - Sync 1 DAGs
[2026-09-08T04:55:24.355+0000] {logging_mixin.py:190} INFO - [2026-09-08T04:55:24.355+0000] {dag.py:4180} INFO - Setting next_dagrun for branching_dag to None, run_after=None
[2026-09-08T04:55:24.375+0000] {processor.py:208} INFO - Processing /opt/airflow/dags/03_branching_dag.py took 0.080 seconds
[2026-09-08T04:55:54.957+0000] {processor.py:186} INFO - Started process (PID=762) to work on /opt/airflow/dags/03_branching_dag.py
[2026-09-08T04:55:54.958+0000] {processor.py:914} INFO - Processing file /opt/airflow/dags/03_branching_dag.py for tasks to queue
[2026-09-08T04:55:54.959+0000] {logging_mixin.py:190} INFO - [2026-09-08T04:55:54.959+0000] {dagbag.py:588} INFO - Filling up the DagBag from /opt/airflow/dags/03_branching_dag.py
[2026-09-08T04:55:54.971+0000] {processor.py:925} INFO - DAG(s) 'branching_dag' retrieved from /opt/airflow/dags/03_branching_dag.py
[2026-09-08T04:55:54.992+0000] {logging_mixin.py:190} INFO - [2026-09-08T04:55:54.992+0000] {dag.py:3239} INFO - Sync 1 DAGs
[2026-09-08T04:55:55.003+0000] {logging_mixin.py:190} INFO - [2026-09-08T04:55:55.003+0000] {dag.py:4180} INFO - Setting next_dagrun for branching_dag to None, run_after=None
[2026-09-08T04:55:55.019+0000] {processor.py:208} INFO - Processing /opt/airflow/dags/03_branching_dag.py took 0.067 seconds
[2026-09-08T04:56:25.473+0000] {processor.py:186} INFO - Started process (PID=774) to work on /opt/airflow/dags/03_branching_dag.py
[2026-09-08T04:56:25.474+0000] {processor.py:914} INFO - Processing file /opt/airflow/dags/03_branching_dag.py for tasks to queue
[2026-09-08T04:56:25.475+0000] {logging_mixin.py:190} INFO - [2026-09-08T04:56:25.475+0000] {dagbag.py:588} INFO - Filling up the DagBag from /opt/airflow/dags/03_branching_dag.py
[2026-09-08T04:56:25.489+0000] {processor.py:925} INFO - DAG(s) 'branching_dag' retrieved from /opt/airflow/dags/03_branching_dag.py
[2026-09-08T04:56:25.512+0000] {logging_mixin.py:190} INFO - [2026-09-08T04:56:25.511+0000] {dag.py:3239} INFO - Sync 1 DAGs
[2026-09-08T04:56:25.523+0000] {logging_mixin.py:190} INFO - [2026-09-08T04:56:25.523+0000] {dag.py:4180} INFO - Setting next_dagrun for branching_dag to None, run_after=None
[2026-09-08T04:56:25.542+0000] {processor.py:208} INFO - Processing /opt/airflow/dags/03_branching_dag.py took 0.073 seconds
[2026-09-08T04:56:56.059+0000] {processor.py:186} INFO - Started process (PID=793) to work on /opt/airflow/dags/03_branching_dag.py
[2026-09-08T04:56:56.059+0000] {processor.py:914} INFO - Processing file /opt/airflow/dags/03_branching_dag.py for tasks to queue
[2026-09-08T04:56:56.060+0000] {logging_mixin.py:190} INFO - [2026-09-08T04:56:56.060+0000] {dagbag.py:588} INFO - Filling up the DagBag from /opt/airflow/dags/03_branching_dag.py
[2026-09-08T04:56:56.074+0000] {processor.py:925} INFO - DAG(s) 'branching_dag' retrieved from /opt/airflow/dags/03_branching_dag.py
[2026-09-08T04:56:56.096+0000] {logging_mixin.py:190} INFO - [2026-09-08T04:56:56.096+0000] {dag.py:3239} INFO - Sync 1 DAGs
[2026-09-08T04:56:56.110+0000] {logging_mixin.py:190} INFO - [2026-09-08T04:56:56.110+0000] {dag.py:4180} INFO - Setting next_dagrun for branching_dag to None, run_after=None
[2026-09-08T04:56:56.130+0000] {processor.py:208} INFO - Processing /opt/airflow/dags/03_branching_dag.py took 0.075 seconds
[2026-09-08T04:57:26.677+0000] {processor.py:186} INFO - Started process (PID=807) to work on /opt/airflow/dags/03_branching_dag.py
[2026-09-08T04:57:26.677+0000] {processor.py:914} INFO - Processing file /opt/airflow/dags/03_branching_dag.py for tasks to queue
[2026-09-08T04:57:26.678+0000] {logging_mixin.py:190} INFO - [2026-09-08T04:57:26.678+0000] {dagbag.py:588} INFO - Filling up the DagBag from /opt/airflow/dags/03_branching_dag.py
[2026-09-08T04:57:26.693+0000] {processor.py:925} INFO - DAG(s) 'branching_dag' retrieved from /opt/airflow/dags/03_branching_dag.py
[2026-09-08T04:57:26.715+0000] {logging_mixin.py:190} INFO - [2026-09-08T04:57:26.715+0000] {dag.py:3239} INFO - Sync 1 DAGs
[2026-09-08T04:57:26.726+0000] {logging_mixin.py:190} INFO - [2026-09-08T04:57:26.726+0000] {dag.py:4180} INFO - Setting next_dagrun for branching_dag to None, run_after=None
[2026-09-08T04:57:26.904+0000] {processor.py:208} INFO - Processing /opt/airflow/dags/03_branching_dag.py took 0.232 seconds
[2026-09-08T04:57:57.530+0000] {processor.py:186} INFO - Started process (PID=821) to work on /opt/airflow/dags/03_branching_dag.py
[2026-09-08T04:57:57.530+0000] {processor.py:914} INFO - Processing file /opt/airflow/dags/03_branching_dag.py for tasks to queue
[2026-09-08T04:57:57.532+0000] {logging_mixin.py:190} INFO - [2026-09-08T04:57:57.531+0000] {dagbag.py:588} INFO - Filling up the DagBag from /opt/airflow/dags/03_branching_dag.py
[2026-09-08T04:57:57.548+0000] {processor.py:925} INFO - DAG(s) 'branching_dag' retrieved from /opt/airflow/dags/03_branching_dag.py
[2026-09-08T04:57:57.570+0000] {logging_mixin.py:190} INFO - [2026-09-08T04:57:57.570+0000] {dag.py:3239} INFO - Sync 1 DAGs
[2026-09-08T04:57:57.584+0000] {logging_mixin.py:190} INFO - [2026-09-08T04:57:57.584+0000] {dag.py:4180} INFO - Setting next_dagrun for branching_dag to None, run_after=None
[2026-09-08T04:57:57.601+0000] {processor.py:208} INFO - Processing /opt/airflow/dags/03_branching_dag.py took 0.077 seconds
[2026-09-08T04:58:28.306+0000] {processor.py:186} INFO - Started process (PID=835) to work on /opt/airflow/dags/03_branching_dag.py
[2026-09-08T04:58:28.307+0000] {processor.py:914} INFO - Processing file /opt/airflow/dags/03_branching_dag.py for tasks to queue
[2026-09-08T04:58:28.308+0000] {logging_mixin.py:190} INFO - [2026-09-08T04:58:28.307+0000] {dagbag.py:588} INFO - Filling up the DagBag from /opt/airflow/dags/03_branching_dag.py
[2026-09-08T04:58:28.322+0000] {processor.py:925} INFO - DAG(s) 'branching_dag' retrieved from /opt/airflow/dags/03_branching_dag.py
[2026-09-08T04:58:28.348+0000] {logging_mixin.py:190} INFO - [2026-09-08T04:58:28.348+0000] {dag.py:3239} INFO - Sync 1 DAGs
[2026-09-08T04:58:28.361+0000] {logging_mixin.py:190} INFO - [2026-09-08T04:58:28.360+0000] {dag.py:4180} INFO - Setting next_dagrun for branching_dag to None, run_after=None
[2026-09-08T04:58:28.378+0000] {processor.py:208} INFO - Processing /opt/airflow/dags/03_branching_dag.py took 0.077 seconds
[2026-09-08T04:58:58.950+0000] {processor.py:186} INFO - Started process (PID=849) to work on /opt/airflow/dags/03_branching_dag.py
[2026-09-08T04:58:58.951+0000] {processor.py:914} INFO - Processing file /opt/airflow/dags/03_branching_dag.py for tasks to queue
[2026-09-08T04:58:58.952+0000] {logging_mixin.py:190} INFO - [2026-09-08T04:58:58.952+0000] {dagbag.py:588} INFO - Filling up the DagBag from /opt/airflow/dags/03_branching_dag.py
[2026-09-08T04:58:58.971+0000] {processor.py:925} INFO - DAG(s) 'branching_dag' retrieved from /opt/airflow/dags/03_branching_dag.py
[2026-09-08T04:58:59.001+0000] {logging_mixin.py:190} INFO - [2026-09-08T04:58:59.001+0000] {dag.py:3239} INFO - Sync 1 DAGs
[2026-09-08T04:58:59.015+0000] {logging_mixin.py:190} INFO - [2026-09-08T04:58:59.014+0000] {dag.py:4180} INFO - Setting next_dagrun for branching_dag to None, run_after=None
[2026-09-08T04:58:59.037+0000] {processor.py:208} INFO - Processing /opt/airflow/dags/03_branching_dag.py took 0.092 seconds
[2026-09-08T04:59:29.783+0000] {processor.py:186} INFO - Started process (PID=862) to work on /opt/airflow/dags/03_branching_dag.py
[2026-09-08T04:59:29.783+0000] {processor.py:914} INFO - Processing file /opt/airflow/dags/03_branching_dag.py for tasks to queue
[2026-09-08T04:59:29.785+0000] {logging_mixin.py:190} INFO - [2026-09-08T04:59:29.784+0000] {dagbag.py:588} INFO - Filling up the DagBag from /opt/airflow/dags/03_branching_dag.py
[2026-09-08T04:59:29.801+0000] {processor.py:925} INFO - DAG(s) 'branching_dag' retrieved from /opt/airflow/dags/03_branching_dag.py
[2026-09-08T04:59:29.827+0000] {logging_mixin.py:190} INFO - [2026-09-08T04:59:29.827+0000] {dag.py:3239} INFO - Sync 1 DAGs
[2026-09-08T04:59:29.841+0000] {logging_mixin.py:190} INFO - [2026-09-08T04:59:29.841+0000] {dag.py:4180} INFO - Setting next_dagrun for branching_dag to None, run_after=None
[2026-09-08T04:59:29.870+0000] {processor.py:208} INFO - Processing /opt/airflow/dags/03_branching_dag.py took 0.094 seconds
[2026-09-08T05:00:00.514+0000] {processor.py:186} INFO - Started process (PID=876) to work on /opt/airflow/dags/03_branching_dag.py
[2026-09-08T05:00:00.515+0000] {processor.py:914} INFO - Processing file /opt/airflow/dags/03_branching_dag.py for tasks to queue
[2026-09-08T05:00:00.516+0000] {logging_mixin.py:190} INFO - [2026-09-08T05:00:00.516+0000] {dagbag.py:588} INFO - Filling up the DagBag from /opt/airflow/dags/03_branching_dag.py
[2026-09-08T05:00:00.534+0000] {processor.py:925} INFO - DAG(s) 'branching_dag' retrieved from /opt/airflow/dags/03_branching_dag.py
[2026-09-08T05:00:00.565+0000] {logging_mixin.py:190} INFO - [2026-09-08T05:00:00.565+0000] {dag.py:3239} INFO - Sync 1 DAGs
[2026-09-08T05:00:00.580+0000] {logging_mixin.py:190} INFO - [2026-09-08T05:00:00.580+0000] {dag.py:4180} INFO - Setting next_dagrun for branching_dag to None, run_after=None
[2026-09-08T05:00:00.602+0000] {processor.py:208} INFO - Processing /opt/airflow/dags/03_branching_dag.py took 0.096 seconds
[2026-09-08T05:00:31.231+0000] {processor.py:186} INFO - Started process (PID=890) to work on /opt/airflow/dags/03_branching_dag.py
[2026-09-08T05:00:31.232+0000] {processor.py:914} INFO - Processing file /opt/airflow/dags/03_branching_dag.py for tasks to queue
[2026-09-08T05:00:31.233+0000] {logging_mixin.py:190} INFO - [2026-09-08T05:00:31.233+0000] {dagbag.py:588} INFO - Filling up the DagBag from /opt/airflow/dags/03_branching_dag.py
[2026-09-08T05:00:31.251+0000] {processor.py:925} INFO - DAG(s) 'branching_dag' retrieved from /opt/airflow/dags/03_branching_dag.py
[2026-09-08T05:00:31.279+0000] {logging_mixin.py:190} INFO - [2026-09-08T05:00:31.278+0000] {dag.py:3239} INFO - Sync 1 DAGs
[2026-09-08T05:00:31.294+0000] {logging_mixin.py:190} INFO - [2026-09-08T05:00:31.294+0000] {dag.py:4180} INFO - Setting next_dagrun for branching_dag to None, run_after=None
[2026-09-08T05:00:31.315+0000] {processor.py:208} INFO - Processing /opt/airflow/dags/03_branching_dag.py took 0.090 seconds
[2026-09-08T05:01:01.988+0000] {processor.py:186} INFO - Started process (PID=904) to work on /opt/airflow/dags/03_branching_dag.py
[2026-09-08T05:01:01.988+0000] {processor.py:914} INFO - Processing file /opt/airflow/dags/03_branching_dag.py for tasks to queue
[2026-09-08T05:01:01.989+0000] {logging_mixin.py:190} INFO - [2026-09-08T05:01:01.989+0000] {dagbag.py:588} INFO - Filling up the DagBag from /opt/airflow/dags/03_branching_dag.py
[2026-09-08T05:01:02.005+0000] {processor.py:925} INFO - DAG(s) 'branching_dag' retrieved from /opt/airflow/dags/03_branching_dag.py
[2026-09-08T05:01:02.027+0000] {logging_mixin.py:190} INFO - [2026-09-08T05:01:02.027+0000] {dag.py:3239} INFO - Sync 1 DAGs
[2026-09-08T05:01:02.041+0000] {logging_mixin.py:190} INFO - [2026-09-08T05:01:02.041+0000] {dag.py:4180} INFO - Setting next_dagrun for branching_dag to None, run_after=None
[2026-09-08T05:01:02.061+0000] {processor.py:208} INFO - Processing /opt/airflow/dags/03_branching_dag.py took 0.079 seconds
[2026-09-08T05:01:32.595+0000] {processor.py:186} INFO - Started process (PID=918) to work on /opt/airflow/dags/03_branching_dag.py
[2026-09-08T05:01:32.595+0000] {processor.py:914} INFO - Processing file /opt/airflow/dags/03_branching_dag.py for tasks to queue
[2026-09-08T05:01:32.597+0000] {logging_mixin.py:190} INFO - [2026-09-08T05:01:32.596+0000] {dagbag.py:588} INFO - Filling up the DagBag from /opt/airflow/dags/03_branching_dag.py
[2026-09-08T05:01:32.610+0000] {processor.py:925} INFO - DAG(s) 'branching_dag' retrieved from /opt/airflow/dags/03_branching_dag.py
[2026-09-08T05:01:32.633+0000] {logging_mixin.py:190} INFO - [2026-09-08T05:01:32.632+0000] {dag.py:3239} INFO - Sync 1 DAGs
[2026-09-08T05:01:32.645+0000] {logging_mixin.py:190} INFO - [2026-09-08T05:01:32.644+0000] {dag.py:4180} INFO - Setting next_dagrun for branching_dag to None, run_after=None
[2026-09-08T05:01:32.662+0000] {processor.py:208} INFO - Processing /opt/airflow/dags/03_branching_dag.py took 0.072 seconds
[2026-09-08T05:02:03.454+0000] {processor.py:186} INFO - Started process (PID=932) to work on /opt/airflow/dags/03_branching_dag.py
[2026-09-08T05:02:03.455+0000] {processor.py:914} INFO - Processing file /opt/airflow/dags/03_branching_dag.py for tasks to queue
[2026-09-08T05:02:03.456+0000] {logging_mixin.py:190} INFO - [2026-09-08T05:02:03.455+0000] {dagbag.py:588} INFO - Filling up the DagBag from /opt/airflow/dags/03_branching_dag.py
[2026-09-08T05:02:03.469+0000] {processor.py:925} INFO - DAG(s) 'branching_dag' retrieved from /opt/airflow/dags/03_branching_dag.py
[2026-09-08T05:02:03.490+0000] {logging_mixin.py:190} INFO - [2026-09-08T05:02:03.490+0000] {dag.py:3239} INFO - Sync 1 DAGs
[2026-09-08T05:02:03.505+0000] {logging_mixin.py:190} INFO - [2026-09-08T05:02:03.505+0000] {dag.py:4180} INFO - Setting next_dagrun for branching_dag to None, run_after=None
[2026-09-08T05:02:03.521+0000] {processor.py:208} INFO - Processing /opt/airflow/dags/03_branching_dag.py took 0.072 seconds
[2026-09-08T05:02:34.136+0000] {processor.py:186} INFO - Started process (PID=946) to work on /opt/airflow/dags/03_branching_dag.py
[2026-09-08T05:02:34.136+0000] {processor.py:914} INFO - Processing file /opt/airflow/dags/03_branching_dag.py for tasks to queue
[2026-09-08T05:02:34.138+0000] {logging_mixin.py:190} INFO - [2026-09-08T05:02:34.137+0000] {dagbag.py:588} INFO - Filling up the DagBag from /opt/airflow/dags/03_branching_dag.py
[2026-09-08T05:02:34.157+0000] {processor.py:925} INFO - DAG(s) 'branching_dag' retrieved from /opt/airflow/dags/03_branching_dag.py
[2026-09-08T05:02:34.188+0000] {logging_mixin.py:190} INFO - [2026-09-08T05:02:34.187+0000] {dag.py:3239} INFO - Sync 1 DAGs
[2026-09-08T05:02:34.206+0000] {logging_mixin.py:190} INFO - [2026-09-08T05:02:34.206+0000] {dag.py:4180} INFO - Setting next_dagrun for branching_dag to None, run_after=None
[2026-09-08T05:02:34.227+0000] {processor.py:208} INFO - Processing /opt/airflow/dags/03_branching_dag.py took 0.101 seconds
[2026-09-08T05:03:04.904+0000] {processor.py:186} INFO - Started process (PID=960) to work on /opt/airflow/dags/03_branching_dag.py
[2026-09-08T05:03:04.905+0000] {processor.py:914} INFO - Processing file /opt/airflow/dags/03_branching_dag.py for tasks to queue
[2026-09-08T05:03:04.907+0000] {logging_mixin.py:190} INFO - [2026-09-08T05:03:04.906+0000] {dagbag.py:588} INFO - Filling up the DagBag from /opt/airflow/dags/03_branching_dag.py
[2026-09-08T05:03:04.925+0000] {processor.py:925} INFO - DAG(s) 'branching_dag' retrieved from /opt/airflow/dags/03_branching_dag.py
[2026-09-08T05:03:04.952+0000] {logging_mixin.py:190} INFO - [2026-09-08T05:03:04.952+0000] {dag.py:3239} INFO - Sync 1 DAGs
[2026-09-08T05:03:04.965+0000] {logging_mixin.py:190} INFO - [2026-09-08T05:03:04.965+0000] {dag.py:4180} INFO - Setting next_dagrun for branching_dag to None, run_after=None
[2026-09-08T05:03:04.987+0000] {processor.py:208} INFO - Processing /opt/airflow/dags/03_branching_dag.py took 0.096 seconds
[2026-09-08T05:03:35.686+0000] {processor.py:186} INFO - Started process (PID=973) to work on /opt/airflow/dags/03_branching_dag.py
[2026-09-08T05:03:35.687+0000] {processor.py:914} INFO - Processing file /opt/airflow/dags/03_branching_dag.py for tasks to queue
[2026-09-08T05:03:35.688+0000] {logging_mixin.py:190} INFO - [2026-09-08T05:03:35.688+0000] {dagbag.py:588} INFO - Filling up the DagBag from /opt/airflow/dags/03_branching_dag.py
[2026-09-08T05:03:35.703+0000] {processor.py:925} INFO - DAG(s) 'branching_dag' retrieved from /opt/airflow/dags/03_branching_dag.py
[2026-09-08T05:03:35.760+0000] {logging_mixin.py:190} INFO - [2026-09-08T05:03:35.759+0000] {dag.py:3239} INFO - Sync 1 DAGs
[2026-09-08T05:03:35.784+0000] {logging_mixin.py:190} INFO - [2026-09-08T05:03:35.784+0000] {dag.py:4180} INFO - Setting next_dagrun for branching_dag to None, run_after=None
[2026-09-08T05:03:35.825+0000] {processor.py:208} INFO - Processing /opt/airflow/dags/03_branching_dag.py took 0.145 seconds
[2026-09-08T05:04:06.656+0000] {processor.py:186} INFO - Started process (PID=987) to work on /opt/airflow/dags/03_branching_dag.py
[2026-09-08T05:04:06.658+0000] {processor.py:914} INFO - Processing file /opt/airflow/dags/03_branching_dag.py for tasks to queue
[2026-09-08T05:04:06.662+0000] {logging_mixin.py:190} INFO - [2026-09-08T05:04:06.662+0000] {dagbag.py:588} INFO - Filling up the DagBag from /opt/airflow/dags/03_branching_dag.py
[2026-09-08T05:04:06.690+0000] {processor.py:925} INFO - DAG(s) 'branching_dag' retrieved from /opt/airflow/dags/03_branching_dag.py
[2026-09-08T05:04:06.726+0000] {logging_mixin.py:190} INFO - [2026-09-08T05:04:06.726+0000] {dag.py:3239} INFO - Sync 1 DAGs
[2026-09-08T05:04:06.747+0000] {logging_mixin.py:190} INFO - [2026-09-08T05:04:06.747+0000] {dag.py:4180} INFO - Setting next_dagrun for branching_dag to None, run_after=None
[2026-09-08T05:04:06.771+0000] {processor.py:208} INFO - Processing /opt/airflow/dags/03_branching_dag.py took 0.121 seconds
[2026-09-08T05:04:37.635+0000] {processor.py:186} INFO - Started process (PID=1001) to work on /opt/airflow/dags/03_branching_dag.py
[2026-09-08T05:04:37.638+0000] {processor.py:914} INFO - Processing file /opt/airflow/dags/03_branching_dag.py for tasks to queue
[2026-09-08T05:04:37.641+0000] {logging_mixin.py:190} INFO - [2026-09-08T05:04:37.640+0000] {dagbag.py:588} INFO - Filling up the DagBag from /opt/airflow/dags/03_branching_dag.py
[2026-09-08T05:04:37.662+0000] {processor.py:925} INFO - DAG(s) 'branching_dag' retrieved from /opt/airflow/dags/03_branching_dag.py
[2026-09-08T05:04:37.707+0000] {logging_mixin.py:190} INFO - [2026-09-08T05:04:37.707+0000] {dag.py:3239} INFO - Sync 1 DAGs
[2026-09-08T05:04:37.725+0000] {logging_mixin.py:190} INFO - [2026-09-08T05:04:37.724+0000] {dag.py:4180} INFO - Setting next_dagrun for branching_dag to None, run_after=None
[2026-09-08T05:04:37.758+0000] {processor.py:208} INFO - Processing /opt/airflow/dags/03_branching_dag.py took 0.130 seconds
[2026-09-08T05:05:08.696+0000] {processor.py:186} INFO - Started process (PID=1015) to work on /opt/airflow/dags/03_branching_dag.py
[2026-09-08T05:05:08.697+0000] {processor.py:914} INFO - Processing file /opt/airflow/dags/03_branching_dag.py for tasks to queue
[2026-09-08T05:05:08.699+0000] {logging_mixin.py:190} INFO - [2026-09-08T05:05:08.698+0000] {dagbag.py:588} INFO - Filling up the DagBag from /opt/airflow/dags/03_branching_dag.py
[2026-09-08T05:05:08.715+0000] {processor.py:925} INFO - DAG(s) 'branching_dag' retrieved from /opt/airflow/dags/03_branching_dag.py
[2026-09-08T05:05:08.751+0000] {logging_mixin.py:190} INFO - [2026-09-08T05:05:08.750+0000] {dag.py:3239} INFO - Sync 1 DAGs
[2026-09-08T05:05:08.771+0000] {logging_mixin.py:190} INFO - [2026-09-08T05:05:08.770+0000] {dag.py:4180} INFO - Setting next_dagrun for branching_dag to None, run_after=None
[2026-09-08T05:05:08.802+0000] {processor.py:208} INFO - Processing /opt/airflow/dags/03_branching_dag.py took 0.114 seconds
[2026-09-08T05:05:38.880+0000] {processor.py:186} INFO - Started process (PID=1028) to work on /opt/airflow/dags/03_branching_dag.py
[2026-09-08T05:05:38.881+0000] {processor.py:914} INFO - Processing file /opt/airflow/dags/03_branching_dag.py for tasks to queue
[2026-09-08T05:05:38.883+0000] {logging_mixin.py:190} INFO - [2026-09-08T05:05:38.883+0000] {dagbag.py:588} INFO - Filling up the DagBag from /opt/airflow/dags/03_branching_dag.py
[2026-09-08T05:05:38.918+0000] {processor.py:925} INFO - DAG(s) 'branching_dag' retrieved from /opt/airflow/dags/03_branching_dag.py
[2026-09-08T05:05:38.951+0000] {logging_mixin.py:190} INFO - [2026-09-08T05:05:38.951+0000] {dag.py:3239} INFO - Sync 1 DAGs
[2026-09-08T05:05:38.966+0000] {logging_mixin.py:190} INFO - [2026-09-08T05:05:38.966+0000] {dag.py:4180} INFO - Setting next_dagrun for branching_dag to None, run_after=None
[2026-09-08T05:05:38.993+0000] {processor.py:208} INFO - Processing /opt/airflow/dags/03_branching_dag.py took 0.121 seconds
[2026-09-08T05:06:09.137+0000] {processor.py:186} INFO - Started process (PID=1042) to work on /opt/airflow/dags/03_branching_dag.py
[2026-09-08T05:06:09.137+0000] {processor.py:914} INFO - Processing file /opt/airflow/dags/03_branching_dag.py for tasks to queue
[2026-09-08T05:06:09.138+0000] {logging_mixin.py:190} INFO - [2026-09-08T05:06:09.138+0000] {dagbag.py:588} INFO - Filling up the DagBag from /opt/airflow/dags/03_branching_dag.py
[2026-09-08T05:06:09.154+0000] {processor.py:925} INFO - DAG(s) 'branching_dag' retrieved from /opt/airflow/dags/03_branching_dag.py
[2026-09-08T05:06:09.183+0000] {logging_mixin.py:190} INFO - [2026-09-08T05:06:09.183+0000] {dag.py:3239} INFO - Sync 1 DAGs
[2026-09-08T05:06:09.197+0000] {logging_mixin.py:190} INFO - [2026-09-08T05:06:09.196+0000] {dag.py:4180} INFO - Setting next_dagrun for branching_dag to None, run_after=None
[2026-09-08T05:06:09.220+0000] {processor.py:208} INFO - Processing /opt/airflow/dags/03_branching_dag.py took 0.090 seconds
[2026-09-08T05:06:39.279+0000] {processor.py:186} INFO - Started process (PID=1056) to work on /opt/airflow/dags/03_branching_dag.py
[2026-09-08T05:06:39.280+0000] {processor.py:914} INFO - Processing file /opt/airflow/dags/03_branching_dag.py for tasks to queue
[2026-09-08T05:06:39.281+0000] {logging_mixin.py:190} INFO - [2026-09-08T05:06:39.281+0000] {dagbag.py:588} INFO - Filling up the DagBag from /opt/airflow/dags/03_branching_dag.py
[2026-09-08T05:06:39.299+0000] {processor.py:925} INFO - DAG(s) 'branching_dag' retrieved from /opt/airflow/dags/03_branching_dag.py
[2026-09-08T05:06:39.328+0000] {logging_mixin.py:190} INFO - [2026-09-08T05:06:39.328+0000] {dag.py:3239} INFO - Sync 1 DAGs
[2026-09-08T05:06:39.344+0000] {logging_mixin.py:190} INFO - [2026-09-08T05:06:39.344+0000] {dag.py:4180} INFO - Setting next_dagrun for branching_dag to None, run_after=None
[2026-09-08T05:06:39.373+0000] {processor.py:208} INFO - Processing /opt/airflow/dags/03_branching_dag.py took 0.099 seconds
[2026-09-08T05:07:10.073+0000] {processor.py:186} INFO - Started process (PID=1071) to work on /opt/airflow/dags/03_branching_dag.py
[2026-09-08T05:07:10.073+0000] {processor.py:914} INFO - Processing file /opt/airflow/dags/03_branching_dag.py for tasks to queue
[2026-09-08T05:07:10.075+0000] {logging_mixin.py:190} INFO - [2026-09-08T05:07:10.074+0000] {dagbag.py:588} INFO - Filling up the DagBag from /opt/airflow/dags/03_branching_dag.py
[2026-09-08T05:07:10.094+0000] {processor.py:925} INFO - DAG(s) 'branching_dag' retrieved from /opt/airflow/dags/03_branching_dag.py
[2026-09-08T05:07:10.124+0000] {logging_mixin.py:190} INFO - [2026-09-08T05:07:10.124+0000] {dag.py:3239} INFO - Sync 1 DAGs
[2026-09-08T05:07:10.140+0000] {logging_mixin.py:190} INFO - [2026-09-08T05:07:10.140+0000] {dag.py:4180} INFO - Setting next_dagrun for branching_dag to None, run_after=None
[2026-09-08T05:07:10.167+0000] {processor.py:208} INFO - Processing /opt/airflow/dags/03_branching_dag.py took 0.100 seconds
[2026-09-08T05:07:40.605+0000] {processor.py:186} INFO - Started process (PID=1085) to work on /opt/airflow/dags/03_branching_dag.py
[2026-09-08T05:07:40.606+0000] {processor.py:914} INFO - Processing file /opt/airflow/dags/03_branching_dag.py for tasks to queue
[2026-09-08T05:07:40.608+0000] {logging_mixin.py:190} INFO - [2026-09-08T05:07:40.608+0000] {dagbag.py:588} INFO - Filling up the DagBag from /opt/airflow/dags/03_branching_dag.py
[2026-09-08T05:07:40.630+0000] {processor.py:925} INFO - DAG(s) 'branching_dag' retrieved from /opt/airflow/dags/03_branching_dag.py
[2026-09-08T05:07:40.663+0000] {logging_mixin.py:190} INFO - [2026-09-08T05:07:40.663+0000] {dag.py:3239} INFO - Sync 1 DAGs
[2026-09-08T05:07:40.684+0000] {logging_mixin.py:190} INFO - [2026-09-08T05:07:40.683+0000] {dag.py:4180} INFO - Setting next_dagrun for branching_dag to None, run_after=None
[2026-09-08T05:07:40.714+0000] {processor.py:208} INFO - Processing /opt/airflow/dags/03_branching_dag.py took 0.117 seconds
[2026-09-08T05:08:11.074+0000] {processor.py:186} INFO - Started process (PID=1099) to work on /opt/airflow/dags/03_branching_dag.py
[2026-09-08T05:08:11.075+0000] {processor.py:914} INFO - Processing file /opt/airflow/dags/03_branching_dag.py for tasks to queue
[2026-09-08T05:08:11.077+0000] {logging_mixin.py:190} INFO - [2026-09-08T05:08:11.077+0000] {dagbag.py:588} INFO - Filling up the DagBag from /opt/airflow/dags/03_branching_dag.py
[2026-09-08T05:08:11.111+0000] {processor.py:925} INFO - DAG(s) 'branching_dag' retrieved from /opt/airflow/dags/03_branching_dag.py
[2026-09-08T05:08:11.156+0000] {logging_mixin.py:190} INFO - [2026-09-08T05:08:11.156+0000] {dag.py:3239} INFO - Sync 1 DAGs
[2026-09-08T05:08:11.178+0000] {logging_mixin.py:190} INFO - [2026-09-08T05:08:11.178+0000] {dag.py:4180} INFO - Setting next_dagrun for branching_dag to None, run_after=None
[2026-09-08T05:08:11.210+0000] {processor.py:208} INFO - Processing /opt/airflow/dags/03_branching_dag.py took 0.144 seconds
[2026-09-08T05:08:41.616+0000] {processor.py:186} INFO - Started process (PID=1113) to work on /opt/airflow/dags/03_branching_dag.py
[2026-09-08T05:08:41.618+0000] {processor.py:914} INFO - Processing file /opt/airflow/dags/03_branching_dag.py for tasks to queue
[2026-09-08T05:08:41.620+0000] {logging_mixin.py:190} INFO - [2026-09-08T05:08:41.620+0000] {dagbag.py:588} INFO - Filling up the DagBag from /opt/airflow/dags/03_branching_dag.py
[2026-09-08T05:08:41.641+0000] {processor.py:925} INFO - DAG(s) 'branching_dag' retrieved from /opt/airflow/dags/03_branching_dag.py
[2026-09-08T05:08:41.676+0000] {logging_mixin.py:190} INFO - [2026-09-08T05:08:41.675+0000] {dag.py:3239} INFO - Sync 1 DAGs
[2026-09-08T05:08:41.692+0000] {logging_mixin.py:190} INFO - [2026-09-08T05:08:41.691+0000] {dag.py:4180} INFO - Setting next_dagrun for branching_dag to None, run_after=None
[2026-09-08T05:08:41.718+0000] {processor.py:208} INFO - Processing /opt/airflow/dags/03_branching_dag.py took 0.109 seconds
[2026-09-08T05:09:12.439+0000] {processor.py:186} INFO - Started process (PID=1127) to work on /opt/airflow/dags/03_branching_dag.py
[2026-09-08T05:09:12.439+0000] {processor.py:914} INFO - Processing file /opt/airflow/dags/03_branching_dag.py for tasks to queue
[2026-09-08T05:09:12.441+0000] {logging_mixin.py:190} INFO - [2026-09-08T05:09:12.440+0000] {dagbag.py:588} INFO - Filling up the DagBag from /opt/airflow/dags/03_branching_dag.py
[2026-09-08T05:09:12.459+0000] {processor.py:925} INFO - DAG(s) 'branching_dag' retrieved from /opt/airflow/dags/03_branching_dag.py
[2026-09-08T05:09:12.502+0000] {logging_mixin.py:190} INFO - [2026-09-08T05:09:12.502+0000] {dag.py:3239} INFO - Sync 1 DAGs
[2026-09-08T05:09:12.519+0000] {logging_mixin.py:190} INFO - [2026-09-08T05:09:12.519+0000] {dag.py:4180} INFO - Setting next_dagrun for branching_dag to None, run_after=None
[2026-09-08T05:09:12.551+0000] {processor.py:208} INFO - Processing /opt/airflow/dags/03_branching_dag.py took 0.119 seconds
[2026-09-08T05:09:43.419+0000] {processor.py:186} INFO - Started process (PID=1141) to work on /opt/airflow/dags/03_branching_dag.py
[2026-09-08T05:09:43.426+0000] {processor.py:914} INFO - Processing file /opt/airflow/dags/03_branching_dag.py for tasks to queue
[2026-09-08T05:09:43.428+0000] {logging_mixin.py:190} INFO - [2026-09-08T05:09:43.428+0000] {dagbag.py:588} INFO - Filling up the DagBag from /opt/airflow/dags/03_branching_dag.py
[2026-09-08T05:09:43.446+0000] {processor.py:925} INFO - DAG(s) 'branching_dag' retrieved from /opt/airflow/dags/03_branching_dag.py
[2026-09-08T05:09:43.488+0000] {logging_mixin.py:190} INFO - [2026-09-08T05:09:43.488+0000] {dag.py:3239} INFO - Sync 1 DAGs
[2026-09-08T05:09:43.529+0000] {logging_mixin.py:190} INFO - [2026-09-08T05:09:43.529+0000] {dag.py:4180} INFO - Setting next_dagrun for branching_dag to None, run_after=None
[2026-09-08T05:09:43.598+0000] {processor.py:208} INFO - Processing /opt/airflow/dags/03_branching_dag.py took 0.185 seconds
[2026-09-08T05:10:14.006+0000] {processor.py:186} INFO - Started process (PID=1155) to work on /opt/airflow/dags/03_branching_dag.py
[2026-09-08T05:10:14.007+0000] {processor.py:914} INFO - Processing file /opt/airflow/dags/03_branching_dag.py for tasks to queue
[2026-09-08T05:10:14.009+0000] {logging_mixin.py:190} INFO - [2026-09-08T05:10:14.009+0000] {dagbag.py:588} INFO - Filling up the DagBag from /opt/airflow/dags/03_branching_dag.py
[2026-09-08T05:10:14.043+0000] {processor.py:925} INFO - DAG(s) 'branching_dag' retrieved from /opt/airflow/dags/03_branching_dag.py
[2026-09-08T05:10:14.090+0000] {logging_mixin.py:190} INFO - [2026-09-08T05:10:14.089+0000] {dag.py:3239} INFO - Sync 1 DAGs
[2026-09-08T05:10:14.107+0000] {logging_mixin.py:190} INFO - [2026-09-08T05:10:14.107+0000] {dag.py:4180} INFO - Setting next_dagrun for branching_dag to None, run_after=None
[2026-09-08T05:10:14.171+0000] {processor.py:208} INFO - Processing /opt/airflow/dags/03_branching_dag.py took 0.179 seconds
[2026-09-08T05:10:44.269+0000] {processor.py:186} INFO - Started process (PID=1169) to work on /opt/airflow/dags/03_branching_dag.py
[2026-09-08T05:10:44.269+0000] {processor.py:914} INFO - Processing file /opt/airflow/dags/03_branching_dag.py for tasks to queue
[2026-09-08T05:10:44.271+0000] {logging_mixin.py:190} INFO - [2026-09-08T05:10:44.270+0000] {dagbag.py:588} INFO - Filling up the DagBag from /opt/airflow/dags/03_branching_dag.py
[2026-09-08T05:10:44.297+0000] {processor.py:925} INFO - DAG(s) 'branching_dag' retrieved from /opt/airflow/dags/03_branching_dag.py
[2026-09-08T05:10:44.334+0000] {logging_mixin.py:190} INFO - [2026-09-08T05:10:44.333+0000] {dag.py:3239} INFO - Sync 1 DAGs
[2026-09-08T05:10:44.353+0000] {logging_mixin.py:190} INFO - [2026-09-08T05:10:44.353+0000] {dag.py:4180} INFO - Setting next_dagrun for branching_dag to None, run_after=None
[2026-09-08T05:10:44.375+0000] {processor.py:208} INFO - Processing /opt/airflow/dags/03_branching_dag.py took 0.113 seconds
[2026-09-08T05:11:14.639+0000] {processor.py:186} INFO - Started process (PID=1183) to work on /opt/airflow/dags/03_branching_dag.py
[2026-09-08T05:11:14.640+0000] {processor.py:914} INFO - Processing file /opt/airflow/dags/03_branching_dag.py for tasks to queue
[2026-09-08T05:11:14.641+0000] {logging_mixin.py:190} INFO - [2026-09-08T05:11:14.640+0000] {dagbag.py:588} INFO - Filling up the DagBag from /opt/airflow/dags/03_branching_dag.py
[2026-09-08T05:11:14.671+0000] {processor.py:925} INFO - DAG(s) 'branching_dag' retrieved from /opt/airflow/dags/03_branching_dag.py
[2026-09-08T05:11:14.715+0000] {logging_mixin.py:190} INFO - [2026-09-08T05:11:14.715+0000] {dag.py:3239} INFO - Sync 1 DAGs
[2026-09-08T05:11:14.754+0000] {logging_mixin.py:190} INFO - [2026-09-08T05:11:14.754+0000] {dag.py:4180} INFO - Setting next_dagrun for branching_dag to None, run_after=None
[2026-09-08T05:11:14.801+0000] {processor.py:208} INFO - Processing /opt/airflow/dags/03_branching_dag.py took 0.169 seconds
[2026-09-08T05:11:45.670+0000] {processor.py:186} INFO - Started process (PID=1197) to work on /opt/airflow/dags/03_branching_dag.py
[2026-09-08T05:11:45.671+0000] {processor.py:914} INFO - Processing file /opt/airflow/dags/03_branching_dag.py for tasks to queue
[2026-09-08T05:11:45.673+0000] {logging_mixin.py:190} INFO - [2026-09-08T05:11:45.673+0000] {dagbag.py:588} INFO - Filling up the DagBag from /opt/airflow/dags/03_branching_dag.py
[2026-09-08T05:11:45.697+0000] {processor.py:925} INFO - DAG(s) 'branching_dag' retrieved from /opt/airflow/dags/03_branching_dag.py
[2026-09-08T05:11:45.730+0000] {logging_mixin.py:190} INFO - [2026-09-08T05:11:45.730+0000] {dag.py:3239} INFO - Sync 1 DAGs
[2026-09-08T05:11:45.746+0000] {logging_mixin.py:190} INFO - [2026-09-08T05:11:45.745+0000] {dag.py:4180} INFO - Setting next_dagrun for branching_dag to None, run_after=None
[2026-09-08T05:11:45.770+0000] {processor.py:208} INFO - Processing /opt/airflow/dags/03_branching_dag.py took 0.107 seconds
[2026-09-08T05:12:16.431+0000] {processor.py:186} INFO - Started process (PID=1210) to work on /opt/airflow/dags/03_branching_dag.py
[2026-09-08T05:12:16.432+0000] {processor.py:914} INFO - Processing file /opt/airflow/dags/03_branching_dag.py for tasks to queue
[2026-09-08T05:12:16.433+0000] {logging_mixin.py:190} INFO - [2026-09-08T05:12:16.433+0000] {dagbag.py:588} INFO - Filling up the DagBag from /opt/airflow/dags/03_branching_dag.py
[2026-09-08T05:12:16.453+0000] {processor.py:925} INFO - DAG(s) 'branching_dag' retrieved from /opt/airflow/dags/03_branching_dag.py
[2026-09-08T05:12:16.504+0000] {logging_mixin.py:190} INFO - [2026-09-08T05:12:16.503+0000] {dag.py:3239} INFO - Sync 1 DAGs
[2026-09-08T05:12:16.558+0000] {logging_mixin.py:190} INFO - [2026-09-08T05:12:16.557+0000] {dag.py:4180} INFO - Setting next_dagrun for branching_dag to None, run_after=None
[2026-09-08T05:12:16.623+0000] {processor.py:208} INFO - Processing /opt/airflow/dags/03_branching_dag.py took 0.199 seconds
[2026-09-08T05:12:47.167+0000] {processor.py:186} INFO - Started process (PID=1224) to work on /opt/airflow/dags/03_branching_dag.py
[2026-09-08T05:12:47.168+0000] {processor.py:914} INFO - Processing file /opt/airflow/dags/03_branching_dag.py for tasks to queue
[2026-09-08T05:12:47.171+0000] {logging_mixin.py:190} INFO - [2026-09-08T05:12:47.170+0000] {dagbag.py:588} INFO - Filling up the DagBag from /opt/airflow/dags/03_branching_dag.py
[2026-09-08T05:12:47.196+0000] {processor.py:925} INFO - DAG(s) 'branching_dag' retrieved from /opt/airflow/dags/03_branching_dag.py
[2026-09-08T05:12:47.236+0000] {logging_mixin.py:190} INFO - [2026-09-08T05:12:47.236+0000] {dag.py:3239} INFO - Sync 1 DAGs
[2026-09-08T05:12:47.260+0000] {logging_mixin.py:190} INFO - [2026-09-08T05:12:47.260+0000] {dag.py:4180} INFO - Setting next_dagrun for branching_dag to None, run_after=None
[2026-09-08T05:12:47.291+0000] {processor.py:208} INFO - Processing /opt/airflow/dags/03_branching_dag.py took 0.131 seconds
[2026-09-08T05:13:17.762+0000] {processor.py:186} INFO - Started process (PID=1238) to work on /opt/airflow/dags/03_branching_dag.py
[2026-09-08T05:13:17.763+0000] {processor.py:914} INFO - Processing file /opt/airflow/dags/03_branching_dag.py for tasks to queue
[2026-09-08T05:13:17.765+0000] {logging_mixin.py:190} INFO - [2026-09-08T05:13:17.764+0000] {dagbag.py:588} INFO - Filling up the DagBag from /opt/airflow/dags/03_branching_dag.py
[2026-09-08T05:13:17.790+0000] {processor.py:925} INFO - DAG(s) 'branching_dag' retrieved from /opt/airflow/dags/03_branching_dag.py
[2026-09-08T05:13:17.832+0000] {logging_mixin.py:190} INFO - [2026-09-08T05:13:17.832+0000] {dag.py:3239} INFO - Sync 1 DAGs
[2026-09-08T05:13:17.854+0000] {logging_mixin.py:190} INFO - [2026-09-08T05:13:17.854+0000] {dag.py:4180} INFO - Setting next_dagrun for branching_dag to None, run_after=None
[2026-09-08T05:13:17.884+0000] {processor.py:208} INFO - Processing /opt/airflow/dags/03_branching_dag.py took 0.130 seconds
[2026-09-08T05:13:48.343+0000] {processor.py:186} INFO - Started process (PID=1252) to work on /opt/airflow/dags/03_branching_dag.py
[2026-09-08T05:13:48.347+0000] {processor.py:914} INFO - Processing file /opt/airflow/dags/03_branching_dag.py for tasks to queue
[2026-09-08T05:13:48.349+0000] {logging_mixin.py:190} INFO - [2026-09-08T05:13:48.348+0000] {dagbag.py:588} INFO - Filling up the DagBag from /opt/airflow/dags/03_branching_dag.py
[2026-09-08T05:13:48.372+0000] {processor.py:925} INFO - DAG(s) 'branching_dag' retrieved from /opt/airflow/dags/03_branching_dag.py
[2026-09-08T05:13:48.418+0000] {logging_mixin.py:190} INFO - [2026-09-08T05:13:48.416+0000] {dag.py:3239} INFO - Sync 1 DAGs
[2026-09-08T05:13:48.441+0000] {logging_mixin.py:190} INFO - [2026-09-08T05:13:48.441+0000] {dag.py:4180} INFO - Setting next_dagrun for branching_dag to None, run_after=None
[2026-09-08T05:13:48.477+0000] {processor.py:208} INFO - Processing /opt/airflow/dags/03_branching_dag.py took 0.141 seconds
[2026-09-08T05:14:18.834+0000] {processor.py:186} INFO - Started process (PID=1266) to work on /opt/airflow/dags/03_branching_dag.py
[2026-09-08T05:14:18.835+0000] {processor.py:914} INFO - Processing file /opt/airflow/dags/03_branching_dag.py for tasks to queue
[2026-09-08T05:14:18.838+0000] {logging_mixin.py:190} INFO - [2026-09-08T05:14:18.837+0000] {dagbag.py:588} INFO - Filling up the DagBag from /opt/airflow/dags/03_branching_dag.py
[2026-09-08T05:14:18.861+0000] {processor.py:925} INFO - DAG(s) 'branching_dag' retrieved from /opt/airflow/dags/03_branching_dag.py
[2026-09-08T05:14:18.897+0000] {logging_mixin.py:190} INFO - [2026-09-08T05:14:18.897+0000] {dag.py:3239} INFO - Sync 1 DAGs
[2026-09-08T05:14:18.918+0000] {logging_mixin.py:190} INFO - [2026-09-08T05:14:18.917+0000] {dag.py:4180} INFO - Setting next_dagrun for branching_dag to None, run_after=None
[2026-09-08T05:14:18.948+0000] {processor.py:208} INFO - Processing /opt/airflow/dags/03_branching_dag.py took 0.119 seconds
[2026-09-08T05:14:49.139+0000] {processor.py:186} INFO - Started process (PID=1279) to work on /opt/airflow/dags/03_branching_dag.py
[2026-09-08T05:14:49.141+0000] {processor.py:914} INFO - Processing file /opt/airflow/dags/03_branching_dag.py for tasks to queue
[2026-09-08T05:14:49.142+0000] {logging_mixin.py:190} INFO - [2026-09-08T05:14:49.142+0000] {dagbag.py:588} INFO - Filling up the DagBag from /opt/airflow/dags/03_branching_dag.py
[2026-09-08T05:14:49.165+0000] {processor.py:925} INFO - DAG(s) 'branching_dag' retrieved from /opt/airflow/dags/03_branching_dag.py
[2026-09-08T05:14:49.196+0000] {logging_mixin.py:190} INFO - [2026-09-08T05:14:49.195+0000] {dag.py:3239} INFO - Sync 1 DAGs
[2026-09-08T05:14:49.214+0000] {logging_mixin.py:190} INFO - [2026-09-08T05:14:49.214+0000] {dag.py:4180} INFO - Setting next_dagrun for branching_dag to None, run_after=None
[2026-09-08T05:14:49.241+0000] {processor.py:208} INFO - Processing /opt/airflow/dags/03_branching_dag.py took 0.108 seconds
[2026-09-08T05:15:19.352+0000] {processor.py:186} INFO - Started process (PID=1293) to work on /opt/airflow/dags/03_branching_dag.py
[2026-09-08T05:15:19.353+0000] {processor.py:914} INFO - Processing file /opt/airflow/dags/03_branching_dag.py for tasks to queue
[2026-09-08T05:15:19.355+0000] {logging_mixin.py:190} INFO - [2026-09-08T05:15:19.354+0000] {dagbag.py:588} INFO - Filling up the DagBag from /opt/airflow/dags/03_branching_dag.py
[2026-09-08T05:15:19.370+0000] {processor.py:925} INFO - DAG(s) 'branching_dag' retrieved from /opt/airflow/dags/03_branching_dag.py
[2026-09-08T05:15:19.397+0000] {logging_mixin.py:190} INFO - [2026-09-08T05:15:19.396+0000] {dag.py:3239} INFO - Sync 1 DAGs
[2026-09-08T05:15:19.414+0000] {logging_mixin.py:190} INFO - [2026-09-08T05:15:19.414+0000] {dag.py:4180} INFO - Setting next_dagrun for branching_dag to None, run_after=None
[2026-09-08T05:15:19.433+0000] {processor.py:208} INFO - Processing /opt/airflow/dags/03_branching_dag.py took 0.087 seconds
[2026-09-08T05:15:50.011+0000] {processor.py:186} INFO - Started process (PID=1308) to work on /opt/airflow/dags/03_branching_dag.py
[2026-09-08T05:15:50.012+0000] {processor.py:914} INFO - Processing file /opt/airflow/dags/03_branching_dag.py for tasks to queue
[2026-09-08T05:15:50.014+0000] {logging_mixin.py:190} INFO - [2026-09-08T05:15:50.013+0000] {dagbag.py:588} INFO - Filling up the DagBag from /opt/airflow/dags/03_branching_dag.py
[2026-09-08T05:15:50.029+0000] {processor.py:925} INFO - DAG(s) 'branching_dag' retrieved from /opt/airflow/dags/03_branching_dag.py
[2026-09-08T05:15:50.055+0000] {logging_mixin.py:190} INFO - [2026-09-08T05:15:50.055+0000] {dag.py:3239} INFO - Sync 1 DAGs
[2026-09-08T05:15:50.067+0000] {logging_mixin.py:190} INFO - [2026-09-08T05:15:50.067+0000] {dag.py:4180} INFO - Setting next_dagrun for branching_dag to None, run_after=None
[2026-09-08T05:15:50.086+0000] {processor.py:208} INFO - Processing /opt/airflow/dags/03_branching_dag.py took 0.082 seconds
[2026-09-08T05:16:20.552+0000] {processor.py:186} INFO - Started process (PID=1322) to work on /opt/airflow/dags/03_branching_dag.py
[2026-09-08T05:16:20.552+0000] {processor.py:914} INFO - Processing file /opt/airflow/dags/03_branching_dag.py for tasks to queue
[2026-09-08T05:16:20.554+0000] {logging_mixin.py:190} INFO - [2026-09-08T05:16:20.553+0000] {dagbag.py:588} INFO - Filling up the DagBag from /opt/airflow/dags/03_branching_dag.py
[2026-09-08T05:16:20.572+0000] {processor.py:925} INFO - DAG(s) 'branching_dag' retrieved from /opt/airflow/dags/03_branching_dag.py
[2026-09-08T05:16:20.600+0000] {logging_mixin.py:190} INFO - [2026-09-08T05:16:20.599+0000] {dag.py:3239} INFO - Sync 1 DAGs
[2026-09-08T05:16:20.614+0000] {logging_mixin.py:190} INFO - [2026-09-08T05:16:20.614+0000] {dag.py:4180} INFO - Setting next_dagrun for branching_dag to None, run_after=None
[2026-09-08T05:16:20.635+0000] {processor.py:208} INFO - Processing /opt/airflow/dags/03_branching_dag.py took 0.088 seconds
[2026-09-08T05:16:51.162+0000] {processor.py:186} INFO - Started process (PID=1336) to work on /opt/airflow/dags/03_branching_dag.py
[2026-09-08T05:16:51.162+0000] {processor.py:914} INFO - Processing file /opt/airflow/dags/03_branching_dag.py for tasks to queue
[2026-09-08T05:16:51.164+0000] {logging_mixin.py:190} INFO - [2026-09-08T05:16:51.164+0000] {dagbag.py:588} INFO - Filling up the DagBag from /opt/airflow/dags/03_branching_dag.py
[2026-09-08T05:16:51.186+0000] {processor.py:925} INFO - DAG(s) 'branching_dag' retrieved from /opt/airflow/dags/03_branching_dag.py
[2026-09-08T05:16:51.220+0000] {logging_mixin.py:190} INFO - [2026-09-08T05:16:51.219+0000] {dag.py:3239} INFO - Sync 1 DAGs
[2026-09-08T05:16:51.234+0000] {logging_mixin.py:190} INFO - [2026-09-08T05:16:51.234+0000] {dag.py:4180} INFO - Setting next_dagrun for branching_dag to None, run_after=None
[2026-09-08T05:16:51.256+0000] {processor.py:208} INFO - Processing /opt/airflow/dags/03_branching_dag.py took 0.103 seconds
[2026-09-08T05:17:21.444+0000] {processor.py:186} INFO - Started process (PID=1351) to work on /opt/airflow/dags/03_branching_dag.py
[2026-09-08T05:17:21.445+0000] {processor.py:914} INFO - Processing file /opt/airflow/dags/03_branching_dag.py for tasks to queue
[2026-09-08T05:17:21.446+0000] {logging_mixin.py:190} INFO - [2026-09-08T05:17:21.446+0000] {dagbag.py:588} INFO - Filling up the DagBag from /opt/airflow/dags/03_branching_dag.py
[2026-09-08T05:17:21.467+0000] {processor.py:925} INFO - DAG(s) 'branching_dag' retrieved from /opt/airflow/dags/03_branching_dag.py
[2026-09-08T05:17:21.495+0000] {logging_mixin.py:190} INFO - [2026-09-08T05:17:21.494+0000] {dag.py:3239} INFO - Sync 1 DAGs
[2026-09-08T05:17:21.510+0000] {logging_mixin.py:190} INFO - [2026-09-08T05:17:21.510+0000] {dag.py:4180} INFO - Setting next_dagrun for branching_dag to None, run_after=None
[2026-09-08T05:17:21.536+0000] {processor.py:208} INFO - Processing /opt/airflow/dags/03_branching_dag.py took 0.098 seconds
[2026-09-08T05:17:51.665+0000] {processor.py:186} INFO - Started process (PID=1365) to work on /opt/airflow/dags/03_branching_dag.py
[2026-09-08T05:17:51.665+0000] {processor.py:914} INFO - Processing file /opt/airflow/dags/03_branching_dag.py for tasks to queue
[2026-09-08T05:17:51.667+0000] {logging_mixin.py:190} INFO - [2026-09-08T05:17:51.666+0000] {dagbag.py:588} INFO - Filling up the DagBag from /opt/airflow/dags/03_branching_dag.py
[2026-09-08T05:17:51.686+0000] {processor.py:925} INFO - DAG(s) 'branching_dag' retrieved from /opt/airflow/dags/03_branching_dag.py
[2026-09-08T05:17:51.710+0000] {logging_mixin.py:190} INFO - [2026-09-08T05:17:51.710+0000] {dag.py:3239} INFO - Sync 1 DAGs
[2026-09-08T05:17:51.725+0000] {logging_mixin.py:190} INFO - [2026-09-08T05:17:51.725+0000] {dag.py:4180} INFO - Setting next_dagrun for branching_dag to None, run_after=None
[2026-09-08T05:17:51.746+0000] {processor.py:208} INFO - Processing /opt/airflow/dags/03_branching_dag.py took 0.088 seconds
[2026-09-08T05:18:22.367+0000] {processor.py:186} INFO - Started process (PID=1379) to work on /opt/airflow/dags/03_branching_dag.py
[2026-09-08T05:18:22.368+0000] {processor.py:914} INFO - Processing file /opt/airflow/dags/03_branching_dag.py for tasks to queue
[2026-09-08T05:18:22.369+0000] {logging_mixin.py:190} INFO - [2026-09-08T05:18:22.369+0000] {dagbag.py:588} INFO - Filling up the DagBag from /opt/airflow/dags/03_branching_dag.py
[2026-09-08T05:18:22.385+0000] {processor.py:925} INFO - DAG(s) 'branching_dag' retrieved from /opt/airflow/dags/03_branching_dag.py
[2026-09-08T05:18:22.407+0000] {logging_mixin.py:190} INFO - [2026-09-08T05:18:22.406+0000] {dag.py:3239} INFO - Sync 1 DAGs
[2026-09-08T05:18:22.420+0000] {logging_mixin.py:190} INFO - [2026-09-08T05:18:22.419+0000] {dag.py:4180} INFO - Setting next_dagrun for branching_dag to None, run_after=None
[2026-09-08T05:18:22.437+0000] {processor.py:208} INFO - Processing /opt/airflow/dags/03_branching_dag.py took 0.075 seconds
[2026-09-08T05:18:52.909+0000] {processor.py:186} INFO - Started process (PID=1393) to work on /opt/airflow/dags/03_branching_dag.py
[2026-09-08T05:18:52.909+0000] {processor.py:914} INFO - Processing file /opt/airflow/dags/03_branching_dag.py for tasks to queue
[2026-09-08T05:18:52.910+0000] {logging_mixin.py:190} INFO - [2026-09-08T05:18:52.910+0000] {dagbag.py:588} INFO - Filling up the DagBag from /opt/airflow/dags/03_branching_dag.py
[2026-09-08T05:18:52.926+0000] {processor.py:925} INFO - DAG(s) 'branching_dag' retrieved from /opt/airflow/dags/03_branching_dag.py
[2026-09-08T05:18:52.948+0000] {logging_mixin.py:190} INFO - [2026-09-08T05:18:52.948+0000] {dag.py:3239} INFO - Sync 1 DAGs
[2026-09-08T05:18:52.964+0000] {logging_mixin.py:190} INFO - [2026-09-08T05:18:52.963+0000] {dag.py:4180} INFO - Setting next_dagrun for branching_dag to None, run_after=None
[2026-09-08T05:18:52.983+0000] {processor.py:208} INFO - Processing /opt/airflow/dags/03_branching_dag.py took 0.079 seconds
[2026-09-08T05:19:23.402+0000] {processor.py:186} INFO - Started process (PID=1407) to work on /opt/airflow/dags/03_branching_dag.py
[2026-09-08T05:19:23.403+0000] {processor.py:914} INFO - Processing file /opt/airflow/dags/03_branching_dag.py for tasks to queue
[2026-09-08T05:19:23.404+0000] {logging_mixin.py:190} INFO - [2026-09-08T05:19:23.404+0000] {dagbag.py:588} INFO - Filling up the DagBag from /opt/airflow/dags/03_branching_dag.py
[2026-09-08T05:19:23.418+0000] {processor.py:925} INFO - DAG(s) 'branching_dag' retrieved from /opt/airflow/dags/03_branching_dag.py
[2026-09-08T05:19:23.443+0000] {logging_mixin.py:190} INFO - [2026-09-08T05:19:23.442+0000] {dag.py:3239} INFO - Sync 1 DAGs
[2026-09-08T05:19:23.458+0000] {logging_mixin.py:190} INFO - [2026-09-08T05:19:23.458+0000] {dag.py:4180} INFO - Setting next_dagrun for branching_dag to None, run_after=None
[2026-09-08T05:19:23.476+0000] {processor.py:208} INFO - Processing /opt/airflow/dags/03_branching_dag.py took 0.080 seconds
[2026-09-08T05:19:53.980+0000] {processor.py:186} INFO - Started process (PID=1421) to work on /opt/airflow/dags/03_branching_dag.py
[2026-09-08T05:19:53.981+0000] {processor.py:914} INFO - Processing file /opt/airflow/dags/03_branching_dag.py for tasks to queue
[2026-09-08T05:19:53.982+0000] {logging_mixin.py:190} INFO - [2026-09-08T05:19:53.982+0000] {dagbag.py:588} INFO - Filling up the DagBag from /opt/airflow/dags/03_branching_dag.py
[2026-09-08T05:19:53.997+0000] {processor.py:925} INFO - DAG(s) 'branching_dag' retrieved from /opt/airflow/dags/03_branching_dag.py
[2026-09-08T05:19:54.020+0000] {logging_mixin.py:190} INFO - [2026-09-08T05:19:54.020+0000] {dag.py:3239} INFO - Sync 1 DAGs
[2026-09-08T05:19:54.038+0000] {logging_mixin.py:190} INFO - [2026-09-08T05:19:54.038+0000] {dag.py:4180} INFO - Setting next_dagrun for branching_dag to None, run_after=None
[2026-09-08T05:19:54.243+0000] {processor.py:208} INFO - Processing /opt/airflow/dags/03_branching_dag.py took 0.268 seconds
[2026-09-08T05:20:24.358+0000] {processor.py:186} INFO - Started process (PID=1435) to work on /opt/airflow/dags/03_branching_dag.py
[2026-09-08T05:20:24.358+0000] {processor.py:914} INFO - Processing file /opt/airflow/dags/03_branching_dag.py for tasks to queue
[2026-09-08T05:20:24.360+0000] {logging_mixin.py:190} INFO - [2026-09-08T05:20:24.360+0000] {dagbag.py:588} INFO - Filling up the DagBag from /opt/airflow/dags/03_branching_dag.py
[2026-09-08T05:20:24.378+0000] {processor.py:925} INFO - DAG(s) 'branching_dag' retrieved from /opt/airflow/dags/03_branching_dag.py
[2026-09-08T05:20:24.402+0000] {logging_mixin.py:190} INFO - [2026-09-08T05:20:24.402+0000] {dag.py:3239} INFO - Sync 1 DAGs
[2026-09-08T05:20:24.415+0000] {logging_mixin.py:190} INFO - [2026-09-08T05:20:24.415+0000] {dag.py:4180} INFO - Setting next_dagrun for branching_dag to None, run_after=None
[2026-09-08T05:20:24.434+0000] {processor.py:208} INFO - Processing /opt/airflow/dags/03_branching_dag.py took 0.083 seconds
[2026-09-08T05:20:54.762+0000] {processor.py:186} INFO - Started process (PID=1449) to work on /opt/airflow/dags/03_branching_dag.py
[2026-09-08T05:20:54.763+0000] {processor.py:914} INFO - Processing file /opt/airflow/dags/03_branching_dag.py for tasks to queue
[2026-09-08T05:20:54.764+0000] {logging_mixin.py:190} INFO - [2026-09-08T05:20:54.763+0000] {dagbag.py:588} INFO - Filling up the DagBag from /opt/airflow/dags/03_branching_dag.py
[2026-09-08T05:20:54.778+0000] {processor.py:925} INFO - DAG(s) 'branching_dag' retrieved from /opt/airflow/dags/03_branching_dag.py
[2026-09-08T05:20:54.801+0000] {logging_mixin.py:190} INFO - [2026-09-08T05:20:54.801+0000] {dag.py:3239} INFO - Sync 1 DAGs
[2026-09-08T05:20:54.814+0000] {logging_mixin.py:190} INFO - [2026-09-08T05:20:54.813+0000] {dag.py:4180} INFO - Setting next_dagrun for branching_dag to None, run_after=None
[2026-09-08T05:20:54.834+0000] {processor.py:208} INFO - Processing /opt/airflow/dags/03_branching_dag.py took 0.077 seconds
[2026-09-08T05:21:25.420+0000] {processor.py:186} INFO - Started process (PID=1463) to work on /opt/airflow/dags/03_branching_dag.py
[2026-09-08T05:21:25.421+0000] {processor.py:914} INFO - Processing file /opt/airflow/dags/03_branching_dag.py for tasks to queue
[2026-09-08T05:21:25.423+0000] {logging_mixin.py:190} INFO - [2026-09-08T05:21:25.423+0000] {dagbag.py:588} INFO - Filling up the DagBag from /opt/airflow/dags/03_branching_dag.py
[2026-09-08T05:21:25.442+0000] {processor.py:925} INFO - DAG(s) 'branching_dag' retrieved from /opt/airflow/dags/03_branching_dag.py
[2026-09-08T05:21:25.473+0000] {logging_mixin.py:190} INFO - [2026-09-08T05:21:25.473+0000] {dag.py:3239} INFO - Sync 1 DAGs
[2026-09-08T05:21:25.630+0000] {logging_mixin.py:190} INFO - [2026-09-08T05:21:25.630+0000] {dag.py:4180} INFO - Setting next_dagrun for branching_dag to None, run_after=None
[2026-09-08T05:21:25.649+0000] {processor.py:208} INFO - Processing /opt/airflow/dags/03_branching_dag.py took 0.235 seconds
[2026-09-08T05:21:55.907+0000] {processor.py:186} INFO - Started process (PID=1477) to work on /opt/airflow/dags/03_branching_dag.py
[2026-09-08T05:21:55.907+0000] {processor.py:914} INFO - Processing file /opt/airflow/dags/03_branching_dag.py for tasks to queue
[2026-09-08T05:21:55.909+0000] {logging_mixin.py:190} INFO - [2026-09-08T05:21:55.908+0000] {dagbag.py:588} INFO - Filling up the DagBag from /opt/airflow/dags/03_branching_dag.py
[2026-09-08T05:21:55.923+0000] {processor.py:925} INFO - DAG(s) 'branching_dag' retrieved from /opt/airflow/dags/03_branching_dag.py
[2026-09-08T05:21:55.952+0000] {logging_mixin.py:190} INFO - [2026-09-08T05:21:55.952+0000] {dag.py:3239} INFO - Sync 1 DAGs
[2026-09-08T05:21:55.971+0000] {logging_mixin.py:190} INFO - [2026-09-08T05:21:55.971+0000] {dag.py:4180} INFO - Setting next_dagrun for branching_dag to None, run_after=None
[2026-09-08T05:21:55.999+0000] {processor.py:208} INFO - Processing /opt/airflow/dags/03_branching_dag.py took 0.097 seconds
[2026-09-08T05:22:26.412+0000] {processor.py:186} INFO - Started process (PID=1491) to work on /opt/airflow/dags/03_branching_dag.py
[2026-09-08T05:22:26.413+0000] {processor.py:914} INFO - Processing file /opt/airflow/dags/03_branching_dag.py for tasks to queue
[2026-09-08T05:22:26.414+0000] {logging_mixin.py:190} INFO - [2026-09-08T05:22:26.414+0000] {dagbag.py:588} INFO - Filling up the DagBag from /opt/airflow/dags/03_branching_dag.py
[2026-09-08T05:22:26.431+0000] {processor.py:925} INFO - DAG(s) 'branching_dag' retrieved from /opt/airflow/dags/03_branching_dag.py
[2026-09-08T05:22:26.458+0000] {logging_mixin.py:190} INFO - [2026-09-08T05:22:26.458+0000] {dag.py:3239} INFO - Sync 1 DAGs
[2026-09-08T05:22:26.618+0000] {logging_mixin.py:190} INFO - [2026-09-08T05:22:26.618+0000] {dag.py:4180} INFO - Setting next_dagrun for branching_dag to None, run_after=None
[2026-09-08T05:22:26.640+0000] {processor.py:208} INFO - Processing /opt/airflow/dags/03_branching_dag.py took 0.235 seconds
[2026-09-08T05:22:57.098+0000] {processor.py:186} INFO - Started process (PID=1505) to work on /opt/airflow/dags/03_branching_dag.py
[2026-09-08T05:22:57.099+0000] {processor.py:914} INFO - Processing file /opt/airflow/dags/03_branching_dag.py for tasks to queue
[2026-09-08T05:22:57.106+0000] {logging_mixin.py:190} INFO - [2026-09-08T05:22:57.106+0000] {dagbag.py:588} INFO - Filling up the DagBag from /opt/airflow/dags/03_branching_dag.py
[2026-09-08T05:22:57.120+0000] {processor.py:925} INFO - DAG(s) 'branching_dag' retrieved from /opt/airflow/dags/03_branching_dag.py
[2026-09-08T05:22:57.142+0000] {logging_mixin.py:190} INFO - [2026-09-08T05:22:57.142+0000] {dag.py:3239} INFO - Sync 1 DAGs
[2026-09-08T05:22:57.154+0000] {logging_mixin.py:190} INFO - [2026-09-08T05:22:57.154+0000] {dag.py:4180} INFO - Setting next_dagrun for branching_dag to None, run_after=None
[2026-09-08T05:22:57.175+0000] {processor.py:208} INFO - Processing /opt/airflow/dags/03_branching_dag.py took 0.082 seconds
[2026-09-08T05:23:27.622+0000] {processor.py:186} INFO - Started process (PID=1519) to work on /opt/airflow/dags/03_branching_dag.py
[2026-09-08T05:23:27.623+0000] {processor.py:914} INFO - Processing file /opt/airflow/dags/03_branching_dag.py for tasks to queue
[2026-09-08T05:23:27.624+0000] {logging_mixin.py:190} INFO - [2026-09-08T05:23:27.624+0000] {dagbag.py:588} INFO - Filling up the DagBag from /opt/airflow/dags/03_branching_dag.py
[2026-09-08T05:23:27.641+0000] {processor.py:925} INFO - DAG(s) 'branching_dag' retrieved from /opt/airflow/dags/03_branching_dag.py
[2026-09-08T05:23:27.667+0000] {logging_mixin.py:190} INFO - [2026-09-08T05:23:27.667+0000] {dag.py:3239} INFO - Sync 1 DAGs
[2026-09-08T05:23:27.682+0000] {logging_mixin.py:190} INFO - [2026-09-08T05:23:27.682+0000] {dag.py:4180} INFO - Setting next_dagrun for branching_dag to None, run_after=None
[2026-09-08T05:23:27.851+0000] {processor.py:208} INFO - Processing /opt/airflow/dags/03_branching_dag.py took 0.236 seconds
[2026-09-08T05:23:58.286+0000] {processor.py:186} INFO - Started process (PID=1539) to work on /opt/airflow/dags/03_branching_dag.py
[2026-09-08T05:23:58.287+0000] {processor.py:914} INFO - Processing file /opt/airflow/dags/03_branching_dag.py for tasks to queue
[2026-09-08T05:23:58.289+0000] {logging_mixin.py:190} INFO - [2026-09-08T05:23:58.289+0000] {dagbag.py:588} INFO - Filling up the DagBag from /opt/airflow/dags/03_branching_dag.py
[2026-09-08T05:23:58.305+0000] {processor.py:925} INFO - DAG(s) 'branching_dag' retrieved from /opt/airflow/dags/03_branching_dag.py
[2026-09-08T05:23:58.458+0000] {logging_mixin.py:190} INFO - [2026-09-08T05:23:58.458+0000] {dag.py:3239} INFO - Sync 1 DAGs
[2026-09-08T05:23:58.471+0000] {logging_mixin.py:190} INFO - [2026-09-08T05:23:58.470+0000] {dag.py:4180} INFO - Setting next_dagrun for branching_dag to None, run_after=None
[2026-09-08T05:23:58.488+0000] {processor.py:208} INFO - Processing /opt/airflow/dags/03_branching_dag.py took 0.209 seconds
[2026-09-08T05:24:29.067+0000] {processor.py:186} INFO - Started process (PID=1553) to work on /opt/airflow/dags/03_branching_dag.py
[2026-09-08T05:24:29.068+0000] {processor.py:914} INFO - Processing file /opt/airflow/dags/03_branching_dag.py for tasks to queue
[2026-09-08T05:24:29.069+0000] {logging_mixin.py:190} INFO - [2026-09-08T05:24:29.069+0000] {dagbag.py:588} INFO - Filling up the DagBag from /opt/airflow/dags/03_branching_dag.py
[2026-09-08T05:24:29.088+0000] {processor.py:925} INFO - DAG(s) 'branching_dag' retrieved from /opt/airflow/dags/03_branching_dag.py
[2026-09-08T05:24:29.122+0000] {logging_mixin.py:190} INFO - [2026-09-08T05:24:29.121+0000] {dag.py:3239} INFO - Sync 1 DAGs
[2026-09-08T05:24:29.143+0000] {logging_mixin.py:190} INFO - [2026-09-08T05:24:29.143+0000] {dag.py:4180} INFO - Setting next_dagrun for branching_dag to None, run_after=None
[2026-09-08T05:24:29.168+0000] {processor.py:208} INFO - Processing /opt/airflow/dags/03_branching_dag.py took 0.107 seconds
[2026-09-08T05:24:59.527+0000] {processor.py:186} INFO - Started process (PID=1567) to work on /opt/airflow/dags/03_branching_dag.py
[2026-09-08T05:24:59.528+0000] {processor.py:914} INFO - Processing file /opt/airflow/dags/03_branching_dag.py for tasks to queue
[2026-09-08T05:24:59.529+0000] {logging_mixin.py:190} INFO - [2026-09-08T05:24:59.528+0000] {dagbag.py:588} INFO - Filling up the DagBag from /opt/airflow/dags/03_branching_dag.py
[2026-09-08T05:24:59.544+0000] {processor.py:925} INFO - DAG(s) 'branching_dag' retrieved from /opt/airflow/dags/03_branching_dag.py
[2026-09-08T05:24:59.571+0000] {logging_mixin.py:190} INFO - [2026-09-08T05:24:59.571+0000] {dag.py:3239} INFO - Sync 1 DAGs
[2026-09-08T05:24:59.588+0000] {logging_mixin.py:190} INFO - [2026-09-08T05:24:59.588+0000] {dag.py:4180} INFO - Setting next_dagrun for branching_dag to None, run_after=None
[2026-09-08T05:24:59.626+0000] {processor.py:208} INFO - Processing /opt/airflow/dags/03_branching_dag.py took 0.105 seconds
[2026-09-08T05:25:29.980+0000] {processor.py:186} INFO - Started process (PID=1581) to work on /opt/airflow/dags/03_branching_dag.py
[2026-09-08T05:25:29.980+0000] {processor.py:914} INFO - Processing file /opt/airflow/dags/03_branching_dag.py for tasks to queue
[2026-09-08T05:25:29.982+0000] {logging_mixin.py:190} INFO - [2026-09-08T05:25:29.982+0000] {dagbag.py:588} INFO - Filling up the DagBag from /opt/airflow/dags/03_branching_dag.py
[2026-09-08T05:25:29.997+0000] {processor.py:925} INFO - DAG(s) 'branching_dag' retrieved from /opt/airflow/dags/03_branching_dag.py
[2026-09-08T05:25:30.018+0000] {logging_mixin.py:190} INFO - [2026-09-08T05:25:30.018+0000] {dag.py:3239} INFO - Sync 1 DAGs
[2026-09-08T05:25:30.030+0000] {logging_mixin.py:190} INFO - [2026-09-08T05:25:30.030+0000] {dag.py:4180} INFO - Setting next_dagrun for branching_dag to None, run_after=None
[2026-09-08T05:25:30.054+0000] {processor.py:208} INFO - Processing /opt/airflow/dags/03_branching_dag.py took 0.079 seconds
[2026-09-08T05:26:00.457+0000] {processor.py:186} INFO - Started process (PID=1595) to work on /opt/airflow/dags/03_branching_dag.py
[2026-09-08T05:26:00.458+0000] {processor.py:914} INFO - Processing file /opt/airflow/dags/03_branching_dag.py for tasks to queue
[2026-09-08T05:26:00.459+0000] {logging_mixin.py:190} INFO - [2026-09-08T05:26:00.458+0000] {dagbag.py:588} INFO - Filling up the DagBag from /opt/airflow/dags/03_branching_dag.py
[2026-09-08T05:26:00.472+0000] {processor.py:925} INFO - DAG(s) 'branching_dag' retrieved from /opt/airflow/dags/03_branching_dag.py
[2026-09-08T05:26:00.495+0000] {logging_mixin.py:190} INFO - [2026-09-08T05:26:00.494+0000] {dag.py:3239} INFO - Sync 1 DAGs
[2026-09-08T05:26:00.509+0000] {logging_mixin.py:190} INFO - [2026-09-08T05:26:00.508+0000] {dag.py:4180} INFO - Setting next_dagrun for branching_dag to None, run_after=None
[2026-09-08T05:26:00.527+0000] {processor.py:208} INFO - Processing /opt/airflow/dags/03_branching_dag.py took 0.074 seconds
[2026-09-08T05:26:30.999+0000] {processor.py:186} INFO - Started process (PID=1609) to work on /opt/airflow/dags/03_branching_dag.py
[2026-09-08T05:26:30.999+0000] {processor.py:914} INFO - Processing file /opt/airflow/dags/03_branching_dag.py for tasks to queue
[2026-09-08T05:26:31.001+0000] {logging_mixin.py:190} INFO - [2026-09-08T05:26:31.000+0000] {dagbag.py:588} INFO - Filling up the DagBag from /opt/airflow/dags/03_branching_dag.py
[2026-09-08T05:26:31.018+0000] {processor.py:925} INFO - DAG(s) 'branching_dag' retrieved from /opt/airflow/dags/03_branching_dag.py
[2026-09-08T05:26:31.040+0000] {logging_mixin.py:190} INFO - [2026-09-08T05:26:31.040+0000] {dag.py:3239} INFO - Sync 1 DAGs
[2026-09-08T05:26:31.053+0000] {logging_mixin.py:190} INFO - [2026-09-08T05:26:31.053+0000] {dag.py:4180} INFO - Setting next_dagrun for branching_dag to None, run_after=None
[2026-09-08T05:26:31.070+0000] {processor.py:208} INFO - Processing /opt/airflow/dags/03_branching_dag.py took 0.078 seconds
[2026-09-08T05:27:01.440+0000] {processor.py:186} INFO - Started process (PID=1623) to work on /opt/airflow/dags/03_branching_dag.py
[2026-09-08T05:27:01.441+0000] {processor.py:914} INFO - Processing file /opt/airflow/dags/03_branching_dag.py for tasks to queue
[2026-09-08T05:27:01.442+0000] {logging_mixin.py:190} INFO - [2026-09-08T05:27:01.442+0000] {dagbag.py:588} INFO - Filling up the DagBag from /opt/airflow/dags/03_branching_dag.py
[2026-09-08T05:27:01.462+0000] {processor.py:925} INFO - DAG(s) 'branching_dag' retrieved from /opt/airflow/dags/03_branching_dag.py
[2026-09-08T05:27:01.490+0000] {logging_mixin.py:190} INFO - [2026-09-08T05:27:01.490+0000] {dag.py:3239} INFO - Sync 1 DAGs
[2026-09-08T05:27:01.506+0000] {logging_mixin.py:190} INFO - [2026-09-08T05:27:01.506+0000] {dag.py:4180} INFO - Setting next_dagrun for branching_dag to None, run_after=None
[2026-09-08T05:27:01.530+0000] {processor.py:208} INFO - Processing /opt/airflow/dags/03_branching_dag.py took 0.097 seconds
[2026-09-08T05:27:32.068+0000] {processor.py:186} INFO - Started process (PID=1637) to work on /opt/airflow/dags/03_branching_dag.py
[2026-09-08T05:27:32.069+0000] {processor.py:914} INFO - Processing file /opt/airflow/dags/03_branching_dag.py for tasks to queue
[2026-09-08T05:27:32.071+0000] {logging_mixin.py:190} INFO - [2026-09-08T05:27:32.070+0000] {dagbag.py:588} INFO - Filling up the DagBag from /opt/airflow/dags/03_branching_dag.py
[2026-09-08T05:27:32.087+0000] {processor.py:925} INFO - DAG(s) 'branching_dag' retrieved from /opt/airflow/dags/03_branching_dag.py
[2026-09-08T05:27:32.115+0000] {logging_mixin.py:190} INFO - [2026-09-08T05:27:32.115+0000] {dag.py:3239} INFO - Sync 1 DAGs
[2026-09-08T05:27:32.130+0000] {logging_mixin.py:190} INFO - [2026-09-08T05:27:32.130+0000] {dag.py:4180} INFO - Setting next_dagrun for branching_dag to None, run_after=None
[2026-09-08T05:27:32.153+0000] {processor.py:208} INFO - Processing /opt/airflow/dags/03_branching_dag.py took 0.092 seconds
[2026-09-08T05:28:02.657+0000] {processor.py:186} INFO - Started process (PID=1651) to work on /opt/airflow/dags/03_branching_dag.py
[2026-09-08T05:28:02.658+0000] {processor.py:914} INFO - Processing file /opt/airflow/dags/03_branching_dag.py for tasks to queue
[2026-09-08T05:28:02.660+0000] {logging_mixin.py:190} INFO - [2026-09-08T05:28:02.660+0000] {dagbag.py:588} INFO - Filling up the DagBag from /opt/airflow/dags/03_branching_dag.py
[2026-09-08T05:28:02.683+0000] {processor.py:925} INFO - DAG(s) 'branching_dag' retrieved from /opt/airflow/dags/03_branching_dag.py
[2026-09-08T05:28:02.711+0000] {logging_mixin.py:190} INFO - [2026-09-08T05:28:02.711+0000] {dag.py:3239} INFO - Sync 1 DAGs
[2026-09-08T05:28:02.729+0000] {logging_mixin.py:190} INFO - [2026-09-08T05:28:02.729+0000] {dag.py:4180} INFO - Setting next_dagrun for branching_dag to None, run_after=None
[2026-09-08T05:28:02.758+0000] {processor.py:208} INFO - Processing /opt/airflow/dags/03_branching_dag.py took 0.106 seconds
[2026-09-08T05:28:32.916+0000] {processor.py:186} INFO - Started process (PID=1665) to work on /opt/airflow/dags/03_branching_dag.py
[2026-09-08T05:28:32.916+0000] {processor.py:914} INFO - Processing file /opt/airflow/dags/03_branching_dag.py for tasks to queue
[2026-09-08T05:28:32.918+0000] {logging_mixin.py:190} INFO - [2026-09-08T05:28:32.918+0000] {dagbag.py:588} INFO - Filling up the DagBag from /opt/airflow/dags/03_branching_dag.py
[2026-09-08T05:28:32.937+0000] {processor.py:925} INFO - DAG(s) 'branching_dag' retrieved from /opt/airflow/dags/03_branching_dag.py
[2026-09-08T05:28:32.981+0000] {logging_mixin.py:190} INFO - [2026-09-08T05:28:32.981+0000] {dag.py:3239} INFO - Sync 1 DAGs
[2026-09-08T05:28:32.999+0000] {logging_mixin.py:190} INFO - [2026-09-08T05:28:32.999+0000] {dag.py:4180} INFO - Setting next_dagrun for branching_dag to None, run_after=None
[2026-09-08T05:28:33.025+0000] {processor.py:208} INFO - Processing /opt/airflow/dags/03_branching_dag.py took 0.116 seconds
[2026-09-08T05:29:03.202+0000] {processor.py:186} INFO - Started process (PID=1679) to work on /opt/airflow/dags/03_branching_dag.py
[2026-09-08T05:29:03.206+0000] {processor.py:914} INFO - Processing file /opt/airflow/dags/03_branching_dag.py for tasks to queue
[2026-09-08T05:29:03.211+0000] {logging_mixin.py:190} INFO - [2026-09-08T05:29:03.209+0000] {dagbag.py:588} INFO - Filling up the DagBag from /opt/airflow/dags/03_branching_dag.py
[2026-09-08T05:29:03.231+0000] {processor.py:925} INFO - DAG(s) 'branching_dag' retrieved from /opt/airflow/dags/03_branching_dag.py
[2026-09-08T05:29:03.265+0000] {logging_mixin.py:190} INFO - [2026-09-08T05:29:03.265+0000] {dag.py:3239} INFO - Sync 1 DAGs
[2026-09-08T05:29:03.283+0000] {logging_mixin.py:190} INFO - [2026-09-08T05:29:03.283+0000] {dag.py:4180} INFO - Setting next_dagrun for branching_dag to None, run_after=None
[2026-09-08T05:29:03.318+0000] {processor.py:208} INFO - Processing /opt/airflow/dags/03_branching_dag.py took 0.123 seconds
[2026-09-08T05:29:33.487+0000] {processor.py:186} INFO - Started process (PID=1693) to work on /opt/airflow/dags/03_branching_dag.py
[2026-09-08T05:29:33.488+0000] {processor.py:914} INFO - Processing file /opt/airflow/dags/03_branching_dag.py for tasks to queue
[2026-09-08T05:29:33.490+0000] {logging_mixin.py:190} INFO - [2026-09-08T05:29:33.489+0000] {dagbag.py:588} INFO - Filling up the DagBag from /opt/airflow/dags/03_branching_dag.py
[2026-09-08T05:29:33.516+0000] {processor.py:925} INFO - DAG(s) 'branching_dag' retrieved from /opt/airflow/dags/03_branching_dag.py
[2026-09-08T05:29:33.553+0000] {logging_mixin.py:190} INFO - [2026-09-08T05:29:33.553+0000] {dag.py:3239} INFO - Sync 1 DAGs
[2026-09-08T05:29:33.574+0000] {logging_mixin.py:190} INFO - [2026-09-08T05:29:33.573+0000] {dag.py:4180} INFO - Setting next_dagrun for branching_dag to None, run_after=None
[2026-09-08T05:29:33.599+0000] {processor.py:208} INFO - Processing /opt/airflow/dags/03_branching_dag.py took 0.118 seconds
[2026-09-08T05:30:03.789+0000] {processor.py:186} INFO - Started process (PID=1707) to work on /opt/airflow/dags/03_branching_dag.py
[2026-09-08T05:30:03.790+0000] {processor.py:914} INFO - Processing file /opt/airflow/dags/03_branching_dag.py for tasks to queue
[2026-09-08T05:30:03.792+0000] {logging_mixin.py:190} INFO - [2026-09-08T05:30:03.792+0000] {dagbag.py:588} INFO - Filling up the DagBag from /opt/airflow/dags/03_branching_dag.py
[2026-09-08T05:30:03.825+0000] {processor.py:925} INFO - DAG(s) 'branching_dag' retrieved from /opt/airflow/dags/03_branching_dag.py
[2026-09-08T05:30:03.874+0000] {logging_mixin.py:190} INFO - [2026-09-08T05:30:03.874+0000] {dag.py:3239} INFO - Sync 1 DAGs
[2026-09-08T05:30:03.896+0000] {logging_mixin.py:190} INFO - [2026-09-08T05:30:03.896+0000] {dag.py:4180} INFO - Setting next_dagrun for branching_dag to None, run_after=None
[2026-09-08T05:30:03.930+0000] {processor.py:208} INFO - Processing /opt/airflow/dags/03_branching_dag.py took 0.149 seconds
[2026-09-08T05:30:33.982+0000] {processor.py:186} INFO - Started process (PID=1721) to work on /opt/airflow/dags/03_branching_dag.py
[2026-09-08T05:30:33.983+0000] {processor.py:914} INFO - Processing file /opt/airflow/dags/03_branching_dag.py for tasks to queue
[2026-09-08T05:30:33.985+0000] {logging_mixin.py:190} INFO - [2026-09-08T05:30:33.985+0000] {dagbag.py:588} INFO - Filling up the DagBag from /opt/airflow/dags/03_branching_dag.py
[2026-09-08T05:30:34.004+0000] {processor.py:925} INFO - DAG(s) 'branching_dag' retrieved from /opt/airflow/dags/03_branching_dag.py
[2026-09-08T05:30:34.038+0000] {logging_mixin.py:190} INFO - [2026-09-08T05:30:34.037+0000] {dag.py:3239} INFO - Sync 1 DAGs
[2026-09-08T05:30:34.054+0000] {logging_mixin.py:190} INFO - [2026-09-08T05:30:34.054+0000] {dag.py:4180} INFO - Setting next_dagrun for branching_dag to None, run_after=None
[2026-09-08T05:30:34.082+0000] {processor.py:208} INFO - Processing /opt/airflow/dags/03_branching_dag.py took 0.107 seconds
[2026-09-08T05:31:04.259+0000] {processor.py:186} INFO - Started process (PID=1735) to work on /opt/airflow/dags/03_branching_dag.py
[2026-09-08T05:31:04.260+0000] {processor.py:914} INFO - Processing file /opt/airflow/dags/03_branching_dag.py for tasks to queue
[2026-09-08T05:31:04.262+0000] {logging_mixin.py:190} INFO - [2026-09-08T05:31:04.261+0000] {dagbag.py:588} INFO - Filling up the DagBag from /opt/airflow/dags/03_branching_dag.py
[2026-09-08T05:31:04.287+0000] {processor.py:925} INFO - DAG(s) 'branching_dag' retrieved from /opt/airflow/dags/03_branching_dag.py
[2026-09-08T05:31:04.318+0000] {logging_mixin.py:190} INFO - [2026-09-08T05:31:04.318+0000] {dag.py:3239} INFO - Sync 1 DAGs
[2026-09-08T05:31:04.338+0000] {logging_mixin.py:190} INFO - [2026-09-08T05:31:04.338+0000] {dag.py:4180} INFO - Setting next_dagrun for branching_dag to None, run_after=None
[2026-09-08T05:31:04.365+0000] {processor.py:208} INFO - Processing /opt/airflow/dags/03_branching_dag.py took 0.113 seconds
[2026-09-08T05:31:34.493+0000] {processor.py:186} INFO - Started process (PID=1749) to work on /opt/airflow/dags/03_branching_dag.py
[2026-09-08T05:31:34.493+0000] {processor.py:914} INFO - Processing file /opt/airflow/dags/03_branching_dag.py for tasks to queue
[2026-09-08T05:31:34.495+0000] {logging_mixin.py:190} INFO - [2026-09-08T05:31:34.495+0000] {dagbag.py:588} INFO - Filling up the DagBag from /opt/airflow/dags/03_branching_dag.py
[2026-09-08T05:31:34.521+0000] {processor.py:925} INFO - DAG(s) 'branching_dag' retrieved from /opt/airflow/dags/03_branching_dag.py
[2026-09-08T05:31:34.556+0000] {logging_mixin.py:190} INFO - [2026-09-08T05:31:34.555+0000] {dag.py:3239} INFO - Sync 1 DAGs
[2026-09-08T05:31:34.578+0000] {logging_mixin.py:190} INFO - [2026-09-08T05:31:34.577+0000] {dag.py:4180} INFO - Setting next_dagrun for branching_dag to None, run_after=None
[2026-09-08T05:31:34.608+0000] {processor.py:208} INFO - Processing /opt/airflow/dags/03_branching_dag.py took 0.122 seconds
[2026-09-08T05:32:04.883+0000] {processor.py:186} INFO - Started process (PID=1763) to work on /opt/airflow/dags/03_branching_dag.py
[2026-09-08T05:32:04.884+0000] {processor.py:914} INFO - Processing file /opt/airflow/dags/03_branching_dag.py for tasks to queue
[2026-09-08T05:32:04.890+0000] {logging_mixin.py:190} INFO - [2026-09-08T05:32:04.887+0000] {dagbag.py:588} INFO - Filling up the DagBag from /opt/airflow/dags/03_branching_dag.py
[2026-09-08T05:32:04.993+0000] {processor.py:925} INFO - DAG(s) 'branching_dag' retrieved from /opt/airflow/dags/03_branching_dag.py
[2026-09-08T05:32:05.085+0000] {logging_mixin.py:190} INFO - [2026-09-08T05:32:05.084+0000] {dag.py:3239} INFO - Sync 1 DAGs
[2026-09-08T05:32:05.126+0000] {logging_mixin.py:190} INFO - [2026-09-08T05:32:05.125+0000] {dag.py:4180} INFO - Setting next_dagrun for branching_dag to None, run_after=None
[2026-09-08T05:32:05.181+0000] {processor.py:208} INFO - Processing /opt/airflow/dags/03_branching_dag.py took 0.305 seconds
[2026-09-08T05:32:35.364+0000] {processor.py:186} INFO - Started process (PID=1777) to work on /opt/airflow/dags/03_branching_dag.py
[2026-09-08T05:32:35.365+0000] {processor.py:914} INFO - Processing file /opt/airflow/dags/03_branching_dag.py for tasks to queue
[2026-09-08T05:32:35.367+0000] {logging_mixin.py:190} INFO - [2026-09-08T05:32:35.366+0000] {dagbag.py:588} INFO - Filling up the DagBag from /opt/airflow/dags/03_branching_dag.py
[2026-09-08T05:32:35.384+0000] {processor.py:925} INFO - DAG(s) 'branching_dag' retrieved from /opt/airflow/dags/03_branching_dag.py
[2026-09-08T05:32:35.416+0000] {logging_mixin.py:190} INFO - [2026-09-08T05:32:35.416+0000] {dag.py:3239} INFO - Sync 1 DAGs
[2026-09-08T05:32:35.435+0000] {logging_mixin.py:190} INFO - [2026-09-08T05:32:35.435+0000] {dag.py:4180} INFO - Setting next_dagrun for branching_dag to None, run_after=None
[2026-09-08T05:32:35.467+0000] {processor.py:208} INFO - Processing /opt/airflow/dags/03_branching_dag.py took 0.112 seconds
[2026-09-08T05:33:05.613+0000] {processor.py:186} INFO - Started process (PID=1791) to work on /opt/airflow/dags/03_branching_dag.py
[2026-09-08T05:33:05.613+0000] {processor.py:914} INFO - Processing file /opt/airflow/dags/03_branching_dag.py for tasks to queue
[2026-09-08T05:33:05.615+0000] {logging_mixin.py:190} INFO - [2026-09-08T05:33:05.614+0000] {dagbag.py:588} INFO - Filling up the DagBag from /opt/airflow/dags/03_branching_dag.py
[2026-09-08T05:33:05.633+0000] {processor.py:925} INFO - DAG(s) 'branching_dag' retrieved from /opt/airflow/dags/03_branching_dag.py
[2026-09-08T05:33:05.665+0000] {logging_mixin.py:190} INFO - [2026-09-08T05:33:05.664+0000] {dag.py:3239} INFO - Sync 1 DAGs
[2026-09-08T05:33:05.682+0000] {logging_mixin.py:190} INFO - [2026-09-08T05:33:05.682+0000] {dag.py:4180} INFO - Setting next_dagrun for branching_dag to None, run_after=None
[2026-09-08T05:33:05.707+0000] {processor.py:208} INFO - Processing /opt/airflow/dags/03_branching_dag.py took 0.101 seconds
[2026-09-08T05:33:36.328+0000] {processor.py:186} INFO - Started process (PID=1805) to work on /opt/airflow/dags/03_branching_dag.py
[2026-09-08T05:33:36.331+0000] {processor.py:914} INFO - Processing file /opt/airflow/dags/03_branching_dag.py for tasks to queue
[2026-09-08T05:33:36.333+0000] {logging_mixin.py:190} INFO - [2026-09-08T05:33:36.332+0000] {dagbag.py:588} INFO - Filling up the DagBag from /opt/airflow/dags/03_branching_dag.py
[2026-09-08T05:33:36.372+0000] {processor.py:925} INFO - DAG(s) 'branching_dag' retrieved from /opt/airflow/dags/03_branching_dag.py
[2026-09-08T05:33:36.408+0000] {logging_mixin.py:190} INFO - [2026-09-08T05:33:36.407+0000] {dag.py:3239} INFO - Sync 1 DAGs
[2026-09-08T05:33:36.430+0000] {logging_mixin.py:190} INFO - [2026-09-08T05:33:36.430+0000] {dag.py:4180} INFO - Setting next_dagrun for branching_dag to None, run_after=None
[2026-09-08T05:33:36.467+0000] {processor.py:208} INFO - Processing /opt/airflow/dags/03_branching_dag.py took 0.146 seconds
[2026-09-08T05:34:06.790+0000] {processor.py:186} INFO - Started process (PID=1819) to work on /opt/airflow/dags/03_branching_dag.py
[2026-09-08T05:34:06.790+0000] {processor.py:914} INFO - Processing file /opt/airflow/dags/03_branching_dag.py for tasks to queue
[2026-09-08T05:34:06.795+0000] {logging_mixin.py:190} INFO - [2026-09-08T05:34:06.794+0000] {dagbag.py:588} INFO - Filling up the DagBag from /opt/airflow/dags/03_branching_dag.py
[2026-09-08T05:34:06.818+0000] {processor.py:925} INFO - DAG(s) 'branching_dag' retrieved from /opt/airflow/dags/03_branching_dag.py
[2026-09-08T05:34:06.851+0000] {logging_mixin.py:190} INFO - [2026-09-08T05:34:06.851+0000] {dag.py:3239} INFO - Sync 1 DAGs
[2026-09-08T05:34:06.876+0000] {logging_mixin.py:190} INFO - [2026-09-08T05:34:06.876+0000] {dag.py:4180} INFO - Setting next_dagrun for branching_dag to None, run_after=None
[2026-09-08T05:34:06.904+0000] {processor.py:208} INFO - Processing /opt/airflow/dags/03_branching_dag.py took 0.121 seconds
[2026-09-08T05:34:37.218+0000] {processor.py:186} INFO - Started process (PID=1834) to work on /opt/airflow/dags/03_branching_dag.py
[2026-09-08T05:34:37.220+0000] {processor.py:914} INFO - Processing file /opt/airflow/dags/03_branching_dag.py for tasks to queue
[2026-09-08T05:34:37.233+0000] {logging_mixin.py:190} INFO - [2026-09-08T05:34:37.232+0000] {dagbag.py:588} INFO - Filling up the DagBag from /opt/airflow/dags/03_branching_dag.py
[2026-09-08T05:34:37.267+0000] {processor.py:925} INFO - DAG(s) 'branching_dag' retrieved from /opt/airflow/dags/03_branching_dag.py
[2026-09-08T05:34:37.335+0000] {logging_mixin.py:190} INFO - [2026-09-08T05:34:37.335+0000] {dag.py:3239} INFO - Sync 1 DAGs
[2026-09-08T05:34:37.379+0000] {logging_mixin.py:190} INFO - [2026-09-08T05:34:37.378+0000] {dag.py:4180} INFO - Setting next_dagrun for branching_dag to None, run_after=None
[2026-09-08T05:34:37.412+0000] {processor.py:208} INFO - Processing /opt/airflow/dags/03_branching_dag.py took 0.211 seconds
[2026-09-08T05:35:07.473+0000] {processor.py:186} INFO - Started process (PID=1848) to work on /opt/airflow/dags/03_branching_dag.py
[2026-09-08T05:35:07.474+0000] {processor.py:914} INFO - Processing file /opt/airflow/dags/03_branching_dag.py for tasks to queue
[2026-09-08T05:35:07.476+0000] {logging_mixin.py:190} INFO - [2026-09-08T05:35:07.475+0000] {dagbag.py:588} INFO - Filling up the DagBag from /opt/airflow/dags/03_branching_dag.py
[2026-09-08T05:35:07.502+0000] {processor.py:925} INFO - DAG(s) 'branching_dag' retrieved from /opt/airflow/dags/03_branching_dag.py
[2026-09-08T05:35:07.539+0000] {logging_mixin.py:190} INFO - [2026-09-08T05:35:07.538+0000] {dag.py:3239} INFO - Sync 1 DAGs
[2026-09-08T05:35:07.557+0000] {logging_mixin.py:190} INFO - [2026-09-08T05:35:07.557+0000] {dag.py:4180} INFO - Setting next_dagrun for branching_dag to None, run_after=None
[2026-09-08T05:35:07.594+0000] {processor.py:208} INFO - Processing /opt/airflow/dags/03_branching_dag.py took 0.127 seconds
[2026-09-08T05:35:38.148+0000] {processor.py:186} INFO - Started process (PID=1862) to work on /opt/airflow/dags/03_branching_dag.py
[2026-09-08T05:35:38.150+0000] {processor.py:914} INFO - Processing file /opt/airflow/dags/03_branching_dag.py for tasks to queue
[2026-09-08T05:35:38.154+0000] {logging_mixin.py:190} INFO - [2026-09-08T05:35:38.154+0000] {dagbag.py:588} INFO - Filling up the DagBag from /opt/airflow/dags/03_branching_dag.py
[2026-09-08T05:35:38.172+0000] {processor.py:925} INFO - DAG(s) 'branching_dag' retrieved from /opt/airflow/dags/03_branching_dag.py
[2026-09-08T05:35:38.209+0000] {logging_mixin.py:190} INFO - [2026-09-08T05:35:38.209+0000] {dag.py:3239} INFO - Sync 1 DAGs
[2026-09-08T05:35:38.232+0000] {logging_mixin.py:190} INFO - [2026-09-08T05:35:38.232+0000] {dag.py:4180} INFO - Setting next_dagrun for branching_dag to None, run_after=None
[2026-09-08T05:35:38.263+0000] {processor.py:208} INFO - Processing /opt/airflow/dags/03_branching_dag.py took 0.120 seconds
[2026-09-08T05:36:08.951+0000] {processor.py:186} INFO - Started process (PID=1875) to work on /opt/airflow/dags/03_branching_dag.py
[2026-09-08T05:36:08.961+0000] {processor.py:914} INFO - Processing file /opt/airflow/dags/03_branching_dag.py for tasks to queue
[2026-09-08T05:36:08.963+0000] {logging_mixin.py:190} INFO - [2026-09-08T05:36:08.962+0000] {dagbag.py:588} INFO - Filling up the DagBag from /opt/airflow/dags/03_branching_dag.py
[2026-09-08T05:36:08.993+0000] {processor.py:925} INFO - DAG(s) 'branching_dag' retrieved from /opt/airflow/dags/03_branching_dag.py
[2026-09-08T05:36:09.031+0000] {logging_mixin.py:190} INFO - [2026-09-08T05:36:09.031+0000] {dag.py:3239} INFO - Sync 1 DAGs
[2026-09-08T05:36:09.047+0000] {logging_mixin.py:190} INFO - [2026-09-08T05:36:09.047+0000] {dag.py:4180} INFO - Setting next_dagrun for branching_dag to None, run_after=None
[2026-09-08T05:36:09.081+0000] {processor.py:208} INFO - Processing /opt/airflow/dags/03_branching_dag.py took 0.136 seconds
[2026-09-08T05:36:39.233+0000] {processor.py:186} INFO - Started process (PID=1888) to work on /opt/airflow/dags/03_branching_dag.py
[2026-09-08T05:36:39.233+0000] {processor.py:914} INFO - Processing file /opt/airflow/dags/03_branching_dag.py for tasks to queue
[2026-09-08T05:36:39.235+0000] {logging_mixin.py:190} INFO - [2026-09-08T05:36:39.234+0000] {dagbag.py:588} INFO - Filling up the DagBag from /opt/airflow/dags/03_branching_dag.py
[2026-09-08T05:36:39.253+0000] {processor.py:925} INFO - DAG(s) 'branching_dag' retrieved from /opt/airflow/dags/03_branching_dag.py
[2026-09-08T05:36:39.281+0000] {logging_mixin.py:190} INFO - [2026-09-08T05:36:39.281+0000] {dag.py:3239} INFO - Sync 1 DAGs
[2026-09-08T05:36:39.299+0000] {logging_mixin.py:190} INFO - [2026-09-08T05:36:39.298+0000] {dag.py:4180} INFO - Setting next_dagrun for branching_dag to None, run_after=None
[2026-09-08T05:36:39.328+0000] {processor.py:208} INFO - Processing /opt/airflow/dags/03_branching_dag.py took 0.102 seconds
[2026-09-08T05:37:09.953+0000] {processor.py:186} INFO - Started process (PID=1903) to work on /opt/airflow/dags/03_branching_dag.py
[2026-09-08T05:37:09.957+0000] {processor.py:914} INFO - Processing file /opt/airflow/dags/03_branching_dag.py for tasks to queue
[2026-09-08T05:37:09.960+0000] {logging_mixin.py:190} INFO - [2026-09-08T05:37:09.959+0000] {dagbag.py:588} INFO - Filling up the DagBag from /opt/airflow/dags/03_branching_dag.py
[2026-09-08T05:37:09.986+0000] {processor.py:925} INFO - DAG(s) 'branching_dag' retrieved from /opt/airflow/dags/03_branching_dag.py
[2026-09-08T05:37:10.025+0000] {logging_mixin.py:190} INFO - [2026-09-08T05:37:10.024+0000] {dag.py:3239} INFO - Sync 1 DAGs
[2026-09-08T05:37:10.050+0000] {logging_mixin.py:190} INFO - [2026-09-08T05:37:10.050+0000] {dag.py:4180} INFO - Setting next_dagrun for branching_dag to None, run_after=None
[2026-09-08T05:37:10.090+0000] {processor.py:208} INFO - Processing /opt/airflow/dags/03_branching_dag.py took 0.144 seconds
[2026-09-08T05:37:40.139+0000] {processor.py:186} INFO - Started process (PID=1917) to work on /opt/airflow/dags/03_branching_dag.py
[2026-09-08T05:37:40.140+0000] {processor.py:914} INFO - Processing file /opt/airflow/dags/03_branching_dag.py for tasks to queue
[2026-09-08T05:37:40.141+0000] {logging_mixin.py:190} INFO - [2026-09-08T05:37:40.140+0000] {dagbag.py:588} INFO - Filling up the DagBag from /opt/airflow/dags/03_branching_dag.py
[2026-09-08T05:37:40.168+0000] {processor.py:925} INFO - DAG(s) 'branching_dag' retrieved from /opt/airflow/dags/03_branching_dag.py
[2026-09-08T05:37:40.203+0000] {logging_mixin.py:190} INFO - [2026-09-08T05:37:40.202+0000] {dag.py:3239} INFO - Sync 1 DAGs
[2026-09-08T05:37:40.225+0000] {logging_mixin.py:190} INFO - [2026-09-08T05:37:40.225+0000] {dag.py:4180} INFO - Setting next_dagrun for branching_dag to None, run_after=None
[2026-09-08T05:37:40.246+0000] {processor.py:208} INFO - Processing /opt/airflow/dags/03_branching_dag.py took 0.113 seconds
[2026-09-08T05:38:10.353+0000] {processor.py:186} INFO - Started process (PID=1931) to work on /opt/airflow/dags/03_branching_dag.py
[2026-09-08T05:38:10.355+0000] {processor.py:914} INFO - Processing file /opt/airflow/dags/03_branching_dag.py for tasks to queue
[2026-09-08T05:38:10.357+0000] {logging_mixin.py:190} INFO - [2026-09-08T05:38:10.356+0000] {dagbag.py:588} INFO - Filling up the DagBag from /opt/airflow/dags/03_branching_dag.py
[2026-09-08T05:38:10.377+0000] {processor.py:925} INFO - DAG(s) 'branching_dag' retrieved from /opt/airflow/dags/03_branching_dag.py
[2026-09-08T05:38:10.405+0000] {logging_mixin.py:190} INFO - [2026-09-08T05:38:10.405+0000] {dag.py:3239} INFO - Sync 1 DAGs
[2026-09-08T05:38:10.421+0000] {logging_mixin.py:190} INFO - [2026-09-08T05:38:10.420+0000] {dag.py:4180} INFO - Setting next_dagrun for branching_dag to None, run_after=None
[2026-09-08T05:38:10.451+0000] {processor.py:208} INFO - Processing /opt/airflow/dags/03_branching_dag.py took 0.108 seconds
[2026-09-08T06:18:38.448+0000] {processor.py:186} INFO - Started process (PID=124) to work on /opt/airflow/dags/03_branching_dag.py
[2026-09-08T06:18:38.499+0000] {processor.py:914} INFO - Processing file /opt/airflow/dags/03_branching_dag.py for tasks to queue
[2026-09-08T06:18:38.502+0000] {logging_mixin.py:190} INFO - [2026-09-08T06:18:38.501+0000] {dagbag.py:588} INFO - Filling up the DagBag from /opt/airflow/dags/03_branching_dag.py
[2026-09-08T06:18:39.238+0000] {processor.py:925} INFO - DAG(s) 'branching_dag' retrieved from /opt/airflow/dags/03_branching_dag.py
[2026-09-08T06:18:39.323+0000] {logging_mixin.py:190} INFO - [2026-09-08T06:18:39.322+0000] {dag.py:3239} INFO - Sync 1 DAGs
[2026-09-08T06:18:39.386+0000] {logging_mixin.py:190} INFO - [2026-09-08T06:18:39.385+0000] {dag.py:4180} INFO - Setting next_dagrun for branching_dag to None, run_after=None
[2026-09-08T06:18:39.444+0000] {processor.py:208} INFO - Processing /opt/airflow/dags/03_branching_dag.py took 1.011 seconds
[2026-09-08T06:19:10.371+0000] {processor.py:186} INFO - Started process (PID=136) to work on /opt/airflow/dags/03_branching_dag.py
[2026-09-08T06:19:10.412+0000] {processor.py:914} INFO - Processing file /opt/airflow/dags/03_branching_dag.py for tasks to queue
[2026-09-08T06:19:10.416+0000] {logging_mixin.py:190} INFO - [2026-09-08T06:19:10.415+0000] {dagbag.py:588} INFO - Filling up the DagBag from /opt/airflow/dags/03_branching_dag.py
[2026-09-08T06:19:10.515+0000] {processor.py:925} INFO - DAG(s) 'branching_dag' retrieved from /opt/airflow/dags/03_branching_dag.py
[2026-09-08T06:19:10.607+0000] {logging_mixin.py:190} INFO - [2026-09-08T06:19:10.606+0000] {dag.py:3239} INFO - Sync 1 DAGs
[2026-09-08T06:19:10.651+0000] {logging_mixin.py:190} INFO - [2026-09-08T06:19:10.650+0000] {dag.py:4180} INFO - Setting next_dagrun for branching_dag to None, run_after=None
[2026-09-08T06:19:10.743+0000] {processor.py:208} INFO - Processing /opt/airflow/dags/03_branching_dag.py took 0.390 seconds
[2026-09-08T06:19:42.768+0000] {processor.py:186} INFO - Started process (PID=150) to work on /opt/airflow/dags/03_branching_dag.py
[2026-09-08T06:19:42.806+0000] {processor.py:914} INFO - Processing file /opt/airflow/dags/03_branching_dag.py for tasks to queue
[2026-09-08T06:19:42.809+0000] {logging_mixin.py:190} INFO - [2026-09-08T06:19:42.808+0000] {dagbag.py:588} INFO - Filling up the DagBag from /opt/airflow/dags/03_branching_dag.py
[2026-09-08T06:19:42.850+0000] {processor.py:925} INFO - DAG(s) 'branching_dag' retrieved from /opt/airflow/dags/03_branching_dag.py
[2026-09-08T06:19:42.940+0000] {logging_mixin.py:190} INFO - [2026-09-08T06:19:42.940+0000] {dag.py:3239} INFO - Sync 1 DAGs
[2026-09-08T06:19:43.003+0000] {logging_mixin.py:190} INFO - [2026-09-08T06:19:43.003+0000] {dag.py:4180} INFO - Setting next_dagrun for branching_dag to None, run_after=None
[2026-09-08T06:19:44.251+0000] {processor.py:208} INFO - Processing /opt/airflow/dags/03_branching_dag.py took 2.261 seconds
[2026-09-08T06:20:15.658+0000] {processor.py:186} INFO - Started process (PID=164) to work on /opt/airflow/dags/03_branching_dag.py
[2026-09-08T06:20:15.941+0000] {processor.py:914} INFO - Processing file /opt/airflow/dags/03_branching_dag.py for tasks to queue
[2026-09-08T06:20:15.945+0000] {logging_mixin.py:190} INFO - [2026-09-08T06:20:15.944+0000] {dagbag.py:588} INFO - Filling up the DagBag from /opt/airflow/dags/03_branching_dag.py
[2026-09-08T06:20:16.147+0000] {processor.py:925} INFO - DAG(s) 'branching_dag' retrieved from /opt/airflow/dags/03_branching_dag.py
[2026-09-08T06:20:16.318+0000] {logging_mixin.py:190} INFO - [2026-09-08T06:20:16.318+0000] {dag.py:3239} INFO - Sync 1 DAGs
[2026-09-08T06:20:16.404+0000] {logging_mixin.py:190} INFO - [2026-09-08T06:20:16.404+0000] {dag.py:4180} INFO - Setting next_dagrun for branching_dag to None, run_after=None
[2026-09-08T06:20:16.444+0000] {processor.py:208} INFO - Processing /opt/airflow/dags/03_branching_dag.py took 0.794 seconds
[2026-09-08T06:24:37.276+0000] {processor.py:186} INFO - Started process (PID=97) to work on /opt/airflow/dags/03_branching_dag.py
[2026-09-08T06:24:37.278+0000] {processor.py:914} INFO - Processing file /opt/airflow/dags/03_branching_dag.py for tasks to queue
[2026-09-08T06:24:37.282+0000] {logging_mixin.py:190} INFO - [2026-09-08T06:24:37.281+0000] {dagbag.py:588} INFO - Filling up the DagBag from /opt/airflow/dags/03_branching_dag.py
[2026-09-08T06:24:37.332+0000] {processor.py:925} INFO - DAG(s) 'branching_dag' retrieved from /opt/airflow/dags/03_branching_dag.py
[2026-09-08T06:24:37.416+0000] {logging_mixin.py:190} INFO - [2026-09-08T06:24:37.415+0000] {dag.py:3239} INFO - Sync 1 DAGs
[2026-09-08T06:24:37.463+0000] {logging_mixin.py:190} INFO - [2026-09-08T06:24:37.462+0000] {dag.py:4180} INFO - Setting next_dagrun for branching_dag to None, run_after=None
[2026-09-08T06:24:37.509+0000] {processor.py:208} INFO - Processing /opt/airflow/dags/03_branching_dag.py took 0.245 seconds
[2026-09-08T06:25:09.221+0000] {processor.py:186} INFO - Started process (PID=111) to work on /opt/airflow/dags/03_branching_dag.py
[2026-09-08T06:25:09.223+0000] {processor.py:914} INFO - Processing file /opt/airflow/dags/03_branching_dag.py for tasks to queue
[2026-09-08T06:25:09.226+0000] {logging_mixin.py:190} INFO - [2026-09-08T06:25:09.226+0000] {dagbag.py:588} INFO - Filling up the DagBag from /opt/airflow/dags/03_branching_dag.py
[2026-09-08T06:25:09.272+0000] {processor.py:925} INFO - DAG(s) 'branching_dag' retrieved from /opt/airflow/dags/03_branching_dag.py
[2026-09-08T06:25:09.332+0000] {logging_mixin.py:190} INFO - [2026-09-08T06:25:09.332+0000] {dag.py:3239} INFO - Sync 1 DAGs
[2026-09-08T06:25:09.360+0000] {logging_mixin.py:190} INFO - [2026-09-08T06:25:09.360+0000] {dag.py:4180} INFO - Setting next_dagrun for branching_dag to None, run_after=None
[2026-09-08T06:25:09.404+0000] {processor.py:208} INFO - Processing /opt/airflow/dags/03_branching_dag.py took 0.193 seconds
[2026-09-08T06:25:50.870+0000] {processor.py:186} INFO - Started process (PID=123) to work on /opt/airflow/dags/03_branching_dag.py
[2026-09-08T06:25:50.873+0000] {processor.py:914} INFO - Processing file /opt/airflow/dags/03_branching_dag.py for tasks to queue
[2026-09-08T06:25:50.878+0000] {logging_mixin.py:190} INFO - [2026-09-08T06:25:50.877+0000] {dagbag.py:588} INFO - Filling up the DagBag from /opt/airflow/dags/03_branching_dag.py
[2026-09-08T06:25:51.476+0000] {processor.py:925} INFO - DAG(s) 'branching_dag' retrieved from /opt/airflow/dags/03_branching_dag.py
[2026-09-08T06:25:51.749+0000] {logging_mixin.py:190} INFO - [2026-09-08T06:25:51.749+0000] {dag.py:3239} INFO - Sync 1 DAGs
[2026-09-08T06:25:51.942+0000] {logging_mixin.py:190} INFO - [2026-09-08T06:25:51.941+0000] {dag.py:4180} INFO - Setting next_dagrun for branching_dag to None, run_after=None
[2026-09-08T06:26:01.726+0000] {processor.py:208} INFO - Processing /opt/airflow/dags/03_branching_dag.py took 10.873 seconds
[2026-09-08T06:26:32.375+0000] {processor.py:186} INFO - Started process (PID=143) to work on /opt/airflow/dags/03_branching_dag.py
[2026-09-08T06:26:32.377+0000] {processor.py:914} INFO - Processing file /opt/airflow/dags/03_branching_dag.py for tasks to queue
[2026-09-08T06:26:32.380+0000] {logging_mixin.py:190} INFO - [2026-09-08T06:26:32.379+0000] {dagbag.py:588} INFO - Filling up the DagBag from /opt/airflow/dags/03_branching_dag.py
[2026-09-08T06:26:32.425+0000] {processor.py:925} INFO - DAG(s) 'branching_dag' retrieved from /opt/airflow/dags/03_branching_dag.py
[2026-09-08T06:26:32.765+0000] {logging_mixin.py:190} INFO - [2026-09-08T06:26:32.764+0000] {dag.py:3239} INFO - Sync 1 DAGs
[2026-09-08T06:26:32.789+0000] {logging_mixin.py:190} INFO - [2026-09-08T06:26:32.788+0000] {dag.py:4180} INFO - Setting next_dagrun for branching_dag to None, run_after=None
[2026-09-08T06:26:32.828+0000] {processor.py:208} INFO - Processing /opt/airflow/dags/03_branching_dag.py took 0.466 seconds
[2026-09-08T06:27:03.486+0000] {processor.py:186} INFO - Started process (PID=157) to work on /opt/airflow/dags/03_branching_dag.py
[2026-09-08T06:27:03.488+0000] {processor.py:914} INFO - Processing file /opt/airflow/dags/03_branching_dag.py for tasks to queue
[2026-09-08T06:27:03.491+0000] {logging_mixin.py:190} INFO - [2026-09-08T06:27:03.491+0000] {dagbag.py:588} INFO - Filling up the DagBag from /opt/airflow/dags/03_branching_dag.py
[2026-09-08T06:27:03.530+0000] {processor.py:925} INFO - DAG(s) 'branching_dag' retrieved from /opt/airflow/dags/03_branching_dag.py
[2026-09-08T06:27:03.590+0000] {logging_mixin.py:190} INFO - [2026-09-08T06:27:03.590+0000] {dag.py:3239} INFO - Sync 1 DAGs
[2026-09-08T06:27:03.618+0000] {logging_mixin.py:190} INFO - [2026-09-08T06:27:03.618+0000] {dag.py:4180} INFO - Setting next_dagrun for branching_dag to None, run_after=None
[2026-09-08T06:27:03.651+0000] {processor.py:208} INFO - Processing /opt/airflow/dags/03_branching_dag.py took 0.177 seconds
[2026-09-08T06:27:33.913+0000] {processor.py:186} INFO - Started process (PID=171) to work on /opt/airflow/dags/03_branching_dag.py
[2026-09-08T06:27:33.915+0000] {processor.py:914} INFO - Processing file /opt/airflow/dags/03_branching_dag.py for tasks to queue
[2026-09-08T06:27:33.922+0000] {logging_mixin.py:190} INFO - [2026-09-08T06:27:33.921+0000] {dagbag.py:588} INFO - Filling up the DagBag from /opt/airflow/dags/03_branching_dag.py
[2026-09-08T06:27:33.972+0000] {processor.py:925} INFO - DAG(s) 'branching_dag' retrieved from /opt/airflow/dags/03_branching_dag.py
[2026-09-08T06:27:34.037+0000] {logging_mixin.py:190} INFO - [2026-09-08T06:27:34.037+0000] {dag.py:3239} INFO - Sync 1 DAGs
[2026-09-08T06:27:34.074+0000] {logging_mixin.py:190} INFO - [2026-09-08T06:27:34.073+0000] {dag.py:4180} INFO - Setting next_dagrun for branching_dag to None, run_after=None
[2026-09-08T06:27:34.117+0000] {processor.py:208} INFO - Processing /opt/airflow/dags/03_branching_dag.py took 0.219 seconds
[2026-09-08T06:28:04.733+0000] {processor.py:186} INFO - Started process (PID=185) to work on /opt/airflow/dags/03_branching_dag.py
[2026-09-08T06:28:04.736+0000] {processor.py:914} INFO - Processing file /opt/airflow/dags/03_branching_dag.py for tasks to queue
[2026-09-08T06:28:04.741+0000] {logging_mixin.py:190} INFO - [2026-09-08T06:28:04.740+0000] {dagbag.py:588} INFO - Filling up the DagBag from /opt/airflow/dags/03_branching_dag.py
[2026-09-08T06:28:04.790+0000] {processor.py:925} INFO - DAG(s) 'branching_dag' retrieved from /opt/airflow/dags/03_branching_dag.py
[2026-09-08T06:28:04.872+0000] {logging_mixin.py:190} INFO - [2026-09-08T06:28:04.872+0000] {dag.py:3239} INFO - Sync 1 DAGs
[2026-09-08T06:28:04.906+0000] {logging_mixin.py:190} INFO - [2026-09-08T06:28:04.905+0000] {dag.py:4180} INFO - Setting next_dagrun for branching_dag to None, run_after=None
[2026-09-08T06:28:05.122+0000] {processor.py:208} INFO - Processing /opt/airflow/dags/03_branching_dag.py took 0.410 seconds
[2026-09-08T06:28:35.253+0000] {processor.py:186} INFO - Started process (PID=203) to work on /opt/airflow/dags/03_branching_dag.py
[2026-09-08T06:28:35.255+0000] {processor.py:914} INFO - Processing file /opt/airflow/dags/03_branching_dag.py for tasks to queue
[2026-09-08T06:28:35.258+0000] {logging_mixin.py:190} INFO - [2026-09-08T06:28:35.258+0000] {dagbag.py:588} INFO - Filling up the DagBag from /opt/airflow/dags/03_branching_dag.py
[2026-09-08T06:28:35.296+0000] {processor.py:925} INFO - DAG(s) 'branching_dag' retrieved from /opt/airflow/dags/03_branching_dag.py
[2026-09-08T06:28:35.358+0000] {logging_mixin.py:190} INFO - [2026-09-08T06:28:35.357+0000] {dag.py:3239} INFO - Sync 1 DAGs
[2026-09-08T06:28:35.386+0000] {logging_mixin.py:190} INFO - [2026-09-08T06:28:35.385+0000] {dag.py:4180} INFO - Setting next_dagrun for branching_dag to None, run_after=None
[2026-09-08T06:28:35.428+0000] {processor.py:208} INFO - Processing /opt/airflow/dags/03_branching_dag.py took 0.185 seconds
[2026-09-08T06:37:57.785+0000] {processor.py:186} INFO - Started process (PID=113) to work on /opt/airflow/dags/03_branching_dag.py
[2026-09-08T06:37:57.818+0000] {processor.py:914} INFO - Processing file /opt/airflow/dags/03_branching_dag.py for tasks to queue
[2026-09-08T06:37:57.824+0000] {logging_mixin.py:190} INFO - [2026-09-08T06:37:57.822+0000] {dagbag.py:588} INFO - Filling up the DagBag from /opt/airflow/dags/03_branching_dag.py
[2026-09-08T06:37:57.869+0000] {processor.py:925} INFO - DAG(s) 'branching_dag' retrieved from /opt/airflow/dags/03_branching_dag.py
[2026-09-08T06:37:58.914+0000] {logging_mixin.py:190} INFO - [2026-09-08T06:37:58.911+0000] {override.py:1911} INFO - Created Permission View: can edit on DAG:branching_dag
[2026-09-08T06:37:58.934+0000] {logging_mixin.py:190} INFO - [2026-09-08T06:37:58.934+0000] {override.py:1911} INFO - Created Permission View: can read on DAG:branching_dag
[2026-09-08T06:37:58.951+0000] {logging_mixin.py:190} INFO - [2026-09-08T06:37:58.951+0000] {override.py:1911} INFO - Created Permission View: can delete on DAG:branching_dag
[2026-09-08T06:37:58.973+0000] {logging_mixin.py:190} INFO - [2026-09-08T06:37:58.972+0000] {override.py:1911} INFO - Created Permission View: can create on DAG Run:branching_dag
[2026-09-08T06:37:58.991+0000] {logging_mixin.py:190} INFO - [2026-09-08T06:37:58.990+0000] {override.py:1911} INFO - Created Permission View: menu access on DAG Run:branching_dag
[2026-09-08T06:37:59.005+0000] {logging_mixin.py:190} INFO - [2026-09-08T06:37:59.004+0000] {override.py:1911} INFO - Created Permission View: can read on DAG Run:branching_dag
[2026-09-08T06:37:59.019+0000] {logging_mixin.py:190} INFO - [2026-09-08T06:37:59.018+0000] {override.py:1911} INFO - Created Permission View: can delete on DAG Run:branching_dag
[2026-09-08T06:37:59.020+0000] {logging_mixin.py:190} INFO - [2026-09-08T06:37:59.020+0000] {dag.py:3239} INFO - Sync 1 DAGs
[2026-09-08T06:37:59.061+0000] {logging_mixin.py:190} INFO - [2026-09-08T06:37:59.061+0000] {dag.py:3262} INFO - Creating ORM DAG for branching_dag
[2026-09-08T06:37:59.064+0000] {logging_mixin.py:190} INFO - [2026-09-08T06:37:59.064+0000] {dag.py:4180} INFO - Setting next_dagrun for branching_dag to None, run_after=None
[2026-09-08T06:37:59.160+0000] {processor.py:208} INFO - Processing /opt/airflow/dags/03_branching_dag.py took 1.422 seconds
[2026-09-08T06:38:33.407+0000] {processor.py:186} INFO - Started process (PID=126) to work on /opt/airflow/dags/03_branching_dag.py
[2026-09-08T06:38:33.437+0000] {processor.py:914} INFO - Processing file /opt/airflow/dags/03_branching_dag.py for tasks to queue
[2026-09-08T06:38:33.507+0000] {logging_mixin.py:190} INFO - [2026-09-08T06:38:33.507+0000] {dagbag.py:588} INFO - Filling up the DagBag from /opt/airflow/dags/03_branching_dag.py
[2026-09-08T06:38:33.760+0000] {processor.py:925} INFO - DAG(s) 'branching_dag' retrieved from /opt/airflow/dags/03_branching_dag.py
[2026-09-08T06:38:35.062+0000] {logging_mixin.py:190} INFO - [2026-09-08T06:38:35.058+0000] {dag.py:3239} INFO - Sync 1 DAGs
[2026-09-08T06:38:36.021+0000] {logging_mixin.py:190} INFO - [2026-09-08T06:38:36.020+0000] {dag.py:4180} INFO - Setting next_dagrun for branching_dag to None, run_after=None
[2026-09-08T06:38:36.117+0000] {processor.py:208} INFO - Processing /opt/airflow/dags/03_branching_dag.py took 3.527 seconds
[2026-09-08T06:39:06.408+0000] {processor.py:186} INFO - Started process (PID=139) to work on /opt/airflow/dags/03_branching_dag.py
[2026-09-08T06:39:06.410+0000] {processor.py:914} INFO - Processing file /opt/airflow/dags/03_branching_dag.py for tasks to queue
[2026-09-08T06:39:06.414+0000] {logging_mixin.py:190} INFO - [2026-09-08T06:39:06.414+0000] {dagbag.py:588} INFO - Filling up the DagBag from /opt/airflow/dags/03_branching_dag.py
[2026-09-08T06:39:06.762+0000] {processor.py:925} INFO - DAG(s) 'branching_dag' retrieved from /opt/airflow/dags/03_branching_dag.py
[2026-09-08T06:39:06.829+0000] {logging_mixin.py:190} INFO - [2026-09-08T06:39:06.829+0000] {dag.py:3239} INFO - Sync 1 DAGs
[2026-09-08T06:39:06.860+0000] {logging_mixin.py:190} INFO - [2026-09-08T06:39:06.860+0000] {dag.py:4180} INFO - Setting next_dagrun for branching_dag to None, run_after=None
[2026-09-08T06:39:06.953+0000] {processor.py:208} INFO - Processing /opt/airflow/dags/03_branching_dag.py took 0.559 seconds
[2026-09-08T06:39:37.747+0000] {processor.py:186} INFO - Started process (PID=159) to work on /opt/airflow/dags/03_branching_dag.py
[2026-09-08T06:39:37.751+0000] {processor.py:914} INFO - Processing file /opt/airflow/dags/03_branching_dag.py for tasks to queue
[2026-09-08T06:39:37.757+0000] {logging_mixin.py:190} INFO - [2026-09-08T06:39:37.756+0000] {dagbag.py:588} INFO - Filling up the DagBag from /opt/airflow/dags/03_branching_dag.py
[2026-09-08T06:39:37.842+0000] {processor.py:925} INFO - DAG(s) 'branching_dag' retrieved from /opt/airflow/dags/03_branching_dag.py
[2026-09-08T06:39:38.020+0000] {logging_mixin.py:190} INFO - [2026-09-08T06:39:38.020+0000] {dag.py:3239} INFO - Sync 1 DAGs
[2026-09-08T06:39:38.059+0000] {logging_mixin.py:190} INFO - [2026-09-08T06:39:38.059+0000] {dag.py:4180} INFO - Setting next_dagrun for branching_dag to None, run_after=None
[2026-09-08T06:39:38.109+0000] {processor.py:208} INFO - Processing /opt/airflow/dags/03_branching_dag.py took 0.409 seconds
[2026-09-08T06:40:08.321+0000] {processor.py:186} INFO - Started process (PID=173) to work on /opt/airflow/dags/03_branching_dag.py
[2026-09-08T06:40:08.323+0000] {processor.py:914} INFO - Processing file /opt/airflow/dags/03_branching_dag.py for tasks to queue
[2026-09-08T06:40:08.326+0000] {logging_mixin.py:190} INFO - [2026-09-08T06:40:08.325+0000] {dagbag.py:588} INFO - Filling up the DagBag from /opt/airflow/dags/03_branching_dag.py
[2026-09-08T06:40:08.367+0000] {processor.py:925} INFO - DAG(s) 'branching_dag' retrieved from /opt/airflow/dags/03_branching_dag.py
[2026-09-08T06:40:08.441+0000] {logging_mixin.py:190} INFO - [2026-09-08T06:40:08.441+0000] {dag.py:3239} INFO - Sync 1 DAGs
[2026-09-08T06:40:09.237+0000] {logging_mixin.py:190} INFO - [2026-09-08T06:40:09.237+0000] {dag.py:4180} INFO - Setting next_dagrun for branching_dag to None, run_after=None
[2026-09-08T06:40:09.269+0000] {processor.py:208} INFO - Processing /opt/airflow/dags/03_branching_dag.py took 0.959 seconds
[2026-09-08T06:40:39.779+0000] {processor.py:186} INFO - Started process (PID=187) to work on /opt/airflow/dags/03_branching_dag.py
[2026-09-08T06:40:39.781+0000] {processor.py:914} INFO - Processing file /opt/airflow/dags/03_branching_dag.py for tasks to queue
[2026-09-08T06:40:39.785+0000] {logging_mixin.py:190} INFO - [2026-09-08T06:40:39.784+0000] {dagbag.py:588} INFO - Filling up the DagBag from /opt/airflow/dags/03_branching_dag.py
[2026-09-08T06:40:39.825+0000] {processor.py:925} INFO - DAG(s) 'branching_dag' retrieved from /opt/airflow/dags/03_branching_dag.py
[2026-09-08T06:40:40.359+0000] {logging_mixin.py:190} INFO - [2026-09-08T06:40:40.358+0000] {dag.py:3239} INFO - Sync 1 DAGs
[2026-09-08T06:40:40.549+0000] {logging_mixin.py:190} INFO - [2026-09-08T06:40:40.549+0000] {dag.py:4180} INFO - Setting next_dagrun for branching_dag to None, run_after=None
[2026-09-08T06:40:41.293+0000] {processor.py:208} INFO - Processing /opt/airflow/dags/03_branching_dag.py took 1.526 seconds
[2026-09-08T06:41:11.921+0000] {processor.py:186} INFO - Started process (PID=201) to work on /opt/airflow/dags/03_branching_dag.py
[2026-09-08T06:41:11.923+0000] {processor.py:914} INFO - Processing file /opt/airflow/dags/03_branching_dag.py for tasks to queue
[2026-09-08T06:41:11.927+0000] {logging_mixin.py:190} INFO - [2026-09-08T06:41:11.926+0000] {dagbag.py:588} INFO - Filling up the DagBag from /opt/airflow/dags/03_branching_dag.py
[2026-09-08T06:41:11.977+0000] {processor.py:925} INFO - DAG(s) 'branching_dag' retrieved from /opt/airflow/dags/03_branching_dag.py
[2026-09-08T06:41:12.062+0000] {logging_mixin.py:190} INFO - [2026-09-08T06:41:12.062+0000] {dag.py:3239} INFO - Sync 1 DAGs
[2026-09-08T06:41:12.099+0000] {logging_mixin.py:190} INFO - [2026-09-08T06:41:12.099+0000] {dag.py:4180} INFO - Setting next_dagrun for branching_dag to None, run_after=None
[2026-09-08T06:41:12.148+0000] {processor.py:208} INFO - Processing /opt/airflow/dags/03_branching_dag.py took 0.240 seconds
[2026-09-08T06:41:43.171+0000] {processor.py:186} INFO - Started process (PID=215) to work on /opt/airflow/dags/03_branching_dag.py
[2026-09-08T06:41:43.173+0000] {processor.py:914} INFO - Processing file /opt/airflow/dags/03_branching_dag.py for tasks to queue
[2026-09-08T06:41:43.177+0000] {logging_mixin.py:190} INFO - [2026-09-08T06:41:43.176+0000] {dagbag.py:588} INFO - Filling up the DagBag from /opt/airflow/dags/03_branching_dag.py
[2026-09-08T06:41:43.215+0000] {processor.py:925} INFO - DAG(s) 'branching_dag' retrieved from /opt/airflow/dags/03_branching_dag.py
[2026-09-08T06:41:43.269+0000] {logging_mixin.py:190} INFO - [2026-09-08T06:41:43.269+0000] {dag.py:3239} INFO - Sync 1 DAGs
[2026-09-08T06:41:43.297+0000] {logging_mixin.py:190} INFO - [2026-09-08T06:41:43.297+0000] {dag.py:4180} INFO - Setting next_dagrun for branching_dag to None, run_after=None
[2026-09-08T06:41:43.337+0000] {processor.py:208} INFO - Processing /opt/airflow/dags/03_branching_dag.py took 0.181 seconds
[2026-09-08T06:42:14.246+0000] {processor.py:186} INFO - Started process (PID=229) to work on /opt/airflow/dags/03_branching_dag.py
[2026-09-08T06:42:14.248+0000] {processor.py:914} INFO - Processing file /opt/airflow/dags/03_branching_dag.py for tasks to queue
[2026-09-08T06:42:14.251+0000] {logging_mixin.py:190} INFO - [2026-09-08T06:42:14.251+0000] {dagbag.py:588} INFO - Filling up the DagBag from /opt/airflow/dags/03_branching_dag.py
[2026-09-08T06:42:14.295+0000] {processor.py:925} INFO - DAG(s) 'branching_dag' retrieved from /opt/airflow/dags/03_branching_dag.py
[2026-09-08T06:42:14.355+0000] {logging_mixin.py:190} INFO - [2026-09-08T06:42:14.354+0000] {dag.py:3239} INFO - Sync 1 DAGs
[2026-09-08T06:42:14.384+0000] {logging_mixin.py:190} INFO - [2026-09-08T06:42:14.383+0000] {dag.py:4180} INFO - Setting next_dagrun for branching_dag to None, run_after=None
[2026-09-08T06:42:14.426+0000] {processor.py:208} INFO - Processing /opt/airflow/dags/03_branching_dag.py took 0.193 seconds
[2026-09-08T06:42:44.628+0000] {processor.py:186} INFO - Started process (PID=243) to work on /opt/airflow/dags/03_branching_dag.py
[2026-09-08T06:42:44.629+0000] {processor.py:914} INFO - Processing file /opt/airflow/dags/03_branching_dag.py for tasks to queue
[2026-09-08T06:42:44.632+0000] {logging_mixin.py:190} INFO - [2026-09-08T06:42:44.632+0000] {dagbag.py:588} INFO - Filling up the DagBag from /opt/airflow/dags/03_branching_dag.py
[2026-09-08T06:42:44.672+0000] {processor.py:925} INFO - DAG(s) 'branching_dag' retrieved from /opt/airflow/dags/03_branching_dag.py
[2026-09-08T06:42:45.254+0000] {logging_mixin.py:190} INFO - [2026-09-08T06:42:45.253+0000] {dag.py:3239} INFO - Sync 1 DAGs
[2026-09-08T06:42:45.300+0000] {logging_mixin.py:190} INFO - [2026-09-08T06:42:45.299+0000] {dag.py:4180} INFO - Setting next_dagrun for branching_dag to None, run_after=None
[2026-09-08T06:42:45.352+0000] {processor.py:208} INFO - Processing /opt/airflow/dags/03_branching_dag.py took 0.736 seconds
[2026-09-08T06:43:15.562+0000] {processor.py:186} INFO - Started process (PID=255) to work on /opt/airflow/dags/03_branching_dag.py
[2026-09-08T06:43:15.564+0000] {processor.py:914} INFO - Processing file /opt/airflow/dags/03_branching_dag.py for tasks to queue
[2026-09-08T06:43:15.568+0000] {logging_mixin.py:190} INFO - [2026-09-08T06:43:15.567+0000] {dagbag.py:588} INFO - Filling up the DagBag from /opt/airflow/dags/03_branching_dag.py
[2026-09-08T06:43:15.617+0000] {processor.py:925} INFO - DAG(s) 'branching_dag' retrieved from /opt/airflow/dags/03_branching_dag.py
[2026-09-08T06:43:15.676+0000] {logging_mixin.py:190} INFO - [2026-09-08T06:43:15.675+0000] {dag.py:3239} INFO - Sync 1 DAGs
[2026-09-08T06:43:15.711+0000] {logging_mixin.py:190} INFO - [2026-09-08T06:43:15.711+0000] {dag.py:4180} INFO - Setting next_dagrun for branching_dag to None, run_after=None
[2026-09-08T06:43:15.748+0000] {processor.py:208} INFO - Processing /opt/airflow/dags/03_branching_dag.py took 0.199 seconds
[2026-09-08T06:43:45.964+0000] {processor.py:186} INFO - Started process (PID=269) to work on /opt/airflow/dags/03_branching_dag.py
[2026-09-08T06:43:45.966+0000] {processor.py:914} INFO - Processing file /opt/airflow/dags/03_branching_dag.py for tasks to queue
[2026-09-08T06:43:45.970+0000] {logging_mixin.py:190} INFO - [2026-09-08T06:43:45.969+0000] {dagbag.py:588} INFO - Filling up the DagBag from /opt/airflow/dags/03_branching_dag.py
[2026-09-08T06:43:46.011+0000] {processor.py:925} INFO - DAG(s) 'branching_dag' retrieved from /opt/airflow/dags/03_branching_dag.py
[2026-09-08T06:43:46.076+0000] {logging_mixin.py:190} INFO - [2026-09-08T06:43:46.075+0000] {dag.py:3239} INFO - Sync 1 DAGs
[2026-09-08T06:43:46.114+0000] {logging_mixin.py:190} INFO - [2026-09-08T06:43:46.114+0000] {dag.py:4180} INFO - Setting next_dagrun for branching_dag to None, run_after=None
[2026-09-08T06:43:46.149+0000] {processor.py:208} INFO - Processing /opt/airflow/dags/03_branching_dag.py took 0.197 seconds
[2026-09-08T06:44:17.147+0000] {processor.py:186} INFO - Started process (PID=283) to work on /opt/airflow/dags/03_branching_dag.py
[2026-09-08T06:44:17.149+0000] {processor.py:914} INFO - Processing file /opt/airflow/dags/03_branching_dag.py for tasks to queue
[2026-09-08T06:44:17.153+0000] {logging_mixin.py:190} INFO - [2026-09-08T06:44:17.152+0000] {dagbag.py:588} INFO - Filling up the DagBag from /opt/airflow/dags/03_branching_dag.py
[2026-09-08T06:44:17.202+0000] {processor.py:925} INFO - DAG(s) 'branching_dag' retrieved from /opt/airflow/dags/03_branching_dag.py
[2026-09-08T06:44:17.268+0000] {logging_mixin.py:190} INFO - [2026-09-08T06:44:17.267+0000] {dag.py:3239} INFO - Sync 1 DAGs
[2026-09-08T06:44:17.299+0000] {logging_mixin.py:190} INFO - [2026-09-08T06:44:17.299+0000] {dag.py:4180} INFO - Setting next_dagrun for branching_dag to None, run_after=None
[2026-09-08T06:44:17.357+0000] {processor.py:208} INFO - Processing /opt/airflow/dags/03_branching_dag.py took 0.410 seconds
[2026-09-08T06:44:47.610+0000] {processor.py:186} INFO - Started process (PID=297) to work on /opt/airflow/dags/03_branching_dag.py
[2026-09-08T06:44:47.612+0000] {processor.py:914} INFO - Processing file /opt/airflow/dags/03_branching_dag.py for tasks to queue
[2026-09-08T06:44:47.618+0000] {logging_mixin.py:190} INFO - [2026-09-08T06:44:47.617+0000] {dagbag.py:588} INFO - Filling up the DagBag from /opt/airflow/dags/03_branching_dag.py
[2026-09-08T06:44:47.678+0000] {processor.py:925} INFO - DAG(s) 'branching_dag' retrieved from /opt/airflow/dags/03_branching_dag.py
[2026-09-08T06:44:47.933+0000] {logging_mixin.py:190} INFO - [2026-09-08T06:44:47.933+0000] {dag.py:3239} INFO - Sync 1 DAGs
[2026-09-08T06:44:47.972+0000] {logging_mixin.py:190} INFO - [2026-09-08T06:44:47.971+0000] {dag.py:4180} INFO - Setting next_dagrun for branching_dag to None, run_after=None
[2026-09-08T06:44:48.010+0000] {processor.py:208} INFO - Processing /opt/airflow/dags/03_branching_dag.py took 0.421 seconds
[2026-09-08T06:45:18.494+0000] {processor.py:186} INFO - Started process (PID=311) to work on /opt/airflow/dags/03_branching_dag.py
[2026-09-08T06:45:18.497+0000] {processor.py:914} INFO - Processing file /opt/airflow/dags/03_branching_dag.py for tasks to queue
[2026-09-08T06:45:18.500+0000] {logging_mixin.py:190} INFO - [2026-09-08T06:45:18.500+0000] {dagbag.py:588} INFO - Filling up the DagBag from /opt/airflow/dags/03_branching_dag.py
[2026-09-08T06:45:18.537+0000] {processor.py:925} INFO - DAG(s) 'branching_dag' retrieved from /opt/airflow/dags/03_branching_dag.py
[2026-09-08T06:45:18.604+0000] {logging_mixin.py:190} INFO - [2026-09-08T06:45:18.603+0000] {dag.py:3239} INFO - Sync 1 DAGs
[2026-09-08T06:45:18.637+0000] {logging_mixin.py:190} INFO - [2026-09-08T06:45:18.637+0000] {dag.py:4180} INFO - Setting next_dagrun for branching_dag to None, run_after=None
[2026-09-08T06:45:18.684+0000] {processor.py:208} INFO - Processing /opt/airflow/dags/03_branching_dag.py took 0.202 seconds
[2026-09-08T06:45:49.551+0000] {processor.py:186} INFO - Started process (PID=325) to work on /opt/airflow/dags/03_branching_dag.py
[2026-09-08T06:45:49.552+0000] {processor.py:914} INFO - Processing file /opt/airflow/dags/03_branching_dag.py for tasks to queue
[2026-09-08T06:45:49.556+0000] {logging_mixin.py:190} INFO - [2026-09-08T06:45:49.555+0000] {dagbag.py:588} INFO - Filling up the DagBag from /opt/airflow/dags/03_branching_dag.py
[2026-09-08T06:45:49.594+0000] {processor.py:925} INFO - DAG(s) 'branching_dag' retrieved from /opt/airflow/dags/03_branching_dag.py
[2026-09-08T06:45:49.642+0000] {logging_mixin.py:190} INFO - [2026-09-08T06:45:49.642+0000] {dag.py:3239} INFO - Sync 1 DAGs
[2026-09-08T06:45:49.671+0000] {logging_mixin.py:190} INFO - [2026-09-08T06:45:49.671+0000] {dag.py:4180} INFO - Setting next_dagrun for branching_dag to None, run_after=None
[2026-09-08T06:45:49.708+0000] {processor.py:208} INFO - Processing /opt/airflow/dags/03_branching_dag.py took 0.169 seconds
[2026-09-08T06:46:20.142+0000] {processor.py:186} INFO - Started process (PID=339) to work on /opt/airflow/dags/03_branching_dag.py
[2026-09-08T06:46:20.144+0000] {processor.py:914} INFO - Processing file /opt/airflow/dags/03_branching_dag.py for tasks to queue
[2026-09-08T06:46:20.148+0000] {logging_mixin.py:190} INFO - [2026-09-08T06:46:20.147+0000] {dagbag.py:588} INFO - Filling up the DagBag from /opt/airflow/dags/03_branching_dag.py
[2026-09-08T06:46:20.186+0000] {processor.py:925} INFO - DAG(s) 'branching_dag' retrieved from /opt/airflow/dags/03_branching_dag.py
[2026-09-08T06:46:20.242+0000] {logging_mixin.py:190} INFO - [2026-09-08T06:46:20.242+0000] {dag.py:3239} INFO - Sync 1 DAGs
[2026-09-08T06:46:20.273+0000] {logging_mixin.py:190} INFO - [2026-09-08T06:46:20.273+0000] {dag.py:4180} INFO - Setting next_dagrun for branching_dag to None, run_after=None
[2026-09-08T06:46:20.317+0000] {processor.py:208} INFO - Processing /opt/airflow/dags/03_branching_dag.py took 0.190 seconds
[2026-09-08T06:46:50.804+0000] {processor.py:186} INFO - Started process (PID=353) to work on /opt/airflow/dags/03_branching_dag.py
[2026-09-08T06:46:50.812+0000] {processor.py:914} INFO - Processing file /opt/airflow/dags/03_branching_dag.py for tasks to queue
[2026-09-08T06:46:50.816+0000] {logging_mixin.py:190} INFO - [2026-09-08T06:46:50.815+0000] {dagbag.py:588} INFO - Filling up the DagBag from /opt/airflow/dags/03_branching_dag.py
[2026-09-08T06:46:50.934+0000] {processor.py:925} INFO - DAG(s) 'branching_dag' retrieved from /opt/airflow/dags/03_branching_dag.py
[2026-09-08T06:46:50.995+0000] {logging_mixin.py:190} INFO - [2026-09-08T06:46:50.994+0000] {dag.py:3239} INFO - Sync 1 DAGs
[2026-09-08T06:46:51.025+0000] {logging_mixin.py:190} INFO - [2026-09-08T06:46:51.024+0000] {dag.py:4180} INFO - Setting next_dagrun for branching_dag to None, run_after=None
[2026-09-08T06:46:51.060+0000] {processor.py:208} INFO - Processing /opt/airflow/dags/03_branching_dag.py took 0.267 seconds
[2026-09-08T06:47:21.527+0000] {processor.py:186} INFO - Started process (PID=367) to work on /opt/airflow/dags/03_branching_dag.py
[2026-09-08T06:47:21.530+0000] {processor.py:914} INFO - Processing file /opt/airflow/dags/03_branching_dag.py for tasks to queue
[2026-09-08T06:47:21.534+0000] {logging_mixin.py:190} INFO - [2026-09-08T06:47:21.533+0000] {dagbag.py:588} INFO - Filling up the DagBag from /opt/airflow/dags/03_branching_dag.py
[2026-09-08T06:47:21.582+0000] {processor.py:925} INFO - DAG(s) 'branching_dag' retrieved from /opt/airflow/dags/03_branching_dag.py
[2026-09-08T06:47:21.652+0000] {logging_mixin.py:190} INFO - [2026-09-08T06:47:21.652+0000] {dag.py:3239} INFO - Sync 1 DAGs
[2026-09-08T06:47:21.688+0000] {logging_mixin.py:190} INFO - [2026-09-08T06:47:21.688+0000] {dag.py:4180} INFO - Setting next_dagrun for branching_dag to None, run_after=None
[2026-09-08T06:47:21.743+0000] {processor.py:208} INFO - Processing /opt/airflow/dags/03_branching_dag.py took 0.233 seconds
[2026-09-08T06:47:52.046+0000] {processor.py:186} INFO - Started process (PID=381) to work on /opt/airflow/dags/03_branching_dag.py
[2026-09-08T06:47:52.071+0000] {processor.py:914} INFO - Processing file /opt/airflow/dags/03_branching_dag.py for tasks to queue
[2026-09-08T06:47:52.074+0000] {logging_mixin.py:190} INFO - [2026-09-08T06:47:52.074+0000] {dagbag.py:588} INFO - Filling up the DagBag from /opt/airflow/dags/03_branching_dag.py
[2026-09-08T06:47:52.118+0000] {processor.py:925} INFO - DAG(s) 'branching_dag' retrieved from /opt/airflow/dags/03_branching_dag.py
[2026-09-08T06:47:52.183+0000] {logging_mixin.py:190} INFO - [2026-09-08T06:47:52.182+0000] {dag.py:3239} INFO - Sync 1 DAGs
[2026-09-08T06:47:52.216+0000] {logging_mixin.py:190} INFO - [2026-09-08T06:47:52.216+0000] {dag.py:4180} INFO - Setting next_dagrun for branching_dag to None, run_after=None
[2026-09-08T06:47:52.256+0000] {processor.py:208} INFO - Processing /opt/airflow/dags/03_branching_dag.py took 0.222 seconds
[2026-09-08T06:48:22.590+0000] {processor.py:186} INFO - Started process (PID=395) to work on /opt/airflow/dags/03_branching_dag.py
[2026-09-08T06:48:22.592+0000] {processor.py:914} INFO - Processing file /opt/airflow/dags/03_branching_dag.py for tasks to queue
[2026-09-08T06:48:22.595+0000] {logging_mixin.py:190} INFO - [2026-09-08T06:48:22.594+0000] {dagbag.py:588} INFO - Filling up the DagBag from /opt/airflow/dags/03_branching_dag.py
[2026-09-08T06:48:22.639+0000] {processor.py:925} INFO - DAG(s) 'branching_dag' retrieved from /opt/airflow/dags/03_branching_dag.py
[2026-09-08T06:48:22.709+0000] {logging_mixin.py:190} INFO - [2026-09-08T06:48:22.708+0000] {dag.py:3239} INFO - Sync 1 DAGs
[2026-09-08T06:48:22.738+0000] {logging_mixin.py:190} INFO - [2026-09-08T06:48:22.737+0000] {dag.py:4180} INFO - Setting next_dagrun for branching_dag to None, run_after=None
[2026-09-08T06:48:22.773+0000] {processor.py:208} INFO - Processing /opt/airflow/dags/03_branching_dag.py took 0.195 seconds
[2026-09-08T06:48:53.219+0000] {processor.py:186} INFO - Started process (PID=409) to work on /opt/airflow/dags/03_branching_dag.py
[2026-09-08T06:48:53.221+0000] {processor.py:914} INFO - Processing file /opt/airflow/dags/03_branching_dag.py for tasks to queue
[2026-09-08T06:48:53.224+0000] {logging_mixin.py:190} INFO - [2026-09-08T06:48:53.224+0000] {dagbag.py:588} INFO - Filling up the DagBag from /opt/airflow/dags/03_branching_dag.py
[2026-09-08T06:48:53.265+0000] {processor.py:925} INFO - DAG(s) 'branching_dag' retrieved from /opt/airflow/dags/03_branching_dag.py
[2026-09-08T06:48:53.322+0000] {logging_mixin.py:190} INFO - [2026-09-08T06:48:53.321+0000] {dag.py:3239} INFO - Sync 1 DAGs
[2026-09-08T06:48:53.353+0000] {logging_mixin.py:190} INFO - [2026-09-08T06:48:53.353+0000] {dag.py:4180} INFO - Setting next_dagrun for branching_dag to None, run_after=None
[2026-09-08T06:48:53.403+0000] {processor.py:208} INFO - Processing /opt/airflow/dags/03_branching_dag.py took 0.197 seconds
[2026-09-08T06:49:23.564+0000] {processor.py:186} INFO - Started process (PID=423) to work on /opt/airflow/dags/03_branching_dag.py
[2026-09-08T06:49:23.566+0000] {processor.py:914} INFO - Processing file /opt/airflow/dags/03_branching_dag.py for tasks to queue
[2026-09-08T06:49:23.569+0000] {logging_mixin.py:190} INFO - [2026-09-08T06:49:23.568+0000] {dagbag.py:588} INFO - Filling up the DagBag from /opt/airflow/dags/03_branching_dag.py
[2026-09-08T06:49:23.609+0000] {processor.py:925} INFO - DAG(s) 'branching_dag' retrieved from /opt/airflow/dags/03_branching_dag.py
[2026-09-08T06:49:23.676+0000] {logging_mixin.py:190} INFO - [2026-09-08T06:49:23.676+0000] {dag.py:3239} INFO - Sync 1 DAGs
[2026-09-08T06:49:23.708+0000] {logging_mixin.py:190} INFO - [2026-09-08T06:49:23.708+0000] {dag.py:4180} INFO - Setting next_dagrun for branching_dag to None, run_after=None
[2026-09-08T06:49:24.099+0000] {processor.py:208} INFO - Processing /opt/airflow/dags/03_branching_dag.py took 0.546 seconds
[2026-09-08T06:49:54.252+0000] {processor.py:186} INFO - Started process (PID=437) to work on /opt/airflow/dags/03_branching_dag.py
[2026-09-08T06:49:54.254+0000] {processor.py:914} INFO - Processing file /opt/airflow/dags/03_branching_dag.py for tasks to queue
[2026-09-08T06:49:54.257+0000] {logging_mixin.py:190} INFO - [2026-09-08T06:49:54.256+0000] {dagbag.py:588} INFO - Filling up the DagBag from /opt/airflow/dags/03_branching_dag.py
[2026-09-08T06:49:54.298+0000] {processor.py:925} INFO - DAG(s) 'branching_dag' retrieved from /opt/airflow/dags/03_branching_dag.py
[2026-09-08T06:49:54.352+0000] {logging_mixin.py:190} INFO - [2026-09-08T06:49:54.352+0000] {dag.py:3239} INFO - Sync 1 DAGs
[2026-09-08T06:49:54.378+0000] {logging_mixin.py:190} INFO - [2026-09-08T06:49:54.378+0000] {dag.py:4180} INFO - Setting next_dagrun for branching_dag to None, run_after=None
[2026-09-08T06:49:54.414+0000] {processor.py:208} INFO - Processing /opt/airflow/dags/03_branching_dag.py took 0.174 seconds
[2026-09-08T06:50:24.659+0000] {processor.py:186} INFO - Started process (PID=452) to work on /opt/airflow/dags/03_branching_dag.py
[2026-09-08T06:50:24.661+0000] {processor.py:914} INFO - Processing file /opt/airflow/dags/03_branching_dag.py for tasks to queue
[2026-09-08T06:50:24.664+0000] {logging_mixin.py:190} INFO - [2026-09-08T06:50:24.664+0000] {dagbag.py:588} INFO - Filling up the DagBag from /opt/airflow/dags/03_branching_dag.py
[2026-09-08T06:50:24.708+0000] {processor.py:925} INFO - DAG(s) 'branching_dag' retrieved from /opt/airflow/dags/03_branching_dag.py
[2026-09-08T06:50:24.980+0000] {logging_mixin.py:190} INFO - [2026-09-08T06:50:24.979+0000] {dag.py:3239} INFO - Sync 1 DAGs
[2026-09-08T06:50:25.073+0000] {logging_mixin.py:190} INFO - [2026-09-08T06:50:25.072+0000] {dag.py:4180} INFO - Setting next_dagrun for branching_dag to None, run_after=None
[2026-09-08T06:50:25.119+0000] {processor.py:208} INFO - Processing /opt/airflow/dags/03_branching_dag.py took 0.472 seconds
[2026-09-08T06:50:55.488+0000] {processor.py:186} INFO - Started process (PID=466) to work on /opt/airflow/dags/03_branching_dag.py
[2026-09-08T06:50:55.892+0000] {processor.py:914} INFO - Processing file /opt/airflow/dags/03_branching_dag.py for tasks to queue
[2026-09-08T06:50:55.906+0000] {logging_mixin.py:190} INFO - [2026-09-08T06:50:55.905+0000] {dagbag.py:588} INFO - Filling up the DagBag from /opt/airflow/dags/03_branching_dag.py
[2026-09-08T06:50:55.954+0000] {processor.py:925} INFO - DAG(s) 'branching_dag' retrieved from /opt/airflow/dags/03_branching_dag.py
[2026-09-08T06:50:56.023+0000] {logging_mixin.py:190} INFO - [2026-09-08T06:50:56.022+0000] {dag.py:3239} INFO - Sync 1 DAGs
[2026-09-08T06:50:56.109+0000] {logging_mixin.py:190} INFO - [2026-09-08T06:50:56.108+0000] {dag.py:4180} INFO - Setting next_dagrun for branching_dag to None, run_after=None
[2026-09-08T06:50:56.160+0000] {processor.py:208} INFO - Processing /opt/airflow/dags/03_branching_dag.py took 0.684 seconds
[2026-09-08T06:51:26.991+0000] {processor.py:186} INFO - Started process (PID=480) to work on /opt/airflow/dags/03_branching_dag.py
[2026-09-08T06:51:26.993+0000] {processor.py:914} INFO - Processing file /opt/airflow/dags/03_branching_dag.py for tasks to queue
[2026-09-08T06:51:26.996+0000] {logging_mixin.py:190} INFO - [2026-09-08T06:51:26.995+0000] {dagbag.py:588} INFO - Filling up the DagBag from /opt/airflow/dags/03_branching_dag.py
[2026-09-08T06:51:27.034+0000] {processor.py:925} INFO - DAG(s) 'branching_dag' retrieved from /opt/airflow/dags/03_branching_dag.py
[2026-09-08T06:51:27.087+0000] {logging_mixin.py:190} INFO - [2026-09-08T06:51:27.087+0000] {dag.py:3239} INFO - Sync 1 DAGs
[2026-09-08T06:51:27.252+0000] {logging_mixin.py:190} INFO - [2026-09-08T06:51:27.252+0000] {dag.py:4180} INFO - Setting next_dagrun for branching_dag to None, run_after=None
[2026-09-08T06:51:27.296+0000] {processor.py:208} INFO - Processing /opt/airflow/dags/03_branching_dag.py took 0.316 seconds
[2026-09-08T06:51:57.585+0000] {processor.py:186} INFO - Started process (PID=494) to work on /opt/airflow/dags/03_branching_dag.py
[2026-09-08T06:51:57.586+0000] {processor.py:914} INFO - Processing file /opt/airflow/dags/03_branching_dag.py for tasks to queue
[2026-09-08T06:51:57.589+0000] {logging_mixin.py:190} INFO - [2026-09-08T06:51:57.588+0000] {dagbag.py:588} INFO - Filling up the DagBag from /opt/airflow/dags/03_branching_dag.py
[2026-09-08T06:51:57.628+0000] {processor.py:925} INFO - DAG(s) 'branching_dag' retrieved from /opt/airflow/dags/03_branching_dag.py
[2026-09-08T06:51:57.703+0000] {logging_mixin.py:190} INFO - [2026-09-08T06:51:57.702+0000] {dag.py:3239} INFO - Sync 1 DAGs
[2026-09-08T06:51:57.750+0000] {logging_mixin.py:190} INFO - [2026-09-08T06:51:57.749+0000] {dag.py:4180} INFO - Setting next_dagrun for branching_dag to None, run_after=None
[2026-09-08T06:51:57.808+0000] {processor.py:208} INFO - Processing /opt/airflow/dags/03_branching_dag.py took 0.233 seconds
[2026-09-08T06:52:28.517+0000] {processor.py:186} INFO - Started process (PID=508) to work on /opt/airflow/dags/03_branching_dag.py
[2026-09-08T06:52:28.600+0000] {processor.py:914} INFO - Processing file /opt/airflow/dags/03_branching_dag.py for tasks to queue
[2026-09-08T06:52:28.604+0000] {logging_mixin.py:190} INFO - [2026-09-08T06:52:28.603+0000] {dagbag.py:588} INFO - Filling up the DagBag from /opt/airflow/dags/03_branching_dag.py
[2026-09-08T06:52:28.780+0000] {processor.py:925} INFO - DAG(s) 'branching_dag' retrieved from /opt/airflow/dags/03_branching_dag.py
[2026-09-08T06:52:28.854+0000] {logging_mixin.py:190} INFO - [2026-09-08T06:52:28.854+0000] {dag.py:3239} INFO - Sync 1 DAGs
[2026-09-08T06:52:28.888+0000] {logging_mixin.py:190} INFO - [2026-09-08T06:52:28.888+0000] {dag.py:4180} INFO - Setting next_dagrun for branching_dag to None, run_after=None
[2026-09-08T06:52:28.929+0000] {processor.py:208} INFO - Processing /opt/airflow/dags/03_branching_dag.py took 0.445 seconds
[2026-09-08T06:52:59.774+0000] {processor.py:186} INFO - Started process (PID=522) to work on /opt/airflow/dags/03_branching_dag.py
[2026-09-08T06:52:59.776+0000] {processor.py:914} INFO - Processing file /opt/airflow/dags/03_branching_dag.py for tasks to queue
[2026-09-08T06:52:59.779+0000] {logging_mixin.py:190} INFO - [2026-09-08T06:52:59.779+0000] {dagbag.py:588} INFO - Filling up the DagBag from /opt/airflow/dags/03_branching_dag.py
[2026-09-08T06:52:59.818+0000] {processor.py:925} INFO - DAG(s) 'branching_dag' retrieved from /opt/airflow/dags/03_branching_dag.py
[2026-09-08T06:52:59.883+0000] {logging_mixin.py:190} INFO - [2026-09-08T06:52:59.882+0000] {dag.py:3239} INFO - Sync 1 DAGs
[2026-09-08T06:52:59.913+0000] {logging_mixin.py:190} INFO - [2026-09-08T06:52:59.912+0000] {dag.py:4180} INFO - Setting next_dagrun for branching_dag to None, run_after=None
[2026-09-08T06:52:59.959+0000] {processor.py:208} INFO - Processing /opt/airflow/dags/03_branching_dag.py took 0.194 seconds
[2026-09-08T06:53:30.305+0000] {processor.py:186} INFO - Started process (PID=536) to work on /opt/airflow/dags/03_branching_dag.py
[2026-09-08T06:53:30.307+0000] {processor.py:914} INFO - Processing file /opt/airflow/dags/03_branching_dag.py for tasks to queue
[2026-09-08T06:53:30.310+0000] {logging_mixin.py:190} INFO - [2026-09-08T06:53:30.310+0000] {dagbag.py:588} INFO - Filling up the DagBag from /opt/airflow/dags/03_branching_dag.py
[2026-09-08T06:53:30.353+0000] {processor.py:925} INFO - DAG(s) 'branching_dag' retrieved from /opt/airflow/dags/03_branching_dag.py
[2026-09-08T06:53:30.413+0000] {logging_mixin.py:190} INFO - [2026-09-08T06:53:30.413+0000] {dag.py:3239} INFO - Sync 1 DAGs
[2026-09-08T06:53:30.442+0000] {logging_mixin.py:190} INFO - [2026-09-08T06:53:30.441+0000] {dag.py:4180} INFO - Setting next_dagrun for branching_dag to None, run_after=None
[2026-09-08T06:53:30.484+0000] {processor.py:208} INFO - Processing /opt/airflow/dags/03_branching_dag.py took 0.189 seconds
[2026-09-08T06:54:00.822+0000] {processor.py:186} INFO - Started process (PID=550) to work on /opt/airflow/dags/03_branching_dag.py
[2026-09-08T06:54:00.824+0000] {processor.py:914} INFO - Processing file /opt/airflow/dags/03_branching_dag.py for tasks to queue
[2026-09-08T06:54:00.827+0000] {logging_mixin.py:190} INFO - [2026-09-08T06:54:00.826+0000] {dagbag.py:588} INFO - Filling up the DagBag from /opt/airflow/dags/03_branching_dag.py
[2026-09-08T06:54:00.869+0000] {processor.py:925} INFO - DAG(s) 'branching_dag' retrieved from /opt/airflow/dags/03_branching_dag.py
[2026-09-08T06:54:00.932+0000] {logging_mixin.py:190} INFO - [2026-09-08T06:54:00.931+0000] {dag.py:3239} INFO - Sync 1 DAGs
[2026-09-08T06:54:00.965+0000] {logging_mixin.py:190} INFO - [2026-09-08T06:54:00.965+0000] {dag.py:4180} INFO - Setting next_dagrun for branching_dag to None, run_after=None
[2026-09-08T06:54:01.001+0000] {processor.py:208} INFO - Processing /opt/airflow/dags/03_branching_dag.py took 0.191 seconds
[2026-09-08T06:54:31.177+0000] {processor.py:186} INFO - Started process (PID=564) to work on /opt/airflow/dags/03_branching_dag.py
[2026-09-08T06:54:31.178+0000] {processor.py:914} INFO - Processing file /opt/airflow/dags/03_branching_dag.py for tasks to queue
[2026-09-08T06:54:31.182+0000] {logging_mixin.py:190} INFO - [2026-09-08T06:54:31.181+0000] {dagbag.py:588} INFO - Filling up the DagBag from /opt/airflow/dags/03_branching_dag.py
[2026-09-08T06:54:31.219+0000] {processor.py:925} INFO - DAG(s) 'branching_dag' retrieved from /opt/airflow/dags/03_branching_dag.py
[2026-09-08T06:54:31.276+0000] {logging_mixin.py:190} INFO - [2026-09-08T06:54:31.275+0000] {dag.py:3239} INFO - Sync 1 DAGs
[2026-09-08T06:54:31.311+0000] {logging_mixin.py:190} INFO - [2026-09-08T06:54:31.311+0000] {dag.py:4180} INFO - Setting next_dagrun for branching_dag to None, run_after=None
[2026-09-08T06:54:31.347+0000] {processor.py:208} INFO - Processing /opt/airflow/dags/03_branching_dag.py took 0.181 seconds
[2026-09-08T06:55:01.559+0000] {processor.py:186} INFO - Started process (PID=578) to work on /opt/airflow/dags/03_branching_dag.py
[2026-09-08T06:55:01.561+0000] {processor.py:914} INFO - Processing file /opt/airflow/dags/03_branching_dag.py for tasks to queue
[2026-09-08T06:55:01.564+0000] {logging_mixin.py:190} INFO - [2026-09-08T06:55:01.563+0000] {dagbag.py:588} INFO - Filling up the DagBag from /opt/airflow/dags/03_branching_dag.py
[2026-09-08T06:55:01.603+0000] {processor.py:925} INFO - DAG(s) 'branching_dag' retrieved from /opt/airflow/dags/03_branching_dag.py
[2026-09-08T06:55:01.661+0000] {logging_mixin.py:190} INFO - [2026-09-08T06:55:01.660+0000] {dag.py:3239} INFO - Sync 1 DAGs
[2026-09-08T06:55:01.688+0000] {logging_mixin.py:190} INFO - [2026-09-08T06:55:01.688+0000] {dag.py:4180} INFO - Setting next_dagrun for branching_dag to None, run_after=None
[2026-09-08T06:55:01.724+0000] {processor.py:208} INFO - Processing /opt/airflow/dags/03_branching_dag.py took 0.182 seconds
[2026-09-08T06:55:31.963+0000] {processor.py:186} INFO - Started process (PID=592) to work on /opt/airflow/dags/03_branching_dag.py
[2026-09-08T06:55:31.965+0000] {processor.py:914} INFO - Processing file /opt/airflow/dags/03_branching_dag.py for tasks to queue
[2026-09-08T06:55:31.968+0000] {logging_mixin.py:190} INFO - [2026-09-08T06:55:31.968+0000] {dagbag.py:588} INFO - Filling up the DagBag from /opt/airflow/dags/03_branching_dag.py
[2026-09-08T06:55:32.006+0000] {processor.py:925} INFO - DAG(s) 'branching_dag' retrieved from /opt/airflow/dags/03_branching_dag.py
[2026-09-08T06:55:32.061+0000] {logging_mixin.py:190} INFO - [2026-09-08T06:55:32.061+0000] {dag.py:3239} INFO - Sync 1 DAGs
[2026-09-08T06:55:32.091+0000] {logging_mixin.py:190} INFO - [2026-09-08T06:55:32.091+0000] {dag.py:4180} INFO - Setting next_dagrun for branching_dag to None, run_after=None
[2026-09-08T06:55:32.125+0000] {processor.py:208} INFO - Processing /opt/airflow/dags/03_branching_dag.py took 0.171 seconds
[2026-09-08T06:56:02.549+0000] {processor.py:186} INFO - Started process (PID=606) to work on /opt/airflow/dags/03_branching_dag.py
[2026-09-08T06:56:02.551+0000] {processor.py:914} INFO - Processing file /opt/airflow/dags/03_branching_dag.py for tasks to queue
[2026-09-08T06:56:02.554+0000] {logging_mixin.py:190} INFO - [2026-09-08T06:56:02.554+0000] {dagbag.py:588} INFO - Filling up the DagBag from /opt/airflow/dags/03_branching_dag.py
[2026-09-08T06:56:02.594+0000] {processor.py:925} INFO - DAG(s) 'branching_dag' retrieved from /opt/airflow/dags/03_branching_dag.py
[2026-09-08T06:56:02.650+0000] {logging_mixin.py:190} INFO - [2026-09-08T06:56:02.649+0000] {dag.py:3239} INFO - Sync 1 DAGs
[2026-09-08T06:56:02.677+0000] {logging_mixin.py:190} INFO - [2026-09-08T06:56:02.676+0000] {dag.py:4180} INFO - Setting next_dagrun for branching_dag to None, run_after=None
[2026-09-08T06:56:02.717+0000] {processor.py:208} INFO - Processing /opt/airflow/dags/03_branching_dag.py took 0.180 seconds
[2026-09-08T06:56:32.967+0000] {processor.py:186} INFO - Started process (PID=620) to work on /opt/airflow/dags/03_branching_dag.py
[2026-09-08T06:56:32.968+0000] {processor.py:914} INFO - Processing file /opt/airflow/dags/03_branching_dag.py for tasks to queue
[2026-09-08T06:56:32.971+0000] {logging_mixin.py:190} INFO - [2026-09-08T06:56:32.971+0000] {dagbag.py:588} INFO - Filling up the DagBag from /opt/airflow/dags/03_branching_dag.py
[2026-09-08T06:56:33.008+0000] {processor.py:925} INFO - DAG(s) 'branching_dag' retrieved from /opt/airflow/dags/03_branching_dag.py
[2026-09-08T06:56:33.066+0000] {logging_mixin.py:190} INFO - [2026-09-08T06:56:33.066+0000] {dag.py:3239} INFO - Sync 1 DAGs
[2026-09-08T06:56:33.093+0000] {logging_mixin.py:190} INFO - [2026-09-08T06:56:33.093+0000] {dag.py:4180} INFO - Setting next_dagrun for branching_dag to None, run_after=None
[2026-09-08T06:56:33.135+0000] {processor.py:208} INFO - Processing /opt/airflow/dags/03_branching_dag.py took 0.179 seconds
[2026-09-08T06:57:03.195+0000] {processor.py:186} INFO - Started process (PID=634) to work on /opt/airflow/dags/03_branching_dag.py
[2026-09-08T06:57:03.196+0000] {processor.py:914} INFO - Processing file /opt/airflow/dags/03_branching_dag.py for tasks to queue
[2026-09-08T06:57:03.197+0000] {logging_mixin.py:190} INFO - [2026-09-08T06:57:03.197+0000] {dagbag.py:588} INFO - Filling up the DagBag from /opt/airflow/dags/03_branching_dag.py
[2026-09-08T06:57:03.220+0000] {processor.py:925} INFO - DAG(s) 'branching_dag' retrieved from /opt/airflow/dags/03_branching_dag.py
[2026-09-08T06:57:03.256+0000] {logging_mixin.py:190} INFO - [2026-09-08T06:57:03.256+0000] {dag.py:3239} INFO - Sync 1 DAGs
[2026-09-08T06:57:03.275+0000] {logging_mixin.py:190} INFO - [2026-09-08T06:57:03.275+0000] {dag.py:4180} INFO - Setting next_dagrun for branching_dag to None, run_after=None
[2026-09-08T06:57:03.299+0000] {processor.py:208} INFO - Processing /opt/airflow/dags/03_branching_dag.py took 0.111 seconds
[2026-09-08T06:57:33.473+0000] {processor.py:186} INFO - Started process (PID=648) to work on /opt/airflow/dags/03_branching_dag.py
[2026-09-08T06:57:33.474+0000] {processor.py:914} INFO - Processing file /opt/airflow/dags/03_branching_dag.py for tasks to queue
[2026-09-08T06:57:33.476+0000] {logging_mixin.py:190} INFO - [2026-09-08T06:57:33.476+0000] {dagbag.py:588} INFO - Filling up the DagBag from /opt/airflow/dags/03_branching_dag.py
[2026-09-08T06:57:33.497+0000] {processor.py:925} INFO - DAG(s) 'branching_dag' retrieved from /opt/airflow/dags/03_branching_dag.py
[2026-09-08T06:57:33.531+0000] {logging_mixin.py:190} INFO - [2026-09-08T06:57:33.531+0000] {dag.py:3239} INFO - Sync 1 DAGs
[2026-09-08T06:57:33.551+0000] {logging_mixin.py:190} INFO - [2026-09-08T06:57:33.551+0000] {dag.py:4180} INFO - Setting next_dagrun for branching_dag to None, run_after=None
[2026-09-08T06:57:33.574+0000] {processor.py:208} INFO - Processing /opt/airflow/dags/03_branching_dag.py took 0.109 seconds
[2026-09-08T06:58:03.848+0000] {processor.py:186} INFO - Started process (PID=662) to work on /opt/airflow/dags/03_branching_dag.py
[2026-09-08T06:58:03.849+0000] {processor.py:914} INFO - Processing file /opt/airflow/dags/03_branching_dag.py for tasks to queue
[2026-09-08T06:58:03.851+0000] {logging_mixin.py:190} INFO - [2026-09-08T06:58:03.851+0000] {dagbag.py:588} INFO - Filling up the DagBag from /opt/airflow/dags/03_branching_dag.py
[2026-09-08T06:58:03.878+0000] {processor.py:925} INFO - DAG(s) 'branching_dag' retrieved from /opt/airflow/dags/03_branching_dag.py
[2026-09-08T06:58:03.916+0000] {logging_mixin.py:190} INFO - [2026-09-08T06:58:03.915+0000] {dag.py:3239} INFO - Sync 1 DAGs
[2026-09-08T06:58:03.934+0000] {logging_mixin.py:190} INFO - [2026-09-08T06:58:03.934+0000] {dag.py:4180} INFO - Setting next_dagrun for branching_dag to None, run_after=None
[2026-09-08T06:58:03.956+0000] {processor.py:208} INFO - Processing /opt/airflow/dags/03_branching_dag.py took 0.116 seconds
[2026-09-08T06:58:34.693+0000] {processor.py:186} INFO - Started process (PID=676) to work on /opt/airflow/dags/03_branching_dag.py
[2026-09-08T06:58:34.694+0000] {processor.py:914} INFO - Processing file /opt/airflow/dags/03_branching_dag.py for tasks to queue
[2026-09-08T06:58:34.696+0000] {logging_mixin.py:190} INFO - [2026-09-08T06:58:34.695+0000] {dagbag.py:588} INFO - Filling up the DagBag from /opt/airflow/dags/03_branching_dag.py
[2026-09-08T06:58:34.717+0000] {processor.py:925} INFO - DAG(s) 'branching_dag' retrieved from /opt/airflow/dags/03_branching_dag.py
[2026-09-08T06:58:34.749+0000] {logging_mixin.py:190} INFO - [2026-09-08T06:58:34.749+0000] {dag.py:3239} INFO - Sync 1 DAGs
[2026-09-08T06:58:34.766+0000] {logging_mixin.py:190} INFO - [2026-09-08T06:58:34.766+0000] {dag.py:4180} INFO - Setting next_dagrun for branching_dag to None, run_after=None
[2026-09-08T06:58:34.787+0000] {processor.py:208} INFO - Processing /opt/airflow/dags/03_branching_dag.py took 0.101 seconds
[2026-09-08T06:59:05.226+0000] {processor.py:186} INFO - Started process (PID=690) to work on /opt/airflow/dags/03_branching_dag.py
[2026-09-08T06:59:05.227+0000] {processor.py:914} INFO - Processing file /opt/airflow/dags/03_branching_dag.py for tasks to queue
[2026-09-08T06:59:05.229+0000] {logging_mixin.py:190} INFO - [2026-09-08T06:59:05.228+0000] {dagbag.py:588} INFO - Filling up the DagBag from /opt/airflow/dags/03_branching_dag.py
[2026-09-08T06:59:05.376+0000] {processor.py:925} INFO - DAG(s) 'branching_dag' retrieved from /opt/airflow/dags/03_branching_dag.py
[2026-09-08T06:59:05.491+0000] {logging_mixin.py:190} INFO - [2026-09-08T06:59:05.491+0000] {dag.py:3239} INFO - Sync 1 DAGs
[2026-09-08T06:59:05.509+0000] {logging_mixin.py:190} INFO - [2026-09-08T06:59:05.509+0000] {dag.py:4180} INFO - Setting next_dagrun for branching_dag to None, run_after=None
[2026-09-08T06:59:05.532+0000] {processor.py:208} INFO - Processing /opt/airflow/dags/03_branching_dag.py took 0.312 seconds
[2026-09-08T06:59:35.883+0000] {processor.py:186} INFO - Started process (PID=704) to work on /opt/airflow/dags/03_branching_dag.py
[2026-09-08T06:59:35.884+0000] {processor.py:914} INFO - Processing file /opt/airflow/dags/03_branching_dag.py for tasks to queue
[2026-09-08T06:59:35.886+0000] {logging_mixin.py:190} INFO - [2026-09-08T06:59:35.885+0000] {dagbag.py:588} INFO - Filling up the DagBag from /opt/airflow/dags/03_branching_dag.py
[2026-09-08T06:59:35.907+0000] {processor.py:925} INFO - DAG(s) 'branching_dag' retrieved from /opt/airflow/dags/03_branching_dag.py
[2026-09-08T06:59:35.943+0000] {logging_mixin.py:190} INFO - [2026-09-08T06:59:35.943+0000] {dag.py:3239} INFO - Sync 1 DAGs
[2026-09-08T06:59:35.958+0000] {logging_mixin.py:190} INFO - [2026-09-08T06:59:35.958+0000] {dag.py:4180} INFO - Setting next_dagrun for branching_dag to None, run_after=None
[2026-09-08T06:59:35.980+0000] {processor.py:208} INFO - Processing /opt/airflow/dags/03_branching_dag.py took 0.104 seconds
[2026-09-08T07:00:06.195+0000] {processor.py:186} INFO - Started process (PID=718) to work on /opt/airflow/dags/03_branching_dag.py
[2026-09-08T07:00:06.196+0000] {processor.py:914} INFO - Processing file /opt/airflow/dags/03_branching_dag.py for tasks to queue
[2026-09-08T07:00:06.199+0000] {logging_mixin.py:190} INFO - [2026-09-08T07:00:06.198+0000] {dagbag.py:588} INFO - Filling up the DagBag from /opt/airflow/dags/03_branching_dag.py
[2026-09-08T07:00:06.224+0000] {processor.py:925} INFO - DAG(s) 'branching_dag' retrieved from /opt/airflow/dags/03_branching_dag.py
[2026-09-08T07:00:06.269+0000] {logging_mixin.py:190} INFO - [2026-09-08T07:00:06.268+0000] {dag.py:3239} INFO - Sync 1 DAGs
[2026-09-08T07:00:06.296+0000] {logging_mixin.py:190} INFO - [2026-09-08T07:00:06.296+0000] {dag.py:4180} INFO - Setting next_dagrun for branching_dag to None, run_after=None
[2026-09-08T07:00:06.324+0000] {processor.py:208} INFO - Processing /opt/airflow/dags/03_branching_dag.py took 0.137 seconds
[2026-09-08T07:00:36.620+0000] {processor.py:186} INFO - Started process (PID=733) to work on /opt/airflow/dags/03_branching_dag.py
[2026-09-08T07:00:36.621+0000] {processor.py:914} INFO - Processing file /opt/airflow/dags/03_branching_dag.py for tasks to queue
[2026-09-08T07:00:36.623+0000] {logging_mixin.py:190} INFO - [2026-09-08T07:00:36.623+0000] {dagbag.py:588} INFO - Filling up the DagBag from /opt/airflow/dags/03_branching_dag.py
[2026-09-08T07:00:36.643+0000] {processor.py:925} INFO - DAG(s) 'branching_dag' retrieved from /opt/airflow/dags/03_branching_dag.py
[2026-09-08T07:00:36.679+0000] {logging_mixin.py:190} INFO - [2026-09-08T07:00:36.679+0000] {dag.py:3239} INFO - Sync 1 DAGs
[2026-09-08T07:00:36.696+0000] {logging_mixin.py:190} INFO - [2026-09-08T07:00:36.696+0000] {dag.py:4180} INFO - Setting next_dagrun for branching_dag to None, run_after=None
[2026-09-08T07:00:36.718+0000] {processor.py:208} INFO - Processing /opt/airflow/dags/03_branching_dag.py took 0.104 seconds
[2026-09-08T07:01:07.316+0000] {processor.py:186} INFO - Started process (PID=747) to work on /opt/airflow/dags/03_branching_dag.py
[2026-09-08T07:01:07.317+0000] {processor.py:914} INFO - Processing file /opt/airflow/dags/03_branching_dag.py for tasks to queue
[2026-09-08T07:01:07.319+0000] {logging_mixin.py:190} INFO - [2026-09-08T07:01:07.319+0000] {dagbag.py:588} INFO - Filling up the DagBag from /opt/airflow/dags/03_branching_dag.py
[2026-09-08T07:01:07.343+0000] {processor.py:925} INFO - DAG(s) 'branching_dag' retrieved from /opt/airflow/dags/03_branching_dag.py
[2026-09-08T07:01:07.377+0000] {logging_mixin.py:190} INFO - [2026-09-08T07:01:07.376+0000] {dag.py:3239} INFO - Sync 1 DAGs
[2026-09-08T07:01:07.425+0000] {logging_mixin.py:190} INFO - [2026-09-08T07:01:07.424+0000] {dag.py:4180} INFO - Setting next_dagrun for branching_dag to None, run_after=None
[2026-09-08T07:01:07.453+0000] {processor.py:208} INFO - Processing /opt/airflow/dags/03_branching_dag.py took 0.144 seconds
[2026-09-08T07:01:38.305+0000] {processor.py:186} INFO - Started process (PID=760) to work on /opt/airflow/dags/03_branching_dag.py
[2026-09-08T07:01:38.306+0000] {processor.py:914} INFO - Processing file /opt/airflow/dags/03_branching_dag.py for tasks to queue
[2026-09-08T07:01:38.308+0000] {logging_mixin.py:190} INFO - [2026-09-08T07:01:38.308+0000] {dagbag.py:588} INFO - Filling up the DagBag from /opt/airflow/dags/03_branching_dag.py
[2026-09-08T07:01:38.331+0000] {processor.py:925} INFO - DAG(s) 'branching_dag' retrieved from /opt/airflow/dags/03_branching_dag.py
[2026-09-08T07:01:38.371+0000] {logging_mixin.py:190} INFO - [2026-09-08T07:01:38.371+0000] {dag.py:3239} INFO - Sync 1 DAGs
[2026-09-08T07:01:38.397+0000] {logging_mixin.py:190} INFO - [2026-09-08T07:01:38.396+0000] {dag.py:4180} INFO - Setting next_dagrun for branching_dag to None, run_after=None
[2026-09-08T07:01:38.427+0000] {processor.py:208} INFO - Processing /opt/airflow/dags/03_branching_dag.py took 0.130 seconds
[2026-09-08T07:02:09.034+0000] {processor.py:186} INFO - Started process (PID=774) to work on /opt/airflow/dags/03_branching_dag.py
[2026-09-08T07:02:09.035+0000] {processor.py:914} INFO - Processing file /opt/airflow/dags/03_branching_dag.py for tasks to queue
[2026-09-08T07:02:09.037+0000] {logging_mixin.py:190} INFO - [2026-09-08T07:02:09.036+0000] {dagbag.py:588} INFO - Filling up the DagBag from /opt/airflow/dags/03_branching_dag.py
[2026-09-08T07:02:09.061+0000] {processor.py:925} INFO - DAG(s) 'branching_dag' retrieved from /opt/airflow/dags/03_branching_dag.py
[2026-09-08T07:02:09.101+0000] {logging_mixin.py:190} INFO - [2026-09-08T07:02:09.101+0000] {dag.py:3239} INFO - Sync 1 DAGs
[2026-09-08T07:02:09.127+0000] {logging_mixin.py:190} INFO - [2026-09-08T07:02:09.127+0000] {dag.py:4180} INFO - Setting next_dagrun for branching_dag to None, run_after=None
[2026-09-08T07:02:09.151+0000] {processor.py:208} INFO - Processing /opt/airflow/dags/03_branching_dag.py took 0.128 seconds
[2026-09-08T07:02:39.708+0000] {processor.py:186} INFO - Started process (PID=788) to work on /opt/airflow/dags/03_branching_dag.py
[2026-09-08T07:02:39.709+0000] {processor.py:914} INFO - Processing file /opt/airflow/dags/03_branching_dag.py for tasks to queue
[2026-09-08T07:02:39.711+0000] {logging_mixin.py:190} INFO - [2026-09-08T07:02:39.710+0000] {dagbag.py:588} INFO - Filling up the DagBag from /opt/airflow/dags/03_branching_dag.py
[2026-09-08T07:02:39.731+0000] {processor.py:925} INFO - DAG(s) 'branching_dag' retrieved from /opt/airflow/dags/03_branching_dag.py
[2026-09-08T07:02:39.768+0000] {logging_mixin.py:190} INFO - [2026-09-08T07:02:39.767+0000] {dag.py:3239} INFO - Sync 1 DAGs
[2026-09-08T07:02:39.785+0000] {logging_mixin.py:190} INFO - [2026-09-08T07:02:39.785+0000] {dag.py:4180} INFO - Setting next_dagrun for branching_dag to None, run_after=None
[2026-09-08T07:02:39.806+0000] {processor.py:208} INFO - Processing /opt/airflow/dags/03_branching_dag.py took 0.106 seconds
[2026-09-08T07:03:09.999+0000] {processor.py:186} INFO - Started process (PID=801) to work on /opt/airflow/dags/03_branching_dag.py
[2026-09-08T07:03:10.001+0000] {processor.py:914} INFO - Processing file /opt/airflow/dags/03_branching_dag.py for tasks to queue
[2026-09-08T07:03:10.002+0000] {logging_mixin.py:190} INFO - [2026-09-08T07:03:10.002+0000] {dagbag.py:588} INFO - Filling up the DagBag from /opt/airflow/dags/03_branching_dag.py
[2026-09-08T07:03:10.023+0000] {processor.py:925} INFO - DAG(s) 'branching_dag' retrieved from /opt/airflow/dags/03_branching_dag.py
[2026-09-08T07:03:10.076+0000] {logging_mixin.py:190} INFO - [2026-09-08T07:03:10.076+0000] {dag.py:3239} INFO - Sync 1 DAGs
[2026-09-08T07:03:10.099+0000] {logging_mixin.py:190} INFO - [2026-09-08T07:03:10.099+0000] {dag.py:4180} INFO - Setting next_dagrun for branching_dag to None, run_after=None
[2026-09-08T07:03:10.122+0000] {processor.py:208} INFO - Processing /opt/airflow/dags/03_branching_dag.py took 0.129 seconds
[2026-09-08T07:03:40.244+0000] {processor.py:186} INFO - Started process (PID=815) to work on /opt/airflow/dags/03_branching_dag.py
[2026-09-08T07:03:40.245+0000] {processor.py:914} INFO - Processing file /opt/airflow/dags/03_branching_dag.py for tasks to queue
[2026-09-08T07:03:40.247+0000] {logging_mixin.py:190} INFO - [2026-09-08T07:03:40.247+0000] {dagbag.py:588} INFO - Filling up the DagBag from /opt/airflow/dags/03_branching_dag.py
[2026-09-08T07:03:40.272+0000] {processor.py:925} INFO - DAG(s) 'branching_dag' retrieved from /opt/airflow/dags/03_branching_dag.py
[2026-09-08T07:03:40.314+0000] {logging_mixin.py:190} INFO - [2026-09-08T07:03:40.313+0000] {dag.py:3239} INFO - Sync 1 DAGs
[2026-09-08T07:03:40.333+0000] {logging_mixin.py:190} INFO - [2026-09-08T07:03:40.333+0000] {dag.py:4180} INFO - Setting next_dagrun for branching_dag to None, run_after=None
[2026-09-08T07:03:40.360+0000] {processor.py:208} INFO - Processing /opt/airflow/dags/03_branching_dag.py took 0.123 seconds
[2026-09-08T07:04:10.632+0000] {processor.py:186} INFO - Started process (PID=829) to work on /opt/airflow/dags/03_branching_dag.py
[2026-09-08T07:04:10.633+0000] {processor.py:914} INFO - Processing file /opt/airflow/dags/03_branching_dag.py for tasks to queue
[2026-09-08T07:04:10.635+0000] {logging_mixin.py:190} INFO - [2026-09-08T07:04:10.634+0000] {dagbag.py:588} INFO - Filling up the DagBag from /opt/airflow/dags/03_branching_dag.py
[2026-09-08T07:04:10.655+0000] {processor.py:925} INFO - DAG(s) 'branching_dag' retrieved from /opt/airflow/dags/03_branching_dag.py
[2026-09-08T07:04:10.687+0000] {logging_mixin.py:190} INFO - [2026-09-08T07:04:10.686+0000] {dag.py:3239} INFO - Sync 1 DAGs
[2026-09-08T07:04:10.703+0000] {logging_mixin.py:190} INFO - [2026-09-08T07:04:10.703+0000] {dag.py:4180} INFO - Setting next_dagrun for branching_dag to None, run_after=None
[2026-09-08T07:04:10.724+0000] {processor.py:208} INFO - Processing /opt/airflow/dags/03_branching_dag.py took 0.100 seconds
[2026-09-08T07:04:40.825+0000] {processor.py:186} INFO - Started process (PID=843) to work on /opt/airflow/dags/03_branching_dag.py
[2026-09-08T07:04:40.826+0000] {processor.py:914} INFO - Processing file /opt/airflow/dags/03_branching_dag.py for tasks to queue
[2026-09-08T07:04:40.838+0000] {logging_mixin.py:190} INFO - [2026-09-08T07:04:40.838+0000] {dagbag.py:588} INFO - Filling up the DagBag from /opt/airflow/dags/03_branching_dag.py
[2026-09-08T07:04:40.858+0000] {processor.py:925} INFO - DAG(s) 'branching_dag' retrieved from /opt/airflow/dags/03_branching_dag.py
[2026-09-08T07:04:40.892+0000] {logging_mixin.py:190} INFO - [2026-09-08T07:04:40.891+0000] {dag.py:3239} INFO - Sync 1 DAGs
[2026-09-08T07:04:40.939+0000] {logging_mixin.py:190} INFO - [2026-09-08T07:04:40.938+0000] {dag.py:4180} INFO - Setting next_dagrun for branching_dag to None, run_after=None
[2026-09-08T07:04:40.962+0000] {processor.py:208} INFO - Processing /opt/airflow/dags/03_branching_dag.py took 0.144 seconds
[2026-09-08T07:05:11.449+0000] {processor.py:186} INFO - Started process (PID=857) to work on /opt/airflow/dags/03_branching_dag.py
[2026-09-08T07:05:11.450+0000] {processor.py:914} INFO - Processing file /opt/airflow/dags/03_branching_dag.py for tasks to queue
[2026-09-08T07:05:11.452+0000] {logging_mixin.py:190} INFO - [2026-09-08T07:05:11.452+0000] {dagbag.py:588} INFO - Filling up the DagBag from /opt/airflow/dags/03_branching_dag.py
[2026-09-08T07:05:11.474+0000] {processor.py:925} INFO - DAG(s) 'branching_dag' retrieved from /opt/airflow/dags/03_branching_dag.py
[2026-09-08T07:05:11.509+0000] {logging_mixin.py:190} INFO - [2026-09-08T07:05:11.508+0000] {dag.py:3239} INFO - Sync 1 DAGs
[2026-09-08T07:05:11.524+0000] {logging_mixin.py:190} INFO - [2026-09-08T07:05:11.524+0000] {dag.py:4180} INFO - Setting next_dagrun for branching_dag to None, run_after=None
[2026-09-08T07:05:11.545+0000] {processor.py:208} INFO - Processing /opt/airflow/dags/03_branching_dag.py took 0.103 seconds
[2026-09-08T07:05:42.217+0000] {processor.py:186} INFO - Started process (PID=871) to work on /opt/airflow/dags/03_branching_dag.py
[2026-09-08T07:05:42.277+0000] {processor.py:914} INFO - Processing file /opt/airflow/dags/03_branching_dag.py for tasks to queue
[2026-09-08T07:05:42.279+0000] {logging_mixin.py:190} INFO - [2026-09-08T07:05:42.279+0000] {dagbag.py:588} INFO - Filling up the DagBag from /opt/airflow/dags/03_branching_dag.py
[2026-09-08T07:05:42.331+0000] {processor.py:925} INFO - DAG(s) 'branching_dag' retrieved from /opt/airflow/dags/03_branching_dag.py
[2026-09-08T07:05:42.364+0000] {logging_mixin.py:190} INFO - [2026-09-08T07:05:42.364+0000] {dag.py:3239} INFO - Sync 1 DAGs
[2026-09-08T07:05:42.381+0000] {logging_mixin.py:190} INFO - [2026-09-08T07:05:42.381+0000] {dag.py:4180} INFO - Setting next_dagrun for branching_dag to None, run_after=None
[2026-09-08T07:05:42.404+0000] {processor.py:208} INFO - Processing /opt/airflow/dags/03_branching_dag.py took 0.193 seconds
[2026-09-08T07:06:12.512+0000] {processor.py:186} INFO - Started process (PID=885) to work on /opt/airflow/dags/03_branching_dag.py
[2026-09-08T07:06:12.514+0000] {processor.py:914} INFO - Processing file /opt/airflow/dags/03_branching_dag.py for tasks to queue
[2026-09-08T07:06:12.516+0000] {logging_mixin.py:190} INFO - [2026-09-08T07:06:12.515+0000] {dagbag.py:588} INFO - Filling up the DagBag from /opt/airflow/dags/03_branching_dag.py
[2026-09-08T07:06:12.540+0000] {processor.py:925} INFO - DAG(s) 'branching_dag' retrieved from /opt/airflow/dags/03_branching_dag.py
[2026-09-08T07:06:12.579+0000] {logging_mixin.py:190} INFO - [2026-09-08T07:06:12.579+0000] {dag.py:3239} INFO - Sync 1 DAGs
[2026-09-08T07:06:12.602+0000] {logging_mixin.py:190} INFO - [2026-09-08T07:06:12.602+0000] {dag.py:4180} INFO - Setting next_dagrun for branching_dag to None, run_after=None
[2026-09-08T07:06:12.628+0000] {processor.py:208} INFO - Processing /opt/airflow/dags/03_branching_dag.py took 0.124 seconds
[2026-09-08T07:06:43.381+0000] {processor.py:186} INFO - Started process (PID=899) to work on /opt/airflow/dags/03_branching_dag.py
[2026-09-08T07:06:43.382+0000] {processor.py:914} INFO - Processing file /opt/airflow/dags/03_branching_dag.py for tasks to queue
[2026-09-08T07:06:43.384+0000] {logging_mixin.py:190} INFO - [2026-09-08T07:06:43.384+0000] {dagbag.py:588} INFO - Filling up the DagBag from /opt/airflow/dags/03_branching_dag.py
[2026-09-08T07:06:43.404+0000] {processor.py:925} INFO - DAG(s) 'branching_dag' retrieved from /opt/airflow/dags/03_branching_dag.py
[2026-09-08T07:06:43.436+0000] {logging_mixin.py:190} INFO - [2026-09-08T07:06:43.436+0000] {dag.py:3239} INFO - Sync 1 DAGs
[2026-09-08T07:06:43.456+0000] {logging_mixin.py:190} INFO - [2026-09-08T07:06:43.456+0000] {dag.py:4180} INFO - Setting next_dagrun for branching_dag to None, run_after=None
[2026-09-08T07:06:43.478+0000] {processor.py:208} INFO - Processing /opt/airflow/dags/03_branching_dag.py took 0.103 seconds
[2026-09-08T07:07:13.680+0000] {processor.py:186} INFO - Started process (PID=913) to work on /opt/airflow/dags/03_branching_dag.py
[2026-09-08T07:07:13.681+0000] {processor.py:914} INFO - Processing file /opt/airflow/dags/03_branching_dag.py for tasks to queue
[2026-09-08T07:07:13.684+0000] {logging_mixin.py:190} INFO - [2026-09-08T07:07:13.683+0000] {dagbag.py:588} INFO - Filling up the DagBag from /opt/airflow/dags/03_branching_dag.py
[2026-09-08T07:07:13.702+0000] {processor.py:925} INFO - DAG(s) 'branching_dag' retrieved from /opt/airflow/dags/03_branching_dag.py
[2026-09-08T07:07:13.737+0000] {logging_mixin.py:190} INFO - [2026-09-08T07:07:13.737+0000] {dag.py:3239} INFO - Sync 1 DAGs
[2026-09-08T07:07:13.755+0000] {logging_mixin.py:190} INFO - [2026-09-08T07:07:13.754+0000] {dag.py:4180} INFO - Setting next_dagrun for branching_dag to None, run_after=None
[2026-09-08T07:07:13.781+0000] {processor.py:208} INFO - Processing /opt/airflow/dags/03_branching_dag.py took 0.107 seconds
[2026-09-08T07:07:44.005+0000] {processor.py:186} INFO - Started process (PID=927) to work on /opt/airflow/dags/03_branching_dag.py
[2026-09-08T07:07:44.007+0000] {processor.py:914} INFO - Processing file /opt/airflow/dags/03_branching_dag.py for tasks to queue
[2026-09-08T07:07:44.008+0000] {logging_mixin.py:190} INFO - [2026-09-08T07:07:44.008+0000] {dagbag.py:588} INFO - Filling up the DagBag from /opt/airflow/dags/03_branching_dag.py
[2026-09-08T07:07:44.031+0000] {processor.py:925} INFO - DAG(s) 'branching_dag' retrieved from /opt/airflow/dags/03_branching_dag.py
[2026-09-08T07:07:44.066+0000] {logging_mixin.py:190} INFO - [2026-09-08T07:07:44.065+0000] {dag.py:3239} INFO - Sync 1 DAGs
[2026-09-08T07:07:44.085+0000] {logging_mixin.py:190} INFO - [2026-09-08T07:07:44.085+0000] {dag.py:4180} INFO - Setting next_dagrun for branching_dag to None, run_after=None
[2026-09-08T07:07:44.108+0000] {processor.py:208} INFO - Processing /opt/airflow/dags/03_branching_dag.py took 0.110 seconds
[2026-09-08T07:08:14.314+0000] {processor.py:186} INFO - Started process (PID=947) to work on /opt/airflow/dags/03_branching_dag.py
[2026-09-08T07:08:14.315+0000] {processor.py:914} INFO - Processing file /opt/airflow/dags/03_branching_dag.py for tasks to queue
[2026-09-08T07:08:14.320+0000] {logging_mixin.py:190} INFO - [2026-09-08T07:08:14.320+0000] {dagbag.py:588} INFO - Filling up the DagBag from /opt/airflow/dags/03_branching_dag.py
[2026-09-08T07:08:14.347+0000] {processor.py:925} INFO - DAG(s) 'branching_dag' retrieved from /opt/airflow/dags/03_branching_dag.py
[2026-09-08T07:08:14.381+0000] {logging_mixin.py:190} INFO - [2026-09-08T07:08:14.381+0000] {dag.py:3239} INFO - Sync 1 DAGs
[2026-09-08T07:08:14.398+0000] {logging_mixin.py:190} INFO - [2026-09-08T07:08:14.398+0000] {dag.py:4180} INFO - Setting next_dagrun for branching_dag to None, run_after=None
[2026-09-08T07:08:14.419+0000] {processor.py:208} INFO - Processing /opt/airflow/dags/03_branching_dag.py took 0.115 seconds
[2026-09-08T07:08:44.863+0000] {processor.py:186} INFO - Started process (PID=961) to work on /opt/airflow/dags/03_branching_dag.py
[2026-09-08T07:08:44.864+0000] {processor.py:914} INFO - Processing file /opt/airflow/dags/03_branching_dag.py for tasks to queue
[2026-09-08T07:08:44.865+0000] {logging_mixin.py:190} INFO - [2026-09-08T07:08:44.865+0000] {dagbag.py:588} INFO - Filling up the DagBag from /opt/airflow/dags/03_branching_dag.py
[2026-09-08T07:08:44.884+0000] {processor.py:925} INFO - DAG(s) 'branching_dag' retrieved from /opt/airflow/dags/03_branching_dag.py
[2026-09-08T07:08:44.917+0000] {logging_mixin.py:190} INFO - [2026-09-08T07:08:44.916+0000] {dag.py:3239} INFO - Sync 1 DAGs
[2026-09-08T07:08:44.932+0000] {logging_mixin.py:190} INFO - [2026-09-08T07:08:44.932+0000] {dag.py:4180} INFO - Setting next_dagrun for branching_dag to None, run_after=None
[2026-09-08T07:08:44.955+0000] {processor.py:208} INFO - Processing /opt/airflow/dags/03_branching_dag.py took 0.101 seconds
[2026-09-08T07:09:15.047+0000] {processor.py:186} INFO - Started process (PID=975) to work on /opt/airflow/dags/03_branching_dag.py
[2026-09-08T07:09:15.048+0000] {processor.py:914} INFO - Processing file /opt/airflow/dags/03_branching_dag.py for tasks to queue
[2026-09-08T07:09:15.049+0000] {logging_mixin.py:190} INFO - [2026-09-08T07:09:15.049+0000] {dagbag.py:588} INFO - Filling up the DagBag from /opt/airflow/dags/03_branching_dag.py
[2026-09-08T07:09:15.070+0000] {processor.py:925} INFO - DAG(s) 'branching_dag' retrieved from /opt/airflow/dags/03_branching_dag.py
[2026-09-08T07:09:15.105+0000] {logging_mixin.py:190} INFO - [2026-09-08T07:09:15.105+0000] {dag.py:3239} INFO - Sync 1 DAGs
[2026-09-08T07:09:15.235+0000] {logging_mixin.py:190} INFO - [2026-09-08T07:09:15.235+0000] {dag.py:4180} INFO - Setting next_dagrun for branching_dag to None, run_after=None
[2026-09-08T07:09:15.265+0000] {processor.py:208} INFO - Processing /opt/airflow/dags/03_branching_dag.py took 0.225 seconds
[2026-09-08T07:09:46.854+0000] {processor.py:186} INFO - Started process (PID=989) to work on /opt/airflow/dags/03_branching_dag.py
[2026-09-08T07:09:46.855+0000] {processor.py:914} INFO - Processing file /opt/airflow/dags/03_branching_dag.py for tasks to queue
[2026-09-08T07:09:46.857+0000] {logging_mixin.py:190} INFO - [2026-09-08T07:09:46.856+0000] {dagbag.py:588} INFO - Filling up the DagBag from /opt/airflow/dags/03_branching_dag.py
[2026-09-08T07:09:46.876+0000] {processor.py:925} INFO - DAG(s) 'branching_dag' retrieved from /opt/airflow/dags/03_branching_dag.py
[2026-09-08T07:09:46.909+0000] {logging_mixin.py:190} INFO - [2026-09-08T07:09:46.909+0000] {dag.py:3239} INFO - Sync 1 DAGs
[2026-09-08T07:09:46.924+0000] {logging_mixin.py:190} INFO - [2026-09-08T07:09:46.924+0000] {dag.py:4180} INFO - Setting next_dagrun for branching_dag to None, run_after=None
[2026-09-08T07:09:46.949+0000] {processor.py:208} INFO - Processing /opt/airflow/dags/03_branching_dag.py took 0.102 seconds
[2026-09-08T07:10:17.291+0000] {processor.py:186} INFO - Started process (PID=1003) to work on /opt/airflow/dags/03_branching_dag.py
[2026-09-08T07:10:17.292+0000] {processor.py:914} INFO - Processing file /opt/airflow/dags/03_branching_dag.py for tasks to queue
[2026-09-08T07:10:17.294+0000] {logging_mixin.py:190} INFO - [2026-09-08T07:10:17.293+0000] {dagbag.py:588} INFO - Filling up the DagBag from /opt/airflow/dags/03_branching_dag.py
[2026-09-08T07:10:17.313+0000] {processor.py:925} INFO - DAG(s) 'branching_dag' retrieved from /opt/airflow/dags/03_branching_dag.py
[2026-09-08T07:10:17.344+0000] {logging_mixin.py:190} INFO - [2026-09-08T07:10:17.344+0000] {dag.py:3239} INFO - Sync 1 DAGs
[2026-09-08T07:10:17.360+0000] {logging_mixin.py:190} INFO - [2026-09-08T07:10:17.360+0000] {dag.py:4180} INFO - Setting next_dagrun for branching_dag to None, run_after=None
[2026-09-08T07:10:17.381+0000] {processor.py:208} INFO - Processing /opt/airflow/dags/03_branching_dag.py took 0.097 seconds
[2026-09-08T07:10:47.724+0000] {processor.py:186} INFO - Started process (PID=1017) to work on /opt/airflow/dags/03_branching_dag.py
[2026-09-08T07:10:47.725+0000] {processor.py:914} INFO - Processing file /opt/airflow/dags/03_branching_dag.py for tasks to queue
[2026-09-08T07:10:47.727+0000] {logging_mixin.py:190} INFO - [2026-09-08T07:10:47.727+0000] {dagbag.py:588} INFO - Filling up the DagBag from /opt/airflow/dags/03_branching_dag.py
[2026-09-08T07:10:47.747+0000] {processor.py:925} INFO - DAG(s) 'branching_dag' retrieved from /opt/airflow/dags/03_branching_dag.py
[2026-09-08T07:10:47.780+0000] {logging_mixin.py:190} INFO - [2026-09-08T07:10:47.780+0000] {dag.py:3239} INFO - Sync 1 DAGs
[2026-09-08T07:10:47.795+0000] {logging_mixin.py:190} INFO - [2026-09-08T07:10:47.795+0000] {dag.py:4180} INFO - Setting next_dagrun for branching_dag to None, run_after=None
[2026-09-08T07:10:47.817+0000] {processor.py:208} INFO - Processing /opt/airflow/dags/03_branching_dag.py took 0.099 seconds
[2026-09-08T07:11:18.110+0000] {processor.py:186} INFO - Started process (PID=1031) to work on /opt/airflow/dags/03_branching_dag.py
[2026-09-08T07:11:18.111+0000] {processor.py:914} INFO - Processing file /opt/airflow/dags/03_branching_dag.py for tasks to queue
[2026-09-08T07:11:18.114+0000] {logging_mixin.py:190} INFO - [2026-09-08T07:11:18.113+0000] {dagbag.py:588} INFO - Filling up the DagBag from /opt/airflow/dags/03_branching_dag.py
[2026-09-08T07:11:18.148+0000] {processor.py:925} INFO - DAG(s) 'branching_dag' retrieved from /opt/airflow/dags/03_branching_dag.py
[2026-09-08T07:11:18.196+0000] {logging_mixin.py:190} INFO - [2026-09-08T07:11:18.196+0000] {dag.py:3239} INFO - Sync 1 DAGs
[2026-09-08T07:11:18.223+0000] {logging_mixin.py:190} INFO - [2026-09-08T07:11:18.222+0000] {dag.py:4180} INFO - Setting next_dagrun for branching_dag to None, run_after=None
[2026-09-08T07:11:18.259+0000] {processor.py:208} INFO - Processing /opt/airflow/dags/03_branching_dag.py took 0.161 seconds
[2026-09-08T07:11:48.431+0000] {processor.py:186} INFO - Started process (PID=1045) to work on /opt/airflow/dags/03_branching_dag.py
[2026-09-08T07:11:48.432+0000] {processor.py:914} INFO - Processing file /opt/airflow/dags/03_branching_dag.py for tasks to queue
[2026-09-08T07:11:48.434+0000] {logging_mixin.py:190} INFO - [2026-09-08T07:11:48.434+0000] {dagbag.py:588} INFO - Filling up the DagBag from /opt/airflow/dags/03_branching_dag.py
[2026-09-08T07:11:48.457+0000] {processor.py:925} INFO - DAG(s) 'branching_dag' retrieved from /opt/airflow/dags/03_branching_dag.py
[2026-09-08T07:11:48.493+0000] {logging_mixin.py:190} INFO - [2026-09-08T07:11:48.493+0000] {dag.py:3239} INFO - Sync 1 DAGs
[2026-09-08T07:11:48.512+0000] {logging_mixin.py:190} INFO - [2026-09-08T07:11:48.512+0000] {dag.py:4180} INFO - Setting next_dagrun for branching_dag to None, run_after=None
[2026-09-08T07:11:48.535+0000] {processor.py:208} INFO - Processing /opt/airflow/dags/03_branching_dag.py took 0.112 seconds
[2026-09-08T07:12:18.704+0000] {processor.py:186} INFO - Started process (PID=1059) to work on /opt/airflow/dags/03_branching_dag.py
[2026-09-08T07:12:18.705+0000] {processor.py:914} INFO - Processing file /opt/airflow/dags/03_branching_dag.py for tasks to queue
[2026-09-08T07:12:18.707+0000] {logging_mixin.py:190} INFO - [2026-09-08T07:12:18.706+0000] {dagbag.py:588} INFO - Filling up the DagBag from /opt/airflow/dags/03_branching_dag.py
[2026-09-08T07:12:18.728+0000] {processor.py:925} INFO - DAG(s) 'branching_dag' retrieved from /opt/airflow/dags/03_branching_dag.py
[2026-09-08T07:12:18.762+0000] {logging_mixin.py:190} INFO - [2026-09-08T07:12:18.761+0000] {dag.py:3239} INFO - Sync 1 DAGs
[2026-09-08T07:12:18.785+0000] {logging_mixin.py:190} INFO - [2026-09-08T07:12:18.785+0000] {dag.py:4180} INFO - Setting next_dagrun for branching_dag to None, run_after=None
[2026-09-08T07:12:18.807+0000] {processor.py:208} INFO - Processing /opt/airflow/dags/03_branching_dag.py took 0.111 seconds
[2026-09-08T07:12:49.097+0000] {processor.py:186} INFO - Started process (PID=1073) to work on /opt/airflow/dags/03_branching_dag.py
[2026-09-08T07:12:49.099+0000] {processor.py:914} INFO - Processing file /opt/airflow/dags/03_branching_dag.py for tasks to queue
[2026-09-08T07:12:49.101+0000] {logging_mixin.py:190} INFO - [2026-09-08T07:12:49.100+0000] {dagbag.py:588} INFO - Filling up the DagBag from /opt/airflow/dags/03_branching_dag.py
[2026-09-08T07:12:49.125+0000] {processor.py:925} INFO - DAG(s) 'branching_dag' retrieved from /opt/airflow/dags/03_branching_dag.py
[2026-09-08T07:12:49.164+0000] {logging_mixin.py:190} INFO - [2026-09-08T07:12:49.163+0000] {dag.py:3239} INFO - Sync 1 DAGs
[2026-09-08T07:12:49.183+0000] {logging_mixin.py:190} INFO - [2026-09-08T07:12:49.183+0000] {dag.py:4180} INFO - Setting next_dagrun for branching_dag to None, run_after=None
[2026-09-08T07:12:49.207+0000] {processor.py:208} INFO - Processing /opt/airflow/dags/03_branching_dag.py took 0.118 seconds
[2026-09-08T07:13:19.452+0000] {processor.py:186} INFO - Started process (PID=1087) to work on /opt/airflow/dags/03_branching_dag.py
[2026-09-08T07:13:19.453+0000] {processor.py:914} INFO - Processing file /opt/airflow/dags/03_branching_dag.py for tasks to queue
[2026-09-08T07:13:19.455+0000] {logging_mixin.py:190} INFO - [2026-09-08T07:13:19.455+0000] {dagbag.py:588} INFO - Filling up the DagBag from /opt/airflow/dags/03_branching_dag.py
[2026-09-08T07:13:19.477+0000] {processor.py:925} INFO - DAG(s) 'branching_dag' retrieved from /opt/airflow/dags/03_branching_dag.py
[2026-09-08T07:13:19.510+0000] {logging_mixin.py:190} INFO - [2026-09-08T07:13:19.510+0000] {dag.py:3239} INFO - Sync 1 DAGs
[2026-09-08T07:13:19.529+0000] {logging_mixin.py:190} INFO - [2026-09-08T07:13:19.529+0000] {dag.py:4180} INFO - Setting next_dagrun for branching_dag to None, run_after=None
[2026-09-08T07:13:19.570+0000] {processor.py:208} INFO - Processing /opt/airflow/dags/03_branching_dag.py took 0.125 seconds
[2026-09-08T07:13:49.784+0000] {processor.py:186} INFO - Started process (PID=1101) to work on /opt/airflow/dags/03_branching_dag.py
[2026-09-08T07:13:49.785+0000] {processor.py:914} INFO - Processing file /opt/airflow/dags/03_branching_dag.py for tasks to queue
[2026-09-08T07:13:49.787+0000] {logging_mixin.py:190} INFO - [2026-09-08T07:13:49.786+0000] {dagbag.py:588} INFO - Filling up the DagBag from /opt/airflow/dags/03_branching_dag.py
[2026-09-08T07:13:49.808+0000] {processor.py:925} INFO - DAG(s) 'branching_dag' retrieved from /opt/airflow/dags/03_branching_dag.py
[2026-09-08T07:13:49.841+0000] {logging_mixin.py:190} INFO - [2026-09-08T07:13:49.841+0000] {dag.py:3239} INFO - Sync 1 DAGs
[2026-09-08T07:13:49.857+0000] {logging_mixin.py:190} INFO - [2026-09-08T07:13:49.856+0000] {dag.py:4180} INFO - Setting next_dagrun for branching_dag to None, run_after=None
[2026-09-08T07:13:49.879+0000] {processor.py:208} INFO - Processing /opt/airflow/dags/03_branching_dag.py took 0.103 seconds
[2026-09-08T07:14:20.226+0000] {processor.py:186} INFO - Started process (PID=1115) to work on /opt/airflow/dags/03_branching_dag.py
[2026-09-08T07:14:20.227+0000] {processor.py:914} INFO - Processing file /opt/airflow/dags/03_branching_dag.py for tasks to queue
[2026-09-08T07:14:20.229+0000] {logging_mixin.py:190} INFO - [2026-09-08T07:14:20.228+0000] {dagbag.py:588} INFO - Filling up the DagBag from /opt/airflow/dags/03_branching_dag.py
[2026-09-08T07:14:20.251+0000] {processor.py:925} INFO - DAG(s) 'branching_dag' retrieved from /opt/airflow/dags/03_branching_dag.py
[2026-09-08T07:14:20.284+0000] {logging_mixin.py:190} INFO - [2026-09-08T07:14:20.284+0000] {dag.py:3239} INFO - Sync 1 DAGs
[2026-09-08T07:14:20.302+0000] {logging_mixin.py:190} INFO - [2026-09-08T07:14:20.301+0000] {dag.py:4180} INFO - Setting next_dagrun for branching_dag to None, run_after=None
[2026-09-08T07:14:20.324+0000] {processor.py:208} INFO - Processing /opt/airflow/dags/03_branching_dag.py took 0.105 seconds
[2026-09-08T07:14:50.551+0000] {processor.py:186} INFO - Started process (PID=1129) to work on /opt/airflow/dags/03_branching_dag.py
[2026-09-08T07:14:50.552+0000] {processor.py:914} INFO - Processing file /opt/airflow/dags/03_branching_dag.py for tasks to queue
[2026-09-08T07:14:50.554+0000] {logging_mixin.py:190} INFO - [2026-09-08T07:14:50.554+0000] {dagbag.py:588} INFO - Filling up the DagBag from /opt/airflow/dags/03_branching_dag.py
[2026-09-08T07:14:50.573+0000] {processor.py:925} INFO - DAG(s) 'branching_dag' retrieved from /opt/airflow/dags/03_branching_dag.py
[2026-09-08T07:14:50.611+0000] {logging_mixin.py:190} INFO - [2026-09-08T07:14:50.610+0000] {dag.py:3239} INFO - Sync 1 DAGs
[2026-09-08T07:14:50.628+0000] {logging_mixin.py:190} INFO - [2026-09-08T07:14:50.628+0000] {dag.py:4180} INFO - Setting next_dagrun for branching_dag to None, run_after=None
[2026-09-08T07:14:50.650+0000] {processor.py:208} INFO - Processing /opt/airflow/dags/03_branching_dag.py took 0.105 seconds
[2026-09-08T07:15:20.896+0000] {processor.py:186} INFO - Started process (PID=1143) to work on /opt/airflow/dags/03_branching_dag.py
[2026-09-08T07:15:20.898+0000] {processor.py:914} INFO - Processing file /opt/airflow/dags/03_branching_dag.py for tasks to queue
[2026-09-08T07:15:20.900+0000] {logging_mixin.py:190} INFO - [2026-09-08T07:15:20.899+0000] {dagbag.py:588} INFO - Filling up the DagBag from /opt/airflow/dags/03_branching_dag.py
[2026-09-08T07:15:20.921+0000] {processor.py:925} INFO - DAG(s) 'branching_dag' retrieved from /opt/airflow/dags/03_branching_dag.py
[2026-09-08T07:15:20.957+0000] {logging_mixin.py:190} INFO - [2026-09-08T07:15:20.957+0000] {dag.py:3239} INFO - Sync 1 DAGs
[2026-09-08T07:15:20.976+0000] {logging_mixin.py:190} INFO - [2026-09-08T07:15:20.975+0000] {dag.py:4180} INFO - Setting next_dagrun for branching_dag to None, run_after=None
[2026-09-08T07:15:21.002+0000] {processor.py:208} INFO - Processing /opt/airflow/dags/03_branching_dag.py took 0.116 seconds
[2026-09-08T07:15:51.402+0000] {processor.py:186} INFO - Started process (PID=1157) to work on /opt/airflow/dags/03_branching_dag.py
[2026-09-08T07:15:51.404+0000] {processor.py:914} INFO - Processing file /opt/airflow/dags/03_branching_dag.py for tasks to queue
[2026-09-08T07:15:51.406+0000] {logging_mixin.py:190} INFO - [2026-09-08T07:15:51.405+0000] {dagbag.py:588} INFO - Filling up the DagBag from /opt/airflow/dags/03_branching_dag.py
[2026-09-08T07:15:51.428+0000] {processor.py:925} INFO - DAG(s) 'branching_dag' retrieved from /opt/airflow/dags/03_branching_dag.py
[2026-09-08T07:15:51.465+0000] {logging_mixin.py:190} INFO - [2026-09-08T07:15:51.465+0000] {dag.py:3239} INFO - Sync 1 DAGs
[2026-09-08T07:15:51.485+0000] {logging_mixin.py:190} INFO - [2026-09-08T07:15:51.484+0000] {dag.py:4180} INFO - Setting next_dagrun for branching_dag to None, run_after=None
[2026-09-08T07:15:51.513+0000] {processor.py:208} INFO - Processing /opt/airflow/dags/03_branching_dag.py took 0.119 seconds
[2026-09-08T07:16:21.692+0000] {processor.py:186} INFO - Started process (PID=1171) to work on /opt/airflow/dags/03_branching_dag.py
[2026-09-08T07:16:21.693+0000] {processor.py:914} INFO - Processing file /opt/airflow/dags/03_branching_dag.py for tasks to queue
[2026-09-08T07:16:21.695+0000] {logging_mixin.py:190} INFO - [2026-09-08T07:16:21.694+0000] {dagbag.py:588} INFO - Filling up the DagBag from /opt/airflow/dags/03_branching_dag.py
[2026-09-08T07:16:21.715+0000] {processor.py:925} INFO - DAG(s) 'branching_dag' retrieved from /opt/airflow/dags/03_branching_dag.py
[2026-09-08T07:16:21.747+0000] {logging_mixin.py:190} INFO - [2026-09-08T07:16:21.746+0000] {dag.py:3239} INFO - Sync 1 DAGs
[2026-09-08T07:16:21.763+0000] {logging_mixin.py:190} INFO - [2026-09-08T07:16:21.763+0000] {dag.py:4180} INFO - Setting next_dagrun for branching_dag to None, run_after=None
[2026-09-08T07:16:21.785+0000] {processor.py:208} INFO - Processing /opt/airflow/dags/03_branching_dag.py took 0.100 seconds
[2026-09-08T07:16:51.982+0000] {processor.py:186} INFO - Started process (PID=1185) to work on /opt/airflow/dags/03_branching_dag.py
[2026-09-08T07:16:51.983+0000] {processor.py:914} INFO - Processing file /opt/airflow/dags/03_branching_dag.py for tasks to queue
[2026-09-08T07:16:51.985+0000] {logging_mixin.py:190} INFO - [2026-09-08T07:16:51.984+0000] {dagbag.py:588} INFO - Filling up the DagBag from /opt/airflow/dags/03_branching_dag.py
[2026-09-08T07:16:52.007+0000] {processor.py:925} INFO - DAG(s) 'branching_dag' retrieved from /opt/airflow/dags/03_branching_dag.py
[2026-09-08T07:16:52.045+0000] {logging_mixin.py:190} INFO - [2026-09-08T07:16:52.045+0000] {dag.py:3239} INFO - Sync 1 DAGs
[2026-09-08T07:16:52.065+0000] {logging_mixin.py:190} INFO - [2026-09-08T07:16:52.065+0000] {dag.py:4180} INFO - Setting next_dagrun for branching_dag to None, run_after=None
[2026-09-08T07:16:52.118+0000] {processor.py:208} INFO - Processing /opt/airflow/dags/03_branching_dag.py took 0.145 seconds
[2026-09-08T07:17:22.331+0000] {processor.py:186} INFO - Started process (PID=1199) to work on /opt/airflow/dags/03_branching_dag.py
[2026-09-08T07:17:22.332+0000] {processor.py:914} INFO - Processing file /opt/airflow/dags/03_branching_dag.py for tasks to queue
[2026-09-08T07:17:22.334+0000] {logging_mixin.py:190} INFO - [2026-09-08T07:17:22.333+0000] {dagbag.py:588} INFO - Filling up the DagBag from /opt/airflow/dags/03_branching_dag.py
[2026-09-08T07:17:22.355+0000] {processor.py:925} INFO - DAG(s) 'branching_dag' retrieved from /opt/airflow/dags/03_branching_dag.py
[2026-09-08T07:17:22.387+0000] {logging_mixin.py:190} INFO - [2026-09-08T07:17:22.387+0000] {dag.py:3239} INFO - Sync 1 DAGs
[2026-09-08T07:17:22.403+0000] {logging_mixin.py:190} INFO - [2026-09-08T07:17:22.403+0000] {dag.py:4180} INFO - Setting next_dagrun for branching_dag to None, run_after=None
[2026-09-08T07:17:22.426+0000] {processor.py:208} INFO - Processing /opt/airflow/dags/03_branching_dag.py took 0.101 seconds
[2026-09-08T07:17:52.872+0000] {processor.py:186} INFO - Started process (PID=1213) to work on /opt/airflow/dags/03_branching_dag.py
[2026-09-08T07:17:52.874+0000] {processor.py:914} INFO - Processing file /opt/airflow/dags/03_branching_dag.py for tasks to queue
[2026-09-08T07:17:52.876+0000] {logging_mixin.py:190} INFO - [2026-09-08T07:17:52.875+0000] {dagbag.py:588} INFO - Filling up the DagBag from /opt/airflow/dags/03_branching_dag.py
[2026-09-08T07:17:52.895+0000] {processor.py:925} INFO - DAG(s) 'branching_dag' retrieved from /opt/airflow/dags/03_branching_dag.py
[2026-09-08T07:17:52.932+0000] {logging_mixin.py:190} INFO - [2026-09-08T07:17:52.932+0000] {dag.py:3239} INFO - Sync 1 DAGs
[2026-09-08T07:17:52.956+0000] {logging_mixin.py:190} INFO - [2026-09-08T07:17:52.956+0000] {dag.py:4180} INFO - Setting next_dagrun for branching_dag to None, run_after=None
[2026-09-08T07:17:53.005+0000] {processor.py:208} INFO - Processing /opt/airflow/dags/03_branching_dag.py took 0.140 seconds
[2026-09-08T07:18:23.215+0000] {processor.py:186} INFO - Started process (PID=1227) to work on /opt/airflow/dags/03_branching_dag.py
[2026-09-08T07:18:23.217+0000] {processor.py:914} INFO - Processing file /opt/airflow/dags/03_branching_dag.py for tasks to queue
[2026-09-08T07:18:23.218+0000] {logging_mixin.py:190} INFO - [2026-09-08T07:18:23.218+0000] {dagbag.py:588} INFO - Filling up the DagBag from /opt/airflow/dags/03_branching_dag.py
[2026-09-08T07:18:23.241+0000] {processor.py:925} INFO - DAG(s) 'branching_dag' retrieved from /opt/airflow/dags/03_branching_dag.py
[2026-09-08T07:18:23.278+0000] {logging_mixin.py:190} INFO - [2026-09-08T07:18:23.277+0000] {dag.py:3239} INFO - Sync 1 DAGs
[2026-09-08T07:18:23.295+0000] {logging_mixin.py:190} INFO - [2026-09-08T07:18:23.295+0000] {dag.py:4180} INFO - Setting next_dagrun for branching_dag to None, run_after=None
[2026-09-08T07:18:23.317+0000] {processor.py:208} INFO - Processing /opt/airflow/dags/03_branching_dag.py took 0.109 seconds
[2026-09-08T07:18:53.572+0000] {processor.py:186} INFO - Started process (PID=1241) to work on /opt/airflow/dags/03_branching_dag.py
[2026-09-08T07:18:53.573+0000] {processor.py:914} INFO - Processing file /opt/airflow/dags/03_branching_dag.py for tasks to queue
[2026-09-08T07:18:53.575+0000] {logging_mixin.py:190} INFO - [2026-09-08T07:18:53.575+0000] {dagbag.py:588} INFO - Filling up the DagBag from /opt/airflow/dags/03_branching_dag.py
[2026-09-08T07:18:53.595+0000] {processor.py:925} INFO - DAG(s) 'branching_dag' retrieved from /opt/airflow/dags/03_branching_dag.py
[2026-09-08T07:18:53.627+0000] {logging_mixin.py:190} INFO - [2026-09-08T07:18:53.627+0000] {dag.py:3239} INFO - Sync 1 DAGs
[2026-09-08T07:18:53.643+0000] {logging_mixin.py:190} INFO - [2026-09-08T07:18:53.643+0000] {dag.py:4180} INFO - Setting next_dagrun for branching_dag to None, run_after=None
[2026-09-08T07:18:53.664+0000] {processor.py:208} INFO - Processing /opt/airflow/dags/03_branching_dag.py took 0.099 seconds
[2026-09-08T07:19:23.867+0000] {processor.py:186} INFO - Started process (PID=1255) to work on /opt/airflow/dags/03_branching_dag.py
[2026-09-08T07:19:23.869+0000] {processor.py:914} INFO - Processing file /opt/airflow/dags/03_branching_dag.py for tasks to queue
[2026-09-08T07:19:23.871+0000] {logging_mixin.py:190} INFO - [2026-09-08T07:19:23.870+0000] {dagbag.py:588} INFO - Filling up the DagBag from /opt/airflow/dags/03_branching_dag.py
[2026-09-08T07:19:23.894+0000] {processor.py:925} INFO - DAG(s) 'branching_dag' retrieved from /opt/airflow/dags/03_branching_dag.py
[2026-09-08T07:19:23.935+0000] {logging_mixin.py:190} INFO - [2026-09-08T07:19:23.935+0000] {dag.py:3239} INFO - Sync 1 DAGs
[2026-09-08T07:19:23.954+0000] {logging_mixin.py:190} INFO - [2026-09-08T07:19:23.954+0000] {dag.py:4180} INFO - Setting next_dagrun for branching_dag to None, run_after=None
[2026-09-08T07:19:23.977+0000] {processor.py:208} INFO - Processing /opt/airflow/dags/03_branching_dag.py took 0.117 seconds
[2026-09-08T07:19:54.088+0000] {processor.py:186} INFO - Started process (PID=1269) to work on /opt/airflow/dags/03_branching_dag.py
[2026-09-08T07:19:54.089+0000] {processor.py:914} INFO - Processing file /opt/airflow/dags/03_branching_dag.py for tasks to queue
[2026-09-08T07:19:54.091+0000] {logging_mixin.py:190} INFO - [2026-09-08T07:19:54.090+0000] {dagbag.py:588} INFO - Filling up the DagBag from /opt/airflow/dags/03_branching_dag.py
[2026-09-08T07:19:54.118+0000] {processor.py:925} INFO - DAG(s) 'branching_dag' retrieved from /opt/airflow/dags/03_branching_dag.py
[2026-09-08T07:19:54.158+0000] {logging_mixin.py:190} INFO - [2026-09-08T07:19:54.158+0000] {dag.py:3239} INFO - Sync 1 DAGs
[2026-09-08T07:19:54.176+0000] {logging_mixin.py:190} INFO - [2026-09-08T07:19:54.176+0000] {dag.py:4180} INFO - Setting next_dagrun for branching_dag to None, run_after=None
[2026-09-08T07:19:54.389+0000] {processor.py:208} INFO - Processing /opt/airflow/dags/03_branching_dag.py took 0.308 seconds
[2026-09-08T07:20:24.956+0000] {processor.py:186} INFO - Started process (PID=1283) to work on /opt/airflow/dags/03_branching_dag.py
[2026-09-08T07:20:24.957+0000] {processor.py:914} INFO - Processing file /opt/airflow/dags/03_branching_dag.py for tasks to queue
[2026-09-08T07:20:24.959+0000] {logging_mixin.py:190} INFO - [2026-09-08T07:20:24.958+0000] {dagbag.py:588} INFO - Filling up the DagBag from /opt/airflow/dags/03_branching_dag.py
[2026-09-08T07:20:24.980+0000] {processor.py:925} INFO - DAG(s) 'branching_dag' retrieved from /opt/airflow/dags/03_branching_dag.py
[2026-09-08T07:20:25.013+0000] {logging_mixin.py:190} INFO - [2026-09-08T07:20:25.013+0000] {dag.py:3239} INFO - Sync 1 DAGs
[2026-09-08T07:20:25.163+0000] {logging_mixin.py:190} INFO - [2026-09-08T07:20:25.163+0000] {dag.py:4180} INFO - Setting next_dagrun for branching_dag to None, run_after=None
[2026-09-08T07:20:25.183+0000] {processor.py:208} INFO - Processing /opt/airflow/dags/03_branching_dag.py took 0.233 seconds
[2026-09-08T07:20:55.738+0000] {processor.py:186} INFO - Started process (PID=1297) to work on /opt/airflow/dags/03_branching_dag.py
[2026-09-08T07:20:55.739+0000] {processor.py:914} INFO - Processing file /opt/airflow/dags/03_branching_dag.py for tasks to queue
[2026-09-08T07:20:55.741+0000] {logging_mixin.py:190} INFO - [2026-09-08T07:20:55.741+0000] {dagbag.py:588} INFO - Filling up the DagBag from /opt/airflow/dags/03_branching_dag.py
[2026-09-08T07:20:55.760+0000] {processor.py:925} INFO - DAG(s) 'branching_dag' retrieved from /opt/airflow/dags/03_branching_dag.py
[2026-09-08T07:20:55.795+0000] {logging_mixin.py:190} INFO - [2026-09-08T07:20:55.794+0000] {dag.py:3239} INFO - Sync 1 DAGs
[2026-09-08T07:20:55.812+0000] {logging_mixin.py:190} INFO - [2026-09-08T07:20:55.811+0000] {dag.py:4180} INFO - Setting next_dagrun for branching_dag to None, run_after=None
[2026-09-08T07:20:55.834+0000] {processor.py:208} INFO - Processing /opt/airflow/dags/03_branching_dag.py took 0.102 seconds
[2026-09-08T07:21:26.534+0000] {processor.py:186} INFO - Started process (PID=1311) to work on /opt/airflow/dags/03_branching_dag.py
[2026-09-08T07:21:26.535+0000] {processor.py:914} INFO - Processing file /opt/airflow/dags/03_branching_dag.py for tasks to queue
[2026-09-08T07:21:26.538+0000] {logging_mixin.py:190} INFO - [2026-09-08T07:21:26.538+0000] {dagbag.py:588} INFO - Filling up the DagBag from /opt/airflow/dags/03_branching_dag.py
[2026-09-08T07:21:26.562+0000] {processor.py:925} INFO - DAG(s) 'branching_dag' retrieved from /opt/airflow/dags/03_branching_dag.py
[2026-09-08T07:21:26.597+0000] {logging_mixin.py:190} INFO - [2026-09-08T07:21:26.596+0000] {dag.py:3239} INFO - Sync 1 DAGs
[2026-09-08T07:21:26.615+0000] {logging_mixin.py:190} INFO - [2026-09-08T07:21:26.614+0000] {dag.py:4180} INFO - Setting next_dagrun for branching_dag to None, run_after=None
[2026-09-08T07:21:26.637+0000] {processor.py:208} INFO - Processing /opt/airflow/dags/03_branching_dag.py took 0.111 seconds
[2026-09-08T07:21:57.223+0000] {processor.py:186} INFO - Started process (PID=1325) to work on /opt/airflow/dags/03_branching_dag.py
[2026-09-08T07:21:57.224+0000] {processor.py:914} INFO - Processing file /opt/airflow/dags/03_branching_dag.py for tasks to queue
[2026-09-08T07:21:57.226+0000] {logging_mixin.py:190} INFO - [2026-09-08T07:21:57.226+0000] {dagbag.py:588} INFO - Filling up the DagBag from /opt/airflow/dags/03_branching_dag.py
[2026-09-08T07:21:57.247+0000] {processor.py:925} INFO - DAG(s) 'branching_dag' retrieved from /opt/airflow/dags/03_branching_dag.py
[2026-09-08T07:21:57.278+0000] {logging_mixin.py:190} INFO - [2026-09-08T07:21:57.278+0000] {dag.py:3239} INFO - Sync 1 DAGs
[2026-09-08T07:21:57.294+0000] {logging_mixin.py:190} INFO - [2026-09-08T07:21:57.294+0000] {dag.py:4180} INFO - Setting next_dagrun for branching_dag to None, run_after=None
[2026-09-08T07:21:57.315+0000] {processor.py:208} INFO - Processing /opt/airflow/dags/03_branching_dag.py took 0.099 seconds
[2026-09-08T07:22:27.362+0000] {processor.py:186} INFO - Started process (PID=1339) to work on /opt/airflow/dags/03_branching_dag.py
[2026-09-08T07:22:27.363+0000] {processor.py:914} INFO - Processing file /opt/airflow/dags/03_branching_dag.py for tasks to queue
[2026-09-08T07:22:27.364+0000] {logging_mixin.py:190} INFO - [2026-09-08T07:22:27.364+0000] {dagbag.py:588} INFO - Filling up the DagBag from /opt/airflow/dags/03_branching_dag.py
[2026-09-08T07:22:27.384+0000] {processor.py:925} INFO - DAG(s) 'branching_dag' retrieved from /opt/airflow/dags/03_branching_dag.py
[2026-09-08T07:22:27.420+0000] {logging_mixin.py:190} INFO - [2026-09-08T07:22:27.420+0000] {dag.py:3239} INFO - Sync 1 DAGs
[2026-09-08T07:22:27.440+0000] {logging_mixin.py:190} INFO - [2026-09-08T07:22:27.439+0000] {dag.py:4180} INFO - Setting next_dagrun for branching_dag to None, run_after=None
[2026-09-08T07:22:27.465+0000] {processor.py:208} INFO - Processing /opt/airflow/dags/03_branching_dag.py took 0.110 seconds
[2026-09-08T07:22:58.171+0000] {processor.py:186} INFO - Started process (PID=1352) to work on /opt/airflow/dags/03_branching_dag.py
[2026-09-08T07:22:58.173+0000] {processor.py:914} INFO - Processing file /opt/airflow/dags/03_branching_dag.py for tasks to queue
[2026-09-08T07:22:58.176+0000] {logging_mixin.py:190} INFO - [2026-09-08T07:22:58.175+0000] {dagbag.py:588} INFO - Filling up the DagBag from /opt/airflow/dags/03_branching_dag.py
[2026-09-08T07:22:58.220+0000] {processor.py:925} INFO - DAG(s) 'branching_dag' retrieved from /opt/airflow/dags/03_branching_dag.py
[2026-09-08T07:22:58.287+0000] {logging_mixin.py:190} INFO - [2026-09-08T07:22:58.286+0000] {dag.py:3239} INFO - Sync 1 DAGs
[2026-09-08T07:22:58.325+0000] {logging_mixin.py:190} INFO - [2026-09-08T07:22:58.325+0000] {dag.py:4180} INFO - Setting next_dagrun for branching_dag to None, run_after=None
[2026-09-08T07:22:58.360+0000] {processor.py:208} INFO - Processing /opt/airflow/dags/03_branching_dag.py took 0.206 seconds
[2026-09-08T07:23:28.460+0000] {processor.py:186} INFO - Started process (PID=1365) to work on /opt/airflow/dags/03_branching_dag.py
[2026-09-08T07:23:28.461+0000] {processor.py:914} INFO - Processing file /opt/airflow/dags/03_branching_dag.py for tasks to queue
[2026-09-08T07:23:28.463+0000] {logging_mixin.py:190} INFO - [2026-09-08T07:23:28.462+0000] {dagbag.py:588} INFO - Filling up the DagBag from /opt/airflow/dags/03_branching_dag.py
[2026-09-08T07:23:28.483+0000] {processor.py:925} INFO - DAG(s) 'branching_dag' retrieved from /opt/airflow/dags/03_branching_dag.py
[2026-09-08T07:23:28.514+0000] {logging_mixin.py:190} INFO - [2026-09-08T07:23:28.514+0000] {dag.py:3239} INFO - Sync 1 DAGs
[2026-09-08T07:23:28.530+0000] {logging_mixin.py:190} INFO - [2026-09-08T07:23:28.530+0000] {dag.py:4180} INFO - Setting next_dagrun for branching_dag to None, run_after=None
[2026-09-08T07:23:28.550+0000] {processor.py:208} INFO - Processing /opt/airflow/dags/03_branching_dag.py took 0.098 seconds
[2026-09-08T07:23:58.723+0000] {processor.py:186} INFO - Started process (PID=1379) to work on /opt/airflow/dags/03_branching_dag.py
[2026-09-08T07:23:58.725+0000] {processor.py:914} INFO - Processing file /opt/airflow/dags/03_branching_dag.py for tasks to queue
[2026-09-08T07:23:58.727+0000] {logging_mixin.py:190} INFO - [2026-09-08T07:23:58.727+0000] {dagbag.py:588} INFO - Filling up the DagBag from /opt/airflow/dags/03_branching_dag.py
[2026-09-08T07:23:58.749+0000] {processor.py:925} INFO - DAG(s) 'branching_dag' retrieved from /opt/airflow/dags/03_branching_dag.py
[2026-09-08T07:23:58.784+0000] {logging_mixin.py:190} INFO - [2026-09-08T07:23:58.783+0000] {dag.py:3239} INFO - Sync 1 DAGs
[2026-09-08T07:23:58.807+0000] {logging_mixin.py:190} INFO - [2026-09-08T07:23:58.806+0000] {dag.py:4180} INFO - Setting next_dagrun for branching_dag to None, run_after=None
[2026-09-08T07:23:58.829+0000] {processor.py:208} INFO - Processing /opt/airflow/dags/03_branching_dag.py took 0.113 seconds
[2026-09-08T07:24:28.909+0000] {processor.py:186} INFO - Started process (PID=1393) to work on /opt/airflow/dags/03_branching_dag.py
[2026-09-08T07:24:28.910+0000] {processor.py:914} INFO - Processing file /opt/airflow/dags/03_branching_dag.py for tasks to queue
[2026-09-08T07:24:28.912+0000] {logging_mixin.py:190} INFO - [2026-09-08T07:24:28.912+0000] {dagbag.py:588} INFO - Filling up the DagBag from /opt/airflow/dags/03_branching_dag.py
[2026-09-08T07:24:28.935+0000] {processor.py:925} INFO - DAG(s) 'branching_dag' retrieved from /opt/airflow/dags/03_branching_dag.py
[2026-09-08T07:24:28.970+0000] {logging_mixin.py:190} INFO - [2026-09-08T07:24:28.970+0000] {dag.py:3239} INFO - Sync 1 DAGs
[2026-09-08T07:24:28.988+0000] {logging_mixin.py:190} INFO - [2026-09-08T07:24:28.988+0000] {dag.py:4180} INFO - Setting next_dagrun for branching_dag to None, run_after=None
[2026-09-08T07:24:29.010+0000] {processor.py:208} INFO - Processing /opt/airflow/dags/03_branching_dag.py took 0.110 seconds
[2026-09-08T07:24:59.729+0000] {processor.py:186} INFO - Started process (PID=1407) to work on /opt/airflow/dags/03_branching_dag.py
[2026-09-08T07:24:59.730+0000] {processor.py:914} INFO - Processing file /opt/airflow/dags/03_branching_dag.py for tasks to queue
[2026-09-08T07:24:59.732+0000] {logging_mixin.py:190} INFO - [2026-09-08T07:24:59.731+0000] {dagbag.py:588} INFO - Filling up the DagBag from /opt/airflow/dags/03_branching_dag.py
[2026-09-08T07:24:59.754+0000] {processor.py:925} INFO - DAG(s) 'branching_dag' retrieved from /opt/airflow/dags/03_branching_dag.py
[2026-09-08T07:24:59.793+0000] {logging_mixin.py:190} INFO - [2026-09-08T07:24:59.793+0000] {dag.py:3239} INFO - Sync 1 DAGs
[2026-09-08T07:24:59.809+0000] {logging_mixin.py:190} INFO - [2026-09-08T07:24:59.809+0000] {dag.py:4180} INFO - Setting next_dagrun for branching_dag to None, run_after=None
[2026-09-08T07:24:59.829+0000] {processor.py:208} INFO - Processing /opt/airflow/dags/03_branching_dag.py took 0.109 seconds
[2026-09-08T07:25:30.508+0000] {processor.py:186} INFO - Started process (PID=1421) to work on /opt/airflow/dags/03_branching_dag.py
[2026-09-08T07:25:30.509+0000] {processor.py:914} INFO - Processing file /opt/airflow/dags/03_branching_dag.py for tasks to queue
[2026-09-08T07:25:30.510+0000] {logging_mixin.py:190} INFO - [2026-09-08T07:25:30.510+0000] {dagbag.py:588} INFO - Filling up the DagBag from /opt/airflow/dags/03_branching_dag.py
[2026-09-08T07:25:30.531+0000] {processor.py:925} INFO - DAG(s) 'branching_dag' retrieved from /opt/airflow/dags/03_branching_dag.py
[2026-09-08T07:25:30.563+0000] {logging_mixin.py:190} INFO - [2026-09-08T07:25:30.562+0000] {dag.py:3239} INFO - Sync 1 DAGs
[2026-09-08T07:25:30.579+0000] {logging_mixin.py:190} INFO - [2026-09-08T07:25:30.579+0000] {dag.py:4180} INFO - Setting next_dagrun for branching_dag to None, run_after=None
[2026-09-08T07:25:30.600+0000] {processor.py:208} INFO - Processing /opt/airflow/dags/03_branching_dag.py took 0.098 seconds
[2026-09-08T07:26:01.322+0000] {processor.py:186} INFO - Started process (PID=1435) to work on /opt/airflow/dags/03_branching_dag.py
[2026-09-08T07:26:01.323+0000] {processor.py:914} INFO - Processing file /opt/airflow/dags/03_branching_dag.py for tasks to queue
[2026-09-08T07:26:01.324+0000] {logging_mixin.py:190} INFO - [2026-09-08T07:26:01.324+0000] {dagbag.py:588} INFO - Filling up the DagBag from /opt/airflow/dags/03_branching_dag.py
[2026-09-08T07:26:01.345+0000] {processor.py:925} INFO - DAG(s) 'branching_dag' retrieved from /opt/airflow/dags/03_branching_dag.py
[2026-09-08T07:26:01.377+0000] {logging_mixin.py:190} INFO - [2026-09-08T07:26:01.376+0000] {dag.py:3239} INFO - Sync 1 DAGs
[2026-09-08T07:26:01.393+0000] {logging_mixin.py:190} INFO - [2026-09-08T07:26:01.393+0000] {dag.py:4180} INFO - Setting next_dagrun for branching_dag to None, run_after=None
[2026-09-08T07:26:01.413+0000] {processor.py:208} INFO - Processing /opt/airflow/dags/03_branching_dag.py took 0.099 seconds
[2026-09-08T07:26:32.007+0000] {processor.py:186} INFO - Started process (PID=1449) to work on /opt/airflow/dags/03_branching_dag.py
[2026-09-08T07:26:32.008+0000] {processor.py:914} INFO - Processing file /opt/airflow/dags/03_branching_dag.py for tasks to queue
[2026-09-08T07:26:32.010+0000] {logging_mixin.py:190} INFO - [2026-09-08T07:26:32.010+0000] {dagbag.py:588} INFO - Filling up the DagBag from /opt/airflow/dags/03_branching_dag.py
[2026-09-08T07:26:32.029+0000] {processor.py:925} INFO - DAG(s) 'branching_dag' retrieved from /opt/airflow/dags/03_branching_dag.py
[2026-09-08T07:26:32.060+0000] {logging_mixin.py:190} INFO - [2026-09-08T07:26:32.060+0000] {dag.py:3239} INFO - Sync 1 DAGs
[2026-09-08T07:26:32.076+0000] {logging_mixin.py:190} INFO - [2026-09-08T07:26:32.076+0000] {dag.py:4180} INFO - Setting next_dagrun for branching_dag to None, run_after=None
[2026-09-08T07:26:32.098+0000] {processor.py:208} INFO - Processing /opt/airflow/dags/03_branching_dag.py took 0.097 seconds
[2026-09-08T07:27:02.694+0000] {processor.py:186} INFO - Started process (PID=1463) to work on /opt/airflow/dags/03_branching_dag.py
[2026-09-08T07:27:02.695+0000] {processor.py:914} INFO - Processing file /opt/airflow/dags/03_branching_dag.py for tasks to queue
[2026-09-08T07:27:02.697+0000] {logging_mixin.py:190} INFO - [2026-09-08T07:27:02.697+0000] {dagbag.py:588} INFO - Filling up the DagBag from /opt/airflow/dags/03_branching_dag.py
[2026-09-08T07:27:02.720+0000] {processor.py:925} INFO - DAG(s) 'branching_dag' retrieved from /opt/airflow/dags/03_branching_dag.py
[2026-09-08T07:27:02.760+0000] {logging_mixin.py:190} INFO - [2026-09-08T07:27:02.759+0000] {dag.py:3239} INFO - Sync 1 DAGs
[2026-09-08T07:27:02.783+0000] {logging_mixin.py:190} INFO - [2026-09-08T07:27:02.783+0000] {dag.py:4180} INFO - Setting next_dagrun for branching_dag to None, run_after=None
[2026-09-08T07:27:02.808+0000] {processor.py:208} INFO - Processing /opt/airflow/dags/03_branching_dag.py took 0.121 seconds
[2026-09-08T07:27:32.874+0000] {processor.py:186} INFO - Started process (PID=1477) to work on /opt/airflow/dags/03_branching_dag.py
[2026-09-08T07:27:32.875+0000] {processor.py:914} INFO - Processing file /opt/airflow/dags/03_branching_dag.py for tasks to queue
[2026-09-08T07:27:32.877+0000] {logging_mixin.py:190} INFO - [2026-09-08T07:27:32.877+0000] {dagbag.py:588} INFO - Filling up the DagBag from /opt/airflow/dags/03_branching_dag.py
[2026-09-08T07:27:32.898+0000] {processor.py:925} INFO - DAG(s) 'branching_dag' retrieved from /opt/airflow/dags/03_branching_dag.py
[2026-09-08T07:27:32.931+0000] {logging_mixin.py:190} INFO - [2026-09-08T07:27:32.930+0000] {dag.py:3239} INFO - Sync 1 DAGs
[2026-09-08T07:27:32.947+0000] {logging_mixin.py:190} INFO - [2026-09-08T07:27:32.947+0000] {dag.py:4180} INFO - Setting next_dagrun for branching_dag to None, run_after=None
[2026-09-08T07:27:32.969+0000] {processor.py:208} INFO - Processing /opt/airflow/dags/03_branching_dag.py took 0.103 seconds
[2026-09-08T07:28:03.852+0000] {processor.py:186} INFO - Started process (PID=1491) to work on /opt/airflow/dags/03_branching_dag.py
[2026-09-08T07:28:03.854+0000] {processor.py:914} INFO - Processing file /opt/airflow/dags/03_branching_dag.py for tasks to queue
[2026-09-08T07:28:03.857+0000] {logging_mixin.py:190} INFO - [2026-09-08T07:28:03.856+0000] {dagbag.py:588} INFO - Filling up the DagBag from /opt/airflow/dags/03_branching_dag.py
[2026-09-08T07:28:03.878+0000] {processor.py:925} INFO - DAG(s) 'branching_dag' retrieved from /opt/airflow/dags/03_branching_dag.py
[2026-09-08T07:28:03.914+0000] {logging_mixin.py:190} INFO - [2026-09-08T07:28:03.914+0000] {dag.py:3239} INFO - Sync 1 DAGs
[2026-09-08T07:28:03.934+0000] {logging_mixin.py:190} INFO - [2026-09-08T07:28:03.933+0000] {dag.py:4180} INFO - Setting next_dagrun for branching_dag to None, run_after=None
[2026-09-08T07:28:03.957+0000] {processor.py:208} INFO - Processing /opt/airflow/dags/03_branching_dag.py took 0.114 seconds
[2026-09-08T07:28:34.116+0000] {processor.py:186} INFO - Started process (PID=1505) to work on /opt/airflow/dags/03_branching_dag.py
[2026-09-08T07:28:34.117+0000] {processor.py:914} INFO - Processing file /opt/airflow/dags/03_branching_dag.py for tasks to queue
[2026-09-08T07:28:34.119+0000] {logging_mixin.py:190} INFO - [2026-09-08T07:28:34.119+0000] {dagbag.py:588} INFO - Filling up the DagBag from /opt/airflow/dags/03_branching_dag.py
[2026-09-08T07:28:34.139+0000] {processor.py:925} INFO - DAG(s) 'branching_dag' retrieved from /opt/airflow/dags/03_branching_dag.py
[2026-09-08T07:28:34.176+0000] {logging_mixin.py:190} INFO - [2026-09-08T07:28:34.176+0000] {dag.py:3239} INFO - Sync 1 DAGs
[2026-09-08T07:28:34.194+0000] {logging_mixin.py:190} INFO - [2026-09-08T07:28:34.194+0000] {dag.py:4180} INFO - Setting next_dagrun for branching_dag to None, run_after=None
[2026-09-08T07:28:34.217+0000] {processor.py:208} INFO - Processing /opt/airflow/dags/03_branching_dag.py took 0.107 seconds
[2026-09-08T07:29:04.378+0000] {processor.py:186} INFO - Started process (PID=1519) to work on /opt/airflow/dags/03_branching_dag.py
[2026-09-08T07:29:04.379+0000] {processor.py:914} INFO - Processing file /opt/airflow/dags/03_branching_dag.py for tasks to queue
[2026-09-08T07:29:04.381+0000] {logging_mixin.py:190} INFO - [2026-09-08T07:29:04.380+0000] {dagbag.py:588} INFO - Filling up the DagBag from /opt/airflow/dags/03_branching_dag.py
[2026-09-08T07:29:04.402+0000] {processor.py:925} INFO - DAG(s) 'branching_dag' retrieved from /opt/airflow/dags/03_branching_dag.py
[2026-09-08T07:29:04.437+0000] {logging_mixin.py:190} INFO - [2026-09-08T07:29:04.437+0000] {dag.py:3239} INFO - Sync 1 DAGs
[2026-09-08T07:29:04.455+0000] {logging_mixin.py:190} INFO - [2026-09-08T07:29:04.455+0000] {dag.py:4180} INFO - Setting next_dagrun for branching_dag to None, run_after=None
[2026-09-08T07:29:04.498+0000] {processor.py:208} INFO - Processing /opt/airflow/dags/03_branching_dag.py took 0.127 seconds
[2026-09-08T07:29:34.640+0000] {processor.py:186} INFO - Started process (PID=1533) to work on /opt/airflow/dags/03_branching_dag.py
[2026-09-08T07:29:34.641+0000] {processor.py:914} INFO - Processing file /opt/airflow/dags/03_branching_dag.py for tasks to queue
[2026-09-08T07:29:34.643+0000] {logging_mixin.py:190} INFO - [2026-09-08T07:29:34.642+0000] {dagbag.py:588} INFO - Filling up the DagBag from /opt/airflow/dags/03_branching_dag.py
[2026-09-08T07:29:34.663+0000] {processor.py:925} INFO - DAG(s) 'branching_dag' retrieved from /opt/airflow/dags/03_branching_dag.py
[2026-09-08T07:29:34.700+0000] {logging_mixin.py:190} INFO - [2026-09-08T07:29:34.700+0000] {dag.py:3239} INFO - Sync 1 DAGs
[2026-09-08T07:29:34.719+0000] {logging_mixin.py:190} INFO - [2026-09-08T07:29:34.718+0000] {dag.py:4180} INFO - Setting next_dagrun for branching_dag to None, run_after=None
[2026-09-08T07:29:34.740+0000] {processor.py:208} INFO - Processing /opt/airflow/dags/03_branching_dag.py took 0.107 seconds
[2026-09-08T07:30:04.879+0000] {processor.py:186} INFO - Started process (PID=1547) to work on /opt/airflow/dags/03_branching_dag.py
[2026-09-08T07:30:04.880+0000] {processor.py:914} INFO - Processing file /opt/airflow/dags/03_branching_dag.py for tasks to queue
[2026-09-08T07:30:04.882+0000] {logging_mixin.py:190} INFO - [2026-09-08T07:30:04.882+0000] {dagbag.py:588} INFO - Filling up the DagBag from /opt/airflow/dags/03_branching_dag.py
[2026-09-08T07:30:04.903+0000] {processor.py:925} INFO - DAG(s) 'branching_dag' retrieved from /opt/airflow/dags/03_branching_dag.py
[2026-09-08T07:30:04.935+0000] {logging_mixin.py:190} INFO - [2026-09-08T07:30:04.934+0000] {dag.py:3239} INFO - Sync 1 DAGs
[2026-09-08T07:30:04.950+0000] {logging_mixin.py:190} INFO - [2026-09-08T07:30:04.950+0000] {dag.py:4180} INFO - Setting next_dagrun for branching_dag to None, run_after=None
[2026-09-08T07:30:04.971+0000] {processor.py:208} INFO - Processing /opt/airflow/dags/03_branching_dag.py took 0.099 seconds
[2026-09-08T07:30:35.105+0000] {processor.py:186} INFO - Started process (PID=1561) to work on /opt/airflow/dags/03_branching_dag.py
[2026-09-08T07:30:35.106+0000] {processor.py:914} INFO - Processing file /opt/airflow/dags/03_branching_dag.py for tasks to queue
[2026-09-08T07:30:35.108+0000] {logging_mixin.py:190} INFO - [2026-09-08T07:30:35.108+0000] {dagbag.py:588} INFO - Filling up the DagBag from /opt/airflow/dags/03_branching_dag.py
[2026-09-08T07:30:35.128+0000] {processor.py:925} INFO - DAG(s) 'branching_dag' retrieved from /opt/airflow/dags/03_branching_dag.py
[2026-09-08T07:30:35.160+0000] {logging_mixin.py:190} INFO - [2026-09-08T07:30:35.160+0000] {dag.py:3239} INFO - Sync 1 DAGs
[2026-09-08T07:30:35.176+0000] {logging_mixin.py:190} INFO - [2026-09-08T07:30:35.176+0000] {dag.py:4180} INFO - Setting next_dagrun for branching_dag to None, run_after=None
[2026-09-08T07:30:35.197+0000] {processor.py:208} INFO - Processing /opt/airflow/dags/03_branching_dag.py took 0.098 seconds
[2026-09-08T07:31:05.253+0000] {processor.py:186} INFO - Started process (PID=1575) to work on /opt/airflow/dags/03_branching_dag.py
[2026-09-08T07:31:05.254+0000] {processor.py:914} INFO - Processing file /opt/airflow/dags/03_branching_dag.py for tasks to queue
[2026-09-08T07:31:05.256+0000] {logging_mixin.py:190} INFO - [2026-09-08T07:31:05.256+0000] {dagbag.py:588} INFO - Filling up the DagBag from /opt/airflow/dags/03_branching_dag.py
[2026-09-08T07:31:05.276+0000] {processor.py:925} INFO - DAG(s) 'branching_dag' retrieved from /opt/airflow/dags/03_branching_dag.py
[2026-09-08T07:31:05.308+0000] {logging_mixin.py:190} INFO - [2026-09-08T07:31:05.308+0000] {dag.py:3239} INFO - Sync 1 DAGs
[2026-09-08T07:31:05.324+0000] {logging_mixin.py:190} INFO - [2026-09-08T07:31:05.324+0000] {dag.py:4180} INFO - Setting next_dagrun for branching_dag to None, run_after=None
[2026-09-08T07:31:05.348+0000] {processor.py:208} INFO - Processing /opt/airflow/dags/03_branching_dag.py took 0.103 seconds
[2026-09-08T07:31:35.501+0000] {processor.py:186} INFO - Started process (PID=1589) to work on /opt/airflow/dags/03_branching_dag.py
[2026-09-08T07:31:35.502+0000] {processor.py:914} INFO - Processing file /opt/airflow/dags/03_branching_dag.py for tasks to queue
[2026-09-08T07:31:35.503+0000] {logging_mixin.py:190} INFO - [2026-09-08T07:31:35.503+0000] {dagbag.py:588} INFO - Filling up the DagBag from /opt/airflow/dags/03_branching_dag.py
[2026-09-08T07:31:35.526+0000] {processor.py:925} INFO - DAG(s) 'branching_dag' retrieved from /opt/airflow/dags/03_branching_dag.py
[2026-09-08T07:31:35.562+0000] {logging_mixin.py:190} INFO - [2026-09-08T07:31:35.562+0000] {dag.py:3239} INFO - Sync 1 DAGs
[2026-09-08T07:31:35.582+0000] {logging_mixin.py:190} INFO - [2026-09-08T07:31:35.582+0000] {dag.py:4180} INFO - Setting next_dagrun for branching_dag to None, run_after=None
[2026-09-08T07:31:35.604+0000] {processor.py:208} INFO - Processing /opt/airflow/dags/03_branching_dag.py took 0.110 seconds
[2026-09-08T07:32:05.746+0000] {processor.py:186} INFO - Started process (PID=1603) to work on /opt/airflow/dags/03_branching_dag.py
[2026-09-08T07:32:05.747+0000] {processor.py:914} INFO - Processing file /opt/airflow/dags/03_branching_dag.py for tasks to queue
[2026-09-08T07:32:05.750+0000] {logging_mixin.py:190} INFO - [2026-09-08T07:32:05.750+0000] {dagbag.py:588} INFO - Filling up the DagBag from /opt/airflow/dags/03_branching_dag.py
[2026-09-08T07:32:05.774+0000] {processor.py:925} INFO - DAG(s) 'branching_dag' retrieved from /opt/airflow/dags/03_branching_dag.py
[2026-09-08T07:32:05.821+0000] {logging_mixin.py:190} INFO - [2026-09-08T07:32:05.821+0000] {dag.py:3239} INFO - Sync 1 DAGs
[2026-09-08T07:32:05.845+0000] {logging_mixin.py:190} INFO - [2026-09-08T07:32:05.845+0000] {dag.py:4180} INFO - Setting next_dagrun for branching_dag to None, run_after=None
[2026-09-08T07:32:05.877+0000] {processor.py:208} INFO - Processing /opt/airflow/dags/03_branching_dag.py took 0.141 seconds
[2026-09-08T07:32:36.594+0000] {processor.py:186} INFO - Started process (PID=1617) to work on /opt/airflow/dags/03_branching_dag.py
[2026-09-08T07:32:36.595+0000] {processor.py:914} INFO - Processing file /opt/airflow/dags/03_branching_dag.py for tasks to queue
[2026-09-08T07:32:36.596+0000] {logging_mixin.py:190} INFO - [2026-09-08T07:32:36.596+0000] {dagbag.py:588} INFO - Filling up the DagBag from /opt/airflow/dags/03_branching_dag.py
[2026-09-08T07:32:36.620+0000] {processor.py:925} INFO - DAG(s) 'branching_dag' retrieved from /opt/airflow/dags/03_branching_dag.py
[2026-09-08T07:32:36.655+0000] {logging_mixin.py:190} INFO - [2026-09-08T07:32:36.655+0000] {dag.py:3239} INFO - Sync 1 DAGs
[2026-09-08T07:32:36.671+0000] {logging_mixin.py:190} INFO - [2026-09-08T07:32:36.671+0000] {dag.py:4180} INFO - Setting next_dagrun for branching_dag to None, run_after=None
[2026-09-08T07:32:36.692+0000] {processor.py:208} INFO - Processing /opt/airflow/dags/03_branching_dag.py took 0.104 seconds
[2026-09-08T07:33:07.401+0000] {processor.py:186} INFO - Started process (PID=1631) to work on /opt/airflow/dags/03_branching_dag.py
[2026-09-08T07:33:07.402+0000] {processor.py:914} INFO - Processing file /opt/airflow/dags/03_branching_dag.py for tasks to queue
[2026-09-08T07:33:07.404+0000] {logging_mixin.py:190} INFO - [2026-09-08T07:33:07.404+0000] {dagbag.py:588} INFO - Filling up the DagBag from /opt/airflow/dags/03_branching_dag.py
[2026-09-08T07:33:07.424+0000] {processor.py:925} INFO - DAG(s) 'branching_dag' retrieved from /opt/airflow/dags/03_branching_dag.py
[2026-09-08T07:33:07.456+0000] {logging_mixin.py:190} INFO - [2026-09-08T07:33:07.456+0000] {dag.py:3239} INFO - Sync 1 DAGs
[2026-09-08T07:33:07.472+0000] {logging_mixin.py:190} INFO - [2026-09-08T07:33:07.472+0000] {dag.py:4180} INFO - Setting next_dagrun for branching_dag to None, run_after=None
[2026-09-08T07:33:07.494+0000] {processor.py:208} INFO - Processing /opt/airflow/dags/03_branching_dag.py took 0.100 seconds
[2026-09-08T07:33:37.554+0000] {processor.py:186} INFO - Started process (PID=1645) to work on /opt/airflow/dags/03_branching_dag.py
[2026-09-08T07:33:37.555+0000] {processor.py:914} INFO - Processing file /opt/airflow/dags/03_branching_dag.py for tasks to queue
[2026-09-08T07:33:37.558+0000] {logging_mixin.py:190} INFO - [2026-09-08T07:33:37.557+0000] {dagbag.py:588} INFO - Filling up the DagBag from /opt/airflow/dags/03_branching_dag.py
[2026-09-08T07:33:37.579+0000] {processor.py:925} INFO - DAG(s) 'branching_dag' retrieved from /opt/airflow/dags/03_branching_dag.py
[2026-09-08T07:33:37.613+0000] {logging_mixin.py:190} INFO - [2026-09-08T07:33:37.613+0000] {dag.py:3239} INFO - Sync 1 DAGs
[2026-09-08T07:33:37.629+0000] {logging_mixin.py:190} INFO - [2026-09-08T07:33:37.629+0000] {dag.py:4180} INFO - Setting next_dagrun for branching_dag to None, run_after=None
[2026-09-08T07:33:37.651+0000] {processor.py:208} INFO - Processing /opt/airflow/dags/03_branching_dag.py took 0.104 seconds
[2026-09-08T07:34:07.921+0000] {processor.py:186} INFO - Started process (PID=1659) to work on /opt/airflow/dags/03_branching_dag.py
[2026-09-08T07:34:07.922+0000] {processor.py:914} INFO - Processing file /opt/airflow/dags/03_branching_dag.py for tasks to queue
[2026-09-08T07:34:07.924+0000] {logging_mixin.py:190} INFO - [2026-09-08T07:34:07.924+0000] {dagbag.py:588} INFO - Filling up the DagBag from /opt/airflow/dags/03_branching_dag.py
[2026-09-08T07:34:07.947+0000] {processor.py:925} INFO - DAG(s) 'branching_dag' retrieved from /opt/airflow/dags/03_branching_dag.py
[2026-09-08T07:34:07.984+0000] {logging_mixin.py:190} INFO - [2026-09-08T07:34:07.983+0000] {dag.py:3239} INFO - Sync 1 DAGs
[2026-09-08T07:34:08.003+0000] {logging_mixin.py:190} INFO - [2026-09-08T07:34:08.003+0000] {dag.py:4180} INFO - Setting next_dagrun for branching_dag to None, run_after=None
[2026-09-08T07:34:08.030+0000] {processor.py:208} INFO - Processing /opt/airflow/dags/03_branching_dag.py took 0.118 seconds
[2026-09-08T07:34:38.117+0000] {processor.py:186} INFO - Started process (PID=1673) to work on /opt/airflow/dags/03_branching_dag.py
[2026-09-08T07:34:38.118+0000] {processor.py:914} INFO - Processing file /opt/airflow/dags/03_branching_dag.py for tasks to queue
[2026-09-08T07:34:38.122+0000] {logging_mixin.py:190} INFO - [2026-09-08T07:34:38.121+0000] {dagbag.py:588} INFO - Filling up the DagBag from /opt/airflow/dags/03_branching_dag.py
[2026-09-08T07:34:38.152+0000] {processor.py:925} INFO - DAG(s) 'branching_dag' retrieved from /opt/airflow/dags/03_branching_dag.py
[2026-09-08T07:34:38.210+0000] {logging_mixin.py:190} INFO - [2026-09-08T07:34:38.210+0000] {dag.py:3239} INFO - Sync 1 DAGs
[2026-09-08T07:34:38.239+0000] {logging_mixin.py:190} INFO - [2026-09-08T07:34:38.238+0000] {dag.py:4180} INFO - Setting next_dagrun for branching_dag to None, run_after=None
[2026-09-08T07:34:38.272+0000] {processor.py:208} INFO - Processing /opt/airflow/dags/03_branching_dag.py took 0.169 seconds
[2026-09-08T07:35:08.450+0000] {processor.py:186} INFO - Started process (PID=1687) to work on /opt/airflow/dags/03_branching_dag.py
[2026-09-08T07:35:08.451+0000] {processor.py:914} INFO - Processing file /opt/airflow/dags/03_branching_dag.py for tasks to queue
[2026-09-08T07:35:08.453+0000] {logging_mixin.py:190} INFO - [2026-09-08T07:35:08.453+0000] {dagbag.py:588} INFO - Filling up the DagBag from /opt/airflow/dags/03_branching_dag.py
[2026-09-08T07:35:08.472+0000] {processor.py:925} INFO - DAG(s) 'branching_dag' retrieved from /opt/airflow/dags/03_branching_dag.py
[2026-09-08T07:35:08.506+0000] {logging_mixin.py:190} INFO - [2026-09-08T07:35:08.506+0000] {dag.py:3239} INFO - Sync 1 DAGs
[2026-09-08T07:35:08.522+0000] {logging_mixin.py:190} INFO - [2026-09-08T07:35:08.522+0000] {dag.py:4180} INFO - Setting next_dagrun for branching_dag to None, run_after=None
[2026-09-08T07:35:08.545+0000] {processor.py:208} INFO - Processing /opt/airflow/dags/03_branching_dag.py took 0.104 seconds
[2026-09-08T07:35:39.264+0000] {processor.py:186} INFO - Started process (PID=1701) to work on /opt/airflow/dags/03_branching_dag.py
[2026-09-08T07:35:39.265+0000] {processor.py:914} INFO - Processing file /opt/airflow/dags/03_branching_dag.py for tasks to queue
[2026-09-08T07:35:39.268+0000] {logging_mixin.py:190} INFO - [2026-09-08T07:35:39.267+0000] {dagbag.py:588} INFO - Filling up the DagBag from /opt/airflow/dags/03_branching_dag.py
[2026-09-08T07:35:39.291+0000] {processor.py:925} INFO - DAG(s) 'branching_dag' retrieved from /opt/airflow/dags/03_branching_dag.py
[2026-09-08T07:35:39.328+0000] {logging_mixin.py:190} INFO - [2026-09-08T07:35:39.328+0000] {dag.py:3239} INFO - Sync 1 DAGs
[2026-09-08T07:35:39.346+0000] {logging_mixin.py:190} INFO - [2026-09-08T07:35:39.346+0000] {dag.py:4180} INFO - Setting next_dagrun for branching_dag to None, run_after=None
[2026-09-08T07:35:39.370+0000] {processor.py:208} INFO - Processing /opt/airflow/dags/03_branching_dag.py took 0.114 seconds
[2026-09-08T07:36:09.417+0000] {processor.py:186} INFO - Started process (PID=1715) to work on /opt/airflow/dags/03_branching_dag.py
[2026-09-08T07:36:09.418+0000] {processor.py:914} INFO - Processing file /opt/airflow/dags/03_branching_dag.py for tasks to queue
[2026-09-08T07:36:09.420+0000] {logging_mixin.py:190} INFO - [2026-09-08T07:36:09.420+0000] {dagbag.py:588} INFO - Filling up the DagBag from /opt/airflow/dags/03_branching_dag.py
[2026-09-08T07:36:09.443+0000] {processor.py:925} INFO - DAG(s) 'branching_dag' retrieved from /opt/airflow/dags/03_branching_dag.py
[2026-09-08T07:36:09.476+0000] {logging_mixin.py:190} INFO - [2026-09-08T07:36:09.476+0000] {dag.py:3239} INFO - Sync 1 DAGs
[2026-09-08T07:36:09.492+0000] {logging_mixin.py:190} INFO - [2026-09-08T07:36:09.491+0000] {dag.py:4180} INFO - Setting next_dagrun for branching_dag to None, run_after=None
[2026-09-08T07:36:09.512+0000] {processor.py:208} INFO - Processing /opt/airflow/dags/03_branching_dag.py took 0.103 seconds
[2026-09-08T07:36:39.771+0000] {processor.py:186} INFO - Started process (PID=1729) to work on /opt/airflow/dags/03_branching_dag.py
[2026-09-08T07:36:39.772+0000] {processor.py:914} INFO - Processing file /opt/airflow/dags/03_branching_dag.py for tasks to queue
[2026-09-08T07:36:39.774+0000] {logging_mixin.py:190} INFO - [2026-09-08T07:36:39.773+0000] {dagbag.py:588} INFO - Filling up the DagBag from /opt/airflow/dags/03_branching_dag.py
[2026-09-08T07:36:39.797+0000] {processor.py:925} INFO - DAG(s) 'branching_dag' retrieved from /opt/airflow/dags/03_branching_dag.py
[2026-09-08T07:36:39.835+0000] {logging_mixin.py:190} INFO - [2026-09-08T07:36:39.835+0000] {dag.py:3239} INFO - Sync 1 DAGs
[2026-09-08T07:36:39.854+0000] {logging_mixin.py:190} INFO - [2026-09-08T07:36:39.854+0000] {dag.py:4180} INFO - Setting next_dagrun for branching_dag to None, run_after=None
[2026-09-08T07:36:39.877+0000] {processor.py:208} INFO - Processing /opt/airflow/dags/03_branching_dag.py took 0.115 seconds
[2026-09-08T07:37:10.456+0000] {processor.py:186} INFO - Started process (PID=1743) to work on /opt/airflow/dags/03_branching_dag.py
[2026-09-08T07:37:10.457+0000] {processor.py:914} INFO - Processing file /opt/airflow/dags/03_branching_dag.py for tasks to queue
[2026-09-08T07:37:10.459+0000] {logging_mixin.py:190} INFO - [2026-09-08T07:37:10.459+0000] {dagbag.py:588} INFO - Filling up the DagBag from /opt/airflow/dags/03_branching_dag.py
[2026-09-08T07:37:10.485+0000] {processor.py:925} INFO - DAG(s) 'branching_dag' retrieved from /opt/airflow/dags/03_branching_dag.py
[2026-09-08T07:37:10.517+0000] {logging_mixin.py:190} INFO - [2026-09-08T07:37:10.517+0000] {dag.py:3239} INFO - Sync 1 DAGs
[2026-09-08T07:37:10.533+0000] {logging_mixin.py:190} INFO - [2026-09-08T07:37:10.533+0000] {dag.py:4180} INFO - Setting next_dagrun for branching_dag to None, run_after=None
[2026-09-08T07:37:10.553+0000] {processor.py:208} INFO - Processing /opt/airflow/dags/03_branching_dag.py took 0.104 seconds
[2026-09-08T07:37:40.608+0000] {processor.py:186} INFO - Started process (PID=1757) to work on /opt/airflow/dags/03_branching_dag.py
[2026-09-08T07:37:40.609+0000] {processor.py:914} INFO - Processing file /opt/airflow/dags/03_branching_dag.py for tasks to queue
[2026-09-08T07:37:40.613+0000] {logging_mixin.py:190} INFO - [2026-09-08T07:37:40.612+0000] {dagbag.py:588} INFO - Filling up the DagBag from /opt/airflow/dags/03_branching_dag.py
[2026-09-08T07:37:40.636+0000] {processor.py:925} INFO - DAG(s) 'branching_dag' retrieved from /opt/airflow/dags/03_branching_dag.py
[2026-09-08T07:37:40.671+0000] {logging_mixin.py:190} INFO - [2026-09-08T07:37:40.671+0000] {dag.py:3239} INFO - Sync 1 DAGs
[2026-09-08T07:37:40.689+0000] {logging_mixin.py:190} INFO - [2026-09-08T07:37:40.689+0000] {dag.py:4180} INFO - Setting next_dagrun for branching_dag to None, run_after=None
[2026-09-08T07:37:40.714+0000] {processor.py:208} INFO - Processing /opt/airflow/dags/03_branching_dag.py took 0.112 seconds
[2026-09-08T07:38:11.091+0000] {processor.py:186} INFO - Started process (PID=1771) to work on /opt/airflow/dags/03_branching_dag.py
[2026-09-08T07:38:11.093+0000] {processor.py:914} INFO - Processing file /opt/airflow/dags/03_branching_dag.py for tasks to queue
[2026-09-08T07:38:11.095+0000] {logging_mixin.py:190} INFO - [2026-09-08T07:38:11.094+0000] {dagbag.py:588} INFO - Filling up the DagBag from /opt/airflow/dags/03_branching_dag.py
[2026-09-08T07:38:11.114+0000] {processor.py:925} INFO - DAG(s) 'branching_dag' retrieved from /opt/airflow/dags/03_branching_dag.py
[2026-09-08T07:38:11.150+0000] {logging_mixin.py:190} INFO - [2026-09-08T07:38:11.150+0000] {dag.py:3239} INFO - Sync 1 DAGs
[2026-09-08T07:38:11.169+0000] {logging_mixin.py:190} INFO - [2026-09-08T07:38:11.169+0000] {dag.py:4180} INFO - Setting next_dagrun for branching_dag to None, run_after=None
[2026-09-08T07:38:11.198+0000] {processor.py:208} INFO - Processing /opt/airflow/dags/03_branching_dag.py took 0.115 seconds
[2026-09-08T07:38:41.885+0000] {processor.py:186} INFO - Started process (PID=1785) to work on /opt/airflow/dags/03_branching_dag.py
[2026-09-08T07:38:41.887+0000] {processor.py:914} INFO - Processing file /opt/airflow/dags/03_branching_dag.py for tasks to queue
[2026-09-08T07:38:41.888+0000] {logging_mixin.py:190} INFO - [2026-09-08T07:38:41.888+0000] {dagbag.py:588} INFO - Filling up the DagBag from /opt/airflow/dags/03_branching_dag.py
[2026-09-08T07:38:41.909+0000] {processor.py:925} INFO - DAG(s) 'branching_dag' retrieved from /opt/airflow/dags/03_branching_dag.py
[2026-09-08T07:38:41.942+0000] {logging_mixin.py:190} INFO - [2026-09-08T07:38:41.942+0000] {dag.py:3239} INFO - Sync 1 DAGs
[2026-09-08T07:38:41.960+0000] {logging_mixin.py:190} INFO - [2026-09-08T07:38:41.959+0000] {dag.py:4180} INFO - Setting next_dagrun for branching_dag to None, run_after=None
[2026-09-08T07:38:41.984+0000] {processor.py:208} INFO - Processing /opt/airflow/dags/03_branching_dag.py took 0.106 seconds
[2026-09-08T07:39:12.169+0000] {processor.py:186} INFO - Started process (PID=1799) to work on /opt/airflow/dags/03_branching_dag.py
[2026-09-08T07:39:12.170+0000] {processor.py:914} INFO - Processing file /opt/airflow/dags/03_branching_dag.py for tasks to queue
[2026-09-08T07:39:12.172+0000] {logging_mixin.py:190} INFO - [2026-09-08T07:39:12.171+0000] {dagbag.py:588} INFO - Filling up the DagBag from /opt/airflow/dags/03_branching_dag.py
[2026-09-08T07:39:12.193+0000] {processor.py:925} INFO - DAG(s) 'branching_dag' retrieved from /opt/airflow/dags/03_branching_dag.py
[2026-09-08T07:39:12.226+0000] {logging_mixin.py:190} INFO - [2026-09-08T07:39:12.226+0000] {dag.py:3239} INFO - Sync 1 DAGs
[2026-09-08T07:39:12.242+0000] {logging_mixin.py:190} INFO - [2026-09-08T07:39:12.242+0000] {dag.py:4180} INFO - Setting next_dagrun for branching_dag to None, run_after=None
[2026-09-08T07:39:12.264+0000] {processor.py:208} INFO - Processing /opt/airflow/dags/03_branching_dag.py took 0.104 seconds
[2026-09-08T07:39:42.342+0000] {processor.py:186} INFO - Started process (PID=1813) to work on /opt/airflow/dags/03_branching_dag.py
[2026-09-08T07:39:42.343+0000] {processor.py:914} INFO - Processing file /opt/airflow/dags/03_branching_dag.py for tasks to queue
[2026-09-08T07:39:42.345+0000] {logging_mixin.py:190} INFO - [2026-09-08T07:39:42.345+0000] {dagbag.py:588} INFO - Filling up the DagBag from /opt/airflow/dags/03_branching_dag.py
[2026-09-08T07:39:42.365+0000] {processor.py:925} INFO - DAG(s) 'branching_dag' retrieved from /opt/airflow/dags/03_branching_dag.py
[2026-09-08T07:39:42.403+0000] {logging_mixin.py:190} INFO - [2026-09-08T07:39:42.403+0000] {dag.py:3239} INFO - Sync 1 DAGs
[2026-09-08T07:39:42.422+0000] {logging_mixin.py:190} INFO - [2026-09-08T07:39:42.421+0000] {dag.py:4180} INFO - Setting next_dagrun for branching_dag to None, run_after=None
[2026-09-08T07:39:42.443+0000] {processor.py:208} INFO - Processing /opt/airflow/dags/03_branching_dag.py took 0.108 seconds
[2026-09-08T07:40:13.194+0000] {processor.py:186} INFO - Started process (PID=1827) to work on /opt/airflow/dags/03_branching_dag.py
[2026-09-08T07:40:13.195+0000] {processor.py:914} INFO - Processing file /opt/airflow/dags/03_branching_dag.py for tasks to queue
[2026-09-08T07:40:13.197+0000] {logging_mixin.py:190} INFO - [2026-09-08T07:40:13.197+0000] {dagbag.py:588} INFO - Filling up the DagBag from /opt/airflow/dags/03_branching_dag.py
[2026-09-08T07:40:13.218+0000] {processor.py:925} INFO - DAG(s) 'branching_dag' retrieved from /opt/airflow/dags/03_branching_dag.py
[2026-09-08T07:40:13.250+0000] {logging_mixin.py:190} INFO - [2026-09-08T07:40:13.249+0000] {dag.py:3239} INFO - Sync 1 DAGs
[2026-09-08T07:40:13.266+0000] {logging_mixin.py:190} INFO - [2026-09-08T07:40:13.266+0000] {dag.py:4180} INFO - Setting next_dagrun for branching_dag to None, run_after=None
[2026-09-08T07:40:13.288+0000] {processor.py:208} INFO - Processing /opt/airflow/dags/03_branching_dag.py took 0.100 seconds
[2026-09-08T07:40:43.523+0000] {processor.py:186} INFO - Started process (PID=1841) to work on /opt/airflow/dags/03_branching_dag.py
[2026-09-08T07:40:43.524+0000] {processor.py:914} INFO - Processing file /opt/airflow/dags/03_branching_dag.py for tasks to queue
[2026-09-08T07:40:43.526+0000] {logging_mixin.py:190} INFO - [2026-09-08T07:40:43.526+0000] {dagbag.py:588} INFO - Filling up the DagBag from /opt/airflow/dags/03_branching_dag.py
[2026-09-08T07:40:43.545+0000] {processor.py:925} INFO - DAG(s) 'branching_dag' retrieved from /opt/airflow/dags/03_branching_dag.py
[2026-09-08T07:40:43.576+0000] {logging_mixin.py:190} INFO - [2026-09-08T07:40:43.576+0000] {dag.py:3239} INFO - Sync 1 DAGs
[2026-09-08T07:40:43.591+0000] {logging_mixin.py:190} INFO - [2026-09-08T07:40:43.591+0000] {dag.py:4180} INFO - Setting next_dagrun for branching_dag to None, run_after=None
[2026-09-08T07:40:43.612+0000] {processor.py:208} INFO - Processing /opt/airflow/dags/03_branching_dag.py took 0.096 seconds
[2026-09-08T07:41:13.776+0000] {processor.py:186} INFO - Started process (PID=1855) to work on /opt/airflow/dags/03_branching_dag.py
[2026-09-08T07:41:13.777+0000] {processor.py:914} INFO - Processing file /opt/airflow/dags/03_branching_dag.py for tasks to queue
[2026-09-08T07:41:13.779+0000] {logging_mixin.py:190} INFO - [2026-09-08T07:41:13.779+0000] {dagbag.py:588} INFO - Filling up the DagBag from /opt/airflow/dags/03_branching_dag.py
[2026-09-08T07:41:13.805+0000] {processor.py:925} INFO - DAG(s) 'branching_dag' retrieved from /opt/airflow/dags/03_branching_dag.py
[2026-09-08T07:41:13.842+0000] {logging_mixin.py:190} INFO - [2026-09-08T07:41:13.841+0000] {dag.py:3239} INFO - Sync 1 DAGs
[2026-09-08T07:41:13.860+0000] {logging_mixin.py:190} INFO - [2026-09-08T07:41:13.859+0000] {dag.py:4180} INFO - Setting next_dagrun for branching_dag to None, run_after=None
[2026-09-08T07:41:13.884+0000] {processor.py:208} INFO - Processing /opt/airflow/dags/03_branching_dag.py took 0.115 seconds
[2026-09-08T07:41:44.611+0000] {processor.py:186} INFO - Started process (PID=1869) to work on /opt/airflow/dags/03_branching_dag.py
[2026-09-08T07:41:44.612+0000] {processor.py:914} INFO - Processing file /opt/airflow/dags/03_branching_dag.py for tasks to queue
[2026-09-08T07:41:44.614+0000] {logging_mixin.py:190} INFO - [2026-09-08T07:41:44.614+0000] {dagbag.py:588} INFO - Filling up the DagBag from /opt/airflow/dags/03_branching_dag.py
[2026-09-08T07:41:44.636+0000] {processor.py:925} INFO - DAG(s) 'branching_dag' retrieved from /opt/airflow/dags/03_branching_dag.py
[2026-09-08T07:41:44.677+0000] {logging_mixin.py:190} INFO - [2026-09-08T07:41:44.677+0000] {dag.py:3239} INFO - Sync 1 DAGs
[2026-09-08T07:41:44.696+0000] {logging_mixin.py:190} INFO - [2026-09-08T07:41:44.696+0000] {dag.py:4180} INFO - Setting next_dagrun for branching_dag to None, run_after=None
[2026-09-08T07:41:44.719+0000] {processor.py:208} INFO - Processing /opt/airflow/dags/03_branching_dag.py took 0.115 seconds
[2026-09-08T07:42:15.112+0000] {processor.py:186} INFO - Started process (PID=1883) to work on /opt/airflow/dags/03_branching_dag.py
[2026-09-08T07:42:15.113+0000] {processor.py:914} INFO - Processing file /opt/airflow/dags/03_branching_dag.py for tasks to queue
[2026-09-08T07:42:15.115+0000] {logging_mixin.py:190} INFO - [2026-09-08T07:42:15.114+0000] {dagbag.py:588} INFO - Filling up the DagBag from /opt/airflow/dags/03_branching_dag.py
[2026-09-08T07:42:15.134+0000] {processor.py:925} INFO - DAG(s) 'branching_dag' retrieved from /opt/airflow/dags/03_branching_dag.py
[2026-09-08T07:42:15.165+0000] {logging_mixin.py:190} INFO - [2026-09-08T07:42:15.165+0000] {dag.py:3239} INFO - Sync 1 DAGs
[2026-09-08T07:42:15.181+0000] {logging_mixin.py:190} INFO - [2026-09-08T07:42:15.181+0000] {dag.py:4180} INFO - Setting next_dagrun for branching_dag to None, run_after=None
[2026-09-08T07:42:15.201+0000] {processor.py:208} INFO - Processing /opt/airflow/dags/03_branching_dag.py took 0.096 seconds
[2026-09-08T07:42:45.410+0000] {processor.py:186} INFO - Started process (PID=1897) to work on /opt/airflow/dags/03_branching_dag.py
[2026-09-08T07:42:45.411+0000] {processor.py:914} INFO - Processing file /opt/airflow/dags/03_branching_dag.py for tasks to queue
[2026-09-08T07:42:45.413+0000] {logging_mixin.py:190} INFO - [2026-09-08T07:42:45.413+0000] {dagbag.py:588} INFO - Filling up the DagBag from /opt/airflow/dags/03_branching_dag.py
[2026-09-08T07:42:45.437+0000] {processor.py:925} INFO - DAG(s) 'branching_dag' retrieved from /opt/airflow/dags/03_branching_dag.py
[2026-09-08T07:42:45.471+0000] {logging_mixin.py:190} INFO - [2026-09-08T07:42:45.471+0000] {dag.py:3239} INFO - Sync 1 DAGs
[2026-09-08T07:42:45.489+0000] {logging_mixin.py:190} INFO - [2026-09-08T07:42:45.489+0000] {dag.py:4180} INFO - Setting next_dagrun for branching_dag to None, run_after=None
[2026-09-08T07:42:45.512+0000] {processor.py:208} INFO - Processing /opt/airflow/dags/03_branching_dag.py took 0.108 seconds
[2026-09-08T07:43:15.693+0000] {processor.py:186} INFO - Started process (PID=1911) to work on /opt/airflow/dags/03_branching_dag.py
[2026-09-08T07:43:15.694+0000] {processor.py:914} INFO - Processing file /opt/airflow/dags/03_branching_dag.py for tasks to queue
[2026-09-08T07:43:15.696+0000] {logging_mixin.py:190} INFO - [2026-09-08T07:43:15.696+0000] {dagbag.py:588} INFO - Filling up the DagBag from /opt/airflow/dags/03_branching_dag.py
[2026-09-08T07:43:15.720+0000] {processor.py:925} INFO - DAG(s) 'branching_dag' retrieved from /opt/airflow/dags/03_branching_dag.py
[2026-09-08T07:43:15.759+0000] {logging_mixin.py:190} INFO - [2026-09-08T07:43:15.759+0000] {dag.py:3239} INFO - Sync 1 DAGs
[2026-09-08T07:43:15.778+0000] {logging_mixin.py:190} INFO - [2026-09-08T07:43:15.778+0000] {dag.py:4180} INFO - Setting next_dagrun for branching_dag to None, run_after=None
[2026-09-08T07:43:15.801+0000] {processor.py:208} INFO - Processing /opt/airflow/dags/03_branching_dag.py took 0.118 seconds
[2026-09-08T07:43:46.477+0000] {processor.py:186} INFO - Started process (PID=1925) to work on /opt/airflow/dags/03_branching_dag.py
[2026-09-08T07:43:46.478+0000] {processor.py:914} INFO - Processing file /opt/airflow/dags/03_branching_dag.py for tasks to queue
[2026-09-08T07:43:46.479+0000] {logging_mixin.py:190} INFO - [2026-09-08T07:43:46.479+0000] {dagbag.py:588} INFO - Filling up the DagBag from /opt/airflow/dags/03_branching_dag.py
[2026-09-08T07:43:46.499+0000] {processor.py:925} INFO - DAG(s) 'branching_dag' retrieved from /opt/airflow/dags/03_branching_dag.py
[2026-09-08T07:43:46.532+0000] {logging_mixin.py:190} INFO - [2026-09-08T07:43:46.531+0000] {dag.py:3239} INFO - Sync 1 DAGs
[2026-09-08T07:43:46.548+0000] {logging_mixin.py:190} INFO - [2026-09-08T07:43:46.548+0000] {dag.py:4180} INFO - Setting next_dagrun for branching_dag to None, run_after=None
[2026-09-08T07:43:46.569+0000] {processor.py:208} INFO - Processing /opt/airflow/dags/03_branching_dag.py took 0.100 seconds
[2026-09-08T07:44:17.055+0000] {processor.py:186} INFO - Started process (PID=1939) to work on /opt/airflow/dags/03_branching_dag.py
[2026-09-08T07:44:17.057+0000] {processor.py:914} INFO - Processing file /opt/airflow/dags/03_branching_dag.py for tasks to queue
[2026-09-08T07:44:17.058+0000] {logging_mixin.py:190} INFO - [2026-09-08T07:44:17.058+0000] {dagbag.py:588} INFO - Filling up the DagBag from /opt/airflow/dags/03_branching_dag.py
[2026-09-08T07:44:17.085+0000] {processor.py:925} INFO - DAG(s) 'branching_dag' retrieved from /opt/airflow/dags/03_branching_dag.py
[2026-09-08T07:44:17.125+0000] {logging_mixin.py:190} INFO - [2026-09-08T07:44:17.124+0000] {dag.py:3239} INFO - Sync 1 DAGs
[2026-09-08T07:44:17.152+0000] {logging_mixin.py:190} INFO - [2026-09-08T07:44:17.152+0000] {dag.py:4180} INFO - Setting next_dagrun for branching_dag to None, run_after=None
[2026-09-08T07:44:17.192+0000] {processor.py:208} INFO - Processing /opt/airflow/dags/03_branching_dag.py took 0.144 seconds
[2026-09-08T07:44:47.340+0000] {processor.py:186} INFO - Started process (PID=1953) to work on /opt/airflow/dags/03_branching_dag.py
[2026-09-08T07:44:47.341+0000] {processor.py:914} INFO - Processing file /opt/airflow/dags/03_branching_dag.py for tasks to queue
[2026-09-08T07:44:47.343+0000] {logging_mixin.py:190} INFO - [2026-09-08T07:44:47.343+0000] {dagbag.py:588} INFO - Filling up the DagBag from /opt/airflow/dags/03_branching_dag.py
[2026-09-08T07:44:47.365+0000] {processor.py:925} INFO - DAG(s) 'branching_dag' retrieved from /opt/airflow/dags/03_branching_dag.py
[2026-09-08T07:44:47.397+0000] {logging_mixin.py:190} INFO - [2026-09-08T07:44:47.396+0000] {dag.py:3239} INFO - Sync 1 DAGs
[2026-09-08T07:44:47.413+0000] {logging_mixin.py:190} INFO - [2026-09-08T07:44:47.412+0000] {dag.py:4180} INFO - Setting next_dagrun for branching_dag to None, run_after=None
[2026-09-08T07:44:47.435+0000] {processor.py:208} INFO - Processing /opt/airflow/dags/03_branching_dag.py took 0.102 seconds
[2026-09-08T07:45:17.730+0000] {processor.py:186} INFO - Started process (PID=1967) to work on /opt/airflow/dags/03_branching_dag.py
[2026-09-08T07:45:17.731+0000] {processor.py:914} INFO - Processing file /opt/airflow/dags/03_branching_dag.py for tasks to queue
[2026-09-08T07:45:17.733+0000] {logging_mixin.py:190} INFO - [2026-09-08T07:45:17.732+0000] {dagbag.py:588} INFO - Filling up the DagBag from /opt/airflow/dags/03_branching_dag.py
[2026-09-08T07:45:17.752+0000] {processor.py:925} INFO - DAG(s) 'branching_dag' retrieved from /opt/airflow/dags/03_branching_dag.py
[2026-09-08T07:45:17.784+0000] {logging_mixin.py:190} INFO - [2026-09-08T07:45:17.784+0000] {dag.py:3239} INFO - Sync 1 DAGs
[2026-09-08T07:45:17.800+0000] {logging_mixin.py:190} INFO - [2026-09-08T07:45:17.800+0000] {dag.py:4180} INFO - Setting next_dagrun for branching_dag to None, run_after=None
[2026-09-08T07:45:17.821+0000] {processor.py:208} INFO - Processing /opt/airflow/dags/03_branching_dag.py took 0.098 seconds
[2026-09-08T07:45:48.080+0000] {processor.py:186} INFO - Started process (PID=1981) to work on /opt/airflow/dags/03_branching_dag.py
[2026-09-08T07:45:48.081+0000] {processor.py:914} INFO - Processing file /opt/airflow/dags/03_branching_dag.py for tasks to queue
[2026-09-08T07:45:48.083+0000] {logging_mixin.py:190} INFO - [2026-09-08T07:45:48.083+0000] {dagbag.py:588} INFO - Filling up the DagBag from /opt/airflow/dags/03_branching_dag.py
[2026-09-08T07:45:48.122+0000] {processor.py:925} INFO - DAG(s) 'branching_dag' retrieved from /opt/airflow/dags/03_branching_dag.py
[2026-09-08T07:45:48.201+0000] {logging_mixin.py:190} INFO - [2026-09-08T07:45:48.200+0000] {dag.py:3239} INFO - Sync 1 DAGs
[2026-09-08T07:45:48.242+0000] {logging_mixin.py:190} INFO - [2026-09-08T07:45:48.242+0000] {dag.py:4180} INFO - Setting next_dagrun for branching_dag to None, run_after=None
[2026-09-08T07:45:48.298+0000] {processor.py:208} INFO - Processing /opt/airflow/dags/03_branching_dag.py took 0.229 seconds
[2026-09-08T07:46:18.766+0000] {processor.py:186} INFO - Started process (PID=1994) to work on /opt/airflow/dags/03_branching_dag.py
[2026-09-08T07:46:18.856+0000] {processor.py:914} INFO - Processing file /opt/airflow/dags/03_branching_dag.py for tasks to queue
[2026-09-08T07:46:18.857+0000] {logging_mixin.py:190} INFO - [2026-09-08T07:46:18.857+0000] {dagbag.py:588} INFO - Filling up the DagBag from /opt/airflow/dags/03_branching_dag.py
[2026-09-08T07:46:18.878+0000] {processor.py:925} INFO - DAG(s) 'branching_dag' retrieved from /opt/airflow/dags/03_branching_dag.py
[2026-09-08T07:46:18.913+0000] {logging_mixin.py:190} INFO - [2026-09-08T07:46:18.913+0000] {dag.py:3239} INFO - Sync 1 DAGs
[2026-09-08T07:46:18.933+0000] {logging_mixin.py:190} INFO - [2026-09-08T07:46:18.930+0000] {dag.py:4180} INFO - Setting next_dagrun for branching_dag to None, run_after=None
[2026-09-08T07:46:18.956+0000] {processor.py:208} INFO - Processing /opt/airflow/dags/03_branching_dag.py took 0.198 seconds
[2026-09-08T07:46:49.073+0000] {processor.py:186} INFO - Started process (PID=2007) to work on /opt/airflow/dags/03_branching_dag.py
[2026-09-08T07:46:49.074+0000] {processor.py:914} INFO - Processing file /opt/airflow/dags/03_branching_dag.py for tasks to queue
[2026-09-08T07:46:49.077+0000] {logging_mixin.py:190} INFO - [2026-09-08T07:46:49.077+0000] {dagbag.py:588} INFO - Filling up the DagBag from /opt/airflow/dags/03_branching_dag.py
[2026-09-08T07:46:49.102+0000] {processor.py:925} INFO - DAG(s) 'branching_dag' retrieved from /opt/airflow/dags/03_branching_dag.py
[2026-09-08T07:46:49.143+0000] {logging_mixin.py:190} INFO - [2026-09-08T07:46:49.143+0000] {dag.py:3239} INFO - Sync 1 DAGs
[2026-09-08T07:46:49.162+0000] {logging_mixin.py:190} INFO - [2026-09-08T07:46:49.162+0000] {dag.py:4180} INFO - Setting next_dagrun for branching_dag to None, run_after=None
[2026-09-08T07:46:49.184+0000] {processor.py:208} INFO - Processing /opt/airflow/dags/03_branching_dag.py took 0.121 seconds
[2026-09-08T07:47:19.442+0000] {processor.py:186} INFO - Started process (PID=2021) to work on /opt/airflow/dags/03_branching_dag.py
[2026-09-08T07:47:19.443+0000] {processor.py:914} INFO - Processing file /opt/airflow/dags/03_branching_dag.py for tasks to queue
[2026-09-08T07:47:19.445+0000] {logging_mixin.py:190} INFO - [2026-09-08T07:47:19.444+0000] {dagbag.py:588} INFO - Filling up the DagBag from /opt/airflow/dags/03_branching_dag.py
[2026-09-08T07:47:19.465+0000] {processor.py:925} INFO - DAG(s) 'branching_dag' retrieved from /opt/airflow/dags/03_branching_dag.py
[2026-09-08T07:47:19.496+0000] {logging_mixin.py:190} INFO - [2026-09-08T07:47:19.496+0000] {dag.py:3239} INFO - Sync 1 DAGs
[2026-09-08T07:47:19.511+0000] {logging_mixin.py:190} INFO - [2026-09-08T07:47:19.511+0000] {dag.py:4180} INFO - Setting next_dagrun for branching_dag to None, run_after=None
[2026-09-08T07:47:19.532+0000] {processor.py:208} INFO - Processing /opt/airflow/dags/03_branching_dag.py took 0.098 seconds
[2026-09-08T07:47:49.842+0000] {processor.py:186} INFO - Started process (PID=2041) to work on /opt/airflow/dags/03_branching_dag.py
[2026-09-08T07:47:49.844+0000] {processor.py:914} INFO - Processing file /opt/airflow/dags/03_branching_dag.py for tasks to queue
[2026-09-08T07:47:49.845+0000] {logging_mixin.py:190} INFO - [2026-09-08T07:47:49.845+0000] {dagbag.py:588} INFO - Filling up the DagBag from /opt/airflow/dags/03_branching_dag.py
[2026-09-08T07:47:49.874+0000] {processor.py:925} INFO - DAG(s) 'branching_dag' retrieved from /opt/airflow/dags/03_branching_dag.py
[2026-09-08T07:47:49.913+0000] {logging_mixin.py:190} INFO - [2026-09-08T07:47:49.912+0000] {dag.py:3239} INFO - Sync 1 DAGs
[2026-09-08T07:47:49.936+0000] {logging_mixin.py:190} INFO - [2026-09-08T07:47:49.935+0000] {dag.py:4180} INFO - Setting next_dagrun for branching_dag to None, run_after=None
[2026-09-08T07:47:49.963+0000] {processor.py:208} INFO - Processing /opt/airflow/dags/03_branching_dag.py took 0.128 seconds
[2026-09-08T07:48:20.036+0000] {processor.py:186} INFO - Started process (PID=2055) to work on /opt/airflow/dags/03_branching_dag.py
[2026-09-08T07:48:20.037+0000] {processor.py:914} INFO - Processing file /opt/airflow/dags/03_branching_dag.py for tasks to queue
[2026-09-08T07:48:20.038+0000] {logging_mixin.py:190} INFO - [2026-09-08T07:48:20.038+0000] {dagbag.py:588} INFO - Filling up the DagBag from /opt/airflow/dags/03_branching_dag.py
[2026-09-08T07:48:20.063+0000] {processor.py:925} INFO - DAG(s) 'branching_dag' retrieved from /opt/airflow/dags/03_branching_dag.py
[2026-09-08T07:48:20.099+0000] {logging_mixin.py:190} INFO - [2026-09-08T07:48:20.099+0000] {dag.py:3239} INFO - Sync 1 DAGs
[2026-09-08T07:48:20.117+0000] {logging_mixin.py:190} INFO - [2026-09-08T07:48:20.117+0000] {dag.py:4180} INFO - Setting next_dagrun for branching_dag to None, run_after=None
[2026-09-08T07:48:20.140+0000] {processor.py:208} INFO - Processing /opt/airflow/dags/03_branching_dag.py took 0.111 seconds
[2026-09-08T07:51:02.440+0000] {processor.py:186} INFO - Started process (PID=106) to work on /opt/airflow/dags/03_branching_dag.py
[2026-09-08T07:51:02.442+0000] {processor.py:914} INFO - Processing file /opt/airflow/dags/03_branching_dag.py for tasks to queue
[2026-09-08T07:51:02.445+0000] {logging_mixin.py:190} INFO - [2026-09-08T07:51:02.444+0000] {dagbag.py:588} INFO - Filling up the DagBag from /opt/airflow/dags/03_branching_dag.py
[2026-09-08T07:51:02.479+0000] {processor.py:925} INFO - DAG(s) 'branching_dag' retrieved from /opt/airflow/dags/03_branching_dag.py
[2026-09-08T07:51:02.558+0000] {logging_mixin.py:190} INFO - [2026-09-08T07:51:02.557+0000] {dag.py:3239} INFO - Sync 1 DAGs
[2026-09-08T07:51:02.597+0000] {logging_mixin.py:190} INFO - [2026-09-08T07:51:02.596+0000] {dag.py:4180} INFO - Setting next_dagrun for branching_dag to None, run_after=None
[2026-09-08T07:51:02.635+0000] {processor.py:208} INFO - Processing /opt/airflow/dags/03_branching_dag.py took 0.209 seconds
[2026-09-08T07:51:34.274+0000] {processor.py:186} INFO - Started process (PID=118) to work on /opt/airflow/dags/03_branching_dag.py
[2026-09-08T07:51:34.276+0000] {processor.py:914} INFO - Processing file /opt/airflow/dags/03_branching_dag.py for tasks to queue
[2026-09-08T07:51:34.280+0000] {logging_mixin.py:190} INFO - [2026-09-08T07:51:34.279+0000] {dagbag.py:588} INFO - Filling up the DagBag from /opt/airflow/dags/03_branching_dag.py
[2026-09-08T07:51:34.308+0000] {processor.py:925} INFO - DAG(s) 'branching_dag' retrieved from /opt/airflow/dags/03_branching_dag.py
[2026-09-08T07:51:34.366+0000] {logging_mixin.py:190} INFO - [2026-09-08T07:51:34.366+0000] {dag.py:3239} INFO - Sync 1 DAGs
[2026-09-08T07:51:34.399+0000] {logging_mixin.py:190} INFO - [2026-09-08T07:51:34.399+0000] {dag.py:4180} INFO - Setting next_dagrun for branching_dag to None, run_after=None
[2026-09-08T07:51:34.430+0000] {processor.py:208} INFO - Processing /opt/airflow/dags/03_branching_dag.py took 0.167 seconds
[2026-09-08T07:52:04.559+0000] {processor.py:186} INFO - Started process (PID=132) to work on /opt/airflow/dags/03_branching_dag.py
[2026-09-08T07:52:04.560+0000] {processor.py:914} INFO - Processing file /opt/airflow/dags/03_branching_dag.py for tasks to queue
[2026-09-08T07:52:04.563+0000] {logging_mixin.py:190} INFO - [2026-09-08T07:52:04.562+0000] {dagbag.py:588} INFO - Filling up the DagBag from /opt/airflow/dags/03_branching_dag.py
[2026-09-08T07:52:04.592+0000] {processor.py:925} INFO - DAG(s) 'branching_dag' retrieved from /opt/airflow/dags/03_branching_dag.py
[2026-09-08T07:52:04.854+0000] {logging_mixin.py:190} INFO - [2026-09-08T07:52:04.854+0000] {dag.py:3239} INFO - Sync 1 DAGs
[2026-09-08T07:52:05.011+0000] {logging_mixin.py:190} INFO - [2026-09-08T07:52:05.010+0000] {dag.py:4180} INFO - Setting next_dagrun for branching_dag to None, run_after=None
[2026-09-08T07:52:05.283+0000] {processor.py:208} INFO - Processing /opt/airflow/dags/03_branching_dag.py took 0.732 seconds
[2026-09-08T07:52:35.746+0000] {processor.py:186} INFO - Started process (PID=146) to work on /opt/airflow/dags/03_branching_dag.py
[2026-09-08T07:52:35.747+0000] {processor.py:914} INFO - Processing file /opt/airflow/dags/03_branching_dag.py for tasks to queue
[2026-09-08T07:52:35.749+0000] {logging_mixin.py:190} INFO - [2026-09-08T07:52:35.748+0000] {dagbag.py:588} INFO - Filling up the DagBag from /opt/airflow/dags/03_branching_dag.py
[2026-09-08T07:52:35.776+0000] {processor.py:925} INFO - DAG(s) 'branching_dag' retrieved from /opt/airflow/dags/03_branching_dag.py
[2026-09-08T07:52:35.817+0000] {logging_mixin.py:190} INFO - [2026-09-08T07:52:35.817+0000] {dag.py:3239} INFO - Sync 1 DAGs
[2026-09-08T07:52:35.837+0000] {logging_mixin.py:190} INFO - [2026-09-08T07:52:35.837+0000] {dag.py:4180} INFO - Setting next_dagrun for branching_dag to None, run_after=None
[2026-09-08T07:52:35.861+0000] {processor.py:208} INFO - Processing /opt/airflow/dags/03_branching_dag.py took 0.123 seconds
[2026-09-08T07:53:06.749+0000] {processor.py:186} INFO - Started process (PID=160) to work on /opt/airflow/dags/03_branching_dag.py
[2026-09-08T07:53:06.751+0000] {processor.py:914} INFO - Processing file /opt/airflow/dags/03_branching_dag.py for tasks to queue
[2026-09-08T07:53:06.754+0000] {logging_mixin.py:190} INFO - [2026-09-08T07:53:06.753+0000] {dagbag.py:588} INFO - Filling up the DagBag from /opt/airflow/dags/03_branching_dag.py
[2026-09-08T07:53:06.793+0000] {processor.py:925} INFO - DAG(s) 'branching_dag' retrieved from /opt/airflow/dags/03_branching_dag.py
[2026-09-08T07:53:06.846+0000] {logging_mixin.py:190} INFO - [2026-09-08T07:53:06.845+0000] {dag.py:3239} INFO - Sync 1 DAGs
[2026-09-08T07:53:06.879+0000] {logging_mixin.py:190} INFO - [2026-09-08T07:53:06.878+0000] {dag.py:4180} INFO - Setting next_dagrun for branching_dag to None, run_after=None
[2026-09-08T07:53:07.180+0000] {processor.py:208} INFO - Processing /opt/airflow/dags/03_branching_dag.py took 0.444 seconds
[2026-09-08T07:53:37.787+0000] {processor.py:186} INFO - Started process (PID=174) to work on /opt/airflow/dags/03_branching_dag.py
[2026-09-08T07:53:37.788+0000] {processor.py:914} INFO - Processing file /opt/airflow/dags/03_branching_dag.py for tasks to queue
[2026-09-08T07:53:37.790+0000] {logging_mixin.py:190} INFO - [2026-09-08T07:53:37.789+0000] {dagbag.py:588} INFO - Filling up the DagBag from /opt/airflow/dags/03_branching_dag.py
[2026-09-08T07:53:37.809+0000] {processor.py:925} INFO - DAG(s) 'branching_dag' retrieved from /opt/airflow/dags/03_branching_dag.py
[2026-09-08T07:53:38.023+0000] {logging_mixin.py:190} INFO - [2026-09-08T07:53:38.023+0000] {dag.py:3239} INFO - Sync 1 DAGs
[2026-09-08T07:53:38.036+0000] {logging_mixin.py:190} INFO - [2026-09-08T07:53:38.036+0000] {dag.py:4180} INFO - Setting next_dagrun for branching_dag to None, run_after=None
[2026-09-08T07:53:38.061+0000] {processor.py:208} INFO - Processing /opt/airflow/dags/03_branching_dag.py took 0.281 seconds
[2026-09-08T07:54:08.963+0000] {processor.py:186} INFO - Started process (PID=188) to work on /opt/airflow/dags/03_branching_dag.py
[2026-09-08T07:54:08.964+0000] {processor.py:914} INFO - Processing file /opt/airflow/dags/03_branching_dag.py for tasks to queue
[2026-09-08T07:54:08.966+0000] {logging_mixin.py:190} INFO - [2026-09-08T07:54:08.966+0000] {dagbag.py:588} INFO - Filling up the DagBag from /opt/airflow/dags/03_branching_dag.py
[2026-09-08T07:54:08.990+0000] {processor.py:925} INFO - DAG(s) 'branching_dag' retrieved from /opt/airflow/dags/03_branching_dag.py
[2026-09-08T07:54:09.026+0000] {logging_mixin.py:190} INFO - [2026-09-08T07:54:09.026+0000] {dag.py:3239} INFO - Sync 1 DAGs
[2026-09-08T07:54:09.046+0000] {logging_mixin.py:190} INFO - [2026-09-08T07:54:09.045+0000] {dag.py:4180} INFO - Setting next_dagrun for branching_dag to None, run_after=None
[2026-09-08T07:54:09.068+0000] {processor.py:208} INFO - Processing /opt/airflow/dags/03_branching_dag.py took 0.114 seconds
[2026-09-08T07:54:39.184+0000] {processor.py:186} INFO - Started process (PID=202) to work on /opt/airflow/dags/03_branching_dag.py
[2026-09-08T07:54:39.185+0000] {processor.py:914} INFO - Processing file /opt/airflow/dags/03_branching_dag.py for tasks to queue
[2026-09-08T07:54:39.187+0000] {logging_mixin.py:190} INFO - [2026-09-08T07:54:39.187+0000] {dagbag.py:588} INFO - Filling up the DagBag from /opt/airflow/dags/03_branching_dag.py
[2026-09-08T07:54:39.208+0000] {processor.py:925} INFO - DAG(s) 'branching_dag' retrieved from /opt/airflow/dags/03_branching_dag.py
[2026-09-08T07:54:39.242+0000] {logging_mixin.py:190} INFO - [2026-09-08T07:54:39.242+0000] {dag.py:3239} INFO - Sync 1 DAGs
[2026-09-08T07:54:39.259+0000] {logging_mixin.py:190} INFO - [2026-09-08T07:54:39.259+0000] {dag.py:4180} INFO - Setting next_dagrun for branching_dag to None, run_after=None
[2026-09-08T07:54:39.280+0000] {processor.py:208} INFO - Processing /opt/airflow/dags/03_branching_dag.py took 0.103 seconds
[2026-09-08T07:55:09.382+0000] {processor.py:186} INFO - Started process (PID=216) to work on /opt/airflow/dags/03_branching_dag.py
[2026-09-08T07:55:09.383+0000] {processor.py:914} INFO - Processing file /opt/airflow/dags/03_branching_dag.py for tasks to queue
[2026-09-08T07:55:09.386+0000] {logging_mixin.py:190} INFO - [2026-09-08T07:55:09.385+0000] {dagbag.py:588} INFO - Filling up the DagBag from /opt/airflow/dags/03_branching_dag.py
[2026-09-08T07:55:09.407+0000] {processor.py:925} INFO - DAG(s) 'branching_dag' retrieved from /opt/airflow/dags/03_branching_dag.py
[2026-09-08T07:55:09.440+0000] {logging_mixin.py:190} INFO - [2026-09-08T07:55:09.440+0000] {dag.py:3239} INFO - Sync 1 DAGs
[2026-09-08T07:55:09.456+0000] {logging_mixin.py:190} INFO - [2026-09-08T07:55:09.456+0000] {dag.py:4180} INFO - Setting next_dagrun for branching_dag to None, run_after=None
[2026-09-08T07:55:09.478+0000] {processor.py:208} INFO - Processing /opt/airflow/dags/03_branching_dag.py took 0.102 seconds
[2026-09-08T07:55:40.152+0000] {processor.py:186} INFO - Started process (PID=230) to work on /opt/airflow/dags/03_branching_dag.py
[2026-09-08T07:55:40.153+0000] {processor.py:914} INFO - Processing file /opt/airflow/dags/03_branching_dag.py for tasks to queue
[2026-09-08T07:55:40.155+0000] {logging_mixin.py:190} INFO - [2026-09-08T07:55:40.155+0000] {dagbag.py:588} INFO - Filling up the DagBag from /opt/airflow/dags/03_branching_dag.py
[2026-09-08T07:55:40.178+0000] {processor.py:925} INFO - DAG(s) 'branching_dag' retrieved from /opt/airflow/dags/03_branching_dag.py
[2026-09-08T07:55:40.221+0000] {logging_mixin.py:190} INFO - [2026-09-08T07:55:40.220+0000] {dag.py:3239} INFO - Sync 1 DAGs
[2026-09-08T07:55:40.251+0000] {logging_mixin.py:190} INFO - [2026-09-08T07:55:40.251+0000] {dag.py:4180} INFO - Setting next_dagrun for branching_dag to None, run_after=None
[2026-09-08T07:55:40.278+0000] {processor.py:208} INFO - Processing /opt/airflow/dags/03_branching_dag.py took 0.134 seconds
[2026-09-08T07:56:10.472+0000] {processor.py:186} INFO - Started process (PID=244) to work on /opt/airflow/dags/03_branching_dag.py
[2026-09-08T07:56:10.473+0000] {processor.py:914} INFO - Processing file /opt/airflow/dags/03_branching_dag.py for tasks to queue
[2026-09-08T07:56:10.475+0000] {logging_mixin.py:190} INFO - [2026-09-08T07:56:10.475+0000] {dagbag.py:588} INFO - Filling up the DagBag from /opt/airflow/dags/03_branching_dag.py
[2026-09-08T07:56:10.508+0000] {processor.py:925} INFO - DAG(s) 'branching_dag' retrieved from /opt/airflow/dags/03_branching_dag.py
[2026-09-08T07:56:10.559+0000] {logging_mixin.py:190} INFO - [2026-09-08T07:56:10.559+0000] {dag.py:3239} INFO - Sync 1 DAGs
[2026-09-08T07:56:10.586+0000] {logging_mixin.py:190} INFO - [2026-09-08T07:56:10.586+0000] {dag.py:4180} INFO - Setting next_dagrun for branching_dag to None, run_after=None
[2026-09-08T07:56:10.612+0000] {processor.py:208} INFO - Processing /opt/airflow/dags/03_branching_dag.py took 0.149 seconds
[2026-09-08T07:56:41.063+0000] {processor.py:186} INFO - Started process (PID=258) to work on /opt/airflow/dags/03_branching_dag.py
[2026-09-08T07:56:41.065+0000] {processor.py:914} INFO - Processing file /opt/airflow/dags/03_branching_dag.py for tasks to queue
[2026-09-08T07:56:41.068+0000] {logging_mixin.py:190} INFO - [2026-09-08T07:56:41.067+0000] {dagbag.py:588} INFO - Filling up the DagBag from /opt/airflow/dags/03_branching_dag.py
[2026-09-08T07:56:41.093+0000] {processor.py:925} INFO - DAG(s) 'branching_dag' retrieved from /opt/airflow/dags/03_branching_dag.py
[2026-09-08T07:56:41.130+0000] {logging_mixin.py:190} INFO - [2026-09-08T07:56:41.130+0000] {dag.py:3239} INFO - Sync 1 DAGs
[2026-09-08T07:56:41.156+0000] {logging_mixin.py:190} INFO - [2026-09-08T07:56:41.155+0000] {dag.py:4180} INFO - Setting next_dagrun for branching_dag to None, run_after=None
[2026-09-08T07:56:41.180+0000] {processor.py:208} INFO - Processing /opt/airflow/dags/03_branching_dag.py took 0.125 seconds
[2026-09-08T07:57:11.271+0000] {processor.py:186} INFO - Started process (PID=272) to work on /opt/airflow/dags/03_branching_dag.py
[2026-09-08T07:57:11.273+0000] {processor.py:914} INFO - Processing file /opt/airflow/dags/03_branching_dag.py for tasks to queue
[2026-09-08T07:57:11.275+0000] {logging_mixin.py:190} INFO - [2026-09-08T07:57:11.274+0000] {dagbag.py:588} INFO - Filling up the DagBag from /opt/airflow/dags/03_branching_dag.py
[2026-09-08T07:57:11.297+0000] {processor.py:925} INFO - DAG(s) 'branching_dag' retrieved from /opt/airflow/dags/03_branching_dag.py
[2026-09-08T07:57:11.333+0000] {logging_mixin.py:190} INFO - [2026-09-08T07:57:11.333+0000] {dag.py:3239} INFO - Sync 1 DAGs
[2026-09-08T07:57:11.350+0000] {logging_mixin.py:190} INFO - [2026-09-08T07:57:11.350+0000] {dag.py:4180} INFO - Setting next_dagrun for branching_dag to None, run_after=None
[2026-09-08T07:57:11.373+0000] {processor.py:208} INFO - Processing /opt/airflow/dags/03_branching_dag.py took 0.110 seconds
[2026-09-08T07:57:41.694+0000] {processor.py:186} INFO - Started process (PID=286) to work on /opt/airflow/dags/03_branching_dag.py
[2026-09-08T07:57:41.695+0000] {processor.py:914} INFO - Processing file /opt/airflow/dags/03_branching_dag.py for tasks to queue
[2026-09-08T07:57:41.698+0000] {logging_mixin.py:190} INFO - [2026-09-08T07:57:41.697+0000] {dagbag.py:588} INFO - Filling up the DagBag from /opt/airflow/dags/03_branching_dag.py
[2026-09-08T07:57:41.720+0000] {processor.py:925} INFO - DAG(s) 'branching_dag' retrieved from /opt/airflow/dags/03_branching_dag.py
[2026-09-08T07:57:41.759+0000] {logging_mixin.py:190} INFO - [2026-09-08T07:57:41.758+0000] {dag.py:3239} INFO - Sync 1 DAGs
[2026-09-08T07:57:41.777+0000] {logging_mixin.py:190} INFO - [2026-09-08T07:57:41.776+0000] {dag.py:4180} INFO - Setting next_dagrun for branching_dag to None, run_after=None
[2026-09-08T07:57:41.799+0000] {processor.py:208} INFO - Processing /opt/airflow/dags/03_branching_dag.py took 0.113 seconds
[2026-09-08T07:58:11.902+0000] {processor.py:186} INFO - Started process (PID=300) to work on /opt/airflow/dags/03_branching_dag.py
[2026-09-08T07:58:11.902+0000] {processor.py:914} INFO - Processing file /opt/airflow/dags/03_branching_dag.py for tasks to queue
[2026-09-08T07:58:11.905+0000] {logging_mixin.py:190} INFO - [2026-09-08T07:58:11.904+0000] {dagbag.py:588} INFO - Filling up the DagBag from /opt/airflow/dags/03_branching_dag.py
[2026-09-08T07:58:11.925+0000] {processor.py:925} INFO - DAG(s) 'branching_dag' retrieved from /opt/airflow/dags/03_branching_dag.py
[2026-09-08T07:58:11.957+0000] {logging_mixin.py:190} INFO - [2026-09-08T07:58:11.957+0000] {dag.py:3239} INFO - Sync 1 DAGs
[2026-09-08T07:58:11.973+0000] {logging_mixin.py:190} INFO - [2026-09-08T07:58:11.973+0000] {dag.py:4180} INFO - Setting next_dagrun for branching_dag to None, run_after=None
[2026-09-08T07:58:11.995+0000] {processor.py:208} INFO - Processing /opt/airflow/dags/03_branching_dag.py took 0.101 seconds
[2026-09-08T07:58:42.115+0000] {processor.py:186} INFO - Started process (PID=314) to work on /opt/airflow/dags/03_branching_dag.py
[2026-09-08T07:58:42.116+0000] {processor.py:914} INFO - Processing file /opt/airflow/dags/03_branching_dag.py for tasks to queue
[2026-09-08T07:58:42.118+0000] {logging_mixin.py:190} INFO - [2026-09-08T07:58:42.117+0000] {dagbag.py:588} INFO - Filling up the DagBag from /opt/airflow/dags/03_branching_dag.py
[2026-09-08T07:58:42.139+0000] {processor.py:925} INFO - DAG(s) 'branching_dag' retrieved from /opt/airflow/dags/03_branching_dag.py
[2026-09-08T07:58:42.174+0000] {logging_mixin.py:190} INFO - [2026-09-08T07:58:42.174+0000] {dag.py:3239} INFO - Sync 1 DAGs
[2026-09-08T07:58:42.191+0000] {logging_mixin.py:190} INFO - [2026-09-08T07:58:42.190+0000] {dag.py:4180} INFO - Setting next_dagrun for branching_dag to None, run_after=None
[2026-09-08T07:58:42.217+0000] {processor.py:208} INFO - Processing /opt/airflow/dags/03_branching_dag.py took 0.109 seconds
[2026-09-08T07:59:12.388+0000] {processor.py:186} INFO - Started process (PID=328) to work on /opt/airflow/dags/03_branching_dag.py
[2026-09-08T07:59:12.389+0000] {processor.py:914} INFO - Processing file /opt/airflow/dags/03_branching_dag.py for tasks to queue
[2026-09-08T07:59:12.391+0000] {logging_mixin.py:190} INFO - [2026-09-08T07:59:12.391+0000] {dagbag.py:588} INFO - Filling up the DagBag from /opt/airflow/dags/03_branching_dag.py
[2026-09-08T07:59:12.413+0000] {processor.py:925} INFO - DAG(s) 'branching_dag' retrieved from /opt/airflow/dags/03_branching_dag.py
[2026-09-08T07:59:12.446+0000] {logging_mixin.py:190} INFO - [2026-09-08T07:59:12.446+0000] {dag.py:3239} INFO - Sync 1 DAGs
[2026-09-08T07:59:12.464+0000] {logging_mixin.py:190} INFO - [2026-09-08T07:59:12.463+0000] {dag.py:4180} INFO - Setting next_dagrun for branching_dag to None, run_after=None
[2026-09-08T07:59:12.492+0000] {processor.py:208} INFO - Processing /opt/airflow/dags/03_branching_dag.py took 0.113 seconds
[2026-09-08T07:59:42.625+0000] {processor.py:186} INFO - Started process (PID=342) to work on /opt/airflow/dags/03_branching_dag.py
[2026-09-08T07:59:42.627+0000] {processor.py:914} INFO - Processing file /opt/airflow/dags/03_branching_dag.py for tasks to queue
[2026-09-08T07:59:42.629+0000] {logging_mixin.py:190} INFO - [2026-09-08T07:59:42.628+0000] {dagbag.py:588} INFO - Filling up the DagBag from /opt/airflow/dags/03_branching_dag.py
[2026-09-08T07:59:42.650+0000] {processor.py:925} INFO - DAG(s) 'branching_dag' retrieved from /opt/airflow/dags/03_branching_dag.py
[2026-09-08T07:59:42.688+0000] {logging_mixin.py:190} INFO - [2026-09-08T07:59:42.688+0000] {dag.py:3239} INFO - Sync 1 DAGs
[2026-09-08T07:59:42.708+0000] {logging_mixin.py:190} INFO - [2026-09-08T07:59:42.708+0000] {dag.py:4180} INFO - Setting next_dagrun for branching_dag to None, run_after=None
[2026-09-08T07:59:42.732+0000] {processor.py:208} INFO - Processing /opt/airflow/dags/03_branching_dag.py took 0.114 seconds
[2026-09-08T08:00:13.091+0000] {processor.py:186} INFO - Started process (PID=356) to work on /opt/airflow/dags/03_branching_dag.py
[2026-09-08T08:00:13.092+0000] {processor.py:914} INFO - Processing file /opt/airflow/dags/03_branching_dag.py for tasks to queue
[2026-09-08T08:00:13.094+0000] {logging_mixin.py:190} INFO - [2026-09-08T08:00:13.094+0000] {dagbag.py:588} INFO - Filling up the DagBag from /opt/airflow/dags/03_branching_dag.py
[2026-09-08T08:00:13.114+0000] {processor.py:925} INFO - DAG(s) 'branching_dag' retrieved from /opt/airflow/dags/03_branching_dag.py
[2026-09-08T08:00:13.147+0000] {logging_mixin.py:190} INFO - [2026-09-08T08:00:13.147+0000] {dag.py:3239} INFO - Sync 1 DAGs
[2026-09-08T08:00:13.164+0000] {logging_mixin.py:190} INFO - [2026-09-08T08:00:13.164+0000] {dag.py:4180} INFO - Setting next_dagrun for branching_dag to None, run_after=None
[2026-09-08T08:00:13.188+0000] {processor.py:208} INFO - Processing /opt/airflow/dags/03_branching_dag.py took 0.104 seconds
[2026-09-08T08:00:43.365+0000] {processor.py:186} INFO - Started process (PID=370) to work on /opt/airflow/dags/03_branching_dag.py
[2026-09-08T08:00:43.366+0000] {processor.py:914} INFO - Processing file /opt/airflow/dags/03_branching_dag.py for tasks to queue
[2026-09-08T08:00:43.368+0000] {logging_mixin.py:190} INFO - [2026-09-08T08:00:43.367+0000] {dagbag.py:588} INFO - Filling up the DagBag from /opt/airflow/dags/03_branching_dag.py
[2026-09-08T08:00:43.387+0000] {processor.py:925} INFO - DAG(s) 'branching_dag' retrieved from /opt/airflow/dags/03_branching_dag.py
[2026-09-08T08:00:43.426+0000] {logging_mixin.py:190} INFO - [2026-09-08T08:00:43.425+0000] {dag.py:3239} INFO - Sync 1 DAGs
[2026-09-08T08:00:43.447+0000] {logging_mixin.py:190} INFO - [2026-09-08T08:00:43.446+0000] {dag.py:4180} INFO - Setting next_dagrun for branching_dag to None, run_after=None
[2026-09-08T08:00:43.471+0000] {processor.py:208} INFO - Processing /opt/airflow/dags/03_branching_dag.py took 0.113 seconds
[2026-09-08T08:01:13.838+0000] {processor.py:186} INFO - Started process (PID=384) to work on /opt/airflow/dags/03_branching_dag.py
[2026-09-08T08:01:13.840+0000] {processor.py:914} INFO - Processing file /opt/airflow/dags/03_branching_dag.py for tasks to queue
[2026-09-08T08:01:13.843+0000] {logging_mixin.py:190} INFO - [2026-09-08T08:01:13.842+0000] {dagbag.py:588} INFO - Filling up the DagBag from /opt/airflow/dags/03_branching_dag.py
[2026-09-08T08:01:13.882+0000] {processor.py:925} INFO - DAG(s) 'branching_dag' retrieved from /opt/airflow/dags/03_branching_dag.py
[2026-09-08T08:01:13.940+0000] {logging_mixin.py:190} INFO - [2026-09-08T08:01:13.939+0000] {dag.py:3239} INFO - Sync 1 DAGs
[2026-09-08T08:01:13.964+0000] {logging_mixin.py:190} INFO - [2026-09-08T08:01:13.964+0000] {dag.py:4180} INFO - Setting next_dagrun for branching_dag to None, run_after=None
[2026-09-08T08:01:14.007+0000] {processor.py:208} INFO - Processing /opt/airflow/dags/03_branching_dag.py took 0.180 seconds
[2026-09-08T08:01:44.187+0000] {processor.py:186} INFO - Started process (PID=398) to work on /opt/airflow/dags/03_branching_dag.py
[2026-09-08T08:01:44.189+0000] {processor.py:914} INFO - Processing file /opt/airflow/dags/03_branching_dag.py for tasks to queue
[2026-09-08T08:01:44.193+0000] {logging_mixin.py:190} INFO - [2026-09-08T08:01:44.192+0000] {dagbag.py:588} INFO - Filling up the DagBag from /opt/airflow/dags/03_branching_dag.py
[2026-09-08T08:01:44.241+0000] {processor.py:925} INFO - DAG(s) 'branching_dag' retrieved from /opt/airflow/dags/03_branching_dag.py
[2026-09-08T08:01:44.298+0000] {logging_mixin.py:190} INFO - [2026-09-08T08:01:44.298+0000] {dag.py:3239} INFO - Sync 1 DAGs
[2026-09-08T08:01:44.330+0000] {logging_mixin.py:190} INFO - [2026-09-08T08:01:44.330+0000] {dag.py:4180} INFO - Setting next_dagrun for branching_dag to None, run_after=None
[2026-09-08T08:01:44.384+0000] {processor.py:208} INFO - Processing /opt/airflow/dags/03_branching_dag.py took 0.208 seconds
[2026-09-08T08:02:14.546+0000] {processor.py:186} INFO - Started process (PID=412) to work on /opt/airflow/dags/03_branching_dag.py
[2026-09-08T08:02:14.548+0000] {processor.py:914} INFO - Processing file /opt/airflow/dags/03_branching_dag.py for tasks to queue
[2026-09-08T08:02:14.552+0000] {logging_mixin.py:190} INFO - [2026-09-08T08:02:14.551+0000] {dagbag.py:588} INFO - Filling up the DagBag from /opt/airflow/dags/03_branching_dag.py
[2026-09-08T08:02:14.598+0000] {processor.py:925} INFO - DAG(s) 'branching_dag' retrieved from /opt/airflow/dags/03_branching_dag.py
[2026-09-08T08:02:14.669+0000] {logging_mixin.py:190} INFO - [2026-09-08T08:02:14.668+0000] {dag.py:3239} INFO - Sync 1 DAGs
[2026-09-08T08:02:14.703+0000] {logging_mixin.py:190} INFO - [2026-09-08T08:02:14.703+0000] {dag.py:4180} INFO - Setting next_dagrun for branching_dag to None, run_after=None
[2026-09-08T08:02:14.741+0000] {processor.py:208} INFO - Processing /opt/airflow/dags/03_branching_dag.py took 0.211 seconds
[2026-09-08T08:02:44.909+0000] {processor.py:186} INFO - Started process (PID=426) to work on /opt/airflow/dags/03_branching_dag.py
[2026-09-08T08:02:44.911+0000] {processor.py:914} INFO - Processing file /opt/airflow/dags/03_branching_dag.py for tasks to queue
[2026-09-08T08:02:44.915+0000] {logging_mixin.py:190} INFO - [2026-09-08T08:02:44.914+0000] {dagbag.py:588} INFO - Filling up the DagBag from /opt/airflow/dags/03_branching_dag.py
[2026-09-08T08:02:44.961+0000] {processor.py:925} INFO - DAG(s) 'branching_dag' retrieved from /opt/airflow/dags/03_branching_dag.py
[2026-09-08T08:02:45.036+0000] {logging_mixin.py:190} INFO - [2026-09-08T08:02:45.035+0000] {dag.py:3239} INFO - Sync 1 DAGs
[2026-09-08T08:02:45.165+0000] {logging_mixin.py:190} INFO - [2026-09-08T08:02:45.165+0000] {dag.py:4180} INFO - Setting next_dagrun for branching_dag to None, run_after=None
[2026-09-08T08:02:45.206+0000] {processor.py:208} INFO - Processing /opt/airflow/dags/03_branching_dag.py took 0.309 seconds
[2026-09-08T08:03:15.311+0000] {processor.py:186} INFO - Started process (PID=440) to work on /opt/airflow/dags/03_branching_dag.py
[2026-09-08T08:03:15.313+0000] {processor.py:914} INFO - Processing file /opt/airflow/dags/03_branching_dag.py for tasks to queue
[2026-09-08T08:03:15.317+0000] {logging_mixin.py:190} INFO - [2026-09-08T08:03:15.316+0000] {dagbag.py:588} INFO - Filling up the DagBag from /opt/airflow/dags/03_branching_dag.py
[2026-09-08T08:03:15.359+0000] {processor.py:925} INFO - DAG(s) 'branching_dag' retrieved from /opt/airflow/dags/03_branching_dag.py
[2026-09-08T08:03:15.414+0000] {logging_mixin.py:190} INFO - [2026-09-08T08:03:15.414+0000] {dag.py:3239} INFO - Sync 1 DAGs
[2026-09-08T08:03:15.444+0000] {logging_mixin.py:190} INFO - [2026-09-08T08:03:15.444+0000] {dag.py:4180} INFO - Setting next_dagrun for branching_dag to None, run_after=None
[2026-09-08T08:03:15.492+0000] {processor.py:208} INFO - Processing /opt/airflow/dags/03_branching_dag.py took 0.194 seconds
[2026-09-08T08:03:45.655+0000] {processor.py:186} INFO - Started process (PID=454) to work on /opt/airflow/dags/03_branching_dag.py
[2026-09-08T08:03:45.657+0000] {processor.py:914} INFO - Processing file /opt/airflow/dags/03_branching_dag.py for tasks to queue
[2026-09-08T08:03:45.660+0000] {logging_mixin.py:190} INFO - [2026-09-08T08:03:45.660+0000] {dagbag.py:588} INFO - Filling up the DagBag from /opt/airflow/dags/03_branching_dag.py
[2026-09-08T08:03:45.704+0000] {processor.py:925} INFO - DAG(s) 'branching_dag' retrieved from /opt/airflow/dags/03_branching_dag.py
[2026-09-08T08:03:45.766+0000] {logging_mixin.py:190} INFO - [2026-09-08T08:03:45.766+0000] {dag.py:3239} INFO - Sync 1 DAGs
[2026-09-08T08:03:45.793+0000] {logging_mixin.py:190} INFO - [2026-09-08T08:03:45.793+0000] {dag.py:4180} INFO - Setting next_dagrun for branching_dag to None, run_after=None
[2026-09-08T08:03:45.839+0000] {processor.py:208} INFO - Processing /opt/airflow/dags/03_branching_dag.py took 0.197 seconds
[2026-09-08T08:04:15.976+0000] {processor.py:186} INFO - Started process (PID=468) to work on /opt/airflow/dags/03_branching_dag.py
[2026-09-08T08:04:15.978+0000] {processor.py:914} INFO - Processing file /opt/airflow/dags/03_branching_dag.py for tasks to queue
[2026-09-08T08:04:15.981+0000] {logging_mixin.py:190} INFO - [2026-09-08T08:04:15.980+0000] {dagbag.py:588} INFO - Filling up the DagBag from /opt/airflow/dags/03_branching_dag.py
[2026-09-08T08:04:16.028+0000] {processor.py:925} INFO - DAG(s) 'branching_dag' retrieved from /opt/airflow/dags/03_branching_dag.py
[2026-09-08T08:04:16.093+0000] {logging_mixin.py:190} INFO - [2026-09-08T08:04:16.093+0000] {dag.py:3239} INFO - Sync 1 DAGs
[2026-09-08T08:04:16.123+0000] {logging_mixin.py:190} INFO - [2026-09-08T08:04:16.122+0000] {dag.py:4180} INFO - Setting next_dagrun for branching_dag to None, run_after=None
[2026-09-08T08:04:16.171+0000] {processor.py:208} INFO - Processing /opt/airflow/dags/03_branching_dag.py took 0.206 seconds
[2026-09-08T08:04:46.334+0000] {processor.py:186} INFO - Started process (PID=482) to work on /opt/airflow/dags/03_branching_dag.py
[2026-09-08T08:04:46.336+0000] {processor.py:914} INFO - Processing file /opt/airflow/dags/03_branching_dag.py for tasks to queue
[2026-09-08T08:04:46.340+0000] {logging_mixin.py:190} INFO - [2026-09-08T08:04:46.339+0000] {dagbag.py:588} INFO - Filling up the DagBag from /opt/airflow/dags/03_branching_dag.py
[2026-09-08T08:04:46.382+0000] {processor.py:925} INFO - DAG(s) 'branching_dag' retrieved from /opt/airflow/dags/03_branching_dag.py
[2026-09-08T08:04:46.437+0000] {logging_mixin.py:190} INFO - [2026-09-08T08:04:46.436+0000] {dag.py:3239} INFO - Sync 1 DAGs
[2026-09-08T08:04:46.465+0000] {logging_mixin.py:190} INFO - [2026-09-08T08:04:46.464+0000] {dag.py:4180} INFO - Setting next_dagrun for branching_dag to None, run_after=None
[2026-09-08T08:04:46.504+0000] {processor.py:208} INFO - Processing /opt/airflow/dags/03_branching_dag.py took 0.182 seconds
[2026-09-08T08:05:16.661+0000] {processor.py:186} INFO - Started process (PID=496) to work on /opt/airflow/dags/03_branching_dag.py
[2026-09-08T08:05:16.662+0000] {processor.py:914} INFO - Processing file /opt/airflow/dags/03_branching_dag.py for tasks to queue
[2026-09-08T08:05:16.665+0000] {logging_mixin.py:190} INFO - [2026-09-08T08:05:16.665+0000] {dagbag.py:588} INFO - Filling up the DagBag from /opt/airflow/dags/03_branching_dag.py
[2026-09-08T08:05:16.713+0000] {processor.py:925} INFO - DAG(s) 'branching_dag' retrieved from /opt/airflow/dags/03_branching_dag.py
[2026-09-08T08:05:16.767+0000] {logging_mixin.py:190} INFO - [2026-09-08T08:05:16.766+0000] {dag.py:3239} INFO - Sync 1 DAGs
[2026-09-08T08:05:16.792+0000] {logging_mixin.py:190} INFO - [2026-09-08T08:05:16.791+0000] {dag.py:4180} INFO - Setting next_dagrun for branching_dag to None, run_after=None
[2026-09-08T08:05:16.832+0000] {processor.py:208} INFO - Processing /opt/airflow/dags/03_branching_dag.py took 0.184 seconds
[2026-09-08T08:05:47.046+0000] {processor.py:186} INFO - Started process (PID=510) to work on /opt/airflow/dags/03_branching_dag.py
[2026-09-08T08:05:47.048+0000] {processor.py:914} INFO - Processing file /opt/airflow/dags/03_branching_dag.py for tasks to queue
[2026-09-08T08:05:47.051+0000] {logging_mixin.py:190} INFO - [2026-09-08T08:05:47.051+0000] {dagbag.py:588} INFO - Filling up the DagBag from /opt/airflow/dags/03_branching_dag.py
[2026-09-08T08:05:47.091+0000] {processor.py:925} INFO - DAG(s) 'branching_dag' retrieved from /opt/airflow/dags/03_branching_dag.py
[2026-09-08T08:05:47.151+0000] {logging_mixin.py:190} INFO - [2026-09-08T08:05:47.151+0000] {dag.py:3239} INFO - Sync 1 DAGs
[2026-09-08T08:05:47.188+0000] {logging_mixin.py:190} INFO - [2026-09-08T08:05:47.188+0000] {dag.py:4180} INFO - Setting next_dagrun for branching_dag to None, run_after=None
[2026-09-08T08:05:47.233+0000] {processor.py:208} INFO - Processing /opt/airflow/dags/03_branching_dag.py took 0.196 seconds
[2026-09-08T08:06:17.647+0000] {processor.py:186} INFO - Started process (PID=525) to work on /opt/airflow/dags/03_branching_dag.py
[2026-09-08T08:06:17.649+0000] {processor.py:914} INFO - Processing file /opt/airflow/dags/03_branching_dag.py for tasks to queue
[2026-09-08T08:06:17.653+0000] {logging_mixin.py:190} INFO - [2026-09-08T08:06:17.653+0000] {dagbag.py:588} INFO - Filling up the DagBag from /opt/airflow/dags/03_branching_dag.py
[2026-09-08T08:06:17.720+0000] {processor.py:925} INFO - DAG(s) 'branching_dag' retrieved from /opt/airflow/dags/03_branching_dag.py
[2026-09-08T08:06:17.825+0000] {logging_mixin.py:190} INFO - [2026-09-08T08:06:17.825+0000] {dag.py:3239} INFO - Sync 1 DAGs
[2026-09-08T08:06:17.885+0000] {logging_mixin.py:190} INFO - [2026-09-08T08:06:17.885+0000] {dag.py:4180} INFO - Setting next_dagrun for branching_dag to None, run_after=None
[2026-09-08T08:06:17.935+0000] {processor.py:208} INFO - Processing /opt/airflow/dags/03_branching_dag.py took 0.306 seconds
[2026-09-08T08:06:48.089+0000] {processor.py:186} INFO - Started process (PID=539) to work on /opt/airflow/dags/03_branching_dag.py
[2026-09-08T08:06:48.091+0000] {processor.py:914} INFO - Processing file /opt/airflow/dags/03_branching_dag.py for tasks to queue
[2026-09-08T08:06:48.096+0000] {logging_mixin.py:190} INFO - [2026-09-08T08:06:48.095+0000] {dagbag.py:588} INFO - Filling up the DagBag from /opt/airflow/dags/03_branching_dag.py
[2026-09-08T08:06:48.140+0000] {processor.py:925} INFO - DAG(s) 'branching_dag' retrieved from /opt/airflow/dags/03_branching_dag.py
[2026-09-08T08:06:48.200+0000] {logging_mixin.py:190} INFO - [2026-09-08T08:06:48.200+0000] {dag.py:3239} INFO - Sync 1 DAGs
[2026-09-08T08:06:48.228+0000] {logging_mixin.py:190} INFO - [2026-09-08T08:06:48.227+0000] {dag.py:4180} INFO - Setting next_dagrun for branching_dag to None, run_after=None
[2026-09-08T08:06:48.271+0000] {processor.py:208} INFO - Processing /opt/airflow/dags/03_branching_dag.py took 0.199 seconds
[2026-09-08T08:07:18.494+0000] {processor.py:186} INFO - Started process (PID=553) to work on /opt/airflow/dags/03_branching_dag.py
[2026-09-08T08:07:18.496+0000] {processor.py:914} INFO - Processing file /opt/airflow/dags/03_branching_dag.py for tasks to queue
[2026-09-08T08:07:18.500+0000] {logging_mixin.py:190} INFO - [2026-09-08T08:07:18.499+0000] {dagbag.py:588} INFO - Filling up the DagBag from /opt/airflow/dags/03_branching_dag.py
[2026-09-08T08:07:18.546+0000] {processor.py:925} INFO - DAG(s) 'branching_dag' retrieved from /opt/airflow/dags/03_branching_dag.py
[2026-09-08T08:07:18.607+0000] {logging_mixin.py:190} INFO - [2026-09-08T08:07:18.606+0000] {dag.py:3239} INFO - Sync 1 DAGs
[2026-09-08T08:07:18.643+0000] {logging_mixin.py:190} INFO - [2026-09-08T08:07:18.643+0000] {dag.py:4180} INFO - Setting next_dagrun for branching_dag to None, run_after=None
[2026-09-08T08:07:18.684+0000] {processor.py:208} INFO - Processing /opt/airflow/dags/03_branching_dag.py took 0.200 seconds
[2026-09-08T08:07:49.144+0000] {processor.py:186} INFO - Started process (PID=567) to work on /opt/airflow/dags/03_branching_dag.py
[2026-09-08T08:07:49.145+0000] {processor.py:914} INFO - Processing file /opt/airflow/dags/03_branching_dag.py for tasks to queue
[2026-09-08T08:07:49.149+0000] {logging_mixin.py:190} INFO - [2026-09-08T08:07:49.148+0000] {dagbag.py:588} INFO - Filling up the DagBag from /opt/airflow/dags/03_branching_dag.py
[2026-09-08T08:07:49.190+0000] {processor.py:925} INFO - DAG(s) 'branching_dag' retrieved from /opt/airflow/dags/03_branching_dag.py
[2026-09-08T08:07:49.244+0000] {logging_mixin.py:190} INFO - [2026-09-08T08:07:49.244+0000] {dag.py:3239} INFO - Sync 1 DAGs
[2026-09-08T08:07:49.277+0000] {logging_mixin.py:190} INFO - [2026-09-08T08:07:49.277+0000] {dag.py:4180} INFO - Setting next_dagrun for branching_dag to None, run_after=None
[2026-09-08T08:07:49.327+0000] {processor.py:208} INFO - Processing /opt/airflow/dags/03_branching_dag.py took 0.195 seconds
[2026-09-08T08:08:19.552+0000] {processor.py:186} INFO - Started process (PID=581) to work on /opt/airflow/dags/03_branching_dag.py
[2026-09-08T08:08:19.555+0000] {processor.py:914} INFO - Processing file /opt/airflow/dags/03_branching_dag.py for tasks to queue
[2026-09-08T08:08:19.559+0000] {logging_mixin.py:190} INFO - [2026-09-08T08:08:19.558+0000] {dagbag.py:588} INFO - Filling up the DagBag from /opt/airflow/dags/03_branching_dag.py
[2026-09-08T08:08:19.612+0000] {processor.py:925} INFO - DAG(s) 'branching_dag' retrieved from /opt/airflow/dags/03_branching_dag.py
[2026-09-08T08:08:19.680+0000] {logging_mixin.py:190} INFO - [2026-09-08T08:08:19.680+0000] {dag.py:3239} INFO - Sync 1 DAGs
[2026-09-08T08:08:19.713+0000] {logging_mixin.py:190} INFO - [2026-09-08T08:08:19.713+0000] {dag.py:4180} INFO - Setting next_dagrun for branching_dag to None, run_after=None
[2026-09-08T08:08:19.763+0000] {processor.py:208} INFO - Processing /opt/airflow/dags/03_branching_dag.py took 0.233 seconds
[2026-09-08T08:08:50.325+0000] {processor.py:186} INFO - Started process (PID=595) to work on /opt/airflow/dags/03_branching_dag.py
[2026-09-08T08:08:50.327+0000] {processor.py:914} INFO - Processing file /opt/airflow/dags/03_branching_dag.py for tasks to queue
[2026-09-08T08:08:50.332+0000] {logging_mixin.py:190} INFO - [2026-09-08T08:08:50.331+0000] {dagbag.py:588} INFO - Filling up the DagBag from /opt/airflow/dags/03_branching_dag.py
[2026-09-08T08:08:50.384+0000] {processor.py:925} INFO - DAG(s) 'branching_dag' retrieved from /opt/airflow/dags/03_branching_dag.py
[2026-09-08T08:08:50.457+0000] {logging_mixin.py:190} INFO - [2026-09-08T08:08:50.457+0000] {dag.py:3239} INFO - Sync 1 DAGs
[2026-09-08T08:08:50.495+0000] {logging_mixin.py:190} INFO - [2026-09-08T08:08:50.495+0000] {dag.py:4180} INFO - Setting next_dagrun for branching_dag to None, run_after=None
[2026-09-08T08:08:50.544+0000] {processor.py:208} INFO - Processing /opt/airflow/dags/03_branching_dag.py took 0.238 seconds
[2026-09-08T08:09:21.013+0000] {processor.py:186} INFO - Started process (PID=615) to work on /opt/airflow/dags/03_branching_dag.py
[2026-09-08T08:09:21.015+0000] {processor.py:914} INFO - Processing file /opt/airflow/dags/03_branching_dag.py for tasks to queue
[2026-09-08T08:09:21.018+0000] {logging_mixin.py:190} INFO - [2026-09-08T08:09:21.018+0000] {dagbag.py:588} INFO - Filling up the DagBag from /opt/airflow/dags/03_branching_dag.py
[2026-09-08T08:09:21.067+0000] {processor.py:925} INFO - DAG(s) 'branching_dag' retrieved from /opt/airflow/dags/03_branching_dag.py
[2026-09-08T08:09:21.128+0000] {logging_mixin.py:190} INFO - [2026-09-08T08:09:21.127+0000] {dag.py:3239} INFO - Sync 1 DAGs
[2026-09-08T08:09:21.162+0000] {logging_mixin.py:190} INFO - [2026-09-08T08:09:21.162+0000] {dag.py:4180} INFO - Setting next_dagrun for branching_dag to None, run_after=None
[2026-09-08T08:09:21.203+0000] {processor.py:208} INFO - Processing /opt/airflow/dags/03_branching_dag.py took 0.205 seconds
[2026-09-08T08:09:51.620+0000] {processor.py:186} INFO - Started process (PID=629) to work on /opt/airflow/dags/03_branching_dag.py
[2026-09-08T08:09:51.622+0000] {processor.py:914} INFO - Processing file /opt/airflow/dags/03_branching_dag.py for tasks to queue
[2026-09-08T08:09:51.626+0000] {logging_mixin.py:190} INFO - [2026-09-08T08:09:51.625+0000] {dagbag.py:588} INFO - Filling up the DagBag from /opt/airflow/dags/03_branching_dag.py
[2026-09-08T08:09:51.665+0000] {processor.py:925} INFO - DAG(s) 'branching_dag' retrieved from /opt/airflow/dags/03_branching_dag.py
[2026-09-08T08:09:51.720+0000] {logging_mixin.py:190} INFO - [2026-09-08T08:09:51.720+0000] {dag.py:3239} INFO - Sync 1 DAGs
[2026-09-08T08:09:51.747+0000] {logging_mixin.py:190} INFO - [2026-09-08T08:09:51.747+0000] {dag.py:4180} INFO - Setting next_dagrun for branching_dag to None, run_after=None
[2026-09-08T08:09:51.792+0000] {processor.py:208} INFO - Processing /opt/airflow/dags/03_branching_dag.py took 0.183 seconds
[2026-09-08T08:10:22.000+0000] {processor.py:186} INFO - Started process (PID=642) to work on /opt/airflow/dags/03_branching_dag.py
[2026-09-08T08:10:22.002+0000] {processor.py:914} INFO - Processing file /opt/airflow/dags/03_branching_dag.py for tasks to queue
[2026-09-08T08:10:22.005+0000] {logging_mixin.py:190} INFO - [2026-09-08T08:10:22.004+0000] {dagbag.py:588} INFO - Filling up the DagBag from /opt/airflow/dags/03_branching_dag.py
[2026-09-08T08:10:22.042+0000] {processor.py:925} INFO - DAG(s) 'branching_dag' retrieved from /opt/airflow/dags/03_branching_dag.py
[2026-09-08T08:10:22.102+0000] {logging_mixin.py:190} INFO - [2026-09-08T08:10:22.102+0000] {dag.py:3239} INFO - Sync 1 DAGs
[2026-09-08T08:10:22.137+0000] {logging_mixin.py:190} INFO - [2026-09-08T08:10:22.137+0000] {dag.py:4180} INFO - Setting next_dagrun for branching_dag to None, run_after=None
[2026-09-08T08:10:22.176+0000] {processor.py:208} INFO - Processing /opt/airflow/dags/03_branching_dag.py took 0.188 seconds
[2026-09-08T08:10:52.365+0000] {processor.py:186} INFO - Started process (PID=655) to work on /opt/airflow/dags/03_branching_dag.py
[2026-09-08T08:10:52.367+0000] {processor.py:914} INFO - Processing file /opt/airflow/dags/03_branching_dag.py for tasks to queue
[2026-09-08T08:10:52.370+0000] {logging_mixin.py:190} INFO - [2026-09-08T08:10:52.369+0000] {dagbag.py:588} INFO - Filling up the DagBag from /opt/airflow/dags/03_branching_dag.py
[2026-09-08T08:10:52.408+0000] {processor.py:925} INFO - DAG(s) 'branching_dag' retrieved from /opt/airflow/dags/03_branching_dag.py
[2026-09-08T08:10:52.468+0000] {logging_mixin.py:190} INFO - [2026-09-08T08:10:52.468+0000] {dag.py:3239} INFO - Sync 1 DAGs
[2026-09-08T08:10:52.497+0000] {logging_mixin.py:190} INFO - [2026-09-08T08:10:52.497+0000] {dag.py:4180} INFO - Setting next_dagrun for branching_dag to None, run_after=None
[2026-09-08T08:10:52.535+0000] {processor.py:208} INFO - Processing /opt/airflow/dags/03_branching_dag.py took 0.181 seconds
[2026-09-08T08:11:23.366+0000] {processor.py:186} INFO - Started process (PID=669) to work on /opt/airflow/dags/03_branching_dag.py
[2026-09-08T08:11:23.368+0000] {processor.py:914} INFO - Processing file /opt/airflow/dags/03_branching_dag.py for tasks to queue
[2026-09-08T08:11:23.371+0000] {logging_mixin.py:190} INFO - [2026-09-08T08:11:23.370+0000] {dagbag.py:588} INFO - Filling up the DagBag from /opt/airflow/dags/03_branching_dag.py
[2026-09-08T08:11:23.412+0000] {processor.py:925} INFO - DAG(s) 'branching_dag' retrieved from /opt/airflow/dags/03_branching_dag.py
[2026-09-08T08:11:23.482+0000] {logging_mixin.py:190} INFO - [2026-09-08T08:11:23.481+0000] {dag.py:3239} INFO - Sync 1 DAGs
[2026-09-08T08:11:23.521+0000] {logging_mixin.py:190} INFO - [2026-09-08T08:11:23.521+0000] {dag.py:4180} INFO - Setting next_dagrun for branching_dag to None, run_after=None
[2026-09-08T08:11:23.578+0000] {processor.py:208} INFO - Processing /opt/airflow/dags/03_branching_dag.py took 0.229 seconds
[2026-09-08T08:11:53.785+0000] {processor.py:186} INFO - Started process (PID=683) to work on /opt/airflow/dags/03_branching_dag.py
[2026-09-08T08:11:53.787+0000] {processor.py:914} INFO - Processing file /opt/airflow/dags/03_branching_dag.py for tasks to queue
[2026-09-08T08:11:53.791+0000] {logging_mixin.py:190} INFO - [2026-09-08T08:11:53.790+0000] {dagbag.py:588} INFO - Filling up the DagBag from /opt/airflow/dags/03_branching_dag.py
[2026-09-08T08:11:53.844+0000] {processor.py:925} INFO - DAG(s) 'branching_dag' retrieved from /opt/airflow/dags/03_branching_dag.py
[2026-09-08T08:11:53.902+0000] {logging_mixin.py:190} INFO - [2026-09-08T08:11:53.901+0000] {dag.py:3239} INFO - Sync 1 DAGs
[2026-09-08T08:11:53.930+0000] {logging_mixin.py:190} INFO - [2026-09-08T08:11:53.929+0000] {dag.py:4180} INFO - Setting next_dagrun for branching_dag to None, run_after=None
[2026-09-08T08:11:53.976+0000] {processor.py:208} INFO - Processing /opt/airflow/dags/03_branching_dag.py took 0.205 seconds
[2026-09-08T08:12:24.138+0000] {processor.py:186} INFO - Started process (PID=697) to work on /opt/airflow/dags/03_branching_dag.py
[2026-09-08T08:12:24.140+0000] {processor.py:914} INFO - Processing file /opt/airflow/dags/03_branching_dag.py for tasks to queue
[2026-09-08T08:12:24.143+0000] {logging_mixin.py:190} INFO - [2026-09-08T08:12:24.142+0000] {dagbag.py:588} INFO - Filling up the DagBag from /opt/airflow/dags/03_branching_dag.py
[2026-09-08T08:12:24.184+0000] {processor.py:925} INFO - DAG(s) 'branching_dag' retrieved from /opt/airflow/dags/03_branching_dag.py
[2026-09-08T08:12:24.240+0000] {logging_mixin.py:190} INFO - [2026-09-08T08:12:24.240+0000] {dag.py:3239} INFO - Sync 1 DAGs
[2026-09-08T08:12:24.265+0000] {logging_mixin.py:190} INFO - [2026-09-08T08:12:24.265+0000] {dag.py:4180} INFO - Setting next_dagrun for branching_dag to None, run_after=None
[2026-09-08T08:12:24.305+0000] {processor.py:208} INFO - Processing /opt/airflow/dags/03_branching_dag.py took 0.179 seconds
[2026-09-08T08:12:54.464+0000] {processor.py:186} INFO - Started process (PID=711) to work on /opt/airflow/dags/03_branching_dag.py
[2026-09-08T08:12:54.466+0000] {processor.py:914} INFO - Processing file /opt/airflow/dags/03_branching_dag.py for tasks to queue
[2026-09-08T08:12:54.469+0000] {logging_mixin.py:190} INFO - [2026-09-08T08:12:54.469+0000] {dagbag.py:588} INFO - Filling up the DagBag from /opt/airflow/dags/03_branching_dag.py
[2026-09-08T08:12:54.508+0000] {processor.py:925} INFO - DAG(s) 'branching_dag' retrieved from /opt/airflow/dags/03_branching_dag.py
[2026-09-08T08:12:54.566+0000] {logging_mixin.py:190} INFO - [2026-09-08T08:12:54.565+0000] {dag.py:3239} INFO - Sync 1 DAGs
[2026-09-08T08:12:54.598+0000] {logging_mixin.py:190} INFO - [2026-09-08T08:12:54.598+0000] {dag.py:4180} INFO - Setting next_dagrun for branching_dag to None, run_after=None
[2026-09-08T08:12:54.641+0000] {processor.py:208} INFO - Processing /opt/airflow/dags/03_branching_dag.py took 0.190 seconds
[2026-09-08T08:13:25.352+0000] {processor.py:186} INFO - Started process (PID=725) to work on /opt/airflow/dags/03_branching_dag.py
[2026-09-08T08:13:25.354+0000] {processor.py:914} INFO - Processing file /opt/airflow/dags/03_branching_dag.py for tasks to queue
[2026-09-08T08:13:25.357+0000] {logging_mixin.py:190} INFO - [2026-09-08T08:13:25.356+0000] {dagbag.py:588} INFO - Filling up the DagBag from /opt/airflow/dags/03_branching_dag.py
[2026-09-08T08:13:25.395+0000] {processor.py:925} INFO - DAG(s) 'branching_dag' retrieved from /opt/airflow/dags/03_branching_dag.py
[2026-09-08T08:13:25.446+0000] {logging_mixin.py:190} INFO - [2026-09-08T08:13:25.446+0000] {dag.py:3239} INFO - Sync 1 DAGs
[2026-09-08T08:13:25.471+0000] {logging_mixin.py:190} INFO - [2026-09-08T08:13:25.471+0000] {dag.py:4180} INFO - Setting next_dagrun for branching_dag to None, run_after=None
[2026-09-08T08:13:25.513+0000] {processor.py:208} INFO - Processing /opt/airflow/dags/03_branching_dag.py took 0.173 seconds
[2026-09-08T08:13:55.953+0000] {processor.py:186} INFO - Started process (PID=739) to work on /opt/airflow/dags/03_branching_dag.py
[2026-09-08T08:13:55.955+0000] {processor.py:914} INFO - Processing file /opt/airflow/dags/03_branching_dag.py for tasks to queue
[2026-09-08T08:13:55.959+0000] {logging_mixin.py:190} INFO - [2026-09-08T08:13:55.958+0000] {dagbag.py:588} INFO - Filling up the DagBag from /opt/airflow/dags/03_branching_dag.py
[2026-09-08T08:13:55.999+0000] {processor.py:925} INFO - DAG(s) 'branching_dag' retrieved from /opt/airflow/dags/03_branching_dag.py
[2026-09-08T08:13:56.056+0000] {logging_mixin.py:190} INFO - [2026-09-08T08:13:56.056+0000] {dag.py:3239} INFO - Sync 1 DAGs
[2026-09-08T08:13:56.085+0000] {logging_mixin.py:190} INFO - [2026-09-08T08:13:56.084+0000] {dag.py:4180} INFO - Setting next_dagrun for branching_dag to None, run_after=None
[2026-09-08T08:13:56.285+0000] {processor.py:208} INFO - Processing /opt/airflow/dags/03_branching_dag.py took 0.345 seconds
[2026-09-08T08:14:27.336+0000] {processor.py:186} INFO - Started process (PID=753) to work on /opt/airflow/dags/03_branching_dag.py
[2026-09-08T08:14:27.338+0000] {processor.py:914} INFO - Processing file /opt/airflow/dags/03_branching_dag.py for tasks to queue
[2026-09-08T08:14:27.342+0000] {logging_mixin.py:190} INFO - [2026-09-08T08:14:27.341+0000] {dagbag.py:588} INFO - Filling up the DagBag from /opt/airflow/dags/03_branching_dag.py
[2026-09-08T08:14:27.389+0000] {processor.py:925} INFO - DAG(s) 'branching_dag' retrieved from /opt/airflow/dags/03_branching_dag.py
[2026-09-08T08:14:27.448+0000] {logging_mixin.py:190} INFO - [2026-09-08T08:14:27.447+0000] {dag.py:3239} INFO - Sync 1 DAGs
[2026-09-08T08:14:27.483+0000] {logging_mixin.py:190} INFO - [2026-09-08T08:14:27.483+0000] {dag.py:4180} INFO - Setting next_dagrun for branching_dag to None, run_after=None
[2026-09-08T08:14:27.525+0000] {processor.py:208} INFO - Processing /opt/airflow/dags/03_branching_dag.py took 0.205 seconds
[2026-09-08T08:14:57.640+0000] {processor.py:186} INFO - Started process (PID=767) to work on /opt/airflow/dags/03_branching_dag.py
[2026-09-08T08:14:57.643+0000] {processor.py:914} INFO - Processing file /opt/airflow/dags/03_branching_dag.py for tasks to queue
[2026-09-08T08:14:57.648+0000] {logging_mixin.py:190} INFO - [2026-09-08T08:14:57.647+0000] {dagbag.py:588} INFO - Filling up the DagBag from /opt/airflow/dags/03_branching_dag.py
[2026-09-08T08:14:57.708+0000] {processor.py:925} INFO - DAG(s) 'branching_dag' retrieved from /opt/airflow/dags/03_branching_dag.py
[2026-09-08T08:14:57.832+0000] {logging_mixin.py:190} INFO - [2026-09-08T08:14:57.831+0000] {dag.py:3239} INFO - Sync 1 DAGs
[2026-09-08T08:14:57.909+0000] {logging_mixin.py:190} INFO - [2026-09-08T08:14:57.908+0000] {dag.py:4180} INFO - Setting next_dagrun for branching_dag to None, run_after=None
[2026-09-08T08:14:57.960+0000] {processor.py:208} INFO - Processing /opt/airflow/dags/03_branching_dag.py took 0.338 seconds
[2026-09-08T08:15:28.340+0000] {processor.py:186} INFO - Started process (PID=781) to work on /opt/airflow/dags/03_branching_dag.py
[2026-09-08T08:15:28.342+0000] {processor.py:914} INFO - Processing file /opt/airflow/dags/03_branching_dag.py for tasks to queue
[2026-09-08T08:15:28.345+0000] {logging_mixin.py:190} INFO - [2026-09-08T08:15:28.344+0000] {dagbag.py:588} INFO - Filling up the DagBag from /opt/airflow/dags/03_branching_dag.py
[2026-09-08T08:15:28.384+0000] {processor.py:925} INFO - DAG(s) 'branching_dag' retrieved from /opt/airflow/dags/03_branching_dag.py
[2026-09-08T08:15:28.435+0000] {logging_mixin.py:190} INFO - [2026-09-08T08:15:28.435+0000] {dag.py:3239} INFO - Sync 1 DAGs
[2026-09-08T08:15:28.458+0000] {logging_mixin.py:190} INFO - [2026-09-08T08:15:28.458+0000] {dag.py:4180} INFO - Setting next_dagrun for branching_dag to None, run_after=None
[2026-09-08T08:15:28.499+0000] {processor.py:208} INFO - Processing /opt/airflow/dags/03_branching_dag.py took 0.171 seconds
[2026-09-08T08:15:58.607+0000] {processor.py:186} INFO - Started process (PID=794) to work on /opt/airflow/dags/03_branching_dag.py
[2026-09-08T08:15:58.609+0000] {processor.py:914} INFO - Processing file /opt/airflow/dags/03_branching_dag.py for tasks to queue
[2026-09-08T08:15:58.612+0000] {logging_mixin.py:190} INFO - [2026-09-08T08:15:58.611+0000] {dagbag.py:588} INFO - Filling up the DagBag from /opt/airflow/dags/03_branching_dag.py
[2026-09-08T08:15:58.655+0000] {processor.py:925} INFO - DAG(s) 'branching_dag' retrieved from /opt/airflow/dags/03_branching_dag.py
[2026-09-08T08:15:58.715+0000] {logging_mixin.py:190} INFO - [2026-09-08T08:15:58.715+0000] {dag.py:3239} INFO - Sync 1 DAGs
[2026-09-08T08:15:58.744+0000] {logging_mixin.py:190} INFO - [2026-09-08T08:15:58.744+0000] {dag.py:4180} INFO - Setting next_dagrun for branching_dag to None, run_after=None
[2026-09-08T08:15:58.791+0000] {processor.py:208} INFO - Processing /opt/airflow/dags/03_branching_dag.py took 0.195 seconds
[2026-09-08T08:16:29.114+0000] {processor.py:186} INFO - Started process (PID=808) to work on /opt/airflow/dags/03_branching_dag.py
[2026-09-08T08:16:29.116+0000] {processor.py:914} INFO - Processing file /opt/airflow/dags/03_branching_dag.py for tasks to queue
[2026-09-08T08:16:29.119+0000] {logging_mixin.py:190} INFO - [2026-09-08T08:16:29.118+0000] {dagbag.py:588} INFO - Filling up the DagBag from /opt/airflow/dags/03_branching_dag.py
[2026-09-08T08:16:29.158+0000] {processor.py:925} INFO - DAG(s) 'branching_dag' retrieved from /opt/airflow/dags/03_branching_dag.py
[2026-09-08T08:16:29.208+0000] {logging_mixin.py:190} INFO - [2026-09-08T08:16:29.207+0000] {dag.py:3239} INFO - Sync 1 DAGs
[2026-09-08T08:16:29.231+0000] {logging_mixin.py:190} INFO - [2026-09-08T08:16:29.231+0000] {dag.py:4180} INFO - Setting next_dagrun for branching_dag to None, run_after=None
[2026-09-08T08:16:29.271+0000] {processor.py:208} INFO - Processing /opt/airflow/dags/03_branching_dag.py took 0.168 seconds
[2026-09-08T08:16:59.376+0000] {processor.py:186} INFO - Started process (PID=822) to work on /opt/airflow/dags/03_branching_dag.py
[2026-09-08T08:16:59.378+0000] {processor.py:914} INFO - Processing file /opt/airflow/dags/03_branching_dag.py for tasks to queue
[2026-09-08T08:16:59.381+0000] {logging_mixin.py:190} INFO - [2026-09-08T08:16:59.380+0000] {dagbag.py:588} INFO - Filling up the DagBag from /opt/airflow/dags/03_branching_dag.py
[2026-09-08T08:16:59.420+0000] {processor.py:925} INFO - DAG(s) 'branching_dag' retrieved from /opt/airflow/dags/03_branching_dag.py
[2026-09-08T08:16:59.473+0000] {logging_mixin.py:190} INFO - [2026-09-08T08:16:59.473+0000] {dag.py:3239} INFO - Sync 1 DAGs
[2026-09-08T08:16:59.499+0000] {logging_mixin.py:190} INFO - [2026-09-08T08:16:59.498+0000] {dag.py:4180} INFO - Setting next_dagrun for branching_dag to None, run_after=None
[2026-09-08T08:16:59.533+0000] {processor.py:208} INFO - Processing /opt/airflow/dags/03_branching_dag.py took 0.168 seconds
[2026-09-08T08:17:30.228+0000] {processor.py:186} INFO - Started process (PID=837) to work on /opt/airflow/dags/03_branching_dag.py
[2026-09-08T08:17:30.229+0000] {processor.py:914} INFO - Processing file /opt/airflow/dags/03_branching_dag.py for tasks to queue
[2026-09-08T08:17:30.233+0000] {logging_mixin.py:190} INFO - [2026-09-08T08:17:30.232+0000] {dagbag.py:588} INFO - Filling up the DagBag from /opt/airflow/dags/03_branching_dag.py
[2026-09-08T08:17:30.274+0000] {processor.py:925} INFO - DAG(s) 'branching_dag' retrieved from /opt/airflow/dags/03_branching_dag.py
[2026-09-08T08:17:30.336+0000] {logging_mixin.py:190} INFO - [2026-09-08T08:17:30.335+0000] {dag.py:3239} INFO - Sync 1 DAGs
[2026-09-08T08:17:30.366+0000] {logging_mixin.py:190} INFO - [2026-09-08T08:17:30.366+0000] {dag.py:4180} INFO - Setting next_dagrun for branching_dag to None, run_after=None
[2026-09-08T08:17:30.403+0000] {processor.py:208} INFO - Processing /opt/airflow/dags/03_branching_dag.py took 0.191 seconds
[2026-09-08T08:18:00.759+0000] {processor.py:186} INFO - Started process (PID=851) to work on /opt/airflow/dags/03_branching_dag.py
[2026-09-08T08:18:00.761+0000] {processor.py:914} INFO - Processing file /opt/airflow/dags/03_branching_dag.py for tasks to queue
[2026-09-08T08:18:00.764+0000] {logging_mixin.py:190} INFO - [2026-09-08T08:18:00.763+0000] {dagbag.py:588} INFO - Filling up the DagBag from /opt/airflow/dags/03_branching_dag.py
[2026-09-08T08:18:00.806+0000] {processor.py:925} INFO - DAG(s) 'branching_dag' retrieved from /opt/airflow/dags/03_branching_dag.py
[2026-09-08T08:18:00.867+0000] {logging_mixin.py:190} INFO - [2026-09-08T08:18:00.867+0000] {dag.py:3239} INFO - Sync 1 DAGs
[2026-09-08T08:18:00.893+0000] {logging_mixin.py:190} INFO - [2026-09-08T08:18:00.893+0000] {dag.py:4180} INFO - Setting next_dagrun for branching_dag to None, run_after=None
[2026-09-08T08:18:00.933+0000] {processor.py:208} INFO - Processing /opt/airflow/dags/03_branching_dag.py took 0.188 seconds
[2026-09-08T08:18:31.281+0000] {processor.py:186} INFO - Started process (PID=865) to work on /opt/airflow/dags/03_branching_dag.py
[2026-09-08T08:18:31.284+0000] {processor.py:914} INFO - Processing file /opt/airflow/dags/03_branching_dag.py for tasks to queue
[2026-09-08T08:18:31.288+0000] {logging_mixin.py:190} INFO - [2026-09-08T08:18:31.287+0000] {dagbag.py:588} INFO - Filling up the DagBag from /opt/airflow/dags/03_branching_dag.py
[2026-09-08T08:18:31.329+0000] {processor.py:925} INFO - DAG(s) 'branching_dag' retrieved from /opt/airflow/dags/03_branching_dag.py
[2026-09-08T08:18:31.389+0000] {logging_mixin.py:190} INFO - [2026-09-08T08:18:31.389+0000] {dag.py:3239} INFO - Sync 1 DAGs
[2026-09-08T08:18:31.419+0000] {logging_mixin.py:190} INFO - [2026-09-08T08:18:31.419+0000] {dag.py:4180} INFO - Setting next_dagrun for branching_dag to None, run_after=None
[2026-09-08T08:18:31.461+0000] {processor.py:208} INFO - Processing /opt/airflow/dags/03_branching_dag.py took 0.196 seconds
[2026-09-08T08:19:01.658+0000] {processor.py:186} INFO - Started process (PID=879) to work on /opt/airflow/dags/03_branching_dag.py
[2026-09-08T08:19:01.661+0000] {processor.py:914} INFO - Processing file /opt/airflow/dags/03_branching_dag.py for tasks to queue
[2026-09-08T08:19:01.664+0000] {logging_mixin.py:190} INFO - [2026-09-08T08:19:01.664+0000] {dagbag.py:588} INFO - Filling up the DagBag from /opt/airflow/dags/03_branching_dag.py
[2026-09-08T08:19:01.708+0000] {processor.py:925} INFO - DAG(s) 'branching_dag' retrieved from /opt/airflow/dags/03_branching_dag.py
[2026-09-08T08:19:01.958+0000] {logging_mixin.py:190} INFO - [2026-09-08T08:19:01.958+0000] {dag.py:3239} INFO - Sync 1 DAGs
[2026-09-08T08:19:02.582+0000] {logging_mixin.py:190} INFO - [2026-09-08T08:19:02.581+0000] {dag.py:4180} INFO - Setting next_dagrun for branching_dag to None, run_after=None
[2026-09-08T08:19:02.624+0000] {processor.py:208} INFO - Processing /opt/airflow/dags/03_branching_dag.py took 0.980 seconds
[2026-09-08T08:19:32.871+0000] {processor.py:186} INFO - Started process (PID=895) to work on /opt/airflow/dags/03_branching_dag.py
[2026-09-08T08:19:32.873+0000] {processor.py:914} INFO - Processing file /opt/airflow/dags/03_branching_dag.py for tasks to queue
[2026-09-08T08:19:32.877+0000] {logging_mixin.py:190} INFO - [2026-09-08T08:19:32.876+0000] {dagbag.py:588} INFO - Filling up the DagBag from /opt/airflow/dags/03_branching_dag.py
[2026-09-08T08:19:32.965+0000] {processor.py:925} INFO - DAG(s) 'branching_dag' retrieved from /opt/airflow/dags/03_branching_dag.py
[2026-09-08T08:19:33.019+0000] {logging_mixin.py:190} INFO - [2026-09-08T08:19:33.019+0000] {dag.py:3239} INFO - Sync 1 DAGs
[2026-09-08T08:19:33.045+0000] {logging_mixin.py:190} INFO - [2026-09-08T08:19:33.044+0000] {dag.py:4180} INFO - Setting next_dagrun for branching_dag to None, run_after=None
[2026-09-08T08:19:33.089+0000] {processor.py:208} INFO - Processing /opt/airflow/dags/03_branching_dag.py took 0.231 seconds
[2026-09-08T08:20:03.248+0000] {processor.py:186} INFO - Started process (PID=909) to work on /opt/airflow/dags/03_branching_dag.py
[2026-09-08T08:20:03.249+0000] {processor.py:914} INFO - Processing file /opt/airflow/dags/03_branching_dag.py for tasks to queue
[2026-09-08T08:20:03.253+0000] {logging_mixin.py:190} INFO - [2026-09-08T08:20:03.252+0000] {dagbag.py:588} INFO - Filling up the DagBag from /opt/airflow/dags/03_branching_dag.py
[2026-09-08T08:20:03.298+0000] {processor.py:925} INFO - DAG(s) 'branching_dag' retrieved from /opt/airflow/dags/03_branching_dag.py
[2026-09-08T08:20:03.352+0000] {logging_mixin.py:190} INFO - [2026-09-08T08:20:03.352+0000] {dag.py:3239} INFO - Sync 1 DAGs
[2026-09-08T08:20:03.387+0000] {logging_mixin.py:190} INFO - [2026-09-08T08:20:03.387+0000] {dag.py:4180} INFO - Setting next_dagrun for branching_dag to None, run_after=None
[2026-09-08T08:20:03.423+0000] {processor.py:208} INFO - Processing /opt/airflow/dags/03_branching_dag.py took 0.190 seconds
[2026-09-08T08:20:33.861+0000] {processor.py:186} INFO - Started process (PID=923) to work on /opt/airflow/dags/03_branching_dag.py
[2026-09-08T08:20:33.863+0000] {processor.py:914} INFO - Processing file /opt/airflow/dags/03_branching_dag.py for tasks to queue
[2026-09-08T08:20:33.866+0000] {logging_mixin.py:190} INFO - [2026-09-08T08:20:33.865+0000] {dagbag.py:588} INFO - Filling up the DagBag from /opt/airflow/dags/03_branching_dag.py
[2026-09-08T08:20:33.908+0000] {processor.py:925} INFO - DAG(s) 'branching_dag' retrieved from /opt/airflow/dags/03_branching_dag.py
[2026-09-08T08:20:33.967+0000] {logging_mixin.py:190} INFO - [2026-09-08T08:20:33.967+0000] {dag.py:3239} INFO - Sync 1 DAGs
[2026-09-08T08:20:33.995+0000] {logging_mixin.py:190} INFO - [2026-09-08T08:20:33.995+0000] {dag.py:4180} INFO - Setting next_dagrun for branching_dag to None, run_after=None
[2026-09-08T08:20:34.041+0000] {processor.py:208} INFO - Processing /opt/airflow/dags/03_branching_dag.py took 0.191 seconds
[2026-09-08T08:21:04.190+0000] {processor.py:186} INFO - Started process (PID=935) to work on /opt/airflow/dags/03_branching_dag.py
[2026-09-08T08:21:04.191+0000] {processor.py:914} INFO - Processing file /opt/airflow/dags/03_branching_dag.py for tasks to queue
[2026-09-08T08:21:04.195+0000] {logging_mixin.py:190} INFO - [2026-09-08T08:21:04.194+0000] {dagbag.py:588} INFO - Filling up the DagBag from /opt/airflow/dags/03_branching_dag.py
[2026-09-08T08:21:04.231+0000] {processor.py:925} INFO - DAG(s) 'branching_dag' retrieved from /opt/airflow/dags/03_branching_dag.py
[2026-09-08T08:21:04.291+0000] {logging_mixin.py:190} INFO - [2026-09-08T08:21:04.291+0000] {dag.py:3239} INFO - Sync 1 DAGs
[2026-09-08T08:21:04.322+0000] {logging_mixin.py:190} INFO - [2026-09-08T08:21:04.322+0000] {dag.py:4180} INFO - Setting next_dagrun for branching_dag to None, run_after=None
[2026-09-08T08:21:04.360+0000] {processor.py:208} INFO - Processing /opt/airflow/dags/03_branching_dag.py took 0.183 seconds
[2026-09-08T08:21:34.547+0000] {processor.py:186} INFO - Started process (PID=949) to work on /opt/airflow/dags/03_branching_dag.py
[2026-09-08T08:21:34.550+0000] {processor.py:914} INFO - Processing file /opt/airflow/dags/03_branching_dag.py for tasks to queue
[2026-09-08T08:21:34.554+0000] {logging_mixin.py:190} INFO - [2026-09-08T08:21:34.553+0000] {dagbag.py:588} INFO - Filling up the DagBag from /opt/airflow/dags/03_branching_dag.py
[2026-09-08T08:21:34.593+0000] {processor.py:925} INFO - DAG(s) 'branching_dag' retrieved from /opt/airflow/dags/03_branching_dag.py
[2026-09-08T08:21:34.648+0000] {logging_mixin.py:190} INFO - [2026-09-08T08:21:34.648+0000] {dag.py:3239} INFO - Sync 1 DAGs
[2026-09-08T08:21:34.676+0000] {logging_mixin.py:190} INFO - [2026-09-08T08:21:34.675+0000] {dag.py:4180} INFO - Setting next_dagrun for branching_dag to None, run_after=None
[2026-09-08T08:21:34.720+0000] {processor.py:208} INFO - Processing /opt/airflow/dags/03_branching_dag.py took 0.189 seconds
[2026-09-08T08:22:05.272+0000] {processor.py:186} INFO - Started process (PID=964) to work on /opt/airflow/dags/03_branching_dag.py
[2026-09-08T08:22:05.275+0000] {processor.py:914} INFO - Processing file /opt/airflow/dags/03_branching_dag.py for tasks to queue
[2026-09-08T08:22:05.279+0000] {logging_mixin.py:190} INFO - [2026-09-08T08:22:05.278+0000] {dagbag.py:588} INFO - Filling up the DagBag from /opt/airflow/dags/03_branching_dag.py
[2026-09-08T08:22:05.322+0000] {processor.py:925} INFO - DAG(s) 'branching_dag' retrieved from /opt/airflow/dags/03_branching_dag.py
[2026-09-08T08:22:05.411+0000] {logging_mixin.py:190} INFO - [2026-09-08T08:22:05.411+0000] {dag.py:3239} INFO - Sync 1 DAGs
[2026-09-08T08:22:05.442+0000] {logging_mixin.py:190} INFO - [2026-09-08T08:22:05.441+0000] {dag.py:4180} INFO - Setting next_dagrun for branching_dag to None, run_after=None
[2026-09-08T08:22:05.483+0000] {processor.py:208} INFO - Processing /opt/airflow/dags/03_branching_dag.py took 0.226 seconds
[2026-09-08T08:22:35.797+0000] {processor.py:186} INFO - Started process (PID=978) to work on /opt/airflow/dags/03_branching_dag.py
[2026-09-08T08:22:35.800+0000] {processor.py:914} INFO - Processing file /opt/airflow/dags/03_branching_dag.py for tasks to queue
[2026-09-08T08:22:35.805+0000] {logging_mixin.py:190} INFO - [2026-09-08T08:22:35.804+0000] {dagbag.py:588} INFO - Filling up the DagBag from /opt/airflow/dags/03_branching_dag.py
[2026-09-08T08:22:35.909+0000] {processor.py:925} INFO - DAG(s) 'branching_dag' retrieved from /opt/airflow/dags/03_branching_dag.py
[2026-09-08T08:22:36.052+0000] {logging_mixin.py:190} INFO - [2026-09-08T08:22:36.052+0000] {dag.py:3239} INFO - Sync 1 DAGs
[2026-09-08T08:22:36.108+0000] {logging_mixin.py:190} INFO - [2026-09-08T08:22:36.108+0000] {dag.py:4180} INFO - Setting next_dagrun for branching_dag to None, run_after=None
[2026-09-08T08:22:36.164+0000] {processor.py:208} INFO - Processing /opt/airflow/dags/03_branching_dag.py took 0.397 seconds
