[2026-09-08T04:31:55.662+0000] {processor.py:186} INFO - Started process (PID=101) to work on /opt/airflow/dags/04_parallel_weather.py
[2026-09-08T04:31:55.663+0000] {processor.py:914} INFO - Processing file /opt/airflow/dags/04_parallel_weather.py for tasks to queue
[2026-09-08T04:31:55.664+0000] {logging_mixin.py:190} INFO - [2026-09-08T04:31:55.663+0000] {dagbag.py:588} INFO - Filling up the DagBag from /opt/airflow/dags/04_parallel_weather.py
[2026-09-08T04:31:55.678+0000] {processor.py:925} INFO - DAG(s) 'parallel_weather_dag' retrieved from /opt/airflow/dags/04_parallel_weather.py
[2026-09-08T04:31:55.714+0000] {logging_mixin.py:190} INFO - [2026-09-08T04:31:55.713+0000] {dag.py:3239} INFO - Sync 1 DAGs
[2026-09-08T04:31:55.734+0000] {logging_mixin.py:190} INFO - [2026-09-08T04:31:55.734+0000] {dag.py:4180} INFO - Setting next_dagrun for parallel_weather_dag to None, run_after=None
[2026-09-08T04:31:55.764+0000] {processor.py:208} INFO - Processing /opt/airflow/dags/04_parallel_weather.py took 0.107 seconds
[2026-09-08T04:32:26.486+0000] {processor.py:186} INFO - Started process (PID=115) to work on /opt/airflow/dags/04_parallel_weather.py
[2026-09-08T04:32:26.487+0000] {processor.py:914} INFO - Processing file /opt/airflow/dags/04_parallel_weather.py for tasks to queue
[2026-09-08T04:32:26.488+0000] {logging_mixin.py:190} INFO - [2026-09-08T04:32:26.488+0000] {dagbag.py:588} INFO - Filling up the DagBag from /opt/airflow/dags/04_parallel_weather.py
[2026-09-08T04:32:26.504+0000] {processor.py:925} INFO - DAG(s) 'parallel_weather_dag' retrieved from /opt/airflow/dags/04_parallel_weather.py
[2026-09-08T04:32:26.530+0000] {logging_mixin.py:190} INFO - [2026-09-08T04:32:26.530+0000] {dag.py:3239} INFO - Sync 1 DAGs
[2026-09-08T04:32:26.547+0000] {logging_mixin.py:190} INFO - [2026-09-08T04:32:26.546+0000] {dag.py:4180} INFO - Setting next_dagrun for parallel_weather_dag to None, run_after=None
[2026-09-08T04:32:26.565+0000] {processor.py:208} INFO - Processing /opt/airflow/dags/04_parallel_weather.py took 0.083 seconds
[2026-09-08T04:32:57.088+0000] {processor.py:186} INFO - Started process (PID=129) to work on /opt/airflow/dags/04_parallel_weather.py
[2026-09-08T04:32:57.092+0000] {processor.py:914} INFO - Processing file /opt/airflow/dags/04_parallel_weather.py for tasks to queue
[2026-09-08T04:32:57.093+0000] {logging_mixin.py:190} INFO - [2026-09-08T04:32:57.093+0000] {dagbag.py:588} INFO - Filling up the DagBag from /opt/airflow/dags/04_parallel_weather.py
[2026-09-08T04:32:57.108+0000] {processor.py:925} INFO - DAG(s) 'parallel_weather_dag' retrieved from /opt/airflow/dags/04_parallel_weather.py
[2026-09-08T04:32:57.131+0000] {logging_mixin.py:190} INFO - [2026-09-08T04:32:57.131+0000] {dag.py:3239} INFO - Sync 1 DAGs
[2026-09-08T04:32:57.145+0000] {logging_mixin.py:190} INFO - [2026-09-08T04:32:57.144+0000] {dag.py:4180} INFO - Setting next_dagrun for parallel_weather_dag to None, run_after=None
[2026-09-08T04:32:57.166+0000] {processor.py:208} INFO - Processing /opt/airflow/dags/04_parallel_weather.py took 0.084 seconds
[2026-09-08T04:33:27.725+0000] {processor.py:186} INFO - Started process (PID=143) to work on /opt/airflow/dags/04_parallel_weather.py
[2026-09-08T04:33:27.726+0000] {processor.py:914} INFO - Processing file /opt/airflow/dags/04_parallel_weather.py for tasks to queue
[2026-09-08T04:33:27.727+0000] {logging_mixin.py:190} INFO - [2026-09-08T04:33:27.726+0000] {dagbag.py:588} INFO - Filling up the DagBag from /opt/airflow/dags/04_parallel_weather.py
[2026-09-08T04:33:27.741+0000] {processor.py:925} INFO - DAG(s) 'parallel_weather_dag' retrieved from /opt/airflow/dags/04_parallel_weather.py
[2026-09-08T04:33:27.766+0000] {logging_mixin.py:190} INFO - [2026-09-08T04:33:27.766+0000] {dag.py:3239} INFO - Sync 1 DAGs
[2026-09-08T04:33:27.778+0000] {logging_mixin.py:190} INFO - [2026-09-08T04:33:27.778+0000] {dag.py:4180} INFO - Setting next_dagrun for parallel_weather_dag to None, run_after=None
[2026-09-08T04:33:27.794+0000] {processor.py:208} INFO - Processing /opt/airflow/dags/04_parallel_weather.py took 0.074 seconds
[2026-09-08T04:33:58.516+0000] {processor.py:186} INFO - Started process (PID=158) to work on /opt/airflow/dags/04_parallel_weather.py
[2026-09-08T04:33:58.517+0000] {processor.py:914} INFO - Processing file /opt/airflow/dags/04_parallel_weather.py for tasks to queue
[2026-09-08T04:33:58.518+0000] {logging_mixin.py:190} INFO - [2026-09-08T04:33:58.518+0000] {dagbag.py:588} INFO - Filling up the DagBag from /opt/airflow/dags/04_parallel_weather.py
[2026-09-08T04:33:58.531+0000] {processor.py:925} INFO - DAG(s) 'parallel_weather_dag' retrieved from /opt/airflow/dags/04_parallel_weather.py
[2026-09-08T04:33:58.552+0000] {logging_mixin.py:190} INFO - [2026-09-08T04:33:58.552+0000] {dag.py:3239} INFO - Sync 1 DAGs
[2026-09-08T04:33:58.666+0000] {logging_mixin.py:190} INFO - [2026-09-08T04:33:58.666+0000] {dag.py:4180} INFO - Setting next_dagrun for parallel_weather_dag to None, run_after=None
[2026-09-08T04:33:58.687+0000] {processor.py:208} INFO - Processing /opt/airflow/dags/04_parallel_weather.py took 0.176 seconds
[2026-09-08T04:34:29.648+0000] {processor.py:186} INFO - Started process (PID=172) to work on /opt/airflow/dags/04_parallel_weather.py
[2026-09-08T04:34:29.649+0000] {processor.py:914} INFO - Processing file /opt/airflow/dags/04_parallel_weather.py for tasks to queue
[2026-09-08T04:34:29.650+0000] {logging_mixin.py:190} INFO - [2026-09-08T04:34:29.650+0000] {dagbag.py:588} INFO - Filling up the DagBag from /opt/airflow/dags/04_parallel_weather.py
[2026-09-08T04:34:29.667+0000] {processor.py:925} INFO - DAG(s) 'parallel_weather_dag' retrieved from /opt/airflow/dags/04_parallel_weather.py
[2026-09-08T04:34:29.691+0000] {logging_mixin.py:190} INFO - [2026-09-08T04:34:29.691+0000] {dag.py:3239} INFO - Sync 1 DAGs
[2026-09-08T04:34:29.704+0000] {logging_mixin.py:190} INFO - [2026-09-08T04:34:29.704+0000] {dag.py:4180} INFO - Setting next_dagrun for parallel_weather_dag to None, run_after=None
[2026-09-08T04:34:29.722+0000] {processor.py:208} INFO - Processing /opt/airflow/dags/04_parallel_weather.py took 0.080 seconds
[2026-09-08T04:35:00.210+0000] {processor.py:186} INFO - Started process (PID=186) to work on /opt/airflow/dags/04_parallel_weather.py
[2026-09-08T04:35:00.211+0000] {processor.py:914} INFO - Processing file /opt/airflow/dags/04_parallel_weather.py for tasks to queue
[2026-09-08T04:35:00.212+0000] {logging_mixin.py:190} INFO - [2026-09-08T04:35:00.212+0000] {dagbag.py:588} INFO - Filling up the DagBag from /opt/airflow/dags/04_parallel_weather.py
[2026-09-08T04:35:00.227+0000] {processor.py:925} INFO - DAG(s) 'parallel_weather_dag' retrieved from /opt/airflow/dags/04_parallel_weather.py
[2026-09-08T04:35:00.258+0000] {logging_mixin.py:190} INFO - [2026-09-08T04:35:00.257+0000] {dag.py:3239} INFO - Sync 1 DAGs
[2026-09-08T04:35:00.276+0000] {logging_mixin.py:190} INFO - [2026-09-08T04:35:00.275+0000] {dag.py:4180} INFO - Setting next_dagrun for parallel_weather_dag to None, run_after=None
[2026-09-08T04:35:00.296+0000] {processor.py:208} INFO - Processing /opt/airflow/dags/04_parallel_weather.py took 0.091 seconds
[2026-09-08T04:35:30.812+0000] {processor.py:186} INFO - Started process (PID=200) to work on /opt/airflow/dags/04_parallel_weather.py
[2026-09-08T04:35:30.813+0000] {processor.py:914} INFO - Processing file /opt/airflow/dags/04_parallel_weather.py for tasks to queue
[2026-09-08T04:35:30.814+0000] {logging_mixin.py:190} INFO - [2026-09-08T04:35:30.814+0000] {dagbag.py:588} INFO - Filling up the DagBag from /opt/airflow/dags/04_parallel_weather.py
[2026-09-08T04:35:30.829+0000] {processor.py:925} INFO - DAG(s) 'parallel_weather_dag' retrieved from /opt/airflow/dags/04_parallel_weather.py
[2026-09-08T04:35:30.855+0000] {logging_mixin.py:190} INFO - [2026-09-08T04:35:30.855+0000] {dag.py:3239} INFO - Sync 1 DAGs
[2026-09-08T04:35:30.870+0000] {logging_mixin.py:190} INFO - [2026-09-08T04:35:30.869+0000] {dag.py:4180} INFO - Setting next_dagrun for parallel_weather_dag to None, run_after=None
[2026-09-08T04:35:30.891+0000] {processor.py:208} INFO - Processing /opt/airflow/dags/04_parallel_weather.py took 0.086 seconds
[2026-09-08T04:36:01.463+0000] {processor.py:186} INFO - Started process (PID=215) to work on /opt/airflow/dags/04_parallel_weather.py
[2026-09-08T04:36:01.466+0000] {processor.py:914} INFO - Processing file /opt/airflow/dags/04_parallel_weather.py for tasks to queue
[2026-09-08T04:36:01.467+0000] {logging_mixin.py:190} INFO - [2026-09-08T04:36:01.467+0000] {dagbag.py:588} INFO - Filling up the DagBag from /opt/airflow/dags/04_parallel_weather.py
[2026-09-08T04:36:01.483+0000] {processor.py:925} INFO - DAG(s) 'parallel_weather_dag' retrieved from /opt/airflow/dags/04_parallel_weather.py
[2026-09-08T04:36:01.505+0000] {logging_mixin.py:190} INFO - [2026-09-08T04:36:01.505+0000] {dag.py:3239} INFO - Sync 1 DAGs
[2026-09-08T04:36:01.518+0000] {logging_mixin.py:190} INFO - [2026-09-08T04:36:01.518+0000] {dag.py:4180} INFO - Setting next_dagrun for parallel_weather_dag to None, run_after=None
[2026-09-08T04:36:01.543+0000] {processor.py:208} INFO - Processing /opt/airflow/dags/04_parallel_weather.py took 0.086 seconds
[2026-09-08T04:36:32.073+0000] {processor.py:186} INFO - Started process (PID=229) to work on /opt/airflow/dags/04_parallel_weather.py
[2026-09-08T04:36:32.073+0000] {processor.py:914} INFO - Processing file /opt/airflow/dags/04_parallel_weather.py for tasks to queue
[2026-09-08T04:36:32.074+0000] {logging_mixin.py:190} INFO - [2026-09-08T04:36:32.074+0000] {dagbag.py:588} INFO - Filling up the DagBag from /opt/airflow/dags/04_parallel_weather.py
[2026-09-08T04:36:32.091+0000] {processor.py:925} INFO - DAG(s) 'parallel_weather_dag' retrieved from /opt/airflow/dags/04_parallel_weather.py
[2026-09-08T04:36:32.130+0000] {logging_mixin.py:190} INFO - [2026-09-08T04:36:32.130+0000] {dag.py:3239} INFO - Sync 1 DAGs
[2026-09-08T04:36:32.150+0000] {logging_mixin.py:190} INFO - [2026-09-08T04:36:32.150+0000] {dag.py:4180} INFO - Setting next_dagrun for parallel_weather_dag to None, run_after=None
[2026-09-08T04:36:32.184+0000] {processor.py:208} INFO - Processing /opt/airflow/dags/04_parallel_weather.py took 0.118 seconds
[2026-09-08T04:37:02.783+0000] {processor.py:186} INFO - Started process (PID=243) to work on /opt/airflow/dags/04_parallel_weather.py
[2026-09-08T04:37:02.784+0000] {processor.py:914} INFO - Processing file /opt/airflow/dags/04_parallel_weather.py for tasks to queue
[2026-09-08T04:37:02.785+0000] {logging_mixin.py:190} INFO - [2026-09-08T04:37:02.784+0000] {dagbag.py:588} INFO - Filling up the DagBag from /opt/airflow/dags/04_parallel_weather.py
[2026-09-08T04:37:02.798+0000] {processor.py:925} INFO - DAG(s) 'parallel_weather_dag' retrieved from /opt/airflow/dags/04_parallel_weather.py
[2026-09-08T04:37:02.820+0000] {logging_mixin.py:190} INFO - [2026-09-08T04:37:02.820+0000] {dag.py:3239} INFO - Sync 1 DAGs
[2026-09-08T04:37:02.834+0000] {logging_mixin.py:190} INFO - [2026-09-08T04:37:02.834+0000] {dag.py:4180} INFO - Setting next_dagrun for parallel_weather_dag to None, run_after=None
[2026-09-08T04:37:02.854+0000] {processor.py:208} INFO - Processing /opt/airflow/dags/04_parallel_weather.py took 0.078 seconds
[2026-09-08T04:37:33.337+0000] {processor.py:186} INFO - Started process (PID=257) to work on /opt/airflow/dags/04_parallel_weather.py
[2026-09-08T04:37:33.338+0000] {processor.py:914} INFO - Processing file /opt/airflow/dags/04_parallel_weather.py for tasks to queue
[2026-09-08T04:37:33.339+0000] {logging_mixin.py:190} INFO - [2026-09-08T04:37:33.339+0000] {dagbag.py:588} INFO - Filling up the DagBag from /opt/airflow/dags/04_parallel_weather.py
[2026-09-08T04:37:33.351+0000] {processor.py:925} INFO - DAG(s) 'parallel_weather_dag' retrieved from /opt/airflow/dags/04_parallel_weather.py
[2026-09-08T04:37:33.372+0000] {logging_mixin.py:190} INFO - [2026-09-08T04:37:33.372+0000] {dag.py:3239} INFO - Sync 1 DAGs
[2026-09-08T04:37:33.384+0000] {logging_mixin.py:190} INFO - [2026-09-08T04:37:33.384+0000] {dag.py:4180} INFO - Setting next_dagrun for parallel_weather_dag to None, run_after=None
[2026-09-08T04:37:33.403+0000] {processor.py:208} INFO - Processing /opt/airflow/dags/04_parallel_weather.py took 0.071 seconds
[2026-09-08T04:38:03.981+0000] {processor.py:186} INFO - Started process (PID=271) to work on /opt/airflow/dags/04_parallel_weather.py
[2026-09-08T04:38:03.982+0000] {processor.py:914} INFO - Processing file /opt/airflow/dags/04_parallel_weather.py for tasks to queue
[2026-09-08T04:38:03.983+0000] {logging_mixin.py:190} INFO - [2026-09-08T04:38:03.983+0000] {dagbag.py:588} INFO - Filling up the DagBag from /opt/airflow/dags/04_parallel_weather.py
[2026-09-08T04:38:03.995+0000] {processor.py:925} INFO - DAG(s) 'parallel_weather_dag' retrieved from /opt/airflow/dags/04_parallel_weather.py
[2026-09-08T04:38:04.015+0000] {logging_mixin.py:190} INFO - [2026-09-08T04:38:04.015+0000] {dag.py:3239} INFO - Sync 1 DAGs
[2026-09-08T04:38:04.028+0000] {logging_mixin.py:190} INFO - [2026-09-08T04:38:04.028+0000] {dag.py:4180} INFO - Setting next_dagrun for parallel_weather_dag to None, run_after=None
[2026-09-08T04:38:04.047+0000] {processor.py:208} INFO - Processing /opt/airflow/dags/04_parallel_weather.py took 0.071 seconds
[2026-09-08T04:38:34.521+0000] {processor.py:186} INFO - Started process (PID=285) to work on /opt/airflow/dags/04_parallel_weather.py
[2026-09-08T04:38:34.521+0000] {processor.py:914} INFO - Processing file /opt/airflow/dags/04_parallel_weather.py for tasks to queue
[2026-09-08T04:38:34.522+0000] {logging_mixin.py:190} INFO - [2026-09-08T04:38:34.522+0000] {dagbag.py:588} INFO - Filling up the DagBag from /opt/airflow/dags/04_parallel_weather.py
[2026-09-08T04:38:34.537+0000] {processor.py:925} INFO - DAG(s) 'parallel_weather_dag' retrieved from /opt/airflow/dags/04_parallel_weather.py
[2026-09-08T04:38:34.561+0000] {logging_mixin.py:190} INFO - [2026-09-08T04:38:34.561+0000] {dag.py:3239} INFO - Sync 1 DAGs
[2026-09-08T04:38:34.572+0000] {logging_mixin.py:190} INFO - [2026-09-08T04:38:34.572+0000] {dag.py:4180} INFO - Setting next_dagrun for parallel_weather_dag to None, run_after=None
[2026-09-08T04:38:34.592+0000] {processor.py:208} INFO - Processing /opt/airflow/dags/04_parallel_weather.py took 0.076 seconds
[2026-09-08T04:39:05.066+0000] {processor.py:186} INFO - Started process (PID=299) to work on /opt/airflow/dags/04_parallel_weather.py
[2026-09-08T04:39:05.067+0000] {processor.py:914} INFO - Processing file /opt/airflow/dags/04_parallel_weather.py for tasks to queue
[2026-09-08T04:39:05.068+0000] {logging_mixin.py:190} INFO - [2026-09-08T04:39:05.068+0000] {dagbag.py:588} INFO - Filling up the DagBag from /opt/airflow/dags/04_parallel_weather.py
[2026-09-08T04:39:05.085+0000] {processor.py:925} INFO - DAG(s) 'parallel_weather_dag' retrieved from /opt/airflow/dags/04_parallel_weather.py
[2026-09-08T04:39:05.108+0000] {logging_mixin.py:190} INFO - [2026-09-08T04:39:05.108+0000] {dag.py:3239} INFO - Sync 1 DAGs
[2026-09-08T04:39:05.123+0000] {logging_mixin.py:190} INFO - [2026-09-08T04:39:05.122+0000] {dag.py:4180} INFO - Setting next_dagrun for parallel_weather_dag to None, run_after=None
[2026-09-08T04:39:05.151+0000] {processor.py:208} INFO - Processing /opt/airflow/dags/04_parallel_weather.py took 0.090 seconds
[2026-09-08T04:39:35.689+0000] {processor.py:186} INFO - Started process (PID=313) to work on /opt/airflow/dags/04_parallel_weather.py
[2026-09-08T04:39:35.689+0000] {processor.py:914} INFO - Processing file /opt/airflow/dags/04_parallel_weather.py for tasks to queue
[2026-09-08T04:39:35.691+0000] {logging_mixin.py:190} INFO - [2026-09-08T04:39:35.690+0000] {dagbag.py:588} INFO - Filling up the DagBag from /opt/airflow/dags/04_parallel_weather.py
[2026-09-08T04:39:35.705+0000] {processor.py:925} INFO - DAG(s) 'parallel_weather_dag' retrieved from /opt/airflow/dags/04_parallel_weather.py
[2026-09-08T04:39:35.726+0000] {logging_mixin.py:190} INFO - [2026-09-08T04:39:35.726+0000] {dag.py:3239} INFO - Sync 1 DAGs
[2026-09-08T04:39:35.741+0000] {logging_mixin.py:190} INFO - [2026-09-08T04:39:35.741+0000] {dag.py:4180} INFO - Setting next_dagrun for parallel_weather_dag to None, run_after=None
[2026-09-08T04:39:35.757+0000] {processor.py:208} INFO - Processing /opt/airflow/dags/04_parallel_weather.py took 0.074 seconds
[2026-09-08T04:40:06.279+0000] {processor.py:186} INFO - Started process (PID=327) to work on /opt/airflow/dags/04_parallel_weather.py
[2026-09-08T04:40:06.279+0000] {processor.py:914} INFO - Processing file /opt/airflow/dags/04_parallel_weather.py for tasks to queue
[2026-09-08T04:40:06.280+0000] {logging_mixin.py:190} INFO - [2026-09-08T04:40:06.280+0000] {dagbag.py:588} INFO - Filling up the DagBag from /opt/airflow/dags/04_parallel_weather.py
[2026-09-08T04:40:06.294+0000] {processor.py:925} INFO - DAG(s) 'parallel_weather_dag' retrieved from /opt/airflow/dags/04_parallel_weather.py
[2026-09-08T04:40:06.317+0000] {logging_mixin.py:190} INFO - [2026-09-08T04:40:06.317+0000] {dag.py:3239} INFO - Sync 1 DAGs
[2026-09-08T04:40:06.328+0000] {logging_mixin.py:190} INFO - [2026-09-08T04:40:06.328+0000] {dag.py:4180} INFO - Setting next_dagrun for parallel_weather_dag to None, run_after=None
[2026-09-08T04:40:06.345+0000] {processor.py:208} INFO - Processing /opt/airflow/dags/04_parallel_weather.py took 0.072 seconds
[2026-09-08T04:40:36.932+0000] {processor.py:186} INFO - Started process (PID=341) to work on /opt/airflow/dags/04_parallel_weather.py
[2026-09-08T04:40:36.932+0000] {processor.py:914} INFO - Processing file /opt/airflow/dags/04_parallel_weather.py for tasks to queue
[2026-09-08T04:40:36.933+0000] {logging_mixin.py:190} INFO - [2026-09-08T04:40:36.933+0000] {dagbag.py:588} INFO - Filling up the DagBag from /opt/airflow/dags/04_parallel_weather.py
[2026-09-08T04:40:36.949+0000] {processor.py:925} INFO - DAG(s) 'parallel_weather_dag' retrieved from /opt/airflow/dags/04_parallel_weather.py
[2026-09-08T04:40:36.976+0000] {logging_mixin.py:190} INFO - [2026-09-08T04:40:36.976+0000] {dag.py:3239} INFO - Sync 1 DAGs
[2026-09-08T04:40:36.989+0000] {logging_mixin.py:190} INFO - [2026-09-08T04:40:36.989+0000] {dag.py:4180} INFO - Setting next_dagrun for parallel_weather_dag to None, run_after=None
[2026-09-08T04:40:37.010+0000] {processor.py:208} INFO - Processing /opt/airflow/dags/04_parallel_weather.py took 0.084 seconds
[2026-09-08T04:41:07.645+0000] {processor.py:186} INFO - Started process (PID=355) to work on /opt/airflow/dags/04_parallel_weather.py
[2026-09-08T04:41:07.646+0000] {processor.py:914} INFO - Processing file /opt/airflow/dags/04_parallel_weather.py for tasks to queue
[2026-09-08T04:41:07.648+0000] {logging_mixin.py:190} INFO - [2026-09-08T04:41:07.647+0000] {dagbag.py:588} INFO - Filling up the DagBag from /opt/airflow/dags/04_parallel_weather.py
[2026-09-08T04:41:07.665+0000] {processor.py:925} INFO - DAG(s) 'parallel_weather_dag' retrieved from /opt/airflow/dags/04_parallel_weather.py
[2026-09-08T04:41:07.697+0000] {logging_mixin.py:190} INFO - [2026-09-08T04:41:07.697+0000] {dag.py:3239} INFO - Sync 1 DAGs
[2026-09-08T04:41:07.713+0000] {logging_mixin.py:190} INFO - [2026-09-08T04:41:07.713+0000] {dag.py:4180} INFO - Setting next_dagrun for parallel_weather_dag to None, run_after=None
[2026-09-08T04:41:07.736+0000] {processor.py:208} INFO - Processing /opt/airflow/dags/04_parallel_weather.py took 0.096 seconds
[2026-09-08T04:41:38.237+0000] {processor.py:186} INFO - Started process (PID=369) to work on /opt/airflow/dags/04_parallel_weather.py
[2026-09-08T04:41:38.238+0000] {processor.py:914} INFO - Processing file /opt/airflow/dags/04_parallel_weather.py for tasks to queue
[2026-09-08T04:41:38.240+0000] {logging_mixin.py:190} INFO - [2026-09-08T04:41:38.239+0000] {dagbag.py:588} INFO - Filling up the DagBag from /opt/airflow/dags/04_parallel_weather.py
[2026-09-08T04:41:38.255+0000] {processor.py:925} INFO - DAG(s) 'parallel_weather_dag' retrieved from /opt/airflow/dags/04_parallel_weather.py
[2026-09-08T04:41:38.280+0000] {logging_mixin.py:190} INFO - [2026-09-08T04:41:38.280+0000] {dag.py:3239} INFO - Sync 1 DAGs
[2026-09-08T04:41:38.292+0000] {logging_mixin.py:190} INFO - [2026-09-08T04:41:38.292+0000] {dag.py:4180} INFO - Setting next_dagrun for parallel_weather_dag to None, run_after=None
[2026-09-08T04:41:38.312+0000] {processor.py:208} INFO - Processing /opt/airflow/dags/04_parallel_weather.py took 0.081 seconds
[2026-09-08T04:42:09.003+0000] {processor.py:186} INFO - Started process (PID=383) to work on /opt/airflow/dags/04_parallel_weather.py
[2026-09-08T04:42:09.004+0000] {processor.py:914} INFO - Processing file /opt/airflow/dags/04_parallel_weather.py for tasks to queue
[2026-09-08T04:42:09.005+0000] {logging_mixin.py:190} INFO - [2026-09-08T04:42:09.005+0000] {dagbag.py:588} INFO - Filling up the DagBag from /opt/airflow/dags/04_parallel_weather.py
[2026-09-08T04:42:09.021+0000] {processor.py:925} INFO - DAG(s) 'parallel_weather_dag' retrieved from /opt/airflow/dags/04_parallel_weather.py
[2026-09-08T04:42:09.044+0000] {logging_mixin.py:190} INFO - [2026-09-08T04:42:09.044+0000] {dag.py:3239} INFO - Sync 1 DAGs
[2026-09-08T04:42:09.057+0000] {logging_mixin.py:190} INFO - [2026-09-08T04:42:09.056+0000] {dag.py:4180} INFO - Setting next_dagrun for parallel_weather_dag to None, run_after=None
[2026-09-08T04:42:09.090+0000] {processor.py:208} INFO - Processing /opt/airflow/dags/04_parallel_weather.py took 0.092 seconds
[2026-09-08T04:42:39.571+0000] {processor.py:186} INFO - Started process (PID=397) to work on /opt/airflow/dags/04_parallel_weather.py
[2026-09-08T04:42:39.571+0000] {processor.py:914} INFO - Processing file /opt/airflow/dags/04_parallel_weather.py for tasks to queue
[2026-09-08T04:42:39.572+0000] {logging_mixin.py:190} INFO - [2026-09-08T04:42:39.572+0000] {dagbag.py:588} INFO - Filling up the DagBag from /opt/airflow/dags/04_parallel_weather.py
[2026-09-08T04:42:39.589+0000] {processor.py:925} INFO - DAG(s) 'parallel_weather_dag' retrieved from /opt/airflow/dags/04_parallel_weather.py
[2026-09-08T04:42:39.612+0000] {logging_mixin.py:190} INFO - [2026-09-08T04:42:39.612+0000] {dag.py:3239} INFO - Sync 1 DAGs
[2026-09-08T04:42:39.626+0000] {logging_mixin.py:190} INFO - [2026-09-08T04:42:39.626+0000] {dag.py:4180} INFO - Setting next_dagrun for parallel_weather_dag to None, run_after=None
[2026-09-08T04:42:39.646+0000] {processor.py:208} INFO - Processing /opt/airflow/dags/04_parallel_weather.py took 0.081 seconds
[2026-09-08T04:43:10.119+0000] {processor.py:186} INFO - Started process (PID=411) to work on /opt/airflow/dags/04_parallel_weather.py
[2026-09-08T04:43:10.120+0000] {processor.py:914} INFO - Processing file /opt/airflow/dags/04_parallel_weather.py for tasks to queue
[2026-09-08T04:43:10.122+0000] {logging_mixin.py:190} INFO - [2026-09-08T04:43:10.121+0000] {dagbag.py:588} INFO - Filling up the DagBag from /opt/airflow/dags/04_parallel_weather.py
[2026-09-08T04:43:10.144+0000] {processor.py:925} INFO - DAG(s) 'parallel_weather_dag' retrieved from /opt/airflow/dags/04_parallel_weather.py
[2026-09-08T04:43:10.173+0000] {logging_mixin.py:190} INFO - [2026-09-08T04:43:10.172+0000] {dag.py:3239} INFO - Sync 1 DAGs
[2026-09-08T04:43:10.186+0000] {logging_mixin.py:190} INFO - [2026-09-08T04:43:10.186+0000] {dag.py:4180} INFO - Setting next_dagrun for parallel_weather_dag to None, run_after=None
[2026-09-08T04:43:10.202+0000] {processor.py:208} INFO - Processing /opt/airflow/dags/04_parallel_weather.py took 0.088 seconds
[2026-09-08T04:43:40.660+0000] {processor.py:186} INFO - Started process (PID=425) to work on /opt/airflow/dags/04_parallel_weather.py
[2026-09-08T04:43:40.661+0000] {processor.py:914} INFO - Processing file /opt/airflow/dags/04_parallel_weather.py for tasks to queue
[2026-09-08T04:43:40.662+0000] {logging_mixin.py:190} INFO - [2026-09-08T04:43:40.662+0000] {dagbag.py:588} INFO - Filling up the DagBag from /opt/airflow/dags/04_parallel_weather.py
[2026-09-08T04:43:40.677+0000] {processor.py:925} INFO - DAG(s) 'parallel_weather_dag' retrieved from /opt/airflow/dags/04_parallel_weather.py
[2026-09-08T04:43:40.699+0000] {logging_mixin.py:190} INFO - [2026-09-08T04:43:40.698+0000] {dag.py:3239} INFO - Sync 1 DAGs
[2026-09-08T04:43:40.711+0000] {logging_mixin.py:190} INFO - [2026-09-08T04:43:40.711+0000] {dag.py:4180} INFO - Setting next_dagrun for parallel_weather_dag to None, run_after=None
[2026-09-08T04:43:40.728+0000] {processor.py:208} INFO - Processing /opt/airflow/dags/04_parallel_weather.py took 0.072 seconds
[2026-09-08T04:44:11.281+0000] {processor.py:186} INFO - Started process (PID=439) to work on /opt/airflow/dags/04_parallel_weather.py
[2026-09-08T04:44:11.282+0000] {processor.py:914} INFO - Processing file /opt/airflow/dags/04_parallel_weather.py for tasks to queue
[2026-09-08T04:44:11.283+0000] {logging_mixin.py:190} INFO - [2026-09-08T04:44:11.282+0000] {dagbag.py:588} INFO - Filling up the DagBag from /opt/airflow/dags/04_parallel_weather.py
[2026-09-08T04:44:11.295+0000] {processor.py:925} INFO - DAG(s) 'parallel_weather_dag' retrieved from /opt/airflow/dags/04_parallel_weather.py
[2026-09-08T04:44:11.317+0000] {logging_mixin.py:190} INFO - [2026-09-08T04:44:11.317+0000] {dag.py:3239} INFO - Sync 1 DAGs
[2026-09-08T04:44:11.331+0000] {logging_mixin.py:190} INFO - [2026-09-08T04:44:11.331+0000] {dag.py:4180} INFO - Setting next_dagrun for parallel_weather_dag to None, run_after=None
[2026-09-08T04:44:11.350+0000] {processor.py:208} INFO - Processing /opt/airflow/dags/04_parallel_weather.py took 0.075 seconds
[2026-09-08T04:44:41.800+0000] {processor.py:186} INFO - Started process (PID=453) to work on /opt/airflow/dags/04_parallel_weather.py
[2026-09-08T04:44:41.800+0000] {processor.py:914} INFO - Processing file /opt/airflow/dags/04_parallel_weather.py for tasks to queue
[2026-09-08T04:44:41.801+0000] {logging_mixin.py:190} INFO - [2026-09-08T04:44:41.801+0000] {dagbag.py:588} INFO - Filling up the DagBag from /opt/airflow/dags/04_parallel_weather.py
[2026-09-08T04:44:41.814+0000] {processor.py:925} INFO - DAG(s) 'parallel_weather_dag' retrieved from /opt/airflow/dags/04_parallel_weather.py
[2026-09-08T04:44:41.838+0000] {logging_mixin.py:190} INFO - [2026-09-08T04:44:41.838+0000] {dag.py:3239} INFO - Sync 1 DAGs
[2026-09-08T04:44:41.849+0000] {logging_mixin.py:190} INFO - [2026-09-08T04:44:41.849+0000] {dag.py:4180} INFO - Setting next_dagrun for parallel_weather_dag to None, run_after=None
[2026-09-08T04:44:41.867+0000] {processor.py:208} INFO - Processing /opt/airflow/dags/04_parallel_weather.py took 0.072 seconds
[2026-09-08T04:45:12.288+0000] {processor.py:186} INFO - Started process (PID=467) to work on /opt/airflow/dags/04_parallel_weather.py
[2026-09-08T04:45:12.288+0000] {processor.py:914} INFO - Processing file /opt/airflow/dags/04_parallel_weather.py for tasks to queue
[2026-09-08T04:45:12.290+0000] {logging_mixin.py:190} INFO - [2026-09-08T04:45:12.290+0000] {dagbag.py:588} INFO - Filling up the DagBag from /opt/airflow/dags/04_parallel_weather.py
[2026-09-08T04:45:12.310+0000] {processor.py:925} INFO - DAG(s) 'parallel_weather_dag' retrieved from /opt/airflow/dags/04_parallel_weather.py
[2026-09-08T04:45:12.336+0000] {logging_mixin.py:190} INFO - [2026-09-08T04:45:12.335+0000] {dag.py:3239} INFO - Sync 1 DAGs
[2026-09-08T04:45:12.347+0000] {logging_mixin.py:190} INFO - [2026-09-08T04:45:12.347+0000] {dag.py:4180} INFO - Setting next_dagrun for parallel_weather_dag to None, run_after=None
[2026-09-08T04:45:12.367+0000] {processor.py:208} INFO - Processing /opt/airflow/dags/04_parallel_weather.py took 0.088 seconds
[2026-09-08T04:45:42.880+0000] {processor.py:186} INFO - Started process (PID=481) to work on /opt/airflow/dags/04_parallel_weather.py
[2026-09-08T04:45:42.881+0000] {processor.py:914} INFO - Processing file /opt/airflow/dags/04_parallel_weather.py for tasks to queue
[2026-09-08T04:45:42.882+0000] {logging_mixin.py:190} INFO - [2026-09-08T04:45:42.882+0000] {dagbag.py:588} INFO - Filling up the DagBag from /opt/airflow/dags/04_parallel_weather.py
[2026-09-08T04:45:42.898+0000] {processor.py:925} INFO - DAG(s) 'parallel_weather_dag' retrieved from /opt/airflow/dags/04_parallel_weather.py
[2026-09-08T04:45:42.922+0000] {logging_mixin.py:190} INFO - [2026-09-08T04:45:42.922+0000] {dag.py:3239} INFO - Sync 1 DAGs
[2026-09-08T04:45:42.935+0000] {logging_mixin.py:190} INFO - [2026-09-08T04:45:42.934+0000] {dag.py:4180} INFO - Setting next_dagrun for parallel_weather_dag to None, run_after=None
[2026-09-08T04:45:42.953+0000] {processor.py:208} INFO - Processing /opt/airflow/dags/04_parallel_weather.py took 0.079 seconds
[2026-09-08T04:46:13.460+0000] {processor.py:186} INFO - Started process (PID=495) to work on /opt/airflow/dags/04_parallel_weather.py
[2026-09-08T04:46:13.461+0000] {processor.py:914} INFO - Processing file /opt/airflow/dags/04_parallel_weather.py for tasks to queue
[2026-09-08T04:46:13.462+0000] {logging_mixin.py:190} INFO - [2026-09-08T04:46:13.462+0000] {dagbag.py:588} INFO - Filling up the DagBag from /opt/airflow/dags/04_parallel_weather.py
[2026-09-08T04:46:13.478+0000] {processor.py:925} INFO - DAG(s) 'parallel_weather_dag' retrieved from /opt/airflow/dags/04_parallel_weather.py
[2026-09-08T04:46:13.504+0000] {logging_mixin.py:190} INFO - [2026-09-08T04:46:13.504+0000] {dag.py:3239} INFO - Sync 1 DAGs
[2026-09-08T04:46:13.516+0000] {logging_mixin.py:190} INFO - [2026-09-08T04:46:13.516+0000] {dag.py:4180} INFO - Setting next_dagrun for parallel_weather_dag to None, run_after=None
[2026-09-08T04:46:13.533+0000] {processor.py:208} INFO - Processing /opt/airflow/dags/04_parallel_weather.py took 0.078 seconds
[2026-09-08T04:46:44.137+0000] {processor.py:186} INFO - Started process (PID=509) to work on /opt/airflow/dags/04_parallel_weather.py
[2026-09-08T04:46:44.137+0000] {processor.py:914} INFO - Processing file /opt/airflow/dags/04_parallel_weather.py for tasks to queue
[2026-09-08T04:46:44.138+0000] {logging_mixin.py:190} INFO - [2026-09-08T04:46:44.138+0000] {dagbag.py:588} INFO - Filling up the DagBag from /opt/airflow/dags/04_parallel_weather.py
[2026-09-08T04:46:44.151+0000] {processor.py:925} INFO - DAG(s) 'parallel_weather_dag' retrieved from /opt/airflow/dags/04_parallel_weather.py
[2026-09-08T04:46:44.173+0000] {logging_mixin.py:190} INFO - [2026-09-08T04:46:44.173+0000] {dag.py:3239} INFO - Sync 1 DAGs
[2026-09-08T04:46:44.186+0000] {logging_mixin.py:190} INFO - [2026-09-08T04:46:44.186+0000] {dag.py:4180} INFO - Setting next_dagrun for parallel_weather_dag to None, run_after=None
[2026-09-08T04:46:44.205+0000] {processor.py:208} INFO - Processing /opt/airflow/dags/04_parallel_weather.py took 0.073 seconds
[2026-09-08T04:47:14.712+0000] {processor.py:186} INFO - Started process (PID=523) to work on /opt/airflow/dags/04_parallel_weather.py
[2026-09-08T04:47:14.712+0000] {processor.py:914} INFO - Processing file /opt/airflow/dags/04_parallel_weather.py for tasks to queue
[2026-09-08T04:47:14.714+0000] {logging_mixin.py:190} INFO - [2026-09-08T04:47:14.713+0000] {dagbag.py:588} INFO - Filling up the DagBag from /opt/airflow/dags/04_parallel_weather.py
[2026-09-08T04:47:14.728+0000] {processor.py:925} INFO - DAG(s) 'parallel_weather_dag' retrieved from /opt/airflow/dags/04_parallel_weather.py
[2026-09-08T04:47:14.750+0000] {logging_mixin.py:190} INFO - [2026-09-08T04:47:14.750+0000] {dag.py:3239} INFO - Sync 1 DAGs
[2026-09-08T04:47:14.762+0000] {logging_mixin.py:190} INFO - [2026-09-08T04:47:14.762+0000] {dag.py:4180} INFO - Setting next_dagrun for parallel_weather_dag to None, run_after=None
[2026-09-08T04:47:14.781+0000] {processor.py:208} INFO - Processing /opt/airflow/dags/04_parallel_weather.py took 0.074 seconds
[2026-09-08T04:47:45.455+0000] {processor.py:186} INFO - Started process (PID=538) to work on /opt/airflow/dags/04_parallel_weather.py
[2026-09-08T04:47:45.456+0000] {processor.py:914} INFO - Processing file /opt/airflow/dags/04_parallel_weather.py for tasks to queue
[2026-09-08T04:47:45.458+0000] {logging_mixin.py:190} INFO - [2026-09-08T04:47:45.457+0000] {dagbag.py:588} INFO - Filling up the DagBag from /opt/airflow/dags/04_parallel_weather.py
[2026-09-08T04:47:45.479+0000] {processor.py:925} INFO - DAG(s) 'parallel_weather_dag' retrieved from /opt/airflow/dags/04_parallel_weather.py
[2026-09-08T04:47:45.516+0000] {logging_mixin.py:190} INFO - [2026-09-08T04:47:45.516+0000] {dag.py:3239} INFO - Sync 1 DAGs
[2026-09-08T04:47:45.535+0000] {logging_mixin.py:190} INFO - [2026-09-08T04:47:45.535+0000] {dag.py:4180} INFO - Setting next_dagrun for parallel_weather_dag to None, run_after=None
[2026-09-08T04:47:45.558+0000] {processor.py:208} INFO - Processing /opt/airflow/dags/04_parallel_weather.py took 0.110 seconds
[2026-09-08T04:48:16.088+0000] {processor.py:186} INFO - Started process (PID=552) to work on /opt/airflow/dags/04_parallel_weather.py
[2026-09-08T04:48:16.089+0000] {processor.py:914} INFO - Processing file /opt/airflow/dags/04_parallel_weather.py for tasks to queue
[2026-09-08T04:48:16.090+0000] {logging_mixin.py:190} INFO - [2026-09-08T04:48:16.090+0000] {dagbag.py:588} INFO - Filling up the DagBag from /opt/airflow/dags/04_parallel_weather.py
[2026-09-08T04:48:16.110+0000] {processor.py:925} INFO - DAG(s) 'parallel_weather_dag' retrieved from /opt/airflow/dags/04_parallel_weather.py
[2026-09-08T04:48:16.135+0000] {logging_mixin.py:190} INFO - [2026-09-08T04:48:16.135+0000] {dag.py:3239} INFO - Sync 1 DAGs
[2026-09-08T04:48:16.149+0000] {logging_mixin.py:190} INFO - [2026-09-08T04:48:16.148+0000] {dag.py:4180} INFO - Setting next_dagrun for parallel_weather_dag to None, run_after=None
[2026-09-08T04:48:16.168+0000] {processor.py:208} INFO - Processing /opt/airflow/dags/04_parallel_weather.py took 0.086 seconds
[2026-09-08T04:48:46.698+0000] {processor.py:186} INFO - Started process (PID=566) to work on /opt/airflow/dags/04_parallel_weather.py
[2026-09-08T04:48:46.699+0000] {processor.py:914} INFO - Processing file /opt/airflow/dags/04_parallel_weather.py for tasks to queue
[2026-09-08T04:48:46.701+0000] {logging_mixin.py:190} INFO - [2026-09-08T04:48:46.700+0000] {dagbag.py:588} INFO - Filling up the DagBag from /opt/airflow/dags/04_parallel_weather.py
[2026-09-08T04:48:46.720+0000] {processor.py:925} INFO - DAG(s) 'parallel_weather_dag' retrieved from /opt/airflow/dags/04_parallel_weather.py
[2026-09-08T04:48:46.742+0000] {logging_mixin.py:190} INFO - [2026-09-08T04:48:46.742+0000] {dag.py:3239} INFO - Sync 1 DAGs
[2026-09-08T04:48:46.756+0000] {logging_mixin.py:190} INFO - [2026-09-08T04:48:46.756+0000] {dag.py:4180} INFO - Setting next_dagrun for parallel_weather_dag to None, run_after=None
[2026-09-08T04:48:46.778+0000] {processor.py:208} INFO - Processing /opt/airflow/dags/04_parallel_weather.py took 0.086 seconds
[2026-09-08T04:49:17.181+0000] {processor.py:186} INFO - Started process (PID=580) to work on /opt/airflow/dags/04_parallel_weather.py
[2026-09-08T04:49:17.181+0000] {processor.py:914} INFO - Processing file /opt/airflow/dags/04_parallel_weather.py for tasks to queue
[2026-09-08T04:49:17.183+0000] {logging_mixin.py:190} INFO - [2026-09-08T04:49:17.182+0000] {dagbag.py:588} INFO - Filling up the DagBag from /opt/airflow/dags/04_parallel_weather.py
[2026-09-08T04:49:17.198+0000] {processor.py:925} INFO - DAG(s) 'parallel_weather_dag' retrieved from /opt/airflow/dags/04_parallel_weather.py
[2026-09-08T04:49:17.218+0000] {logging_mixin.py:190} INFO - [2026-09-08T04:49:17.218+0000] {dag.py:3239} INFO - Sync 1 DAGs
[2026-09-08T04:49:17.230+0000] {logging_mixin.py:190} INFO - [2026-09-08T04:49:17.230+0000] {dag.py:4180} INFO - Setting next_dagrun for parallel_weather_dag to None, run_after=None
[2026-09-08T04:49:17.247+0000] {processor.py:208} INFO - Processing /opt/airflow/dags/04_parallel_weather.py took 0.072 seconds
[2026-09-08T04:49:47.740+0000] {processor.py:186} INFO - Started process (PID=595) to work on /opt/airflow/dags/04_parallel_weather.py
[2026-09-08T04:49:47.741+0000] {processor.py:914} INFO - Processing file /opt/airflow/dags/04_parallel_weather.py for tasks to queue
[2026-09-08T04:49:47.743+0000] {logging_mixin.py:190} INFO - [2026-09-08T04:49:47.742+0000] {dagbag.py:588} INFO - Filling up the DagBag from /opt/airflow/dags/04_parallel_weather.py
[2026-09-08T04:49:47.756+0000] {processor.py:925} INFO - DAG(s) 'parallel_weather_dag' retrieved from /opt/airflow/dags/04_parallel_weather.py
[2026-09-08T04:49:47.777+0000] {logging_mixin.py:190} INFO - [2026-09-08T04:49:47.777+0000] {dag.py:3239} INFO - Sync 1 DAGs
[2026-09-08T04:49:47.791+0000] {logging_mixin.py:190} INFO - [2026-09-08T04:49:47.790+0000] {dag.py:4180} INFO - Setting next_dagrun for parallel_weather_dag to None, run_after=None
[2026-09-08T04:49:47.814+0000] {processor.py:208} INFO - Processing /opt/airflow/dags/04_parallel_weather.py took 0.081 seconds
[2026-09-08T04:50:18.470+0000] {processor.py:186} INFO - Started process (PID=609) to work on /opt/airflow/dags/04_parallel_weather.py
[2026-09-08T04:50:18.471+0000] {processor.py:914} INFO - Processing file /opt/airflow/dags/04_parallel_weather.py for tasks to queue
[2026-09-08T04:50:18.473+0000] {logging_mixin.py:190} INFO - [2026-09-08T04:50:18.472+0000] {dagbag.py:588} INFO - Filling up the DagBag from /opt/airflow/dags/04_parallel_weather.py
[2026-09-08T04:50:18.493+0000] {processor.py:925} INFO - DAG(s) 'parallel_weather_dag' retrieved from /opt/airflow/dags/04_parallel_weather.py
[2026-09-08T04:50:18.521+0000] {logging_mixin.py:190} INFO - [2026-09-08T04:50:18.521+0000] {dag.py:3239} INFO - Sync 1 DAGs
[2026-09-08T04:50:18.536+0000] {logging_mixin.py:190} INFO - [2026-09-08T04:50:18.536+0000] {dag.py:4180} INFO - Setting next_dagrun for parallel_weather_dag to None, run_after=None
[2026-09-08T04:50:18.557+0000] {processor.py:208} INFO - Processing /opt/airflow/dags/04_parallel_weather.py took 0.093 seconds
[2026-09-08T04:50:49.095+0000] {processor.py:186} INFO - Started process (PID=623) to work on /opt/airflow/dags/04_parallel_weather.py
[2026-09-08T04:50:49.096+0000] {processor.py:914} INFO - Processing file /opt/airflow/dags/04_parallel_weather.py for tasks to queue
[2026-09-08T04:50:49.097+0000] {logging_mixin.py:190} INFO - [2026-09-08T04:50:49.097+0000] {dagbag.py:588} INFO - Filling up the DagBag from /opt/airflow/dags/04_parallel_weather.py
[2026-09-08T04:50:49.116+0000] {processor.py:925} INFO - DAG(s) 'parallel_weather_dag' retrieved from /opt/airflow/dags/04_parallel_weather.py
[2026-09-08T04:50:49.140+0000] {logging_mixin.py:190} INFO - [2026-09-08T04:50:49.139+0000] {dag.py:3239} INFO - Sync 1 DAGs
[2026-09-08T04:50:49.153+0000] {logging_mixin.py:190} INFO - [2026-09-08T04:50:49.153+0000] {dag.py:4180} INFO - Setting next_dagrun for parallel_weather_dag to None, run_after=None
[2026-09-08T04:50:49.171+0000] {processor.py:208} INFO - Processing /opt/airflow/dags/04_parallel_weather.py took 0.081 seconds
[2026-09-08T04:51:19.657+0000] {processor.py:186} INFO - Started process (PID=637) to work on /opt/airflow/dags/04_parallel_weather.py
[2026-09-08T04:51:19.658+0000] {processor.py:914} INFO - Processing file /opt/airflow/dags/04_parallel_weather.py for tasks to queue
[2026-09-08T04:51:19.659+0000] {logging_mixin.py:190} INFO - [2026-09-08T04:51:19.659+0000] {dagbag.py:588} INFO - Filling up the DagBag from /opt/airflow/dags/04_parallel_weather.py
[2026-09-08T04:51:19.678+0000] {processor.py:925} INFO - DAG(s) 'parallel_weather_dag' retrieved from /opt/airflow/dags/04_parallel_weather.py
[2026-09-08T04:51:19.716+0000] {logging_mixin.py:190} INFO - [2026-09-08T04:51:19.716+0000] {dag.py:3239} INFO - Sync 1 DAGs
[2026-09-08T04:51:19.738+0000] {logging_mixin.py:190} INFO - [2026-09-08T04:51:19.738+0000] {dag.py:4180} INFO - Setting next_dagrun for parallel_weather_dag to None, run_after=None
[2026-09-08T04:51:19.761+0000] {processor.py:208} INFO - Processing /opt/airflow/dags/04_parallel_weather.py took 0.112 seconds
[2026-09-08T04:51:50.246+0000] {processor.py:186} INFO - Started process (PID=651) to work on /opt/airflow/dags/04_parallel_weather.py
[2026-09-08T04:51:50.247+0000] {processor.py:914} INFO - Processing file /opt/airflow/dags/04_parallel_weather.py for tasks to queue
[2026-09-08T04:51:50.248+0000] {logging_mixin.py:190} INFO - [2026-09-08T04:51:50.248+0000] {dagbag.py:588} INFO - Filling up the DagBag from /opt/airflow/dags/04_parallel_weather.py
[2026-09-08T04:51:50.264+0000] {processor.py:925} INFO - DAG(s) 'parallel_weather_dag' retrieved from /opt/airflow/dags/04_parallel_weather.py
[2026-09-08T04:51:50.292+0000] {logging_mixin.py:190} INFO - [2026-09-08T04:51:50.292+0000] {dag.py:3239} INFO - Sync 1 DAGs
[2026-09-08T04:51:50.309+0000] {logging_mixin.py:190} INFO - [2026-09-08T04:51:50.309+0000] {dag.py:4180} INFO - Setting next_dagrun for parallel_weather_dag to None, run_after=None
[2026-09-08T04:51:50.330+0000] {processor.py:208} INFO - Processing /opt/airflow/dags/04_parallel_weather.py took 0.090 seconds
[2026-09-08T04:52:20.785+0000] {processor.py:186} INFO - Started process (PID=665) to work on /opt/airflow/dags/04_parallel_weather.py
[2026-09-08T04:52:20.786+0000] {processor.py:914} INFO - Processing file /opt/airflow/dags/04_parallel_weather.py for tasks to queue
[2026-09-08T04:52:20.787+0000] {logging_mixin.py:190} INFO - [2026-09-08T04:52:20.787+0000] {dagbag.py:588} INFO - Filling up the DagBag from /opt/airflow/dags/04_parallel_weather.py
[2026-09-08T04:52:20.804+0000] {processor.py:925} INFO - DAG(s) 'parallel_weather_dag' retrieved from /opt/airflow/dags/04_parallel_weather.py
[2026-09-08T04:52:20.844+0000] {logging_mixin.py:190} INFO - [2026-09-08T04:52:20.844+0000] {dag.py:3239} INFO - Sync 1 DAGs
[2026-09-08T04:52:20.861+0000] {logging_mixin.py:190} INFO - [2026-09-08T04:52:20.860+0000] {dag.py:4180} INFO - Setting next_dagrun for parallel_weather_dag to None, run_after=None
[2026-09-08T04:52:20.884+0000] {processor.py:208} INFO - Processing /opt/airflow/dags/04_parallel_weather.py took 0.103 seconds
[2026-09-08T04:52:51.369+0000] {processor.py:186} INFO - Started process (PID=679) to work on /opt/airflow/dags/04_parallel_weather.py
[2026-09-08T04:52:51.369+0000] {processor.py:914} INFO - Processing file /opt/airflow/dags/04_parallel_weather.py for tasks to queue
[2026-09-08T04:52:51.370+0000] {logging_mixin.py:190} INFO - [2026-09-08T04:52:51.370+0000] {dagbag.py:588} INFO - Filling up the DagBag from /opt/airflow/dags/04_parallel_weather.py
[2026-09-08T04:52:51.383+0000] {processor.py:925} INFO - DAG(s) 'parallel_weather_dag' retrieved from /opt/airflow/dags/04_parallel_weather.py
[2026-09-08T04:52:51.410+0000] {logging_mixin.py:190} INFO - [2026-09-08T04:52:51.410+0000] {dag.py:3239} INFO - Sync 1 DAGs
[2026-09-08T04:52:51.425+0000] {logging_mixin.py:190} INFO - [2026-09-08T04:52:51.425+0000] {dag.py:4180} INFO - Setting next_dagrun for parallel_weather_dag to None, run_after=None
[2026-09-08T04:52:51.443+0000] {processor.py:208} INFO - Processing /opt/airflow/dags/04_parallel_weather.py took 0.079 seconds
[2026-09-08T04:53:21.942+0000] {processor.py:186} INFO - Started process (PID=693) to work on /opt/airflow/dags/04_parallel_weather.py
[2026-09-08T04:53:21.943+0000] {processor.py:914} INFO - Processing file /opt/airflow/dags/04_parallel_weather.py for tasks to queue
[2026-09-08T04:53:21.945+0000] {logging_mixin.py:190} INFO - [2026-09-08T04:53:21.944+0000] {dagbag.py:588} INFO - Filling up the DagBag from /opt/airflow/dags/04_parallel_weather.py
[2026-09-08T04:53:21.964+0000] {processor.py:925} INFO - DAG(s) 'parallel_weather_dag' retrieved from /opt/airflow/dags/04_parallel_weather.py
[2026-09-08T04:53:21.990+0000] {logging_mixin.py:190} INFO - [2026-09-08T04:53:21.989+0000] {dag.py:3239} INFO - Sync 1 DAGs
[2026-09-08T04:53:22.008+0000] {logging_mixin.py:190} INFO - [2026-09-08T04:53:22.008+0000] {dag.py:4180} INFO - Setting next_dagrun for parallel_weather_dag to None, run_after=None
[2026-09-08T04:53:22.037+0000] {processor.py:208} INFO - Processing /opt/airflow/dags/04_parallel_weather.py took 0.102 seconds
[2026-09-08T04:53:52.652+0000] {processor.py:186} INFO - Started process (PID=707) to work on /opt/airflow/dags/04_parallel_weather.py
[2026-09-08T04:53:52.656+0000] {processor.py:914} INFO - Processing file /opt/airflow/dags/04_parallel_weather.py for tasks to queue
[2026-09-08T04:53:52.657+0000] {logging_mixin.py:190} INFO - [2026-09-08T04:53:52.657+0000] {dagbag.py:588} INFO - Filling up the DagBag from /opt/airflow/dags/04_parallel_weather.py
[2026-09-08T04:53:52.681+0000] {processor.py:925} INFO - DAG(s) 'parallel_weather_dag' retrieved from /opt/airflow/dags/04_parallel_weather.py
[2026-09-08T04:53:52.705+0000] {logging_mixin.py:190} INFO - [2026-09-08T04:53:52.705+0000] {dag.py:3239} INFO - Sync 1 DAGs
[2026-09-08T04:53:52.717+0000] {logging_mixin.py:190} INFO - [2026-09-08T04:53:52.716+0000] {dag.py:4180} INFO - Setting next_dagrun for parallel_weather_dag to None, run_after=None
[2026-09-08T04:53:52.742+0000] {processor.py:208} INFO - Processing /opt/airflow/dags/04_parallel_weather.py took 0.097 seconds
[2026-09-08T04:54:23.205+0000] {processor.py:186} INFO - Started process (PID=721) to work on /opt/airflow/dags/04_parallel_weather.py
[2026-09-08T04:54:23.206+0000] {processor.py:914} INFO - Processing file /opt/airflow/dags/04_parallel_weather.py for tasks to queue
[2026-09-08T04:54:23.207+0000] {logging_mixin.py:190} INFO - [2026-09-08T04:54:23.207+0000] {dagbag.py:588} INFO - Filling up the DagBag from /opt/airflow/dags/04_parallel_weather.py
[2026-09-08T04:54:23.226+0000] {processor.py:925} INFO - DAG(s) 'parallel_weather_dag' retrieved from /opt/airflow/dags/04_parallel_weather.py
[2026-09-08T04:54:23.252+0000] {logging_mixin.py:190} INFO - [2026-09-08T04:54:23.252+0000] {dag.py:3239} INFO - Sync 1 DAGs
[2026-09-08T04:54:23.266+0000] {logging_mixin.py:190} INFO - [2026-09-08T04:54:23.266+0000] {dag.py:4180} INFO - Setting next_dagrun for parallel_weather_dag to None, run_after=None
[2026-09-08T04:54:23.285+0000] {processor.py:208} INFO - Processing /opt/airflow/dags/04_parallel_weather.py took 0.085 seconds
[2026-09-08T04:54:53.743+0000] {processor.py:186} INFO - Started process (PID=735) to work on /opt/airflow/dags/04_parallel_weather.py
[2026-09-08T04:54:53.743+0000] {processor.py:914} INFO - Processing file /opt/airflow/dags/04_parallel_weather.py for tasks to queue
[2026-09-08T04:54:53.745+0000] {logging_mixin.py:190} INFO - [2026-09-08T04:54:53.744+0000] {dagbag.py:588} INFO - Filling up the DagBag from /opt/airflow/dags/04_parallel_weather.py
[2026-09-08T04:54:53.762+0000] {processor.py:925} INFO - DAG(s) 'parallel_weather_dag' retrieved from /opt/airflow/dags/04_parallel_weather.py
[2026-09-08T04:54:53.784+0000] {logging_mixin.py:190} INFO - [2026-09-08T04:54:53.784+0000] {dag.py:3239} INFO - Sync 1 DAGs
[2026-09-08T04:54:53.797+0000] {logging_mixin.py:190} INFO - [2026-09-08T04:54:53.796+0000] {dag.py:4180} INFO - Setting next_dagrun for parallel_weather_dag to None, run_after=None
[2026-09-08T04:54:53.813+0000] {processor.py:208} INFO - Processing /opt/airflow/dags/04_parallel_weather.py took 0.076 seconds
[2026-09-08T04:55:24.309+0000] {processor.py:186} INFO - Started process (PID=749) to work on /opt/airflow/dags/04_parallel_weather.py
[2026-09-08T04:55:24.310+0000] {processor.py:914} INFO - Processing file /opt/airflow/dags/04_parallel_weather.py for tasks to queue
[2026-09-08T04:55:24.311+0000] {logging_mixin.py:190} INFO - [2026-09-08T04:55:24.311+0000] {dagbag.py:588} INFO - Filling up the DagBag from /opt/airflow/dags/04_parallel_weather.py
[2026-09-08T04:55:24.327+0000] {processor.py:925} INFO - DAG(s) 'parallel_weather_dag' retrieved from /opt/airflow/dags/04_parallel_weather.py
[2026-09-08T04:55:24.350+0000] {logging_mixin.py:190} INFO - [2026-09-08T04:55:24.350+0000] {dag.py:3239} INFO - Sync 1 DAGs
[2026-09-08T04:55:24.366+0000] {logging_mixin.py:190} INFO - [2026-09-08T04:55:24.365+0000] {dag.py:4180} INFO - Setting next_dagrun for parallel_weather_dag to None, run_after=None
[2026-09-08T04:55:24.383+0000] {processor.py:208} INFO - Processing /opt/airflow/dags/04_parallel_weather.py took 0.080 seconds
[2026-09-08T04:55:54.962+0000] {processor.py:186} INFO - Started process (PID=763) to work on /opt/airflow/dags/04_parallel_weather.py
[2026-09-08T04:55:54.963+0000] {processor.py:914} INFO - Processing file /opt/airflow/dags/04_parallel_weather.py for tasks to queue
[2026-09-08T04:55:54.964+0000] {logging_mixin.py:190} INFO - [2026-09-08T04:55:54.964+0000] {dagbag.py:588} INFO - Filling up the DagBag from /opt/airflow/dags/04_parallel_weather.py
[2026-09-08T04:55:54.976+0000] {processor.py:925} INFO - DAG(s) 'parallel_weather_dag' retrieved from /opt/airflow/dags/04_parallel_weather.py
[2026-09-08T04:55:54.997+0000] {logging_mixin.py:190} INFO - [2026-09-08T04:55:54.997+0000] {dag.py:3239} INFO - Sync 1 DAGs
[2026-09-08T04:55:55.008+0000] {logging_mixin.py:190} INFO - [2026-09-08T04:55:55.008+0000] {dag.py:4180} INFO - Setting next_dagrun for parallel_weather_dag to None, run_after=None
[2026-09-08T04:55:55.025+0000] {processor.py:208} INFO - Processing /opt/airflow/dags/04_parallel_weather.py took 0.067 seconds
[2026-09-08T04:56:25.480+0000] {processor.py:186} INFO - Started process (PID=775) to work on /opt/airflow/dags/04_parallel_weather.py
[2026-09-08T04:56:25.480+0000] {processor.py:914} INFO - Processing file /opt/airflow/dags/04_parallel_weather.py for tasks to queue
[2026-09-08T04:56:25.481+0000] {logging_mixin.py:190} INFO - [2026-09-08T04:56:25.481+0000] {dagbag.py:588} INFO - Filling up the DagBag from /opt/airflow/dags/04_parallel_weather.py
[2026-09-08T04:56:25.494+0000] {processor.py:925} INFO - DAG(s) 'parallel_weather_dag' retrieved from /opt/airflow/dags/04_parallel_weather.py
[2026-09-08T04:56:25.516+0000] {logging_mixin.py:190} INFO - [2026-09-08T04:56:25.515+0000] {dag.py:3239} INFO - Sync 1 DAGs
[2026-09-08T04:56:25.529+0000] {logging_mixin.py:190} INFO - [2026-09-08T04:56:25.529+0000] {dag.py:4180} INFO - Setting next_dagrun for parallel_weather_dag to None, run_after=None
[2026-09-08T04:56:25.545+0000] {processor.py:208} INFO - Processing /opt/airflow/dags/04_parallel_weather.py took 0.069 seconds
[2026-09-08T04:56:56.156+0000] {processor.py:186} INFO - Started process (PID=795) to work on /opt/airflow/dags/04_parallel_weather.py
[2026-09-08T04:56:56.157+0000] {processor.py:914} INFO - Processing file /opt/airflow/dags/04_parallel_weather.py for tasks to queue
[2026-09-08T04:56:56.159+0000] {logging_mixin.py:190} INFO - [2026-09-08T04:56:56.159+0000] {dagbag.py:588} INFO - Filling up the DagBag from /opt/airflow/dags/04_parallel_weather.py
[2026-09-08T04:56:56.178+0000] {processor.py:925} INFO - DAG(s) 'parallel_weather_dag' retrieved from /opt/airflow/dags/04_parallel_weather.py
[2026-09-08T04:56:56.204+0000] {logging_mixin.py:190} INFO - [2026-09-08T04:56:56.204+0000] {dag.py:3239} INFO - Sync 1 DAGs
[2026-09-08T04:56:56.216+0000] {logging_mixin.py:190} INFO - [2026-09-08T04:56:56.216+0000] {dag.py:4180} INFO - Setting next_dagrun for parallel_weather_dag to None, run_after=None
[2026-09-08T04:56:56.235+0000] {processor.py:208} INFO - Processing /opt/airflow/dags/04_parallel_weather.py took 0.085 seconds
[2026-09-08T04:57:26.935+0000] {processor.py:186} INFO - Started process (PID=809) to work on /opt/airflow/dags/04_parallel_weather.py
[2026-09-08T04:57:26.935+0000] {processor.py:914} INFO - Processing file /opt/airflow/dags/04_parallel_weather.py for tasks to queue
[2026-09-08T04:57:26.937+0000] {logging_mixin.py:190} INFO - [2026-09-08T04:57:26.936+0000] {dagbag.py:588} INFO - Filling up the DagBag from /opt/airflow/dags/04_parallel_weather.py
[2026-09-08T04:57:26.954+0000] {processor.py:925} INFO - DAG(s) 'parallel_weather_dag' retrieved from /opt/airflow/dags/04_parallel_weather.py
[2026-09-08T04:57:26.987+0000] {logging_mixin.py:190} INFO - [2026-09-08T04:57:26.986+0000] {dag.py:3239} INFO - Sync 1 DAGs
[2026-09-08T04:57:27.008+0000] {logging_mixin.py:190} INFO - [2026-09-08T04:57:27.008+0000] {dag.py:4180} INFO - Setting next_dagrun for parallel_weather_dag to None, run_after=None
[2026-09-08T04:57:27.033+0000] {processor.py:208} INFO - Processing /opt/airflow/dags/04_parallel_weather.py took 0.103 seconds
[2026-09-08T04:57:57.627+0000] {processor.py:186} INFO - Started process (PID=823) to work on /opt/airflow/dags/04_parallel_weather.py
[2026-09-08T04:57:57.627+0000] {processor.py:914} INFO - Processing file /opt/airflow/dags/04_parallel_weather.py for tasks to queue
[2026-09-08T04:57:57.629+0000] {logging_mixin.py:190} INFO - [2026-09-08T04:57:57.628+0000] {dagbag.py:588} INFO - Filling up the DagBag from /opt/airflow/dags/04_parallel_weather.py
[2026-09-08T04:57:57.642+0000] {processor.py:925} INFO - DAG(s) 'parallel_weather_dag' retrieved from /opt/airflow/dags/04_parallel_weather.py
[2026-09-08T04:57:57.668+0000] {logging_mixin.py:190} INFO - [2026-09-08T04:57:57.668+0000] {dag.py:3239} INFO - Sync 1 DAGs
[2026-09-08T04:57:57.679+0000] {logging_mixin.py:190} INFO - [2026-09-08T04:57:57.679+0000] {dag.py:4180} INFO - Setting next_dagrun for parallel_weather_dag to None, run_after=None
[2026-09-08T04:57:57.698+0000] {processor.py:208} INFO - Processing /opt/airflow/dags/04_parallel_weather.py took 0.077 seconds
[2026-09-08T04:58:28.406+0000] {processor.py:186} INFO - Started process (PID=837) to work on /opt/airflow/dags/04_parallel_weather.py
[2026-09-08T04:58:28.407+0000] {processor.py:914} INFO - Processing file /opt/airflow/dags/04_parallel_weather.py for tasks to queue
[2026-09-08T04:58:28.408+0000] {logging_mixin.py:190} INFO - [2026-09-08T04:58:28.408+0000] {dagbag.py:588} INFO - Filling up the DagBag from /opt/airflow/dags/04_parallel_weather.py
[2026-09-08T04:58:28.423+0000] {processor.py:925} INFO - DAG(s) 'parallel_weather_dag' retrieved from /opt/airflow/dags/04_parallel_weather.py
[2026-09-08T04:58:28.448+0000] {logging_mixin.py:190} INFO - [2026-09-08T04:58:28.447+0000] {dag.py:3239} INFO - Sync 1 DAGs
[2026-09-08T04:58:28.459+0000] {logging_mixin.py:190} INFO - [2026-09-08T04:58:28.459+0000] {dag.py:4180} INFO - Setting next_dagrun for parallel_weather_dag to None, run_after=None
[2026-09-08T04:58:28.479+0000] {processor.py:208} INFO - Processing /opt/airflow/dags/04_parallel_weather.py took 0.078 seconds
[2026-09-08T04:58:59.068+0000] {processor.py:186} INFO - Started process (PID=851) to work on /opt/airflow/dags/04_parallel_weather.py
[2026-09-08T04:58:59.069+0000] {processor.py:914} INFO - Processing file /opt/airflow/dags/04_parallel_weather.py for tasks to queue
[2026-09-08T04:58:59.070+0000] {logging_mixin.py:190} INFO - [2026-09-08T04:58:59.070+0000] {dagbag.py:588} INFO - Filling up the DagBag from /opt/airflow/dags/04_parallel_weather.py
[2026-09-08T04:58:59.088+0000] {processor.py:925} INFO - DAG(s) 'parallel_weather_dag' retrieved from /opt/airflow/dags/04_parallel_weather.py
[2026-09-08T04:58:59.115+0000] {logging_mixin.py:190} INFO - [2026-09-08T04:58:59.114+0000] {dag.py:3239} INFO - Sync 1 DAGs
[2026-09-08T04:58:59.131+0000] {logging_mixin.py:190} INFO - [2026-09-08T04:58:59.131+0000] {dag.py:4180} INFO - Setting next_dagrun for parallel_weather_dag to None, run_after=None
[2026-09-08T04:58:59.149+0000] {processor.py:208} INFO - Processing /opt/airflow/dags/04_parallel_weather.py took 0.086 seconds
[2026-09-08T04:59:29.900+0000] {processor.py:186} INFO - Started process (PID=864) to work on /opt/airflow/dags/04_parallel_weather.py
[2026-09-08T04:59:29.900+0000] {processor.py:914} INFO - Processing file /opt/airflow/dags/04_parallel_weather.py for tasks to queue
[2026-09-08T04:59:29.901+0000] {logging_mixin.py:190} INFO - [2026-09-08T04:59:29.901+0000] {dagbag.py:588} INFO - Filling up the DagBag from /opt/airflow/dags/04_parallel_weather.py
[2026-09-08T04:59:29.917+0000] {processor.py:925} INFO - DAG(s) 'parallel_weather_dag' retrieved from /opt/airflow/dags/04_parallel_weather.py
[2026-09-08T04:59:29.944+0000] {logging_mixin.py:190} INFO - [2026-09-08T04:59:29.944+0000] {dag.py:3239} INFO - Sync 1 DAGs
[2026-09-08T04:59:29.957+0000] {logging_mixin.py:190} INFO - [2026-09-08T04:59:29.957+0000] {dag.py:4180} INFO - Setting next_dagrun for parallel_weather_dag to None, run_after=None
[2026-09-08T04:59:29.994+0000] {processor.py:208} INFO - Processing /opt/airflow/dags/04_parallel_weather.py took 0.100 seconds
[2026-09-08T05:00:00.632+0000] {processor.py:186} INFO - Started process (PID=878) to work on /opt/airflow/dags/04_parallel_weather.py
[2026-09-08T05:00:00.633+0000] {processor.py:914} INFO - Processing file /opt/airflow/dags/04_parallel_weather.py for tasks to queue
[2026-09-08T05:00:00.634+0000] {logging_mixin.py:190} INFO - [2026-09-08T05:00:00.634+0000] {dagbag.py:588} INFO - Filling up the DagBag from /opt/airflow/dags/04_parallel_weather.py
[2026-09-08T05:00:00.648+0000] {processor.py:925} INFO - DAG(s) 'parallel_weather_dag' retrieved from /opt/airflow/dags/04_parallel_weather.py
[2026-09-08T05:00:00.676+0000] {logging_mixin.py:190} INFO - [2026-09-08T05:00:00.676+0000] {dag.py:3239} INFO - Sync 1 DAGs
[2026-09-08T05:00:00.691+0000] {logging_mixin.py:190} INFO - [2026-09-08T05:00:00.691+0000] {dag.py:4180} INFO - Setting next_dagrun for parallel_weather_dag to None, run_after=None
[2026-09-08T05:00:00.716+0000] {processor.py:208} INFO - Processing /opt/airflow/dags/04_parallel_weather.py took 0.090 seconds
[2026-09-08T05:00:31.345+0000] {processor.py:186} INFO - Started process (PID=892) to work on /opt/airflow/dags/04_parallel_weather.py
[2026-09-08T05:00:31.346+0000] {processor.py:914} INFO - Processing file /opt/airflow/dags/04_parallel_weather.py for tasks to queue
[2026-09-08T05:00:31.347+0000] {logging_mixin.py:190} INFO - [2026-09-08T05:00:31.347+0000] {dagbag.py:588} INFO - Filling up the DagBag from /opt/airflow/dags/04_parallel_weather.py
[2026-09-08T05:00:31.362+0000] {processor.py:925} INFO - DAG(s) 'parallel_weather_dag' retrieved from /opt/airflow/dags/04_parallel_weather.py
[2026-09-08T05:00:31.391+0000] {logging_mixin.py:190} INFO - [2026-09-08T05:00:31.391+0000] {dag.py:3239} INFO - Sync 1 DAGs
[2026-09-08T05:00:31.404+0000] {logging_mixin.py:190} INFO - [2026-09-08T05:00:31.404+0000] {dag.py:4180} INFO - Setting next_dagrun for parallel_weather_dag to None, run_after=None
[2026-09-08T05:00:31.426+0000] {processor.py:208} INFO - Processing /opt/airflow/dags/04_parallel_weather.py took 0.086 seconds
[2026-09-08T05:01:02.088+0000] {processor.py:186} INFO - Started process (PID=906) to work on /opt/airflow/dags/04_parallel_weather.py
[2026-09-08T05:01:02.089+0000] {processor.py:914} INFO - Processing file /opt/airflow/dags/04_parallel_weather.py for tasks to queue
[2026-09-08T05:01:02.090+0000] {logging_mixin.py:190} INFO - [2026-09-08T05:01:02.089+0000] {dagbag.py:588} INFO - Filling up the DagBag from /opt/airflow/dags/04_parallel_weather.py
[2026-09-08T05:01:02.104+0000] {processor.py:925} INFO - DAG(s) 'parallel_weather_dag' retrieved from /opt/airflow/dags/04_parallel_weather.py
[2026-09-08T05:01:02.125+0000] {logging_mixin.py:190} INFO - [2026-09-08T05:01:02.125+0000] {dag.py:3239} INFO - Sync 1 DAGs
[2026-09-08T05:01:02.138+0000] {logging_mixin.py:190} INFO - [2026-09-08T05:01:02.138+0000] {dag.py:4180} INFO - Setting next_dagrun for parallel_weather_dag to None, run_after=None
[2026-09-08T05:01:02.156+0000] {processor.py:208} INFO - Processing /opt/airflow/dags/04_parallel_weather.py took 0.074 seconds
[2026-09-08T05:01:32.688+0000] {processor.py:186} INFO - Started process (PID=920) to work on /opt/airflow/dags/04_parallel_weather.py
[2026-09-08T05:01:32.689+0000] {processor.py:914} INFO - Processing file /opt/airflow/dags/04_parallel_weather.py for tasks to queue
[2026-09-08T05:01:32.690+0000] {logging_mixin.py:190} INFO - [2026-09-08T05:01:32.689+0000] {dagbag.py:588} INFO - Filling up the DagBag from /opt/airflow/dags/04_parallel_weather.py
[2026-09-08T05:01:32.703+0000] {processor.py:925} INFO - DAG(s) 'parallel_weather_dag' retrieved from /opt/airflow/dags/04_parallel_weather.py
[2026-09-08T05:01:32.725+0000] {logging_mixin.py:190} INFO - [2026-09-08T05:01:32.725+0000] {dag.py:3239} INFO - Sync 1 DAGs
[2026-09-08T05:01:32.737+0000] {logging_mixin.py:190} INFO - [2026-09-08T05:01:32.737+0000] {dag.py:4180} INFO - Setting next_dagrun for parallel_weather_dag to None, run_after=None
[2026-09-08T05:01:32.754+0000] {processor.py:208} INFO - Processing /opt/airflow/dags/04_parallel_weather.py took 0.071 seconds
[2026-09-08T05:02:03.547+0000] {processor.py:186} INFO - Started process (PID=934) to work on /opt/airflow/dags/04_parallel_weather.py
[2026-09-08T05:02:03.547+0000] {processor.py:914} INFO - Processing file /opt/airflow/dags/04_parallel_weather.py for tasks to queue
[2026-09-08T05:02:03.548+0000] {logging_mixin.py:190} INFO - [2026-09-08T05:02:03.548+0000] {dagbag.py:588} INFO - Filling up the DagBag from /opt/airflow/dags/04_parallel_weather.py
[2026-09-08T05:02:03.560+0000] {processor.py:925} INFO - DAG(s) 'parallel_weather_dag' retrieved from /opt/airflow/dags/04_parallel_weather.py
[2026-09-08T05:02:03.583+0000] {logging_mixin.py:190} INFO - [2026-09-08T05:02:03.583+0000] {dag.py:3239} INFO - Sync 1 DAGs
[2026-09-08T05:02:03.596+0000] {logging_mixin.py:190} INFO - [2026-09-08T05:02:03.596+0000] {dag.py:4180} INFO - Setting next_dagrun for parallel_weather_dag to None, run_after=None
[2026-09-08T05:02:03.613+0000] {processor.py:208} INFO - Processing /opt/airflow/dags/04_parallel_weather.py took 0.071 seconds
[2026-09-08T05:02:34.257+0000] {processor.py:186} INFO - Started process (PID=948) to work on /opt/airflow/dags/04_parallel_weather.py
[2026-09-08T05:02:34.257+0000] {processor.py:914} INFO - Processing file /opt/airflow/dags/04_parallel_weather.py for tasks to queue
[2026-09-08T05:02:34.259+0000] {logging_mixin.py:190} INFO - [2026-09-08T05:02:34.258+0000] {dagbag.py:588} INFO - Filling up the DagBag from /opt/airflow/dags/04_parallel_weather.py
[2026-09-08T05:02:34.276+0000] {processor.py:925} INFO - DAG(s) 'parallel_weather_dag' retrieved from /opt/airflow/dags/04_parallel_weather.py
[2026-09-08T05:02:34.304+0000] {logging_mixin.py:190} INFO - [2026-09-08T05:02:34.304+0000] {dag.py:3239} INFO - Sync 1 DAGs
[2026-09-08T05:02:34.318+0000] {logging_mixin.py:190} INFO - [2026-09-08T05:02:34.318+0000] {dag.py:4180} INFO - Setting next_dagrun for parallel_weather_dag to None, run_after=None
[2026-09-08T05:02:34.340+0000] {processor.py:208} INFO - Processing /opt/airflow/dags/04_parallel_weather.py took 0.089 seconds
[2026-09-08T05:03:05.016+0000] {processor.py:186} INFO - Started process (PID=962) to work on /opt/airflow/dags/04_parallel_weather.py
[2026-09-08T05:03:05.017+0000] {processor.py:914} INFO - Processing file /opt/airflow/dags/04_parallel_weather.py for tasks to queue
[2026-09-08T05:03:05.018+0000] {logging_mixin.py:190} INFO - [2026-09-08T05:03:05.017+0000] {dagbag.py:588} INFO - Filling up the DagBag from /opt/airflow/dags/04_parallel_weather.py
[2026-09-08T05:03:05.032+0000] {processor.py:925} INFO - DAG(s) 'parallel_weather_dag' retrieved from /opt/airflow/dags/04_parallel_weather.py
[2026-09-08T05:03:05.058+0000] {logging_mixin.py:190} INFO - [2026-09-08T05:03:05.058+0000] {dag.py:3239} INFO - Sync 1 DAGs
[2026-09-08T05:03:05.073+0000] {logging_mixin.py:190} INFO - [2026-09-08T05:03:05.073+0000] {dag.py:4180} INFO - Setting next_dagrun for parallel_weather_dag to None, run_after=None
[2026-09-08T05:03:05.099+0000] {processor.py:208} INFO - Processing /opt/airflow/dags/04_parallel_weather.py took 0.088 seconds
[2026-09-08T05:03:35.864+0000] {processor.py:186} INFO - Started process (PID=975) to work on /opt/airflow/dags/04_parallel_weather.py
[2026-09-08T05:03:35.865+0000] {processor.py:914} INFO - Processing file /opt/airflow/dags/04_parallel_weather.py for tasks to queue
[2026-09-08T05:03:35.869+0000] {logging_mixin.py:190} INFO - [2026-09-08T05:03:35.869+0000] {dagbag.py:588} INFO - Filling up the DagBag from /opt/airflow/dags/04_parallel_weather.py
[2026-09-08T05:03:35.896+0000] {processor.py:925} INFO - DAG(s) 'parallel_weather_dag' retrieved from /opt/airflow/dags/04_parallel_weather.py
[2026-09-08T05:03:35.929+0000] {logging_mixin.py:190} INFO - [2026-09-08T05:03:35.929+0000] {dag.py:3239} INFO - Sync 1 DAGs
[2026-09-08T05:03:35.943+0000] {logging_mixin.py:190} INFO - [2026-09-08T05:03:35.942+0000] {dag.py:4180} INFO - Setting next_dagrun for parallel_weather_dag to None, run_after=None
[2026-09-08T05:03:35.964+0000] {processor.py:208} INFO - Processing /opt/airflow/dags/04_parallel_weather.py took 0.106 seconds
[2026-09-08T05:04:06.802+0000] {processor.py:186} INFO - Started process (PID=989) to work on /opt/airflow/dags/04_parallel_weather.py
[2026-09-08T05:04:06.805+0000] {processor.py:914} INFO - Processing file /opt/airflow/dags/04_parallel_weather.py for tasks to queue
[2026-09-08T05:04:06.807+0000] {logging_mixin.py:190} INFO - [2026-09-08T05:04:06.807+0000] {dagbag.py:588} INFO - Filling up the DagBag from /opt/airflow/dags/04_parallel_weather.py
[2026-09-08T05:04:06.825+0000] {processor.py:925} INFO - DAG(s) 'parallel_weather_dag' retrieved from /opt/airflow/dags/04_parallel_weather.py
[2026-09-08T05:04:06.854+0000] {logging_mixin.py:190} INFO - [2026-09-08T05:04:06.854+0000] {dag.py:3239} INFO - Sync 1 DAGs
[2026-09-08T05:04:06.873+0000] {logging_mixin.py:190} INFO - [2026-09-08T05:04:06.873+0000] {dag.py:4180} INFO - Setting next_dagrun for parallel_weather_dag to None, run_after=None
[2026-09-08T05:04:06.897+0000] {processor.py:208} INFO - Processing /opt/airflow/dags/04_parallel_weather.py took 0.102 seconds
[2026-09-08T05:04:37.793+0000] {processor.py:186} INFO - Started process (PID=1003) to work on /opt/airflow/dags/04_parallel_weather.py
[2026-09-08T05:04:37.794+0000] {processor.py:914} INFO - Processing file /opt/airflow/dags/04_parallel_weather.py for tasks to queue
[2026-09-08T05:04:37.795+0000] {logging_mixin.py:190} INFO - [2026-09-08T05:04:37.795+0000] {dagbag.py:588} INFO - Filling up the DagBag from /opt/airflow/dags/04_parallel_weather.py
[2026-09-08T05:04:37.822+0000] {processor.py:925} INFO - DAG(s) 'parallel_weather_dag' retrieved from /opt/airflow/dags/04_parallel_weather.py
[2026-09-08T05:04:37.854+0000] {logging_mixin.py:190} INFO - [2026-09-08T05:04:37.853+0000] {dag.py:3239} INFO - Sync 1 DAGs
[2026-09-08T05:04:37.871+0000] {logging_mixin.py:190} INFO - [2026-09-08T05:04:37.870+0000] {dag.py:4180} INFO - Setting next_dagrun for parallel_weather_dag to None, run_after=None
[2026-09-08T05:04:37.902+0000] {processor.py:208} INFO - Processing /opt/airflow/dags/04_parallel_weather.py took 0.114 seconds
[2026-09-08T05:05:08.838+0000] {processor.py:186} INFO - Started process (PID=1017) to work on /opt/airflow/dags/04_parallel_weather.py
[2026-09-08T05:05:08.839+0000] {processor.py:914} INFO - Processing file /opt/airflow/dags/04_parallel_weather.py for tasks to queue
[2026-09-08T05:05:08.841+0000] {logging_mixin.py:190} INFO - [2026-09-08T05:05:08.840+0000] {dagbag.py:588} INFO - Filling up the DagBag from /opt/airflow/dags/04_parallel_weather.py
[2026-09-08T05:05:08.860+0000] {processor.py:925} INFO - DAG(s) 'parallel_weather_dag' retrieved from /opt/airflow/dags/04_parallel_weather.py
[2026-09-08T05:05:08.894+0000] {logging_mixin.py:190} INFO - [2026-09-08T05:05:08.894+0000] {dag.py:3239} INFO - Sync 1 DAGs
[2026-09-08T05:05:08.916+0000] {logging_mixin.py:190} INFO - [2026-09-08T05:05:08.916+0000] {dag.py:4180} INFO - Setting next_dagrun for parallel_weather_dag to None, run_after=None
[2026-09-08T05:05:08.946+0000] {processor.py:208} INFO - Processing /opt/airflow/dags/04_parallel_weather.py took 0.119 seconds
[2026-09-08T05:05:39.033+0000] {processor.py:186} INFO - Started process (PID=1029) to work on /opt/airflow/dags/04_parallel_weather.py
[2026-09-08T05:05:39.036+0000] {processor.py:914} INFO - Processing file /opt/airflow/dags/04_parallel_weather.py for tasks to queue
[2026-09-08T05:05:39.038+0000] {logging_mixin.py:190} INFO - [2026-09-08T05:05:39.038+0000] {dagbag.py:588} INFO - Filling up the DagBag from /opt/airflow/dags/04_parallel_weather.py
[2026-09-08T05:05:39.061+0000] {processor.py:925} INFO - DAG(s) 'parallel_weather_dag' retrieved from /opt/airflow/dags/04_parallel_weather.py
[2026-09-08T05:05:39.100+0000] {logging_mixin.py:190} INFO - [2026-09-08T05:05:39.100+0000] {dag.py:3239} INFO - Sync 1 DAGs
[2026-09-08T05:05:39.117+0000] {logging_mixin.py:190} INFO - [2026-09-08T05:05:39.117+0000] {dag.py:4180} INFO - Setting next_dagrun for parallel_weather_dag to None, run_after=None
[2026-09-08T05:05:39.145+0000] {processor.py:208} INFO - Processing /opt/airflow/dags/04_parallel_weather.py took 0.118 seconds
[2026-09-08T05:06:09.265+0000] {processor.py:186} INFO - Started process (PID=1043) to work on /opt/airflow/dags/04_parallel_weather.py
[2026-09-08T05:06:09.268+0000] {processor.py:914} INFO - Processing file /opt/airflow/dags/04_parallel_weather.py for tasks to queue
[2026-09-08T05:06:09.269+0000] {logging_mixin.py:190} INFO - [2026-09-08T05:06:09.269+0000] {dagbag.py:588} INFO - Filling up the DagBag from /opt/airflow/dags/04_parallel_weather.py
[2026-09-08T05:06:09.285+0000] {processor.py:925} INFO - DAG(s) 'parallel_weather_dag' retrieved from /opt/airflow/dags/04_parallel_weather.py
[2026-09-08T05:06:09.318+0000] {logging_mixin.py:190} INFO - [2026-09-08T05:06:09.318+0000] {dag.py:3239} INFO - Sync 1 DAGs
[2026-09-08T05:06:09.341+0000] {logging_mixin.py:190} INFO - [2026-09-08T05:06:09.340+0000] {dag.py:4180} INFO - Setting next_dagrun for parallel_weather_dag to None, run_after=None
[2026-09-08T05:06:09.370+0000] {processor.py:208} INFO - Processing /opt/airflow/dags/04_parallel_weather.py took 0.114 seconds
[2026-09-08T05:06:39.413+0000] {processor.py:186} INFO - Started process (PID=1057) to work on /opt/airflow/dags/04_parallel_weather.py
[2026-09-08T05:06:39.414+0000] {processor.py:914} INFO - Processing file /opt/airflow/dags/04_parallel_weather.py for tasks to queue
[2026-09-08T05:06:39.416+0000] {logging_mixin.py:190} INFO - [2026-09-08T05:06:39.415+0000] {dagbag.py:588} INFO - Filling up the DagBag from /opt/airflow/dags/04_parallel_weather.py
[2026-09-08T05:06:39.437+0000] {processor.py:925} INFO - DAG(s) 'parallel_weather_dag' retrieved from /opt/airflow/dags/04_parallel_weather.py
[2026-09-08T05:06:39.467+0000] {logging_mixin.py:190} INFO - [2026-09-08T05:06:39.467+0000] {dag.py:3239} INFO - Sync 1 DAGs
[2026-09-08T05:06:39.480+0000] {logging_mixin.py:190} INFO - [2026-09-08T05:06:39.480+0000] {dag.py:4180} INFO - Setting next_dagrun for parallel_weather_dag to None, run_after=None
[2026-09-08T05:06:39.501+0000] {processor.py:208} INFO - Processing /opt/airflow/dags/04_parallel_weather.py took 0.093 seconds
[2026-09-08T05:07:10.208+0000] {processor.py:186} INFO - Started process (PID=1072) to work on /opt/airflow/dags/04_parallel_weather.py
[2026-09-08T05:07:10.208+0000] {processor.py:914} INFO - Processing file /opt/airflow/dags/04_parallel_weather.py for tasks to queue
[2026-09-08T05:07:10.210+0000] {logging_mixin.py:190} INFO - [2026-09-08T05:07:10.209+0000] {dagbag.py:588} INFO - Filling up the DagBag from /opt/airflow/dags/04_parallel_weather.py
[2026-09-08T05:07:10.230+0000] {processor.py:925} INFO - DAG(s) 'parallel_weather_dag' retrieved from /opt/airflow/dags/04_parallel_weather.py
[2026-09-08T05:07:10.260+0000] {logging_mixin.py:190} INFO - [2026-09-08T05:07:10.259+0000] {dag.py:3239} INFO - Sync 1 DAGs
[2026-09-08T05:07:10.277+0000] {logging_mixin.py:190} INFO - [2026-09-08T05:07:10.277+0000] {dag.py:4180} INFO - Setting next_dagrun for parallel_weather_dag to None, run_after=None
[2026-09-08T05:07:10.304+0000] {processor.py:208} INFO - Processing /opt/airflow/dags/04_parallel_weather.py took 0.103 seconds
[2026-09-08T05:07:40.760+0000] {processor.py:186} INFO - Started process (PID=1086) to work on /opt/airflow/dags/04_parallel_weather.py
[2026-09-08T05:07:40.764+0000] {processor.py:914} INFO - Processing file /opt/airflow/dags/04_parallel_weather.py for tasks to queue
[2026-09-08T05:07:40.766+0000] {logging_mixin.py:190} INFO - [2026-09-08T05:07:40.765+0000] {dagbag.py:588} INFO - Filling up the DagBag from /opt/airflow/dags/04_parallel_weather.py
[2026-09-08T05:07:40.785+0000] {processor.py:925} INFO - DAG(s) 'parallel_weather_dag' retrieved from /opt/airflow/dags/04_parallel_weather.py
[2026-09-08T05:07:40.829+0000] {logging_mixin.py:190} INFO - [2026-09-08T05:07:40.829+0000] {dag.py:3239} INFO - Sync 1 DAGs
[2026-09-08T05:07:40.848+0000] {logging_mixin.py:190} INFO - [2026-09-08T05:07:40.848+0000] {dag.py:4180} INFO - Setting next_dagrun for parallel_weather_dag to None, run_after=None
[2026-09-08T05:07:40.875+0000] {processor.py:208} INFO - Processing /opt/airflow/dags/04_parallel_weather.py took 0.125 seconds
[2026-09-08T05:08:11.276+0000] {processor.py:186} INFO - Started process (PID=1100) to work on /opt/airflow/dags/04_parallel_weather.py
[2026-09-08T05:08:11.277+0000] {processor.py:914} INFO - Processing file /opt/airflow/dags/04_parallel_weather.py for tasks to queue
[2026-09-08T05:08:11.279+0000] {logging_mixin.py:190} INFO - [2026-09-08T05:08:11.278+0000] {dagbag.py:588} INFO - Filling up the DagBag from /opt/airflow/dags/04_parallel_weather.py
[2026-09-08T05:08:11.312+0000] {processor.py:925} INFO - DAG(s) 'parallel_weather_dag' retrieved from /opt/airflow/dags/04_parallel_weather.py
[2026-09-08T05:08:11.352+0000] {logging_mixin.py:190} INFO - [2026-09-08T05:08:11.352+0000] {dag.py:3239} INFO - Sync 1 DAGs
[2026-09-08T05:08:11.380+0000] {logging_mixin.py:190} INFO - [2026-09-08T05:08:11.380+0000] {dag.py:4180} INFO - Setting next_dagrun for parallel_weather_dag to None, run_after=None
[2026-09-08T05:08:11.435+0000] {processor.py:208} INFO - Processing /opt/airflow/dags/04_parallel_weather.py took 0.164 seconds
[2026-09-08T05:08:41.759+0000] {processor.py:186} INFO - Started process (PID=1114) to work on /opt/airflow/dags/04_parallel_weather.py
[2026-09-08T05:08:41.760+0000] {processor.py:914} INFO - Processing file /opt/airflow/dags/04_parallel_weather.py for tasks to queue
[2026-09-08T05:08:41.761+0000] {logging_mixin.py:190} INFO - [2026-09-08T05:08:41.761+0000] {dagbag.py:588} INFO - Filling up the DagBag from /opt/airflow/dags/04_parallel_weather.py
[2026-09-08T05:08:41.779+0000] {processor.py:925} INFO - DAG(s) 'parallel_weather_dag' retrieved from /opt/airflow/dags/04_parallel_weather.py
[2026-09-08T05:08:41.813+0000] {logging_mixin.py:190} INFO - [2026-09-08T05:08:41.812+0000] {dag.py:3239} INFO - Sync 1 DAGs
[2026-09-08T05:08:41.830+0000] {logging_mixin.py:190} INFO - [2026-09-08T05:08:41.830+0000] {dag.py:4180} INFO - Setting next_dagrun for parallel_weather_dag to None, run_after=None
[2026-09-08T05:08:41.852+0000] {processor.py:208} INFO - Processing /opt/airflow/dags/04_parallel_weather.py took 0.103 seconds
[2026-09-08T05:09:12.600+0000] {processor.py:186} INFO - Started process (PID=1128) to work on /opt/airflow/dags/04_parallel_weather.py
[2026-09-08T05:09:12.600+0000] {processor.py:914} INFO - Processing file /opt/airflow/dags/04_parallel_weather.py for tasks to queue
[2026-09-08T05:09:12.603+0000] {logging_mixin.py:190} INFO - [2026-09-08T05:09:12.602+0000] {dagbag.py:588} INFO - Filling up the DagBag from /opt/airflow/dags/04_parallel_weather.py
[2026-09-08T05:09:12.627+0000] {processor.py:925} INFO - DAG(s) 'parallel_weather_dag' retrieved from /opt/airflow/dags/04_parallel_weather.py
[2026-09-08T05:09:12.661+0000] {logging_mixin.py:190} INFO - [2026-09-08T05:09:12.660+0000] {dag.py:3239} INFO - Sync 1 DAGs
[2026-09-08T05:09:12.675+0000] {logging_mixin.py:190} INFO - [2026-09-08T05:09:12.675+0000] {dag.py:4180} INFO - Setting next_dagrun for parallel_weather_dag to None, run_after=None
[2026-09-08T05:09:12.718+0000] {processor.py:208} INFO - Processing /opt/airflow/dags/04_parallel_weather.py took 0.124 seconds
[2026-09-08T05:09:43.677+0000] {processor.py:186} INFO - Started process (PID=1142) to work on /opt/airflow/dags/04_parallel_weather.py
[2026-09-08T05:09:43.695+0000] {processor.py:914} INFO - Processing file /opt/airflow/dags/04_parallel_weather.py for tasks to queue
[2026-09-08T05:09:43.698+0000] {logging_mixin.py:190} INFO - [2026-09-08T05:09:43.697+0000] {dagbag.py:588} INFO - Filling up the DagBag from /opt/airflow/dags/04_parallel_weather.py
[2026-09-08T05:09:43.770+0000] {processor.py:925} INFO - DAG(s) 'parallel_weather_dag' retrieved from /opt/airflow/dags/04_parallel_weather.py
[2026-09-08T05:09:43.841+0000] {logging_mixin.py:190} INFO - [2026-09-08T05:09:43.840+0000] {dag.py:3239} INFO - Sync 1 DAGs
[2026-09-08T05:09:43.876+0000] {logging_mixin.py:190} INFO - [2026-09-08T05:09:43.876+0000] {dag.py:4180} INFO - Setting next_dagrun for parallel_weather_dag to None, run_after=None
[2026-09-08T05:09:43.935+0000] {processor.py:208} INFO - Processing /opt/airflow/dags/04_parallel_weather.py took 0.265 seconds
[2026-09-08T05:10:14.231+0000] {processor.py:186} INFO - Started process (PID=1156) to work on /opt/airflow/dags/04_parallel_weather.py
[2026-09-08T05:10:14.232+0000] {processor.py:914} INFO - Processing file /opt/airflow/dags/04_parallel_weather.py for tasks to queue
[2026-09-08T05:10:14.239+0000] {logging_mixin.py:190} INFO - [2026-09-08T05:10:14.238+0000] {dagbag.py:588} INFO - Filling up the DagBag from /opt/airflow/dags/04_parallel_weather.py
[2026-09-08T05:10:14.271+0000] {processor.py:925} INFO - DAG(s) 'parallel_weather_dag' retrieved from /opt/airflow/dags/04_parallel_weather.py
[2026-09-08T05:10:14.317+0000] {logging_mixin.py:190} INFO - [2026-09-08T05:10:14.317+0000] {dag.py:3239} INFO - Sync 1 DAGs
[2026-09-08T05:10:14.343+0000] {logging_mixin.py:190} INFO - [2026-09-08T05:10:14.342+0000] {dag.py:4180} INFO - Setting next_dagrun for parallel_weather_dag to None, run_after=None
[2026-09-08T05:10:14.372+0000] {processor.py:208} INFO - Processing /opt/airflow/dags/04_parallel_weather.py took 0.148 seconds
[2026-09-08T05:10:44.428+0000] {processor.py:186} INFO - Started process (PID=1170) to work on /opt/airflow/dags/04_parallel_weather.py
[2026-09-08T05:10:44.429+0000] {processor.py:914} INFO - Processing file /opt/airflow/dags/04_parallel_weather.py for tasks to queue
[2026-09-08T05:10:44.430+0000] {logging_mixin.py:190} INFO - [2026-09-08T05:10:44.430+0000] {dagbag.py:588} INFO - Filling up the DagBag from /opt/airflow/dags/04_parallel_weather.py
[2026-09-08T05:10:44.446+0000] {processor.py:925} INFO - DAG(s) 'parallel_weather_dag' retrieved from /opt/airflow/dags/04_parallel_weather.py
[2026-09-08T05:10:44.485+0000] {logging_mixin.py:190} INFO - [2026-09-08T05:10:44.484+0000] {dag.py:3239} INFO - Sync 1 DAGs
[2026-09-08T05:10:44.499+0000] {logging_mixin.py:190} INFO - [2026-09-08T05:10:44.499+0000] {dag.py:4180} INFO - Setting next_dagrun for parallel_weather_dag to None, run_after=None
[2026-09-08T05:10:44.525+0000] {processor.py:208} INFO - Processing /opt/airflow/dags/04_parallel_weather.py took 0.104 seconds
[2026-09-08T05:11:14.652+0000] {processor.py:186} INFO - Started process (PID=1184) to work on /opt/airflow/dags/04_parallel_weather.py
[2026-09-08T05:11:14.653+0000] {processor.py:914} INFO - Processing file /opt/airflow/dags/04_parallel_weather.py for tasks to queue
[2026-09-08T05:11:14.655+0000] {logging_mixin.py:190} INFO - [2026-09-08T05:11:14.655+0000] {dagbag.py:588} INFO - Filling up the DagBag from /opt/airflow/dags/04_parallel_weather.py
[2026-09-08T05:11:14.679+0000] {processor.py:925} INFO - DAG(s) 'parallel_weather_dag' retrieved from /opt/airflow/dags/04_parallel_weather.py
[2026-09-08T05:11:14.725+0000] {logging_mixin.py:190} INFO - [2026-09-08T05:11:14.725+0000] {dag.py:3239} INFO - Sync 1 DAGs
[2026-09-08T05:11:14.758+0000] {logging_mixin.py:190} INFO - [2026-09-08T05:11:14.757+0000] {dag.py:4180} INFO - Setting next_dagrun for parallel_weather_dag to None, run_after=None
[2026-09-08T05:11:14.802+0000] {processor.py:208} INFO - Processing /opt/airflow/dags/04_parallel_weather.py took 0.163 seconds
[2026-09-08T05:11:45.678+0000] {processor.py:186} INFO - Started process (PID=1198) to work on /opt/airflow/dags/04_parallel_weather.py
[2026-09-08T05:11:45.682+0000] {processor.py:914} INFO - Processing file /opt/airflow/dags/04_parallel_weather.py for tasks to queue
[2026-09-08T05:11:45.686+0000] {logging_mixin.py:190} INFO - [2026-09-08T05:11:45.686+0000] {dagbag.py:588} INFO - Filling up the DagBag from /opt/airflow/dags/04_parallel_weather.py
[2026-09-08T05:11:45.704+0000] {processor.py:925} INFO - DAG(s) 'parallel_weather_dag' retrieved from /opt/airflow/dags/04_parallel_weather.py
[2026-09-08T05:11:45.737+0000] {logging_mixin.py:190} INFO - [2026-09-08T05:11:45.737+0000] {dag.py:3239} INFO - Sync 1 DAGs
[2026-09-08T05:11:45.758+0000] {logging_mixin.py:190} INFO - [2026-09-08T05:11:45.757+0000] {dag.py:4180} INFO - Setting next_dagrun for parallel_weather_dag to None, run_after=None
[2026-09-08T05:11:45.781+0000] {processor.py:208} INFO - Processing /opt/airflow/dags/04_parallel_weather.py took 0.110 seconds
[2026-09-08T05:12:16.444+0000] {processor.py:186} INFO - Started process (PID=1211) to work on /opt/airflow/dags/04_parallel_weather.py
[2026-09-08T05:12:16.445+0000] {processor.py:914} INFO - Processing file /opt/airflow/dags/04_parallel_weather.py for tasks to queue
[2026-09-08T05:12:16.454+0000] {logging_mixin.py:190} INFO - [2026-09-08T05:12:16.453+0000] {dagbag.py:588} INFO - Filling up the DagBag from /opt/airflow/dags/04_parallel_weather.py
[2026-09-08T05:12:16.475+0000] {processor.py:925} INFO - DAG(s) 'parallel_weather_dag' retrieved from /opt/airflow/dags/04_parallel_weather.py
[2026-09-08T05:12:16.570+0000] {logging_mixin.py:190} INFO - [2026-09-08T05:12:16.570+0000] {dag.py:3239} INFO - Sync 1 DAGs
[2026-09-08T05:12:16.598+0000] {logging_mixin.py:190} INFO - [2026-09-08T05:12:16.598+0000] {dag.py:4180} INFO - Setting next_dagrun for parallel_weather_dag to None, run_after=None
[2026-09-08T05:12:16.649+0000] {processor.py:208} INFO - Processing /opt/airflow/dags/04_parallel_weather.py took 0.212 seconds
[2026-09-08T05:12:47.182+0000] {processor.py:186} INFO - Started process (PID=1225) to work on /opt/airflow/dags/04_parallel_weather.py
[2026-09-08T05:12:47.183+0000] {processor.py:914} INFO - Processing file /opt/airflow/dags/04_parallel_weather.py for tasks to queue
[2026-09-08T05:12:47.185+0000] {logging_mixin.py:190} INFO - [2026-09-08T05:12:47.184+0000] {dagbag.py:588} INFO - Filling up the DagBag from /opt/airflow/dags/04_parallel_weather.py
[2026-09-08T05:12:47.203+0000] {processor.py:925} INFO - DAG(s) 'parallel_weather_dag' retrieved from /opt/airflow/dags/04_parallel_weather.py
[2026-09-08T05:12:47.236+0000] {logging_mixin.py:190} INFO - [2026-09-08T05:12:47.236+0000] {dag.py:3239} INFO - Sync 1 DAGs
[2026-09-08T05:12:47.259+0000] {logging_mixin.py:190} INFO - [2026-09-08T05:12:47.258+0000] {dag.py:4180} INFO - Setting next_dagrun for parallel_weather_dag to None, run_after=None
[2026-09-08T05:12:47.290+0000] {processor.py:208} INFO - Processing /opt/airflow/dags/04_parallel_weather.py took 0.119 seconds
[2026-09-08T05:13:17.786+0000] {processor.py:186} INFO - Started process (PID=1239) to work on /opt/airflow/dags/04_parallel_weather.py
[2026-09-08T05:13:17.787+0000] {processor.py:914} INFO - Processing file /opt/airflow/dags/04_parallel_weather.py for tasks to queue
[2026-09-08T05:13:17.788+0000] {logging_mixin.py:190} INFO - [2026-09-08T05:13:17.788+0000] {dagbag.py:588} INFO - Filling up the DagBag from /opt/airflow/dags/04_parallel_weather.py
[2026-09-08T05:13:17.811+0000] {processor.py:925} INFO - DAG(s) 'parallel_weather_dag' retrieved from /opt/airflow/dags/04_parallel_weather.py
[2026-09-08T05:13:17.845+0000] {logging_mixin.py:190} INFO - [2026-09-08T05:13:17.845+0000] {dag.py:3239} INFO - Sync 1 DAGs
[2026-09-08T05:13:17.873+0000] {logging_mixin.py:190} INFO - [2026-09-08T05:13:17.872+0000] {dag.py:4180} INFO - Setting next_dagrun for parallel_weather_dag to None, run_after=None
[2026-09-08T05:13:17.902+0000] {processor.py:208} INFO - Processing /opt/airflow/dags/04_parallel_weather.py took 0.129 seconds
[2026-09-08T05:13:48.361+0000] {processor.py:186} INFO - Started process (PID=1253) to work on /opt/airflow/dags/04_parallel_weather.py
[2026-09-08T05:13:48.362+0000] {processor.py:914} INFO - Processing file /opt/airflow/dags/04_parallel_weather.py for tasks to queue
[2026-09-08T05:13:48.363+0000] {logging_mixin.py:190} INFO - [2026-09-08T05:13:48.363+0000] {dagbag.py:588} INFO - Filling up the DagBag from /opt/airflow/dags/04_parallel_weather.py
[2026-09-08T05:13:48.393+0000] {processor.py:925} INFO - DAG(s) 'parallel_weather_dag' retrieved from /opt/airflow/dags/04_parallel_weather.py
[2026-09-08T05:13:48.437+0000] {logging_mixin.py:190} INFO - [2026-09-08T05:13:48.436+0000] {dag.py:3239} INFO - Sync 1 DAGs
[2026-09-08T05:13:48.464+0000] {logging_mixin.py:190} INFO - [2026-09-08T05:13:48.464+0000] {dag.py:4180} INFO - Setting next_dagrun for parallel_weather_dag to None, run_after=None
[2026-09-08T05:13:48.511+0000] {processor.py:208} INFO - Processing /opt/airflow/dags/04_parallel_weather.py took 0.158 seconds
[2026-09-08T05:14:18.854+0000] {processor.py:186} INFO - Started process (PID=1267) to work on /opt/airflow/dags/04_parallel_weather.py
[2026-09-08T05:14:18.854+0000] {processor.py:914} INFO - Processing file /opt/airflow/dags/04_parallel_weather.py for tasks to queue
[2026-09-08T05:14:18.855+0000] {logging_mixin.py:190} INFO - [2026-09-08T05:14:18.855+0000] {dagbag.py:588} INFO - Filling up the DagBag from /opt/airflow/dags/04_parallel_weather.py
[2026-09-08T05:14:18.876+0000] {processor.py:925} INFO - DAG(s) 'parallel_weather_dag' retrieved from /opt/airflow/dags/04_parallel_weather.py
[2026-09-08T05:14:18.910+0000] {logging_mixin.py:190} INFO - [2026-09-08T05:14:18.910+0000] {dag.py:3239} INFO - Sync 1 DAGs
[2026-09-08T05:14:18.928+0000] {logging_mixin.py:190} INFO - [2026-09-08T05:14:18.928+0000] {dag.py:4180} INFO - Setting next_dagrun for parallel_weather_dag to None, run_after=None
[2026-09-08T05:14:18.955+0000] {processor.py:208} INFO - Processing /opt/airflow/dags/04_parallel_weather.py took 0.109 seconds
[2026-09-08T05:14:49.147+0000] {processor.py:186} INFO - Started process (PID=1280) to work on /opt/airflow/dags/04_parallel_weather.py
[2026-09-08T05:14:49.150+0000] {processor.py:914} INFO - Processing file /opt/airflow/dags/04_parallel_weather.py for tasks to queue
[2026-09-08T05:14:49.151+0000] {logging_mixin.py:190} INFO - [2026-09-08T05:14:49.151+0000] {dagbag.py:588} INFO - Filling up the DagBag from /opt/airflow/dags/04_parallel_weather.py
[2026-09-08T05:14:49.171+0000] {processor.py:925} INFO - DAG(s) 'parallel_weather_dag' retrieved from /opt/airflow/dags/04_parallel_weather.py
[2026-09-08T05:14:49.207+0000] {logging_mixin.py:190} INFO - [2026-09-08T05:14:49.207+0000] {dag.py:3239} INFO - Sync 1 DAGs
[2026-09-08T05:14:49.225+0000] {logging_mixin.py:190} INFO - [2026-09-08T05:14:49.225+0000] {dag.py:4180} INFO - Setting next_dagrun for parallel_weather_dag to None, run_after=None
[2026-09-08T05:14:49.254+0000] {processor.py:208} INFO - Processing /opt/airflow/dags/04_parallel_weather.py took 0.113 seconds
[2026-09-08T05:15:19.361+0000] {processor.py:186} INFO - Started process (PID=1294) to work on /opt/airflow/dags/04_parallel_weather.py
[2026-09-08T05:15:19.361+0000] {processor.py:914} INFO - Processing file /opt/airflow/dags/04_parallel_weather.py for tasks to queue
[2026-09-08T05:15:19.362+0000] {logging_mixin.py:190} INFO - [2026-09-08T05:15:19.362+0000] {dagbag.py:588} INFO - Filling up the DagBag from /opt/airflow/dags/04_parallel_weather.py
[2026-09-08T05:15:19.380+0000] {processor.py:925} INFO - DAG(s) 'parallel_weather_dag' retrieved from /opt/airflow/dags/04_parallel_weather.py
[2026-09-08T05:15:19.405+0000] {logging_mixin.py:190} INFO - [2026-09-08T05:15:19.405+0000] {dag.py:3239} INFO - Sync 1 DAGs
[2026-09-08T05:15:19.423+0000] {logging_mixin.py:190} INFO - [2026-09-08T05:15:19.422+0000] {dag.py:4180} INFO - Setting next_dagrun for parallel_weather_dag to None, run_after=None
[2026-09-08T05:15:19.441+0000] {processor.py:208} INFO - Processing /opt/airflow/dags/04_parallel_weather.py took 0.085 seconds
[2026-09-08T05:15:50.020+0000] {processor.py:186} INFO - Started process (PID=1309) to work on /opt/airflow/dags/04_parallel_weather.py
[2026-09-08T05:15:50.020+0000] {processor.py:914} INFO - Processing file /opt/airflow/dags/04_parallel_weather.py for tasks to queue
[2026-09-08T05:15:50.022+0000] {logging_mixin.py:190} INFO - [2026-09-08T05:15:50.022+0000] {dagbag.py:588} INFO - Filling up the DagBag from /opt/airflow/dags/04_parallel_weather.py
[2026-09-08T05:15:50.038+0000] {processor.py:925} INFO - DAG(s) 'parallel_weather_dag' retrieved from /opt/airflow/dags/04_parallel_weather.py
[2026-09-08T05:15:50.064+0000] {logging_mixin.py:190} INFO - [2026-09-08T05:15:50.064+0000] {dag.py:3239} INFO - Sync 1 DAGs
[2026-09-08T05:15:50.076+0000] {logging_mixin.py:190} INFO - [2026-09-08T05:15:50.075+0000] {dag.py:4180} INFO - Setting next_dagrun for parallel_weather_dag to None, run_after=None
[2026-09-08T05:15:50.095+0000] {processor.py:208} INFO - Processing /opt/airflow/dags/04_parallel_weather.py took 0.080 seconds
[2026-09-08T05:16:20.559+0000] {processor.py:186} INFO - Started process (PID=1323) to work on /opt/airflow/dags/04_parallel_weather.py
[2026-09-08T05:16:20.560+0000] {processor.py:914} INFO - Processing file /opt/airflow/dags/04_parallel_weather.py for tasks to queue
[2026-09-08T05:16:20.562+0000] {logging_mixin.py:190} INFO - [2026-09-08T05:16:20.561+0000] {dagbag.py:588} INFO - Filling up the DagBag from /opt/airflow/dags/04_parallel_weather.py
[2026-09-08T05:16:20.582+0000] {processor.py:925} INFO - DAG(s) 'parallel_weather_dag' retrieved from /opt/airflow/dags/04_parallel_weather.py
[2026-09-08T05:16:20.608+0000] {logging_mixin.py:190} INFO - [2026-09-08T05:16:20.608+0000] {dag.py:3239} INFO - Sync 1 DAGs
[2026-09-08T05:16:20.623+0000] {logging_mixin.py:190} INFO - [2026-09-08T05:16:20.623+0000] {dag.py:4180} INFO - Setting next_dagrun for parallel_weather_dag to None, run_after=None
[2026-09-08T05:16:20.645+0000] {processor.py:208} INFO - Processing /opt/airflow/dags/04_parallel_weather.py took 0.092 seconds
[2026-09-08T05:16:51.175+0000] {processor.py:186} INFO - Started process (PID=1337) to work on /opt/airflow/dags/04_parallel_weather.py
[2026-09-08T05:16:51.176+0000] {processor.py:914} INFO - Processing file /opt/airflow/dags/04_parallel_weather.py for tasks to queue
[2026-09-08T05:16:51.178+0000] {logging_mixin.py:190} INFO - [2026-09-08T05:16:51.177+0000] {dagbag.py:588} INFO - Filling up the DagBag from /opt/airflow/dags/04_parallel_weather.py
[2026-09-08T05:16:51.200+0000] {processor.py:925} INFO - DAG(s) 'parallel_weather_dag' retrieved from /opt/airflow/dags/04_parallel_weather.py
[2026-09-08T05:16:51.234+0000] {logging_mixin.py:190} INFO - [2026-09-08T05:16:51.234+0000] {dag.py:3239} INFO - Sync 1 DAGs
[2026-09-08T05:16:51.249+0000] {logging_mixin.py:190} INFO - [2026-09-08T05:16:51.249+0000] {dag.py:4180} INFO - Setting next_dagrun for parallel_weather_dag to None, run_after=None
[2026-09-08T05:16:51.272+0000] {processor.py:208} INFO - Processing /opt/airflow/dags/04_parallel_weather.py took 0.108 seconds
[2026-09-08T05:17:21.458+0000] {processor.py:186} INFO - Started process (PID=1352) to work on /opt/airflow/dags/04_parallel_weather.py
[2026-09-08T05:17:21.459+0000] {processor.py:914} INFO - Processing file /opt/airflow/dags/04_parallel_weather.py for tasks to queue
[2026-09-08T05:17:21.461+0000] {logging_mixin.py:190} INFO - [2026-09-08T05:17:21.460+0000] {dagbag.py:588} INFO - Filling up the DagBag from /opt/airflow/dags/04_parallel_weather.py
[2026-09-08T05:17:21.478+0000] {processor.py:925} INFO - DAG(s) 'parallel_weather_dag' retrieved from /opt/airflow/dags/04_parallel_weather.py
[2026-09-08T05:17:21.506+0000] {logging_mixin.py:190} INFO - [2026-09-08T05:17:21.506+0000] {dag.py:3239} INFO - Sync 1 DAGs
[2026-09-08T05:17:21.522+0000] {logging_mixin.py:190} INFO - [2026-09-08T05:17:21.522+0000] {dag.py:4180} INFO - Setting next_dagrun for parallel_weather_dag to None, run_after=None
[2026-09-08T05:17:21.545+0000] {processor.py:208} INFO - Processing /opt/airflow/dags/04_parallel_weather.py took 0.093 seconds
[2026-09-08T05:17:51.672+0000] {processor.py:186} INFO - Started process (PID=1366) to work on /opt/airflow/dags/04_parallel_weather.py
[2026-09-08T05:17:51.673+0000] {processor.py:914} INFO - Processing file /opt/airflow/dags/04_parallel_weather.py for tasks to queue
[2026-09-08T05:17:51.675+0000] {logging_mixin.py:190} INFO - [2026-09-08T05:17:51.674+0000] {dagbag.py:588} INFO - Filling up the DagBag from /opt/airflow/dags/04_parallel_weather.py
[2026-09-08T05:17:51.691+0000] {processor.py:925} INFO - DAG(s) 'parallel_weather_dag' retrieved from /opt/airflow/dags/04_parallel_weather.py
[2026-09-08T05:17:51.719+0000] {logging_mixin.py:190} INFO - [2026-09-08T05:17:51.718+0000] {dag.py:3239} INFO - Sync 1 DAGs
[2026-09-08T05:17:51.734+0000] {logging_mixin.py:190} INFO - [2026-09-08T05:17:51.734+0000] {dag.py:4180} INFO - Setting next_dagrun for parallel_weather_dag to None, run_after=None
[2026-09-08T05:17:51.756+0000] {processor.py:208} INFO - Processing /opt/airflow/dags/04_parallel_weather.py took 0.090 seconds
[2026-09-08T05:18:22.374+0000] {processor.py:186} INFO - Started process (PID=1380) to work on /opt/airflow/dags/04_parallel_weather.py
[2026-09-08T05:18:22.375+0000] {processor.py:914} INFO - Processing file /opt/airflow/dags/04_parallel_weather.py for tasks to queue
[2026-09-08T05:18:22.376+0000] {logging_mixin.py:190} INFO - [2026-09-08T05:18:22.376+0000] {dagbag.py:588} INFO - Filling up the DagBag from /opt/airflow/dags/04_parallel_weather.py
[2026-09-08T05:18:22.390+0000] {processor.py:925} INFO - DAG(s) 'parallel_weather_dag' retrieved from /opt/airflow/dags/04_parallel_weather.py
[2026-09-08T05:18:22.412+0000] {logging_mixin.py:190} INFO - [2026-09-08T05:18:22.411+0000] {dag.py:3239} INFO - Sync 1 DAGs
[2026-09-08T05:18:22.424+0000] {logging_mixin.py:190} INFO - [2026-09-08T05:18:22.424+0000] {dag.py:4180} INFO - Setting next_dagrun for parallel_weather_dag to None, run_after=None
[2026-09-08T05:18:22.440+0000] {processor.py:208} INFO - Processing /opt/airflow/dags/04_parallel_weather.py took 0.071 seconds
[2026-09-08T05:18:52.915+0000] {processor.py:186} INFO - Started process (PID=1394) to work on /opt/airflow/dags/04_parallel_weather.py
[2026-09-08T05:18:52.916+0000] {processor.py:914} INFO - Processing file /opt/airflow/dags/04_parallel_weather.py for tasks to queue
[2026-09-08T05:18:52.917+0000] {logging_mixin.py:190} INFO - [2026-09-08T05:18:52.917+0000] {dagbag.py:588} INFO - Filling up the DagBag from /opt/airflow/dags/04_parallel_weather.py
[2026-09-08T05:18:52.933+0000] {processor.py:925} INFO - DAG(s) 'parallel_weather_dag' retrieved from /opt/airflow/dags/04_parallel_weather.py
[2026-09-08T05:18:52.961+0000] {logging_mixin.py:190} INFO - [2026-09-08T05:18:52.961+0000] {dag.py:3239} INFO - Sync 1 DAGs
[2026-09-08T05:18:52.975+0000] {logging_mixin.py:190} INFO - [2026-09-08T05:18:52.975+0000] {dag.py:4180} INFO - Setting next_dagrun for parallel_weather_dag to None, run_after=None
[2026-09-08T05:18:52.995+0000] {processor.py:208} INFO - Processing /opt/airflow/dags/04_parallel_weather.py took 0.085 seconds
[2026-09-08T05:19:23.410+0000] {processor.py:186} INFO - Started process (PID=1408) to work on /opt/airflow/dags/04_parallel_weather.py
[2026-09-08T05:19:23.411+0000] {processor.py:914} INFO - Processing file /opt/airflow/dags/04_parallel_weather.py for tasks to queue
[2026-09-08T05:19:23.413+0000] {logging_mixin.py:190} INFO - [2026-09-08T05:19:23.412+0000] {dagbag.py:588} INFO - Filling up the DagBag from /opt/airflow/dags/04_parallel_weather.py
[2026-09-08T05:19:23.427+0000] {processor.py:925} INFO - DAG(s) 'parallel_weather_dag' retrieved from /opt/airflow/dags/04_parallel_weather.py
[2026-09-08T05:19:23.452+0000] {logging_mixin.py:190} INFO - [2026-09-08T05:19:23.452+0000] {dag.py:3239} INFO - Sync 1 DAGs
[2026-09-08T05:19:23.465+0000] {logging_mixin.py:190} INFO - [2026-09-08T05:19:23.465+0000] {dag.py:4180} INFO - Setting next_dagrun for parallel_weather_dag to None, run_after=None
[2026-09-08T05:19:23.483+0000] {processor.py:208} INFO - Processing /opt/airflow/dags/04_parallel_weather.py took 0.078 seconds
[2026-09-08T05:19:53.988+0000] {processor.py:186} INFO - Started process (PID=1422) to work on /opt/airflow/dags/04_parallel_weather.py
[2026-09-08T05:19:53.989+0000] {processor.py:914} INFO - Processing file /opt/airflow/dags/04_parallel_weather.py for tasks to queue
[2026-09-08T05:19:53.990+0000] {logging_mixin.py:190} INFO - [2026-09-08T05:19:53.990+0000] {dagbag.py:588} INFO - Filling up the DagBag from /opt/airflow/dags/04_parallel_weather.py
[2026-09-08T05:19:54.006+0000] {processor.py:925} INFO - DAG(s) 'parallel_weather_dag' retrieved from /opt/airflow/dags/04_parallel_weather.py
[2026-09-08T05:19:54.038+0000] {logging_mixin.py:190} INFO - [2026-09-08T05:19:54.037+0000] {dag.py:3239} INFO - Sync 1 DAGs
[2026-09-08T05:19:54.052+0000] {logging_mixin.py:190} INFO - [2026-09-08T05:19:54.052+0000] {dag.py:4180} INFO - Setting next_dagrun for parallel_weather_dag to None, run_after=None
[2026-09-08T05:19:54.257+0000] {processor.py:208} INFO - Processing /opt/airflow/dags/04_parallel_weather.py took 0.274 seconds
[2026-09-08T05:20:24.364+0000] {processor.py:186} INFO - Started process (PID=1436) to work on /opt/airflow/dags/04_parallel_weather.py
[2026-09-08T05:20:24.365+0000] {processor.py:914} INFO - Processing file /opt/airflow/dags/04_parallel_weather.py for tasks to queue
[2026-09-08T05:20:24.366+0000] {logging_mixin.py:190} INFO - [2026-09-08T05:20:24.366+0000] {dagbag.py:588} INFO - Filling up the DagBag from /opt/airflow/dags/04_parallel_weather.py
[2026-09-08T05:20:24.385+0000] {processor.py:925} INFO - DAG(s) 'parallel_weather_dag' retrieved from /opt/airflow/dags/04_parallel_weather.py
[2026-09-08T05:20:24.408+0000] {logging_mixin.py:190} INFO - [2026-09-08T05:20:24.407+0000] {dag.py:3239} INFO - Sync 1 DAGs
[2026-09-08T05:20:24.422+0000] {logging_mixin.py:190} INFO - [2026-09-08T05:20:24.422+0000] {dag.py:4180} INFO - Setting next_dagrun for parallel_weather_dag to None, run_after=None
[2026-09-08T05:20:24.441+0000] {processor.py:208} INFO - Processing /opt/airflow/dags/04_parallel_weather.py took 0.085 seconds
[2026-09-08T05:20:54.768+0000] {processor.py:186} INFO - Started process (PID=1450) to work on /opt/airflow/dags/04_parallel_weather.py
[2026-09-08T05:20:54.768+0000] {processor.py:914} INFO - Processing file /opt/airflow/dags/04_parallel_weather.py for tasks to queue
[2026-09-08T05:20:54.769+0000] {logging_mixin.py:190} INFO - [2026-09-08T05:20:54.769+0000] {dagbag.py:588} INFO - Filling up the DagBag from /opt/airflow/dags/04_parallel_weather.py
[2026-09-08T05:20:54.784+0000] {processor.py:925} INFO - DAG(s) 'parallel_weather_dag' retrieved from /opt/airflow/dags/04_parallel_weather.py
[2026-09-08T05:20:54.807+0000] {logging_mixin.py:190} INFO - [2026-09-08T05:20:54.807+0000] {dag.py:3239} INFO - Sync 1 DAGs
[2026-09-08T05:20:54.819+0000] {logging_mixin.py:190} INFO - [2026-09-08T05:20:54.819+0000] {dag.py:4180} INFO - Setting next_dagrun for parallel_weather_dag to None, run_after=None
[2026-09-08T05:20:54.841+0000] {processor.py:208} INFO - Processing /opt/airflow/dags/04_parallel_weather.py took 0.078 seconds
[2026-09-08T05:21:25.427+0000] {processor.py:186} INFO - Started process (PID=1464) to work on /opt/airflow/dags/04_parallel_weather.py
[2026-09-08T05:21:25.428+0000] {processor.py:914} INFO - Processing file /opt/airflow/dags/04_parallel_weather.py for tasks to queue
[2026-09-08T05:21:25.429+0000] {logging_mixin.py:190} INFO - [2026-09-08T05:21:25.429+0000] {dagbag.py:588} INFO - Filling up the DagBag from /opt/airflow/dags/04_parallel_weather.py
[2026-09-08T05:21:25.448+0000] {processor.py:925} INFO - DAG(s) 'parallel_weather_dag' retrieved from /opt/airflow/dags/04_parallel_weather.py
[2026-09-08T05:21:25.626+0000] {logging_mixin.py:190} INFO - [2026-09-08T05:21:25.625+0000] {dag.py:3239} INFO - Sync 1 DAGs
[2026-09-08T05:21:25.637+0000] {logging_mixin.py:190} INFO - [2026-09-08T05:21:25.637+0000] {dag.py:4180} INFO - Setting next_dagrun for parallel_weather_dag to None, run_after=None
[2026-09-08T05:21:25.658+0000] {processor.py:208} INFO - Processing /opt/airflow/dags/04_parallel_weather.py took 0.238 seconds
[2026-09-08T05:21:55.915+0000] {processor.py:186} INFO - Started process (PID=1478) to work on /opt/airflow/dags/04_parallel_weather.py
[2026-09-08T05:21:55.916+0000] {processor.py:914} INFO - Processing file /opt/airflow/dags/04_parallel_weather.py for tasks to queue
[2026-09-08T05:21:55.917+0000] {logging_mixin.py:190} INFO - [2026-09-08T05:21:55.917+0000] {dagbag.py:588} INFO - Filling up the DagBag from /opt/airflow/dags/04_parallel_weather.py
[2026-09-08T05:21:55.930+0000] {processor.py:925} INFO - DAG(s) 'parallel_weather_dag' retrieved from /opt/airflow/dags/04_parallel_weather.py
[2026-09-08T05:21:55.960+0000] {logging_mixin.py:190} INFO - [2026-09-08T05:21:55.959+0000] {dag.py:3239} INFO - Sync 1 DAGs
[2026-09-08T05:21:55.978+0000] {logging_mixin.py:190} INFO - [2026-09-08T05:21:55.978+0000] {dag.py:4180} INFO - Setting next_dagrun for parallel_weather_dag to None, run_after=None
[2026-09-08T05:21:56.009+0000] {processor.py:208} INFO - Processing /opt/airflow/dags/04_parallel_weather.py took 0.099 seconds
[2026-09-08T05:22:26.420+0000] {processor.py:186} INFO - Started process (PID=1492) to work on /opt/airflow/dags/04_parallel_weather.py
[2026-09-08T05:22:26.420+0000] {processor.py:914} INFO - Processing file /opt/airflow/dags/04_parallel_weather.py for tasks to queue
[2026-09-08T05:22:26.423+0000] {logging_mixin.py:190} INFO - [2026-09-08T05:22:26.422+0000] {dagbag.py:588} INFO - Filling up the DagBag from /opt/airflow/dags/04_parallel_weather.py
[2026-09-08T05:22:26.438+0000] {processor.py:925} INFO - DAG(s) 'parallel_weather_dag' retrieved from /opt/airflow/dags/04_parallel_weather.py
[2026-09-08T05:22:26.468+0000] {logging_mixin.py:190} INFO - [2026-09-08T05:22:26.467+0000] {dag.py:3239} INFO - Sync 1 DAGs
[2026-09-08T05:22:26.625+0000] {logging_mixin.py:190} INFO - [2026-09-08T05:22:26.625+0000] {dag.py:4180} INFO - Setting next_dagrun for parallel_weather_dag to None, run_after=None
[2026-09-08T05:22:26.644+0000] {processor.py:208} INFO - Processing /opt/airflow/dags/04_parallel_weather.py took 0.230 seconds
[2026-09-08T05:22:57.105+0000] {processor.py:186} INFO - Started process (PID=1506) to work on /opt/airflow/dags/04_parallel_weather.py
[2026-09-08T05:22:57.106+0000] {processor.py:914} INFO - Processing file /opt/airflow/dags/04_parallel_weather.py for tasks to queue
[2026-09-08T05:22:57.107+0000] {logging_mixin.py:190} INFO - [2026-09-08T05:22:57.107+0000] {dagbag.py:588} INFO - Filling up the DagBag from /opt/airflow/dags/04_parallel_weather.py
[2026-09-08T05:22:57.121+0000] {processor.py:925} INFO - DAG(s) 'parallel_weather_dag' retrieved from /opt/airflow/dags/04_parallel_weather.py
[2026-09-08T05:22:57.142+0000] {logging_mixin.py:190} INFO - [2026-09-08T05:22:57.141+0000] {dag.py:3239} INFO - Sync 1 DAGs
[2026-09-08T05:22:57.154+0000] {logging_mixin.py:190} INFO - [2026-09-08T05:22:57.154+0000] {dag.py:4180} INFO - Setting next_dagrun for parallel_weather_dag to None, run_after=None
[2026-09-08T05:22:57.172+0000] {processor.py:208} INFO - Processing /opt/airflow/dags/04_parallel_weather.py took 0.072 seconds
[2026-09-08T05:23:27.629+0000] {processor.py:186} INFO - Started process (PID=1520) to work on /opt/airflow/dags/04_parallel_weather.py
[2026-09-08T05:23:27.630+0000] {processor.py:914} INFO - Processing file /opt/airflow/dags/04_parallel_weather.py for tasks to queue
[2026-09-08T05:23:27.632+0000] {logging_mixin.py:190} INFO - [2026-09-08T05:23:27.631+0000] {dagbag.py:588} INFO - Filling up the DagBag from /opt/airflow/dags/04_parallel_weather.py
[2026-09-08T05:23:27.649+0000] {processor.py:925} INFO - DAG(s) 'parallel_weather_dag' retrieved from /opt/airflow/dags/04_parallel_weather.py
[2026-09-08T05:23:27.675+0000] {logging_mixin.py:190} INFO - [2026-09-08T05:23:27.674+0000] {dag.py:3239} INFO - Sync 1 DAGs
[2026-09-08T05:23:27.693+0000] {logging_mixin.py:190} INFO - [2026-09-08T05:23:27.692+0000] {dag.py:4180} INFO - Setting next_dagrun for parallel_weather_dag to None, run_after=None
[2026-09-08T05:23:27.856+0000] {processor.py:208} INFO - Processing /opt/airflow/dags/04_parallel_weather.py took 0.233 seconds
[2026-09-08T05:23:58.291+0000] {processor.py:186} INFO - Started process (PID=1540) to work on /opt/airflow/dags/04_parallel_weather.py
[2026-09-08T05:23:58.292+0000] {processor.py:914} INFO - Processing file /opt/airflow/dags/04_parallel_weather.py for tasks to queue
[2026-09-08T05:23:58.293+0000] {logging_mixin.py:190} INFO - [2026-09-08T05:23:58.293+0000] {dagbag.py:588} INFO - Filling up the DagBag from /opt/airflow/dags/04_parallel_weather.py
[2026-09-08T05:23:58.310+0000] {processor.py:925} INFO - DAG(s) 'parallel_weather_dag' retrieved from /opt/airflow/dags/04_parallel_weather.py
[2026-09-08T05:23:58.460+0000] {logging_mixin.py:190} INFO - [2026-09-08T05:23:58.460+0000] {dag.py:3239} INFO - Sync 1 DAGs
[2026-09-08T05:23:58.471+0000] {logging_mixin.py:190} INFO - [2026-09-08T05:23:58.471+0000] {dag.py:4180} INFO - Setting next_dagrun for parallel_weather_dag to None, run_after=None
[2026-09-08T05:23:58.490+0000] {processor.py:208} INFO - Processing /opt/airflow/dags/04_parallel_weather.py took 0.204 seconds
[2026-09-08T05:24:29.073+0000] {processor.py:186} INFO - Started process (PID=1554) to work on /opt/airflow/dags/04_parallel_weather.py
[2026-09-08T05:24:29.074+0000] {processor.py:914} INFO - Processing file /opt/airflow/dags/04_parallel_weather.py for tasks to queue
[2026-09-08T05:24:29.075+0000] {logging_mixin.py:190} INFO - [2026-09-08T05:24:29.075+0000] {dagbag.py:588} INFO - Filling up the DagBag from /opt/airflow/dags/04_parallel_weather.py
[2026-09-08T05:24:29.095+0000] {processor.py:925} INFO - DAG(s) 'parallel_weather_dag' retrieved from /opt/airflow/dags/04_parallel_weather.py
[2026-09-08T05:24:29.132+0000] {logging_mixin.py:190} INFO - [2026-09-08T05:24:29.131+0000] {dag.py:3239} INFO - Sync 1 DAGs
[2026-09-08T05:24:29.152+0000] {logging_mixin.py:190} INFO - [2026-09-08T05:24:29.152+0000] {dag.py:4180} INFO - Setting next_dagrun for parallel_weather_dag to None, run_after=None
[2026-09-08T05:24:29.176+0000] {processor.py:208} INFO - Processing /opt/airflow/dags/04_parallel_weather.py took 0.108 seconds
[2026-09-08T05:24:59.532+0000] {processor.py:186} INFO - Started process (PID=1568) to work on /opt/airflow/dags/04_parallel_weather.py
[2026-09-08T05:24:59.533+0000] {processor.py:914} INFO - Processing file /opt/airflow/dags/04_parallel_weather.py for tasks to queue
[2026-09-08T05:24:59.534+0000] {logging_mixin.py:190} INFO - [2026-09-08T05:24:59.533+0000] {dagbag.py:588} INFO - Filling up the DagBag from /opt/airflow/dags/04_parallel_weather.py
[2026-09-08T05:24:59.552+0000] {processor.py:925} INFO - DAG(s) 'parallel_weather_dag' retrieved from /opt/airflow/dags/04_parallel_weather.py
[2026-09-08T05:24:59.583+0000] {logging_mixin.py:190} INFO - [2026-09-08T05:24:59.582+0000] {dag.py:3239} INFO - Sync 1 DAGs
[2026-09-08T05:24:59.605+0000] {logging_mixin.py:190} INFO - [2026-09-08T05:24:59.605+0000] {dag.py:4180} INFO - Setting next_dagrun for parallel_weather_dag to None, run_after=None
[2026-09-08T05:24:59.641+0000] {processor.py:208} INFO - Processing /opt/airflow/dags/04_parallel_weather.py took 0.114 seconds
[2026-09-08T05:25:29.989+0000] {processor.py:186} INFO - Started process (PID=1582) to work on /opt/airflow/dags/04_parallel_weather.py
[2026-09-08T05:25:29.989+0000] {processor.py:914} INFO - Processing file /opt/airflow/dags/04_parallel_weather.py for tasks to queue
[2026-09-08T05:25:29.990+0000] {logging_mixin.py:190} INFO - [2026-09-08T05:25:29.990+0000] {dagbag.py:588} INFO - Filling up the DagBag from /opt/airflow/dags/04_parallel_weather.py
[2026-09-08T05:25:30.005+0000] {processor.py:925} INFO - DAG(s) 'parallel_weather_dag' retrieved from /opt/airflow/dags/04_parallel_weather.py
[2026-09-08T05:25:30.028+0000] {logging_mixin.py:190} INFO - [2026-09-08T05:25:30.028+0000] {dag.py:3239} INFO - Sync 1 DAGs
[2026-09-08T05:25:30.040+0000] {logging_mixin.py:190} INFO - [2026-09-08T05:25:30.040+0000] {dag.py:4180} INFO - Setting next_dagrun for parallel_weather_dag to None, run_after=None
[2026-09-08T05:25:30.063+0000] {processor.py:208} INFO - Processing /opt/airflow/dags/04_parallel_weather.py took 0.079 seconds
[2026-09-08T05:26:00.464+0000] {processor.py:186} INFO - Started process (PID=1596) to work on /opt/airflow/dags/04_parallel_weather.py
[2026-09-08T05:26:00.465+0000] {processor.py:914} INFO - Processing file /opt/airflow/dags/04_parallel_weather.py for tasks to queue
[2026-09-08T05:26:00.466+0000] {logging_mixin.py:190} INFO - [2026-09-08T05:26:00.466+0000] {dagbag.py:588} INFO - Filling up the DagBag from /opt/airflow/dags/04_parallel_weather.py
[2026-09-08T05:26:00.479+0000] {processor.py:925} INFO - DAG(s) 'parallel_weather_dag' retrieved from /opt/airflow/dags/04_parallel_weather.py
[2026-09-08T05:26:00.503+0000] {logging_mixin.py:190} INFO - [2026-09-08T05:26:00.503+0000] {dag.py:3239} INFO - Sync 1 DAGs
[2026-09-08T05:26:00.516+0000] {logging_mixin.py:190} INFO - [2026-09-08T05:26:00.515+0000] {dag.py:4180} INFO - Setting next_dagrun for parallel_weather_dag to None, run_after=None
[2026-09-08T05:26:00.534+0000] {processor.py:208} INFO - Processing /opt/airflow/dags/04_parallel_weather.py took 0.077 seconds
[2026-09-08T05:26:31.006+0000] {processor.py:186} INFO - Started process (PID=1610) to work on /opt/airflow/dags/04_parallel_weather.py
[2026-09-08T05:26:31.007+0000] {processor.py:914} INFO - Processing file /opt/airflow/dags/04_parallel_weather.py for tasks to queue
[2026-09-08T05:26:31.008+0000] {logging_mixin.py:190} INFO - [2026-09-08T05:26:31.008+0000] {dagbag.py:588} INFO - Filling up the DagBag from /opt/airflow/dags/04_parallel_weather.py
[2026-09-08T05:26:31.024+0000] {processor.py:925} INFO - DAG(s) 'parallel_weather_dag' retrieved from /opt/airflow/dags/04_parallel_weather.py
[2026-09-08T05:26:31.045+0000] {logging_mixin.py:190} INFO - [2026-09-08T05:26:31.045+0000] {dag.py:3239} INFO - Sync 1 DAGs
[2026-09-08T05:26:31.058+0000] {logging_mixin.py:190} INFO - [2026-09-08T05:26:31.057+0000] {dag.py:4180} INFO - Setting next_dagrun for parallel_weather_dag to None, run_after=None
[2026-09-08T05:26:31.075+0000] {processor.py:208} INFO - Processing /opt/airflow/dags/04_parallel_weather.py took 0.075 seconds
[2026-09-08T05:27:01.440+0000] {processor.py:186} INFO - Started process (PID=1624) to work on /opt/airflow/dags/04_parallel_weather.py
[2026-09-08T05:27:01.441+0000] {processor.py:914} INFO - Processing file /opt/airflow/dags/04_parallel_weather.py for tasks to queue
[2026-09-08T05:27:01.442+0000] {logging_mixin.py:190} INFO - [2026-09-08T05:27:01.442+0000] {dagbag.py:588} INFO - Filling up the DagBag from /opt/airflow/dags/04_parallel_weather.py
[2026-09-08T05:27:01.462+0000] {processor.py:925} INFO - DAG(s) 'parallel_weather_dag' retrieved from /opt/airflow/dags/04_parallel_weather.py
[2026-09-08T05:27:01.499+0000] {logging_mixin.py:190} INFO - [2026-09-08T05:27:01.498+0000] {dag.py:3239} INFO - Sync 1 DAGs
[2026-09-08T05:27:01.515+0000] {logging_mixin.py:190} INFO - [2026-09-08T05:27:01.514+0000] {dag.py:4180} INFO - Setting next_dagrun for parallel_weather_dag to None, run_after=None
[2026-09-08T05:27:01.538+0000] {processor.py:208} INFO - Processing /opt/airflow/dags/04_parallel_weather.py took 0.105 seconds
[2026-09-08T05:27:32.078+0000] {processor.py:186} INFO - Started process (PID=1638) to work on /opt/airflow/dags/04_parallel_weather.py
[2026-09-08T05:27:32.079+0000] {processor.py:914} INFO - Processing file /opt/airflow/dags/04_parallel_weather.py for tasks to queue
[2026-09-08T05:27:32.080+0000] {logging_mixin.py:190} INFO - [2026-09-08T05:27:32.080+0000] {dagbag.py:588} INFO - Filling up the DagBag from /opt/airflow/dags/04_parallel_weather.py
[2026-09-08T05:27:32.095+0000] {processor.py:925} INFO - DAG(s) 'parallel_weather_dag' retrieved from /opt/airflow/dags/04_parallel_weather.py
[2026-09-08T05:27:32.121+0000] {logging_mixin.py:190} INFO - [2026-09-08T05:27:32.121+0000] {dag.py:3239} INFO - Sync 1 DAGs
[2026-09-08T05:27:32.135+0000] {logging_mixin.py:190} INFO - [2026-09-08T05:27:32.135+0000] {dag.py:4180} INFO - Setting next_dagrun for parallel_weather_dag to None, run_after=None
[2026-09-08T05:27:32.155+0000] {processor.py:208} INFO - Processing /opt/airflow/dags/04_parallel_weather.py took 0.083 seconds
[2026-09-08T05:28:02.668+0000] {processor.py:186} INFO - Started process (PID=1652) to work on /opt/airflow/dags/04_parallel_weather.py
[2026-09-08T05:28:02.671+0000] {processor.py:914} INFO - Processing file /opt/airflow/dags/04_parallel_weather.py for tasks to queue
[2026-09-08T05:28:02.675+0000] {logging_mixin.py:190} INFO - [2026-09-08T05:28:02.675+0000] {dagbag.py:588} INFO - Filling up the DagBag from /opt/airflow/dags/04_parallel_weather.py
[2026-09-08T05:28:02.693+0000] {processor.py:925} INFO - DAG(s) 'parallel_weather_dag' retrieved from /opt/airflow/dags/04_parallel_weather.py
[2026-09-08T05:28:02.725+0000] {logging_mixin.py:190} INFO - [2026-09-08T05:28:02.725+0000] {dag.py:3239} INFO - Sync 1 DAGs
[2026-09-08T05:28:02.746+0000] {logging_mixin.py:190} INFO - [2026-09-08T05:28:02.746+0000] {dag.py:4180} INFO - Setting next_dagrun for parallel_weather_dag to None, run_after=None
[2026-09-08T05:28:02.768+0000] {processor.py:208} INFO - Processing /opt/airflow/dags/04_parallel_weather.py took 0.106 seconds
[2026-09-08T05:28:32.923+0000] {processor.py:186} INFO - Started process (PID=1666) to work on /opt/airflow/dags/04_parallel_weather.py
[2026-09-08T05:28:32.924+0000] {processor.py:914} INFO - Processing file /opt/airflow/dags/04_parallel_weather.py for tasks to queue
[2026-09-08T05:28:32.927+0000] {logging_mixin.py:190} INFO - [2026-09-08T05:28:32.926+0000] {dagbag.py:588} INFO - Filling up the DagBag from /opt/airflow/dags/04_parallel_weather.py
[2026-09-08T05:28:32.955+0000] {processor.py:925} INFO - DAG(s) 'parallel_weather_dag' retrieved from /opt/airflow/dags/04_parallel_weather.py
[2026-09-08T05:28:32.993+0000] {logging_mixin.py:190} INFO - [2026-09-08T05:28:32.992+0000] {dag.py:3239} INFO - Sync 1 DAGs
[2026-09-08T05:28:33.014+0000] {logging_mixin.py:190} INFO - [2026-09-08T05:28:33.014+0000] {dag.py:4180} INFO - Setting next_dagrun for parallel_weather_dag to None, run_after=None
[2026-09-08T05:28:33.034+0000] {processor.py:208} INFO - Processing /opt/airflow/dags/04_parallel_weather.py took 0.117 seconds
[2026-09-08T05:29:03.219+0000] {processor.py:186} INFO - Started process (PID=1680) to work on /opt/airflow/dags/04_parallel_weather.py
[2026-09-08T05:29:03.220+0000] {processor.py:914} INFO - Processing file /opt/airflow/dags/04_parallel_weather.py for tasks to queue
[2026-09-08T05:29:03.221+0000] {logging_mixin.py:190} INFO - [2026-09-08T05:29:03.221+0000] {dagbag.py:588} INFO - Filling up the DagBag from /opt/airflow/dags/04_parallel_weather.py
[2026-09-08T05:29:03.247+0000] {processor.py:925} INFO - DAG(s) 'parallel_weather_dag' retrieved from /opt/airflow/dags/04_parallel_weather.py
[2026-09-08T05:29:03.277+0000] {logging_mixin.py:190} INFO - [2026-09-08T05:29:03.277+0000] {dag.py:3239} INFO - Sync 1 DAGs
[2026-09-08T05:29:03.306+0000] {logging_mixin.py:190} INFO - [2026-09-08T05:29:03.305+0000] {dag.py:4180} INFO - Setting next_dagrun for parallel_weather_dag to None, run_after=None
[2026-09-08T05:29:03.332+0000] {processor.py:208} INFO - Processing /opt/airflow/dags/04_parallel_weather.py took 0.121 seconds
[2026-09-08T05:29:33.496+0000] {processor.py:186} INFO - Started process (PID=1694) to work on /opt/airflow/dags/04_parallel_weather.py
[2026-09-08T05:29:33.497+0000] {processor.py:914} INFO - Processing file /opt/airflow/dags/04_parallel_weather.py for tasks to queue
[2026-09-08T05:29:33.498+0000] {logging_mixin.py:190} INFO - [2026-09-08T05:29:33.498+0000] {dagbag.py:588} INFO - Filling up the DagBag from /opt/airflow/dags/04_parallel_weather.py
[2026-09-08T05:29:33.526+0000] {processor.py:925} INFO - DAG(s) 'parallel_weather_dag' retrieved from /opt/airflow/dags/04_parallel_weather.py
[2026-09-08T05:29:33.574+0000] {logging_mixin.py:190} INFO - [2026-09-08T05:29:33.574+0000] {dag.py:3239} INFO - Sync 1 DAGs
[2026-09-08T05:29:33.592+0000] {logging_mixin.py:190} INFO - [2026-09-08T05:29:33.592+0000] {dag.py:4180} INFO - Setting next_dagrun for parallel_weather_dag to None, run_after=None
[2026-09-08T05:29:33.622+0000] {processor.py:208} INFO - Processing /opt/airflow/dags/04_parallel_weather.py took 0.132 seconds
[2026-09-08T05:30:03.797+0000] {processor.py:186} INFO - Started process (PID=1708) to work on /opt/airflow/dags/04_parallel_weather.py
[2026-09-08T05:30:03.800+0000] {processor.py:914} INFO - Processing file /opt/airflow/dags/04_parallel_weather.py for tasks to queue
[2026-09-08T05:30:03.806+0000] {logging_mixin.py:190} INFO - [2026-09-08T05:30:03.806+0000] {dagbag.py:588} INFO - Filling up the DagBag from /opt/airflow/dags/04_parallel_weather.py
[2026-09-08T05:30:03.829+0000] {processor.py:925} INFO - DAG(s) 'parallel_weather_dag' retrieved from /opt/airflow/dags/04_parallel_weather.py
[2026-09-08T05:30:03.882+0000] {logging_mixin.py:190} INFO - [2026-09-08T05:30:03.882+0000] {dag.py:3239} INFO - Sync 1 DAGs
[2026-09-08T05:30:03.902+0000] {logging_mixin.py:190} INFO - [2026-09-08T05:30:03.902+0000] {dag.py:4180} INFO - Setting next_dagrun for parallel_weather_dag to None, run_after=None
[2026-09-08T05:30:03.931+0000] {processor.py:208} INFO - Processing /opt/airflow/dags/04_parallel_weather.py took 0.141 seconds
[2026-09-08T05:30:34.026+0000] {processor.py:186} INFO - Started process (PID=1722) to work on /opt/airflow/dags/04_parallel_weather.py
[2026-09-08T05:30:34.027+0000] {processor.py:914} INFO - Processing file /opt/airflow/dags/04_parallel_weather.py for tasks to queue
[2026-09-08T05:30:34.029+0000] {logging_mixin.py:190} INFO - [2026-09-08T05:30:34.028+0000] {dagbag.py:588} INFO - Filling up the DagBag from /opt/airflow/dags/04_parallel_weather.py
[2026-09-08T05:30:34.056+0000] {processor.py:925} INFO - DAG(s) 'parallel_weather_dag' retrieved from /opt/airflow/dags/04_parallel_weather.py
[2026-09-08T05:30:34.093+0000] {logging_mixin.py:190} INFO - [2026-09-08T05:30:34.092+0000] {dag.py:3239} INFO - Sync 1 DAGs
[2026-09-08T05:30:34.112+0000] {logging_mixin.py:190} INFO - [2026-09-08T05:30:34.112+0000] {dag.py:4180} INFO - Setting next_dagrun for parallel_weather_dag to None, run_after=None
[2026-09-08T05:30:34.135+0000] {processor.py:208} INFO - Processing /opt/airflow/dags/04_parallel_weather.py took 0.115 seconds
[2026-09-08T05:31:04.274+0000] {processor.py:186} INFO - Started process (PID=1736) to work on /opt/airflow/dags/04_parallel_weather.py
[2026-09-08T05:31:04.275+0000] {processor.py:914} INFO - Processing file /opt/airflow/dags/04_parallel_weather.py for tasks to queue
[2026-09-08T05:31:04.276+0000] {logging_mixin.py:190} INFO - [2026-09-08T05:31:04.276+0000] {dagbag.py:588} INFO - Filling up the DagBag from /opt/airflow/dags/04_parallel_weather.py
[2026-09-08T05:31:04.294+0000] {processor.py:925} INFO - DAG(s) 'parallel_weather_dag' retrieved from /opt/airflow/dags/04_parallel_weather.py
[2026-09-08T05:31:04.334+0000] {logging_mixin.py:190} INFO - [2026-09-08T05:31:04.334+0000] {dag.py:3239} INFO - Sync 1 DAGs
[2026-09-08T05:31:04.354+0000] {logging_mixin.py:190} INFO - [2026-09-08T05:31:04.353+0000] {dag.py:4180} INFO - Setting next_dagrun for parallel_weather_dag to None, run_after=None
[2026-09-08T05:31:04.420+0000] {processor.py:208} INFO - Processing /opt/airflow/dags/04_parallel_weather.py took 0.157 seconds
[2026-09-08T05:31:34.505+0000] {processor.py:186} INFO - Started process (PID=1750) to work on /opt/airflow/dags/04_parallel_weather.py
[2026-09-08T05:31:34.506+0000] {processor.py:914} INFO - Processing file /opt/airflow/dags/04_parallel_weather.py for tasks to queue
[2026-09-08T05:31:34.508+0000] {logging_mixin.py:190} INFO - [2026-09-08T05:31:34.508+0000] {dagbag.py:588} INFO - Filling up the DagBag from /opt/airflow/dags/04_parallel_weather.py
[2026-09-08T05:31:34.528+0000] {processor.py:925} INFO - DAG(s) 'parallel_weather_dag' retrieved from /opt/airflow/dags/04_parallel_weather.py
[2026-09-08T05:31:34.564+0000] {logging_mixin.py:190} INFO - [2026-09-08T05:31:34.563+0000] {dag.py:3239} INFO - Sync 1 DAGs
[2026-09-08T05:31:34.586+0000] {logging_mixin.py:190} INFO - [2026-09-08T05:31:34.585+0000] {dag.py:4180} INFO - Setting next_dagrun for parallel_weather_dag to None, run_after=None
[2026-09-08T05:31:34.611+0000] {processor.py:208} INFO - Processing /opt/airflow/dags/04_parallel_weather.py took 0.116 seconds
[2026-09-08T05:32:04.927+0000] {processor.py:186} INFO - Started process (PID=1764) to work on /opt/airflow/dags/04_parallel_weather.py
[2026-09-08T05:32:04.933+0000] {processor.py:914} INFO - Processing file /opt/airflow/dags/04_parallel_weather.py for tasks to queue
[2026-09-08T05:32:04.935+0000] {logging_mixin.py:190} INFO - [2026-09-08T05:32:04.935+0000] {dagbag.py:588} INFO - Filling up the DagBag from /opt/airflow/dags/04_parallel_weather.py
[2026-09-08T05:32:05.008+0000] {processor.py:925} INFO - DAG(s) 'parallel_weather_dag' retrieved from /opt/airflow/dags/04_parallel_weather.py
[2026-09-08T05:32:05.069+0000] {logging_mixin.py:190} INFO - [2026-09-08T05:32:05.068+0000] {dag.py:3239} INFO - Sync 1 DAGs
[2026-09-08T05:32:05.110+0000] {logging_mixin.py:190} INFO - [2026-09-08T05:32:05.109+0000] {dag.py:4180} INFO - Setting next_dagrun for parallel_weather_dag to None, run_after=None
[2026-09-08T05:32:05.151+0000] {processor.py:208} INFO - Processing /opt/airflow/dags/04_parallel_weather.py took 0.232 seconds
[2026-09-08T05:32:35.375+0000] {processor.py:186} INFO - Started process (PID=1778) to work on /opt/airflow/dags/04_parallel_weather.py
[2026-09-08T05:32:35.376+0000] {processor.py:914} INFO - Processing file /opt/airflow/dags/04_parallel_weather.py for tasks to queue
[2026-09-08T05:32:35.377+0000] {logging_mixin.py:190} INFO - [2026-09-08T05:32:35.377+0000] {dagbag.py:588} INFO - Filling up the DagBag from /opt/airflow/dags/04_parallel_weather.py
[2026-09-08T05:32:35.402+0000] {processor.py:925} INFO - DAG(s) 'parallel_weather_dag' retrieved from /opt/airflow/dags/04_parallel_weather.py
[2026-09-08T05:32:35.433+0000] {logging_mixin.py:190} INFO - [2026-09-08T05:32:35.433+0000] {dag.py:3239} INFO - Sync 1 DAGs
[2026-09-08T05:32:35.448+0000] {logging_mixin.py:190} INFO - [2026-09-08T05:32:35.448+0000] {dag.py:4180} INFO - Setting next_dagrun for parallel_weather_dag to None, run_after=None
[2026-09-08T05:32:35.489+0000] {processor.py:208} INFO - Processing /opt/airflow/dags/04_parallel_weather.py took 0.120 seconds
[2026-09-08T05:33:05.621+0000] {processor.py:186} INFO - Started process (PID=1792) to work on /opt/airflow/dags/04_parallel_weather.py
[2026-09-08T05:33:05.621+0000] {processor.py:914} INFO - Processing file /opt/airflow/dags/04_parallel_weather.py for tasks to queue
[2026-09-08T05:33:05.623+0000] {logging_mixin.py:190} INFO - [2026-09-08T05:33:05.622+0000] {dagbag.py:588} INFO - Filling up the DagBag from /opt/airflow/dags/04_parallel_weather.py
[2026-09-08T05:33:05.643+0000] {processor.py:925} INFO - DAG(s) 'parallel_weather_dag' retrieved from /opt/airflow/dags/04_parallel_weather.py
[2026-09-08T05:33:05.675+0000] {logging_mixin.py:190} INFO - [2026-09-08T05:33:05.675+0000] {dag.py:3239} INFO - Sync 1 DAGs
[2026-09-08T05:33:05.691+0000] {logging_mixin.py:190} INFO - [2026-09-08T05:33:05.690+0000] {dag.py:4180} INFO - Setting next_dagrun for parallel_weather_dag to None, run_after=None
[2026-09-08T05:33:05.718+0000] {processor.py:208} INFO - Processing /opt/airflow/dags/04_parallel_weather.py took 0.104 seconds
[2026-09-08T05:33:36.346+0000] {processor.py:186} INFO - Started process (PID=1806) to work on /opt/airflow/dags/04_parallel_weather.py
[2026-09-08T05:33:36.347+0000] {processor.py:914} INFO - Processing file /opt/airflow/dags/04_parallel_weather.py for tasks to queue
[2026-09-08T05:33:36.349+0000] {logging_mixin.py:190} INFO - [2026-09-08T05:33:36.349+0000] {dagbag.py:588} INFO - Filling up the DagBag from /opt/airflow/dags/04_parallel_weather.py
[2026-09-08T05:33:36.382+0000] {processor.py:925} INFO - DAG(s) 'parallel_weather_dag' retrieved from /opt/airflow/dags/04_parallel_weather.py
[2026-09-08T05:33:36.425+0000] {logging_mixin.py:190} INFO - [2026-09-08T05:33:36.425+0000] {dag.py:3239} INFO - Sync 1 DAGs
[2026-09-08T05:33:36.451+0000] {logging_mixin.py:190} INFO - [2026-09-08T05:33:36.451+0000] {dag.py:4180} INFO - Setting next_dagrun for parallel_weather_dag to None, run_after=None
[2026-09-08T05:33:36.486+0000] {processor.py:208} INFO - Processing /opt/airflow/dags/04_parallel_weather.py took 0.147 seconds
[2026-09-08T05:34:06.809+0000] {processor.py:186} INFO - Started process (PID=1820) to work on /opt/airflow/dags/04_parallel_weather.py
[2026-09-08T05:34:06.809+0000] {processor.py:914} INFO - Processing file /opt/airflow/dags/04_parallel_weather.py for tasks to queue
[2026-09-08T05:34:06.811+0000] {logging_mixin.py:190} INFO - [2026-09-08T05:34:06.810+0000] {dagbag.py:588} INFO - Filling up the DagBag from /opt/airflow/dags/04_parallel_weather.py
[2026-09-08T05:34:06.838+0000] {processor.py:925} INFO - DAG(s) 'parallel_weather_dag' retrieved from /opt/airflow/dags/04_parallel_weather.py
[2026-09-08T05:34:06.874+0000] {logging_mixin.py:190} INFO - [2026-09-08T05:34:06.873+0000] {dag.py:3239} INFO - Sync 1 DAGs
[2026-09-08T05:34:06.891+0000] {logging_mixin.py:190} INFO - [2026-09-08T05:34:06.890+0000] {dag.py:4180} INFO - Setting next_dagrun for parallel_weather_dag to None, run_after=None
[2026-09-08T05:34:06.918+0000] {processor.py:208} INFO - Processing /opt/airflow/dags/04_parallel_weather.py took 0.115 seconds
[2026-09-08T05:34:37.223+0000] {processor.py:186} INFO - Started process (PID=1835) to work on /opt/airflow/dags/04_parallel_weather.py
[2026-09-08T05:34:37.232+0000] {processor.py:914} INFO - Processing file /opt/airflow/dags/04_parallel_weather.py for tasks to queue
[2026-09-08T05:34:37.235+0000] {logging_mixin.py:190} INFO - [2026-09-08T05:34:37.234+0000] {dagbag.py:588} INFO - Filling up the DagBag from /opt/airflow/dags/04_parallel_weather.py
[2026-09-08T05:34:37.268+0000] {processor.py:925} INFO - DAG(s) 'parallel_weather_dag' retrieved from /opt/airflow/dags/04_parallel_weather.py
[2026-09-08T05:34:37.323+0000] {logging_mixin.py:190} INFO - [2026-09-08T05:34:37.323+0000] {dag.py:3239} INFO - Sync 1 DAGs
[2026-09-08T05:34:37.372+0000] {logging_mixin.py:190} INFO - [2026-09-08T05:34:37.372+0000] {dag.py:4180} INFO - Setting next_dagrun for parallel_weather_dag to None, run_after=None
[2026-09-08T05:34:37.405+0000] {processor.py:208} INFO - Processing /opt/airflow/dags/04_parallel_weather.py took 0.191 seconds
[2026-09-08T05:35:07.487+0000] {processor.py:186} INFO - Started process (PID=1849) to work on /opt/airflow/dags/04_parallel_weather.py
[2026-09-08T05:35:07.489+0000] {processor.py:914} INFO - Processing file /opt/airflow/dags/04_parallel_weather.py for tasks to queue
[2026-09-08T05:35:07.491+0000] {logging_mixin.py:190} INFO - [2026-09-08T05:35:07.490+0000] {dagbag.py:588} INFO - Filling up the DagBag from /opt/airflow/dags/04_parallel_weather.py
[2026-09-08T05:35:07.510+0000] {processor.py:925} INFO - DAG(s) 'parallel_weather_dag' retrieved from /opt/airflow/dags/04_parallel_weather.py
[2026-09-08T05:35:07.547+0000] {logging_mixin.py:190} INFO - [2026-09-08T05:35:07.547+0000] {dag.py:3239} INFO - Sync 1 DAGs
[2026-09-08T05:35:07.564+0000] {logging_mixin.py:190} INFO - [2026-09-08T05:35:07.564+0000] {dag.py:4180} INFO - Setting next_dagrun for parallel_weather_dag to None, run_after=None
[2026-09-08T05:35:07.600+0000] {processor.py:208} INFO - Processing /opt/airflow/dags/04_parallel_weather.py took 0.124 seconds
[2026-09-08T05:35:38.165+0000] {processor.py:186} INFO - Started process (PID=1863) to work on /opt/airflow/dags/04_parallel_weather.py
[2026-09-08T05:35:38.166+0000] {processor.py:914} INFO - Processing file /opt/airflow/dags/04_parallel_weather.py for tasks to queue
[2026-09-08T05:35:38.167+0000] {logging_mixin.py:190} INFO - [2026-09-08T05:35:38.167+0000] {dagbag.py:588} INFO - Filling up the DagBag from /opt/airflow/dags/04_parallel_weather.py
[2026-09-08T05:35:38.190+0000] {processor.py:925} INFO - DAG(s) 'parallel_weather_dag' retrieved from /opt/airflow/dags/04_parallel_weather.py
[2026-09-08T05:35:38.224+0000] {logging_mixin.py:190} INFO - [2026-09-08T05:35:38.224+0000] {dag.py:3239} INFO - Sync 1 DAGs
[2026-09-08T05:35:38.243+0000] {logging_mixin.py:190} INFO - [2026-09-08T05:35:38.243+0000] {dag.py:4180} INFO - Setting next_dagrun for parallel_weather_dag to None, run_after=None
[2026-09-08T05:35:38.272+0000] {processor.py:208} INFO - Processing /opt/airflow/dags/04_parallel_weather.py took 0.114 seconds
[2026-09-08T05:36:09.122+0000] {processor.py:186} INFO - Started process (PID=1877) to work on /opt/airflow/dags/04_parallel_weather.py
[2026-09-08T05:36:09.123+0000] {processor.py:914} INFO - Processing file /opt/airflow/dags/04_parallel_weather.py for tasks to queue
[2026-09-08T05:36:09.125+0000] {logging_mixin.py:190} INFO - [2026-09-08T05:36:09.124+0000] {dagbag.py:588} INFO - Filling up the DagBag from /opt/airflow/dags/04_parallel_weather.py
[2026-09-08T05:36:09.148+0000] {processor.py:925} INFO - DAG(s) 'parallel_weather_dag' retrieved from /opt/airflow/dags/04_parallel_weather.py
[2026-09-08T05:36:09.194+0000] {logging_mixin.py:190} INFO - [2026-09-08T05:36:09.194+0000] {dag.py:3239} INFO - Sync 1 DAGs
[2026-09-08T05:36:09.213+0000] {logging_mixin.py:190} INFO - [2026-09-08T05:36:09.213+0000] {dag.py:4180} INFO - Setting next_dagrun for parallel_weather_dag to None, run_after=None
[2026-09-08T05:36:09.246+0000] {processor.py:208} INFO - Processing /opt/airflow/dags/04_parallel_weather.py took 0.133 seconds
[2026-09-08T05:36:39.377+0000] {processor.py:186} INFO - Started process (PID=1889) to work on /opt/airflow/dags/04_parallel_weather.py
[2026-09-08T05:36:39.378+0000] {processor.py:914} INFO - Processing file /opt/airflow/dags/04_parallel_weather.py for tasks to queue
[2026-09-08T05:36:39.379+0000] {logging_mixin.py:190} INFO - [2026-09-08T05:36:39.379+0000] {dagbag.py:588} INFO - Filling up the DagBag from /opt/airflow/dags/04_parallel_weather.py
[2026-09-08T05:36:39.406+0000] {processor.py:925} INFO - DAG(s) 'parallel_weather_dag' retrieved from /opt/airflow/dags/04_parallel_weather.py
[2026-09-08T05:36:39.440+0000] {logging_mixin.py:190} INFO - [2026-09-08T05:36:39.440+0000] {dag.py:3239} INFO - Sync 1 DAGs
[2026-09-08T05:36:39.455+0000] {logging_mixin.py:190} INFO - [2026-09-08T05:36:39.454+0000] {dag.py:4180} INFO - Setting next_dagrun for parallel_weather_dag to None, run_after=None
[2026-09-08T05:36:39.483+0000] {processor.py:208} INFO - Processing /opt/airflow/dags/04_parallel_weather.py took 0.112 seconds
[2026-09-08T05:37:09.970+0000] {processor.py:186} INFO - Started process (PID=1904) to work on /opt/airflow/dags/04_parallel_weather.py
[2026-09-08T05:37:09.971+0000] {processor.py:914} INFO - Processing file /opt/airflow/dags/04_parallel_weather.py for tasks to queue
[2026-09-08T05:37:09.973+0000] {logging_mixin.py:190} INFO - [2026-09-08T05:37:09.973+0000] {dagbag.py:588} INFO - Filling up the DagBag from /opt/airflow/dags/04_parallel_weather.py
[2026-09-08T05:37:10.002+0000] {processor.py:925} INFO - DAG(s) 'parallel_weather_dag' retrieved from /opt/airflow/dags/04_parallel_weather.py
[2026-09-08T05:37:10.048+0000] {logging_mixin.py:190} INFO - [2026-09-08T05:37:10.047+0000] {dag.py:3239} INFO - Sync 1 DAGs
[2026-09-08T05:37:10.073+0000] {logging_mixin.py:190} INFO - [2026-09-08T05:37:10.072+0000] {dag.py:4180} INFO - Setting next_dagrun for parallel_weather_dag to None, run_after=None
[2026-09-08T05:37:10.110+0000] {processor.py:208} INFO - Processing /opt/airflow/dags/04_parallel_weather.py took 0.148 seconds
[2026-09-08T05:37:40.174+0000] {processor.py:186} INFO - Started process (PID=1918) to work on /opt/airflow/dags/04_parallel_weather.py
[2026-09-08T05:37:40.175+0000] {processor.py:914} INFO - Processing file /opt/airflow/dags/04_parallel_weather.py for tasks to queue
[2026-09-08T05:37:40.176+0000] {logging_mixin.py:190} INFO - [2026-09-08T05:37:40.175+0000] {dagbag.py:588} INFO - Filling up the DagBag from /opt/airflow/dags/04_parallel_weather.py
[2026-09-08T05:37:40.200+0000] {processor.py:925} INFO - DAG(s) 'parallel_weather_dag' retrieved from /opt/airflow/dags/04_parallel_weather.py
[2026-09-08T05:37:40.235+0000] {logging_mixin.py:190} INFO - [2026-09-08T05:37:40.235+0000] {dag.py:3239} INFO - Sync 1 DAGs
[2026-09-08T05:37:40.250+0000] {logging_mixin.py:190} INFO - [2026-09-08T05:37:40.250+0000] {dag.py:4180} INFO - Setting next_dagrun for parallel_weather_dag to None, run_after=None
[2026-09-08T05:37:40.279+0000] {processor.py:208} INFO - Processing /opt/airflow/dags/04_parallel_weather.py took 0.112 seconds
[2026-09-08T05:38:10.369+0000] {processor.py:186} INFO - Started process (PID=1932) to work on /opt/airflow/dags/04_parallel_weather.py
[2026-09-08T05:38:10.370+0000] {processor.py:914} INFO - Processing file /opt/airflow/dags/04_parallel_weather.py for tasks to queue
[2026-09-08T05:38:10.372+0000] {logging_mixin.py:190} INFO - [2026-09-08T05:38:10.372+0000] {dagbag.py:588} INFO - Filling up the DagBag from /opt/airflow/dags/04_parallel_weather.py
[2026-09-08T05:38:10.395+0000] {processor.py:925} INFO - DAG(s) 'parallel_weather_dag' retrieved from /opt/airflow/dags/04_parallel_weather.py
[2026-09-08T05:38:10.423+0000] {logging_mixin.py:190} INFO - [2026-09-08T05:38:10.423+0000] {dag.py:3239} INFO - Sync 1 DAGs
[2026-09-08T05:38:10.436+0000] {logging_mixin.py:190} INFO - [2026-09-08T05:38:10.436+0000] {dag.py:4180} INFO - Setting next_dagrun for parallel_weather_dag to None, run_after=None
[2026-09-08T05:38:10.465+0000] {processor.py:208} INFO - Processing /opt/airflow/dags/04_parallel_weather.py took 0.103 seconds
[2026-09-08T06:18:37.082+0000] {processor.py:186} INFO - Started process (PID=117) to work on /opt/airflow/dags/04_parallel_weather.py
[2026-09-08T06:18:37.084+0000] {processor.py:914} INFO - Processing file /opt/airflow/dags/04_parallel_weather.py for tasks to queue
[2026-09-08T06:18:37.087+0000] {logging_mixin.py:190} INFO - [2026-09-08T06:18:37.086+0000] {dagbag.py:588} INFO - Filling up the DagBag from /opt/airflow/dags/04_parallel_weather.py
[2026-09-08T06:18:37.278+0000] {processor.py:925} INFO - DAG(s) 'parallel_weather_dag' retrieved from /opt/airflow/dags/04_parallel_weather.py
[2026-09-08T06:18:37.551+0000] {logging_mixin.py:190} INFO - [2026-09-08T06:18:37.551+0000] {dag.py:3239} INFO - Sync 1 DAGs
[2026-09-08T06:18:37.577+0000] {logging_mixin.py:190} INFO - [2026-09-08T06:18:37.577+0000] {dag.py:4180} INFO - Setting next_dagrun for parallel_weather_dag to None, run_after=None
[2026-09-08T06:18:37.615+0000] {processor.py:208} INFO - Processing /opt/airflow/dags/04_parallel_weather.py took 0.547 seconds
[2026-09-08T06:19:08.215+0000] {processor.py:186} INFO - Started process (PID=129) to work on /opt/airflow/dags/04_parallel_weather.py
[2026-09-08T06:19:08.259+0000] {processor.py:914} INFO - Processing file /opt/airflow/dags/04_parallel_weather.py for tasks to queue
[2026-09-08T06:19:08.289+0000] {logging_mixin.py:190} INFO - [2026-09-08T06:19:08.288+0000] {dagbag.py:588} INFO - Filling up the DagBag from /opt/airflow/dags/04_parallel_weather.py
[2026-09-08T06:19:08.684+0000] {processor.py:925} INFO - DAG(s) 'parallel_weather_dag' retrieved from /opt/airflow/dags/04_parallel_weather.py
[2026-09-08T06:19:08.828+0000] {logging_mixin.py:190} INFO - [2026-09-08T06:19:08.828+0000] {dag.py:3239} INFO - Sync 1 DAGs
[2026-09-08T06:19:09.185+0000] {logging_mixin.py:190} INFO - [2026-09-08T06:19:09.184+0000] {dag.py:4180} INFO - Setting next_dagrun for parallel_weather_dag to None, run_after=None
[2026-09-08T06:19:09.281+0000] {processor.py:208} INFO - Processing /opt/airflow/dags/04_parallel_weather.py took 1.089 seconds
[2026-09-08T06:19:39.475+0000] {processor.py:186} INFO - Started process (PID=149) to work on /opt/airflow/dags/04_parallel_weather.py
[2026-09-08T06:19:39.483+0000] {processor.py:914} INFO - Processing file /opt/airflow/dags/04_parallel_weather.py for tasks to queue
[2026-09-08T06:19:39.488+0000] {logging_mixin.py:190} INFO - [2026-09-08T06:19:39.487+0000] {dagbag.py:588} INFO - Filling up the DagBag from /opt/airflow/dags/04_parallel_weather.py
[2026-09-08T06:19:39.545+0000] {processor.py:925} INFO - DAG(s) 'parallel_weather_dag' retrieved from /opt/airflow/dags/04_parallel_weather.py
[2026-09-08T06:19:39.616+0000] {logging_mixin.py:190} INFO - [2026-09-08T06:19:39.616+0000] {dag.py:3239} INFO - Sync 1 DAGs
[2026-09-08T06:19:39.653+0000] {logging_mixin.py:190} INFO - [2026-09-08T06:19:39.653+0000] {dag.py:4180} INFO - Setting next_dagrun for parallel_weather_dag to None, run_after=None
[2026-09-08T06:19:39.709+0000] {processor.py:208} INFO - Processing /opt/airflow/dags/04_parallel_weather.py took 0.253 seconds
[2026-09-08T06:20:09.902+0000] {processor.py:186} INFO - Started process (PID=163) to work on /opt/airflow/dags/04_parallel_weather.py
[2026-09-08T06:20:09.940+0000] {processor.py:914} INFO - Processing file /opt/airflow/dags/04_parallel_weather.py for tasks to queue
[2026-09-08T06:20:09.947+0000] {logging_mixin.py:190} INFO - [2026-09-08T06:20:09.946+0000] {dagbag.py:588} INFO - Filling up the DagBag from /opt/airflow/dags/04_parallel_weather.py
[2026-09-08T06:20:10.281+0000] {processor.py:925} INFO - DAG(s) 'parallel_weather_dag' retrieved from /opt/airflow/dags/04_parallel_weather.py
[2026-09-08T06:20:10.522+0000] {logging_mixin.py:190} INFO - [2026-09-08T06:20:10.521+0000] {dag.py:3239} INFO - Sync 1 DAGs
[2026-09-08T06:20:10.545+0000] {logging_mixin.py:190} INFO - [2026-09-08T06:20:10.545+0000] {dag.py:4180} INFO - Setting next_dagrun for parallel_weather_dag to None, run_after=None
[2026-09-08T06:20:10.582+0000] {processor.py:208} INFO - Processing /opt/airflow/dags/04_parallel_weather.py took 0.694 seconds
[2026-09-08T06:24:37.273+0000] {processor.py:186} INFO - Started process (PID=96) to work on /opt/airflow/dags/04_parallel_weather.py
[2026-09-08T06:24:37.275+0000] {processor.py:914} INFO - Processing file /opt/airflow/dags/04_parallel_weather.py for tasks to queue
[2026-09-08T06:24:37.278+0000] {logging_mixin.py:190} INFO - [2026-09-08T06:24:37.278+0000] {dagbag.py:588} INFO - Filling up the DagBag from /opt/airflow/dags/04_parallel_weather.py
[2026-09-08T06:24:37.325+0000] {processor.py:925} INFO - DAG(s) 'parallel_weather_dag' retrieved from /opt/airflow/dags/04_parallel_weather.py
[2026-09-08T06:24:37.400+0000] {logging_mixin.py:190} INFO - [2026-09-08T06:24:37.399+0000] {dag.py:3239} INFO - Sync 1 DAGs
[2026-09-08T06:24:37.443+0000] {logging_mixin.py:190} INFO - [2026-09-08T06:24:37.443+0000] {dag.py:4180} INFO - Setting next_dagrun for parallel_weather_dag to None, run_after=None
[2026-09-08T06:24:37.493+0000] {processor.py:208} INFO - Processing /opt/airflow/dags/04_parallel_weather.py took 0.231 seconds
[2026-09-08T06:25:08.951+0000] {processor.py:186} INFO - Started process (PID=109) to work on /opt/airflow/dags/04_parallel_weather.py
[2026-09-08T06:25:08.953+0000] {processor.py:914} INFO - Processing file /opt/airflow/dags/04_parallel_weather.py for tasks to queue
[2026-09-08T06:25:08.957+0000] {logging_mixin.py:190} INFO - [2026-09-08T06:25:08.956+0000] {dagbag.py:588} INFO - Filling up the DagBag from /opt/airflow/dags/04_parallel_weather.py
[2026-09-08T06:25:09.004+0000] {processor.py:925} INFO - DAG(s) 'parallel_weather_dag' retrieved from /opt/airflow/dags/04_parallel_weather.py
[2026-09-08T06:25:09.077+0000] {logging_mixin.py:190} INFO - [2026-09-08T06:25:09.076+0000] {dag.py:3239} INFO - Sync 1 DAGs
[2026-09-08T06:25:09.114+0000] {logging_mixin.py:190} INFO - [2026-09-08T06:25:09.114+0000] {dag.py:4180} INFO - Setting next_dagrun for parallel_weather_dag to None, run_after=None
[2026-09-08T06:25:09.154+0000] {processor.py:208} INFO - Processing /opt/airflow/dags/04_parallel_weather.py took 0.214 seconds
[2026-09-08T06:25:40.761+0000] {processor.py:186} INFO - Started process (PID=122) to work on /opt/airflow/dags/04_parallel_weather.py
[2026-09-08T06:25:40.795+0000] {processor.py:914} INFO - Processing file /opt/airflow/dags/04_parallel_weather.py for tasks to queue
[2026-09-08T06:25:40.871+0000] {logging_mixin.py:190} INFO - [2026-09-08T06:25:40.870+0000] {dagbag.py:588} INFO - Filling up the DagBag from /opt/airflow/dags/04_parallel_weather.py
[2026-09-08T06:25:41.736+0000] {processor.py:925} INFO - DAG(s) 'parallel_weather_dag' retrieved from /opt/airflow/dags/04_parallel_weather.py
[2026-09-08T06:25:42.833+0000] {logging_mixin.py:190} INFO - [2026-09-08T06:25:42.832+0000] {dag.py:3239} INFO - Sync 1 DAGs
[2026-09-08T06:25:44.080+0000] {logging_mixin.py:190} INFO - [2026-09-08T06:25:44.080+0000] {dag.py:4180} INFO - Setting next_dagrun for parallel_weather_dag to None, run_after=None
[2026-09-08T06:25:51.486+0000] {processor.py:208} INFO - Processing /opt/airflow/dags/04_parallel_weather.py took 11.023 seconds
[2026-09-08T06:26:22.418+0000] {processor.py:186} INFO - Started process (PID=136) to work on /opt/airflow/dags/04_parallel_weather.py
[2026-09-08T06:26:22.423+0000] {processor.py:914} INFO - Processing file /opt/airflow/dags/04_parallel_weather.py for tasks to queue
[2026-09-08T06:26:22.430+0000] {logging_mixin.py:190} INFO - [2026-09-08T06:26:22.429+0000] {dagbag.py:588} INFO - Filling up the DagBag from /opt/airflow/dags/04_parallel_weather.py
[2026-09-08T06:26:22.506+0000] {processor.py:925} INFO - DAG(s) 'parallel_weather_dag' retrieved from /opt/airflow/dags/04_parallel_weather.py
[2026-09-08T06:26:23.038+0000] {logging_mixin.py:190} INFO - [2026-09-08T06:26:23.037+0000] {dag.py:3239} INFO - Sync 1 DAGs
[2026-09-08T06:26:23.065+0000] {logging_mixin.py:190} INFO - [2026-09-08T06:26:23.065+0000] {dag.py:4180} INFO - Setting next_dagrun for parallel_weather_dag to None, run_after=None
[2026-09-08T06:26:23.103+0000] {processor.py:208} INFO - Processing /opt/airflow/dags/04_parallel_weather.py took 0.721 seconds
[2026-09-08T06:26:53.253+0000] {processor.py:186} INFO - Started process (PID=150) to work on /opt/airflow/dags/04_parallel_weather.py
[2026-09-08T06:26:53.256+0000] {processor.py:914} INFO - Processing file /opt/airflow/dags/04_parallel_weather.py for tasks to queue
[2026-09-08T06:26:53.371+0000] {logging_mixin.py:190} INFO - [2026-09-08T06:26:53.370+0000] {dagbag.py:588} INFO - Filling up the DagBag from /opt/airflow/dags/04_parallel_weather.py
[2026-09-08T06:26:53.424+0000] {processor.py:925} INFO - DAG(s) 'parallel_weather_dag' retrieved from /opt/airflow/dags/04_parallel_weather.py
[2026-09-08T06:26:53.499+0000] {logging_mixin.py:190} INFO - [2026-09-08T06:26:53.499+0000] {dag.py:3239} INFO - Sync 1 DAGs
[2026-09-08T06:26:53.532+0000] {logging_mixin.py:190} INFO - [2026-09-08T06:26:53.531+0000] {dag.py:4180} INFO - Setting next_dagrun for parallel_weather_dag to None, run_after=None
[2026-09-08T06:26:53.584+0000] {processor.py:208} INFO - Processing /opt/airflow/dags/04_parallel_weather.py took 0.346 seconds
[2026-09-08T06:27:23.686+0000] {processor.py:186} INFO - Started process (PID=164) to work on /opt/airflow/dags/04_parallel_weather.py
[2026-09-08T06:27:23.687+0000] {processor.py:914} INFO - Processing file /opt/airflow/dags/04_parallel_weather.py for tasks to queue
[2026-09-08T06:27:23.690+0000] {logging_mixin.py:190} INFO - [2026-09-08T06:27:23.690+0000] {dagbag.py:588} INFO - Filling up the DagBag from /opt/airflow/dags/04_parallel_weather.py
[2026-09-08T06:27:23.727+0000] {processor.py:925} INFO - DAG(s) 'parallel_weather_dag' retrieved from /opt/airflow/dags/04_parallel_weather.py
[2026-09-08T06:27:23.780+0000] {logging_mixin.py:190} INFO - [2026-09-08T06:27:23.780+0000] {dag.py:3239} INFO - Sync 1 DAGs
[2026-09-08T06:27:23.802+0000] {logging_mixin.py:190} INFO - [2026-09-08T06:27:23.802+0000] {dag.py:4180} INFO - Setting next_dagrun for parallel_weather_dag to None, run_after=None
[2026-09-08T06:27:23.842+0000] {processor.py:208} INFO - Processing /opt/airflow/dags/04_parallel_weather.py took 0.166 seconds
[2026-09-08T06:27:54.426+0000] {processor.py:186} INFO - Started process (PID=178) to work on /opt/airflow/dags/04_parallel_weather.py
[2026-09-08T06:27:54.428+0000] {processor.py:914} INFO - Processing file /opt/airflow/dags/04_parallel_weather.py for tasks to queue
[2026-09-08T06:27:54.432+0000] {logging_mixin.py:190} INFO - [2026-09-08T06:27:54.432+0000] {dagbag.py:588} INFO - Filling up the DagBag from /opt/airflow/dags/04_parallel_weather.py
[2026-09-08T06:27:54.483+0000] {processor.py:925} INFO - DAG(s) 'parallel_weather_dag' retrieved from /opt/airflow/dags/04_parallel_weather.py
[2026-09-08T06:27:54.581+0000] {logging_mixin.py:190} INFO - [2026-09-08T06:27:54.580+0000] {dag.py:3239} INFO - Sync 1 DAGs
[2026-09-08T06:27:54.611+0000] {logging_mixin.py:190} INFO - [2026-09-08T06:27:54.611+0000] {dag.py:4180} INFO - Setting next_dagrun for parallel_weather_dag to None, run_after=None
[2026-09-08T06:27:54.647+0000] {processor.py:208} INFO - Processing /opt/airflow/dags/04_parallel_weather.py took 0.232 seconds
[2026-09-08T06:28:24.804+0000] {processor.py:186} INFO - Started process (PID=196) to work on /opt/airflow/dags/04_parallel_weather.py
[2026-09-08T06:28:24.806+0000] {processor.py:914} INFO - Processing file /opt/airflow/dags/04_parallel_weather.py for tasks to queue
[2026-09-08T06:28:24.809+0000] {logging_mixin.py:190} INFO - [2026-09-08T06:28:24.808+0000] {dagbag.py:588} INFO - Filling up the DagBag from /opt/airflow/dags/04_parallel_weather.py
[2026-09-08T06:28:24.846+0000] {processor.py:925} INFO - DAG(s) 'parallel_weather_dag' retrieved from /opt/airflow/dags/04_parallel_weather.py
[2026-09-08T06:28:24.903+0000] {logging_mixin.py:190} INFO - [2026-09-08T06:28:24.902+0000] {dag.py:3239} INFO - Sync 1 DAGs
[2026-09-08T06:28:24.930+0000] {logging_mixin.py:190} INFO - [2026-09-08T06:28:24.930+0000] {dag.py:4180} INFO - Setting next_dagrun for parallel_weather_dag to None, run_after=None
[2026-09-08T06:28:24.968+0000] {processor.py:208} INFO - Processing /opt/airflow/dags/04_parallel_weather.py took 0.174 seconds
[2026-09-08T06:37:54.397+0000] {processor.py:186} INFO - Started process (PID=112) to work on /opt/airflow/dags/04_parallel_weather.py
[2026-09-08T06:37:54.409+0000] {processor.py:914} INFO - Processing file /opt/airflow/dags/04_parallel_weather.py for tasks to queue
[2026-09-08T06:37:54.448+0000] {logging_mixin.py:190} INFO - [2026-09-08T06:37:54.414+0000] {dagbag.py:588} INFO - Filling up the DagBag from /opt/airflow/dags/04_parallel_weather.py
[2026-09-08T06:37:54.889+0000] {processor.py:925} INFO - DAG(s) 'parallel_weather_dag' retrieved from /opt/airflow/dags/04_parallel_weather.py
[2026-09-08T06:37:57.193+0000] {logging_mixin.py:190} INFO - [2026-09-08T06:37:57.161+0000] {override.py:1911} INFO - Created Permission View: can edit on DAG:parallel_weather_dag
[2026-09-08T06:37:57.213+0000] {logging_mixin.py:190} INFO - [2026-09-08T06:37:57.213+0000] {override.py:1911} INFO - Created Permission View: can read on DAG:parallel_weather_dag
[2026-09-08T06:37:57.228+0000] {logging_mixin.py:190} INFO - [2026-09-08T06:37:57.227+0000] {override.py:1911} INFO - Created Permission View: can delete on DAG:parallel_weather_dag
[2026-09-08T06:37:57.244+0000] {logging_mixin.py:190} INFO - [2026-09-08T06:37:57.243+0000] {override.py:1911} INFO - Created Permission View: can create on DAG Run:parallel_weather_dag
[2026-09-08T06:37:57.278+0000] {logging_mixin.py:190} INFO - [2026-09-08T06:37:57.278+0000] {override.py:1911} INFO - Created Permission View: menu access on DAG Run:parallel_weather_dag
[2026-09-08T06:37:57.291+0000] {logging_mixin.py:190} INFO - [2026-09-08T06:37:57.290+0000] {override.py:1911} INFO - Created Permission View: can read on DAG Run:parallel_weather_dag
[2026-09-08T06:37:57.303+0000] {logging_mixin.py:190} INFO - [2026-09-08T06:37:57.303+0000] {override.py:1911} INFO - Created Permission View: can delete on DAG Run:parallel_weather_dag
[2026-09-08T06:37:57.325+0000] {logging_mixin.py:190} INFO - [2026-09-08T06:37:57.324+0000] {dag.py:3239} INFO - Sync 1 DAGs
[2026-09-08T06:37:57.462+0000] {logging_mixin.py:190} INFO - [2026-09-08T06:37:57.462+0000] {dag.py:3262} INFO - Creating ORM DAG for parallel_weather_dag
[2026-09-08T06:37:57.465+0000] {logging_mixin.py:190} INFO - [2026-09-08T06:37:57.464+0000] {dag.py:4180} INFO - Setting next_dagrun for parallel_weather_dag to None, run_after=None
[2026-09-08T06:37:57.589+0000] {processor.py:208} INFO - Processing /opt/airflow/dags/04_parallel_weather.py took 3.557 seconds
[2026-09-08T06:38:29.889+0000] {processor.py:186} INFO - Started process (PID=124) to work on /opt/airflow/dags/04_parallel_weather.py
[2026-09-08T06:38:30.260+0000] {processor.py:914} INFO - Processing file /opt/airflow/dags/04_parallel_weather.py for tasks to queue
[2026-09-08T06:38:30.264+0000] {logging_mixin.py:190} INFO - [2026-09-08T06:38:30.263+0000] {dagbag.py:588} INFO - Filling up the DagBag from /opt/airflow/dags/04_parallel_weather.py
[2026-09-08T06:38:31.673+0000] {processor.py:925} INFO - DAG(s) 'parallel_weather_dag' retrieved from /opt/airflow/dags/04_parallel_weather.py
[2026-09-08T06:38:32.098+0000] {logging_mixin.py:190} INFO - [2026-09-08T06:38:32.098+0000] {dag.py:3239} INFO - Sync 1 DAGs
[2026-09-08T06:38:32.256+0000] {logging_mixin.py:190} INFO - [2026-09-08T06:38:32.256+0000] {dag.py:4180} INFO - Setting next_dagrun for parallel_weather_dag to None, run_after=None
[2026-09-08T06:38:32.298+0000] {processor.py:208} INFO - Processing /opt/airflow/dags/04_parallel_weather.py took 2.768 seconds
[2026-09-08T06:39:02.591+0000] {processor.py:186} INFO - Started process (PID=138) to work on /opt/airflow/dags/04_parallel_weather.py
[2026-09-08T06:39:02.592+0000] {processor.py:914} INFO - Processing file /opt/airflow/dags/04_parallel_weather.py for tasks to queue
[2026-09-08T06:39:02.595+0000] {logging_mixin.py:190} INFO - [2026-09-08T06:39:02.595+0000] {dagbag.py:588} INFO - Filling up the DagBag from /opt/airflow/dags/04_parallel_weather.py
[2026-09-08T06:39:02.634+0000] {processor.py:925} INFO - DAG(s) 'parallel_weather_dag' retrieved from /opt/airflow/dags/04_parallel_weather.py
[2026-09-08T06:39:03.429+0000] {logging_mixin.py:190} INFO - [2026-09-08T06:39:03.429+0000] {dag.py:3239} INFO - Sync 1 DAGs
[2026-09-08T06:39:03.534+0000] {logging_mixin.py:190} INFO - [2026-09-08T06:39:03.534+0000] {dag.py:4180} INFO - Setting next_dagrun for parallel_weather_dag to None, run_after=None
[2026-09-08T06:39:03.577+0000] {processor.py:208} INFO - Processing /opt/airflow/dags/04_parallel_weather.py took 0.997 seconds
[2026-09-08T06:39:34.328+0000] {processor.py:186} INFO - Started process (PID=152) to work on /opt/airflow/dags/04_parallel_weather.py
[2026-09-08T06:39:34.329+0000] {processor.py:914} INFO - Processing file /opt/airflow/dags/04_parallel_weather.py for tasks to queue
[2026-09-08T06:39:34.333+0000] {logging_mixin.py:190} INFO - [2026-09-08T06:39:34.332+0000] {dagbag.py:588} INFO - Filling up the DagBag from /opt/airflow/dags/04_parallel_weather.py
[2026-09-08T06:39:34.797+0000] {processor.py:925} INFO - DAG(s) 'parallel_weather_dag' retrieved from /opt/airflow/dags/04_parallel_weather.py
[2026-09-08T06:39:35.748+0000] {logging_mixin.py:190} INFO - [2026-09-08T06:39:35.747+0000] {dag.py:3239} INFO - Sync 1 DAGs
[2026-09-08T06:39:35.781+0000] {logging_mixin.py:190} INFO - [2026-09-08T06:39:35.780+0000] {dag.py:4180} INFO - Setting next_dagrun for parallel_weather_dag to None, run_after=None
[2026-09-08T06:39:35.819+0000] {processor.py:208} INFO - Processing /opt/airflow/dags/04_parallel_weather.py took 1.503 seconds
[2026-09-08T06:40:06.254+0000] {processor.py:186} INFO - Started process (PID=166) to work on /opt/airflow/dags/04_parallel_weather.py
[2026-09-08T06:40:06.256+0000] {processor.py:914} INFO - Processing file /opt/airflow/dags/04_parallel_weather.py for tasks to queue
[2026-09-08T06:40:06.718+0000] {logging_mixin.py:190} INFO - [2026-09-08T06:40:06.718+0000] {dagbag.py:588} INFO - Filling up the DagBag from /opt/airflow/dags/04_parallel_weather.py
[2026-09-08T06:40:06.765+0000] {processor.py:925} INFO - DAG(s) 'parallel_weather_dag' retrieved from /opt/airflow/dags/04_parallel_weather.py
[2026-09-08T06:40:06.825+0000] {logging_mixin.py:190} INFO - [2026-09-08T06:40:06.825+0000] {dag.py:3239} INFO - Sync 1 DAGs
[2026-09-08T06:40:07.292+0000] {logging_mixin.py:190} INFO - [2026-09-08T06:40:07.292+0000] {dag.py:4180} INFO - Setting next_dagrun for parallel_weather_dag to None, run_after=None
[2026-09-08T06:40:07.341+0000] {processor.py:208} INFO - Processing /opt/airflow/dags/04_parallel_weather.py took 1.098 seconds
[2026-09-08T06:40:38.384+0000] {processor.py:186} INFO - Started process (PID=180) to work on /opt/airflow/dags/04_parallel_weather.py
[2026-09-08T06:40:38.445+0000] {processor.py:914} INFO - Processing file /opt/airflow/dags/04_parallel_weather.py for tasks to queue
[2026-09-08T06:40:38.471+0000] {logging_mixin.py:190} INFO - [2026-09-08T06:40:38.471+0000] {dagbag.py:588} INFO - Filling up the DagBag from /opt/airflow/dags/04_parallel_weather.py
[2026-09-08T06:40:38.821+0000] {processor.py:925} INFO - DAG(s) 'parallel_weather_dag' retrieved from /opt/airflow/dags/04_parallel_weather.py
[2026-09-08T06:40:38.891+0000] {logging_mixin.py:190} INFO - [2026-09-08T06:40:38.890+0000] {dag.py:3239} INFO - Sync 1 DAGs
[2026-09-08T06:40:38.933+0000] {logging_mixin.py:190} INFO - [2026-09-08T06:40:38.932+0000] {dag.py:4180} INFO - Setting next_dagrun for parallel_weather_dag to None, run_after=None
[2026-09-08T06:40:38.971+0000] {processor.py:208} INFO - Processing /opt/airflow/dags/04_parallel_weather.py took 0.894 seconds
[2026-09-08T06:41:09.587+0000] {processor.py:186} INFO - Started process (PID=199) to work on /opt/airflow/dags/04_parallel_weather.py
[2026-09-08T06:41:09.589+0000] {processor.py:914} INFO - Processing file /opt/airflow/dags/04_parallel_weather.py for tasks to queue
[2026-09-08T06:41:09.594+0000] {logging_mixin.py:190} INFO - [2026-09-08T06:41:09.593+0000] {dagbag.py:588} INFO - Filling up the DagBag from /opt/airflow/dags/04_parallel_weather.py
[2026-09-08T06:41:09.642+0000] {processor.py:925} INFO - DAG(s) 'parallel_weather_dag' retrieved from /opt/airflow/dags/04_parallel_weather.py
[2026-09-08T06:41:09.708+0000] {logging_mixin.py:190} INFO - [2026-09-08T06:41:09.708+0000] {dag.py:3239} INFO - Sync 1 DAGs
[2026-09-08T06:41:09.743+0000] {logging_mixin.py:190} INFO - [2026-09-08T06:41:09.742+0000] {dag.py:4180} INFO - Setting next_dagrun for parallel_weather_dag to None, run_after=None
[2026-09-08T06:41:09.793+0000] {processor.py:208} INFO - Processing /opt/airflow/dags/04_parallel_weather.py took 0.337 seconds
[2026-09-08T06:41:40.084+0000] {processor.py:186} INFO - Started process (PID=212) to work on /opt/airflow/dags/04_parallel_weather.py
[2026-09-08T06:41:40.086+0000] {processor.py:914} INFO - Processing file /opt/airflow/dags/04_parallel_weather.py for tasks to queue
[2026-09-08T06:41:40.089+0000] {logging_mixin.py:190} INFO - [2026-09-08T06:41:40.088+0000] {dagbag.py:588} INFO - Filling up the DagBag from /opt/airflow/dags/04_parallel_weather.py
[2026-09-08T06:41:40.133+0000] {processor.py:925} INFO - DAG(s) 'parallel_weather_dag' retrieved from /opt/airflow/dags/04_parallel_weather.py
[2026-09-08T06:41:40.197+0000] {logging_mixin.py:190} INFO - [2026-09-08T06:41:40.197+0000] {dag.py:3239} INFO - Sync 1 DAGs
[2026-09-08T06:41:40.224+0000] {logging_mixin.py:190} INFO - [2026-09-08T06:41:40.224+0000] {dag.py:4180} INFO - Setting next_dagrun for parallel_weather_dag to None, run_after=None
[2026-09-08T06:41:40.262+0000] {processor.py:208} INFO - Processing /opt/airflow/dags/04_parallel_weather.py took 0.191 seconds
[2026-09-08T06:42:11.204+0000] {processor.py:186} INFO - Started process (PID=226) to work on /opt/airflow/dags/04_parallel_weather.py
[2026-09-08T06:42:11.206+0000] {processor.py:914} INFO - Processing file /opt/airflow/dags/04_parallel_weather.py for tasks to queue
[2026-09-08T06:42:11.291+0000] {logging_mixin.py:190} INFO - [2026-09-08T06:42:11.289+0000] {dagbag.py:588} INFO - Filling up the DagBag from /opt/airflow/dags/04_parallel_weather.py
[2026-09-08T06:42:11.331+0000] {processor.py:925} INFO - DAG(s) 'parallel_weather_dag' retrieved from /opt/airflow/dags/04_parallel_weather.py
[2026-09-08T06:42:11.398+0000] {logging_mixin.py:190} INFO - [2026-09-08T06:42:11.397+0000] {dag.py:3239} INFO - Sync 1 DAGs
[2026-09-08T06:42:11.437+0000] {logging_mixin.py:190} INFO - [2026-09-08T06:42:11.437+0000] {dag.py:4180} INFO - Setting next_dagrun for parallel_weather_dag to None, run_after=None
[2026-09-08T06:42:11.487+0000] {processor.py:208} INFO - Processing /opt/airflow/dags/04_parallel_weather.py took 0.297 seconds
[2026-09-08T06:42:42.552+0000] {processor.py:186} INFO - Started process (PID=240) to work on /opt/airflow/dags/04_parallel_weather.py
[2026-09-08T06:42:42.554+0000] {processor.py:914} INFO - Processing file /opt/airflow/dags/04_parallel_weather.py for tasks to queue
[2026-09-08T06:42:42.557+0000] {logging_mixin.py:190} INFO - [2026-09-08T06:42:42.557+0000] {dagbag.py:588} INFO - Filling up the DagBag from /opt/airflow/dags/04_parallel_weather.py
[2026-09-08T06:42:42.597+0000] {processor.py:925} INFO - DAG(s) 'parallel_weather_dag' retrieved from /opt/airflow/dags/04_parallel_weather.py
[2026-09-08T06:42:42.650+0000] {logging_mixin.py:190} INFO - [2026-09-08T06:42:42.650+0000] {dag.py:3239} INFO - Sync 1 DAGs
[2026-09-08T06:42:42.673+0000] {logging_mixin.py:190} INFO - [2026-09-08T06:42:42.673+0000] {dag.py:4180} INFO - Setting next_dagrun for parallel_weather_dag to None, run_after=None
[2026-09-08T06:42:42.714+0000] {processor.py:208} INFO - Processing /opt/airflow/dags/04_parallel_weather.py took 0.172 seconds
[2026-09-08T06:43:13.228+0000] {processor.py:186} INFO - Started process (PID=254) to work on /opt/airflow/dags/04_parallel_weather.py
[2026-09-08T06:43:13.229+0000] {processor.py:914} INFO - Processing file /opt/airflow/dags/04_parallel_weather.py for tasks to queue
[2026-09-08T06:43:13.233+0000] {logging_mixin.py:190} INFO - [2026-09-08T06:43:13.232+0000] {dagbag.py:588} INFO - Filling up the DagBag from /opt/airflow/dags/04_parallel_weather.py
[2026-09-08T06:43:13.281+0000] {processor.py:925} INFO - DAG(s) 'parallel_weather_dag' retrieved from /opt/airflow/dags/04_parallel_weather.py
[2026-09-08T06:43:13.351+0000] {logging_mixin.py:190} INFO - [2026-09-08T06:43:13.351+0000] {dag.py:3239} INFO - Sync 1 DAGs
[2026-09-08T06:43:13.382+0000] {logging_mixin.py:190} INFO - [2026-09-08T06:43:13.382+0000] {dag.py:4180} INFO - Setting next_dagrun for parallel_weather_dag to None, run_after=None
[2026-09-08T06:43:13.435+0000] {processor.py:208} INFO - Processing /opt/airflow/dags/04_parallel_weather.py took 0.219 seconds
[2026-09-08T06:43:43.610+0000] {processor.py:186} INFO - Started process (PID=268) to work on /opt/airflow/dags/04_parallel_weather.py
[2026-09-08T06:43:43.613+0000] {processor.py:914} INFO - Processing file /opt/airflow/dags/04_parallel_weather.py for tasks to queue
[2026-09-08T06:43:43.619+0000] {logging_mixin.py:190} INFO - [2026-09-08T06:43:43.618+0000] {dagbag.py:588} INFO - Filling up the DagBag from /opt/airflow/dags/04_parallel_weather.py
[2026-09-08T06:43:43.666+0000] {processor.py:925} INFO - DAG(s) 'parallel_weather_dag' retrieved from /opt/airflow/dags/04_parallel_weather.py
[2026-09-08T06:43:43.815+0000] {logging_mixin.py:190} INFO - [2026-09-08T06:43:43.815+0000] {dag.py:3239} INFO - Sync 1 DAGs
[2026-09-08T06:43:43.860+0000] {logging_mixin.py:190} INFO - [2026-09-08T06:43:43.860+0000] {dag.py:4180} INFO - Setting next_dagrun for parallel_weather_dag to None, run_after=None
[2026-09-08T06:43:43.899+0000] {processor.py:208} INFO - Processing /opt/airflow/dags/04_parallel_weather.py took 0.312 seconds
[2026-09-08T06:44:14.862+0000] {processor.py:186} INFO - Started process (PID=282) to work on /opt/airflow/dags/04_parallel_weather.py
[2026-09-08T06:44:14.864+0000] {processor.py:914} INFO - Processing file /opt/airflow/dags/04_parallel_weather.py for tasks to queue
[2026-09-08T06:44:14.868+0000] {logging_mixin.py:190} INFO - [2026-09-08T06:44:14.867+0000] {dagbag.py:588} INFO - Filling up the DagBag from /opt/airflow/dags/04_parallel_weather.py
[2026-09-08T06:44:14.914+0000] {processor.py:925} INFO - DAG(s) 'parallel_weather_dag' retrieved from /opt/airflow/dags/04_parallel_weather.py
[2026-09-08T06:44:14.988+0000] {logging_mixin.py:190} INFO - [2026-09-08T06:44:14.986+0000] {dag.py:3239} INFO - Sync 1 DAGs
[2026-09-08T06:44:15.036+0000] {logging_mixin.py:190} INFO - [2026-09-08T06:44:15.035+0000] {dag.py:4180} INFO - Setting next_dagrun for parallel_weather_dag to None, run_after=None
[2026-09-08T06:44:15.077+0000] {processor.py:208} INFO - Processing /opt/airflow/dags/04_parallel_weather.py took 0.226 seconds
[2026-09-08T06:44:45.441+0000] {processor.py:186} INFO - Started process (PID=296) to work on /opt/airflow/dags/04_parallel_weather.py
[2026-09-08T06:44:45.443+0000] {processor.py:914} INFO - Processing file /opt/airflow/dags/04_parallel_weather.py for tasks to queue
[2026-09-08T06:44:45.447+0000] {logging_mixin.py:190} INFO - [2026-09-08T06:44:45.446+0000] {dagbag.py:588} INFO - Filling up the DagBag from /opt/airflow/dags/04_parallel_weather.py
[2026-09-08T06:44:45.504+0000] {processor.py:925} INFO - DAG(s) 'parallel_weather_dag' retrieved from /opt/airflow/dags/04_parallel_weather.py
[2026-09-08T06:44:45.571+0000] {logging_mixin.py:190} INFO - [2026-09-08T06:44:45.571+0000] {dag.py:3239} INFO - Sync 1 DAGs
[2026-09-08T06:44:45.603+0000] {logging_mixin.py:190} INFO - [2026-09-08T06:44:45.603+0000] {dag.py:4180} INFO - Setting next_dagrun for parallel_weather_dag to None, run_after=None
[2026-09-08T06:44:45.644+0000] {processor.py:208} INFO - Processing /opt/airflow/dags/04_parallel_weather.py took 0.220 seconds
[2026-09-08T06:45:16.234+0000] {processor.py:186} INFO - Started process (PID=310) to work on /opt/airflow/dags/04_parallel_weather.py
[2026-09-08T06:45:16.238+0000] {processor.py:914} INFO - Processing file /opt/airflow/dags/04_parallel_weather.py for tasks to queue
[2026-09-08T06:45:16.241+0000] {logging_mixin.py:190} INFO - [2026-09-08T06:45:16.240+0000] {dagbag.py:588} INFO - Filling up the DagBag from /opt/airflow/dags/04_parallel_weather.py
[2026-09-08T06:45:16.284+0000] {processor.py:925} INFO - DAG(s) 'parallel_weather_dag' retrieved from /opt/airflow/dags/04_parallel_weather.py
[2026-09-08T06:45:16.345+0000] {logging_mixin.py:190} INFO - [2026-09-08T06:45:16.344+0000] {dag.py:3239} INFO - Sync 1 DAGs
[2026-09-08T06:45:16.374+0000] {logging_mixin.py:190} INFO - [2026-09-08T06:45:16.374+0000] {dag.py:4180} INFO - Setting next_dagrun for parallel_weather_dag to None, run_after=None
[2026-09-08T06:45:16.410+0000] {processor.py:208} INFO - Processing /opt/airflow/dags/04_parallel_weather.py took 0.188 seconds
[2026-09-08T06:45:47.407+0000] {processor.py:186} INFO - Started process (PID=324) to work on /opt/airflow/dags/04_parallel_weather.py
[2026-09-08T06:45:47.409+0000] {processor.py:914} INFO - Processing file /opt/airflow/dags/04_parallel_weather.py for tasks to queue
[2026-09-08T06:45:47.413+0000] {logging_mixin.py:190} INFO - [2026-09-08T06:45:47.413+0000] {dagbag.py:588} INFO - Filling up the DagBag from /opt/airflow/dags/04_parallel_weather.py
[2026-09-08T06:45:47.458+0000] {processor.py:925} INFO - DAG(s) 'parallel_weather_dag' retrieved from /opt/airflow/dags/04_parallel_weather.py
[2026-09-08T06:45:47.514+0000] {logging_mixin.py:190} INFO - [2026-09-08T06:45:47.513+0000] {dag.py:3239} INFO - Sync 1 DAGs
[2026-09-08T06:45:47.540+0000] {logging_mixin.py:190} INFO - [2026-09-08T06:45:47.540+0000] {dag.py:4180} INFO - Setting next_dagrun for parallel_weather_dag to None, run_after=None
[2026-09-08T06:45:47.588+0000] {processor.py:208} INFO - Processing /opt/airflow/dags/04_parallel_weather.py took 0.190 seconds
[2026-09-08T06:46:17.838+0000] {processor.py:186} INFO - Started process (PID=338) to work on /opt/airflow/dags/04_parallel_weather.py
[2026-09-08T06:46:17.841+0000] {processor.py:914} INFO - Processing file /opt/airflow/dags/04_parallel_weather.py for tasks to queue
[2026-09-08T06:46:17.846+0000] {logging_mixin.py:190} INFO - [2026-09-08T06:46:17.845+0000] {dagbag.py:588} INFO - Filling up the DagBag from /opt/airflow/dags/04_parallel_weather.py
[2026-09-08T06:46:17.921+0000] {processor.py:925} INFO - DAG(s) 'parallel_weather_dag' retrieved from /opt/airflow/dags/04_parallel_weather.py
[2026-09-08T06:46:17.993+0000] {logging_mixin.py:190} INFO - [2026-09-08T06:46:17.992+0000] {dag.py:3239} INFO - Sync 1 DAGs
[2026-09-08T06:46:18.027+0000] {logging_mixin.py:190} INFO - [2026-09-08T06:46:18.027+0000] {dag.py:4180} INFO - Setting next_dagrun for parallel_weather_dag to None, run_after=None
[2026-09-08T06:46:18.070+0000] {processor.py:208} INFO - Processing /opt/airflow/dags/04_parallel_weather.py took 0.260 seconds
[2026-09-08T06:46:48.629+0000] {processor.py:186} INFO - Started process (PID=352) to work on /opt/airflow/dags/04_parallel_weather.py
[2026-09-08T06:46:48.667+0000] {processor.py:914} INFO - Processing file /opt/airflow/dags/04_parallel_weather.py for tasks to queue
[2026-09-08T06:46:48.672+0000] {logging_mixin.py:190} INFO - [2026-09-08T06:46:48.671+0000] {dagbag.py:588} INFO - Filling up the DagBag from /opt/airflow/dags/04_parallel_weather.py
[2026-09-08T06:46:48.735+0000] {processor.py:925} INFO - DAG(s) 'parallel_weather_dag' retrieved from /opt/airflow/dags/04_parallel_weather.py
[2026-09-08T06:46:48.818+0000] {logging_mixin.py:190} INFO - [2026-09-08T06:46:48.817+0000] {dag.py:3239} INFO - Sync 1 DAGs
[2026-09-08T06:46:48.864+0000] {logging_mixin.py:190} INFO - [2026-09-08T06:46:48.864+0000] {dag.py:4180} INFO - Setting next_dagrun for parallel_weather_dag to None, run_after=None
[2026-09-08T06:46:48.915+0000] {processor.py:208} INFO - Processing /opt/airflow/dags/04_parallel_weather.py took 0.299 seconds
[2026-09-08T06:47:19.428+0000] {processor.py:186} INFO - Started process (PID=366) to work on /opt/airflow/dags/04_parallel_weather.py
[2026-09-08T06:47:19.430+0000] {processor.py:914} INFO - Processing file /opt/airflow/dags/04_parallel_weather.py for tasks to queue
[2026-09-08T06:47:19.433+0000] {logging_mixin.py:190} INFO - [2026-09-08T06:47:19.433+0000] {dagbag.py:588} INFO - Filling up the DagBag from /opt/airflow/dags/04_parallel_weather.py
[2026-09-08T06:47:19.484+0000] {processor.py:925} INFO - DAG(s) 'parallel_weather_dag' retrieved from /opt/airflow/dags/04_parallel_weather.py
[2026-09-08T06:47:19.571+0000] {logging_mixin.py:190} INFO - [2026-09-08T06:47:19.571+0000] {dag.py:3239} INFO - Sync 1 DAGs
[2026-09-08T06:47:19.614+0000] {logging_mixin.py:190} INFO - [2026-09-08T06:47:19.614+0000] {dag.py:4180} INFO - Setting next_dagrun for parallel_weather_dag to None, run_after=None
[2026-09-08T06:47:19.663+0000] {processor.py:208} INFO - Processing /opt/airflow/dags/04_parallel_weather.py took 0.250 seconds
[2026-09-08T06:47:49.988+0000] {processor.py:186} INFO - Started process (PID=380) to work on /opt/airflow/dags/04_parallel_weather.py
[2026-09-08T06:47:50.011+0000] {processor.py:914} INFO - Processing file /opt/airflow/dags/04_parallel_weather.py for tasks to queue
[2026-09-08T06:47:50.014+0000] {logging_mixin.py:190} INFO - [2026-09-08T06:47:50.014+0000] {dagbag.py:588} INFO - Filling up the DagBag from /opt/airflow/dags/04_parallel_weather.py
[2026-09-08T06:47:50.055+0000] {processor.py:925} INFO - DAG(s) 'parallel_weather_dag' retrieved from /opt/airflow/dags/04_parallel_weather.py
[2026-09-08T06:47:50.115+0000] {logging_mixin.py:190} INFO - [2026-09-08T06:47:50.115+0000] {dag.py:3239} INFO - Sync 1 DAGs
[2026-09-08T06:47:50.140+0000] {logging_mixin.py:190} INFO - [2026-09-08T06:47:50.139+0000] {dag.py:4180} INFO - Setting next_dagrun for parallel_weather_dag to None, run_after=None
[2026-09-08T06:47:50.184+0000] {processor.py:208} INFO - Processing /opt/airflow/dags/04_parallel_weather.py took 0.207 seconds
[2026-09-08T06:48:20.533+0000] {processor.py:186} INFO - Started process (PID=394) to work on /opt/airflow/dags/04_parallel_weather.py
[2026-09-08T06:48:20.535+0000] {processor.py:914} INFO - Processing file /opt/airflow/dags/04_parallel_weather.py for tasks to queue
[2026-09-08T06:48:20.538+0000] {logging_mixin.py:190} INFO - [2026-09-08T06:48:20.537+0000] {dagbag.py:588} INFO - Filling up the DagBag from /opt/airflow/dags/04_parallel_weather.py
[2026-09-08T06:48:20.576+0000] {processor.py:925} INFO - DAG(s) 'parallel_weather_dag' retrieved from /opt/airflow/dags/04_parallel_weather.py
[2026-09-08T06:48:20.641+0000] {logging_mixin.py:190} INFO - [2026-09-08T06:48:20.640+0000] {dag.py:3239} INFO - Sync 1 DAGs
[2026-09-08T06:48:20.673+0000] {logging_mixin.py:190} INFO - [2026-09-08T06:48:20.673+0000] {dag.py:4180} INFO - Setting next_dagrun for parallel_weather_dag to None, run_after=None
[2026-09-08T06:48:20.722+0000] {processor.py:208} INFO - Processing /opt/airflow/dags/04_parallel_weather.py took 0.198 seconds
[2026-09-08T06:48:51.122+0000] {processor.py:186} INFO - Started process (PID=408) to work on /opt/airflow/dags/04_parallel_weather.py
[2026-09-08T06:48:51.124+0000] {processor.py:914} INFO - Processing file /opt/airflow/dags/04_parallel_weather.py for tasks to queue
[2026-09-08T06:48:51.128+0000] {logging_mixin.py:190} INFO - [2026-09-08T06:48:51.127+0000] {dagbag.py:588} INFO - Filling up the DagBag from /opt/airflow/dags/04_parallel_weather.py
[2026-09-08T06:48:51.173+0000] {processor.py:925} INFO - DAG(s) 'parallel_weather_dag' retrieved from /opt/airflow/dags/04_parallel_weather.py
[2026-09-08T06:48:51.239+0000] {logging_mixin.py:190} INFO - [2026-09-08T06:48:51.238+0000] {dag.py:3239} INFO - Sync 1 DAGs
[2026-09-08T06:48:51.272+0000] {logging_mixin.py:190} INFO - [2026-09-08T06:48:51.272+0000] {dag.py:4180} INFO - Setting next_dagrun for parallel_weather_dag to None, run_after=None
[2026-09-08T06:48:51.313+0000] {processor.py:208} INFO - Processing /opt/airflow/dags/04_parallel_weather.py took 0.205 seconds
[2026-09-08T06:49:21.505+0000] {processor.py:186} INFO - Started process (PID=422) to work on /opt/airflow/dags/04_parallel_weather.py
[2026-09-08T06:49:21.507+0000] {processor.py:914} INFO - Processing file /opt/airflow/dags/04_parallel_weather.py for tasks to queue
[2026-09-08T06:49:21.511+0000] {logging_mixin.py:190} INFO - [2026-09-08T06:49:21.510+0000] {dagbag.py:588} INFO - Filling up the DagBag from /opt/airflow/dags/04_parallel_weather.py
[2026-09-08T06:49:21.557+0000] {processor.py:925} INFO - DAG(s) 'parallel_weather_dag' retrieved from /opt/airflow/dags/04_parallel_weather.py
[2026-09-08T06:49:21.624+0000] {logging_mixin.py:190} INFO - [2026-09-08T06:49:21.624+0000] {dag.py:3239} INFO - Sync 1 DAGs
[2026-09-08T06:49:21.651+0000] {logging_mixin.py:190} INFO - [2026-09-08T06:49:21.651+0000] {dag.py:4180} INFO - Setting next_dagrun for parallel_weather_dag to None, run_after=None
[2026-09-08T06:49:21.698+0000] {processor.py:208} INFO - Processing /opt/airflow/dags/04_parallel_weather.py took 0.207 seconds
[2026-09-08T06:49:52.149+0000] {processor.py:186} INFO - Started process (PID=436) to work on /opt/airflow/dags/04_parallel_weather.py
[2026-09-08T06:49:52.151+0000] {processor.py:914} INFO - Processing file /opt/airflow/dags/04_parallel_weather.py for tasks to queue
[2026-09-08T06:49:52.154+0000] {logging_mixin.py:190} INFO - [2026-09-08T06:49:52.153+0000] {dagbag.py:588} INFO - Filling up the DagBag from /opt/airflow/dags/04_parallel_weather.py
[2026-09-08T06:49:52.199+0000] {processor.py:925} INFO - DAG(s) 'parallel_weather_dag' retrieved from /opt/airflow/dags/04_parallel_weather.py
[2026-09-08T06:49:52.262+0000] {logging_mixin.py:190} INFO - [2026-09-08T06:49:52.262+0000] {dag.py:3239} INFO - Sync 1 DAGs
[2026-09-08T06:49:52.289+0000] {logging_mixin.py:190} INFO - [2026-09-08T06:49:52.289+0000] {dag.py:4180} INFO - Setting next_dagrun for parallel_weather_dag to None, run_after=None
[2026-09-08T06:49:52.329+0000] {processor.py:208} INFO - Processing /opt/airflow/dags/04_parallel_weather.py took 0.192 seconds
[2026-09-08T06:50:22.601+0000] {processor.py:186} INFO - Started process (PID=451) to work on /opt/airflow/dags/04_parallel_weather.py
[2026-09-08T06:50:22.603+0000] {processor.py:914} INFO - Processing file /opt/airflow/dags/04_parallel_weather.py for tasks to queue
[2026-09-08T06:50:22.606+0000] {logging_mixin.py:190} INFO - [2026-09-08T06:50:22.606+0000] {dagbag.py:588} INFO - Filling up the DagBag from /opt/airflow/dags/04_parallel_weather.py
[2026-09-08T06:50:22.650+0000] {processor.py:925} INFO - DAG(s) 'parallel_weather_dag' retrieved from /opt/airflow/dags/04_parallel_weather.py
[2026-09-08T06:50:22.726+0000] {logging_mixin.py:190} INFO - [2026-09-08T06:50:22.726+0000] {dag.py:3239} INFO - Sync 1 DAGs
[2026-09-08T06:50:22.770+0000] {logging_mixin.py:190} INFO - [2026-09-08T06:50:22.769+0000] {dag.py:4180} INFO - Setting next_dagrun for parallel_weather_dag to None, run_after=None
[2026-09-08T06:50:22.822+0000] {processor.py:208} INFO - Processing /opt/airflow/dags/04_parallel_weather.py took 0.233 seconds
[2026-09-08T06:50:53.135+0000] {processor.py:186} INFO - Started process (PID=465) to work on /opt/airflow/dags/04_parallel_weather.py
[2026-09-08T06:50:53.136+0000] {processor.py:914} INFO - Processing file /opt/airflow/dags/04_parallel_weather.py for tasks to queue
[2026-09-08T06:50:53.139+0000] {logging_mixin.py:190} INFO - [2026-09-08T06:50:53.139+0000] {dagbag.py:588} INFO - Filling up the DagBag from /opt/airflow/dags/04_parallel_weather.py
[2026-09-08T06:50:53.181+0000] {processor.py:925} INFO - DAG(s) 'parallel_weather_dag' retrieved from /opt/airflow/dags/04_parallel_weather.py
[2026-09-08T06:50:53.251+0000] {logging_mixin.py:190} INFO - [2026-09-08T06:50:53.250+0000] {dag.py:3239} INFO - Sync 1 DAGs
[2026-09-08T06:50:53.299+0000] {logging_mixin.py:190} INFO - [2026-09-08T06:50:53.298+0000] {dag.py:4180} INFO - Setting next_dagrun for parallel_weather_dag to None, run_after=None
[2026-09-08T06:50:53.343+0000] {processor.py:208} INFO - Processing /opt/airflow/dags/04_parallel_weather.py took 0.220 seconds
[2026-09-08T06:51:23.909+0000] {processor.py:186} INFO - Started process (PID=479) to work on /opt/airflow/dags/04_parallel_weather.py
[2026-09-08T06:51:23.911+0000] {processor.py:914} INFO - Processing file /opt/airflow/dags/04_parallel_weather.py for tasks to queue
[2026-09-08T06:51:23.915+0000] {logging_mixin.py:190} INFO - [2026-09-08T06:51:23.914+0000] {dagbag.py:588} INFO - Filling up the DagBag from /opt/airflow/dags/04_parallel_weather.py
[2026-09-08T06:51:23.955+0000] {processor.py:925} INFO - DAG(s) 'parallel_weather_dag' retrieved from /opt/airflow/dags/04_parallel_weather.py
[2026-09-08T06:51:24.008+0000] {logging_mixin.py:190} INFO - [2026-09-08T06:51:24.008+0000] {dag.py:3239} INFO - Sync 1 DAGs
[2026-09-08T06:51:24.035+0000] {logging_mixin.py:190} INFO - [2026-09-08T06:51:24.034+0000] {dag.py:4180} INFO - Setting next_dagrun for parallel_weather_dag to None, run_after=None
[2026-09-08T06:51:24.075+0000] {processor.py:208} INFO - Processing /opt/airflow/dags/04_parallel_weather.py took 0.175 seconds
[2026-09-08T06:51:54.261+0000] {processor.py:186} INFO - Started process (PID=493) to work on /opt/airflow/dags/04_parallel_weather.py
[2026-09-08T06:51:54.264+0000] {processor.py:914} INFO - Processing file /opt/airflow/dags/04_parallel_weather.py for tasks to queue
[2026-09-08T06:51:54.267+0000] {logging_mixin.py:190} INFO - [2026-09-08T06:51:54.266+0000] {dagbag.py:588} INFO - Filling up the DagBag from /opt/airflow/dags/04_parallel_weather.py
[2026-09-08T06:51:54.309+0000] {processor.py:925} INFO - DAG(s) 'parallel_weather_dag' retrieved from /opt/airflow/dags/04_parallel_weather.py
[2026-09-08T06:51:54.370+0000] {logging_mixin.py:190} INFO - [2026-09-08T06:51:54.369+0000] {dag.py:3239} INFO - Sync 1 DAGs
[2026-09-08T06:51:54.398+0000] {logging_mixin.py:190} INFO - [2026-09-08T06:51:54.397+0000] {dag.py:4180} INFO - Setting next_dagrun for parallel_weather_dag to None, run_after=None
[2026-09-08T06:51:54.436+0000] {processor.py:208} INFO - Processing /opt/airflow/dags/04_parallel_weather.py took 0.186 seconds
[2026-09-08T06:52:25.352+0000] {processor.py:186} INFO - Started process (PID=507) to work on /opt/airflow/dags/04_parallel_weather.py
[2026-09-08T06:52:25.360+0000] {processor.py:914} INFO - Processing file /opt/airflow/dags/04_parallel_weather.py for tasks to queue
[2026-09-08T06:52:25.364+0000] {logging_mixin.py:190} INFO - [2026-09-08T06:52:25.364+0000] {dagbag.py:588} INFO - Filling up the DagBag from /opt/airflow/dags/04_parallel_weather.py
[2026-09-08T06:52:25.433+0000] {processor.py:925} INFO - DAG(s) 'parallel_weather_dag' retrieved from /opt/airflow/dags/04_parallel_weather.py
[2026-09-08T06:52:25.506+0000] {logging_mixin.py:190} INFO - [2026-09-08T06:52:25.505+0000] {dag.py:3239} INFO - Sync 1 DAGs
[2026-09-08T06:52:25.547+0000] {logging_mixin.py:190} INFO - [2026-09-08T06:52:25.546+0000] {dag.py:4180} INFO - Setting next_dagrun for parallel_weather_dag to None, run_after=None
[2026-09-08T06:52:25.601+0000] {processor.py:208} INFO - Processing /opt/airflow/dags/04_parallel_weather.py took 0.263 seconds
[2026-09-08T06:52:55.690+0000] {processor.py:186} INFO - Started process (PID=521) to work on /opt/airflow/dags/04_parallel_weather.py
[2026-09-08T06:52:55.692+0000] {processor.py:914} INFO - Processing file /opt/airflow/dags/04_parallel_weather.py for tasks to queue
[2026-09-08T06:52:55.695+0000] {logging_mixin.py:190} INFO - [2026-09-08T06:52:55.694+0000] {dagbag.py:588} INFO - Filling up the DagBag from /opt/airflow/dags/04_parallel_weather.py
[2026-09-08T06:52:55.738+0000] {processor.py:925} INFO - DAG(s) 'parallel_weather_dag' retrieved from /opt/airflow/dags/04_parallel_weather.py
[2026-09-08T06:52:55.792+0000] {logging_mixin.py:190} INFO - [2026-09-08T06:52:55.792+0000] {dag.py:3239} INFO - Sync 1 DAGs
[2026-09-08T06:52:55.817+0000] {logging_mixin.py:190} INFO - [2026-09-08T06:52:55.816+0000] {dag.py:4180} INFO - Setting next_dagrun for parallel_weather_dag to None, run_after=None
[2026-09-08T06:52:55.851+0000] {processor.py:208} INFO - Processing /opt/airflow/dags/04_parallel_weather.py took 0.172 seconds
[2026-09-08T06:53:26.213+0000] {processor.py:186} INFO - Started process (PID=535) to work on /opt/airflow/dags/04_parallel_weather.py
[2026-09-08T06:53:26.214+0000] {processor.py:914} INFO - Processing file /opt/airflow/dags/04_parallel_weather.py for tasks to queue
[2026-09-08T06:53:26.218+0000] {logging_mixin.py:190} INFO - [2026-09-08T06:53:26.217+0000] {dagbag.py:588} INFO - Filling up the DagBag from /opt/airflow/dags/04_parallel_weather.py
[2026-09-08T06:53:26.256+0000] {processor.py:925} INFO - DAG(s) 'parallel_weather_dag' retrieved from /opt/airflow/dags/04_parallel_weather.py
[2026-09-08T06:53:26.317+0000] {logging_mixin.py:190} INFO - [2026-09-08T06:53:26.316+0000] {dag.py:3239} INFO - Sync 1 DAGs
[2026-09-08T06:53:26.343+0000] {logging_mixin.py:190} INFO - [2026-09-08T06:53:26.342+0000] {dag.py:4180} INFO - Setting next_dagrun for parallel_weather_dag to None, run_after=None
[2026-09-08T06:53:26.384+0000] {processor.py:208} INFO - Processing /opt/airflow/dags/04_parallel_weather.py took 0.184 seconds
[2026-09-08T06:53:56.612+0000] {processor.py:186} INFO - Started process (PID=549) to work on /opt/airflow/dags/04_parallel_weather.py
[2026-09-08T06:53:56.614+0000] {processor.py:914} INFO - Processing file /opt/airflow/dags/04_parallel_weather.py for tasks to queue
[2026-09-08T06:53:56.617+0000] {logging_mixin.py:190} INFO - [2026-09-08T06:53:56.616+0000] {dagbag.py:588} INFO - Filling up the DagBag from /opt/airflow/dags/04_parallel_weather.py
[2026-09-08T06:53:56.658+0000] {processor.py:925} INFO - DAG(s) 'parallel_weather_dag' retrieved from /opt/airflow/dags/04_parallel_weather.py
[2026-09-08T06:53:56.716+0000] {logging_mixin.py:190} INFO - [2026-09-08T06:53:56.716+0000] {dag.py:3239} INFO - Sync 1 DAGs
[2026-09-08T06:53:56.743+0000] {logging_mixin.py:190} INFO - [2026-09-08T06:53:56.743+0000] {dag.py:4180} INFO - Setting next_dagrun for parallel_weather_dag to None, run_after=None
[2026-09-08T06:53:56.785+0000] {processor.py:208} INFO - Processing /opt/airflow/dags/04_parallel_weather.py took 0.185 seconds
[2026-09-08T06:54:27.076+0000] {processor.py:186} INFO - Started process (PID=563) to work on /opt/airflow/dags/04_parallel_weather.py
[2026-09-08T06:54:27.078+0000] {processor.py:914} INFO - Processing file /opt/airflow/dags/04_parallel_weather.py for tasks to queue
[2026-09-08T06:54:27.081+0000] {logging_mixin.py:190} INFO - [2026-09-08T06:54:27.080+0000] {dagbag.py:588} INFO - Filling up the DagBag from /opt/airflow/dags/04_parallel_weather.py
[2026-09-08T06:54:27.119+0000] {processor.py:925} INFO - DAG(s) 'parallel_weather_dag' retrieved from /opt/airflow/dags/04_parallel_weather.py
[2026-09-08T06:54:27.189+0000] {logging_mixin.py:190} INFO - [2026-09-08T06:54:27.188+0000] {dag.py:3239} INFO - Sync 1 DAGs
[2026-09-08T06:54:27.222+0000] {logging_mixin.py:190} INFO - [2026-09-08T06:54:27.221+0000] {dag.py:4180} INFO - Setting next_dagrun for parallel_weather_dag to None, run_after=None
[2026-09-08T06:54:27.263+0000] {processor.py:208} INFO - Processing /opt/airflow/dags/04_parallel_weather.py took 0.197 seconds
[2026-09-08T06:54:57.458+0000] {processor.py:186} INFO - Started process (PID=577) to work on /opt/airflow/dags/04_parallel_weather.py
[2026-09-08T06:54:57.460+0000] {processor.py:914} INFO - Processing file /opt/airflow/dags/04_parallel_weather.py for tasks to queue
[2026-09-08T06:54:57.463+0000] {logging_mixin.py:190} INFO - [2026-09-08T06:54:57.462+0000] {dagbag.py:588} INFO - Filling up the DagBag from /opt/airflow/dags/04_parallel_weather.py
[2026-09-08T06:54:57.503+0000] {processor.py:925} INFO - DAG(s) 'parallel_weather_dag' retrieved from /opt/airflow/dags/04_parallel_weather.py
[2026-09-08T06:54:57.561+0000] {logging_mixin.py:190} INFO - [2026-09-08T06:54:57.560+0000] {dag.py:3239} INFO - Sync 1 DAGs
[2026-09-08T06:54:57.586+0000] {logging_mixin.py:190} INFO - [2026-09-08T06:54:57.586+0000] {dag.py:4180} INFO - Setting next_dagrun for parallel_weather_dag to None, run_after=None
[2026-09-08T06:54:57.631+0000] {processor.py:208} INFO - Processing /opt/airflow/dags/04_parallel_weather.py took 0.183 seconds
[2026-09-08T06:55:27.873+0000] {processor.py:186} INFO - Started process (PID=591) to work on /opt/airflow/dags/04_parallel_weather.py
[2026-09-08T06:55:27.876+0000] {processor.py:914} INFO - Processing file /opt/airflow/dags/04_parallel_weather.py for tasks to queue
[2026-09-08T06:55:27.880+0000] {logging_mixin.py:190} INFO - [2026-09-08T06:55:27.879+0000] {dagbag.py:588} INFO - Filling up the DagBag from /opt/airflow/dags/04_parallel_weather.py
[2026-09-08T06:55:27.923+0000] {processor.py:925} INFO - DAG(s) 'parallel_weather_dag' retrieved from /opt/airflow/dags/04_parallel_weather.py
[2026-09-08T06:55:28.035+0000] {logging_mixin.py:190} INFO - [2026-09-08T06:55:28.035+0000] {dag.py:3239} INFO - Sync 1 DAGs
[2026-09-08T06:55:28.104+0000] {logging_mixin.py:190} INFO - [2026-09-08T06:55:28.103+0000] {dag.py:4180} INFO - Setting next_dagrun for parallel_weather_dag to None, run_after=None
[2026-09-08T06:55:28.169+0000] {processor.py:208} INFO - Processing /opt/airflow/dags/04_parallel_weather.py took 0.312 seconds
[2026-09-08T06:55:58.321+0000] {processor.py:186} INFO - Started process (PID=605) to work on /opt/airflow/dags/04_parallel_weather.py
[2026-09-08T06:55:58.323+0000] {processor.py:914} INFO - Processing file /opt/airflow/dags/04_parallel_weather.py for tasks to queue
[2026-09-08T06:55:58.326+0000] {logging_mixin.py:190} INFO - [2026-09-08T06:55:58.325+0000] {dagbag.py:588} INFO - Filling up the DagBag from /opt/airflow/dags/04_parallel_weather.py
[2026-09-08T06:55:58.365+0000] {processor.py:925} INFO - DAG(s) 'parallel_weather_dag' retrieved from /opt/airflow/dags/04_parallel_weather.py
[2026-09-08T06:55:58.424+0000] {logging_mixin.py:190} INFO - [2026-09-08T06:55:58.423+0000] {dag.py:3239} INFO - Sync 1 DAGs
[2026-09-08T06:55:58.448+0000] {logging_mixin.py:190} INFO - [2026-09-08T06:55:58.448+0000] {dag.py:4180} INFO - Setting next_dagrun for parallel_weather_dag to None, run_after=None
[2026-09-08T06:55:58.481+0000] {processor.py:208} INFO - Processing /opt/airflow/dags/04_parallel_weather.py took 0.172 seconds
[2026-09-08T06:56:28.651+0000] {processor.py:186} INFO - Started process (PID=619) to work on /opt/airflow/dags/04_parallel_weather.py
[2026-09-08T06:56:28.652+0000] {processor.py:914} INFO - Processing file /opt/airflow/dags/04_parallel_weather.py for tasks to queue
[2026-09-08T06:56:28.655+0000] {logging_mixin.py:190} INFO - [2026-09-08T06:56:28.655+0000] {dagbag.py:588} INFO - Filling up the DagBag from /opt/airflow/dags/04_parallel_weather.py
[2026-09-08T06:56:28.695+0000] {processor.py:925} INFO - DAG(s) 'parallel_weather_dag' retrieved from /opt/airflow/dags/04_parallel_weather.py
[2026-09-08T06:56:28.752+0000] {logging_mixin.py:190} INFO - [2026-09-08T06:56:28.751+0000] {dag.py:3239} INFO - Sync 1 DAGs
[2026-09-08T06:56:28.780+0000] {logging_mixin.py:190} INFO - [2026-09-08T06:56:28.779+0000] {dag.py:4180} INFO - Setting next_dagrun for parallel_weather_dag to None, run_after=None
[2026-09-08T06:56:28.812+0000] {processor.py:208} INFO - Processing /opt/airflow/dags/04_parallel_weather.py took 0.174 seconds
[2026-09-08T06:56:59.143+0000] {processor.py:186} INFO - Started process (PID=633) to work on /opt/airflow/dags/04_parallel_weather.py
[2026-09-08T06:56:59.144+0000] {processor.py:914} INFO - Processing file /opt/airflow/dags/04_parallel_weather.py for tasks to queue
[2026-09-08T06:56:59.146+0000] {logging_mixin.py:190} INFO - [2026-09-08T06:56:59.145+0000] {dagbag.py:588} INFO - Filling up the DagBag from /opt/airflow/dags/04_parallel_weather.py
[2026-09-08T06:56:59.170+0000] {processor.py:925} INFO - DAG(s) 'parallel_weather_dag' retrieved from /opt/airflow/dags/04_parallel_weather.py
[2026-09-08T06:56:59.204+0000] {logging_mixin.py:190} INFO - [2026-09-08T06:56:59.204+0000] {dag.py:3239} INFO - Sync 1 DAGs
[2026-09-08T06:56:59.222+0000] {logging_mixin.py:190} INFO - [2026-09-08T06:56:59.221+0000] {dag.py:4180} INFO - Setting next_dagrun for parallel_weather_dag to None, run_after=None
[2026-09-08T06:56:59.247+0000] {processor.py:208} INFO - Processing /opt/airflow/dags/04_parallel_weather.py took 0.111 seconds
[2026-09-08T06:57:29.424+0000] {processor.py:186} INFO - Started process (PID=647) to work on /opt/airflow/dags/04_parallel_weather.py
[2026-09-08T06:57:29.425+0000] {processor.py:914} INFO - Processing file /opt/airflow/dags/04_parallel_weather.py for tasks to queue
[2026-09-08T06:57:29.427+0000] {logging_mixin.py:190} INFO - [2026-09-08T06:57:29.427+0000] {dagbag.py:588} INFO - Filling up the DagBag from /opt/airflow/dags/04_parallel_weather.py
[2026-09-08T06:57:29.449+0000] {processor.py:925} INFO - DAG(s) 'parallel_weather_dag' retrieved from /opt/airflow/dags/04_parallel_weather.py
[2026-09-08T06:57:29.482+0000] {logging_mixin.py:190} INFO - [2026-09-08T06:57:29.482+0000] {dag.py:3239} INFO - Sync 1 DAGs
[2026-09-08T06:57:29.498+0000] {logging_mixin.py:190} INFO - [2026-09-08T06:57:29.498+0000] {dag.py:4180} INFO - Setting next_dagrun for parallel_weather_dag to None, run_after=None
[2026-09-08T06:57:29.521+0000] {processor.py:208} INFO - Processing /opt/airflow/dags/04_parallel_weather.py took 0.106 seconds
[2026-09-08T06:58:00.588+0000] {processor.py:186} INFO - Started process (PID=661) to work on /opt/airflow/dags/04_parallel_weather.py
[2026-09-08T06:58:00.589+0000] {processor.py:914} INFO - Processing file /opt/airflow/dags/04_parallel_weather.py for tasks to queue
[2026-09-08T06:58:00.591+0000] {logging_mixin.py:190} INFO - [2026-09-08T06:58:00.590+0000] {dagbag.py:588} INFO - Filling up the DagBag from /opt/airflow/dags/04_parallel_weather.py
[2026-09-08T06:58:00.613+0000] {processor.py:925} INFO - DAG(s) 'parallel_weather_dag' retrieved from /opt/airflow/dags/04_parallel_weather.py
[2026-09-08T06:58:00.647+0000] {logging_mixin.py:190} INFO - [2026-09-08T06:58:00.646+0000] {dag.py:3239} INFO - Sync 1 DAGs
[2026-09-08T06:58:00.663+0000] {logging_mixin.py:190} INFO - [2026-09-08T06:58:00.662+0000] {dag.py:4180} INFO - Setting next_dagrun for parallel_weather_dag to None, run_after=None
[2026-09-08T06:58:00.687+0000] {processor.py:208} INFO - Processing /opt/airflow/dags/04_parallel_weather.py took 0.106 seconds
[2026-09-08T06:58:30.768+0000] {processor.py:186} INFO - Started process (PID=673) to work on /opt/airflow/dags/04_parallel_weather.py
[2026-09-08T06:58:30.769+0000] {processor.py:914} INFO - Processing file /opt/airflow/dags/04_parallel_weather.py for tasks to queue
[2026-09-08T06:58:30.771+0000] {logging_mixin.py:190} INFO - [2026-09-08T06:58:30.771+0000] {dagbag.py:588} INFO - Filling up the DagBag from /opt/airflow/dags/04_parallel_weather.py
[2026-09-08T06:58:30.795+0000] {processor.py:925} INFO - DAG(s) 'parallel_weather_dag' retrieved from /opt/airflow/dags/04_parallel_weather.py
[2026-09-08T06:58:30.833+0000] {logging_mixin.py:190} INFO - [2026-09-08T06:58:30.833+0000] {dag.py:3239} INFO - Sync 1 DAGs
[2026-09-08T06:58:30.850+0000] {logging_mixin.py:190} INFO - [2026-09-08T06:58:30.850+0000] {dag.py:4180} INFO - Setting next_dagrun for parallel_weather_dag to None, run_after=None
[2026-09-08T06:58:30.871+0000] {processor.py:208} INFO - Processing /opt/airflow/dags/04_parallel_weather.py took 0.112 seconds
[2026-09-08T06:59:01.017+0000] {processor.py:186} INFO - Started process (PID=687) to work on /opt/airflow/dags/04_parallel_weather.py
[2026-09-08T06:59:01.018+0000] {processor.py:914} INFO - Processing file /opt/airflow/dags/04_parallel_weather.py for tasks to queue
[2026-09-08T06:59:01.020+0000] {logging_mixin.py:190} INFO - [2026-09-08T06:59:01.019+0000] {dagbag.py:588} INFO - Filling up the DagBag from /opt/airflow/dags/04_parallel_weather.py
[2026-09-08T06:59:01.046+0000] {processor.py:925} INFO - DAG(s) 'parallel_weather_dag' retrieved from /opt/airflow/dags/04_parallel_weather.py
[2026-09-08T06:59:01.086+0000] {logging_mixin.py:190} INFO - [2026-09-08T06:59:01.086+0000] {dag.py:3239} INFO - Sync 1 DAGs
[2026-09-08T06:59:01.106+0000] {logging_mixin.py:190} INFO - [2026-09-08T06:59:01.106+0000] {dag.py:4180} INFO - Setting next_dagrun for parallel_weather_dag to None, run_after=None
[2026-09-08T06:59:01.130+0000] {processor.py:208} INFO - Processing /opt/airflow/dags/04_parallel_weather.py took 0.122 seconds
[2026-09-08T06:59:31.681+0000] {processor.py:186} INFO - Started process (PID=701) to work on /opt/airflow/dags/04_parallel_weather.py
[2026-09-08T06:59:31.682+0000] {processor.py:914} INFO - Processing file /opt/airflow/dags/04_parallel_weather.py for tasks to queue
[2026-09-08T06:59:31.683+0000] {logging_mixin.py:190} INFO - [2026-09-08T06:59:31.683+0000] {dagbag.py:588} INFO - Filling up the DagBag from /opt/airflow/dags/04_parallel_weather.py
[2026-09-08T06:59:31.704+0000] {processor.py:925} INFO - DAG(s) 'parallel_weather_dag' retrieved from /opt/airflow/dags/04_parallel_weather.py
[2026-09-08T06:59:31.737+0000] {logging_mixin.py:190} INFO - [2026-09-08T06:59:31.737+0000] {dag.py:3239} INFO - Sync 1 DAGs
[2026-09-08T06:59:31.753+0000] {logging_mixin.py:190} INFO - [2026-09-08T06:59:31.753+0000] {dag.py:4180} INFO - Setting next_dagrun for parallel_weather_dag to None, run_after=None
[2026-09-08T06:59:31.776+0000] {processor.py:208} INFO - Processing /opt/airflow/dags/04_parallel_weather.py took 0.101 seconds
[2026-09-08T07:00:02.498+0000] {processor.py:186} INFO - Started process (PID=715) to work on /opt/airflow/dags/04_parallel_weather.py
[2026-09-08T07:00:02.499+0000] {processor.py:914} INFO - Processing file /opt/airflow/dags/04_parallel_weather.py for tasks to queue
[2026-09-08T07:00:02.502+0000] {logging_mixin.py:190} INFO - [2026-09-08T07:00:02.501+0000] {dagbag.py:588} INFO - Filling up the DagBag from /opt/airflow/dags/04_parallel_weather.py
[2026-09-08T07:00:02.524+0000] {processor.py:925} INFO - DAG(s) 'parallel_weather_dag' retrieved from /opt/airflow/dags/04_parallel_weather.py
[2026-09-08T07:00:02.557+0000] {logging_mixin.py:190} INFO - [2026-09-08T07:00:02.557+0000] {dag.py:3239} INFO - Sync 1 DAGs
[2026-09-08T07:00:02.572+0000] {logging_mixin.py:190} INFO - [2026-09-08T07:00:02.572+0000] {dag.py:4180} INFO - Setting next_dagrun for parallel_weather_dag to None, run_after=None
[2026-09-08T07:00:02.596+0000] {processor.py:208} INFO - Processing /opt/airflow/dags/04_parallel_weather.py took 0.107 seconds
[2026-09-08T07:00:32.962+0000] {processor.py:186} INFO - Started process (PID=730) to work on /opt/airflow/dags/04_parallel_weather.py
[2026-09-08T07:00:32.963+0000] {processor.py:914} INFO - Processing file /opt/airflow/dags/04_parallel_weather.py for tasks to queue
[2026-09-08T07:00:32.965+0000] {logging_mixin.py:190} INFO - [2026-09-08T07:00:32.964+0000] {dagbag.py:588} INFO - Filling up the DagBag from /opt/airflow/dags/04_parallel_weather.py
[2026-09-08T07:00:32.985+0000] {processor.py:925} INFO - DAG(s) 'parallel_weather_dag' retrieved from /opt/airflow/dags/04_parallel_weather.py
[2026-09-08T07:00:33.024+0000] {logging_mixin.py:190} INFO - [2026-09-08T07:00:33.024+0000] {dag.py:3239} INFO - Sync 1 DAGs
[2026-09-08T07:00:33.043+0000] {logging_mixin.py:190} INFO - [2026-09-08T07:00:33.043+0000] {dag.py:4180} INFO - Setting next_dagrun for parallel_weather_dag to None, run_after=None
[2026-09-08T07:00:33.065+0000] {processor.py:208} INFO - Processing /opt/airflow/dags/04_parallel_weather.py took 0.112 seconds
[2026-09-08T07:01:03.243+0000] {processor.py:186} INFO - Started process (PID=744) to work on /opt/airflow/dags/04_parallel_weather.py
[2026-09-08T07:01:03.245+0000] {processor.py:914} INFO - Processing file /opt/airflow/dags/04_parallel_weather.py for tasks to queue
[2026-09-08T07:01:03.247+0000] {logging_mixin.py:190} INFO - [2026-09-08T07:01:03.246+0000] {dagbag.py:588} INFO - Filling up the DagBag from /opt/airflow/dags/04_parallel_weather.py
[2026-09-08T07:01:03.271+0000] {processor.py:925} INFO - DAG(s) 'parallel_weather_dag' retrieved from /opt/airflow/dags/04_parallel_weather.py
[2026-09-08T07:01:03.451+0000] {logging_mixin.py:190} INFO - [2026-09-08T07:01:03.451+0000] {dag.py:3239} INFO - Sync 1 DAGs
[2026-09-08T07:01:03.473+0000] {logging_mixin.py:190} INFO - [2026-09-08T07:01:03.472+0000] {dag.py:4180} INFO - Setting next_dagrun for parallel_weather_dag to None, run_after=None
[2026-09-08T07:01:03.504+0000] {processor.py:208} INFO - Processing /opt/airflow/dags/04_parallel_weather.py took 0.267 seconds
[2026-09-08T07:01:34.217+0000] {processor.py:186} INFO - Started process (PID=758) to work on /opt/airflow/dags/04_parallel_weather.py
[2026-09-08T07:01:34.219+0000] {processor.py:914} INFO - Processing file /opt/airflow/dags/04_parallel_weather.py for tasks to queue
[2026-09-08T07:01:34.220+0000] {logging_mixin.py:190} INFO - [2026-09-08T07:01:34.220+0000] {dagbag.py:588} INFO - Filling up the DagBag from /opt/airflow/dags/04_parallel_weather.py
[2026-09-08T07:01:34.246+0000] {processor.py:925} INFO - DAG(s) 'parallel_weather_dag' retrieved from /opt/airflow/dags/04_parallel_weather.py
[2026-09-08T07:01:34.284+0000] {logging_mixin.py:190} INFO - [2026-09-08T07:01:34.283+0000] {dag.py:3239} INFO - Sync 1 DAGs
[2026-09-08T07:01:34.303+0000] {logging_mixin.py:190} INFO - [2026-09-08T07:01:34.303+0000] {dag.py:4180} INFO - Setting next_dagrun for parallel_weather_dag to None, run_after=None
[2026-09-08T07:01:34.325+0000] {processor.py:208} INFO - Processing /opt/airflow/dags/04_parallel_weather.py took 0.117 seconds
[2026-09-08T07:02:04.945+0000] {processor.py:186} INFO - Started process (PID=772) to work on /opt/airflow/dags/04_parallel_weather.py
[2026-09-08T07:02:04.946+0000] {processor.py:914} INFO - Processing file /opt/airflow/dags/04_parallel_weather.py for tasks to queue
[2026-09-08T07:02:04.948+0000] {logging_mixin.py:190} INFO - [2026-09-08T07:02:04.948+0000] {dagbag.py:588} INFO - Filling up the DagBag from /opt/airflow/dags/04_parallel_weather.py
[2026-09-08T07:02:04.971+0000] {processor.py:925} INFO - DAG(s) 'parallel_weather_dag' retrieved from /opt/airflow/dags/04_parallel_weather.py
[2026-09-08T07:02:05.007+0000] {logging_mixin.py:190} INFO - [2026-09-08T07:02:05.007+0000] {dag.py:3239} INFO - Sync 1 DAGs
[2026-09-08T07:02:05.025+0000] {logging_mixin.py:190} INFO - [2026-09-08T07:02:05.025+0000] {dag.py:4180} INFO - Setting next_dagrun for parallel_weather_dag to None, run_after=None
[2026-09-08T07:02:05.049+0000] {processor.py:208} INFO - Processing /opt/airflow/dags/04_parallel_weather.py took 0.111 seconds
[2026-09-08T07:02:35.633+0000] {processor.py:186} INFO - Started process (PID=786) to work on /opt/airflow/dags/04_parallel_weather.py
[2026-09-08T07:02:35.635+0000] {processor.py:914} INFO - Processing file /opt/airflow/dags/04_parallel_weather.py for tasks to queue
[2026-09-08T07:02:35.637+0000] {logging_mixin.py:190} INFO - [2026-09-08T07:02:35.636+0000] {dagbag.py:588} INFO - Filling up the DagBag from /opt/airflow/dags/04_parallel_weather.py
[2026-09-08T07:02:35.661+0000] {processor.py:925} INFO - DAG(s) 'parallel_weather_dag' retrieved from /opt/airflow/dags/04_parallel_weather.py
[2026-09-08T07:02:35.698+0000] {logging_mixin.py:190} INFO - [2026-09-08T07:02:35.698+0000] {dag.py:3239} INFO - Sync 1 DAGs
[2026-09-08T07:02:35.717+0000] {logging_mixin.py:190} INFO - [2026-09-08T07:02:35.717+0000] {dag.py:4180} INFO - Setting next_dagrun for parallel_weather_dag to None, run_after=None
[2026-09-08T07:02:35.895+0000] {processor.py:208} INFO - Processing /opt/airflow/dags/04_parallel_weather.py took 0.268 seconds
[2026-09-08T07:03:05.942+0000] {processor.py:186} INFO - Started process (PID=800) to work on /opt/airflow/dags/04_parallel_weather.py
[2026-09-08T07:03:05.943+0000] {processor.py:914} INFO - Processing file /opt/airflow/dags/04_parallel_weather.py for tasks to queue
[2026-09-08T07:03:05.945+0000] {logging_mixin.py:190} INFO - [2026-09-08T07:03:05.945+0000] {dagbag.py:588} INFO - Filling up the DagBag from /opt/airflow/dags/04_parallel_weather.py
[2026-09-08T07:03:05.965+0000] {processor.py:925} INFO - DAG(s) 'parallel_weather_dag' retrieved from /opt/airflow/dags/04_parallel_weather.py
[2026-09-08T07:03:05.998+0000] {logging_mixin.py:190} INFO - [2026-09-08T07:03:05.998+0000] {dag.py:3239} INFO - Sync 1 DAGs
[2026-09-08T07:03:06.014+0000] {logging_mixin.py:190} INFO - [2026-09-08T07:03:06.014+0000] {dag.py:4180} INFO - Setting next_dagrun for parallel_weather_dag to None, run_after=None
[2026-09-08T07:03:06.035+0000] {processor.py:208} INFO - Processing /opt/airflow/dags/04_parallel_weather.py took 0.100 seconds
[2026-09-08T07:03:36.184+0000] {processor.py:186} INFO - Started process (PID=814) to work on /opt/airflow/dags/04_parallel_weather.py
[2026-09-08T07:03:36.185+0000] {processor.py:914} INFO - Processing file /opt/airflow/dags/04_parallel_weather.py for tasks to queue
[2026-09-08T07:03:36.186+0000] {logging_mixin.py:190} INFO - [2026-09-08T07:03:36.186+0000] {dagbag.py:588} INFO - Filling up the DagBag from /opt/airflow/dags/04_parallel_weather.py
[2026-09-08T07:03:36.211+0000] {processor.py:925} INFO - DAG(s) 'parallel_weather_dag' retrieved from /opt/airflow/dags/04_parallel_weather.py
[2026-09-08T07:03:36.254+0000] {logging_mixin.py:190} INFO - [2026-09-08T07:03:36.254+0000] {dag.py:3239} INFO - Sync 1 DAGs
[2026-09-08T07:03:36.280+0000] {logging_mixin.py:190} INFO - [2026-09-08T07:03:36.280+0000] {dag.py:4180} INFO - Setting next_dagrun for parallel_weather_dag to None, run_after=None
[2026-09-08T07:03:36.303+0000] {processor.py:208} INFO - Processing /opt/airflow/dags/04_parallel_weather.py took 0.126 seconds
[2026-09-08T07:04:06.577+0000] {processor.py:186} INFO - Started process (PID=828) to work on /opt/airflow/dags/04_parallel_weather.py
[2026-09-08T07:04:06.579+0000] {processor.py:914} INFO - Processing file /opt/airflow/dags/04_parallel_weather.py for tasks to queue
[2026-09-08T07:04:06.581+0000] {logging_mixin.py:190} INFO - [2026-09-08T07:04:06.580+0000] {dagbag.py:588} INFO - Filling up the DagBag from /opt/airflow/dags/04_parallel_weather.py
[2026-09-08T07:04:06.604+0000] {processor.py:925} INFO - DAG(s) 'parallel_weather_dag' retrieved from /opt/airflow/dags/04_parallel_weather.py
[2026-09-08T07:04:06.645+0000] {logging_mixin.py:190} INFO - [2026-09-08T07:04:06.644+0000] {dag.py:3239} INFO - Sync 1 DAGs
[2026-09-08T07:04:06.665+0000] {logging_mixin.py:190} INFO - [2026-09-08T07:04:06.665+0000] {dag.py:4180} INFO - Setting next_dagrun for parallel_weather_dag to None, run_after=None
[2026-09-08T07:04:06.689+0000] {processor.py:208} INFO - Processing /opt/airflow/dags/04_parallel_weather.py took 0.118 seconds
[2026-09-08T07:04:36.767+0000] {processor.py:186} INFO - Started process (PID=842) to work on /opt/airflow/dags/04_parallel_weather.py
[2026-09-08T07:04:36.768+0000] {processor.py:914} INFO - Processing file /opt/airflow/dags/04_parallel_weather.py for tasks to queue
[2026-09-08T07:04:36.771+0000] {logging_mixin.py:190} INFO - [2026-09-08T07:04:36.770+0000] {dagbag.py:588} INFO - Filling up the DagBag from /opt/airflow/dags/04_parallel_weather.py
[2026-09-08T07:04:36.793+0000] {processor.py:925} INFO - DAG(s) 'parallel_weather_dag' retrieved from /opt/airflow/dags/04_parallel_weather.py
[2026-09-08T07:04:36.827+0000] {logging_mixin.py:190} INFO - [2026-09-08T07:04:36.827+0000] {dag.py:3239} INFO - Sync 1 DAGs
[2026-09-08T07:04:36.843+0000] {logging_mixin.py:190} INFO - [2026-09-08T07:04:36.843+0000] {dag.py:4180} INFO - Setting next_dagrun for parallel_weather_dag to None, run_after=None
[2026-09-08T07:04:36.865+0000] {processor.py:208} INFO - Processing /opt/airflow/dags/04_parallel_weather.py took 0.105 seconds
[2026-09-08T07:05:07.388+0000] {processor.py:186} INFO - Started process (PID=856) to work on /opt/airflow/dags/04_parallel_weather.py
[2026-09-08T07:05:07.389+0000] {processor.py:914} INFO - Processing file /opt/airflow/dags/04_parallel_weather.py for tasks to queue
[2026-09-08T07:05:07.391+0000] {logging_mixin.py:190} INFO - [2026-09-08T07:05:07.391+0000] {dagbag.py:588} INFO - Filling up the DagBag from /opt/airflow/dags/04_parallel_weather.py
[2026-09-08T07:05:07.416+0000] {processor.py:925} INFO - DAG(s) 'parallel_weather_dag' retrieved from /opt/airflow/dags/04_parallel_weather.py
[2026-09-08T07:05:07.456+0000] {logging_mixin.py:190} INFO - [2026-09-08T07:05:07.455+0000] {dag.py:3239} INFO - Sync 1 DAGs
[2026-09-08T07:05:07.474+0000] {logging_mixin.py:190} INFO - [2026-09-08T07:05:07.474+0000] {dag.py:4180} INFO - Setting next_dagrun for parallel_weather_dag to None, run_after=None
[2026-09-08T07:05:07.498+0000] {processor.py:208} INFO - Processing /opt/airflow/dags/04_parallel_weather.py took 0.118 seconds
[2026-09-08T07:05:38.067+0000] {processor.py:186} INFO - Started process (PID=870) to work on /opt/airflow/dags/04_parallel_weather.py
[2026-09-08T07:05:38.124+0000] {processor.py:914} INFO - Processing file /opt/airflow/dags/04_parallel_weather.py for tasks to queue
[2026-09-08T07:05:38.130+0000] {logging_mixin.py:190} INFO - [2026-09-08T07:05:38.129+0000] {dagbag.py:588} INFO - Filling up the DagBag from /opt/airflow/dags/04_parallel_weather.py
[2026-09-08T07:05:38.290+0000] {processor.py:925} INFO - DAG(s) 'parallel_weather_dag' retrieved from /opt/airflow/dags/04_parallel_weather.py
[2026-09-08T07:05:38.345+0000] {logging_mixin.py:190} INFO - [2026-09-08T07:05:38.345+0000] {dag.py:3239} INFO - Sync 1 DAGs
[2026-09-08T07:05:38.364+0000] {logging_mixin.py:190} INFO - [2026-09-08T07:05:38.364+0000] {dag.py:4180} INFO - Setting next_dagrun for parallel_weather_dag to None, run_after=None
[2026-09-08T07:05:38.389+0000] {processor.py:208} INFO - Processing /opt/airflow/dags/04_parallel_weather.py took 0.333 seconds
[2026-09-08T07:06:08.442+0000] {processor.py:186} INFO - Started process (PID=884) to work on /opt/airflow/dags/04_parallel_weather.py
[2026-09-08T07:06:08.443+0000] {processor.py:914} INFO - Processing file /opt/airflow/dags/04_parallel_weather.py for tasks to queue
[2026-09-08T07:06:08.445+0000] {logging_mixin.py:190} INFO - [2026-09-08T07:06:08.445+0000] {dagbag.py:588} INFO - Filling up the DagBag from /opt/airflow/dags/04_parallel_weather.py
[2026-09-08T07:06:08.467+0000] {processor.py:925} INFO - DAG(s) 'parallel_weather_dag' retrieved from /opt/airflow/dags/04_parallel_weather.py
[2026-09-08T07:06:08.504+0000] {logging_mixin.py:190} INFO - [2026-09-08T07:06:08.503+0000] {dag.py:3239} INFO - Sync 1 DAGs
[2026-09-08T07:06:08.520+0000] {logging_mixin.py:190} INFO - [2026-09-08T07:06:08.519+0000] {dag.py:4180} INFO - Setting next_dagrun for parallel_weather_dag to None, run_after=None
[2026-09-08T07:06:08.541+0000] {processor.py:208} INFO - Processing /opt/airflow/dags/04_parallel_weather.py took 0.106 seconds
[2026-09-08T07:06:39.193+0000] {processor.py:186} INFO - Started process (PID=898) to work on /opt/airflow/dags/04_parallel_weather.py
[2026-09-08T07:06:39.194+0000] {processor.py:914} INFO - Processing file /opt/airflow/dags/04_parallel_weather.py for tasks to queue
[2026-09-08T07:06:39.196+0000] {logging_mixin.py:190} INFO - [2026-09-08T07:06:39.196+0000] {dagbag.py:588} INFO - Filling up the DagBag from /opt/airflow/dags/04_parallel_weather.py
[2026-09-08T07:06:39.220+0000] {processor.py:925} INFO - DAG(s) 'parallel_weather_dag' retrieved from /opt/airflow/dags/04_parallel_weather.py
[2026-09-08T07:06:39.258+0000] {logging_mixin.py:190} INFO - [2026-09-08T07:06:39.258+0000] {dag.py:3239} INFO - Sync 1 DAGs
[2026-09-08T07:06:39.276+0000] {logging_mixin.py:190} INFO - [2026-09-08T07:06:39.276+0000] {dag.py:4180} INFO - Setting next_dagrun for parallel_weather_dag to None, run_after=None
[2026-09-08T07:06:39.299+0000] {processor.py:208} INFO - Processing /opt/airflow/dags/04_parallel_weather.py took 0.114 seconds
[2026-09-08T07:07:09.505+0000] {processor.py:186} INFO - Started process (PID=912) to work on /opt/airflow/dags/04_parallel_weather.py
[2026-09-08T07:07:09.506+0000] {processor.py:914} INFO - Processing file /opt/airflow/dags/04_parallel_weather.py for tasks to queue
[2026-09-08T07:07:09.508+0000] {logging_mixin.py:190} INFO - [2026-09-08T07:07:09.508+0000] {dagbag.py:588} INFO - Filling up the DagBag from /opt/airflow/dags/04_parallel_weather.py
[2026-09-08T07:07:09.533+0000] {processor.py:925} INFO - DAG(s) 'parallel_weather_dag' retrieved from /opt/airflow/dags/04_parallel_weather.py
[2026-09-08T07:07:09.574+0000] {logging_mixin.py:190} INFO - [2026-09-08T07:07:09.574+0000] {dag.py:3239} INFO - Sync 1 DAGs
[2026-09-08T07:07:09.592+0000] {logging_mixin.py:190} INFO - [2026-09-08T07:07:09.592+0000] {dag.py:4180} INFO - Setting next_dagrun for parallel_weather_dag to None, run_after=None
[2026-09-08T07:07:09.620+0000] {processor.py:208} INFO - Processing /opt/airflow/dags/04_parallel_weather.py took 0.121 seconds
[2026-09-08T07:07:39.825+0000] {processor.py:186} INFO - Started process (PID=926) to work on /opt/airflow/dags/04_parallel_weather.py
[2026-09-08T07:07:39.826+0000] {processor.py:914} INFO - Processing file /opt/airflow/dags/04_parallel_weather.py for tasks to queue
[2026-09-08T07:07:39.827+0000] {logging_mixin.py:190} INFO - [2026-09-08T07:07:39.827+0000] {dagbag.py:588} INFO - Filling up the DagBag from /opt/airflow/dags/04_parallel_weather.py
[2026-09-08T07:07:39.847+0000] {processor.py:925} INFO - DAG(s) 'parallel_weather_dag' retrieved from /opt/airflow/dags/04_parallel_weather.py
[2026-09-08T07:07:39.885+0000] {logging_mixin.py:190} INFO - [2026-09-08T07:07:39.885+0000] {dag.py:3239} INFO - Sync 1 DAGs
[2026-09-08T07:07:39.908+0000] {logging_mixin.py:190} INFO - [2026-09-08T07:07:39.908+0000] {dag.py:4180} INFO - Setting next_dagrun for parallel_weather_dag to None, run_after=None
[2026-09-08T07:07:39.938+0000] {processor.py:208} INFO - Processing /opt/airflow/dags/04_parallel_weather.py took 0.121 seconds
[2026-09-08T07:08:10.037+0000] {processor.py:186} INFO - Started process (PID=940) to work on /opt/airflow/dags/04_parallel_weather.py
[2026-09-08T07:08:10.038+0000] {processor.py:914} INFO - Processing file /opt/airflow/dags/04_parallel_weather.py for tasks to queue
[2026-09-08T07:08:10.041+0000] {logging_mixin.py:190} INFO - [2026-09-08T07:08:10.040+0000] {dagbag.py:588} INFO - Filling up the DagBag from /opt/airflow/dags/04_parallel_weather.py
[2026-09-08T07:08:10.100+0000] {processor.py:925} INFO - DAG(s) 'parallel_weather_dag' retrieved from /opt/airflow/dags/04_parallel_weather.py
[2026-09-08T07:08:10.169+0000] {logging_mixin.py:190} INFO - [2026-09-08T07:08:10.168+0000] {dag.py:3239} INFO - Sync 1 DAGs
[2026-09-08T07:08:10.207+0000] {logging_mixin.py:190} INFO - [2026-09-08T07:08:10.207+0000] {dag.py:4180} INFO - Setting next_dagrun for parallel_weather_dag to None, run_after=None
[2026-09-08T07:08:10.246+0000] {processor.py:208} INFO - Processing /opt/airflow/dags/04_parallel_weather.py took 0.217 seconds
[2026-09-08T07:08:40.684+0000] {processor.py:186} INFO - Started process (PID=954) to work on /opt/airflow/dags/04_parallel_weather.py
[2026-09-08T07:08:40.685+0000] {processor.py:914} INFO - Processing file /opt/airflow/dags/04_parallel_weather.py for tasks to queue
[2026-09-08T07:08:40.687+0000] {logging_mixin.py:190} INFO - [2026-09-08T07:08:40.686+0000] {dagbag.py:588} INFO - Filling up the DagBag from /opt/airflow/dags/04_parallel_weather.py
[2026-09-08T07:08:40.709+0000] {processor.py:925} INFO - DAG(s) 'parallel_weather_dag' retrieved from /opt/airflow/dags/04_parallel_weather.py
[2026-09-08T07:08:40.746+0000] {logging_mixin.py:190} INFO - [2026-09-08T07:08:40.746+0000] {dag.py:3239} INFO - Sync 1 DAGs
[2026-09-08T07:08:40.765+0000] {logging_mixin.py:190} INFO - [2026-09-08T07:08:40.765+0000] {dag.py:4180} INFO - Setting next_dagrun for parallel_weather_dag to None, run_after=None
[2026-09-08T07:08:40.800+0000] {processor.py:208} INFO - Processing /opt/airflow/dags/04_parallel_weather.py took 0.123 seconds
[2026-09-08T07:09:10.989+0000] {processor.py:186} INFO - Started process (PID=968) to work on /opt/airflow/dags/04_parallel_weather.py
[2026-09-08T07:09:10.990+0000] {processor.py:914} INFO - Processing file /opt/airflow/dags/04_parallel_weather.py for tasks to queue
[2026-09-08T07:09:10.992+0000] {logging_mixin.py:190} INFO - [2026-09-08T07:09:10.991+0000] {dagbag.py:588} INFO - Filling up the DagBag from /opt/airflow/dags/04_parallel_weather.py
[2026-09-08T07:09:11.016+0000] {processor.py:925} INFO - DAG(s) 'parallel_weather_dag' retrieved from /opt/airflow/dags/04_parallel_weather.py
[2026-09-08T07:09:11.053+0000] {logging_mixin.py:190} INFO - [2026-09-08T07:09:11.053+0000] {dag.py:3239} INFO - Sync 1 DAGs
[2026-09-08T07:09:11.070+0000] {logging_mixin.py:190} INFO - [2026-09-08T07:09:11.069+0000] {dag.py:4180} INFO - Setting next_dagrun for parallel_weather_dag to None, run_after=None
[2026-09-08T07:09:11.091+0000] {processor.py:208} INFO - Processing /opt/airflow/dags/04_parallel_weather.py took 0.109 seconds
[2026-09-08T07:09:41.637+0000] {processor.py:186} INFO - Started process (PID=982) to work on /opt/airflow/dags/04_parallel_weather.py
[2026-09-08T07:09:41.638+0000] {processor.py:914} INFO - Processing file /opt/airflow/dags/04_parallel_weather.py for tasks to queue
[2026-09-08T07:09:41.640+0000] {logging_mixin.py:190} INFO - [2026-09-08T07:09:41.640+0000] {dagbag.py:588} INFO - Filling up the DagBag from /opt/airflow/dags/04_parallel_weather.py
[2026-09-08T07:09:41.664+0000] {processor.py:925} INFO - DAG(s) 'parallel_weather_dag' retrieved from /opt/airflow/dags/04_parallel_weather.py
[2026-09-08T07:09:41.706+0000] {logging_mixin.py:190} INFO - [2026-09-08T07:09:41.706+0000] {dag.py:3239} INFO - Sync 1 DAGs
[2026-09-08T07:09:41.727+0000] {logging_mixin.py:190} INFO - [2026-09-08T07:09:41.726+0000] {dag.py:4180} INFO - Setting next_dagrun for parallel_weather_dag to None, run_after=None
[2026-09-08T07:09:41.767+0000] {processor.py:208} INFO - Processing /opt/airflow/dags/04_parallel_weather.py took 0.138 seconds
[2026-09-08T07:10:12.101+0000] {processor.py:186} INFO - Started process (PID=996) to work on /opt/airflow/dags/04_parallel_weather.py
[2026-09-08T07:10:12.102+0000] {processor.py:914} INFO - Processing file /opt/airflow/dags/04_parallel_weather.py for tasks to queue
[2026-09-08T07:10:12.104+0000] {logging_mixin.py:190} INFO - [2026-09-08T07:10:12.104+0000] {dagbag.py:588} INFO - Filling up the DagBag from /opt/airflow/dags/04_parallel_weather.py
[2026-09-08T07:10:12.129+0000] {processor.py:925} INFO - DAG(s) 'parallel_weather_dag' retrieved from /opt/airflow/dags/04_parallel_weather.py
[2026-09-08T07:10:12.168+0000] {logging_mixin.py:190} INFO - [2026-09-08T07:10:12.168+0000] {dag.py:3239} INFO - Sync 1 DAGs
[2026-09-08T07:10:12.188+0000] {logging_mixin.py:190} INFO - [2026-09-08T07:10:12.188+0000] {dag.py:4180} INFO - Setting next_dagrun for parallel_weather_dag to None, run_after=None
[2026-09-08T07:10:12.213+0000] {processor.py:208} INFO - Processing /opt/airflow/dags/04_parallel_weather.py took 0.120 seconds
[2026-09-08T07:10:42.534+0000] {processor.py:186} INFO - Started process (PID=1010) to work on /opt/airflow/dags/04_parallel_weather.py
[2026-09-08T07:10:42.535+0000] {processor.py:914} INFO - Processing file /opt/airflow/dags/04_parallel_weather.py for tasks to queue
[2026-09-08T07:10:42.537+0000] {logging_mixin.py:190} INFO - [2026-09-08T07:10:42.536+0000] {dagbag.py:588} INFO - Filling up the DagBag from /opt/airflow/dags/04_parallel_weather.py
[2026-09-08T07:10:42.558+0000] {processor.py:925} INFO - DAG(s) 'parallel_weather_dag' retrieved from /opt/airflow/dags/04_parallel_weather.py
[2026-09-08T07:10:42.595+0000] {logging_mixin.py:190} INFO - [2026-09-08T07:10:42.595+0000] {dag.py:3239} INFO - Sync 1 DAGs
[2026-09-08T07:10:42.614+0000] {logging_mixin.py:190} INFO - [2026-09-08T07:10:42.614+0000] {dag.py:4180} INFO - Setting next_dagrun for parallel_weather_dag to None, run_after=None
[2026-09-08T07:10:42.642+0000] {processor.py:208} INFO - Processing /opt/airflow/dags/04_parallel_weather.py took 0.114 seconds
[2026-09-08T07:11:12.911+0000] {processor.py:186} INFO - Started process (PID=1024) to work on /opt/airflow/dags/04_parallel_weather.py
[2026-09-08T07:11:12.912+0000] {processor.py:914} INFO - Processing file /opt/airflow/dags/04_parallel_weather.py for tasks to queue
[2026-09-08T07:11:12.914+0000] {logging_mixin.py:190} INFO - [2026-09-08T07:11:12.913+0000] {dagbag.py:588} INFO - Filling up the DagBag from /opt/airflow/dags/04_parallel_weather.py
[2026-09-08T07:11:12.934+0000] {processor.py:925} INFO - DAG(s) 'parallel_weather_dag' retrieved from /opt/airflow/dags/04_parallel_weather.py
[2026-09-08T07:11:12.971+0000] {logging_mixin.py:190} INFO - [2026-09-08T07:11:12.971+0000] {dag.py:3239} INFO - Sync 1 DAGs
[2026-09-08T07:11:12.990+0000] {logging_mixin.py:190} INFO - [2026-09-08T07:11:12.990+0000] {dag.py:4180} INFO - Setting next_dagrun for parallel_weather_dag to None, run_after=None
[2026-09-08T07:11:13.016+0000] {processor.py:208} INFO - Processing /opt/airflow/dags/04_parallel_weather.py took 0.112 seconds
[2026-09-08T07:11:43.254+0000] {processor.py:186} INFO - Started process (PID=1038) to work on /opt/airflow/dags/04_parallel_weather.py
[2026-09-08T07:11:43.255+0000] {processor.py:914} INFO - Processing file /opt/airflow/dags/04_parallel_weather.py for tasks to queue
[2026-09-08T07:11:43.257+0000] {logging_mixin.py:190} INFO - [2026-09-08T07:11:43.257+0000] {dagbag.py:588} INFO - Filling up the DagBag from /opt/airflow/dags/04_parallel_weather.py
[2026-09-08T07:11:43.281+0000] {processor.py:925} INFO - DAG(s) 'parallel_weather_dag' retrieved from /opt/airflow/dags/04_parallel_weather.py
[2026-09-08T07:11:43.325+0000] {logging_mixin.py:190} INFO - [2026-09-08T07:11:43.325+0000] {dag.py:3239} INFO - Sync 1 DAGs
[2026-09-08T07:11:43.347+0000] {logging_mixin.py:190} INFO - [2026-09-08T07:11:43.346+0000] {dag.py:4180} INFO - Setting next_dagrun for parallel_weather_dag to None, run_after=None
[2026-09-08T07:11:43.372+0000] {processor.py:208} INFO - Processing /opt/airflow/dags/04_parallel_weather.py took 0.126 seconds
[2026-09-08T07:12:13.528+0000] {processor.py:186} INFO - Started process (PID=1052) to work on /opt/airflow/dags/04_parallel_weather.py
[2026-09-08T07:12:13.529+0000] {processor.py:914} INFO - Processing file /opt/airflow/dags/04_parallel_weather.py for tasks to queue
[2026-09-08T07:12:13.530+0000] {logging_mixin.py:190} INFO - [2026-09-08T07:12:13.530+0000] {dagbag.py:588} INFO - Filling up the DagBag from /opt/airflow/dags/04_parallel_weather.py
[2026-09-08T07:12:13.551+0000] {processor.py:925} INFO - DAG(s) 'parallel_weather_dag' retrieved from /opt/airflow/dags/04_parallel_weather.py
[2026-09-08T07:12:13.586+0000] {logging_mixin.py:190} INFO - [2026-09-08T07:12:13.585+0000] {dag.py:3239} INFO - Sync 1 DAGs
[2026-09-08T07:12:13.601+0000] {logging_mixin.py:190} INFO - [2026-09-08T07:12:13.601+0000] {dag.py:4180} INFO - Setting next_dagrun for parallel_weather_dag to None, run_after=None
[2026-09-08T07:12:13.624+0000] {processor.py:208} INFO - Processing /opt/airflow/dags/04_parallel_weather.py took 0.103 seconds
[2026-09-08T07:12:43.898+0000] {processor.py:186} INFO - Started process (PID=1066) to work on /opt/airflow/dags/04_parallel_weather.py
[2026-09-08T07:12:43.899+0000] {processor.py:914} INFO - Processing file /opt/airflow/dags/04_parallel_weather.py for tasks to queue
[2026-09-08T07:12:43.902+0000] {logging_mixin.py:190} INFO - [2026-09-08T07:12:43.901+0000] {dagbag.py:588} INFO - Filling up the DagBag from /opt/airflow/dags/04_parallel_weather.py
[2026-09-08T07:12:43.932+0000] {processor.py:925} INFO - DAG(s) 'parallel_weather_dag' retrieved from /opt/airflow/dags/04_parallel_weather.py
[2026-09-08T07:12:43.973+0000] {logging_mixin.py:190} INFO - [2026-09-08T07:12:43.973+0000] {dag.py:3239} INFO - Sync 1 DAGs
[2026-09-08T07:12:43.998+0000] {logging_mixin.py:190} INFO - [2026-09-08T07:12:43.998+0000] {dag.py:4180} INFO - Setting next_dagrun for parallel_weather_dag to None, run_after=None
[2026-09-08T07:12:44.029+0000] {processor.py:208} INFO - Processing /opt/airflow/dags/04_parallel_weather.py took 0.143 seconds
[2026-09-08T07:13:14.276+0000] {processor.py:186} INFO - Started process (PID=1080) to work on /opt/airflow/dags/04_parallel_weather.py
[2026-09-08T07:13:14.277+0000] {processor.py:914} INFO - Processing file /opt/airflow/dags/04_parallel_weather.py for tasks to queue
[2026-09-08T07:13:14.279+0000] {logging_mixin.py:190} INFO - [2026-09-08T07:13:14.279+0000] {dagbag.py:588} INFO - Filling up the DagBag from /opt/airflow/dags/04_parallel_weather.py
[2026-09-08T07:13:14.299+0000] {processor.py:925} INFO - DAG(s) 'parallel_weather_dag' retrieved from /opt/airflow/dags/04_parallel_weather.py
[2026-09-08T07:13:14.337+0000] {logging_mixin.py:190} INFO - [2026-09-08T07:13:14.337+0000] {dag.py:3239} INFO - Sync 1 DAGs
[2026-09-08T07:13:14.354+0000] {logging_mixin.py:190} INFO - [2026-09-08T07:13:14.353+0000] {dag.py:4180} INFO - Setting next_dagrun for parallel_weather_dag to None, run_after=None
[2026-09-08T07:13:14.376+0000] {processor.py:208} INFO - Processing /opt/airflow/dags/04_parallel_weather.py took 0.106 seconds
[2026-09-08T07:13:44.719+0000] {processor.py:186} INFO - Started process (PID=1094) to work on /opt/airflow/dags/04_parallel_weather.py
[2026-09-08T07:13:44.719+0000] {processor.py:914} INFO - Processing file /opt/airflow/dags/04_parallel_weather.py for tasks to queue
[2026-09-08T07:13:44.721+0000] {logging_mixin.py:190} INFO - [2026-09-08T07:13:44.721+0000] {dagbag.py:588} INFO - Filling up the DagBag from /opt/airflow/dags/04_parallel_weather.py
[2026-09-08T07:13:44.743+0000] {processor.py:925} INFO - DAG(s) 'parallel_weather_dag' retrieved from /opt/airflow/dags/04_parallel_weather.py
[2026-09-08T07:13:44.781+0000] {logging_mixin.py:190} INFO - [2026-09-08T07:13:44.781+0000] {dag.py:3239} INFO - Sync 1 DAGs
[2026-09-08T07:13:44.801+0000] {logging_mixin.py:190} INFO - [2026-09-08T07:13:44.801+0000] {dag.py:4180} INFO - Setting next_dagrun for parallel_weather_dag to None, run_after=None
[2026-09-08T07:13:44.828+0000] {processor.py:208} INFO - Processing /opt/airflow/dags/04_parallel_weather.py took 0.117 seconds
[2026-09-08T07:14:15.008+0000] {processor.py:186} INFO - Started process (PID=1108) to work on /opt/airflow/dags/04_parallel_weather.py
[2026-09-08T07:14:15.009+0000] {processor.py:914} INFO - Processing file /opt/airflow/dags/04_parallel_weather.py for tasks to queue
[2026-09-08T07:14:15.012+0000] {logging_mixin.py:190} INFO - [2026-09-08T07:14:15.011+0000] {dagbag.py:588} INFO - Filling up the DagBag from /opt/airflow/dags/04_parallel_weather.py
[2026-09-08T07:14:15.038+0000] {processor.py:925} INFO - DAG(s) 'parallel_weather_dag' retrieved from /opt/airflow/dags/04_parallel_weather.py
[2026-09-08T07:14:15.080+0000] {logging_mixin.py:190} INFO - [2026-09-08T07:14:15.080+0000] {dag.py:3239} INFO - Sync 1 DAGs
[2026-09-08T07:14:15.102+0000] {logging_mixin.py:190} INFO - [2026-09-08T07:14:15.101+0000] {dag.py:4180} INFO - Setting next_dagrun for parallel_weather_dag to None, run_after=None
[2026-09-08T07:14:15.128+0000] {processor.py:208} INFO - Processing /opt/airflow/dags/04_parallel_weather.py took 0.130 seconds
[2026-09-08T07:14:45.492+0000] {processor.py:186} INFO - Started process (PID=1122) to work on /opt/airflow/dags/04_parallel_weather.py
[2026-09-08T07:14:45.493+0000] {processor.py:914} INFO - Processing file /opt/airflow/dags/04_parallel_weather.py for tasks to queue
[2026-09-08T07:14:45.496+0000] {logging_mixin.py:190} INFO - [2026-09-08T07:14:45.495+0000] {dagbag.py:588} INFO - Filling up the DagBag from /opt/airflow/dags/04_parallel_weather.py
[2026-09-08T07:14:45.521+0000] {processor.py:925} INFO - DAG(s) 'parallel_weather_dag' retrieved from /opt/airflow/dags/04_parallel_weather.py
[2026-09-08T07:14:45.562+0000] {logging_mixin.py:190} INFO - [2026-09-08T07:14:45.561+0000] {dag.py:3239} INFO - Sync 1 DAGs
[2026-09-08T07:14:45.579+0000] {logging_mixin.py:190} INFO - [2026-09-08T07:14:45.579+0000] {dag.py:4180} INFO - Setting next_dagrun for parallel_weather_dag to None, run_after=None
[2026-09-08T07:14:45.602+0000] {processor.py:208} INFO - Processing /opt/airflow/dags/04_parallel_weather.py took 0.120 seconds
[2026-09-08T07:15:15.819+0000] {processor.py:186} INFO - Started process (PID=1136) to work on /opt/airflow/dags/04_parallel_weather.py
[2026-09-08T07:15:15.820+0000] {processor.py:914} INFO - Processing file /opt/airflow/dags/04_parallel_weather.py for tasks to queue
[2026-09-08T07:15:15.821+0000] {logging_mixin.py:190} INFO - [2026-09-08T07:15:15.821+0000] {dagbag.py:588} INFO - Filling up the DagBag from /opt/airflow/dags/04_parallel_weather.py
[2026-09-08T07:15:15.843+0000] {processor.py:925} INFO - DAG(s) 'parallel_weather_dag' retrieved from /opt/airflow/dags/04_parallel_weather.py
[2026-09-08T07:15:15.876+0000] {logging_mixin.py:190} INFO - [2026-09-08T07:15:15.875+0000] {dag.py:3239} INFO - Sync 1 DAGs
[2026-09-08T07:15:15.891+0000] {logging_mixin.py:190} INFO - [2026-09-08T07:15:15.891+0000] {dag.py:4180} INFO - Setting next_dagrun for parallel_weather_dag to None, run_after=None
[2026-09-08T07:15:15.912+0000] {processor.py:208} INFO - Processing /opt/airflow/dags/04_parallel_weather.py took 0.101 seconds
[2026-09-08T07:15:46.316+0000] {processor.py:186} INFO - Started process (PID=1156) to work on /opt/airflow/dags/04_parallel_weather.py
[2026-09-08T07:15:46.317+0000] {processor.py:914} INFO - Processing file /opt/airflow/dags/04_parallel_weather.py for tasks to queue
[2026-09-08T07:15:46.319+0000] {logging_mixin.py:190} INFO - [2026-09-08T07:15:46.319+0000] {dagbag.py:588} INFO - Filling up the DagBag from /opt/airflow/dags/04_parallel_weather.py
[2026-09-08T07:15:46.342+0000] {processor.py:925} INFO - DAG(s) 'parallel_weather_dag' retrieved from /opt/airflow/dags/04_parallel_weather.py
[2026-09-08T07:15:46.382+0000] {logging_mixin.py:190} INFO - [2026-09-08T07:15:46.382+0000] {dag.py:3239} INFO - Sync 1 DAGs
[2026-09-08T07:15:46.400+0000] {logging_mixin.py:190} INFO - [2026-09-08T07:15:46.400+0000] {dag.py:4180} INFO - Setting next_dagrun for parallel_weather_dag to None, run_after=None
[2026-09-08T07:15:46.424+0000] {processor.py:208} INFO - Processing /opt/airflow/dags/04_parallel_weather.py took 0.117 seconds
[2026-09-08T07:16:16.629+0000] {processor.py:186} INFO - Started process (PID=1170) to work on /opt/airflow/dags/04_parallel_weather.py
[2026-09-08T07:16:16.630+0000] {processor.py:914} INFO - Processing file /opt/airflow/dags/04_parallel_weather.py for tasks to queue
[2026-09-08T07:16:16.632+0000] {logging_mixin.py:190} INFO - [2026-09-08T07:16:16.631+0000] {dagbag.py:588} INFO - Filling up the DagBag from /opt/airflow/dags/04_parallel_weather.py
[2026-09-08T07:16:16.653+0000] {processor.py:925} INFO - DAG(s) 'parallel_weather_dag' retrieved from /opt/airflow/dags/04_parallel_weather.py
[2026-09-08T07:16:16.686+0000] {logging_mixin.py:190} INFO - [2026-09-08T07:16:16.686+0000] {dag.py:3239} INFO - Sync 1 DAGs
[2026-09-08T07:16:16.702+0000] {logging_mixin.py:190} INFO - [2026-09-08T07:16:16.702+0000] {dag.py:4180} INFO - Setting next_dagrun for parallel_weather_dag to None, run_after=None
[2026-09-08T07:16:16.725+0000] {processor.py:208} INFO - Processing /opt/airflow/dags/04_parallel_weather.py took 0.104 seconds
[2026-09-08T07:16:46.891+0000] {processor.py:186} INFO - Started process (PID=1184) to work on /opt/airflow/dags/04_parallel_weather.py
[2026-09-08T07:16:46.892+0000] {processor.py:914} INFO - Processing file /opt/airflow/dags/04_parallel_weather.py for tasks to queue
[2026-09-08T07:16:46.894+0000] {logging_mixin.py:190} INFO - [2026-09-08T07:16:46.894+0000] {dagbag.py:588} INFO - Filling up the DagBag from /opt/airflow/dags/04_parallel_weather.py
[2026-09-08T07:16:46.917+0000] {processor.py:925} INFO - DAG(s) 'parallel_weather_dag' retrieved from /opt/airflow/dags/04_parallel_weather.py
[2026-09-08T07:16:46.951+0000] {logging_mixin.py:190} INFO - [2026-09-08T07:16:46.950+0000] {dag.py:3239} INFO - Sync 1 DAGs
[2026-09-08T07:16:46.968+0000] {logging_mixin.py:190} INFO - [2026-09-08T07:16:46.967+0000] {dag.py:4180} INFO - Setting next_dagrun for parallel_weather_dag to None, run_after=None
[2026-09-08T07:16:46.990+0000] {processor.py:208} INFO - Processing /opt/airflow/dags/04_parallel_weather.py took 0.112 seconds
[2026-09-08T07:17:17.260+0000] {processor.py:186} INFO - Started process (PID=1198) to work on /opt/airflow/dags/04_parallel_weather.py
[2026-09-08T07:17:17.261+0000] {processor.py:914} INFO - Processing file /opt/airflow/dags/04_parallel_weather.py for tasks to queue
[2026-09-08T07:17:17.263+0000] {logging_mixin.py:190} INFO - [2026-09-08T07:17:17.263+0000] {dagbag.py:588} INFO - Filling up the DagBag from /opt/airflow/dags/04_parallel_weather.py
[2026-09-08T07:17:17.287+0000] {processor.py:925} INFO - DAG(s) 'parallel_weather_dag' retrieved from /opt/airflow/dags/04_parallel_weather.py
[2026-09-08T07:17:17.321+0000] {logging_mixin.py:190} INFO - [2026-09-08T07:17:17.320+0000] {dag.py:3239} INFO - Sync 1 DAGs
[2026-09-08T07:17:17.336+0000] {logging_mixin.py:190} INFO - [2026-09-08T07:17:17.335+0000] {dag.py:4180} INFO - Setting next_dagrun for parallel_weather_dag to None, run_after=None
[2026-09-08T07:17:17.358+0000] {processor.py:208} INFO - Processing /opt/airflow/dags/04_parallel_weather.py took 0.104 seconds
[2026-09-08T07:17:47.786+0000] {processor.py:186} INFO - Started process (PID=1212) to work on /opt/airflow/dags/04_parallel_weather.py
[2026-09-08T07:17:47.787+0000] {processor.py:914} INFO - Processing file /opt/airflow/dags/04_parallel_weather.py for tasks to queue
[2026-09-08T07:17:47.789+0000] {logging_mixin.py:190} INFO - [2026-09-08T07:17:47.788+0000] {dagbag.py:588} INFO - Filling up the DagBag from /opt/airflow/dags/04_parallel_weather.py
[2026-09-08T07:17:47.811+0000] {processor.py:925} INFO - DAG(s) 'parallel_weather_dag' retrieved from /opt/airflow/dags/04_parallel_weather.py
[2026-09-08T07:17:47.845+0000] {logging_mixin.py:190} INFO - [2026-09-08T07:17:47.845+0000] {dag.py:3239} INFO - Sync 1 DAGs
[2026-09-08T07:17:47.864+0000] {logging_mixin.py:190} INFO - [2026-09-08T07:17:47.864+0000] {dag.py:4180} INFO - Setting next_dagrun for parallel_weather_dag to None, run_after=None
[2026-09-08T07:17:47.889+0000] {processor.py:208} INFO - Processing /opt/airflow/dags/04_parallel_weather.py took 0.111 seconds
[2026-09-08T07:18:18.806+0000] {processor.py:186} INFO - Started process (PID=1226) to work on /opt/airflow/dags/04_parallel_weather.py
[2026-09-08T07:18:18.807+0000] {processor.py:914} INFO - Processing file /opt/airflow/dags/04_parallel_weather.py for tasks to queue
[2026-09-08T07:18:18.810+0000] {logging_mixin.py:190} INFO - [2026-09-08T07:18:18.809+0000] {dagbag.py:588} INFO - Filling up the DagBag from /opt/airflow/dags/04_parallel_weather.py
[2026-09-08T07:18:18.836+0000] {processor.py:925} INFO - DAG(s) 'parallel_weather_dag' retrieved from /opt/airflow/dags/04_parallel_weather.py
[2026-09-08T07:18:18.882+0000] {logging_mixin.py:190} INFO - [2026-09-08T07:18:18.882+0000] {dag.py:3239} INFO - Sync 1 DAGs
[2026-09-08T07:18:18.906+0000] {logging_mixin.py:190} INFO - [2026-09-08T07:18:18.905+0000] {dag.py:4180} INFO - Setting next_dagrun for parallel_weather_dag to None, run_after=None
[2026-09-08T07:18:18.935+0000] {processor.py:208} INFO - Processing /opt/airflow/dags/04_parallel_weather.py took 0.138 seconds
[2026-09-08T07:18:49.855+0000] {processor.py:186} INFO - Started process (PID=1239) to work on /opt/airflow/dags/04_parallel_weather.py
[2026-09-08T07:18:49.856+0000] {processor.py:914} INFO - Processing file /opt/airflow/dags/04_parallel_weather.py for tasks to queue
[2026-09-08T07:18:49.858+0000] {logging_mixin.py:190} INFO - [2026-09-08T07:18:49.857+0000] {dagbag.py:588} INFO - Filling up the DagBag from /opt/airflow/dags/04_parallel_weather.py
[2026-09-08T07:18:49.880+0000] {processor.py:925} INFO - DAG(s) 'parallel_weather_dag' retrieved from /opt/airflow/dags/04_parallel_weather.py
[2026-09-08T07:18:49.926+0000] {logging_mixin.py:190} INFO - [2026-09-08T07:18:49.925+0000] {dag.py:3239} INFO - Sync 1 DAGs
[2026-09-08T07:18:49.943+0000] {logging_mixin.py:190} INFO - [2026-09-08T07:18:49.942+0000] {dag.py:4180} INFO - Setting next_dagrun for parallel_weather_dag to None, run_after=None
[2026-09-08T07:18:49.971+0000] {processor.py:208} INFO - Processing /opt/airflow/dags/04_parallel_weather.py took 0.124 seconds
[2026-09-08T07:19:20.159+0000] {processor.py:186} INFO - Started process (PID=1252) to work on /opt/airflow/dags/04_parallel_weather.py
[2026-09-08T07:19:20.161+0000] {processor.py:914} INFO - Processing file /opt/airflow/dags/04_parallel_weather.py for tasks to queue
[2026-09-08T07:19:20.165+0000] {logging_mixin.py:190} INFO - [2026-09-08T07:19:20.164+0000] {dagbag.py:588} INFO - Filling up the DagBag from /opt/airflow/dags/04_parallel_weather.py
[2026-09-08T07:19:20.192+0000] {processor.py:925} INFO - DAG(s) 'parallel_weather_dag' retrieved from /opt/airflow/dags/04_parallel_weather.py
[2026-09-08T07:19:20.230+0000] {logging_mixin.py:190} INFO - [2026-09-08T07:19:20.230+0000] {dag.py:3239} INFO - Sync 1 DAGs
[2026-09-08T07:19:20.249+0000] {logging_mixin.py:190} INFO - [2026-09-08T07:19:20.249+0000] {dag.py:4180} INFO - Setting next_dagrun for parallel_weather_dag to None, run_after=None
[2026-09-08T07:19:20.272+0000] {processor.py:208} INFO - Processing /opt/airflow/dags/04_parallel_weather.py took 0.129 seconds
[2026-09-08T07:19:50.348+0000] {processor.py:186} INFO - Started process (PID=1266) to work on /opt/airflow/dags/04_parallel_weather.py
[2026-09-08T07:19:50.350+0000] {processor.py:914} INFO - Processing file /opt/airflow/dags/04_parallel_weather.py for tasks to queue
[2026-09-08T07:19:50.352+0000] {logging_mixin.py:190} INFO - [2026-09-08T07:19:50.351+0000] {dagbag.py:588} INFO - Filling up the DagBag from /opt/airflow/dags/04_parallel_weather.py
[2026-09-08T07:19:50.377+0000] {processor.py:925} INFO - DAG(s) 'parallel_weather_dag' retrieved from /opt/airflow/dags/04_parallel_weather.py
[2026-09-08T07:19:50.424+0000] {logging_mixin.py:190} INFO - [2026-09-08T07:19:50.424+0000] {dag.py:3239} INFO - Sync 1 DAGs
[2026-09-08T07:19:50.440+0000] {logging_mixin.py:190} INFO - [2026-09-08T07:19:50.440+0000] {dag.py:4180} INFO - Setting next_dagrun for parallel_weather_dag to None, run_after=None
[2026-09-08T07:19:50.462+0000] {processor.py:208} INFO - Processing /opt/airflow/dags/04_parallel_weather.py took 0.121 seconds
[2026-09-08T07:20:21.025+0000] {processor.py:186} INFO - Started process (PID=1280) to work on /opt/airflow/dags/04_parallel_weather.py
[2026-09-08T07:20:21.026+0000] {processor.py:914} INFO - Processing file /opt/airflow/dags/04_parallel_weather.py for tasks to queue
[2026-09-08T07:20:21.028+0000] {logging_mixin.py:190} INFO - [2026-09-08T07:20:21.027+0000] {dagbag.py:588} INFO - Filling up the DagBag from /opt/airflow/dags/04_parallel_weather.py
[2026-09-08T07:20:21.052+0000] {processor.py:925} INFO - DAG(s) 'parallel_weather_dag' retrieved from /opt/airflow/dags/04_parallel_weather.py
[2026-09-08T07:20:21.089+0000] {logging_mixin.py:190} INFO - [2026-09-08T07:20:21.088+0000] {dag.py:3239} INFO - Sync 1 DAGs
[2026-09-08T07:20:21.266+0000] {logging_mixin.py:190} INFO - [2026-09-08T07:20:21.266+0000] {dag.py:4180} INFO - Setting next_dagrun for parallel_weather_dag to None, run_after=None
[2026-09-08T07:20:21.285+0000] {processor.py:208} INFO - Processing /opt/airflow/dags/04_parallel_weather.py took 0.268 seconds
[2026-09-08T07:20:51.900+0000] {processor.py:186} INFO - Started process (PID=1294) to work on /opt/airflow/dags/04_parallel_weather.py
[2026-09-08T07:20:51.901+0000] {processor.py:914} INFO - Processing file /opt/airflow/dags/04_parallel_weather.py for tasks to queue
[2026-09-08T07:20:51.903+0000] {logging_mixin.py:190} INFO - [2026-09-08T07:20:51.903+0000] {dagbag.py:588} INFO - Filling up the DagBag from /opt/airflow/dags/04_parallel_weather.py
[2026-09-08T07:20:52.076+0000] {processor.py:925} INFO - DAG(s) 'parallel_weather_dag' retrieved from /opt/airflow/dags/04_parallel_weather.py
[2026-09-08T07:20:52.105+0000] {logging_mixin.py:190} INFO - [2026-09-08T07:20:52.105+0000] {dag.py:3239} INFO - Sync 1 DAGs
[2026-09-08T07:20:52.118+0000] {logging_mixin.py:190} INFO - [2026-09-08T07:20:52.118+0000] {dag.py:4180} INFO - Setting next_dagrun for parallel_weather_dag to None, run_after=None
[2026-09-08T07:20:52.138+0000] {processor.py:208} INFO - Processing /opt/airflow/dags/04_parallel_weather.py took 0.461 seconds
[2026-09-08T07:21:22.320+0000] {processor.py:186} INFO - Started process (PID=1308) to work on /opt/airflow/dags/04_parallel_weather.py
[2026-09-08T07:21:22.322+0000] {processor.py:914} INFO - Processing file /opt/airflow/dags/04_parallel_weather.py for tasks to queue
[2026-09-08T07:21:22.324+0000] {logging_mixin.py:190} INFO - [2026-09-08T07:21:22.324+0000] {dagbag.py:588} INFO - Filling up the DagBag from /opt/airflow/dags/04_parallel_weather.py
[2026-09-08T07:21:22.356+0000] {processor.py:925} INFO - DAG(s) 'parallel_weather_dag' retrieved from /opt/airflow/dags/04_parallel_weather.py
[2026-09-08T07:21:22.396+0000] {logging_mixin.py:190} INFO - [2026-09-08T07:21:22.396+0000] {dag.py:3239} INFO - Sync 1 DAGs
[2026-09-08T07:21:22.415+0000] {logging_mixin.py:190} INFO - [2026-09-08T07:21:22.414+0000] {dag.py:4180} INFO - Setting next_dagrun for parallel_weather_dag to None, run_after=None
[2026-09-08T07:21:22.437+0000] {processor.py:208} INFO - Processing /opt/airflow/dags/04_parallel_weather.py took 0.126 seconds
[2026-09-08T07:21:53.035+0000] {processor.py:186} INFO - Started process (PID=1322) to work on /opt/airflow/dags/04_parallel_weather.py
[2026-09-08T07:21:53.036+0000] {processor.py:914} INFO - Processing file /opt/airflow/dags/04_parallel_weather.py for tasks to queue
[2026-09-08T07:21:53.038+0000] {logging_mixin.py:190} INFO - [2026-09-08T07:21:53.037+0000] {dagbag.py:588} INFO - Filling up the DagBag from /opt/airflow/dags/04_parallel_weather.py
[2026-09-08T07:21:53.058+0000] {processor.py:925} INFO - DAG(s) 'parallel_weather_dag' retrieved from /opt/airflow/dags/04_parallel_weather.py
[2026-09-08T07:21:53.095+0000] {logging_mixin.py:190} INFO - [2026-09-08T07:21:53.094+0000] {dag.py:3239} INFO - Sync 1 DAGs
[2026-09-08T07:21:53.112+0000] {logging_mixin.py:190} INFO - [2026-09-08T07:21:53.112+0000] {dag.py:4180} INFO - Setting next_dagrun for parallel_weather_dag to None, run_after=None
[2026-09-08T07:21:53.133+0000] {processor.py:208} INFO - Processing /opt/airflow/dags/04_parallel_weather.py took 0.106 seconds
[2026-09-08T07:22:23.692+0000] {processor.py:186} INFO - Started process (PID=1336) to work on /opt/airflow/dags/04_parallel_weather.py
[2026-09-08T07:22:23.693+0000] {processor.py:914} INFO - Processing file /opt/airflow/dags/04_parallel_weather.py for tasks to queue
[2026-09-08T07:22:23.694+0000] {logging_mixin.py:190} INFO - [2026-09-08T07:22:23.694+0000] {dagbag.py:588} INFO - Filling up the DagBag from /opt/airflow/dags/04_parallel_weather.py
[2026-09-08T07:22:23.714+0000] {processor.py:925} INFO - DAG(s) 'parallel_weather_dag' retrieved from /opt/airflow/dags/04_parallel_weather.py
[2026-09-08T07:22:23.753+0000] {logging_mixin.py:190} INFO - [2026-09-08T07:22:23.753+0000] {dag.py:3239} INFO - Sync 1 DAGs
[2026-09-08T07:22:23.771+0000] {logging_mixin.py:190} INFO - [2026-09-08T07:22:23.771+0000] {dag.py:4180} INFO - Setting next_dagrun for parallel_weather_dag to None, run_after=None
[2026-09-08T07:22:23.796+0000] {processor.py:208} INFO - Processing /opt/airflow/dags/04_parallel_weather.py took 0.111 seconds
[2026-09-08T07:22:53.959+0000] {processor.py:186} INFO - Started process (PID=1350) to work on /opt/airflow/dags/04_parallel_weather.py
[2026-09-08T07:22:53.960+0000] {processor.py:914} INFO - Processing file /opt/airflow/dags/04_parallel_weather.py for tasks to queue
[2026-09-08T07:22:53.962+0000] {logging_mixin.py:190} INFO - [2026-09-08T07:22:53.962+0000] {dagbag.py:588} INFO - Filling up the DagBag from /opt/airflow/dags/04_parallel_weather.py
[2026-09-08T07:22:53.982+0000] {processor.py:925} INFO - DAG(s) 'parallel_weather_dag' retrieved from /opt/airflow/dags/04_parallel_weather.py
[2026-09-08T07:22:54.016+0000] {logging_mixin.py:190} INFO - [2026-09-08T07:22:54.016+0000] {dag.py:3239} INFO - Sync 1 DAGs
[2026-09-08T07:22:54.033+0000] {logging_mixin.py:190} INFO - [2026-09-08T07:22:54.033+0000] {dag.py:4180} INFO - Setting next_dagrun for parallel_weather_dag to None, run_after=None
[2026-09-08T07:22:54.055+0000] {processor.py:208} INFO - Processing /opt/airflow/dags/04_parallel_weather.py took 0.103 seconds
[2026-09-08T07:23:24.278+0000] {processor.py:186} INFO - Started process (PID=1364) to work on /opt/airflow/dags/04_parallel_weather.py
[2026-09-08T07:23:24.279+0000] {processor.py:914} INFO - Processing file /opt/airflow/dags/04_parallel_weather.py for tasks to queue
[2026-09-08T07:23:24.281+0000] {logging_mixin.py:190} INFO - [2026-09-08T07:23:24.280+0000] {dagbag.py:588} INFO - Filling up the DagBag from /opt/airflow/dags/04_parallel_weather.py
[2026-09-08T07:23:24.305+0000] {processor.py:925} INFO - DAG(s) 'parallel_weather_dag' retrieved from /opt/airflow/dags/04_parallel_weather.py
[2026-09-08T07:23:24.341+0000] {logging_mixin.py:190} INFO - [2026-09-08T07:23:24.341+0000] {dag.py:3239} INFO - Sync 1 DAGs
[2026-09-08T07:23:24.358+0000] {logging_mixin.py:190} INFO - [2026-09-08T07:23:24.357+0000] {dag.py:4180} INFO - Setting next_dagrun for parallel_weather_dag to None, run_after=None
[2026-09-08T07:23:24.379+0000] {processor.py:208} INFO - Processing /opt/airflow/dags/04_parallel_weather.py took 0.109 seconds
[2026-09-08T07:23:54.528+0000] {processor.py:186} INFO - Started process (PID=1378) to work on /opt/airflow/dags/04_parallel_weather.py
[2026-09-08T07:23:54.529+0000] {processor.py:914} INFO - Processing file /opt/airflow/dags/04_parallel_weather.py for tasks to queue
[2026-09-08T07:23:54.531+0000] {logging_mixin.py:190} INFO - [2026-09-08T07:23:54.531+0000] {dagbag.py:588} INFO - Filling up the DagBag from /opt/airflow/dags/04_parallel_weather.py
[2026-09-08T07:23:54.555+0000] {processor.py:925} INFO - DAG(s) 'parallel_weather_dag' retrieved from /opt/airflow/dags/04_parallel_weather.py
[2026-09-08T07:23:54.595+0000] {logging_mixin.py:190} INFO - [2026-09-08T07:23:54.595+0000] {dag.py:3239} INFO - Sync 1 DAGs
[2026-09-08T07:23:54.617+0000] {logging_mixin.py:190} INFO - [2026-09-08T07:23:54.617+0000] {dag.py:4180} INFO - Setting next_dagrun for parallel_weather_dag to None, run_after=None
[2026-09-08T07:23:54.645+0000] {processor.py:208} INFO - Processing /opt/airflow/dags/04_parallel_weather.py took 0.126 seconds
[2026-09-08T07:24:24.835+0000] {processor.py:186} INFO - Started process (PID=1392) to work on /opt/airflow/dags/04_parallel_weather.py
[2026-09-08T07:24:24.835+0000] {processor.py:914} INFO - Processing file /opt/airflow/dags/04_parallel_weather.py for tasks to queue
[2026-09-08T07:24:24.837+0000] {logging_mixin.py:190} INFO - [2026-09-08T07:24:24.837+0000] {dagbag.py:588} INFO - Filling up the DagBag from /opt/airflow/dags/04_parallel_weather.py
[2026-09-08T07:24:24.859+0000] {processor.py:925} INFO - DAG(s) 'parallel_weather_dag' retrieved from /opt/airflow/dags/04_parallel_weather.py
[2026-09-08T07:24:24.895+0000] {logging_mixin.py:190} INFO - [2026-09-08T07:24:24.894+0000] {dag.py:3239} INFO - Sync 1 DAGs
[2026-09-08T07:24:24.913+0000] {logging_mixin.py:190} INFO - [2026-09-08T07:24:24.913+0000] {dag.py:4180} INFO - Setting next_dagrun for parallel_weather_dag to None, run_after=None
[2026-09-08T07:24:24.935+0000] {processor.py:208} INFO - Processing /opt/airflow/dags/04_parallel_weather.py took 0.108 seconds
[2026-09-08T07:24:55.612+0000] {processor.py:186} INFO - Started process (PID=1406) to work on /opt/airflow/dags/04_parallel_weather.py
[2026-09-08T07:24:55.614+0000] {processor.py:914} INFO - Processing file /opt/airflow/dags/04_parallel_weather.py for tasks to queue
[2026-09-08T07:24:55.616+0000] {logging_mixin.py:190} INFO - [2026-09-08T07:24:55.616+0000] {dagbag.py:588} INFO - Filling up the DagBag from /opt/airflow/dags/04_parallel_weather.py
[2026-09-08T07:24:55.644+0000] {processor.py:925} INFO - DAG(s) 'parallel_weather_dag' retrieved from /opt/airflow/dags/04_parallel_weather.py
[2026-09-08T07:24:55.682+0000] {logging_mixin.py:190} INFO - [2026-09-08T07:24:55.682+0000] {dag.py:3239} INFO - Sync 1 DAGs
[2026-09-08T07:24:55.704+0000] {logging_mixin.py:190} INFO - [2026-09-08T07:24:55.703+0000] {dag.py:4180} INFO - Setting next_dagrun for parallel_weather_dag to None, run_after=None
[2026-09-08T07:24:55.727+0000] {processor.py:208} INFO - Processing /opt/airflow/dags/04_parallel_weather.py took 0.124 seconds
[2026-09-08T07:25:26.433+0000] {processor.py:186} INFO - Started process (PID=1420) to work on /opt/airflow/dags/04_parallel_weather.py
[2026-09-08T07:25:26.434+0000] {processor.py:914} INFO - Processing file /opt/airflow/dags/04_parallel_weather.py for tasks to queue
[2026-09-08T07:25:26.437+0000] {logging_mixin.py:190} INFO - [2026-09-08T07:25:26.436+0000] {dagbag.py:588} INFO - Filling up the DagBag from /opt/airflow/dags/04_parallel_weather.py
[2026-09-08T07:25:26.469+0000] {processor.py:925} INFO - DAG(s) 'parallel_weather_dag' retrieved from /opt/airflow/dags/04_parallel_weather.py
[2026-09-08T07:25:26.515+0000] {logging_mixin.py:190} INFO - [2026-09-08T07:25:26.514+0000] {dag.py:3239} INFO - Sync 1 DAGs
[2026-09-08T07:25:26.538+0000] {logging_mixin.py:190} INFO - [2026-09-08T07:25:26.538+0000] {dag.py:4180} INFO - Setting next_dagrun for parallel_weather_dag to None, run_after=None
[2026-09-08T07:25:26.564+0000] {processor.py:208} INFO - Processing /opt/airflow/dags/04_parallel_weather.py took 0.144 seconds
[2026-09-08T07:25:57.113+0000] {processor.py:186} INFO - Started process (PID=1434) to work on /opt/airflow/dags/04_parallel_weather.py
[2026-09-08T07:25:57.114+0000] {processor.py:914} INFO - Processing file /opt/airflow/dags/04_parallel_weather.py for tasks to queue
[2026-09-08T07:25:57.116+0000] {logging_mixin.py:190} INFO - [2026-09-08T07:25:57.116+0000] {dagbag.py:588} INFO - Filling up the DagBag from /opt/airflow/dags/04_parallel_weather.py
[2026-09-08T07:25:57.140+0000] {processor.py:925} INFO - DAG(s) 'parallel_weather_dag' retrieved from /opt/airflow/dags/04_parallel_weather.py
[2026-09-08T07:25:57.189+0000] {logging_mixin.py:190} INFO - [2026-09-08T07:25:57.188+0000] {dag.py:3239} INFO - Sync 1 DAGs
[2026-09-08T07:25:57.209+0000] {logging_mixin.py:190} INFO - [2026-09-08T07:25:57.209+0000] {dag.py:4180} INFO - Setting next_dagrun for parallel_weather_dag to None, run_after=None
[2026-09-08T07:25:57.240+0000] {processor.py:208} INFO - Processing /opt/airflow/dags/04_parallel_weather.py took 0.138 seconds
[2026-09-08T07:26:27.931+0000] {processor.py:186} INFO - Started process (PID=1448) to work on /opt/airflow/dags/04_parallel_weather.py
[2026-09-08T07:26:27.932+0000] {processor.py:914} INFO - Processing file /opt/airflow/dags/04_parallel_weather.py for tasks to queue
[2026-09-08T07:26:27.933+0000] {logging_mixin.py:190} INFO - [2026-09-08T07:26:27.933+0000] {dagbag.py:588} INFO - Filling up the DagBag from /opt/airflow/dags/04_parallel_weather.py
[2026-09-08T07:26:27.953+0000] {processor.py:925} INFO - DAG(s) 'parallel_weather_dag' retrieved from /opt/airflow/dags/04_parallel_weather.py
[2026-09-08T07:26:27.991+0000] {logging_mixin.py:190} INFO - [2026-09-08T07:26:27.990+0000] {dag.py:3239} INFO - Sync 1 DAGs
[2026-09-08T07:26:28.030+0000] {logging_mixin.py:190} INFO - [2026-09-08T07:26:28.030+0000] {dag.py:4180} INFO - Setting next_dagrun for parallel_weather_dag to None, run_after=None
[2026-09-08T07:26:28.087+0000] {processor.py:208} INFO - Processing /opt/airflow/dags/04_parallel_weather.py took 0.165 seconds
[2026-09-08T07:26:58.623+0000] {processor.py:186} INFO - Started process (PID=1462) to work on /opt/airflow/dags/04_parallel_weather.py
[2026-09-08T07:26:58.624+0000] {processor.py:914} INFO - Processing file /opt/airflow/dags/04_parallel_weather.py for tasks to queue
[2026-09-08T07:26:58.626+0000] {logging_mixin.py:190} INFO - [2026-09-08T07:26:58.626+0000] {dagbag.py:588} INFO - Filling up the DagBag from /opt/airflow/dags/04_parallel_weather.py
[2026-09-08T07:26:58.647+0000] {processor.py:925} INFO - DAG(s) 'parallel_weather_dag' retrieved from /opt/airflow/dags/04_parallel_weather.py
[2026-09-08T07:26:58.680+0000] {logging_mixin.py:190} INFO - [2026-09-08T07:26:58.680+0000] {dag.py:3239} INFO - Sync 1 DAGs
[2026-09-08T07:26:58.696+0000] {logging_mixin.py:190} INFO - [2026-09-08T07:26:58.696+0000] {dag.py:4180} INFO - Setting next_dagrun for parallel_weather_dag to None, run_after=None
[2026-09-08T07:26:58.717+0000] {processor.py:208} INFO - Processing /opt/airflow/dags/04_parallel_weather.py took 0.102 seconds
[2026-09-08T07:27:28.818+0000] {processor.py:186} INFO - Started process (PID=1476) to work on /opt/airflow/dags/04_parallel_weather.py
[2026-09-08T07:27:28.819+0000] {processor.py:914} INFO - Processing file /opt/airflow/dags/04_parallel_weather.py for tasks to queue
[2026-09-08T07:27:28.821+0000] {logging_mixin.py:190} INFO - [2026-09-08T07:27:28.821+0000] {dagbag.py:588} INFO - Filling up the DagBag from /opt/airflow/dags/04_parallel_weather.py
[2026-09-08T07:27:28.844+0000] {processor.py:925} INFO - DAG(s) 'parallel_weather_dag' retrieved from /opt/airflow/dags/04_parallel_weather.py
[2026-09-08T07:27:28.883+0000] {logging_mixin.py:190} INFO - [2026-09-08T07:27:28.883+0000] {dag.py:3239} INFO - Sync 1 DAGs
[2026-09-08T07:27:28.903+0000] {logging_mixin.py:190} INFO - [2026-09-08T07:27:28.903+0000] {dag.py:4180} INFO - Setting next_dagrun for parallel_weather_dag to None, run_after=None
[2026-09-08T07:27:28.931+0000] {processor.py:208} INFO - Processing /opt/airflow/dags/04_parallel_weather.py took 0.123 seconds
[2026-09-08T07:27:59.652+0000] {processor.py:186} INFO - Started process (PID=1490) to work on /opt/airflow/dags/04_parallel_weather.py
[2026-09-08T07:27:59.654+0000] {processor.py:914} INFO - Processing file /opt/airflow/dags/04_parallel_weather.py for tasks to queue
[2026-09-08T07:27:59.657+0000] {logging_mixin.py:190} INFO - [2026-09-08T07:27:59.656+0000] {dagbag.py:588} INFO - Filling up the DagBag from /opt/airflow/dags/04_parallel_weather.py
[2026-09-08T07:27:59.681+0000] {processor.py:925} INFO - DAG(s) 'parallel_weather_dag' retrieved from /opt/airflow/dags/04_parallel_weather.py
[2026-09-08T07:27:59.718+0000] {logging_mixin.py:190} INFO - [2026-09-08T07:27:59.717+0000] {dag.py:3239} INFO - Sync 1 DAGs
[2026-09-08T07:27:59.738+0000] {logging_mixin.py:190} INFO - [2026-09-08T07:27:59.738+0000] {dag.py:4180} INFO - Setting next_dagrun for parallel_weather_dag to None, run_after=None
[2026-09-08T07:27:59.764+0000] {processor.py:208} INFO - Processing /opt/airflow/dags/04_parallel_weather.py took 0.123 seconds
[2026-09-08T07:28:29.911+0000] {processor.py:186} INFO - Started process (PID=1504) to work on /opt/airflow/dags/04_parallel_weather.py
[2026-09-08T07:28:29.913+0000] {processor.py:914} INFO - Processing file /opt/airflow/dags/04_parallel_weather.py for tasks to queue
[2026-09-08T07:28:29.915+0000] {logging_mixin.py:190} INFO - [2026-09-08T07:28:29.915+0000] {dagbag.py:588} INFO - Filling up the DagBag from /opt/airflow/dags/04_parallel_weather.py
[2026-09-08T07:28:29.940+0000] {processor.py:925} INFO - DAG(s) 'parallel_weather_dag' retrieved from /opt/airflow/dags/04_parallel_weather.py
[2026-09-08T07:28:29.983+0000] {logging_mixin.py:190} INFO - [2026-09-08T07:28:29.983+0000] {dag.py:3239} INFO - Sync 1 DAGs
[2026-09-08T07:28:30.002+0000] {logging_mixin.py:190} INFO - [2026-09-08T07:28:30.002+0000] {dag.py:4180} INFO - Setting next_dagrun for parallel_weather_dag to None, run_after=None
[2026-09-08T07:28:30.026+0000] {processor.py:208} INFO - Processing /opt/airflow/dags/04_parallel_weather.py took 0.125 seconds
[2026-09-08T07:29:00.147+0000] {processor.py:186} INFO - Started process (PID=1518) to work on /opt/airflow/dags/04_parallel_weather.py
[2026-09-08T07:29:00.148+0000] {processor.py:914} INFO - Processing file /opt/airflow/dags/04_parallel_weather.py for tasks to queue
[2026-09-08T07:29:00.150+0000] {logging_mixin.py:190} INFO - [2026-09-08T07:29:00.150+0000] {dagbag.py:588} INFO - Filling up the DagBag from /opt/airflow/dags/04_parallel_weather.py
[2026-09-08T07:29:00.173+0000] {processor.py:925} INFO - DAG(s) 'parallel_weather_dag' retrieved from /opt/airflow/dags/04_parallel_weather.py
[2026-09-08T07:29:00.244+0000] {logging_mixin.py:190} INFO - [2026-09-08T07:29:00.244+0000] {dag.py:3239} INFO - Sync 1 DAGs
[2026-09-08T07:29:00.265+0000] {logging_mixin.py:190} INFO - [2026-09-08T07:29:00.265+0000] {dag.py:4180} INFO - Setting next_dagrun for parallel_weather_dag to None, run_after=None
[2026-09-08T07:29:00.293+0000] {processor.py:208} INFO - Processing /opt/airflow/dags/04_parallel_weather.py took 0.154 seconds
[2026-09-08T07:29:30.460+0000] {processor.py:186} INFO - Started process (PID=1532) to work on /opt/airflow/dags/04_parallel_weather.py
[2026-09-08T07:29:30.461+0000] {processor.py:914} INFO - Processing file /opt/airflow/dags/04_parallel_weather.py for tasks to queue
[2026-09-08T07:29:30.463+0000] {logging_mixin.py:190} INFO - [2026-09-08T07:29:30.463+0000] {dagbag.py:588} INFO - Filling up the DagBag from /opt/airflow/dags/04_parallel_weather.py
[2026-09-08T07:29:30.484+0000] {processor.py:925} INFO - DAG(s) 'parallel_weather_dag' retrieved from /opt/airflow/dags/04_parallel_weather.py
[2026-09-08T07:29:30.519+0000] {logging_mixin.py:190} INFO - [2026-09-08T07:29:30.519+0000] {dag.py:3239} INFO - Sync 1 DAGs
[2026-09-08T07:29:30.538+0000] {logging_mixin.py:190} INFO - [2026-09-08T07:29:30.537+0000] {dag.py:4180} INFO - Setting next_dagrun for parallel_weather_dag to None, run_after=None
[2026-09-08T07:29:30.559+0000] {processor.py:208} INFO - Processing /opt/airflow/dags/04_parallel_weather.py took 0.107 seconds
[2026-09-08T07:30:00.679+0000] {processor.py:186} INFO - Started process (PID=1546) to work on /opt/airflow/dags/04_parallel_weather.py
[2026-09-08T07:30:00.680+0000] {processor.py:914} INFO - Processing file /opt/airflow/dags/04_parallel_weather.py for tasks to queue
[2026-09-08T07:30:00.682+0000] {logging_mixin.py:190} INFO - [2026-09-08T07:30:00.682+0000] {dagbag.py:588} INFO - Filling up the DagBag from /opt/airflow/dags/04_parallel_weather.py
[2026-09-08T07:30:00.706+0000] {processor.py:925} INFO - DAG(s) 'parallel_weather_dag' retrieved from /opt/airflow/dags/04_parallel_weather.py
[2026-09-08T07:30:00.743+0000] {logging_mixin.py:190} INFO - [2026-09-08T07:30:00.742+0000] {dag.py:3239} INFO - Sync 1 DAGs
[2026-09-08T07:30:00.767+0000] {logging_mixin.py:190} INFO - [2026-09-08T07:30:00.767+0000] {dag.py:4180} INFO - Setting next_dagrun for parallel_weather_dag to None, run_after=None
[2026-09-08T07:30:00.791+0000] {processor.py:208} INFO - Processing /opt/airflow/dags/04_parallel_weather.py took 0.120 seconds
[2026-09-08T07:30:30.921+0000] {processor.py:186} INFO - Started process (PID=1560) to work on /opt/airflow/dags/04_parallel_weather.py
[2026-09-08T07:30:30.922+0000] {processor.py:914} INFO - Processing file /opt/airflow/dags/04_parallel_weather.py for tasks to queue
[2026-09-08T07:30:30.923+0000] {logging_mixin.py:190} INFO - [2026-09-08T07:30:30.923+0000] {dagbag.py:588} INFO - Filling up the DagBag from /opt/airflow/dags/04_parallel_weather.py
[2026-09-08T07:30:30.944+0000] {processor.py:925} INFO - DAG(s) 'parallel_weather_dag' retrieved from /opt/airflow/dags/04_parallel_weather.py
[2026-09-08T07:30:30.983+0000] {logging_mixin.py:190} INFO - [2026-09-08T07:30:30.983+0000] {dag.py:3239} INFO - Sync 1 DAGs
[2026-09-08T07:30:31.000+0000] {logging_mixin.py:190} INFO - [2026-09-08T07:30:30.999+0000] {dag.py:4180} INFO - Setting next_dagrun for parallel_weather_dag to None, run_after=None
[2026-09-08T07:30:31.023+0000] {processor.py:208} INFO - Processing /opt/airflow/dags/04_parallel_weather.py took 0.109 seconds
[2026-09-08T07:31:01.194+0000] {processor.py:186} INFO - Started process (PID=1574) to work on /opt/airflow/dags/04_parallel_weather.py
[2026-09-08T07:31:01.195+0000] {processor.py:914} INFO - Processing file /opt/airflow/dags/04_parallel_weather.py for tasks to queue
[2026-09-08T07:31:01.196+0000] {logging_mixin.py:190} INFO - [2026-09-08T07:31:01.196+0000] {dagbag.py:588} INFO - Filling up the DagBag from /opt/airflow/dags/04_parallel_weather.py
[2026-09-08T07:31:01.218+0000] {processor.py:925} INFO - DAG(s) 'parallel_weather_dag' retrieved from /opt/airflow/dags/04_parallel_weather.py
[2026-09-08T07:31:01.252+0000] {logging_mixin.py:190} INFO - [2026-09-08T07:31:01.252+0000] {dag.py:3239} INFO - Sync 1 DAGs
[2026-09-08T07:31:01.268+0000] {logging_mixin.py:190} INFO - [2026-09-08T07:31:01.268+0000] {dag.py:4180} INFO - Setting next_dagrun for parallel_weather_dag to None, run_after=None
[2026-09-08T07:31:01.290+0000] {processor.py:208} INFO - Processing /opt/airflow/dags/04_parallel_weather.py took 0.104 seconds
[2026-09-08T07:31:31.443+0000] {processor.py:186} INFO - Started process (PID=1588) to work on /opt/airflow/dags/04_parallel_weather.py
[2026-09-08T07:31:31.444+0000] {processor.py:914} INFO - Processing file /opt/airflow/dags/04_parallel_weather.py for tasks to queue
[2026-09-08T07:31:31.446+0000] {logging_mixin.py:190} INFO - [2026-09-08T07:31:31.446+0000] {dagbag.py:588} INFO - Filling up the DagBag from /opt/airflow/dags/04_parallel_weather.py
[2026-09-08T07:31:31.469+0000] {processor.py:925} INFO - DAG(s) 'parallel_weather_dag' retrieved from /opt/airflow/dags/04_parallel_weather.py
[2026-09-08T07:31:31.508+0000] {logging_mixin.py:190} INFO - [2026-09-08T07:31:31.508+0000] {dag.py:3239} INFO - Sync 1 DAGs
[2026-09-08T07:31:31.545+0000] {logging_mixin.py:190} INFO - [2026-09-08T07:31:31.544+0000] {dag.py:4180} INFO - Setting next_dagrun for parallel_weather_dag to None, run_after=None
[2026-09-08T07:31:31.593+0000] {processor.py:208} INFO - Processing /opt/airflow/dags/04_parallel_weather.py took 0.159 seconds
[2026-09-08T07:32:01.675+0000] {processor.py:186} INFO - Started process (PID=1602) to work on /opt/airflow/dags/04_parallel_weather.py
[2026-09-08T07:32:01.676+0000] {processor.py:914} INFO - Processing file /opt/airflow/dags/04_parallel_weather.py for tasks to queue
[2026-09-08T07:32:01.678+0000] {logging_mixin.py:190} INFO - [2026-09-08T07:32:01.678+0000] {dagbag.py:588} INFO - Filling up the DagBag from /opt/airflow/dags/04_parallel_weather.py
[2026-09-08T07:32:01.699+0000] {processor.py:925} INFO - DAG(s) 'parallel_weather_dag' retrieved from /opt/airflow/dags/04_parallel_weather.py
[2026-09-08T07:32:01.746+0000] {logging_mixin.py:190} INFO - [2026-09-08T07:32:01.745+0000] {dag.py:3239} INFO - Sync 1 DAGs
[2026-09-08T07:32:01.769+0000] {logging_mixin.py:190} INFO - [2026-09-08T07:32:01.769+0000] {dag.py:4180} INFO - Setting next_dagrun for parallel_weather_dag to None, run_after=None
[2026-09-08T07:32:01.793+0000] {processor.py:208} INFO - Processing /opt/airflow/dags/04_parallel_weather.py took 0.124 seconds
[2026-09-08T07:32:31.920+0000] {processor.py:186} INFO - Started process (PID=1616) to work on /opt/airflow/dags/04_parallel_weather.py
[2026-09-08T07:32:31.922+0000] {processor.py:914} INFO - Processing file /opt/airflow/dags/04_parallel_weather.py for tasks to queue
[2026-09-08T07:32:31.925+0000] {logging_mixin.py:190} INFO - [2026-09-08T07:32:31.924+0000] {dagbag.py:588} INFO - Filling up the DagBag from /opt/airflow/dags/04_parallel_weather.py
[2026-09-08T07:32:31.947+0000] {processor.py:925} INFO - DAG(s) 'parallel_weather_dag' retrieved from /opt/airflow/dags/04_parallel_weather.py
[2026-09-08T07:32:31.997+0000] {logging_mixin.py:190} INFO - [2026-09-08T07:32:31.997+0000] {dag.py:3239} INFO - Sync 1 DAGs
[2026-09-08T07:32:32.017+0000] {logging_mixin.py:190} INFO - [2026-09-08T07:32:32.016+0000] {dag.py:4180} INFO - Setting next_dagrun for parallel_weather_dag to None, run_after=None
[2026-09-08T07:32:32.038+0000] {processor.py:208} INFO - Processing /opt/airflow/dags/04_parallel_weather.py took 0.126 seconds
[2026-09-08T07:33:02.206+0000] {processor.py:186} INFO - Started process (PID=1630) to work on /opt/airflow/dags/04_parallel_weather.py
[2026-09-08T07:33:02.207+0000] {processor.py:914} INFO - Processing file /opt/airflow/dags/04_parallel_weather.py for tasks to queue
[2026-09-08T07:33:02.209+0000] {logging_mixin.py:190} INFO - [2026-09-08T07:33:02.209+0000] {dagbag.py:588} INFO - Filling up the DagBag from /opt/airflow/dags/04_parallel_weather.py
[2026-09-08T07:33:02.231+0000] {processor.py:925} INFO - DAG(s) 'parallel_weather_dag' retrieved from /opt/airflow/dags/04_parallel_weather.py
[2026-09-08T07:33:02.271+0000] {logging_mixin.py:190} INFO - [2026-09-08T07:33:02.271+0000] {dag.py:3239} INFO - Sync 1 DAGs
[2026-09-08T07:33:02.291+0000] {logging_mixin.py:190} INFO - [2026-09-08T07:33:02.291+0000] {dag.py:4180} INFO - Setting next_dagrun for parallel_weather_dag to None, run_after=None
[2026-09-08T07:33:02.320+0000] {processor.py:208} INFO - Processing /opt/airflow/dags/04_parallel_weather.py took 0.121 seconds
[2026-09-08T07:33:32.483+0000] {processor.py:186} INFO - Started process (PID=1644) to work on /opt/airflow/dags/04_parallel_weather.py
[2026-09-08T07:33:32.484+0000] {processor.py:914} INFO - Processing file /opt/airflow/dags/04_parallel_weather.py for tasks to queue
[2026-09-08T07:33:32.486+0000] {logging_mixin.py:190} INFO - [2026-09-08T07:33:32.486+0000] {dagbag.py:588} INFO - Filling up the DagBag from /opt/airflow/dags/04_parallel_weather.py
[2026-09-08T07:33:32.510+0000] {processor.py:925} INFO - DAG(s) 'parallel_weather_dag' retrieved from /opt/airflow/dags/04_parallel_weather.py
[2026-09-08T07:33:32.547+0000] {logging_mixin.py:190} INFO - [2026-09-08T07:33:32.547+0000] {dag.py:3239} INFO - Sync 1 DAGs
[2026-09-08T07:33:32.564+0000] {logging_mixin.py:190} INFO - [2026-09-08T07:33:32.564+0000] {dag.py:4180} INFO - Setting next_dagrun for parallel_weather_dag to None, run_after=None
[2026-09-08T07:33:32.587+0000] {processor.py:208} INFO - Processing /opt/airflow/dags/04_parallel_weather.py took 0.113 seconds
[2026-09-08T07:34:02.723+0000] {processor.py:186} INFO - Started process (PID=1658) to work on /opt/airflow/dags/04_parallel_weather.py
[2026-09-08T07:34:02.724+0000] {processor.py:914} INFO - Processing file /opt/airflow/dags/04_parallel_weather.py for tasks to queue
[2026-09-08T07:34:02.727+0000] {logging_mixin.py:190} INFO - [2026-09-08T07:34:02.726+0000] {dagbag.py:588} INFO - Filling up the DagBag from /opt/airflow/dags/04_parallel_weather.py
[2026-09-08T07:34:02.749+0000] {processor.py:925} INFO - DAG(s) 'parallel_weather_dag' retrieved from /opt/airflow/dags/04_parallel_weather.py
[2026-09-08T07:34:02.784+0000] {logging_mixin.py:190} INFO - [2026-09-08T07:34:02.784+0000] {dag.py:3239} INFO - Sync 1 DAGs
[2026-09-08T07:34:02.803+0000] {logging_mixin.py:190} INFO - [2026-09-08T07:34:02.803+0000] {dag.py:4180} INFO - Setting next_dagrun for parallel_weather_dag to None, run_after=None
[2026-09-08T07:34:02.828+0000] {processor.py:208} INFO - Processing /opt/airflow/dags/04_parallel_weather.py took 0.113 seconds
[2026-09-08T07:34:32.884+0000] {processor.py:186} INFO - Started process (PID=1671) to work on /opt/airflow/dags/04_parallel_weather.py
[2026-09-08T07:34:32.886+0000] {processor.py:914} INFO - Processing file /opt/airflow/dags/04_parallel_weather.py for tasks to queue
[2026-09-08T07:34:32.888+0000] {logging_mixin.py:190} INFO - [2026-09-08T07:34:32.887+0000] {dagbag.py:588} INFO - Filling up the DagBag from /opt/airflow/dags/04_parallel_weather.py
[2026-09-08T07:34:32.910+0000] {processor.py:925} INFO - DAG(s) 'parallel_weather_dag' retrieved from /opt/airflow/dags/04_parallel_weather.py
[2026-09-08T07:34:32.951+0000] {logging_mixin.py:190} INFO - [2026-09-08T07:34:32.951+0000] {dag.py:3239} INFO - Sync 1 DAGs
[2026-09-08T07:34:32.970+0000] {logging_mixin.py:190} INFO - [2026-09-08T07:34:32.970+0000] {dag.py:4180} INFO - Setting next_dagrun for parallel_weather_dag to None, run_after=None
[2026-09-08T07:34:32.994+0000] {processor.py:208} INFO - Processing /opt/airflow/dags/04_parallel_weather.py took 0.116 seconds
[2026-09-08T07:35:03.229+0000] {processor.py:186} INFO - Started process (PID=1686) to work on /opt/airflow/dags/04_parallel_weather.py
[2026-09-08T07:35:03.230+0000] {processor.py:914} INFO - Processing file /opt/airflow/dags/04_parallel_weather.py for tasks to queue
[2026-09-08T07:35:03.233+0000] {logging_mixin.py:190} INFO - [2026-09-08T07:35:03.232+0000] {dagbag.py:588} INFO - Filling up the DagBag from /opt/airflow/dags/04_parallel_weather.py
[2026-09-08T07:35:03.258+0000] {processor.py:925} INFO - DAG(s) 'parallel_weather_dag' retrieved from /opt/airflow/dags/04_parallel_weather.py
[2026-09-08T07:35:03.302+0000] {logging_mixin.py:190} INFO - [2026-09-08T07:35:03.302+0000] {dag.py:3239} INFO - Sync 1 DAGs
[2026-09-08T07:35:03.323+0000] {logging_mixin.py:190} INFO - [2026-09-08T07:35:03.322+0000] {dag.py:4180} INFO - Setting next_dagrun for parallel_weather_dag to None, run_after=None
[2026-09-08T07:35:03.353+0000] {processor.py:208} INFO - Processing /opt/airflow/dags/04_parallel_weather.py took 0.131 seconds
[2026-09-08T07:35:34.034+0000] {processor.py:186} INFO - Started process (PID=1700) to work on /opt/airflow/dags/04_parallel_weather.py
[2026-09-08T07:35:34.034+0000] {processor.py:914} INFO - Processing file /opt/airflow/dags/04_parallel_weather.py for tasks to queue
[2026-09-08T07:35:34.036+0000] {logging_mixin.py:190} INFO - [2026-09-08T07:35:34.036+0000] {dagbag.py:588} INFO - Filling up the DagBag from /opt/airflow/dags/04_parallel_weather.py
[2026-09-08T07:35:34.058+0000] {processor.py:925} INFO - DAG(s) 'parallel_weather_dag' retrieved from /opt/airflow/dags/04_parallel_weather.py
[2026-09-08T07:35:34.106+0000] {logging_mixin.py:190} INFO - [2026-09-08T07:35:34.106+0000] {dag.py:3239} INFO - Sync 1 DAGs
[2026-09-08T07:35:34.135+0000] {logging_mixin.py:190} INFO - [2026-09-08T07:35:34.135+0000] {dag.py:4180} INFO - Setting next_dagrun for parallel_weather_dag to None, run_after=None
[2026-09-08T07:35:34.165+0000] {processor.py:208} INFO - Processing /opt/airflow/dags/04_parallel_weather.py took 0.139 seconds
[2026-09-08T07:36:04.348+0000] {processor.py:186} INFO - Started process (PID=1714) to work on /opt/airflow/dags/04_parallel_weather.py
[2026-09-08T07:36:04.349+0000] {processor.py:914} INFO - Processing file /opt/airflow/dags/04_parallel_weather.py for tasks to queue
[2026-09-08T07:36:04.351+0000] {logging_mixin.py:190} INFO - [2026-09-08T07:36:04.351+0000] {dagbag.py:588} INFO - Filling up the DagBag from /opt/airflow/dags/04_parallel_weather.py
[2026-09-08T07:36:04.373+0000] {processor.py:925} INFO - DAG(s) 'parallel_weather_dag' retrieved from /opt/airflow/dags/04_parallel_weather.py
[2026-09-08T07:36:04.411+0000] {logging_mixin.py:190} INFO - [2026-09-08T07:36:04.410+0000] {dag.py:3239} INFO - Sync 1 DAGs
[2026-09-08T07:36:04.431+0000] {logging_mixin.py:190} INFO - [2026-09-08T07:36:04.430+0000] {dag.py:4180} INFO - Setting next_dagrun for parallel_weather_dag to None, run_after=None
[2026-09-08T07:36:04.456+0000] {processor.py:208} INFO - Processing /opt/airflow/dags/04_parallel_weather.py took 0.115 seconds
[2026-09-08T07:36:34.568+0000] {processor.py:186} INFO - Started process (PID=1728) to work on /opt/airflow/dags/04_parallel_weather.py
[2026-09-08T07:36:34.569+0000] {processor.py:914} INFO - Processing file /opt/airflow/dags/04_parallel_weather.py for tasks to queue
[2026-09-08T07:36:34.572+0000] {logging_mixin.py:190} INFO - [2026-09-08T07:36:34.571+0000] {dagbag.py:588} INFO - Filling up the DagBag from /opt/airflow/dags/04_parallel_weather.py
[2026-09-08T07:36:34.600+0000] {processor.py:925} INFO - DAG(s) 'parallel_weather_dag' retrieved from /opt/airflow/dags/04_parallel_weather.py
[2026-09-08T07:36:34.648+0000] {logging_mixin.py:190} INFO - [2026-09-08T07:36:34.648+0000] {dag.py:3239} INFO - Sync 1 DAGs
[2026-09-08T07:36:34.669+0000] {logging_mixin.py:190} INFO - [2026-09-08T07:36:34.669+0000] {dag.py:4180} INFO - Setting next_dagrun for parallel_weather_dag to None, run_after=None
[2026-09-08T07:36:34.695+0000] {processor.py:208} INFO - Processing /opt/airflow/dags/04_parallel_weather.py took 0.135 seconds
[2026-09-08T07:37:05.261+0000] {processor.py:186} INFO - Started process (PID=1742) to work on /opt/airflow/dags/04_parallel_weather.py
[2026-09-08T07:37:05.262+0000] {processor.py:914} INFO - Processing file /opt/airflow/dags/04_parallel_weather.py for tasks to queue
[2026-09-08T07:37:05.264+0000] {logging_mixin.py:190} INFO - [2026-09-08T07:37:05.263+0000] {dagbag.py:588} INFO - Filling up the DagBag from /opt/airflow/dags/04_parallel_weather.py
[2026-09-08T07:37:05.284+0000] {processor.py:925} INFO - DAG(s) 'parallel_weather_dag' retrieved from /opt/airflow/dags/04_parallel_weather.py
[2026-09-08T07:37:05.321+0000] {logging_mixin.py:190} INFO - [2026-09-08T07:37:05.320+0000] {dag.py:3239} INFO - Sync 1 DAGs
[2026-09-08T07:37:05.337+0000] {logging_mixin.py:190} INFO - [2026-09-08T07:37:05.337+0000] {dag.py:4180} INFO - Setting next_dagrun for parallel_weather_dag to None, run_after=None
[2026-09-08T07:37:05.359+0000] {processor.py:208} INFO - Processing /opt/airflow/dags/04_parallel_weather.py took 0.105 seconds
[2026-09-08T07:37:35.540+0000] {processor.py:186} INFO - Started process (PID=1756) to work on /opt/airflow/dags/04_parallel_weather.py
[2026-09-08T07:37:35.541+0000] {processor.py:914} INFO - Processing file /opt/airflow/dags/04_parallel_weather.py for tasks to queue
[2026-09-08T07:37:35.543+0000] {logging_mixin.py:190} INFO - [2026-09-08T07:37:35.543+0000] {dagbag.py:588} INFO - Filling up the DagBag from /opt/airflow/dags/04_parallel_weather.py
[2026-09-08T07:37:35.565+0000] {processor.py:925} INFO - DAG(s) 'parallel_weather_dag' retrieved from /opt/airflow/dags/04_parallel_weather.py
[2026-09-08T07:37:35.598+0000] {logging_mixin.py:190} INFO - [2026-09-08T07:37:35.598+0000] {dag.py:3239} INFO - Sync 1 DAGs
[2026-09-08T07:37:35.614+0000] {logging_mixin.py:190} INFO - [2026-09-08T07:37:35.614+0000] {dag.py:4180} INFO - Setting next_dagrun for parallel_weather_dag to None, run_after=None
[2026-09-08T07:37:35.636+0000] {processor.py:208} INFO - Processing /opt/airflow/dags/04_parallel_weather.py took 0.103 seconds
[2026-09-08T07:38:05.883+0000] {processor.py:186} INFO - Started process (PID=1770) to work on /opt/airflow/dags/04_parallel_weather.py
[2026-09-08T07:38:05.884+0000] {processor.py:914} INFO - Processing file /opt/airflow/dags/04_parallel_weather.py for tasks to queue
[2026-09-08T07:38:05.886+0000] {logging_mixin.py:190} INFO - [2026-09-08T07:38:05.886+0000] {dagbag.py:588} INFO - Filling up the DagBag from /opt/airflow/dags/04_parallel_weather.py
[2026-09-08T07:38:05.906+0000] {processor.py:925} INFO - DAG(s) 'parallel_weather_dag' retrieved from /opt/airflow/dags/04_parallel_weather.py
[2026-09-08T07:38:05.952+0000] {logging_mixin.py:190} INFO - [2026-09-08T07:38:05.951+0000] {dag.py:3239} INFO - Sync 1 DAGs
[2026-09-08T07:38:05.970+0000] {logging_mixin.py:190} INFO - [2026-09-08T07:38:05.970+0000] {dag.py:4180} INFO - Setting next_dagrun for parallel_weather_dag to None, run_after=None
[2026-09-08T07:38:05.996+0000] {processor.py:208} INFO - Processing /opt/airflow/dags/04_parallel_weather.py took 0.120 seconds
[2026-09-08T07:38:36.656+0000] {processor.py:186} INFO - Started process (PID=1784) to work on /opt/airflow/dags/04_parallel_weather.py
[2026-09-08T07:38:36.657+0000] {processor.py:914} INFO - Processing file /opt/airflow/dags/04_parallel_weather.py for tasks to queue
[2026-09-08T07:38:36.659+0000] {logging_mixin.py:190} INFO - [2026-09-08T07:38:36.659+0000] {dagbag.py:588} INFO - Filling up the DagBag from /opt/airflow/dags/04_parallel_weather.py
[2026-09-08T07:38:36.680+0000] {processor.py:925} INFO - DAG(s) 'parallel_weather_dag' retrieved from /opt/airflow/dags/04_parallel_weather.py
[2026-09-08T07:38:36.721+0000] {logging_mixin.py:190} INFO - [2026-09-08T07:38:36.721+0000] {dag.py:3239} INFO - Sync 1 DAGs
[2026-09-08T07:38:36.759+0000] {logging_mixin.py:190} INFO - [2026-09-08T07:38:36.759+0000] {dag.py:4180} INFO - Setting next_dagrun for parallel_weather_dag to None, run_after=None
[2026-09-08T07:38:36.796+0000] {processor.py:208} INFO - Processing /opt/airflow/dags/04_parallel_weather.py took 0.147 seconds
[2026-09-08T07:39:06.954+0000] {processor.py:186} INFO - Started process (PID=1798) to work on /opt/airflow/dags/04_parallel_weather.py
[2026-09-08T07:39:06.955+0000] {processor.py:914} INFO - Processing file /opt/airflow/dags/04_parallel_weather.py for tasks to queue
[2026-09-08T07:39:06.957+0000] {logging_mixin.py:190} INFO - [2026-09-08T07:39:06.956+0000] {dagbag.py:588} INFO - Filling up the DagBag from /opt/airflow/dags/04_parallel_weather.py
[2026-09-08T07:39:06.978+0000] {processor.py:925} INFO - DAG(s) 'parallel_weather_dag' retrieved from /opt/airflow/dags/04_parallel_weather.py
[2026-09-08T07:39:07.019+0000] {logging_mixin.py:190} INFO - [2026-09-08T07:39:07.018+0000] {dag.py:3239} INFO - Sync 1 DAGs
[2026-09-08T07:39:07.035+0000] {logging_mixin.py:190} INFO - [2026-09-08T07:39:07.035+0000] {dag.py:4180} INFO - Setting next_dagrun for parallel_weather_dag to None, run_after=None
[2026-09-08T07:39:07.058+0000] {processor.py:208} INFO - Processing /opt/airflow/dags/04_parallel_weather.py took 0.111 seconds
[2026-09-08T07:39:37.144+0000] {processor.py:186} INFO - Started process (PID=1812) to work on /opt/airflow/dags/04_parallel_weather.py
[2026-09-08T07:39:37.146+0000] {processor.py:914} INFO - Processing file /opt/airflow/dags/04_parallel_weather.py for tasks to queue
[2026-09-08T07:39:37.149+0000] {logging_mixin.py:190} INFO - [2026-09-08T07:39:37.148+0000] {dagbag.py:588} INFO - Filling up the DagBag from /opt/airflow/dags/04_parallel_weather.py
[2026-09-08T07:39:37.172+0000] {processor.py:925} INFO - DAG(s) 'parallel_weather_dag' retrieved from /opt/airflow/dags/04_parallel_weather.py
[2026-09-08T07:39:37.210+0000] {logging_mixin.py:190} INFO - [2026-09-08T07:39:37.209+0000] {dag.py:3239} INFO - Sync 1 DAGs
[2026-09-08T07:39:37.226+0000] {logging_mixin.py:190} INFO - [2026-09-08T07:39:37.225+0000] {dag.py:4180} INFO - Setting next_dagrun for parallel_weather_dag to None, run_after=None
[2026-09-08T07:39:37.248+0000] {processor.py:208} INFO - Processing /opt/airflow/dags/04_parallel_weather.py took 0.112 seconds
[2026-09-08T07:40:07.930+0000] {processor.py:186} INFO - Started process (PID=1826) to work on /opt/airflow/dags/04_parallel_weather.py
[2026-09-08T07:40:07.931+0000] {processor.py:914} INFO - Processing file /opt/airflow/dags/04_parallel_weather.py for tasks to queue
[2026-09-08T07:40:07.969+0000] {logging_mixin.py:190} INFO - [2026-09-08T07:40:07.969+0000] {dagbag.py:588} INFO - Filling up the DagBag from /opt/airflow/dags/04_parallel_weather.py
[2026-09-08T07:40:07.995+0000] {processor.py:925} INFO - DAG(s) 'parallel_weather_dag' retrieved from /opt/airflow/dags/04_parallel_weather.py
[2026-09-08T07:40:08.050+0000] {logging_mixin.py:190} INFO - [2026-09-08T07:40:08.049+0000] {dag.py:3239} INFO - Sync 1 DAGs
[2026-09-08T07:40:08.077+0000] {logging_mixin.py:190} INFO - [2026-09-08T07:40:08.077+0000] {dag.py:4180} INFO - Setting next_dagrun for parallel_weather_dag to None, run_after=None
[2026-09-08T07:40:08.123+0000] {processor.py:208} INFO - Processing /opt/airflow/dags/04_parallel_weather.py took 0.204 seconds
[2026-09-08T07:40:38.226+0000] {processor.py:186} INFO - Started process (PID=1840) to work on /opt/airflow/dags/04_parallel_weather.py
[2026-09-08T07:40:38.228+0000] {processor.py:914} INFO - Processing file /opt/airflow/dags/04_parallel_weather.py for tasks to queue
[2026-09-08T07:40:38.231+0000] {logging_mixin.py:190} INFO - [2026-09-08T07:40:38.231+0000] {dagbag.py:588} INFO - Filling up the DagBag from /opt/airflow/dags/04_parallel_weather.py
[2026-09-08T07:40:38.280+0000] {processor.py:925} INFO - DAG(s) 'parallel_weather_dag' retrieved from /opt/airflow/dags/04_parallel_weather.py
[2026-09-08T07:40:38.368+0000] {logging_mixin.py:190} INFO - [2026-09-08T07:40:38.368+0000] {dag.py:3239} INFO - Sync 1 DAGs
[2026-09-08T07:40:38.405+0000] {logging_mixin.py:190} INFO - [2026-09-08T07:40:38.404+0000] {dag.py:4180} INFO - Setting next_dagrun for parallel_weather_dag to None, run_after=None
[2026-09-08T07:40:38.436+0000] {processor.py:208} INFO - Processing /opt/airflow/dags/04_parallel_weather.py took 0.226 seconds
[2026-09-08T07:41:08.578+0000] {processor.py:186} INFO - Started process (PID=1854) to work on /opt/airflow/dags/04_parallel_weather.py
[2026-09-08T07:41:08.579+0000] {processor.py:914} INFO - Processing file /opt/airflow/dags/04_parallel_weather.py for tasks to queue
[2026-09-08T07:41:08.581+0000] {logging_mixin.py:190} INFO - [2026-09-08T07:41:08.580+0000] {dagbag.py:588} INFO - Filling up the DagBag from /opt/airflow/dags/04_parallel_weather.py
[2026-09-08T07:41:08.602+0000] {processor.py:925} INFO - DAG(s) 'parallel_weather_dag' retrieved from /opt/airflow/dags/04_parallel_weather.py
[2026-09-08T07:41:08.640+0000] {logging_mixin.py:190} INFO - [2026-09-08T07:41:08.639+0000] {dag.py:3239} INFO - Sync 1 DAGs
[2026-09-08T07:41:08.657+0000] {logging_mixin.py:190} INFO - [2026-09-08T07:41:08.656+0000] {dag.py:4180} INFO - Setting next_dagrun for parallel_weather_dag to None, run_after=None
[2026-09-08T07:41:08.680+0000] {processor.py:208} INFO - Processing /opt/airflow/dags/04_parallel_weather.py took 0.109 seconds
[2026-09-08T07:41:39.516+0000] {processor.py:186} INFO - Started process (PID=1868) to work on /opt/airflow/dags/04_parallel_weather.py
[2026-09-08T07:41:39.517+0000] {processor.py:914} INFO - Processing file /opt/airflow/dags/04_parallel_weather.py for tasks to queue
[2026-09-08T07:41:39.520+0000] {logging_mixin.py:190} INFO - [2026-09-08T07:41:39.519+0000] {dagbag.py:588} INFO - Filling up the DagBag from /opt/airflow/dags/04_parallel_weather.py
[2026-09-08T07:41:39.544+0000] {processor.py:925} INFO - DAG(s) 'parallel_weather_dag' retrieved from /opt/airflow/dags/04_parallel_weather.py
[2026-09-08T07:41:39.580+0000] {logging_mixin.py:190} INFO - [2026-09-08T07:41:39.579+0000] {dag.py:3239} INFO - Sync 1 DAGs
[2026-09-08T07:41:39.597+0000] {logging_mixin.py:190} INFO - [2026-09-08T07:41:39.597+0000] {dag.py:4180} INFO - Setting next_dagrun for parallel_weather_dag to None, run_after=None
[2026-09-08T07:41:39.619+0000] {processor.py:208} INFO - Processing /opt/airflow/dags/04_parallel_weather.py took 0.111 seconds
[2026-09-08T07:42:09.900+0000] {processor.py:186} INFO - Started process (PID=1882) to work on /opt/airflow/dags/04_parallel_weather.py
[2026-09-08T07:42:09.901+0000] {processor.py:914} INFO - Processing file /opt/airflow/dags/04_parallel_weather.py for tasks to queue
[2026-09-08T07:42:09.904+0000] {logging_mixin.py:190} INFO - [2026-09-08T07:42:09.903+0000] {dagbag.py:588} INFO - Filling up the DagBag from /opt/airflow/dags/04_parallel_weather.py
[2026-09-08T07:42:09.928+0000] {processor.py:925} INFO - DAG(s) 'parallel_weather_dag' retrieved from /opt/airflow/dags/04_parallel_weather.py
[2026-09-08T07:42:09.966+0000] {logging_mixin.py:190} INFO - [2026-09-08T07:42:09.966+0000] {dag.py:3239} INFO - Sync 1 DAGs
[2026-09-08T07:42:09.986+0000] {logging_mixin.py:190} INFO - [2026-09-08T07:42:09.986+0000] {dag.py:4180} INFO - Setting next_dagrun for parallel_weather_dag to None, run_after=None
[2026-09-08T07:42:10.017+0000] {processor.py:208} INFO - Processing /opt/airflow/dags/04_parallel_weather.py took 0.125 seconds
[2026-09-08T07:42:40.160+0000] {processor.py:186} INFO - Started process (PID=1896) to work on /opt/airflow/dags/04_parallel_weather.py
[2026-09-08T07:42:40.163+0000] {processor.py:914} INFO - Processing file /opt/airflow/dags/04_parallel_weather.py for tasks to queue
[2026-09-08T07:42:40.168+0000] {logging_mixin.py:190} INFO - [2026-09-08T07:42:40.167+0000] {dagbag.py:588} INFO - Filling up the DagBag from /opt/airflow/dags/04_parallel_weather.py
[2026-09-08T07:42:40.213+0000] {processor.py:925} INFO - DAG(s) 'parallel_weather_dag' retrieved from /opt/airflow/dags/04_parallel_weather.py
[2026-09-08T07:42:40.257+0000] {logging_mixin.py:190} INFO - [2026-09-08T07:42:40.257+0000] {dag.py:3239} INFO - Sync 1 DAGs
[2026-09-08T07:42:40.282+0000] {logging_mixin.py:190} INFO - [2026-09-08T07:42:40.282+0000] {dag.py:4180} INFO - Setting next_dagrun for parallel_weather_dag to None, run_after=None
[2026-09-08T07:42:40.307+0000] {processor.py:208} INFO - Processing /opt/airflow/dags/04_parallel_weather.py took 0.155 seconds
[2026-09-08T07:43:11.164+0000] {processor.py:186} INFO - Started process (PID=1910) to work on /opt/airflow/dags/04_parallel_weather.py
[2026-09-08T07:43:11.165+0000] {processor.py:914} INFO - Processing file /opt/airflow/dags/04_parallel_weather.py for tasks to queue
[2026-09-08T07:43:11.166+0000] {logging_mixin.py:190} INFO - [2026-09-08T07:43:11.166+0000] {dagbag.py:588} INFO - Filling up the DagBag from /opt/airflow/dags/04_parallel_weather.py
[2026-09-08T07:43:11.188+0000] {processor.py:925} INFO - DAG(s) 'parallel_weather_dag' retrieved from /opt/airflow/dags/04_parallel_weather.py
[2026-09-08T07:43:11.227+0000] {logging_mixin.py:190} INFO - [2026-09-08T07:43:11.227+0000] {dag.py:3239} INFO - Sync 1 DAGs
[2026-09-08T07:43:11.245+0000] {logging_mixin.py:190} INFO - [2026-09-08T07:43:11.245+0000] {dag.py:4180} INFO - Setting next_dagrun for parallel_weather_dag to None, run_after=None
[2026-09-08T07:43:11.268+0000] {processor.py:208} INFO - Processing /opt/airflow/dags/04_parallel_weather.py took 0.111 seconds
[2026-09-08T07:43:42.281+0000] {processor.py:186} INFO - Started process (PID=1924) to work on /opt/airflow/dags/04_parallel_weather.py
[2026-09-08T07:43:42.282+0000] {processor.py:914} INFO - Processing file /opt/airflow/dags/04_parallel_weather.py for tasks to queue
[2026-09-08T07:43:42.284+0000] {logging_mixin.py:190} INFO - [2026-09-08T07:43:42.284+0000] {dagbag.py:588} INFO - Filling up the DagBag from /opt/airflow/dags/04_parallel_weather.py
[2026-09-08T07:43:42.305+0000] {processor.py:925} INFO - DAG(s) 'parallel_weather_dag' retrieved from /opt/airflow/dags/04_parallel_weather.py
[2026-09-08T07:43:42.339+0000] {logging_mixin.py:190} INFO - [2026-09-08T07:43:42.338+0000] {dag.py:3239} INFO - Sync 1 DAGs
[2026-09-08T07:43:42.355+0000] {logging_mixin.py:190} INFO - [2026-09-08T07:43:42.355+0000] {dag.py:4180} INFO - Setting next_dagrun for parallel_weather_dag to None, run_after=None
[2026-09-08T07:43:42.381+0000] {processor.py:208} INFO - Processing /opt/airflow/dags/04_parallel_weather.py took 0.106 seconds
[2026-09-08T07:44:13.275+0000] {processor.py:186} INFO - Started process (PID=1938) to work on /opt/airflow/dags/04_parallel_weather.py
[2026-09-08T07:44:13.276+0000] {processor.py:914} INFO - Processing file /opt/airflow/dags/04_parallel_weather.py for tasks to queue
[2026-09-08T07:44:13.278+0000] {logging_mixin.py:190} INFO - [2026-09-08T07:44:13.278+0000] {dagbag.py:588} INFO - Filling up the DagBag from /opt/airflow/dags/04_parallel_weather.py
[2026-09-08T07:44:13.302+0000] {processor.py:925} INFO - DAG(s) 'parallel_weather_dag' retrieved from /opt/airflow/dags/04_parallel_weather.py
[2026-09-08T07:44:13.336+0000] {logging_mixin.py:190} INFO - [2026-09-08T07:44:13.336+0000] {dag.py:3239} INFO - Sync 1 DAGs
[2026-09-08T07:44:13.353+0000] {logging_mixin.py:190} INFO - [2026-09-08T07:44:13.352+0000] {dag.py:4180} INFO - Setting next_dagrun for parallel_weather_dag to None, run_after=None
[2026-09-08T07:44:13.375+0000] {processor.py:208} INFO - Processing /opt/airflow/dags/04_parallel_weather.py took 0.107 seconds
[2026-09-08T07:44:43.543+0000] {processor.py:186} INFO - Started process (PID=1950) to work on /opt/airflow/dags/04_parallel_weather.py
[2026-09-08T07:44:43.544+0000] {processor.py:914} INFO - Processing file /opt/airflow/dags/04_parallel_weather.py for tasks to queue
[2026-09-08T07:44:43.547+0000] {logging_mixin.py:190} INFO - [2026-09-08T07:44:43.546+0000] {dagbag.py:588} INFO - Filling up the DagBag from /opt/airflow/dags/04_parallel_weather.py
[2026-09-08T07:44:43.579+0000] {processor.py:925} INFO - DAG(s) 'parallel_weather_dag' retrieved from /opt/airflow/dags/04_parallel_weather.py
[2026-09-08T07:44:43.623+0000] {logging_mixin.py:190} INFO - [2026-09-08T07:44:43.622+0000] {dag.py:3239} INFO - Sync 1 DAGs
[2026-09-08T07:44:43.641+0000] {logging_mixin.py:190} INFO - [2026-09-08T07:44:43.641+0000] {dag.py:4180} INFO - Setting next_dagrun for parallel_weather_dag to None, run_after=None
[2026-09-08T07:44:43.669+0000] {processor.py:208} INFO - Processing /opt/airflow/dags/04_parallel_weather.py took 0.135 seconds
[2026-09-08T07:45:13.896+0000] {processor.py:186} INFO - Started process (PID=1964) to work on /opt/airflow/dags/04_parallel_weather.py
[2026-09-08T07:45:13.897+0000] {processor.py:914} INFO - Processing file /opt/airflow/dags/04_parallel_weather.py for tasks to queue
[2026-09-08T07:45:13.899+0000] {logging_mixin.py:190} INFO - [2026-09-08T07:45:13.899+0000] {dagbag.py:588} INFO - Filling up the DagBag from /opt/airflow/dags/04_parallel_weather.py
[2026-09-08T07:45:13.920+0000] {processor.py:925} INFO - DAG(s) 'parallel_weather_dag' retrieved from /opt/airflow/dags/04_parallel_weather.py
[2026-09-08T07:45:13.955+0000] {logging_mixin.py:190} INFO - [2026-09-08T07:45:13.955+0000] {dag.py:3239} INFO - Sync 1 DAGs
[2026-09-08T07:45:13.971+0000] {logging_mixin.py:190} INFO - [2026-09-08T07:45:13.971+0000] {dag.py:4180} INFO - Setting next_dagrun for parallel_weather_dag to None, run_after=None
[2026-09-08T07:45:13.993+0000] {processor.py:208} INFO - Processing /opt/airflow/dags/04_parallel_weather.py took 0.105 seconds
[2026-09-08T07:45:44.210+0000] {processor.py:186} INFO - Started process (PID=1978) to work on /opt/airflow/dags/04_parallel_weather.py
[2026-09-08T07:45:44.211+0000] {processor.py:914} INFO - Processing file /opt/airflow/dags/04_parallel_weather.py for tasks to queue
[2026-09-08T07:45:44.213+0000] {logging_mixin.py:190} INFO - [2026-09-08T07:45:44.212+0000] {dagbag.py:588} INFO - Filling up the DagBag from /opt/airflow/dags/04_parallel_weather.py
[2026-09-08T07:45:44.234+0000] {processor.py:925} INFO - DAG(s) 'parallel_weather_dag' retrieved from /opt/airflow/dags/04_parallel_weather.py
[2026-09-08T07:45:44.275+0000] {logging_mixin.py:190} INFO - [2026-09-08T07:45:44.274+0000] {dag.py:3239} INFO - Sync 1 DAGs
[2026-09-08T07:45:44.291+0000] {logging_mixin.py:190} INFO - [2026-09-08T07:45:44.291+0000] {dag.py:4180} INFO - Setting next_dagrun for parallel_weather_dag to None, run_after=None
[2026-09-08T07:45:44.314+0000] {processor.py:208} INFO - Processing /opt/airflow/dags/04_parallel_weather.py took 0.112 seconds
[2026-09-08T07:46:14.545+0000] {processor.py:186} INFO - Started process (PID=1992) to work on /opt/airflow/dags/04_parallel_weather.py
[2026-09-08T07:46:14.546+0000] {processor.py:914} INFO - Processing file /opt/airflow/dags/04_parallel_weather.py for tasks to queue
[2026-09-08T07:46:14.548+0000] {logging_mixin.py:190} INFO - [2026-09-08T07:46:14.548+0000] {dagbag.py:588} INFO - Filling up the DagBag from /opt/airflow/dags/04_parallel_weather.py
[2026-09-08T07:46:14.573+0000] {processor.py:925} INFO - DAG(s) 'parallel_weather_dag' retrieved from /opt/airflow/dags/04_parallel_weather.py
[2026-09-08T07:46:14.609+0000] {logging_mixin.py:190} INFO - [2026-09-08T07:46:14.609+0000] {dag.py:3239} INFO - Sync 1 DAGs
[2026-09-08T07:46:14.627+0000] {logging_mixin.py:190} INFO - [2026-09-08T07:46:14.626+0000] {dag.py:4180} INFO - Setting next_dagrun for parallel_weather_dag to None, run_after=None
[2026-09-08T07:46:14.652+0000] {processor.py:208} INFO - Processing /opt/airflow/dags/04_parallel_weather.py took 0.116 seconds
[2026-09-08T07:46:44.910+0000] {processor.py:186} INFO - Started process (PID=2006) to work on /opt/airflow/dags/04_parallel_weather.py
[2026-09-08T07:46:44.911+0000] {processor.py:914} INFO - Processing file /opt/airflow/dags/04_parallel_weather.py for tasks to queue
[2026-09-08T07:46:44.913+0000] {logging_mixin.py:190} INFO - [2026-09-08T07:46:44.912+0000] {dagbag.py:588} INFO - Filling up the DagBag from /opt/airflow/dags/04_parallel_weather.py
[2026-09-08T07:46:44.934+0000] {processor.py:925} INFO - DAG(s) 'parallel_weather_dag' retrieved from /opt/airflow/dags/04_parallel_weather.py
[2026-09-08T07:46:44.973+0000] {logging_mixin.py:190} INFO - [2026-09-08T07:46:44.973+0000] {dag.py:3239} INFO - Sync 1 DAGs
[2026-09-08T07:46:45.015+0000] {logging_mixin.py:190} INFO - [2026-09-08T07:46:45.015+0000] {dag.py:4180} INFO - Setting next_dagrun for parallel_weather_dag to None, run_after=None
[2026-09-08T07:46:45.053+0000] {processor.py:208} INFO - Processing /opt/airflow/dags/04_parallel_weather.py took 0.151 seconds
[2026-09-08T07:47:15.270+0000] {processor.py:186} INFO - Started process (PID=2020) to work on /opt/airflow/dags/04_parallel_weather.py
[2026-09-08T07:47:15.271+0000] {processor.py:914} INFO - Processing file /opt/airflow/dags/04_parallel_weather.py for tasks to queue
[2026-09-08T07:47:15.273+0000] {logging_mixin.py:190} INFO - [2026-09-08T07:47:15.273+0000] {dagbag.py:588} INFO - Filling up the DagBag from /opt/airflow/dags/04_parallel_weather.py
[2026-09-08T07:47:15.298+0000] {processor.py:925} INFO - DAG(s) 'parallel_weather_dag' retrieved from /opt/airflow/dags/04_parallel_weather.py
[2026-09-08T07:47:15.332+0000] {logging_mixin.py:190} INFO - [2026-09-08T07:47:15.332+0000] {dag.py:3239} INFO - Sync 1 DAGs
[2026-09-08T07:47:15.349+0000] {logging_mixin.py:190} INFO - [2026-09-08T07:47:15.349+0000] {dag.py:4180} INFO - Setting next_dagrun for parallel_weather_dag to None, run_after=None
[2026-09-08T07:47:15.371+0000] {processor.py:208} INFO - Processing /opt/airflow/dags/04_parallel_weather.py took 0.108 seconds
[2026-09-08T07:47:45.533+0000] {processor.py:186} INFO - Started process (PID=2034) to work on /opt/airflow/dags/04_parallel_weather.py
[2026-09-08T07:47:45.534+0000] {processor.py:914} INFO - Processing file /opt/airflow/dags/04_parallel_weather.py for tasks to queue
[2026-09-08T07:47:45.537+0000] {logging_mixin.py:190} INFO - [2026-09-08T07:47:45.536+0000] {dagbag.py:588} INFO - Filling up the DagBag from /opt/airflow/dags/04_parallel_weather.py
[2026-09-08T07:47:45.565+0000] {processor.py:925} INFO - DAG(s) 'parallel_weather_dag' retrieved from /opt/airflow/dags/04_parallel_weather.py
[2026-09-08T07:47:45.605+0000] {logging_mixin.py:190} INFO - [2026-09-08T07:47:45.605+0000] {dag.py:3239} INFO - Sync 1 DAGs
[2026-09-08T07:47:45.628+0000] {logging_mixin.py:190} INFO - [2026-09-08T07:47:45.628+0000] {dag.py:4180} INFO - Setting next_dagrun for parallel_weather_dag to None, run_after=None
[2026-09-08T07:47:45.668+0000] {processor.py:208} INFO - Processing /opt/airflow/dags/04_parallel_weather.py took 0.145 seconds
[2026-09-08T07:48:15.948+0000] {processor.py:186} INFO - Started process (PID=2048) to work on /opt/airflow/dags/04_parallel_weather.py
[2026-09-08T07:48:15.949+0000] {processor.py:914} INFO - Processing file /opt/airflow/dags/04_parallel_weather.py for tasks to queue
[2026-09-08T07:48:15.951+0000] {logging_mixin.py:190} INFO - [2026-09-08T07:48:15.951+0000] {dagbag.py:588} INFO - Filling up the DagBag from /opt/airflow/dags/04_parallel_weather.py
[2026-09-08T07:48:15.974+0000] {processor.py:925} INFO - DAG(s) 'parallel_weather_dag' retrieved from /opt/airflow/dags/04_parallel_weather.py
[2026-09-08T07:48:16.017+0000] {logging_mixin.py:190} INFO - [2026-09-08T07:48:16.016+0000] {dag.py:3239} INFO - Sync 1 DAGs
[2026-09-08T07:48:16.042+0000] {logging_mixin.py:190} INFO - [2026-09-08T07:48:16.042+0000] {dag.py:4180} INFO - Setting next_dagrun for parallel_weather_dag to None, run_after=None
[2026-09-08T07:48:16.080+0000] {processor.py:208} INFO - Processing /opt/airflow/dags/04_parallel_weather.py took 0.139 seconds
[2026-09-08T07:48:46.272+0000] {processor.py:186} INFO - Started process (PID=2062) to work on /opt/airflow/dags/04_parallel_weather.py
[2026-09-08T07:48:46.273+0000] {processor.py:914} INFO - Processing file /opt/airflow/dags/04_parallel_weather.py for tasks to queue
[2026-09-08T07:48:46.275+0000] {logging_mixin.py:190} INFO - [2026-09-08T07:48:46.275+0000] {dagbag.py:588} INFO - Filling up the DagBag from /opt/airflow/dags/04_parallel_weather.py
[2026-09-08T07:48:46.299+0000] {processor.py:925} INFO - DAG(s) 'parallel_weather_dag' retrieved from /opt/airflow/dags/04_parallel_weather.py
[2026-09-08T07:48:46.337+0000] {logging_mixin.py:190} INFO - [2026-09-08T07:48:46.337+0000] {dag.py:3239} INFO - Sync 1 DAGs
[2026-09-08T07:48:46.357+0000] {logging_mixin.py:190} INFO - [2026-09-08T07:48:46.357+0000] {dag.py:4180} INFO - Setting next_dagrun for parallel_weather_dag to None, run_after=None
[2026-09-08T07:48:46.383+0000] {processor.py:208} INFO - Processing /opt/airflow/dags/04_parallel_weather.py took 0.118 seconds
[2026-09-08T07:51:02.154+0000] {processor.py:186} INFO - Started process (PID=105) to work on /opt/airflow/dags/04_parallel_weather.py
[2026-09-08T07:51:02.156+0000] {processor.py:914} INFO - Processing file /opt/airflow/dags/04_parallel_weather.py for tasks to queue
[2026-09-08T07:51:02.159+0000] {logging_mixin.py:190} INFO - [2026-09-08T07:51:02.158+0000] {dagbag.py:588} INFO - Filling up the DagBag from /opt/airflow/dags/04_parallel_weather.py
[2026-09-08T07:51:02.200+0000] {processor.py:925} INFO - DAG(s) 'parallel_weather_dag' retrieved from /opt/airflow/dags/04_parallel_weather.py
[2026-09-08T07:51:02.260+0000] {logging_mixin.py:190} INFO - [2026-09-08T07:51:02.259+0000] {dag.py:3239} INFO - Sync 1 DAGs
[2026-09-08T07:51:02.296+0000] {logging_mixin.py:190} INFO - [2026-09-08T07:51:02.295+0000] {dag.py:4180} INFO - Setting next_dagrun for parallel_weather_dag to None, run_after=None
[2026-09-08T07:51:02.328+0000] {processor.py:208} INFO - Processing /opt/airflow/dags/04_parallel_weather.py took 0.273 seconds
[2026-09-08T07:51:34.267+0000] {processor.py:186} INFO - Started process (PID=117) to work on /opt/airflow/dags/04_parallel_weather.py
[2026-09-08T07:51:34.269+0000] {processor.py:914} INFO - Processing file /opt/airflow/dags/04_parallel_weather.py for tasks to queue
[2026-09-08T07:51:34.271+0000] {logging_mixin.py:190} INFO - [2026-09-08T07:51:34.271+0000] {dagbag.py:588} INFO - Filling up the DagBag from /opt/airflow/dags/04_parallel_weather.py
[2026-09-08T07:51:34.308+0000] {processor.py:925} INFO - DAG(s) 'parallel_weather_dag' retrieved from /opt/airflow/dags/04_parallel_weather.py
[2026-09-08T07:51:34.366+0000] {logging_mixin.py:190} INFO - [2026-09-08T07:51:34.365+0000] {dag.py:3239} INFO - Sync 1 DAGs
[2026-09-08T07:51:34.403+0000] {logging_mixin.py:190} INFO - [2026-09-08T07:51:34.403+0000] {dag.py:4180} INFO - Setting next_dagrun for parallel_weather_dag to None, run_after=None
[2026-09-08T07:51:34.445+0000] {processor.py:208} INFO - Processing /opt/airflow/dags/04_parallel_weather.py took 0.205 seconds
[2026-09-08T07:52:04.547+0000] {processor.py:186} INFO - Started process (PID=131) to work on /opt/airflow/dags/04_parallel_weather.py
[2026-09-08T07:52:04.548+0000] {processor.py:914} INFO - Processing file /opt/airflow/dags/04_parallel_weather.py for tasks to queue
[2026-09-08T07:52:04.550+0000] {logging_mixin.py:190} INFO - [2026-09-08T07:52:04.549+0000] {dagbag.py:588} INFO - Filling up the DagBag from /opt/airflow/dags/04_parallel_weather.py
[2026-09-08T07:52:04.575+0000] {processor.py:925} INFO - DAG(s) 'parallel_weather_dag' retrieved from /opt/airflow/dags/04_parallel_weather.py
[2026-09-08T07:52:04.620+0000] {logging_mixin.py:190} INFO - [2026-09-08T07:52:04.619+0000] {dag.py:3239} INFO - Sync 1 DAGs
[2026-09-08T07:52:04.638+0000] {logging_mixin.py:190} INFO - [2026-09-08T07:52:04.638+0000] {dag.py:4180} INFO - Setting next_dagrun for parallel_weather_dag to None, run_after=None
[2026-09-08T07:52:04.771+0000] {processor.py:208} INFO - Processing /opt/airflow/dags/04_parallel_weather.py took 0.232 seconds
[2026-09-08T07:52:35.468+0000] {processor.py:186} INFO - Started process (PID=145) to work on /opt/airflow/dags/04_parallel_weather.py
[2026-09-08T07:52:35.469+0000] {processor.py:914} INFO - Processing file /opt/airflow/dags/04_parallel_weather.py for tasks to queue
[2026-09-08T07:52:35.471+0000] {logging_mixin.py:190} INFO - [2026-09-08T07:52:35.471+0000] {dagbag.py:588} INFO - Filling up the DagBag from /opt/airflow/dags/04_parallel_weather.py
[2026-09-08T07:52:35.538+0000] {processor.py:925} INFO - DAG(s) 'parallel_weather_dag' retrieved from /opt/airflow/dags/04_parallel_weather.py
[2026-09-08T07:52:35.660+0000] {logging_mixin.py:190} INFO - [2026-09-08T07:52:35.660+0000] {dag.py:3239} INFO - Sync 1 DAGs
[2026-09-08T07:52:35.683+0000] {logging_mixin.py:190} INFO - [2026-09-08T07:52:35.683+0000] {dag.py:4180} INFO - Setting next_dagrun for parallel_weather_dag to None, run_after=None
[2026-09-08T07:52:35.721+0000] {processor.py:208} INFO - Processing /opt/airflow/dags/04_parallel_weather.py took 0.259 seconds
[2026-09-08T07:53:06.536+0000] {processor.py:186} INFO - Started process (PID=159) to work on /opt/airflow/dags/04_parallel_weather.py
[2026-09-08T07:53:06.538+0000] {processor.py:914} INFO - Processing file /opt/airflow/dags/04_parallel_weather.py for tasks to queue
[2026-09-08T07:53:06.542+0000] {logging_mixin.py:190} INFO - [2026-09-08T07:53:06.541+0000] {dagbag.py:588} INFO - Filling up the DagBag from /opt/airflow/dags/04_parallel_weather.py
[2026-09-08T07:53:06.590+0000] {processor.py:925} INFO - DAG(s) 'parallel_weather_dag' retrieved from /opt/airflow/dags/04_parallel_weather.py
[2026-09-08T07:53:06.668+0000] {logging_mixin.py:190} INFO - [2026-09-08T07:53:06.667+0000] {dag.py:3239} INFO - Sync 1 DAGs
[2026-09-08T07:53:06.696+0000] {logging_mixin.py:190} INFO - [2026-09-08T07:53:06.696+0000] {dag.py:4180} INFO - Setting next_dagrun for parallel_weather_dag to None, run_after=None
[2026-09-08T07:53:06.974+0000] {processor.py:208} INFO - Processing /opt/airflow/dags/04_parallel_weather.py took 0.452 seconds
[2026-09-08T07:53:37.407+0000] {processor.py:186} INFO - Started process (PID=173) to work on /opt/airflow/dags/04_parallel_weather.py
[2026-09-08T07:53:37.408+0000] {processor.py:914} INFO - Processing file /opt/airflow/dags/04_parallel_weather.py for tasks to queue
[2026-09-08T07:53:37.410+0000] {logging_mixin.py:190} INFO - [2026-09-08T07:53:37.410+0000] {dagbag.py:588} INFO - Filling up the DagBag from /opt/airflow/dags/04_parallel_weather.py
[2026-09-08T07:53:37.431+0000] {processor.py:925} INFO - DAG(s) 'parallel_weather_dag' retrieved from /opt/airflow/dags/04_parallel_weather.py
[2026-09-08T07:53:37.664+0000] {logging_mixin.py:190} INFO - [2026-09-08T07:53:37.664+0000] {dag.py:3239} INFO - Sync 1 DAGs
[2026-09-08T07:53:37.693+0000] {logging_mixin.py:190} INFO - [2026-09-08T07:53:37.693+0000] {dag.py:4180} INFO - Setting next_dagrun for parallel_weather_dag to None, run_after=None
[2026-09-08T07:53:37.729+0000] {processor.py:208} INFO - Processing /opt/airflow/dags/04_parallel_weather.py took 0.328 seconds
[2026-09-08T07:54:07.913+0000] {processor.py:186} INFO - Started process (PID=187) to work on /opt/airflow/dags/04_parallel_weather.py
[2026-09-08T07:54:07.914+0000] {processor.py:914} INFO - Processing file /opt/airflow/dags/04_parallel_weather.py for tasks to queue
[2026-09-08T07:54:07.917+0000] {logging_mixin.py:190} INFO - [2026-09-08T07:54:07.916+0000] {dagbag.py:588} INFO - Filling up the DagBag from /opt/airflow/dags/04_parallel_weather.py
[2026-09-08T07:54:07.937+0000] {processor.py:925} INFO - DAG(s) 'parallel_weather_dag' retrieved from /opt/airflow/dags/04_parallel_weather.py
[2026-09-08T07:54:07.968+0000] {logging_mixin.py:190} INFO - [2026-09-08T07:54:07.968+0000] {dag.py:3239} INFO - Sync 1 DAGs
[2026-09-08T07:54:07.984+0000] {logging_mixin.py:190} INFO - [2026-09-08T07:54:07.984+0000] {dag.py:4180} INFO - Setting next_dagrun for parallel_weather_dag to None, run_after=None
[2026-09-08T07:54:08.004+0000] {processor.py:208} INFO - Processing /opt/airflow/dags/04_parallel_weather.py took 0.101 seconds
[2026-09-08T07:54:38.162+0000] {processor.py:186} INFO - Started process (PID=201) to work on /opt/airflow/dags/04_parallel_weather.py
[2026-09-08T07:54:38.163+0000] {processor.py:914} INFO - Processing file /opt/airflow/dags/04_parallel_weather.py for tasks to queue
[2026-09-08T07:54:38.165+0000] {logging_mixin.py:190} INFO - [2026-09-08T07:54:38.164+0000] {dagbag.py:588} INFO - Filling up the DagBag from /opt/airflow/dags/04_parallel_weather.py
[2026-09-08T07:54:38.185+0000] {processor.py:925} INFO - DAG(s) 'parallel_weather_dag' retrieved from /opt/airflow/dags/04_parallel_weather.py
[2026-09-08T07:54:38.220+0000] {logging_mixin.py:190} INFO - [2026-09-08T07:54:38.220+0000] {dag.py:3239} INFO - Sync 1 DAGs
[2026-09-08T07:54:38.238+0000] {logging_mixin.py:190} INFO - [2026-09-08T07:54:38.238+0000] {dag.py:4180} INFO - Setting next_dagrun for parallel_weather_dag to None, run_after=None
[2026-09-08T07:54:38.260+0000] {processor.py:208} INFO - Processing /opt/airflow/dags/04_parallel_weather.py took 0.104 seconds
[2026-09-08T07:55:08.359+0000] {processor.py:186} INFO - Started process (PID=215) to work on /opt/airflow/dags/04_parallel_weather.py
[2026-09-08T07:55:08.360+0000] {processor.py:914} INFO - Processing file /opt/airflow/dags/04_parallel_weather.py for tasks to queue
[2026-09-08T07:55:08.362+0000] {logging_mixin.py:190} INFO - [2026-09-08T07:55:08.362+0000] {dagbag.py:588} INFO - Filling up the DagBag from /opt/airflow/dags/04_parallel_weather.py
[2026-09-08T07:55:08.396+0000] {processor.py:925} INFO - DAG(s) 'parallel_weather_dag' retrieved from /opt/airflow/dags/04_parallel_weather.py
[2026-09-08T07:55:08.446+0000] {logging_mixin.py:190} INFO - [2026-09-08T07:55:08.446+0000] {dag.py:3239} INFO - Sync 1 DAGs
[2026-09-08T07:55:08.496+0000] {logging_mixin.py:190} INFO - [2026-09-08T07:55:08.496+0000] {dag.py:4180} INFO - Setting next_dagrun for parallel_weather_dag to None, run_after=None
[2026-09-08T07:55:08.523+0000] {processor.py:208} INFO - Processing /opt/airflow/dags/04_parallel_weather.py took 0.173 seconds
[2026-09-08T07:55:39.128+0000] {processor.py:186} INFO - Started process (PID=229) to work on /opt/airflow/dags/04_parallel_weather.py
[2026-09-08T07:55:39.129+0000] {processor.py:914} INFO - Processing file /opt/airflow/dags/04_parallel_weather.py for tasks to queue
[2026-09-08T07:55:39.131+0000] {logging_mixin.py:190} INFO - [2026-09-08T07:55:39.131+0000] {dagbag.py:588} INFO - Filling up the DagBag from /opt/airflow/dags/04_parallel_weather.py
[2026-09-08T07:55:39.153+0000] {processor.py:925} INFO - DAG(s) 'parallel_weather_dag' retrieved from /opt/airflow/dags/04_parallel_weather.py
[2026-09-08T07:55:39.186+0000] {logging_mixin.py:190} INFO - [2026-09-08T07:55:39.186+0000] {dag.py:3239} INFO - Sync 1 DAGs
[2026-09-08T07:55:39.202+0000] {logging_mixin.py:190} INFO - [2026-09-08T07:55:39.202+0000] {dag.py:4180} INFO - Setting next_dagrun for parallel_weather_dag to None, run_after=None
[2026-09-08T07:55:39.222+0000] {processor.py:208} INFO - Processing /opt/airflow/dags/04_parallel_weather.py took 0.101 seconds
[2026-09-08T07:56:09.441+0000] {processor.py:186} INFO - Started process (PID=243) to work on /opt/airflow/dags/04_parallel_weather.py
[2026-09-08T07:56:09.443+0000] {processor.py:914} INFO - Processing file /opt/airflow/dags/04_parallel_weather.py for tasks to queue
[2026-09-08T07:56:09.444+0000] {logging_mixin.py:190} INFO - [2026-09-08T07:56:09.444+0000] {dagbag.py:588} INFO - Filling up the DagBag from /opt/airflow/dags/04_parallel_weather.py
[2026-09-08T07:56:09.466+0000] {processor.py:925} INFO - DAG(s) 'parallel_weather_dag' retrieved from /opt/airflow/dags/04_parallel_weather.py
[2026-09-08T07:56:09.501+0000] {logging_mixin.py:190} INFO - [2026-09-08T07:56:09.501+0000] {dag.py:3239} INFO - Sync 1 DAGs
[2026-09-08T07:56:09.520+0000] {logging_mixin.py:190} INFO - [2026-09-08T07:56:09.520+0000] {dag.py:4180} INFO - Setting next_dagrun for parallel_weather_dag to None, run_after=None
[2026-09-08T07:56:09.543+0000] {processor.py:208} INFO - Processing /opt/airflow/dags/04_parallel_weather.py took 0.108 seconds
[2026-09-08T07:56:39.754+0000] {processor.py:186} INFO - Started process (PID=257) to work on /opt/airflow/dags/04_parallel_weather.py
[2026-09-08T07:56:39.755+0000] {processor.py:914} INFO - Processing file /opt/airflow/dags/04_parallel_weather.py for tasks to queue
[2026-09-08T07:56:39.757+0000] {logging_mixin.py:190} INFO - [2026-09-08T07:56:39.757+0000] {dagbag.py:588} INFO - Filling up the DagBag from /opt/airflow/dags/04_parallel_weather.py
[2026-09-08T07:56:39.942+0000] {processor.py:925} INFO - DAG(s) 'parallel_weather_dag' retrieved from /opt/airflow/dags/04_parallel_weather.py
[2026-09-08T07:56:39.988+0000] {logging_mixin.py:190} INFO - [2026-09-08T07:56:39.988+0000] {dag.py:3239} INFO - Sync 1 DAGs
[2026-09-08T07:56:40.013+0000] {logging_mixin.py:190} INFO - [2026-09-08T07:56:40.012+0000] {dag.py:4180} INFO - Setting next_dagrun for parallel_weather_dag to None, run_after=None
[2026-09-08T07:56:40.038+0000] {processor.py:208} INFO - Processing /opt/airflow/dags/04_parallel_weather.py took 0.293 seconds
[2026-09-08T07:57:10.243+0000] {processor.py:186} INFO - Started process (PID=271) to work on /opt/airflow/dags/04_parallel_weather.py
[2026-09-08T07:57:10.244+0000] {processor.py:914} INFO - Processing file /opt/airflow/dags/04_parallel_weather.py for tasks to queue
[2026-09-08T07:57:10.247+0000] {logging_mixin.py:190} INFO - [2026-09-08T07:57:10.246+0000] {dagbag.py:588} INFO - Filling up the DagBag from /opt/airflow/dags/04_parallel_weather.py
[2026-09-08T07:57:10.271+0000] {processor.py:925} INFO - DAG(s) 'parallel_weather_dag' retrieved from /opt/airflow/dags/04_parallel_weather.py
[2026-09-08T07:57:10.309+0000] {logging_mixin.py:190} INFO - [2026-09-08T07:57:10.309+0000] {dag.py:3239} INFO - Sync 1 DAGs
[2026-09-08T07:57:10.329+0000] {logging_mixin.py:190} INFO - [2026-09-08T07:57:10.328+0000] {dag.py:4180} INFO - Setting next_dagrun for parallel_weather_dag to None, run_after=None
[2026-09-08T07:57:10.354+0000] {processor.py:208} INFO - Processing /opt/airflow/dags/04_parallel_weather.py took 0.120 seconds
[2026-09-08T07:57:40.544+0000] {processor.py:186} INFO - Started process (PID=285) to work on /opt/airflow/dags/04_parallel_weather.py
[2026-09-08T07:57:40.545+0000] {processor.py:914} INFO - Processing file /opt/airflow/dags/04_parallel_weather.py for tasks to queue
[2026-09-08T07:57:40.547+0000] {logging_mixin.py:190} INFO - [2026-09-08T07:57:40.547+0000] {dagbag.py:588} INFO - Filling up the DagBag from /opt/airflow/dags/04_parallel_weather.py
[2026-09-08T07:57:40.572+0000] {processor.py:925} INFO - DAG(s) 'parallel_weather_dag' retrieved from /opt/airflow/dags/04_parallel_weather.py
[2026-09-08T07:57:40.609+0000] {logging_mixin.py:190} INFO - [2026-09-08T07:57:40.609+0000] {dag.py:3239} INFO - Sync 1 DAGs
[2026-09-08T07:57:40.628+0000] {logging_mixin.py:190} INFO - [2026-09-08T07:57:40.628+0000] {dag.py:4180} INFO - Setting next_dagrun for parallel_weather_dag to None, run_after=None
[2026-09-08T07:57:40.652+0000] {processor.py:208} INFO - Processing /opt/airflow/dags/04_parallel_weather.py took 0.117 seconds
[2026-09-08T07:58:10.745+0000] {processor.py:186} INFO - Started process (PID=299) to work on /opt/airflow/dags/04_parallel_weather.py
[2026-09-08T07:58:10.746+0000] {processor.py:914} INFO - Processing file /opt/airflow/dags/04_parallel_weather.py for tasks to queue
[2026-09-08T07:58:10.748+0000] {logging_mixin.py:190} INFO - [2026-09-08T07:58:10.747+0000] {dagbag.py:588} INFO - Filling up the DagBag from /opt/airflow/dags/04_parallel_weather.py
[2026-09-08T07:58:10.769+0000] {processor.py:925} INFO - DAG(s) 'parallel_weather_dag' retrieved from /opt/airflow/dags/04_parallel_weather.py
[2026-09-08T07:58:10.803+0000] {logging_mixin.py:190} INFO - [2026-09-08T07:58:10.803+0000] {dag.py:3239} INFO - Sync 1 DAGs
[2026-09-08T07:58:10.822+0000] {logging_mixin.py:190} INFO - [2026-09-08T07:58:10.822+0000] {dag.py:4180} INFO - Setting next_dagrun for parallel_weather_dag to None, run_after=None
[2026-09-08T07:58:10.843+0000] {processor.py:208} INFO - Processing /opt/airflow/dags/04_parallel_weather.py took 0.106 seconds
[2026-09-08T07:58:40.962+0000] {processor.py:186} INFO - Started process (PID=313) to work on /opt/airflow/dags/04_parallel_weather.py
[2026-09-08T07:58:40.963+0000] {processor.py:914} INFO - Processing file /opt/airflow/dags/04_parallel_weather.py for tasks to queue
[2026-09-08T07:58:40.965+0000] {logging_mixin.py:190} INFO - [2026-09-08T07:58:40.965+0000] {dagbag.py:588} INFO - Filling up the DagBag from /opt/airflow/dags/04_parallel_weather.py
[2026-09-08T07:58:40.986+0000] {processor.py:925} INFO - DAG(s) 'parallel_weather_dag' retrieved from /opt/airflow/dags/04_parallel_weather.py
[2026-09-08T07:58:41.021+0000] {logging_mixin.py:190} INFO - [2026-09-08T07:58:41.020+0000] {dag.py:3239} INFO - Sync 1 DAGs
[2026-09-08T07:58:41.036+0000] {logging_mixin.py:190} INFO - [2026-09-08T07:58:41.036+0000] {dag.py:4180} INFO - Setting next_dagrun for parallel_weather_dag to None, run_after=None
[2026-09-08T07:58:41.057+0000] {processor.py:208} INFO - Processing /opt/airflow/dags/04_parallel_weather.py took 0.101 seconds
[2026-09-08T07:59:11.232+0000] {processor.py:186} INFO - Started process (PID=327) to work on /opt/airflow/dags/04_parallel_weather.py
[2026-09-08T07:59:11.233+0000] {processor.py:914} INFO - Processing file /opt/airflow/dags/04_parallel_weather.py for tasks to queue
[2026-09-08T07:59:11.235+0000] {logging_mixin.py:190} INFO - [2026-09-08T07:59:11.234+0000] {dagbag.py:588} INFO - Filling up the DagBag from /opt/airflow/dags/04_parallel_weather.py
[2026-09-08T07:59:11.259+0000] {processor.py:925} INFO - DAG(s) 'parallel_weather_dag' retrieved from /opt/airflow/dags/04_parallel_weather.py
[2026-09-08T07:59:11.302+0000] {logging_mixin.py:190} INFO - [2026-09-08T07:59:11.302+0000] {dag.py:3239} INFO - Sync 1 DAGs
[2026-09-08T07:59:11.320+0000] {logging_mixin.py:190} INFO - [2026-09-08T07:59:11.320+0000] {dag.py:4180} INFO - Setting next_dagrun for parallel_weather_dag to None, run_after=None
[2026-09-08T07:59:11.345+0000] {processor.py:208} INFO - Processing /opt/airflow/dags/04_parallel_weather.py took 0.120 seconds
[2026-09-08T07:59:41.468+0000] {processor.py:186} INFO - Started process (PID=341) to work on /opt/airflow/dags/04_parallel_weather.py
[2026-09-08T07:59:41.469+0000] {processor.py:914} INFO - Processing file /opt/airflow/dags/04_parallel_weather.py for tasks to queue
[2026-09-08T07:59:41.471+0000] {logging_mixin.py:190} INFO - [2026-09-08T07:59:41.470+0000] {dagbag.py:588} INFO - Filling up the DagBag from /opt/airflow/dags/04_parallel_weather.py
[2026-09-08T07:59:41.491+0000] {processor.py:925} INFO - DAG(s) 'parallel_weather_dag' retrieved from /opt/airflow/dags/04_parallel_weather.py
[2026-09-08T07:59:41.529+0000] {logging_mixin.py:190} INFO - [2026-09-08T07:59:41.529+0000] {dag.py:3239} INFO - Sync 1 DAGs
[2026-09-08T07:59:41.548+0000] {logging_mixin.py:190} INFO - [2026-09-08T07:59:41.548+0000] {dag.py:4180} INFO - Setting next_dagrun for parallel_weather_dag to None, run_after=None
[2026-09-08T07:59:41.572+0000] {processor.py:208} INFO - Processing /opt/airflow/dags/04_parallel_weather.py took 0.111 seconds
[2026-09-08T08:00:12.069+0000] {processor.py:186} INFO - Started process (PID=355) to work on /opt/airflow/dags/04_parallel_weather.py
[2026-09-08T08:00:12.070+0000] {processor.py:914} INFO - Processing file /opt/airflow/dags/04_parallel_weather.py for tasks to queue
[2026-09-08T08:00:12.072+0000] {logging_mixin.py:190} INFO - [2026-09-08T08:00:12.072+0000] {dagbag.py:588} INFO - Filling up the DagBag from /opt/airflow/dags/04_parallel_weather.py
[2026-09-08T08:00:12.097+0000] {processor.py:925} INFO - DAG(s) 'parallel_weather_dag' retrieved from /opt/airflow/dags/04_parallel_weather.py
[2026-09-08T08:00:12.136+0000] {logging_mixin.py:190} INFO - [2026-09-08T08:00:12.136+0000] {dag.py:3239} INFO - Sync 1 DAGs
[2026-09-08T08:00:12.156+0000] {logging_mixin.py:190} INFO - [2026-09-08T08:00:12.156+0000] {dag.py:4180} INFO - Setting next_dagrun for parallel_weather_dag to None, run_after=None
[2026-09-08T08:00:12.179+0000] {processor.py:208} INFO - Processing /opt/airflow/dags/04_parallel_weather.py took 0.118 seconds
[2026-09-08T08:00:42.341+0000] {processor.py:186} INFO - Started process (PID=369) to work on /opt/airflow/dags/04_parallel_weather.py
[2026-09-08T08:00:42.342+0000] {processor.py:914} INFO - Processing file /opt/airflow/dags/04_parallel_weather.py for tasks to queue
[2026-09-08T08:00:42.344+0000] {logging_mixin.py:190} INFO - [2026-09-08T08:00:42.343+0000] {dagbag.py:588} INFO - Filling up the DagBag from /opt/airflow/dags/04_parallel_weather.py
[2026-09-08T08:00:42.364+0000] {processor.py:925} INFO - DAG(s) 'parallel_weather_dag' retrieved from /opt/airflow/dags/04_parallel_weather.py
[2026-09-08T08:00:42.398+0000] {logging_mixin.py:190} INFO - [2026-09-08T08:00:42.398+0000] {dag.py:3239} INFO - Sync 1 DAGs
[2026-09-08T08:00:42.413+0000] {logging_mixin.py:190} INFO - [2026-09-08T08:00:42.413+0000] {dag.py:4180} INFO - Setting next_dagrun for parallel_weather_dag to None, run_after=None
[2026-09-08T08:00:42.434+0000] {processor.py:208} INFO - Processing /opt/airflow/dags/04_parallel_weather.py took 0.100 seconds
[2026-09-08T08:01:12.797+0000] {processor.py:186} INFO - Started process (PID=383) to work on /opt/airflow/dags/04_parallel_weather.py
[2026-09-08T08:01:12.799+0000] {processor.py:914} INFO - Processing file /opt/airflow/dags/04_parallel_weather.py for tasks to queue
[2026-09-08T08:01:12.802+0000] {logging_mixin.py:190} INFO - [2026-09-08T08:01:12.801+0000] {dagbag.py:588} INFO - Filling up the DagBag from /opt/airflow/dags/04_parallel_weather.py
[2026-09-08T08:01:12.837+0000] {processor.py:925} INFO - DAG(s) 'parallel_weather_dag' retrieved from /opt/airflow/dags/04_parallel_weather.py
[2026-09-08T08:01:12.893+0000] {logging_mixin.py:190} INFO - [2026-09-08T08:01:12.893+0000] {dag.py:3239} INFO - Sync 1 DAGs
[2026-09-08T08:01:12.919+0000] {logging_mixin.py:190} INFO - [2026-09-08T08:01:12.919+0000] {dag.py:4180} INFO - Setting next_dagrun for parallel_weather_dag to None, run_after=None
[2026-09-08T08:01:12.956+0000] {processor.py:208} INFO - Processing /opt/airflow/dags/04_parallel_weather.py took 0.170 seconds
[2026-09-08T08:01:43.148+0000] {processor.py:186} INFO - Started process (PID=397) to work on /opt/airflow/dags/04_parallel_weather.py
[2026-09-08T08:01:43.150+0000] {processor.py:914} INFO - Processing file /opt/airflow/dags/04_parallel_weather.py for tasks to queue
[2026-09-08T08:01:43.154+0000] {logging_mixin.py:190} INFO - [2026-09-08T08:01:43.153+0000] {dagbag.py:588} INFO - Filling up the DagBag from /opt/airflow/dags/04_parallel_weather.py
[2026-09-08T08:01:43.196+0000] {processor.py:925} INFO - DAG(s) 'parallel_weather_dag' retrieved from /opt/airflow/dags/04_parallel_weather.py
[2026-09-08T08:01:43.250+0000] {logging_mixin.py:190} INFO - [2026-09-08T08:01:43.249+0000] {dag.py:3239} INFO - Sync 1 DAGs
[2026-09-08T08:01:43.276+0000] {logging_mixin.py:190} INFO - [2026-09-08T08:01:43.275+0000] {dag.py:4180} INFO - Setting next_dagrun for parallel_weather_dag to None, run_after=None
[2026-09-08T08:01:43.317+0000] {processor.py:208} INFO - Processing /opt/airflow/dags/04_parallel_weather.py took 0.181 seconds
[2026-09-08T08:02:13.489+0000] {processor.py:186} INFO - Started process (PID=411) to work on /opt/airflow/dags/04_parallel_weather.py
[2026-09-08T08:02:13.490+0000] {processor.py:914} INFO - Processing file /opt/airflow/dags/04_parallel_weather.py for tasks to queue
[2026-09-08T08:02:13.493+0000] {logging_mixin.py:190} INFO - [2026-09-08T08:02:13.492+0000] {dagbag.py:588} INFO - Filling up the DagBag from /opt/airflow/dags/04_parallel_weather.py
[2026-09-08T08:02:13.534+0000] {processor.py:925} INFO - DAG(s) 'parallel_weather_dag' retrieved from /opt/airflow/dags/04_parallel_weather.py
[2026-09-08T08:02:13.591+0000] {logging_mixin.py:190} INFO - [2026-09-08T08:02:13.591+0000] {dag.py:3239} INFO - Sync 1 DAGs
[2026-09-08T08:02:13.618+0000] {logging_mixin.py:190} INFO - [2026-09-08T08:02:13.617+0000] {dag.py:4180} INFO - Setting next_dagrun for parallel_weather_dag to None, run_after=None
[2026-09-08T08:02:13.652+0000] {processor.py:208} INFO - Processing /opt/airflow/dags/04_parallel_weather.py took 0.173 seconds
[2026-09-08T08:02:43.859+0000] {processor.py:186} INFO - Started process (PID=425) to work on /opt/airflow/dags/04_parallel_weather.py
[2026-09-08T08:02:43.861+0000] {processor.py:914} INFO - Processing file /opt/airflow/dags/04_parallel_weather.py for tasks to queue
[2026-09-08T08:02:43.864+0000] {logging_mixin.py:190} INFO - [2026-09-08T08:02:43.863+0000] {dagbag.py:588} INFO - Filling up the DagBag from /opt/airflow/dags/04_parallel_weather.py
[2026-09-08T08:02:43.904+0000] {processor.py:925} INFO - DAG(s) 'parallel_weather_dag' retrieved from /opt/airflow/dags/04_parallel_weather.py
[2026-09-08T08:02:43.960+0000] {logging_mixin.py:190} INFO - [2026-09-08T08:02:43.959+0000] {dag.py:3239} INFO - Sync 1 DAGs
[2026-09-08T08:02:43.987+0000] {logging_mixin.py:190} INFO - [2026-09-08T08:02:43.986+0000] {dag.py:4180} INFO - Setting next_dagrun for parallel_weather_dag to None, run_after=None
[2026-09-08T08:02:44.020+0000] {processor.py:208} INFO - Processing /opt/airflow/dags/04_parallel_weather.py took 0.172 seconds
[2026-09-08T08:03:14.230+0000] {processor.py:186} INFO - Started process (PID=439) to work on /opt/airflow/dags/04_parallel_weather.py
[2026-09-08T08:03:14.232+0000] {processor.py:914} INFO - Processing file /opt/airflow/dags/04_parallel_weather.py for tasks to queue
[2026-09-08T08:03:14.236+0000] {logging_mixin.py:190} INFO - [2026-09-08T08:03:14.235+0000] {dagbag.py:588} INFO - Filling up the DagBag from /opt/airflow/dags/04_parallel_weather.py
[2026-09-08T08:03:14.273+0000] {processor.py:925} INFO - DAG(s) 'parallel_weather_dag' retrieved from /opt/airflow/dags/04_parallel_weather.py
[2026-09-08T08:03:14.326+0000] {logging_mixin.py:190} INFO - [2026-09-08T08:03:14.326+0000] {dag.py:3239} INFO - Sync 1 DAGs
[2026-09-08T08:03:14.359+0000] {logging_mixin.py:190} INFO - [2026-09-08T08:03:14.358+0000] {dag.py:4180} INFO - Setting next_dagrun for parallel_weather_dag to None, run_after=None
[2026-09-08T08:03:14.403+0000] {processor.py:208} INFO - Processing /opt/airflow/dags/04_parallel_weather.py took 0.190 seconds
[2026-09-08T08:03:44.618+0000] {processor.py:186} INFO - Started process (PID=453) to work on /opt/airflow/dags/04_parallel_weather.py
[2026-09-08T08:03:44.620+0000] {processor.py:914} INFO - Processing file /opt/airflow/dags/04_parallel_weather.py for tasks to queue
[2026-09-08T08:03:44.623+0000] {logging_mixin.py:190} INFO - [2026-09-08T08:03:44.622+0000] {dagbag.py:588} INFO - Filling up the DagBag from /opt/airflow/dags/04_parallel_weather.py
[2026-09-08T08:03:44.660+0000] {processor.py:925} INFO - DAG(s) 'parallel_weather_dag' retrieved from /opt/airflow/dags/04_parallel_weather.py
[2026-09-08T08:03:44.712+0000] {logging_mixin.py:190} INFO - [2026-09-08T08:03:44.712+0000] {dag.py:3239} INFO - Sync 1 DAGs
[2026-09-08T08:03:44.734+0000] {logging_mixin.py:190} INFO - [2026-09-08T08:03:44.734+0000] {dag.py:4180} INFO - Setting next_dagrun for parallel_weather_dag to None, run_after=None
[2026-09-08T08:03:44.773+0000] {processor.py:208} INFO - Processing /opt/airflow/dags/04_parallel_weather.py took 0.171 seconds
[2026-09-08T08:04:14.930+0000] {processor.py:186} INFO - Started process (PID=467) to work on /opt/airflow/dags/04_parallel_weather.py
[2026-09-08T08:04:14.931+0000] {processor.py:914} INFO - Processing file /opt/airflow/dags/04_parallel_weather.py for tasks to queue
[2026-09-08T08:04:14.934+0000] {logging_mixin.py:190} INFO - [2026-09-08T08:04:14.934+0000] {dagbag.py:588} INFO - Filling up the DagBag from /opt/airflow/dags/04_parallel_weather.py
[2026-09-08T08:04:14.974+0000] {processor.py:925} INFO - DAG(s) 'parallel_weather_dag' retrieved from /opt/airflow/dags/04_parallel_weather.py
[2026-09-08T08:04:15.031+0000] {logging_mixin.py:190} INFO - [2026-09-08T08:04:15.031+0000] {dag.py:3239} INFO - Sync 1 DAGs
[2026-09-08T08:04:15.056+0000] {logging_mixin.py:190} INFO - [2026-09-08T08:04:15.056+0000] {dag.py:4180} INFO - Setting next_dagrun for parallel_weather_dag to None, run_after=None
[2026-09-08T08:04:15.096+0000] {processor.py:208} INFO - Processing /opt/airflow/dags/04_parallel_weather.py took 0.177 seconds
[2026-09-08T08:04:45.288+0000] {processor.py:186} INFO - Started process (PID=481) to work on /opt/airflow/dags/04_parallel_weather.py
[2026-09-08T08:04:45.289+0000] {processor.py:914} INFO - Processing file /opt/airflow/dags/04_parallel_weather.py for tasks to queue
[2026-09-08T08:04:45.293+0000] {logging_mixin.py:190} INFO - [2026-09-08T08:04:45.292+0000] {dagbag.py:588} INFO - Filling up the DagBag from /opt/airflow/dags/04_parallel_weather.py
[2026-09-08T08:04:45.332+0000] {processor.py:925} INFO - DAG(s) 'parallel_weather_dag' retrieved from /opt/airflow/dags/04_parallel_weather.py
[2026-09-08T08:04:45.388+0000] {logging_mixin.py:190} INFO - [2026-09-08T08:04:45.387+0000] {dag.py:3239} INFO - Sync 1 DAGs
[2026-09-08T08:04:45.412+0000] {logging_mixin.py:190} INFO - [2026-09-08T08:04:45.412+0000] {dag.py:4180} INFO - Setting next_dagrun for parallel_weather_dag to None, run_after=None
[2026-09-08T08:04:45.444+0000] {processor.py:208} INFO - Processing /opt/airflow/dags/04_parallel_weather.py took 0.166 seconds
[2026-09-08T08:05:15.613+0000] {processor.py:186} INFO - Started process (PID=495) to work on /opt/airflow/dags/04_parallel_weather.py
[2026-09-08T08:05:15.615+0000] {processor.py:914} INFO - Processing file /opt/airflow/dags/04_parallel_weather.py for tasks to queue
[2026-09-08T08:05:15.618+0000] {logging_mixin.py:190} INFO - [2026-09-08T08:05:15.618+0000] {dagbag.py:588} INFO - Filling up the DagBag from /opt/airflow/dags/04_parallel_weather.py
[2026-09-08T08:05:15.663+0000] {processor.py:925} INFO - DAG(s) 'parallel_weather_dag' retrieved from /opt/airflow/dags/04_parallel_weather.py
[2026-09-08T08:05:15.725+0000] {logging_mixin.py:190} INFO - [2026-09-08T08:05:15.725+0000] {dag.py:3239} INFO - Sync 1 DAGs
[2026-09-08T08:05:15.759+0000] {logging_mixin.py:190} INFO - [2026-09-08T08:05:15.758+0000] {dag.py:4180} INFO - Setting next_dagrun for parallel_weather_dag to None, run_after=None
[2026-09-08T08:05:15.802+0000] {processor.py:208} INFO - Processing /opt/airflow/dags/04_parallel_weather.py took 0.199 seconds
[2026-09-08T08:05:46.005+0000] {processor.py:186} INFO - Started process (PID=509) to work on /opt/airflow/dags/04_parallel_weather.py
[2026-09-08T08:05:46.007+0000] {processor.py:914} INFO - Processing file /opt/airflow/dags/04_parallel_weather.py for tasks to queue
[2026-09-08T08:05:46.011+0000] {logging_mixin.py:190} INFO - [2026-09-08T08:05:46.010+0000] {dagbag.py:588} INFO - Filling up the DagBag from /opt/airflow/dags/04_parallel_weather.py
[2026-09-08T08:05:46.051+0000] {processor.py:925} INFO - DAG(s) 'parallel_weather_dag' retrieved from /opt/airflow/dags/04_parallel_weather.py
[2026-09-08T08:05:46.121+0000] {logging_mixin.py:190} INFO - [2026-09-08T08:05:46.121+0000] {dag.py:3239} INFO - Sync 1 DAGs
[2026-09-08T08:05:46.153+0000] {logging_mixin.py:190} INFO - [2026-09-08T08:05:46.153+0000] {dag.py:4180} INFO - Setting next_dagrun for parallel_weather_dag to None, run_after=None
[2026-09-08T08:05:46.198+0000] {processor.py:208} INFO - Processing /opt/airflow/dags/04_parallel_weather.py took 0.206 seconds
[2026-09-08T08:06:16.587+0000] {processor.py:186} INFO - Started process (PID=524) to work on /opt/airflow/dags/04_parallel_weather.py
[2026-09-08T08:06:16.589+0000] {processor.py:914} INFO - Processing file /opt/airflow/dags/04_parallel_weather.py for tasks to queue
[2026-09-08T08:06:16.592+0000] {logging_mixin.py:190} INFO - [2026-09-08T08:06:16.592+0000] {dagbag.py:588} INFO - Filling up the DagBag from /opt/airflow/dags/04_parallel_weather.py
[2026-09-08T08:06:16.637+0000] {processor.py:925} INFO - DAG(s) 'parallel_weather_dag' retrieved from /opt/airflow/dags/04_parallel_weather.py
[2026-09-08T08:06:16.697+0000] {logging_mixin.py:190} INFO - [2026-09-08T08:06:16.697+0000] {dag.py:3239} INFO - Sync 1 DAGs
[2026-09-08T08:06:16.728+0000] {logging_mixin.py:190} INFO - [2026-09-08T08:06:16.728+0000] {dag.py:4180} INFO - Setting next_dagrun for parallel_weather_dag to None, run_after=None
[2026-09-08T08:06:16.773+0000] {processor.py:208} INFO - Processing /opt/airflow/dags/04_parallel_weather.py took 0.196 seconds
[2026-09-08T08:06:47.029+0000] {processor.py:186} INFO - Started process (PID=538) to work on /opt/airflow/dags/04_parallel_weather.py
[2026-09-08T08:06:47.030+0000] {processor.py:914} INFO - Processing file /opt/airflow/dags/04_parallel_weather.py for tasks to queue
[2026-09-08T08:06:47.034+0000] {logging_mixin.py:190} INFO - [2026-09-08T08:06:47.033+0000] {dagbag.py:588} INFO - Filling up the DagBag from /opt/airflow/dags/04_parallel_weather.py
[2026-09-08T08:06:47.072+0000] {processor.py:925} INFO - DAG(s) 'parallel_weather_dag' retrieved from /opt/airflow/dags/04_parallel_weather.py
[2026-09-08T08:06:47.130+0000] {logging_mixin.py:190} INFO - [2026-09-08T08:06:47.130+0000] {dag.py:3239} INFO - Sync 1 DAGs
[2026-09-08T08:06:47.157+0000] {logging_mixin.py:190} INFO - [2026-09-08T08:06:47.157+0000] {dag.py:4180} INFO - Setting next_dagrun for parallel_weather_dag to None, run_after=None
[2026-09-08T08:06:47.193+0000] {processor.py:208} INFO - Processing /opt/airflow/dags/04_parallel_weather.py took 0.174 seconds
[2026-09-08T08:07:17.455+0000] {processor.py:186} INFO - Started process (PID=552) to work on /opt/airflow/dags/04_parallel_weather.py
[2026-09-08T08:07:17.457+0000] {processor.py:914} INFO - Processing file /opt/airflow/dags/04_parallel_weather.py for tasks to queue
[2026-09-08T08:07:17.461+0000] {logging_mixin.py:190} INFO - [2026-09-08T08:07:17.460+0000] {dagbag.py:588} INFO - Filling up the DagBag from /opt/airflow/dags/04_parallel_weather.py
[2026-09-08T08:07:17.501+0000] {processor.py:925} INFO - DAG(s) 'parallel_weather_dag' retrieved from /opt/airflow/dags/04_parallel_weather.py
[2026-09-08T08:07:17.568+0000] {logging_mixin.py:190} INFO - [2026-09-08T08:07:17.568+0000] {dag.py:3239} INFO - Sync 1 DAGs
[2026-09-08T08:07:17.613+0000] {logging_mixin.py:190} INFO - [2026-09-08T08:07:17.612+0000] {dag.py:4180} INFO - Setting next_dagrun for parallel_weather_dag to None, run_after=None
[2026-09-08T08:07:17.667+0000] {processor.py:208} INFO - Processing /opt/airflow/dags/04_parallel_weather.py took 0.224 seconds
[2026-09-08T08:07:48.110+0000] {processor.py:186} INFO - Started process (PID=566) to work on /opt/airflow/dags/04_parallel_weather.py
[2026-09-08T08:07:48.112+0000] {processor.py:914} INFO - Processing file /opt/airflow/dags/04_parallel_weather.py for tasks to queue
[2026-09-08T08:07:48.115+0000] {logging_mixin.py:190} INFO - [2026-09-08T08:07:48.114+0000] {dagbag.py:588} INFO - Filling up the DagBag from /opt/airflow/dags/04_parallel_weather.py
[2026-09-08T08:07:48.156+0000] {processor.py:925} INFO - DAG(s) 'parallel_weather_dag' retrieved from /opt/airflow/dags/04_parallel_weather.py
[2026-09-08T08:07:48.214+0000] {logging_mixin.py:190} INFO - [2026-09-08T08:07:48.213+0000] {dag.py:3239} INFO - Sync 1 DAGs
[2026-09-08T08:07:48.240+0000] {logging_mixin.py:190} INFO - [2026-09-08T08:07:48.239+0000] {dag.py:4180} INFO - Setting next_dagrun for parallel_weather_dag to None, run_after=None
[2026-09-08T08:07:48.275+0000] {processor.py:208} INFO - Processing /opt/airflow/dags/04_parallel_weather.py took 0.176 seconds
[2026-09-08T08:08:18.498+0000] {processor.py:186} INFO - Started process (PID=580) to work on /opt/airflow/dags/04_parallel_weather.py
[2026-09-08T08:08:18.500+0000] {processor.py:914} INFO - Processing file /opt/airflow/dags/04_parallel_weather.py for tasks to queue
[2026-09-08T08:08:18.503+0000] {logging_mixin.py:190} INFO - [2026-09-08T08:08:18.502+0000] {dagbag.py:588} INFO - Filling up the DagBag from /opt/airflow/dags/04_parallel_weather.py
[2026-09-08T08:08:18.549+0000] {processor.py:925} INFO - DAG(s) 'parallel_weather_dag' retrieved from /opt/airflow/dags/04_parallel_weather.py
[2026-09-08T08:08:18.613+0000] {logging_mixin.py:190} INFO - [2026-09-08T08:08:18.613+0000] {dag.py:3239} INFO - Sync 1 DAGs
[2026-09-08T08:08:18.642+0000] {logging_mixin.py:190} INFO - [2026-09-08T08:08:18.642+0000] {dag.py:4180} INFO - Setting next_dagrun for parallel_weather_dag to None, run_after=None
[2026-09-08T08:08:18.675+0000] {processor.py:208} INFO - Processing /opt/airflow/dags/04_parallel_weather.py took 0.189 seconds
[2026-09-08T08:08:49.217+0000] {processor.py:186} INFO - Started process (PID=594) to work on /opt/airflow/dags/04_parallel_weather.py
[2026-09-08T08:08:49.218+0000] {processor.py:914} INFO - Processing file /opt/airflow/dags/04_parallel_weather.py for tasks to queue
[2026-09-08T08:08:49.222+0000] {logging_mixin.py:190} INFO - [2026-09-08T08:08:49.221+0000] {dagbag.py:588} INFO - Filling up the DagBag from /opt/airflow/dags/04_parallel_weather.py
[2026-09-08T08:08:49.263+0000] {processor.py:925} INFO - DAG(s) 'parallel_weather_dag' retrieved from /opt/airflow/dags/04_parallel_weather.py
[2026-09-08T08:08:49.319+0000] {logging_mixin.py:190} INFO - [2026-09-08T08:08:49.318+0000] {dag.py:3239} INFO - Sync 1 DAGs
[2026-09-08T08:08:49.343+0000] {logging_mixin.py:190} INFO - [2026-09-08T08:08:49.343+0000] {dag.py:4180} INFO - Setting next_dagrun for parallel_weather_dag to None, run_after=None
[2026-09-08T08:08:49.386+0000] {processor.py:208} INFO - Processing /opt/airflow/dags/04_parallel_weather.py took 0.182 seconds
[2026-09-08T08:09:19.709+0000] {processor.py:186} INFO - Started process (PID=608) to work on /opt/airflow/dags/04_parallel_weather.py
[2026-09-08T08:09:19.711+0000] {processor.py:914} INFO - Processing file /opt/airflow/dags/04_parallel_weather.py for tasks to queue
[2026-09-08T08:09:19.714+0000] {logging_mixin.py:190} INFO - [2026-09-08T08:09:19.714+0000] {dagbag.py:588} INFO - Filling up the DagBag from /opt/airflow/dags/04_parallel_weather.py
[2026-09-08T08:09:19.753+0000] {processor.py:925} INFO - DAG(s) 'parallel_weather_dag' retrieved from /opt/airflow/dags/04_parallel_weather.py
[2026-09-08T08:09:19.813+0000] {logging_mixin.py:190} INFO - [2026-09-08T08:09:19.813+0000] {dag.py:3239} INFO - Sync 1 DAGs
[2026-09-08T08:09:19.841+0000] {logging_mixin.py:190} INFO - [2026-09-08T08:09:19.841+0000] {dag.py:4180} INFO - Setting next_dagrun for parallel_weather_dag to None, run_after=None
[2026-09-08T08:09:19.892+0000] {processor.py:208} INFO - Processing /opt/airflow/dags/04_parallel_weather.py took 0.195 seconds
[2026-09-08T08:09:50.482+0000] {processor.py:186} INFO - Started process (PID=620) to work on /opt/airflow/dags/04_parallel_weather.py
[2026-09-08T08:09:50.484+0000] {processor.py:914} INFO - Processing file /opt/airflow/dags/04_parallel_weather.py for tasks to queue
[2026-09-08T08:09:50.488+0000] {logging_mixin.py:190} INFO - [2026-09-08T08:09:50.487+0000] {dagbag.py:588} INFO - Filling up the DagBag from /opt/airflow/dags/04_parallel_weather.py
[2026-09-08T08:09:50.548+0000] {processor.py:925} INFO - DAG(s) 'parallel_weather_dag' retrieved from /opt/airflow/dags/04_parallel_weather.py
[2026-09-08T08:09:50.640+0000] {logging_mixin.py:190} INFO - [2026-09-08T08:09:50.639+0000] {dag.py:3239} INFO - Sync 1 DAGs
[2026-09-08T08:09:50.690+0000] {logging_mixin.py:190} INFO - [2026-09-08T08:09:50.689+0000] {dag.py:4180} INFO - Setting next_dagrun for parallel_weather_dag to None, run_after=None
[2026-09-08T08:09:50.737+0000] {processor.py:208} INFO - Processing /opt/airflow/dags/04_parallel_weather.py took 0.274 seconds
[2026-09-08T08:10:20.929+0000] {processor.py:186} INFO - Started process (PID=640) to work on /opt/airflow/dags/04_parallel_weather.py
[2026-09-08T08:10:20.931+0000] {processor.py:914} INFO - Processing file /opt/airflow/dags/04_parallel_weather.py for tasks to queue
[2026-09-08T08:10:20.934+0000] {logging_mixin.py:190} INFO - [2026-09-08T08:10:20.933+0000] {dagbag.py:588} INFO - Filling up the DagBag from /opt/airflow/dags/04_parallel_weather.py
[2026-09-08T08:10:20.974+0000] {processor.py:925} INFO - DAG(s) 'parallel_weather_dag' retrieved from /opt/airflow/dags/04_parallel_weather.py
[2026-09-08T08:10:21.028+0000] {logging_mixin.py:190} INFO - [2026-09-08T08:10:21.028+0000] {dag.py:3239} INFO - Sync 1 DAGs
[2026-09-08T08:10:21.053+0000] {logging_mixin.py:190} INFO - [2026-09-08T08:10:21.053+0000] {dag.py:4180} INFO - Setting next_dagrun for parallel_weather_dag to None, run_after=None
[2026-09-08T08:10:21.090+0000] {processor.py:208} INFO - Processing /opt/airflow/dags/04_parallel_weather.py took 0.171 seconds
[2026-09-08T08:10:51.320+0000] {processor.py:186} INFO - Started process (PID=654) to work on /opt/airflow/dags/04_parallel_weather.py
[2026-09-08T08:10:51.322+0000] {processor.py:914} INFO - Processing file /opt/airflow/dags/04_parallel_weather.py for tasks to queue
[2026-09-08T08:10:51.326+0000] {logging_mixin.py:190} INFO - [2026-09-08T08:10:51.325+0000] {dagbag.py:588} INFO - Filling up the DagBag from /opt/airflow/dags/04_parallel_weather.py
[2026-09-08T08:10:51.364+0000] {processor.py:925} INFO - DAG(s) 'parallel_weather_dag' retrieved from /opt/airflow/dags/04_parallel_weather.py
[2026-09-08T08:10:51.424+0000] {logging_mixin.py:190} INFO - [2026-09-08T08:10:51.423+0000] {dag.py:3239} INFO - Sync 1 DAGs
[2026-09-08T08:10:51.447+0000] {logging_mixin.py:190} INFO - [2026-09-08T08:10:51.446+0000] {dag.py:4180} INFO - Setting next_dagrun for parallel_weather_dag to None, run_after=None
[2026-09-08T08:10:51.487+0000] {processor.py:208} INFO - Processing /opt/airflow/dags/04_parallel_weather.py took 0.179 seconds
[2026-09-08T08:11:22.276+0000] {processor.py:186} INFO - Started process (PID=668) to work on /opt/airflow/dags/04_parallel_weather.py
[2026-09-08T08:11:22.278+0000] {processor.py:914} INFO - Processing file /opt/airflow/dags/04_parallel_weather.py for tasks to queue
[2026-09-08T08:11:22.281+0000] {logging_mixin.py:190} INFO - [2026-09-08T08:11:22.281+0000] {dagbag.py:588} INFO - Filling up the DagBag from /opt/airflow/dags/04_parallel_weather.py
[2026-09-08T08:11:22.327+0000] {processor.py:925} INFO - DAG(s) 'parallel_weather_dag' retrieved from /opt/airflow/dags/04_parallel_weather.py
[2026-09-08T08:11:22.401+0000] {logging_mixin.py:190} INFO - [2026-09-08T08:11:22.400+0000] {dag.py:3239} INFO - Sync 1 DAGs
[2026-09-08T08:11:22.437+0000] {logging_mixin.py:190} INFO - [2026-09-08T08:11:22.436+0000] {dag.py:4180} INFO - Setting next_dagrun for parallel_weather_dag to None, run_after=None
[2026-09-08T08:11:22.486+0000] {processor.py:208} INFO - Processing /opt/airflow/dags/04_parallel_weather.py took 0.225 seconds
[2026-09-08T08:11:52.738+0000] {processor.py:186} INFO - Started process (PID=682) to work on /opt/airflow/dags/04_parallel_weather.py
[2026-09-08T08:11:52.740+0000] {processor.py:914} INFO - Processing file /opt/airflow/dags/04_parallel_weather.py for tasks to queue
[2026-09-08T08:11:52.743+0000] {logging_mixin.py:190} INFO - [2026-09-08T08:11:52.742+0000] {dagbag.py:588} INFO - Filling up the DagBag from /opt/airflow/dags/04_parallel_weather.py
[2026-09-08T08:11:52.784+0000] {processor.py:925} INFO - DAG(s) 'parallel_weather_dag' retrieved from /opt/airflow/dags/04_parallel_weather.py
[2026-09-08T08:11:52.847+0000] {logging_mixin.py:190} INFO - [2026-09-08T08:11:52.846+0000] {dag.py:3239} INFO - Sync 1 DAGs
[2026-09-08T08:11:52.873+0000] {logging_mixin.py:190} INFO - [2026-09-08T08:11:52.873+0000] {dag.py:4180} INFO - Setting next_dagrun for parallel_weather_dag to None, run_after=None
[2026-09-08T08:11:52.909+0000] {processor.py:208} INFO - Processing /opt/airflow/dags/04_parallel_weather.py took 0.182 seconds
[2026-09-08T08:12:23.092+0000] {processor.py:186} INFO - Started process (PID=696) to work on /opt/airflow/dags/04_parallel_weather.py
[2026-09-08T08:12:23.094+0000] {processor.py:914} INFO - Processing file /opt/airflow/dags/04_parallel_weather.py for tasks to queue
[2026-09-08T08:12:23.097+0000] {logging_mixin.py:190} INFO - [2026-09-08T08:12:23.096+0000] {dagbag.py:588} INFO - Filling up the DagBag from /opt/airflow/dags/04_parallel_weather.py
[2026-09-08T08:12:23.137+0000] {processor.py:925} INFO - DAG(s) 'parallel_weather_dag' retrieved from /opt/airflow/dags/04_parallel_weather.py
[2026-09-08T08:12:23.191+0000] {logging_mixin.py:190} INFO - [2026-09-08T08:12:23.190+0000] {dag.py:3239} INFO - Sync 1 DAGs
[2026-09-08T08:12:23.213+0000] {logging_mixin.py:190} INFO - [2026-09-08T08:12:23.212+0000] {dag.py:4180} INFO - Setting next_dagrun for parallel_weather_dag to None, run_after=None
[2026-09-08T08:12:23.252+0000] {processor.py:208} INFO - Processing /opt/airflow/dags/04_parallel_weather.py took 0.169 seconds
[2026-09-08T08:12:53.422+0000] {processor.py:186} INFO - Started process (PID=710) to work on /opt/airflow/dags/04_parallel_weather.py
[2026-09-08T08:12:53.424+0000] {processor.py:914} INFO - Processing file /opt/airflow/dags/04_parallel_weather.py for tasks to queue
[2026-09-08T08:12:53.427+0000] {logging_mixin.py:190} INFO - [2026-09-08T08:12:53.426+0000] {dagbag.py:588} INFO - Filling up the DagBag from /opt/airflow/dags/04_parallel_weather.py
[2026-09-08T08:12:53.471+0000] {processor.py:925} INFO - DAG(s) 'parallel_weather_dag' retrieved from /opt/airflow/dags/04_parallel_weather.py
[2026-09-08T08:12:53.535+0000] {logging_mixin.py:190} INFO - [2026-09-08T08:12:53.534+0000] {dag.py:3239} INFO - Sync 1 DAGs
[2026-09-08T08:12:53.561+0000] {logging_mixin.py:190} INFO - [2026-09-08T08:12:53.561+0000] {dag.py:4180} INFO - Setting next_dagrun for parallel_weather_dag to None, run_after=None
[2026-09-08T08:12:53.607+0000] {processor.py:208} INFO - Processing /opt/airflow/dags/04_parallel_weather.py took 0.197 seconds
[2026-09-08T08:13:25.127+0000] {processor.py:186} INFO - Started process (PID=724) to work on /opt/airflow/dags/04_parallel_weather.py
[2026-09-08T08:13:25.128+0000] {processor.py:914} INFO - Processing file /opt/airflow/dags/04_parallel_weather.py for tasks to queue
[2026-09-08T08:13:25.132+0000] {logging_mixin.py:190} INFO - [2026-09-08T08:13:25.131+0000] {dagbag.py:588} INFO - Filling up the DagBag from /opt/airflow/dags/04_parallel_weather.py
[2026-09-08T08:13:25.170+0000] {processor.py:925} INFO - DAG(s) 'parallel_weather_dag' retrieved from /opt/airflow/dags/04_parallel_weather.py
[2026-09-08T08:13:25.224+0000] {logging_mixin.py:190} INFO - [2026-09-08T08:13:25.223+0000] {dag.py:3239} INFO - Sync 1 DAGs
[2026-09-08T08:13:25.251+0000] {logging_mixin.py:190} INFO - [2026-09-08T08:13:25.250+0000] {dag.py:4180} INFO - Setting next_dagrun for parallel_weather_dag to None, run_after=None
[2026-09-08T08:13:25.293+0000] {processor.py:208} INFO - Processing /opt/airflow/dags/04_parallel_weather.py took 0.177 seconds
[2026-09-08T08:13:55.928+0000] {processor.py:186} INFO - Started process (PID=738) to work on /opt/airflow/dags/04_parallel_weather.py
[2026-09-08T08:13:55.931+0000] {processor.py:914} INFO - Processing file /opt/airflow/dags/04_parallel_weather.py for tasks to queue
[2026-09-08T08:13:55.936+0000] {logging_mixin.py:190} INFO - [2026-09-08T08:13:55.935+0000] {dagbag.py:588} INFO - Filling up the DagBag from /opt/airflow/dags/04_parallel_weather.py
[2026-09-08T08:13:55.981+0000] {processor.py:925} INFO - DAG(s) 'parallel_weather_dag' retrieved from /opt/airflow/dags/04_parallel_weather.py
[2026-09-08T08:13:56.047+0000] {logging_mixin.py:190} INFO - [2026-09-08T08:13:56.046+0000] {dag.py:3239} INFO - Sync 1 DAGs
[2026-09-08T08:13:56.080+0000] {logging_mixin.py:190} INFO - [2026-09-08T08:13:56.079+0000] {dag.py:4180} INFO - Setting next_dagrun for parallel_weather_dag to None, run_after=None
[2026-09-08T08:13:56.287+0000] {processor.py:208} INFO - Processing /opt/airflow/dags/04_parallel_weather.py took 0.372 seconds
[2026-09-08T08:14:27.313+0000] {processor.py:186} INFO - Started process (PID=752) to work on /opt/airflow/dags/04_parallel_weather.py
[2026-09-08T08:14:27.315+0000] {processor.py:914} INFO - Processing file /opt/airflow/dags/04_parallel_weather.py for tasks to queue
[2026-09-08T08:14:27.319+0000] {logging_mixin.py:190} INFO - [2026-09-08T08:14:27.319+0000] {dagbag.py:588} INFO - Filling up the DagBag from /opt/airflow/dags/04_parallel_weather.py
[2026-09-08T08:14:27.369+0000] {processor.py:925} INFO - DAG(s) 'parallel_weather_dag' retrieved from /opt/airflow/dags/04_parallel_weather.py
[2026-09-08T08:14:27.426+0000] {logging_mixin.py:190} INFO - [2026-09-08T08:14:27.425+0000] {dag.py:3239} INFO - Sync 1 DAGs
[2026-09-08T08:14:27.454+0000] {logging_mixin.py:190} INFO - [2026-09-08T08:14:27.454+0000] {dag.py:4180} INFO - Setting next_dagrun for parallel_weather_dag to None, run_after=None
[2026-09-08T08:14:27.491+0000] {processor.py:208} INFO - Processing /opt/airflow/dags/04_parallel_weather.py took 0.196 seconds
[2026-09-08T08:14:57.613+0000] {processor.py:186} INFO - Started process (PID=766) to work on /opt/airflow/dags/04_parallel_weather.py
[2026-09-08T08:14:57.615+0000] {processor.py:914} INFO - Processing file /opt/airflow/dags/04_parallel_weather.py for tasks to queue
[2026-09-08T08:14:57.620+0000] {logging_mixin.py:190} INFO - [2026-09-08T08:14:57.619+0000] {dagbag.py:588} INFO - Filling up the DagBag from /opt/airflow/dags/04_parallel_weather.py
[2026-09-08T08:14:57.676+0000] {processor.py:925} INFO - DAG(s) 'parallel_weather_dag' retrieved from /opt/airflow/dags/04_parallel_weather.py
[2026-09-08T08:14:57.795+0000] {logging_mixin.py:190} INFO - [2026-09-08T08:14:57.794+0000] {dag.py:3239} INFO - Sync 1 DAGs
[2026-09-08T08:14:57.867+0000] {logging_mixin.py:190} INFO - [2026-09-08T08:14:57.867+0000] {dag.py:4180} INFO - Setting next_dagrun for parallel_weather_dag to None, run_after=None
[2026-09-08T08:14:57.938+0000] {processor.py:208} INFO - Processing /opt/airflow/dags/04_parallel_weather.py took 0.339 seconds
[2026-09-08T08:15:28.323+0000] {processor.py:186} INFO - Started process (PID=780) to work on /opt/airflow/dags/04_parallel_weather.py
[2026-09-08T08:15:28.326+0000] {processor.py:914} INFO - Processing file /opt/airflow/dags/04_parallel_weather.py for tasks to queue
[2026-09-08T08:15:28.330+0000] {logging_mixin.py:190} INFO - [2026-09-08T08:15:28.329+0000] {dagbag.py:588} INFO - Filling up the DagBag from /opt/airflow/dags/04_parallel_weather.py
[2026-09-08T08:15:28.372+0000] {processor.py:925} INFO - DAG(s) 'parallel_weather_dag' retrieved from /opt/airflow/dags/04_parallel_weather.py
[2026-09-08T08:15:28.431+0000] {logging_mixin.py:190} INFO - [2026-09-08T08:15:28.430+0000] {dag.py:3239} INFO - Sync 1 DAGs
[2026-09-08T08:15:28.459+0000] {logging_mixin.py:190} INFO - [2026-09-08T08:15:28.458+0000] {dag.py:4180} INFO - Setting next_dagrun for parallel_weather_dag to None, run_after=None
[2026-09-08T08:15:28.505+0000] {processor.py:208} INFO - Processing /opt/airflow/dags/04_parallel_weather.py took 0.196 seconds
[2026-09-08T08:15:58.885+0000] {processor.py:186} INFO - Started process (PID=795) to work on /opt/airflow/dags/04_parallel_weather.py
[2026-09-08T08:15:58.886+0000] {processor.py:914} INFO - Processing file /opt/airflow/dags/04_parallel_weather.py for tasks to queue
[2026-09-08T08:15:58.890+0000] {logging_mixin.py:190} INFO - [2026-09-08T08:15:58.889+0000] {dagbag.py:588} INFO - Filling up the DagBag from /opt/airflow/dags/04_parallel_weather.py
[2026-09-08T08:15:58.944+0000] {processor.py:925} INFO - DAG(s) 'parallel_weather_dag' retrieved from /opt/airflow/dags/04_parallel_weather.py
[2026-09-08T08:15:59.000+0000] {logging_mixin.py:190} INFO - [2026-09-08T08:15:58.999+0000] {dag.py:3239} INFO - Sync 1 DAGs
[2026-09-08T08:15:59.029+0000] {logging_mixin.py:190} INFO - [2026-09-08T08:15:59.029+0000] {dag.py:4180} INFO - Setting next_dagrun for parallel_weather_dag to None, run_after=None
[2026-09-08T08:15:59.068+0000] {processor.py:208} INFO - Processing /opt/airflow/dags/04_parallel_weather.py took 0.204 seconds
[2026-09-08T08:16:29.360+0000] {processor.py:186} INFO - Started process (PID=809) to work on /opt/airflow/dags/04_parallel_weather.py
[2026-09-08T08:16:29.361+0000] {processor.py:914} INFO - Processing file /opt/airflow/dags/04_parallel_weather.py for tasks to queue
[2026-09-08T08:16:29.365+0000] {logging_mixin.py:190} INFO - [2026-09-08T08:16:29.364+0000] {dagbag.py:588} INFO - Filling up the DagBag from /opt/airflow/dags/04_parallel_weather.py
[2026-09-08T08:16:29.405+0000] {processor.py:925} INFO - DAG(s) 'parallel_weather_dag' retrieved from /opt/airflow/dags/04_parallel_weather.py
[2026-09-08T08:16:29.458+0000] {logging_mixin.py:190} INFO - [2026-09-08T08:16:29.457+0000] {dag.py:3239} INFO - Sync 1 DAGs
[2026-09-08T08:16:29.484+0000] {logging_mixin.py:190} INFO - [2026-09-08T08:16:29.483+0000] {dag.py:4180} INFO - Setting next_dagrun for parallel_weather_dag to None, run_after=None
[2026-09-08T08:16:29.524+0000] {processor.py:208} INFO - Processing /opt/airflow/dags/04_parallel_weather.py took 0.176 seconds
[2026-09-08T08:16:59.617+0000] {processor.py:186} INFO - Started process (PID=823) to work on /opt/airflow/dags/04_parallel_weather.py
[2026-09-08T08:16:59.619+0000] {processor.py:914} INFO - Processing file /opt/airflow/dags/04_parallel_weather.py for tasks to queue
[2026-09-08T08:16:59.622+0000] {logging_mixin.py:190} INFO - [2026-09-08T08:16:59.621+0000] {dagbag.py:588} INFO - Filling up the DagBag from /opt/airflow/dags/04_parallel_weather.py
[2026-09-08T08:16:59.660+0000] {processor.py:925} INFO - DAG(s) 'parallel_weather_dag' retrieved from /opt/airflow/dags/04_parallel_weather.py
[2026-09-08T08:16:59.715+0000] {logging_mixin.py:190} INFO - [2026-09-08T08:16:59.715+0000] {dag.py:3239} INFO - Sync 1 DAGs
[2026-09-08T08:16:59.739+0000] {logging_mixin.py:190} INFO - [2026-09-08T08:16:59.738+0000] {dag.py:4180} INFO - Setting next_dagrun for parallel_weather_dag to None, run_after=None
[2026-09-08T08:16:59.774+0000] {processor.py:208} INFO - Processing /opt/airflow/dags/04_parallel_weather.py took 0.167 seconds
[2026-09-08T08:17:30.203+0000] {processor.py:186} INFO - Started process (PID=836) to work on /opt/airflow/dags/04_parallel_weather.py
[2026-09-08T08:17:30.206+0000] {processor.py:914} INFO - Processing file /opt/airflow/dags/04_parallel_weather.py for tasks to queue
[2026-09-08T08:17:30.210+0000] {logging_mixin.py:190} INFO - [2026-09-08T08:17:30.209+0000] {dagbag.py:588} INFO - Filling up the DagBag from /opt/airflow/dags/04_parallel_weather.py
[2026-09-08T08:17:30.258+0000] {processor.py:925} INFO - DAG(s) 'parallel_weather_dag' retrieved from /opt/airflow/dags/04_parallel_weather.py
[2026-09-08T08:17:30.324+0000] {logging_mixin.py:190} INFO - [2026-09-08T08:17:30.324+0000] {dag.py:3239} INFO - Sync 1 DAGs
[2026-09-08T08:17:30.355+0000] {logging_mixin.py:190} INFO - [2026-09-08T08:17:30.354+0000] {dag.py:4180} INFO - Setting next_dagrun for parallel_weather_dag to None, run_after=None
[2026-09-08T08:17:30.391+0000] {processor.py:208} INFO - Processing /opt/airflow/dags/04_parallel_weather.py took 0.201 seconds
[2026-09-08T08:18:00.736+0000] {processor.py:186} INFO - Started process (PID=850) to work on /opt/airflow/dags/04_parallel_weather.py
[2026-09-08T08:18:00.738+0000] {processor.py:914} INFO - Processing file /opt/airflow/dags/04_parallel_weather.py for tasks to queue
[2026-09-08T08:18:00.743+0000] {logging_mixin.py:190} INFO - [2026-09-08T08:18:00.742+0000] {dagbag.py:588} INFO - Filling up the DagBag from /opt/airflow/dags/04_parallel_weather.py
[2026-09-08T08:18:00.784+0000] {processor.py:925} INFO - DAG(s) 'parallel_weather_dag' retrieved from /opt/airflow/dags/04_parallel_weather.py
[2026-09-08T08:18:00.850+0000] {logging_mixin.py:190} INFO - [2026-09-08T08:18:00.850+0000] {dag.py:3239} INFO - Sync 1 DAGs
[2026-09-08T08:18:00.877+0000] {logging_mixin.py:190} INFO - [2026-09-08T08:18:00.877+0000] {dag.py:4180} INFO - Setting next_dagrun for parallel_weather_dag to None, run_after=None
[2026-09-08T08:18:01.005+0000] {processor.py:208} INFO - Processing /opt/airflow/dags/04_parallel_weather.py took 0.283 seconds
[2026-09-08T08:18:31.263+0000] {processor.py:186} INFO - Started process (PID=864) to work on /opt/airflow/dags/04_parallel_weather.py
[2026-09-08T08:18:31.265+0000] {processor.py:914} INFO - Processing file /opt/airflow/dags/04_parallel_weather.py for tasks to queue
[2026-09-08T08:18:31.270+0000] {logging_mixin.py:190} INFO - [2026-09-08T08:18:31.269+0000] {dagbag.py:588} INFO - Filling up the DagBag from /opt/airflow/dags/04_parallel_weather.py
[2026-09-08T08:18:31.319+0000] {processor.py:925} INFO - DAG(s) 'parallel_weather_dag' retrieved from /opt/airflow/dags/04_parallel_weather.py
[2026-09-08T08:18:31.385+0000] {logging_mixin.py:190} INFO - [2026-09-08T08:18:31.384+0000] {dag.py:3239} INFO - Sync 1 DAGs
[2026-09-08T08:18:31.421+0000] {logging_mixin.py:190} INFO - [2026-09-08T08:18:31.421+0000] {dag.py:4180} INFO - Setting next_dagrun for parallel_weather_dag to None, run_after=None
[2026-09-08T08:18:31.464+0000] {processor.py:208} INFO - Processing /opt/airflow/dags/04_parallel_weather.py took 0.219 seconds
[2026-09-08T08:19:01.636+0000] {processor.py:186} INFO - Started process (PID=878) to work on /opt/airflow/dags/04_parallel_weather.py
[2026-09-08T08:19:01.638+0000] {processor.py:914} INFO - Processing file /opt/airflow/dags/04_parallel_weather.py for tasks to queue
[2026-09-08T08:19:01.642+0000] {logging_mixin.py:190} INFO - [2026-09-08T08:19:01.641+0000] {dagbag.py:588} INFO - Filling up the DagBag from /opt/airflow/dags/04_parallel_weather.py
[2026-09-08T08:19:01.692+0000] {processor.py:925} INFO - DAG(s) 'parallel_weather_dag' retrieved from /opt/airflow/dags/04_parallel_weather.py
[2026-09-08T08:19:01.758+0000] {logging_mixin.py:190} INFO - [2026-09-08T08:19:01.758+0000] {dag.py:3239} INFO - Sync 1 DAGs
[2026-09-08T08:19:01.782+0000] {logging_mixin.py:190} INFO - [2026-09-08T08:19:01.781+0000] {dag.py:4180} INFO - Setting next_dagrun for parallel_weather_dag to None, run_after=None
[2026-09-08T08:19:01.814+0000] {processor.py:208} INFO - Processing /opt/airflow/dags/04_parallel_weather.py took 0.192 seconds
[2026-09-08T08:19:32.308+0000] {processor.py:186} INFO - Started process (PID=892) to work on /opt/airflow/dags/04_parallel_weather.py
[2026-09-08T08:19:32.310+0000] {processor.py:914} INFO - Processing file /opt/airflow/dags/04_parallel_weather.py for tasks to queue
[2026-09-08T08:19:32.314+0000] {logging_mixin.py:190} INFO - [2026-09-08T08:19:32.314+0000] {dagbag.py:588} INFO - Filling up the DagBag from /opt/airflow/dags/04_parallel_weather.py
[2026-09-08T08:19:32.367+0000] {processor.py:925} INFO - DAG(s) 'parallel_weather_dag' retrieved from /opt/airflow/dags/04_parallel_weather.py
[2026-09-08T08:19:32.465+0000] {logging_mixin.py:190} INFO - [2026-09-08T08:19:32.464+0000] {dag.py:3239} INFO - Sync 1 DAGs
[2026-09-08T08:19:32.498+0000] {logging_mixin.py:190} INFO - [2026-09-08T08:19:32.498+0000] {dag.py:4180} INFO - Setting next_dagrun for parallel_weather_dag to None, run_after=None
[2026-09-08T08:19:32.542+0000] {processor.py:208} INFO - Processing /opt/airflow/dags/04_parallel_weather.py took 0.257 seconds
[2026-09-08T08:20:02.734+0000] {processor.py:186} INFO - Started process (PID=906) to work on /opt/airflow/dags/04_parallel_weather.py
[2026-09-08T08:20:02.736+0000] {processor.py:914} INFO - Processing file /opt/airflow/dags/04_parallel_weather.py for tasks to queue
[2026-09-08T08:20:02.741+0000] {logging_mixin.py:190} INFO - [2026-09-08T08:20:02.740+0000] {dagbag.py:588} INFO - Filling up the DagBag from /opt/airflow/dags/04_parallel_weather.py
[2026-09-08T08:20:02.786+0000] {processor.py:925} INFO - DAG(s) 'parallel_weather_dag' retrieved from /opt/airflow/dags/04_parallel_weather.py
[2026-09-08T08:20:02.850+0000] {logging_mixin.py:190} INFO - [2026-09-08T08:20:02.849+0000] {dag.py:3239} INFO - Sync 1 DAGs
[2026-09-08T08:20:02.877+0000] {logging_mixin.py:190} INFO - [2026-09-08T08:20:02.876+0000] {dag.py:4180} INFO - Setting next_dagrun for parallel_weather_dag to None, run_after=None
[2026-09-08T08:20:02.921+0000] {processor.py:208} INFO - Processing /opt/airflow/dags/04_parallel_weather.py took 0.207 seconds
[2026-09-08T08:20:33.343+0000] {processor.py:186} INFO - Started process (PID=920) to work on /opt/airflow/dags/04_parallel_weather.py
[2026-09-08T08:20:33.345+0000] {processor.py:914} INFO - Processing file /opt/airflow/dags/04_parallel_weather.py for tasks to queue
[2026-09-08T08:20:33.348+0000] {logging_mixin.py:190} INFO - [2026-09-08T08:20:33.347+0000] {dagbag.py:588} INFO - Filling up the DagBag from /opt/airflow/dags/04_parallel_weather.py
[2026-09-08T08:20:33.399+0000] {processor.py:925} INFO - DAG(s) 'parallel_weather_dag' retrieved from /opt/airflow/dags/04_parallel_weather.py
[2026-09-08T08:20:33.458+0000] {logging_mixin.py:190} INFO - [2026-09-08T08:20:33.457+0000] {dag.py:3239} INFO - Sync 1 DAGs
[2026-09-08T08:20:33.492+0000] {logging_mixin.py:190} INFO - [2026-09-08T08:20:33.492+0000] {dag.py:4180} INFO - Setting next_dagrun for parallel_weather_dag to None, run_after=None
[2026-09-08T08:20:33.531+0000] {processor.py:208} INFO - Processing /opt/airflow/dags/04_parallel_weather.py took 0.204 seconds
[2026-09-08T08:21:04.167+0000] {processor.py:186} INFO - Started process (PID=934) to work on /opt/airflow/dags/04_parallel_weather.py
[2026-09-08T08:21:04.170+0000] {processor.py:914} INFO - Processing file /opt/airflow/dags/04_parallel_weather.py for tasks to queue
[2026-09-08T08:21:04.175+0000] {logging_mixin.py:190} INFO - [2026-09-08T08:21:04.174+0000] {dagbag.py:588} INFO - Filling up the DagBag from /opt/airflow/dags/04_parallel_weather.py
[2026-09-08T08:21:04.217+0000] {processor.py:925} INFO - DAG(s) 'parallel_weather_dag' retrieved from /opt/airflow/dags/04_parallel_weather.py
[2026-09-08T08:21:04.277+0000] {logging_mixin.py:190} INFO - [2026-09-08T08:21:04.276+0000] {dag.py:3239} INFO - Sync 1 DAGs
[2026-09-08T08:21:04.306+0000] {logging_mixin.py:190} INFO - [2026-09-08T08:21:04.305+0000] {dag.py:4180} INFO - Setting next_dagrun for parallel_weather_dag to None, run_after=None
[2026-09-08T08:21:04.352+0000] {processor.py:208} INFO - Processing /opt/airflow/dags/04_parallel_weather.py took 0.198 seconds
[2026-09-08T08:21:34.533+0000] {processor.py:186} INFO - Started process (PID=948) to work on /opt/airflow/dags/04_parallel_weather.py
[2026-09-08T08:21:34.535+0000] {processor.py:914} INFO - Processing file /opt/airflow/dags/04_parallel_weather.py for tasks to queue
[2026-09-08T08:21:34.541+0000] {logging_mixin.py:190} INFO - [2026-09-08T08:21:34.540+0000] {dagbag.py:588} INFO - Filling up the DagBag from /opt/airflow/dags/04_parallel_weather.py
[2026-09-08T08:21:34.591+0000] {processor.py:925} INFO - DAG(s) 'parallel_weather_dag' retrieved from /opt/airflow/dags/04_parallel_weather.py
[2026-09-08T08:21:34.647+0000] {logging_mixin.py:190} INFO - [2026-09-08T08:21:34.647+0000] {dag.py:3239} INFO - Sync 1 DAGs
[2026-09-08T08:21:34.677+0000] {logging_mixin.py:190} INFO - [2026-09-08T08:21:34.677+0000] {dag.py:4180} INFO - Setting next_dagrun for parallel_weather_dag to None, run_after=None
[2026-09-08T08:21:34.721+0000] {processor.py:208} INFO - Processing /opt/airflow/dags/04_parallel_weather.py took 0.211 seconds
[2026-09-08T08:22:05.252+0000] {processor.py:186} INFO - Started process (PID=963) to work on /opt/airflow/dags/04_parallel_weather.py
[2026-09-08T08:22:05.254+0000] {processor.py:914} INFO - Processing file /opt/airflow/dags/04_parallel_weather.py for tasks to queue
[2026-09-08T08:22:05.258+0000] {logging_mixin.py:190} INFO - [2026-09-08T08:22:05.257+0000] {dagbag.py:588} INFO - Filling up the DagBag from /opt/airflow/dags/04_parallel_weather.py
[2026-09-08T08:22:05.307+0000] {processor.py:925} INFO - DAG(s) 'parallel_weather_dag' retrieved from /opt/airflow/dags/04_parallel_weather.py
[2026-09-08T08:22:05.377+0000] {logging_mixin.py:190} INFO - [2026-09-08T08:22:05.376+0000] {dag.py:3239} INFO - Sync 1 DAGs
[2026-09-08T08:22:05.421+0000] {logging_mixin.py:190} INFO - [2026-09-08T08:22:05.420+0000] {dag.py:4180} INFO - Setting next_dagrun for parallel_weather_dag to None, run_after=None
[2026-09-08T08:22:05.456+0000] {processor.py:208} INFO - Processing /opt/airflow/dags/04_parallel_weather.py took 0.220 seconds
[2026-09-08T08:22:35.763+0000] {processor.py:186} INFO - Started process (PID=977) to work on /opt/airflow/dags/04_parallel_weather.py
[2026-09-08T08:22:35.766+0000] {processor.py:914} INFO - Processing file /opt/airflow/dags/04_parallel_weather.py for tasks to queue
[2026-09-08T08:22:35.780+0000] {logging_mixin.py:190} INFO - [2026-09-08T08:22:35.778+0000] {dagbag.py:588} INFO - Filling up the DagBag from /opt/airflow/dags/04_parallel_weather.py
[2026-09-08T08:22:36.179+0000] {processor.py:925} INFO - DAG(s) 'parallel_weather_dag' retrieved from /opt/airflow/dags/04_parallel_weather.py
[2026-09-08T08:22:36.380+0000] {logging_mixin.py:190} INFO - [2026-09-08T08:22:36.379+0000] {dag.py:3239} INFO - Sync 1 DAGs
[2026-09-08T08:22:36.462+0000] {logging_mixin.py:190} INFO - [2026-09-08T08:22:36.462+0000] {dag.py:4180} INFO - Setting next_dagrun for parallel_weather_dag to None, run_after=None
[2026-09-08T08:22:36.539+0000] {processor.py:208} INFO - Processing /opt/airflow/dags/04_parallel_weather.py took 0.809 seconds
