[2026-09-08T04:31:55.803+0000] {processor.py:186} INFO - Started process (PID=102) to work on /opt/airflow/dags/05_etl_weather_postgres.py
[2026-09-08T04:31:55.804+0000] {processor.py:914} INFO - Processing file /opt/airflow/dags/05_etl_weather_postgres.py for tasks to queue
[2026-09-08T04:31:55.805+0000] {logging_mixin.py:190} INFO - [2026-09-08T04:31:55.805+0000] {dagbag.py:588} INFO - Filling up the DagBag from /opt/airflow/dags/05_etl_weather_postgres.py
[2026-09-08T04:31:55.826+0000] {processor.py:925} INFO - DAG(s) 'etl_weather_postgres_dag' retrieved from /opt/airflow/dags/05_etl_weather_postgres.py
[2026-09-08T04:31:55.861+0000] {logging_mixin.py:190} INFO - [2026-09-08T04:31:55.861+0000] {dag.py:3239} INFO - Sync 1 DAGs
[2026-09-08T04:31:55.875+0000] {logging_mixin.py:190} INFO - [2026-09-08T04:31:55.875+0000] {dag.py:4180} INFO - Setting next_dagrun for etl_weather_postgres_dag to None, run_after=None
[2026-09-08T04:31:55.901+0000] {processor.py:208} INFO - Processing /opt/airflow/dags/05_etl_weather_postgres.py took 0.102 seconds
[2026-09-08T04:32:26.494+0000] {processor.py:186} INFO - Started process (PID=116) to work on /opt/airflow/dags/05_etl_weather_postgres.py
[2026-09-08T04:32:26.495+0000] {processor.py:914} INFO - Processing file /opt/airflow/dags/05_etl_weather_postgres.py for tasks to queue
[2026-09-08T04:32:26.496+0000] {logging_mixin.py:190} INFO - [2026-09-08T04:32:26.495+0000] {dagbag.py:588} INFO - Filling up the DagBag from /opt/airflow/dags/05_etl_weather_postgres.py
[2026-09-08T04:32:26.512+0000] {processor.py:925} INFO - DAG(s) 'etl_weather_postgres_dag' retrieved from /opt/airflow/dags/05_etl_weather_postgres.py
[2026-09-08T04:32:26.544+0000] {logging_mixin.py:190} INFO - [2026-09-08T04:32:26.544+0000] {dag.py:3239} INFO - Sync 1 DAGs
[2026-09-08T04:32:26.558+0000] {logging_mixin.py:190} INFO - [2026-09-08T04:32:26.557+0000] {dag.py:4180} INFO - Setting next_dagrun for etl_weather_postgres_dag to None, run_after=None
[2026-09-08T04:32:26.575+0000] {processor.py:208} INFO - Processing /opt/airflow/dags/05_etl_weather_postgres.py took 0.085 seconds
[2026-09-08T04:32:57.174+0000] {processor.py:186} INFO - Started process (PID=130) to work on /opt/airflow/dags/05_etl_weather_postgres.py
[2026-09-08T04:32:57.174+0000] {processor.py:914} INFO - Processing file /opt/airflow/dags/05_etl_weather_postgres.py for tasks to queue
[2026-09-08T04:32:57.176+0000] {logging_mixin.py:190} INFO - [2026-09-08T04:32:57.175+0000] {dagbag.py:588} INFO - Filling up the DagBag from /opt/airflow/dags/05_etl_weather_postgres.py
[2026-09-08T04:32:57.193+0000] {processor.py:925} INFO - DAG(s) 'etl_weather_postgres_dag' retrieved from /opt/airflow/dags/05_etl_weather_postgres.py
[2026-09-08T04:32:57.222+0000] {logging_mixin.py:190} INFO - [2026-09-08T04:32:57.222+0000] {dag.py:3239} INFO - Sync 1 DAGs
[2026-09-08T04:32:57.235+0000] {logging_mixin.py:190} INFO - [2026-09-08T04:32:57.235+0000] {dag.py:4180} INFO - Setting next_dagrun for etl_weather_postgres_dag to None, run_after=None
[2026-09-08T04:32:57.257+0000] {processor.py:208} INFO - Processing /opt/airflow/dags/05_etl_weather_postgres.py took 0.089 seconds
[2026-09-08T04:33:27.732+0000] {processor.py:186} INFO - Started process (PID=144) to work on /opt/airflow/dags/05_etl_weather_postgres.py
[2026-09-08T04:33:27.733+0000] {processor.py:914} INFO - Processing file /opt/airflow/dags/05_etl_weather_postgres.py for tasks to queue
[2026-09-08T04:33:27.734+0000] {logging_mixin.py:190} INFO - [2026-09-08T04:33:27.733+0000] {dagbag.py:588} INFO - Filling up the DagBag from /opt/airflow/dags/05_etl_weather_postgres.py
[2026-09-08T04:33:27.747+0000] {processor.py:925} INFO - DAG(s) 'etl_weather_postgres_dag' retrieved from /opt/airflow/dags/05_etl_weather_postgres.py
[2026-09-08T04:33:27.774+0000] {logging_mixin.py:190} INFO - [2026-09-08T04:33:27.774+0000] {dag.py:3239} INFO - Sync 1 DAGs
[2026-09-08T04:33:27.786+0000] {logging_mixin.py:190} INFO - [2026-09-08T04:33:27.786+0000] {dag.py:4180} INFO - Setting next_dagrun for etl_weather_postgres_dag to None, run_after=None
[2026-09-08T04:33:27.803+0000] {processor.py:208} INFO - Processing /opt/airflow/dags/05_etl_weather_postgres.py took 0.077 seconds
[2026-09-08T04:33:58.704+0000] {processor.py:186} INFO - Started process (PID=159) to work on /opt/airflow/dags/05_etl_weather_postgres.py
[2026-09-08T04:33:58.705+0000] {processor.py:914} INFO - Processing file /opt/airflow/dags/05_etl_weather_postgres.py for tasks to queue
[2026-09-08T04:33:58.706+0000] {logging_mixin.py:190} INFO - [2026-09-08T04:33:58.706+0000] {dagbag.py:588} INFO - Filling up the DagBag from /opt/airflow/dags/05_etl_weather_postgres.py
[2026-09-08T04:33:58.717+0000] {processor.py:925} INFO - DAG(s) 'etl_weather_postgres_dag' retrieved from /opt/airflow/dags/05_etl_weather_postgres.py
[2026-09-08T04:33:58.843+0000] {logging_mixin.py:190} INFO - [2026-09-08T04:33:58.843+0000] {dag.py:3239} INFO - Sync 1 DAGs
[2026-09-08T04:33:58.851+0000] {logging_mixin.py:190} INFO - [2026-09-08T04:33:58.851+0000] {dag.py:4180} INFO - Setting next_dagrun for etl_weather_postgres_dag to None, run_after=None
[2026-09-08T04:33:58.878+0000] {processor.py:208} INFO - Processing /opt/airflow/dags/05_etl_weather_postgres.py took 0.178 seconds
[2026-09-08T04:34:29.742+0000] {processor.py:186} INFO - Started process (PID=173) to work on /opt/airflow/dags/05_etl_weather_postgres.py
[2026-09-08T04:34:29.743+0000] {processor.py:914} INFO - Processing file /opt/airflow/dags/05_etl_weather_postgres.py for tasks to queue
[2026-09-08T04:34:29.744+0000] {logging_mixin.py:190} INFO - [2026-09-08T04:34:29.744+0000] {dagbag.py:588} INFO - Filling up the DagBag from /opt/airflow/dags/05_etl_weather_postgres.py
[2026-09-08T04:34:29.759+0000] {processor.py:925} INFO - DAG(s) 'etl_weather_postgres_dag' retrieved from /opt/airflow/dags/05_etl_weather_postgres.py
[2026-09-08T04:34:29.786+0000] {logging_mixin.py:190} INFO - [2026-09-08T04:34:29.786+0000] {dag.py:3239} INFO - Sync 1 DAGs
[2026-09-08T04:34:29.799+0000] {logging_mixin.py:190} INFO - [2026-09-08T04:34:29.799+0000] {dag.py:4180} INFO - Setting next_dagrun for etl_weather_postgres_dag to None, run_after=None
[2026-09-08T04:34:29.815+0000] {processor.py:208} INFO - Processing /opt/airflow/dags/05_etl_weather_postgres.py took 0.077 seconds
[2026-09-08T04:35:00.321+0000] {processor.py:186} INFO - Started process (PID=187) to work on /opt/airflow/dags/05_etl_weather_postgres.py
[2026-09-08T04:35:00.322+0000] {processor.py:914} INFO - Processing file /opt/airflow/dags/05_etl_weather_postgres.py for tasks to queue
[2026-09-08T04:35:00.323+0000] {logging_mixin.py:190} INFO - [2026-09-08T04:35:00.323+0000] {dagbag.py:588} INFO - Filling up the DagBag from /opt/airflow/dags/05_etl_weather_postgres.py
[2026-09-08T04:35:00.341+0000] {processor.py:925} INFO - DAG(s) 'etl_weather_postgres_dag' retrieved from /opt/airflow/dags/05_etl_weather_postgres.py
[2026-09-08T04:35:00.366+0000] {logging_mixin.py:190} INFO - [2026-09-08T04:35:00.366+0000] {dag.py:3239} INFO - Sync 1 DAGs
[2026-09-08T04:35:00.378+0000] {logging_mixin.py:190} INFO - [2026-09-08T04:35:00.378+0000] {dag.py:4180} INFO - Setting next_dagrun for etl_weather_postgres_dag to None, run_after=None
[2026-09-08T04:35:00.396+0000] {processor.py:208} INFO - Processing /opt/airflow/dags/05_etl_weather_postgres.py took 0.080 seconds
[2026-09-08T04:35:30.908+0000] {processor.py:186} INFO - Started process (PID=201) to work on /opt/airflow/dags/05_etl_weather_postgres.py
[2026-09-08T04:35:30.909+0000] {processor.py:914} INFO - Processing file /opt/airflow/dags/05_etl_weather_postgres.py for tasks to queue
[2026-09-08T04:35:30.910+0000] {logging_mixin.py:190} INFO - [2026-09-08T04:35:30.910+0000] {dagbag.py:588} INFO - Filling up the DagBag from /opt/airflow/dags/05_etl_weather_postgres.py
[2026-09-08T04:35:30.926+0000] {processor.py:925} INFO - DAG(s) 'etl_weather_postgres_dag' retrieved from /opt/airflow/dags/05_etl_weather_postgres.py
[2026-09-08T04:35:30.950+0000] {logging_mixin.py:190} INFO - [2026-09-08T04:35:30.950+0000] {dag.py:3239} INFO - Sync 1 DAGs
[2026-09-08T04:35:30.963+0000] {logging_mixin.py:190} INFO - [2026-09-08T04:35:30.962+0000] {dag.py:4180} INFO - Setting next_dagrun for etl_weather_postgres_dag to None, run_after=None
[2026-09-08T04:35:30.983+0000] {processor.py:208} INFO - Processing /opt/airflow/dags/05_etl_weather_postgres.py took 0.080 seconds
[2026-09-08T04:36:01.556+0000] {processor.py:186} INFO - Started process (PID=216) to work on /opt/airflow/dags/05_etl_weather_postgres.py
[2026-09-08T04:36:01.561+0000] {processor.py:914} INFO - Processing file /opt/airflow/dags/05_etl_weather_postgres.py for tasks to queue
[2026-09-08T04:36:01.562+0000] {logging_mixin.py:190} INFO - [2026-09-08T04:36:01.562+0000] {dagbag.py:588} INFO - Filling up the DagBag from /opt/airflow/dags/05_etl_weather_postgres.py
[2026-09-08T04:36:01.579+0000] {processor.py:925} INFO - DAG(s) 'etl_weather_postgres_dag' retrieved from /opt/airflow/dags/05_etl_weather_postgres.py
[2026-09-08T04:36:01.604+0000] {logging_mixin.py:190} INFO - [2026-09-08T04:36:01.604+0000] {dag.py:3239} INFO - Sync 1 DAGs
[2026-09-08T04:36:01.617+0000] {logging_mixin.py:190} INFO - [2026-09-08T04:36:01.617+0000] {dag.py:4180} INFO - Setting next_dagrun for etl_weather_postgres_dag to None, run_after=None
[2026-09-08T04:36:01.635+0000] {processor.py:208} INFO - Processing /opt/airflow/dags/05_etl_weather_postgres.py took 0.083 seconds
[2026-09-08T04:36:32.218+0000] {processor.py:186} INFO - Started process (PID=230) to work on /opt/airflow/dags/05_etl_weather_postgres.py
[2026-09-08T04:36:32.219+0000] {processor.py:914} INFO - Processing file /opt/airflow/dags/05_etl_weather_postgres.py for tasks to queue
[2026-09-08T04:36:32.220+0000] {logging_mixin.py:190} INFO - [2026-09-08T04:36:32.220+0000] {dagbag.py:588} INFO - Filling up the DagBag from /opt/airflow/dags/05_etl_weather_postgres.py
[2026-09-08T04:36:32.242+0000] {processor.py:925} INFO - DAG(s) 'etl_weather_postgres_dag' retrieved from /opt/airflow/dags/05_etl_weather_postgres.py
[2026-09-08T04:36:32.276+0000] {logging_mixin.py:190} INFO - [2026-09-08T04:36:32.276+0000] {dag.py:3239} INFO - Sync 1 DAGs
[2026-09-08T04:36:32.298+0000] {logging_mixin.py:190} INFO - [2026-09-08T04:36:32.298+0000] {dag.py:4180} INFO - Setting next_dagrun for etl_weather_postgres_dag to None, run_after=None
[2026-09-08T04:36:32.327+0000] {processor.py:208} INFO - Processing /opt/airflow/dags/05_etl_weather_postgres.py took 0.116 seconds
[2026-09-08T04:37:02.872+0000] {processor.py:186} INFO - Started process (PID=244) to work on /opt/airflow/dags/05_etl_weather_postgres.py
[2026-09-08T04:37:02.873+0000] {processor.py:914} INFO - Processing file /opt/airflow/dags/05_etl_weather_postgres.py for tasks to queue
[2026-09-08T04:37:02.874+0000] {logging_mixin.py:190} INFO - [2026-09-08T04:37:02.874+0000] {dagbag.py:588} INFO - Filling up the DagBag from /opt/airflow/dags/05_etl_weather_postgres.py
[2026-09-08T04:37:02.887+0000] {processor.py:925} INFO - DAG(s) 'etl_weather_postgres_dag' retrieved from /opt/airflow/dags/05_etl_weather_postgres.py
[2026-09-08T04:37:02.910+0000] {logging_mixin.py:190} INFO - [2026-09-08T04:37:02.910+0000] {dag.py:3239} INFO - Sync 1 DAGs
[2026-09-08T04:37:02.922+0000] {logging_mixin.py:190} INFO - [2026-09-08T04:37:02.921+0000] {dag.py:4180} INFO - Setting next_dagrun for etl_weather_postgres_dag to None, run_after=None
[2026-09-08T04:37:02.937+0000] {processor.py:208} INFO - Processing /opt/airflow/dags/05_etl_weather_postgres.py took 0.070 seconds
[2026-09-08T04:37:33.428+0000] {processor.py:186} INFO - Started process (PID=258) to work on /opt/airflow/dags/05_etl_weather_postgres.py
[2026-09-08T04:37:33.429+0000] {processor.py:914} INFO - Processing file /opt/airflow/dags/05_etl_weather_postgres.py for tasks to queue
[2026-09-08T04:37:33.430+0000] {logging_mixin.py:190} INFO - [2026-09-08T04:37:33.429+0000] {dagbag.py:588} INFO - Filling up the DagBag from /opt/airflow/dags/05_etl_weather_postgres.py
[2026-09-08T04:37:33.441+0000] {processor.py:925} INFO - DAG(s) 'etl_weather_postgres_dag' retrieved from /opt/airflow/dags/05_etl_weather_postgres.py
[2026-09-08T04:37:33.464+0000] {logging_mixin.py:190} INFO - [2026-09-08T04:37:33.464+0000] {dag.py:3239} INFO - Sync 1 DAGs
[2026-09-08T04:37:33.475+0000] {logging_mixin.py:190} INFO - [2026-09-08T04:37:33.475+0000] {dag.py:4180} INFO - Setting next_dagrun for etl_weather_postgres_dag to None, run_after=None
[2026-09-08T04:37:33.491+0000] {processor.py:208} INFO - Processing /opt/airflow/dags/05_etl_weather_postgres.py took 0.068 seconds
[2026-09-08T04:38:04.070+0000] {processor.py:186} INFO - Started process (PID=272) to work on /opt/airflow/dags/05_etl_weather_postgres.py
[2026-09-08T04:38:04.070+0000] {processor.py:914} INFO - Processing file /opt/airflow/dags/05_etl_weather_postgres.py for tasks to queue
[2026-09-08T04:38:04.071+0000] {logging_mixin.py:190} INFO - [2026-09-08T04:38:04.071+0000] {dagbag.py:588} INFO - Filling up the DagBag from /opt/airflow/dags/05_etl_weather_postgres.py
[2026-09-08T04:38:04.086+0000] {processor.py:925} INFO - DAG(s) 'etl_weather_postgres_dag' retrieved from /opt/airflow/dags/05_etl_weather_postgres.py
[2026-09-08T04:38:04.108+0000] {logging_mixin.py:190} INFO - [2026-09-08T04:38:04.108+0000] {dag.py:3239} INFO - Sync 1 DAGs
[2026-09-08T04:38:04.119+0000] {logging_mixin.py:190} INFO - [2026-09-08T04:38:04.119+0000] {dag.py:4180} INFO - Setting next_dagrun for etl_weather_postgres_dag to None, run_after=None
[2026-09-08T04:38:04.134+0000] {processor.py:208} INFO - Processing /opt/airflow/dags/05_etl_weather_postgres.py took 0.069 seconds
[2026-09-08T04:38:34.614+0000] {processor.py:186} INFO - Started process (PID=286) to work on /opt/airflow/dags/05_etl_weather_postgres.py
[2026-09-08T04:38:34.615+0000] {processor.py:914} INFO - Processing file /opt/airflow/dags/05_etl_weather_postgres.py for tasks to queue
[2026-09-08T04:38:34.616+0000] {logging_mixin.py:190} INFO - [2026-09-08T04:38:34.616+0000] {dagbag.py:588} INFO - Filling up the DagBag from /opt/airflow/dags/05_etl_weather_postgres.py
[2026-09-08T04:38:34.632+0000] {processor.py:925} INFO - DAG(s) 'etl_weather_postgres_dag' retrieved from /opt/airflow/dags/05_etl_weather_postgres.py
[2026-09-08T04:38:34.662+0000] {logging_mixin.py:190} INFO - [2026-09-08T04:38:34.662+0000] {dag.py:3239} INFO - Sync 1 DAGs
[2026-09-08T04:38:34.673+0000] {logging_mixin.py:190} INFO - [2026-09-08T04:38:34.673+0000] {dag.py:4180} INFO - Setting next_dagrun for etl_weather_postgres_dag to None, run_after=None
[2026-09-08T04:38:34.689+0000] {processor.py:208} INFO - Processing /opt/airflow/dags/05_etl_weather_postgres.py took 0.081 seconds
[2026-09-08T04:39:05.167+0000] {processor.py:186} INFO - Started process (PID=300) to work on /opt/airflow/dags/05_etl_weather_postgres.py
[2026-09-08T04:39:05.167+0000] {processor.py:914} INFO - Processing file /opt/airflow/dags/05_etl_weather_postgres.py for tasks to queue
[2026-09-08T04:39:05.168+0000] {logging_mixin.py:190} INFO - [2026-09-08T04:39:05.168+0000] {dagbag.py:588} INFO - Filling up the DagBag from /opt/airflow/dags/05_etl_weather_postgres.py
[2026-09-08T04:39:05.195+0000] {processor.py:925} INFO - DAG(s) 'etl_weather_postgres_dag' retrieved from /opt/airflow/dags/05_etl_weather_postgres.py
[2026-09-08T04:39:05.235+0000] {logging_mixin.py:190} INFO - [2026-09-08T04:39:05.234+0000] {dag.py:3239} INFO - Sync 1 DAGs
[2026-09-08T04:39:05.251+0000] {logging_mixin.py:190} INFO - [2026-09-08T04:39:05.251+0000] {dag.py:4180} INFO - Setting next_dagrun for etl_weather_postgres_dag to None, run_after=None
[2026-09-08T04:39:05.270+0000] {processor.py:208} INFO - Processing /opt/airflow/dags/05_etl_weather_postgres.py took 0.108 seconds
[2026-09-08T04:39:35.778+0000] {processor.py:186} INFO - Started process (PID=314) to work on /opt/airflow/dags/05_etl_weather_postgres.py
[2026-09-08T04:39:35.779+0000] {processor.py:914} INFO - Processing file /opt/airflow/dags/05_etl_weather_postgres.py for tasks to queue
[2026-09-08T04:39:35.780+0000] {logging_mixin.py:190} INFO - [2026-09-08T04:39:35.780+0000] {dagbag.py:588} INFO - Filling up the DagBag from /opt/airflow/dags/05_etl_weather_postgres.py
[2026-09-08T04:39:35.797+0000] {processor.py:925} INFO - DAG(s) 'etl_weather_postgres_dag' retrieved from /opt/airflow/dags/05_etl_weather_postgres.py
[2026-09-08T04:39:35.825+0000] {logging_mixin.py:190} INFO - [2026-09-08T04:39:35.825+0000] {dag.py:3239} INFO - Sync 1 DAGs
[2026-09-08T04:39:35.844+0000] {logging_mixin.py:190} INFO - [2026-09-08T04:39:35.844+0000] {dag.py:4180} INFO - Setting next_dagrun for etl_weather_postgres_dag to None, run_after=None
[2026-09-08T04:39:35.871+0000] {processor.py:208} INFO - Processing /opt/airflow/dags/05_etl_weather_postgres.py took 0.097 seconds
[2026-09-08T04:40:06.368+0000] {processor.py:186} INFO - Started process (PID=328) to work on /opt/airflow/dags/05_etl_weather_postgres.py
[2026-09-08T04:40:06.369+0000] {processor.py:914} INFO - Processing file /opt/airflow/dags/05_etl_weather_postgres.py for tasks to queue
[2026-09-08T04:40:06.370+0000] {logging_mixin.py:190} INFO - [2026-09-08T04:40:06.369+0000] {dagbag.py:588} INFO - Filling up the DagBag from /opt/airflow/dags/05_etl_weather_postgres.py
[2026-09-08T04:40:06.383+0000] {processor.py:925} INFO - DAG(s) 'etl_weather_postgres_dag' retrieved from /opt/airflow/dags/05_etl_weather_postgres.py
[2026-09-08T04:40:06.404+0000] {logging_mixin.py:190} INFO - [2026-09-08T04:40:06.404+0000] {dag.py:3239} INFO - Sync 1 DAGs
[2026-09-08T04:40:06.415+0000] {logging_mixin.py:190} INFO - [2026-09-08T04:40:06.415+0000] {dag.py:4180} INFO - Setting next_dagrun for etl_weather_postgres_dag to None, run_after=None
[2026-09-08T04:40:06.430+0000] {processor.py:208} INFO - Processing /opt/airflow/dags/05_etl_weather_postgres.py took 0.066 seconds
[2026-09-08T04:40:37.036+0000] {processor.py:186} INFO - Started process (PID=342) to work on /opt/airflow/dags/05_etl_weather_postgres.py
[2026-09-08T04:40:37.037+0000] {processor.py:914} INFO - Processing file /opt/airflow/dags/05_etl_weather_postgres.py for tasks to queue
[2026-09-08T04:40:37.038+0000] {logging_mixin.py:190} INFO - [2026-09-08T04:40:37.038+0000] {dagbag.py:588} INFO - Filling up the DagBag from /opt/airflow/dags/05_etl_weather_postgres.py
[2026-09-08T04:40:37.054+0000] {processor.py:925} INFO - DAG(s) 'etl_weather_postgres_dag' retrieved from /opt/airflow/dags/05_etl_weather_postgres.py
[2026-09-08T04:40:37.078+0000] {logging_mixin.py:190} INFO - [2026-09-08T04:40:37.078+0000] {dag.py:3239} INFO - Sync 1 DAGs
[2026-09-08T04:40:37.090+0000] {logging_mixin.py:190} INFO - [2026-09-08T04:40:37.090+0000] {dag.py:4180} INFO - Setting next_dagrun for etl_weather_postgres_dag to None, run_after=None
[2026-09-08T04:40:37.109+0000] {processor.py:208} INFO - Processing /opt/airflow/dags/05_etl_weather_postgres.py took 0.078 seconds
[2026-09-08T04:41:07.756+0000] {processor.py:186} INFO - Started process (PID=356) to work on /opt/airflow/dags/05_etl_weather_postgres.py
[2026-09-08T04:41:07.756+0000] {processor.py:914} INFO - Processing file /opt/airflow/dags/05_etl_weather_postgres.py for tasks to queue
[2026-09-08T04:41:07.757+0000] {logging_mixin.py:190} INFO - [2026-09-08T04:41:07.757+0000] {dagbag.py:588} INFO - Filling up the DagBag from /opt/airflow/dags/05_etl_weather_postgres.py
[2026-09-08T04:41:07.773+0000] {processor.py:925} INFO - DAG(s) 'etl_weather_postgres_dag' retrieved from /opt/airflow/dags/05_etl_weather_postgres.py
[2026-09-08T04:41:07.796+0000] {logging_mixin.py:190} INFO - [2026-09-08T04:41:07.796+0000] {dag.py:3239} INFO - Sync 1 DAGs
[2026-09-08T04:41:07.811+0000] {logging_mixin.py:190} INFO - [2026-09-08T04:41:07.810+0000] {dag.py:4180} INFO - Setting next_dagrun for etl_weather_postgres_dag to None, run_after=None
[2026-09-08T04:41:07.833+0000] {processor.py:208} INFO - Processing /opt/airflow/dags/05_etl_weather_postgres.py took 0.082 seconds
[2026-09-08T04:41:38.337+0000] {processor.py:186} INFO - Started process (PID=370) to work on /opt/airflow/dags/05_etl_weather_postgres.py
[2026-09-08T04:41:38.338+0000] {processor.py:914} INFO - Processing file /opt/airflow/dags/05_etl_weather_postgres.py for tasks to queue
[2026-09-08T04:41:38.339+0000] {logging_mixin.py:190} INFO - [2026-09-08T04:41:38.339+0000] {dagbag.py:588} INFO - Filling up the DagBag from /opt/airflow/dags/05_etl_weather_postgres.py
[2026-09-08T04:41:38.356+0000] {processor.py:925} INFO - DAG(s) 'etl_weather_postgres_dag' retrieved from /opt/airflow/dags/05_etl_weather_postgres.py
[2026-09-08T04:41:38.379+0000] {logging_mixin.py:190} INFO - [2026-09-08T04:41:38.379+0000] {dag.py:3239} INFO - Sync 1 DAGs
[2026-09-08T04:41:38.391+0000] {logging_mixin.py:190} INFO - [2026-09-08T04:41:38.391+0000] {dag.py:4180} INFO - Setting next_dagrun for etl_weather_postgres_dag to None, run_after=None
[2026-09-08T04:41:38.410+0000] {processor.py:208} INFO - Processing /opt/airflow/dags/05_etl_weather_postgres.py took 0.079 seconds
[2026-09-08T04:42:09.092+0000] {processor.py:186} INFO - Started process (PID=384) to work on /opt/airflow/dags/05_etl_weather_postgres.py
[2026-09-08T04:42:09.093+0000] {processor.py:914} INFO - Processing file /opt/airflow/dags/05_etl_weather_postgres.py for tasks to queue
[2026-09-08T04:42:09.094+0000] {logging_mixin.py:190} INFO - [2026-09-08T04:42:09.094+0000] {dagbag.py:588} INFO - Filling up the DagBag from /opt/airflow/dags/05_etl_weather_postgres.py
[2026-09-08T04:42:09.108+0000] {processor.py:925} INFO - DAG(s) 'etl_weather_postgres_dag' retrieved from /opt/airflow/dags/05_etl_weather_postgres.py
[2026-09-08T04:42:09.133+0000] {logging_mixin.py:190} INFO - [2026-09-08T04:42:09.133+0000] {dag.py:3239} INFO - Sync 1 DAGs
[2026-09-08T04:42:09.146+0000] {logging_mixin.py:190} INFO - [2026-09-08T04:42:09.145+0000] {dag.py:4180} INFO - Setting next_dagrun for etl_weather_postgres_dag to None, run_after=None
[2026-09-08T04:42:09.170+0000] {processor.py:208} INFO - Processing /opt/airflow/dags/05_etl_weather_postgres.py took 0.083 seconds
[2026-09-08T04:42:39.664+0000] {processor.py:186} INFO - Started process (PID=398) to work on /opt/airflow/dags/05_etl_weather_postgres.py
[2026-09-08T04:42:39.665+0000] {processor.py:914} INFO - Processing file /opt/airflow/dags/05_etl_weather_postgres.py for tasks to queue
[2026-09-08T04:42:39.666+0000] {logging_mixin.py:190} INFO - [2026-09-08T04:42:39.665+0000] {dagbag.py:588} INFO - Filling up the DagBag from /opt/airflow/dags/05_etl_weather_postgres.py
[2026-09-08T04:42:39.681+0000] {processor.py:925} INFO - DAG(s) 'etl_weather_postgres_dag' retrieved from /opt/airflow/dags/05_etl_weather_postgres.py
[2026-09-08T04:42:39.706+0000] {logging_mixin.py:190} INFO - [2026-09-08T04:42:39.706+0000] {dag.py:3239} INFO - Sync 1 DAGs
[2026-09-08T04:42:39.720+0000] {logging_mixin.py:190} INFO - [2026-09-08T04:42:39.720+0000] {dag.py:4180} INFO - Setting next_dagrun for etl_weather_postgres_dag to None, run_after=None
[2026-09-08T04:42:39.736+0000] {processor.py:208} INFO - Processing /opt/airflow/dags/05_etl_weather_postgres.py took 0.076 seconds
[2026-09-08T04:43:10.222+0000] {processor.py:186} INFO - Started process (PID=412) to work on /opt/airflow/dags/05_etl_weather_postgres.py
[2026-09-08T04:43:10.222+0000] {processor.py:914} INFO - Processing file /opt/airflow/dags/05_etl_weather_postgres.py for tasks to queue
[2026-09-08T04:43:10.223+0000] {logging_mixin.py:190} INFO - [2026-09-08T04:43:10.223+0000] {dagbag.py:588} INFO - Filling up the DagBag from /opt/airflow/dags/05_etl_weather_postgres.py
[2026-09-08T04:43:10.237+0000] {processor.py:925} INFO - DAG(s) 'etl_weather_postgres_dag' retrieved from /opt/airflow/dags/05_etl_weather_postgres.py
[2026-09-08T04:43:10.260+0000] {logging_mixin.py:190} INFO - [2026-09-08T04:43:10.260+0000] {dag.py:3239} INFO - Sync 1 DAGs
[2026-09-08T04:43:10.272+0000] {logging_mixin.py:190} INFO - [2026-09-08T04:43:10.272+0000] {dag.py:4180} INFO - Setting next_dagrun for etl_weather_postgres_dag to None, run_after=None
[2026-09-08T04:43:10.287+0000] {processor.py:208} INFO - Processing /opt/airflow/dags/05_etl_weather_postgres.py took 0.070 seconds
[2026-09-08T04:43:40.756+0000] {processor.py:186} INFO - Started process (PID=426) to work on /opt/airflow/dags/05_etl_weather_postgres.py
[2026-09-08T04:43:40.756+0000] {processor.py:914} INFO - Processing file /opt/airflow/dags/05_etl_weather_postgres.py for tasks to queue
[2026-09-08T04:43:40.757+0000] {logging_mixin.py:190} INFO - [2026-09-08T04:43:40.757+0000] {dagbag.py:588} INFO - Filling up the DagBag from /opt/airflow/dags/05_etl_weather_postgres.py
[2026-09-08T04:43:40.770+0000] {processor.py:925} INFO - DAG(s) 'etl_weather_postgres_dag' retrieved from /opt/airflow/dags/05_etl_weather_postgres.py
[2026-09-08T04:43:40.793+0000] {logging_mixin.py:190} INFO - [2026-09-08T04:43:40.793+0000] {dag.py:3239} INFO - Sync 1 DAGs
[2026-09-08T04:43:40.804+0000] {logging_mixin.py:190} INFO - [2026-09-08T04:43:40.804+0000] {dag.py:4180} INFO - Setting next_dagrun for etl_weather_postgres_dag to None, run_after=None
[2026-09-08T04:43:40.821+0000] {processor.py:208} INFO - Processing /opt/airflow/dags/05_etl_weather_postgres.py took 0.070 seconds
[2026-09-08T04:44:11.369+0000] {processor.py:186} INFO - Started process (PID=440) to work on /opt/airflow/dags/05_etl_weather_postgres.py
[2026-09-08T04:44:11.369+0000] {processor.py:914} INFO - Processing file /opt/airflow/dags/05_etl_weather_postgres.py for tasks to queue
[2026-09-08T04:44:11.370+0000] {logging_mixin.py:190} INFO - [2026-09-08T04:44:11.370+0000] {dagbag.py:588} INFO - Filling up the DagBag from /opt/airflow/dags/05_etl_weather_postgres.py
[2026-09-08T04:44:11.382+0000] {processor.py:925} INFO - DAG(s) 'etl_weather_postgres_dag' retrieved from /opt/airflow/dags/05_etl_weather_postgres.py
[2026-09-08T04:44:11.410+0000] {logging_mixin.py:190} INFO - [2026-09-08T04:44:11.409+0000] {dag.py:3239} INFO - Sync 1 DAGs
[2026-09-08T04:44:11.421+0000] {logging_mixin.py:190} INFO - [2026-09-08T04:44:11.421+0000] {dag.py:4180} INFO - Setting next_dagrun for etl_weather_postgres_dag to None, run_after=None
[2026-09-08T04:44:11.436+0000] {processor.py:208} INFO - Processing /opt/airflow/dags/05_etl_weather_postgres.py took 0.072 seconds
[2026-09-08T04:44:41.894+0000] {processor.py:186} INFO - Started process (PID=454) to work on /opt/airflow/dags/05_etl_weather_postgres.py
[2026-09-08T04:44:41.895+0000] {processor.py:914} INFO - Processing file /opt/airflow/dags/05_etl_weather_postgres.py for tasks to queue
[2026-09-08T04:44:41.896+0000] {logging_mixin.py:190} INFO - [2026-09-08T04:44:41.895+0000] {dagbag.py:588} INFO - Filling up the DagBag from /opt/airflow/dags/05_etl_weather_postgres.py
[2026-09-08T04:44:41.912+0000] {processor.py:925} INFO - DAG(s) 'etl_weather_postgres_dag' retrieved from /opt/airflow/dags/05_etl_weather_postgres.py
[2026-09-08T04:44:41.939+0000] {logging_mixin.py:190} INFO - [2026-09-08T04:44:41.939+0000] {dag.py:3239} INFO - Sync 1 DAGs
[2026-09-08T04:44:41.950+0000] {logging_mixin.py:190} INFO - [2026-09-08T04:44:41.950+0000] {dag.py:4180} INFO - Setting next_dagrun for etl_weather_postgres_dag to None, run_after=None
[2026-09-08T04:44:41.992+0000] {processor.py:208} INFO - Processing /opt/airflow/dags/05_etl_weather_postgres.py took 0.104 seconds
[2026-09-08T04:45:12.386+0000] {processor.py:186} INFO - Started process (PID=468) to work on /opt/airflow/dags/05_etl_weather_postgres.py
[2026-09-08T04:45:12.386+0000] {processor.py:914} INFO - Processing file /opt/airflow/dags/05_etl_weather_postgres.py for tasks to queue
[2026-09-08T04:45:12.387+0000] {logging_mixin.py:190} INFO - [2026-09-08T04:45:12.387+0000] {dagbag.py:588} INFO - Filling up the DagBag from /opt/airflow/dags/05_etl_weather_postgres.py
[2026-09-08T04:45:12.400+0000] {processor.py:925} INFO - DAG(s) 'etl_weather_postgres_dag' retrieved from /opt/airflow/dags/05_etl_weather_postgres.py
[2026-09-08T04:45:12.422+0000] {logging_mixin.py:190} INFO - [2026-09-08T04:45:12.422+0000] {dag.py:3239} INFO - Sync 1 DAGs
[2026-09-08T04:45:12.437+0000] {logging_mixin.py:190} INFO - [2026-09-08T04:45:12.436+0000] {dag.py:4180} INFO - Setting next_dagrun for etl_weather_postgres_dag to None, run_after=None
[2026-09-08T04:45:12.453+0000] {processor.py:208} INFO - Processing /opt/airflow/dags/05_etl_weather_postgres.py took 0.072 seconds
[2026-09-08T04:45:42.972+0000] {processor.py:186} INFO - Started process (PID=482) to work on /opt/airflow/dags/05_etl_weather_postgres.py
[2026-09-08T04:45:42.973+0000] {processor.py:914} INFO - Processing file /opt/airflow/dags/05_etl_weather_postgres.py for tasks to queue
[2026-09-08T04:45:42.974+0000] {logging_mixin.py:190} INFO - [2026-09-08T04:45:42.974+0000] {dagbag.py:588} INFO - Filling up the DagBag from /opt/airflow/dags/05_etl_weather_postgres.py
[2026-09-08T04:45:42.987+0000] {processor.py:925} INFO - DAG(s) 'etl_weather_postgres_dag' retrieved from /opt/airflow/dags/05_etl_weather_postgres.py
[2026-09-08T04:45:43.009+0000] {logging_mixin.py:190} INFO - [2026-09-08T04:45:43.008+0000] {dag.py:3239} INFO - Sync 1 DAGs
[2026-09-08T04:45:43.021+0000] {logging_mixin.py:190} INFO - [2026-09-08T04:45:43.020+0000] {dag.py:4180} INFO - Setting next_dagrun for etl_weather_postgres_dag to None, run_after=None
[2026-09-08T04:45:43.039+0000] {processor.py:208} INFO - Processing /opt/airflow/dags/05_etl_weather_postgres.py took 0.071 seconds
[2026-09-08T04:46:13.556+0000] {processor.py:186} INFO - Started process (PID=496) to work on /opt/airflow/dags/05_etl_weather_postgres.py
[2026-09-08T04:46:13.556+0000] {processor.py:914} INFO - Processing file /opt/airflow/dags/05_etl_weather_postgres.py for tasks to queue
[2026-09-08T04:46:13.557+0000] {logging_mixin.py:190} INFO - [2026-09-08T04:46:13.557+0000] {dagbag.py:588} INFO - Filling up the DagBag from /opt/airflow/dags/05_etl_weather_postgres.py
[2026-09-08T04:46:13.571+0000] {processor.py:925} INFO - DAG(s) 'etl_weather_postgres_dag' retrieved from /opt/airflow/dags/05_etl_weather_postgres.py
[2026-09-08T04:46:13.594+0000] {logging_mixin.py:190} INFO - [2026-09-08T04:46:13.594+0000] {dag.py:3239} INFO - Sync 1 DAGs
[2026-09-08T04:46:13.608+0000] {logging_mixin.py:190} INFO - [2026-09-08T04:46:13.608+0000] {dag.py:4180} INFO - Setting next_dagrun for etl_weather_postgres_dag to None, run_after=None
[2026-09-08T04:46:13.626+0000] {processor.py:208} INFO - Processing /opt/airflow/dags/05_etl_weather_postgres.py took 0.074 seconds
[2026-09-08T04:46:44.225+0000] {processor.py:186} INFO - Started process (PID=510) to work on /opt/airflow/dags/05_etl_weather_postgres.py
[2026-09-08T04:46:44.226+0000] {processor.py:914} INFO - Processing file /opt/airflow/dags/05_etl_weather_postgres.py for tasks to queue
[2026-09-08T04:46:44.227+0000] {logging_mixin.py:190} INFO - [2026-09-08T04:46:44.227+0000] {dagbag.py:588} INFO - Filling up the DagBag from /opt/airflow/dags/05_etl_weather_postgres.py
[2026-09-08T04:46:44.241+0000] {processor.py:925} INFO - DAG(s) 'etl_weather_postgres_dag' retrieved from /opt/airflow/dags/05_etl_weather_postgres.py
[2026-09-08T04:46:44.269+0000] {logging_mixin.py:190} INFO - [2026-09-08T04:46:44.268+0000] {dag.py:3239} INFO - Sync 1 DAGs
[2026-09-08T04:46:44.282+0000] {logging_mixin.py:190} INFO - [2026-09-08T04:46:44.282+0000] {dag.py:4180} INFO - Setting next_dagrun for etl_weather_postgres_dag to None, run_after=None
[2026-09-08T04:46:44.314+0000] {processor.py:208} INFO - Processing /opt/airflow/dags/05_etl_weather_postgres.py took 0.095 seconds
[2026-09-08T04:47:14.813+0000] {processor.py:186} INFO - Started process (PID=524) to work on /opt/airflow/dags/05_etl_weather_postgres.py
[2026-09-08T04:47:14.814+0000] {processor.py:914} INFO - Processing file /opt/airflow/dags/05_etl_weather_postgres.py for tasks to queue
[2026-09-08T04:47:14.815+0000] {logging_mixin.py:190} INFO - [2026-09-08T04:47:14.814+0000] {dagbag.py:588} INFO - Filling up the DagBag from /opt/airflow/dags/05_etl_weather_postgres.py
[2026-09-08T04:47:14.828+0000] {processor.py:925} INFO - DAG(s) 'etl_weather_postgres_dag' retrieved from /opt/airflow/dags/05_etl_weather_postgres.py
[2026-09-08T04:47:14.849+0000] {logging_mixin.py:190} INFO - [2026-09-08T04:47:14.849+0000] {dag.py:3239} INFO - Sync 1 DAGs
[2026-09-08T04:47:14.860+0000] {logging_mixin.py:190} INFO - [2026-09-08T04:47:14.860+0000] {dag.py:4180} INFO - Setting next_dagrun for etl_weather_postgres_dag to None, run_after=None
[2026-09-08T04:47:14.879+0000] {processor.py:208} INFO - Processing /opt/airflow/dags/05_etl_weather_postgres.py took 0.071 seconds
[2026-09-08T04:47:45.584+0000] {processor.py:186} INFO - Started process (PID=539) to work on /opt/airflow/dags/05_etl_weather_postgres.py
[2026-09-08T04:47:45.585+0000] {processor.py:914} INFO - Processing file /opt/airflow/dags/05_etl_weather_postgres.py for tasks to queue
[2026-09-08T04:47:45.586+0000] {logging_mixin.py:190} INFO - [2026-09-08T04:47:45.585+0000] {dagbag.py:588} INFO - Filling up the DagBag from /opt/airflow/dags/05_etl_weather_postgres.py
[2026-09-08T04:47:45.604+0000] {processor.py:925} INFO - DAG(s) 'etl_weather_postgres_dag' retrieved from /opt/airflow/dags/05_etl_weather_postgres.py
[2026-09-08T04:47:45.632+0000] {logging_mixin.py:190} INFO - [2026-09-08T04:47:45.631+0000] {dag.py:3239} INFO - Sync 1 DAGs
[2026-09-08T04:47:45.645+0000] {logging_mixin.py:190} INFO - [2026-09-08T04:47:45.645+0000] {dag.py:4180} INFO - Setting next_dagrun for etl_weather_postgres_dag to None, run_after=None
[2026-09-08T04:47:45.662+0000] {processor.py:208} INFO - Processing /opt/airflow/dags/05_etl_weather_postgres.py took 0.085 seconds
[2026-09-08T04:48:16.189+0000] {processor.py:186} INFO - Started process (PID=553) to work on /opt/airflow/dags/05_etl_weather_postgres.py
[2026-09-08T04:48:16.189+0000] {processor.py:914} INFO - Processing file /opt/airflow/dags/05_etl_weather_postgres.py for tasks to queue
[2026-09-08T04:48:16.191+0000] {logging_mixin.py:190} INFO - [2026-09-08T04:48:16.190+0000] {dagbag.py:588} INFO - Filling up the DagBag from /opt/airflow/dags/05_etl_weather_postgres.py
[2026-09-08T04:48:16.205+0000] {processor.py:925} INFO - DAG(s) 'etl_weather_postgres_dag' retrieved from /opt/airflow/dags/05_etl_weather_postgres.py
[2026-09-08T04:48:16.231+0000] {logging_mixin.py:190} INFO - [2026-09-08T04:48:16.231+0000] {dag.py:3239} INFO - Sync 1 DAGs
[2026-09-08T04:48:16.244+0000] {logging_mixin.py:190} INFO - [2026-09-08T04:48:16.244+0000] {dag.py:4180} INFO - Setting next_dagrun for etl_weather_postgres_dag to None, run_after=None
[2026-09-08T04:48:16.263+0000] {processor.py:208} INFO - Processing /opt/airflow/dags/05_etl_weather_postgres.py took 0.080 seconds
[2026-09-08T04:48:46.795+0000] {processor.py:186} INFO - Started process (PID=567) to work on /opt/airflow/dags/05_etl_weather_postgres.py
[2026-09-08T04:48:46.796+0000] {processor.py:914} INFO - Processing file /opt/airflow/dags/05_etl_weather_postgres.py for tasks to queue
[2026-09-08T04:48:46.797+0000] {logging_mixin.py:190} INFO - [2026-09-08T04:48:46.797+0000] {dagbag.py:588} INFO - Filling up the DagBag from /opt/airflow/dags/05_etl_weather_postgres.py
[2026-09-08T04:48:46.811+0000] {processor.py:925} INFO - DAG(s) 'etl_weather_postgres_dag' retrieved from /opt/airflow/dags/05_etl_weather_postgres.py
[2026-09-08T04:48:46.835+0000] {logging_mixin.py:190} INFO - [2026-09-08T04:48:46.835+0000] {dag.py:3239} INFO - Sync 1 DAGs
[2026-09-08T04:48:46.847+0000] {logging_mixin.py:190} INFO - [2026-09-08T04:48:46.847+0000] {dag.py:4180} INFO - Setting next_dagrun for etl_weather_postgres_dag to None, run_after=None
[2026-09-08T04:48:46.866+0000] {processor.py:208} INFO - Processing /opt/airflow/dags/05_etl_weather_postgres.py took 0.075 seconds
[2026-09-08T04:49:17.269+0000] {processor.py:186} INFO - Started process (PID=581) to work on /opt/airflow/dags/05_etl_weather_postgres.py
[2026-09-08T04:49:17.270+0000] {processor.py:914} INFO - Processing file /opt/airflow/dags/05_etl_weather_postgres.py for tasks to queue
[2026-09-08T04:49:17.271+0000] {logging_mixin.py:190} INFO - [2026-09-08T04:49:17.271+0000] {dagbag.py:588} INFO - Filling up the DagBag from /opt/airflow/dags/05_etl_weather_postgres.py
[2026-09-08T04:49:17.284+0000] {processor.py:925} INFO - DAG(s) 'etl_weather_postgres_dag' retrieved from /opt/airflow/dags/05_etl_weather_postgres.py
[2026-09-08T04:49:17.309+0000] {logging_mixin.py:190} INFO - [2026-09-08T04:49:17.309+0000] {dag.py:3239} INFO - Sync 1 DAGs
[2026-09-08T04:49:17.321+0000] {logging_mixin.py:190} INFO - [2026-09-08T04:49:17.320+0000] {dag.py:4180} INFO - Setting next_dagrun for etl_weather_postgres_dag to None, run_after=None
[2026-09-08T04:49:17.340+0000] {processor.py:208} INFO - Processing /opt/airflow/dags/05_etl_weather_postgres.py took 0.075 seconds
[2026-09-08T04:49:47.832+0000] {processor.py:186} INFO - Started process (PID=596) to work on /opt/airflow/dags/05_etl_weather_postgres.py
[2026-09-08T04:49:47.832+0000] {processor.py:914} INFO - Processing file /opt/airflow/dags/05_etl_weather_postgres.py for tasks to queue
[2026-09-08T04:49:47.833+0000] {logging_mixin.py:190} INFO - [2026-09-08T04:49:47.833+0000] {dagbag.py:588} INFO - Filling up the DagBag from /opt/airflow/dags/05_etl_weather_postgres.py
[2026-09-08T04:49:47.848+0000] {processor.py:925} INFO - DAG(s) 'etl_weather_postgres_dag' retrieved from /opt/airflow/dags/05_etl_weather_postgres.py
[2026-09-08T04:49:47.874+0000] {logging_mixin.py:190} INFO - [2026-09-08T04:49:47.874+0000] {dag.py:3239} INFO - Sync 1 DAGs
[2026-09-08T04:49:47.889+0000] {logging_mixin.py:190} INFO - [2026-09-08T04:49:47.889+0000] {dag.py:4180} INFO - Setting next_dagrun for etl_weather_postgres_dag to None, run_after=None
[2026-09-08T04:49:47.909+0000] {processor.py:208} INFO - Processing /opt/airflow/dags/05_etl_weather_postgres.py took 0.082 seconds
[2026-09-08T04:50:18.581+0000] {processor.py:186} INFO - Started process (PID=610) to work on /opt/airflow/dags/05_etl_weather_postgres.py
[2026-09-08T04:50:18.581+0000] {processor.py:914} INFO - Processing file /opt/airflow/dags/05_etl_weather_postgres.py for tasks to queue
[2026-09-08T04:50:18.582+0000] {logging_mixin.py:190} INFO - [2026-09-08T04:50:18.582+0000] {dagbag.py:588} INFO - Filling up the DagBag from /opt/airflow/dags/05_etl_weather_postgres.py
[2026-09-08T04:50:18.600+0000] {processor.py:925} INFO - DAG(s) 'etl_weather_postgres_dag' retrieved from /opt/airflow/dags/05_etl_weather_postgres.py
[2026-09-08T04:50:18.624+0000] {logging_mixin.py:190} INFO - [2026-09-08T04:50:18.623+0000] {dag.py:3239} INFO - Sync 1 DAGs
[2026-09-08T04:50:18.637+0000] {logging_mixin.py:190} INFO - [2026-09-08T04:50:18.636+0000] {dag.py:4180} INFO - Setting next_dagrun for etl_weather_postgres_dag to None, run_after=None
[2026-09-08T04:50:18.659+0000] {processor.py:208} INFO - Processing /opt/airflow/dags/05_etl_weather_postgres.py took 0.084 seconds
[2026-09-08T04:50:49.190+0000] {processor.py:186} INFO - Started process (PID=624) to work on /opt/airflow/dags/05_etl_weather_postgres.py
[2026-09-08T04:50:49.191+0000] {processor.py:914} INFO - Processing file /opt/airflow/dags/05_etl_weather_postgres.py for tasks to queue
[2026-09-08T04:50:49.192+0000] {logging_mixin.py:190} INFO - [2026-09-08T04:50:49.192+0000] {dagbag.py:588} INFO - Filling up the DagBag from /opt/airflow/dags/05_etl_weather_postgres.py
[2026-09-08T04:50:49.205+0000] {processor.py:925} INFO - DAG(s) 'etl_weather_postgres_dag' retrieved from /opt/airflow/dags/05_etl_weather_postgres.py
[2026-09-08T04:50:49.229+0000] {logging_mixin.py:190} INFO - [2026-09-08T04:50:49.229+0000] {dag.py:3239} INFO - Sync 1 DAGs
[2026-09-08T04:50:49.241+0000] {logging_mixin.py:190} INFO - [2026-09-08T04:50:49.241+0000] {dag.py:4180} INFO - Setting next_dagrun for etl_weather_postgres_dag to None, run_after=None
[2026-09-08T04:50:49.259+0000] {processor.py:208} INFO - Processing /opt/airflow/dags/05_etl_weather_postgres.py took 0.073 seconds
[2026-09-08T04:51:19.783+0000] {processor.py:186} INFO - Started process (PID=638) to work on /opt/airflow/dags/05_etl_weather_postgres.py
[2026-09-08T04:51:19.784+0000] {processor.py:914} INFO - Processing file /opt/airflow/dags/05_etl_weather_postgres.py for tasks to queue
[2026-09-08T04:51:19.785+0000] {logging_mixin.py:190} INFO - [2026-09-08T04:51:19.784+0000] {dagbag.py:588} INFO - Filling up the DagBag from /opt/airflow/dags/05_etl_weather_postgres.py
[2026-09-08T04:51:19.798+0000] {processor.py:925} INFO - DAG(s) 'etl_weather_postgres_dag' retrieved from /opt/airflow/dags/05_etl_weather_postgres.py
[2026-09-08T04:51:19.824+0000] {logging_mixin.py:190} INFO - [2026-09-08T04:51:19.824+0000] {dag.py:3239} INFO - Sync 1 DAGs
[2026-09-08T04:51:19.836+0000] {logging_mixin.py:190} INFO - [2026-09-08T04:51:19.836+0000] {dag.py:4180} INFO - Setting next_dagrun for etl_weather_postgres_dag to None, run_after=None
[2026-09-08T04:51:19.855+0000] {processor.py:208} INFO - Processing /opt/airflow/dags/05_etl_weather_postgres.py took 0.077 seconds
[2026-09-08T04:51:50.349+0000] {processor.py:186} INFO - Started process (PID=652) to work on /opt/airflow/dags/05_etl_weather_postgres.py
[2026-09-08T04:51:50.350+0000] {processor.py:914} INFO - Processing file /opt/airflow/dags/05_etl_weather_postgres.py for tasks to queue
[2026-09-08T04:51:50.351+0000] {logging_mixin.py:190} INFO - [2026-09-08T04:51:50.351+0000] {dagbag.py:588} INFO - Filling up the DagBag from /opt/airflow/dags/05_etl_weather_postgres.py
[2026-09-08T04:51:50.364+0000] {processor.py:925} INFO - DAG(s) 'etl_weather_postgres_dag' retrieved from /opt/airflow/dags/05_etl_weather_postgres.py
[2026-09-08T04:51:50.387+0000] {logging_mixin.py:190} INFO - [2026-09-08T04:51:50.387+0000] {dag.py:3239} INFO - Sync 1 DAGs
[2026-09-08T04:51:50.402+0000] {logging_mixin.py:190} INFO - [2026-09-08T04:51:50.402+0000] {dag.py:4180} INFO - Setting next_dagrun for etl_weather_postgres_dag to None, run_after=None
[2026-09-08T04:51:50.420+0000] {processor.py:208} INFO - Processing /opt/airflow/dags/05_etl_weather_postgres.py took 0.075 seconds
[2026-09-08T04:52:20.908+0000] {processor.py:186} INFO - Started process (PID=666) to work on /opt/airflow/dags/05_etl_weather_postgres.py
[2026-09-08T04:52:20.909+0000] {processor.py:914} INFO - Processing file /opt/airflow/dags/05_etl_weather_postgres.py for tasks to queue
[2026-09-08T04:52:20.910+0000] {logging_mixin.py:190} INFO - [2026-09-08T04:52:20.909+0000] {dagbag.py:588} INFO - Filling up the DagBag from /opt/airflow/dags/05_etl_weather_postgres.py
[2026-09-08T04:52:20.923+0000] {processor.py:925} INFO - DAG(s) 'etl_weather_postgres_dag' retrieved from /opt/airflow/dags/05_etl_weather_postgres.py
[2026-09-08T04:52:20.948+0000] {logging_mixin.py:190} INFO - [2026-09-08T04:52:20.948+0000] {dag.py:3239} INFO - Sync 1 DAGs
[2026-09-08T04:52:20.962+0000] {logging_mixin.py:190} INFO - [2026-09-08T04:52:20.961+0000] {dag.py:4180} INFO - Setting next_dagrun for etl_weather_postgres_dag to None, run_after=None
[2026-09-08T04:52:20.982+0000] {processor.py:208} INFO - Processing /opt/airflow/dags/05_etl_weather_postgres.py took 0.078 seconds
[2026-09-08T04:52:51.459+0000] {processor.py:186} INFO - Started process (PID=680) to work on /opt/airflow/dags/05_etl_weather_postgres.py
[2026-09-08T04:52:51.459+0000] {processor.py:914} INFO - Processing file /opt/airflow/dags/05_etl_weather_postgres.py for tasks to queue
[2026-09-08T04:52:51.460+0000] {logging_mixin.py:190} INFO - [2026-09-08T04:52:51.460+0000] {dagbag.py:588} INFO - Filling up the DagBag from /opt/airflow/dags/05_etl_weather_postgres.py
[2026-09-08T04:52:51.475+0000] {processor.py:925} INFO - DAG(s) 'etl_weather_postgres_dag' retrieved from /opt/airflow/dags/05_etl_weather_postgres.py
[2026-09-08T04:52:51.497+0000] {logging_mixin.py:190} INFO - [2026-09-08T04:52:51.497+0000] {dag.py:3239} INFO - Sync 1 DAGs
[2026-09-08T04:52:51.509+0000] {logging_mixin.py:190} INFO - [2026-09-08T04:52:51.509+0000] {dag.py:4180} INFO - Setting next_dagrun for etl_weather_postgres_dag to None, run_after=None
[2026-09-08T04:52:51.527+0000] {processor.py:208} INFO - Processing /opt/airflow/dags/05_etl_weather_postgres.py took 0.073 seconds
[2026-09-08T04:53:22.071+0000] {processor.py:186} INFO - Started process (PID=694) to work on /opt/airflow/dags/05_etl_weather_postgres.py
[2026-09-08T04:53:22.072+0000] {processor.py:914} INFO - Processing file /opt/airflow/dags/05_etl_weather_postgres.py for tasks to queue
[2026-09-08T04:53:22.073+0000] {logging_mixin.py:190} INFO - [2026-09-08T04:53:22.073+0000] {dagbag.py:588} INFO - Filling up the DagBag from /opt/airflow/dags/05_etl_weather_postgres.py
[2026-09-08T04:53:22.095+0000] {processor.py:925} INFO - DAG(s) 'etl_weather_postgres_dag' retrieved from /opt/airflow/dags/05_etl_weather_postgres.py
[2026-09-08T04:53:22.127+0000] {logging_mixin.py:190} INFO - [2026-09-08T04:53:22.127+0000] {dag.py:3239} INFO - Sync 1 DAGs
[2026-09-08T04:53:22.141+0000] {logging_mixin.py:190} INFO - [2026-09-08T04:53:22.140+0000] {dag.py:4180} INFO - Setting next_dagrun for etl_weather_postgres_dag to None, run_after=None
[2026-09-08T04:53:22.189+0000] {processor.py:208} INFO - Processing /opt/airflow/dags/05_etl_weather_postgres.py took 0.125 seconds
[2026-09-08T04:53:52.761+0000] {processor.py:186} INFO - Started process (PID=708) to work on /opt/airflow/dags/05_etl_weather_postgres.py
[2026-09-08T04:53:52.762+0000] {processor.py:914} INFO - Processing file /opt/airflow/dags/05_etl_weather_postgres.py for tasks to queue
[2026-09-08T04:53:52.763+0000] {logging_mixin.py:190} INFO - [2026-09-08T04:53:52.763+0000] {dagbag.py:588} INFO - Filling up the DagBag from /opt/airflow/dags/05_etl_weather_postgres.py
[2026-09-08T04:53:52.784+0000] {processor.py:925} INFO - DAG(s) 'etl_weather_postgres_dag' retrieved from /opt/airflow/dags/05_etl_weather_postgres.py
[2026-09-08T04:53:52.815+0000] {logging_mixin.py:190} INFO - [2026-09-08T04:53:52.815+0000] {dag.py:3239} INFO - Sync 1 DAGs
[2026-09-08T04:53:52.829+0000] {logging_mixin.py:190} INFO - [2026-09-08T04:53:52.829+0000] {dag.py:4180} INFO - Setting next_dagrun for etl_weather_postgres_dag to None, run_after=None
[2026-09-08T04:53:52.859+0000] {processor.py:208} INFO - Processing /opt/airflow/dags/05_etl_weather_postgres.py took 0.103 seconds
[2026-09-08T04:54:23.303+0000] {processor.py:186} INFO - Started process (PID=722) to work on /opt/airflow/dags/05_etl_weather_postgres.py
[2026-09-08T04:54:23.303+0000] {processor.py:914} INFO - Processing file /opt/airflow/dags/05_etl_weather_postgres.py for tasks to queue
[2026-09-08T04:54:23.305+0000] {logging_mixin.py:190} INFO - [2026-09-08T04:54:23.304+0000] {dagbag.py:588} INFO - Filling up the DagBag from /opt/airflow/dags/05_etl_weather_postgres.py
[2026-09-08T04:54:23.317+0000] {processor.py:925} INFO - DAG(s) 'etl_weather_postgres_dag' retrieved from /opt/airflow/dags/05_etl_weather_postgres.py
[2026-09-08T04:54:23.340+0000] {logging_mixin.py:190} INFO - [2026-09-08T04:54:23.340+0000] {dag.py:3239} INFO - Sync 1 DAGs
[2026-09-08T04:54:23.352+0000] {logging_mixin.py:190} INFO - [2026-09-08T04:54:23.351+0000] {dag.py:4180} INFO - Setting next_dagrun for etl_weather_postgres_dag to None, run_after=None
[2026-09-08T04:54:23.367+0000] {processor.py:208} INFO - Processing /opt/airflow/dags/05_etl_weather_postgres.py took 0.069 seconds
[2026-09-08T04:54:53.830+0000] {processor.py:186} INFO - Started process (PID=736) to work on /opt/airflow/dags/05_etl_weather_postgres.py
[2026-09-08T04:54:53.831+0000] {processor.py:914} INFO - Processing file /opt/airflow/dags/05_etl_weather_postgres.py for tasks to queue
[2026-09-08T04:54:53.832+0000] {logging_mixin.py:190} INFO - [2026-09-08T04:54:53.831+0000] {dagbag.py:588} INFO - Filling up the DagBag from /opt/airflow/dags/05_etl_weather_postgres.py
[2026-09-08T04:54:53.846+0000] {processor.py:925} INFO - DAG(s) 'etl_weather_postgres_dag' retrieved from /opt/airflow/dags/05_etl_weather_postgres.py
[2026-09-08T04:54:53.873+0000] {logging_mixin.py:190} INFO - [2026-09-08T04:54:53.872+0000] {dag.py:3239} INFO - Sync 1 DAGs
[2026-09-08T04:54:53.884+0000] {logging_mixin.py:190} INFO - [2026-09-08T04:54:53.884+0000] {dag.py:4180} INFO - Setting next_dagrun for etl_weather_postgres_dag to None, run_after=None
[2026-09-08T04:54:53.902+0000] {processor.py:208} INFO - Processing /opt/airflow/dags/05_etl_weather_postgres.py took 0.077 seconds
[2026-09-08T04:55:24.404+0000] {processor.py:186} INFO - Started process (PID=750) to work on /opt/airflow/dags/05_etl_weather_postgres.py
[2026-09-08T04:55:24.405+0000] {processor.py:914} INFO - Processing file /opt/airflow/dags/05_etl_weather_postgres.py for tasks to queue
[2026-09-08T04:55:24.406+0000] {logging_mixin.py:190} INFO - [2026-09-08T04:55:24.405+0000] {dagbag.py:588} INFO - Filling up the DagBag from /opt/airflow/dags/05_etl_weather_postgres.py
[2026-09-08T04:55:24.420+0000] {processor.py:925} INFO - DAG(s) 'etl_weather_postgres_dag' retrieved from /opt/airflow/dags/05_etl_weather_postgres.py
[2026-09-08T04:55:24.447+0000] {logging_mixin.py:190} INFO - [2026-09-08T04:55:24.447+0000] {dag.py:3239} INFO - Sync 1 DAGs
[2026-09-08T04:55:24.460+0000] {logging_mixin.py:190} INFO - [2026-09-08T04:55:24.460+0000] {dag.py:4180} INFO - Setting next_dagrun for etl_weather_postgres_dag to None, run_after=None
[2026-09-08T04:55:24.479+0000] {processor.py:208} INFO - Processing /opt/airflow/dags/05_etl_weather_postgres.py took 0.080 seconds
[2026-09-08T04:55:55.046+0000] {processor.py:186} INFO - Started process (PID=764) to work on /opt/airflow/dags/05_etl_weather_postgres.py
[2026-09-08T04:55:55.047+0000] {processor.py:914} INFO - Processing file /opt/airflow/dags/05_etl_weather_postgres.py for tasks to queue
[2026-09-08T04:55:55.048+0000] {logging_mixin.py:190} INFO - [2026-09-08T04:55:55.048+0000] {dagbag.py:588} INFO - Filling up the DagBag from /opt/airflow/dags/05_etl_weather_postgres.py
[2026-09-08T04:55:55.062+0000] {processor.py:925} INFO - DAG(s) 'etl_weather_postgres_dag' retrieved from /opt/airflow/dags/05_etl_weather_postgres.py
[2026-09-08T04:55:55.085+0000] {logging_mixin.py:190} INFO - [2026-09-08T04:55:55.084+0000] {dag.py:3239} INFO - Sync 1 DAGs
[2026-09-08T04:55:55.096+0000] {logging_mixin.py:190} INFO - [2026-09-08T04:55:55.096+0000] {dag.py:4180} INFO - Setting next_dagrun for etl_weather_postgres_dag to None, run_after=None
[2026-09-08T04:55:55.115+0000] {processor.py:208} INFO - Processing /opt/airflow/dags/05_etl_weather_postgres.py took 0.073 seconds
[2026-09-08T04:56:25.567+0000] {processor.py:186} INFO - Started process (PID=776) to work on /opt/airflow/dags/05_etl_weather_postgres.py
[2026-09-08T04:56:25.568+0000] {processor.py:914} INFO - Processing file /opt/airflow/dags/05_etl_weather_postgres.py for tasks to queue
[2026-09-08T04:56:25.569+0000] {logging_mixin.py:190} INFO - [2026-09-08T04:56:25.568+0000] {dagbag.py:588} INFO - Filling up the DagBag from /opt/airflow/dags/05_etl_weather_postgres.py
[2026-09-08T04:56:25.582+0000] {processor.py:925} INFO - DAG(s) 'etl_weather_postgres_dag' retrieved from /opt/airflow/dags/05_etl_weather_postgres.py
[2026-09-08T04:56:25.606+0000] {logging_mixin.py:190} INFO - [2026-09-08T04:56:25.606+0000] {dag.py:3239} INFO - Sync 1 DAGs
[2026-09-08T04:56:25.619+0000] {logging_mixin.py:190} INFO - [2026-09-08T04:56:25.618+0000] {dag.py:4180} INFO - Setting next_dagrun for etl_weather_postgres_dag to None, run_after=None
[2026-09-08T04:56:25.638+0000] {processor.py:208} INFO - Processing /opt/airflow/dags/05_etl_weather_postgres.py took 0.076 seconds
[2026-09-08T04:56:56.261+0000] {processor.py:186} INFO - Started process (PID=796) to work on /opt/airflow/dags/05_etl_weather_postgres.py
[2026-09-08T04:56:56.261+0000] {processor.py:914} INFO - Processing file /opt/airflow/dags/05_etl_weather_postgres.py for tasks to queue
[2026-09-08T04:56:56.262+0000] {logging_mixin.py:190} INFO - [2026-09-08T04:56:56.262+0000] {dagbag.py:588} INFO - Filling up the DagBag from /opt/airflow/dags/05_etl_weather_postgres.py
[2026-09-08T04:56:56.274+0000] {processor.py:925} INFO - DAG(s) 'etl_weather_postgres_dag' retrieved from /opt/airflow/dags/05_etl_weather_postgres.py
[2026-09-08T04:56:56.296+0000] {logging_mixin.py:190} INFO - [2026-09-08T04:56:56.296+0000] {dag.py:3239} INFO - Sync 1 DAGs
[2026-09-08T04:56:56.307+0000] {logging_mixin.py:190} INFO - [2026-09-08T04:56:56.307+0000] {dag.py:4180} INFO - Setting next_dagrun for etl_weather_postgres_dag to None, run_after=None
[2026-09-08T04:56:56.329+0000] {processor.py:208} INFO - Processing /opt/airflow/dags/05_etl_weather_postgres.py took 0.074 seconds
[2026-09-08T04:57:27.066+0000] {processor.py:186} INFO - Started process (PID=810) to work on /opt/airflow/dags/05_etl_weather_postgres.py
[2026-09-08T04:57:27.067+0000] {processor.py:914} INFO - Processing file /opt/airflow/dags/05_etl_weather_postgres.py for tasks to queue
[2026-09-08T04:57:27.069+0000] {logging_mixin.py:190} INFO - [2026-09-08T04:57:27.068+0000] {dagbag.py:588} INFO - Filling up the DagBag from /opt/airflow/dags/05_etl_weather_postgres.py
[2026-09-08T04:57:27.093+0000] {processor.py:925} INFO - DAG(s) 'etl_weather_postgres_dag' retrieved from /opt/airflow/dags/05_etl_weather_postgres.py
[2026-09-08T04:57:27.128+0000] {logging_mixin.py:190} INFO - [2026-09-08T04:57:27.127+0000] {dag.py:3239} INFO - Sync 1 DAGs
[2026-09-08T04:57:27.143+0000] {logging_mixin.py:190} INFO - [2026-09-08T04:57:27.143+0000] {dag.py:4180} INFO - Setting next_dagrun for etl_weather_postgres_dag to None, run_after=None
[2026-09-08T04:57:27.166+0000] {processor.py:208} INFO - Processing /opt/airflow/dags/05_etl_weather_postgres.py took 0.106 seconds
[2026-09-08T04:57:57.724+0000] {processor.py:186} INFO - Started process (PID=824) to work on /opt/airflow/dags/05_etl_weather_postgres.py
[2026-09-08T04:57:57.725+0000] {processor.py:914} INFO - Processing file /opt/airflow/dags/05_etl_weather_postgres.py for tasks to queue
[2026-09-08T04:57:57.726+0000] {logging_mixin.py:190} INFO - [2026-09-08T04:57:57.726+0000] {dagbag.py:588} INFO - Filling up the DagBag from /opt/airflow/dags/05_etl_weather_postgres.py
[2026-09-08T04:57:57.740+0000] {processor.py:925} INFO - DAG(s) 'etl_weather_postgres_dag' retrieved from /opt/airflow/dags/05_etl_weather_postgres.py
[2026-09-08T04:57:57.766+0000] {logging_mixin.py:190} INFO - [2026-09-08T04:57:57.766+0000] {dag.py:3239} INFO - Sync 1 DAGs
[2026-09-08T04:57:57.779+0000] {logging_mixin.py:190} INFO - [2026-09-08T04:57:57.779+0000] {dag.py:4180} INFO - Setting next_dagrun for etl_weather_postgres_dag to None, run_after=None
[2026-09-08T04:57:57.796+0000] {processor.py:208} INFO - Processing /opt/airflow/dags/05_etl_weather_postgres.py took 0.078 seconds
[2026-09-08T04:58:28.507+0000] {processor.py:186} INFO - Started process (PID=838) to work on /opt/airflow/dags/05_etl_weather_postgres.py
[2026-09-08T04:58:28.507+0000] {processor.py:914} INFO - Processing file /opt/airflow/dags/05_etl_weather_postgres.py for tasks to queue
[2026-09-08T04:58:28.508+0000] {logging_mixin.py:190} INFO - [2026-09-08T04:58:28.508+0000] {dagbag.py:588} INFO - Filling up the DagBag from /opt/airflow/dags/05_etl_weather_postgres.py
[2026-09-08T04:58:28.525+0000] {processor.py:925} INFO - DAG(s) 'etl_weather_postgres_dag' retrieved from /opt/airflow/dags/05_etl_weather_postgres.py
[2026-09-08T04:58:28.551+0000] {logging_mixin.py:190} INFO - [2026-09-08T04:58:28.551+0000] {dag.py:3239} INFO - Sync 1 DAGs
[2026-09-08T04:58:28.565+0000] {logging_mixin.py:190} INFO - [2026-09-08T04:58:28.565+0000] {dag.py:4180} INFO - Setting next_dagrun for etl_weather_postgres_dag to None, run_after=None
[2026-09-08T04:58:28.583+0000] {processor.py:208} INFO - Processing /opt/airflow/dags/05_etl_weather_postgres.py took 0.082 seconds
[2026-09-08T04:58:59.179+0000] {processor.py:186} INFO - Started process (PID=852) to work on /opt/airflow/dags/05_etl_weather_postgres.py
[2026-09-08T04:58:59.179+0000] {processor.py:914} INFO - Processing file /opt/airflow/dags/05_etl_weather_postgres.py for tasks to queue
[2026-09-08T04:58:59.180+0000] {logging_mixin.py:190} INFO - [2026-09-08T04:58:59.180+0000] {dagbag.py:588} INFO - Filling up the DagBag from /opt/airflow/dags/05_etl_weather_postgres.py
[2026-09-08T04:58:59.196+0000] {processor.py:925} INFO - DAG(s) 'etl_weather_postgres_dag' retrieved from /opt/airflow/dags/05_etl_weather_postgres.py
[2026-09-08T04:58:59.222+0000] {logging_mixin.py:190} INFO - [2026-09-08T04:58:59.222+0000] {dag.py:3239} INFO - Sync 1 DAGs
[2026-09-08T04:58:59.237+0000] {logging_mixin.py:190} INFO - [2026-09-08T04:58:59.237+0000] {dag.py:4180} INFO - Setting next_dagrun for etl_weather_postgres_dag to None, run_after=None
[2026-09-08T04:58:59.256+0000] {processor.py:208} INFO - Processing /opt/airflow/dags/05_etl_weather_postgres.py took 0.082 seconds
[2026-09-08T04:59:30.023+0000] {processor.py:186} INFO - Started process (PID=865) to work on /opt/airflow/dags/05_etl_weather_postgres.py
[2026-09-08T04:59:30.024+0000] {processor.py:914} INFO - Processing file /opt/airflow/dags/05_etl_weather_postgres.py for tasks to queue
[2026-09-08T04:59:30.025+0000] {logging_mixin.py:190} INFO - [2026-09-08T04:59:30.025+0000] {dagbag.py:588} INFO - Filling up the DagBag from /opt/airflow/dags/05_etl_weather_postgres.py
[2026-09-08T04:59:30.044+0000] {processor.py:925} INFO - DAG(s) 'etl_weather_postgres_dag' retrieved from /opt/airflow/dags/05_etl_weather_postgres.py
[2026-09-08T04:59:30.072+0000] {logging_mixin.py:190} INFO - [2026-09-08T04:59:30.072+0000] {dag.py:3239} INFO - Sync 1 DAGs
[2026-09-08T04:59:30.086+0000] {logging_mixin.py:190} INFO - [2026-09-08T04:59:30.086+0000] {dag.py:4180} INFO - Setting next_dagrun for etl_weather_postgres_dag to None, run_after=None
[2026-09-08T04:59:30.111+0000] {processor.py:208} INFO - Processing /opt/airflow/dags/05_etl_weather_postgres.py took 0.093 seconds
[2026-09-08T05:00:00.744+0000] {processor.py:186} INFO - Started process (PID=879) to work on /opt/airflow/dags/05_etl_weather_postgres.py
[2026-09-08T05:00:00.745+0000] {processor.py:914} INFO - Processing file /opt/airflow/dags/05_etl_weather_postgres.py for tasks to queue
[2026-09-08T05:00:00.746+0000] {logging_mixin.py:190} INFO - [2026-09-08T05:00:00.745+0000] {dagbag.py:588} INFO - Filling up the DagBag from /opt/airflow/dags/05_etl_weather_postgres.py
[2026-09-08T05:00:00.760+0000] {processor.py:925} INFO - DAG(s) 'etl_weather_postgres_dag' retrieved from /opt/airflow/dags/05_etl_weather_postgres.py
[2026-09-08T05:00:00.786+0000] {logging_mixin.py:190} INFO - [2026-09-08T05:00:00.786+0000] {dag.py:3239} INFO - Sync 1 DAGs
[2026-09-08T05:00:00.800+0000] {logging_mixin.py:190} INFO - [2026-09-08T05:00:00.800+0000] {dag.py:4180} INFO - Setting next_dagrun for etl_weather_postgres_dag to None, run_after=None
[2026-09-08T05:00:00.817+0000] {processor.py:208} INFO - Processing /opt/airflow/dags/05_etl_weather_postgres.py took 0.078 seconds
[2026-09-08T05:00:31.457+0000] {processor.py:186} INFO - Started process (PID=893) to work on /opt/airflow/dags/05_etl_weather_postgres.py
[2026-09-08T05:00:31.458+0000] {processor.py:914} INFO - Processing file /opt/airflow/dags/05_etl_weather_postgres.py for tasks to queue
[2026-09-08T05:00:31.459+0000] {logging_mixin.py:190} INFO - [2026-09-08T05:00:31.459+0000] {dagbag.py:588} INFO - Filling up the DagBag from /opt/airflow/dags/05_etl_weather_postgres.py
[2026-09-08T05:00:31.476+0000] {processor.py:925} INFO - DAG(s) 'etl_weather_postgres_dag' retrieved from /opt/airflow/dags/05_etl_weather_postgres.py
[2026-09-08T05:00:31.506+0000] {logging_mixin.py:190} INFO - [2026-09-08T05:00:31.506+0000] {dag.py:3239} INFO - Sync 1 DAGs
[2026-09-08T05:00:31.520+0000] {logging_mixin.py:190} INFO - [2026-09-08T05:00:31.519+0000] {dag.py:4180} INFO - Setting next_dagrun for etl_weather_postgres_dag to None, run_after=None
[2026-09-08T05:00:31.542+0000] {processor.py:208} INFO - Processing /opt/airflow/dags/05_etl_weather_postgres.py took 0.090 seconds
[2026-09-08T05:01:02.182+0000] {processor.py:186} INFO - Started process (PID=907) to work on /opt/airflow/dags/05_etl_weather_postgres.py
[2026-09-08T05:01:02.183+0000] {processor.py:914} INFO - Processing file /opt/airflow/dags/05_etl_weather_postgres.py for tasks to queue
[2026-09-08T05:01:02.184+0000] {logging_mixin.py:190} INFO - [2026-09-08T05:01:02.183+0000] {dagbag.py:588} INFO - Filling up the DagBag from /opt/airflow/dags/05_etl_weather_postgres.py
[2026-09-08T05:01:02.199+0000] {processor.py:925} INFO - DAG(s) 'etl_weather_postgres_dag' retrieved from /opt/airflow/dags/05_etl_weather_postgres.py
[2026-09-08T05:01:02.222+0000] {logging_mixin.py:190} INFO - [2026-09-08T05:01:02.222+0000] {dag.py:3239} INFO - Sync 1 DAGs
[2026-09-08T05:01:02.235+0000] {logging_mixin.py:190} INFO - [2026-09-08T05:01:02.234+0000] {dag.py:4180} INFO - Setting next_dagrun for etl_weather_postgres_dag to None, run_after=None
[2026-09-08T05:01:02.251+0000] {processor.py:208} INFO - Processing /opt/airflow/dags/05_etl_weather_postgres.py took 0.075 seconds
[2026-09-08T05:01:32.782+0000] {processor.py:186} INFO - Started process (PID=921) to work on /opt/airflow/dags/05_etl_weather_postgres.py
[2026-09-08T05:01:32.783+0000] {processor.py:914} INFO - Processing file /opt/airflow/dags/05_etl_weather_postgres.py for tasks to queue
[2026-09-08T05:01:32.784+0000] {logging_mixin.py:190} INFO - [2026-09-08T05:01:32.784+0000] {dagbag.py:588} INFO - Filling up the DagBag from /opt/airflow/dags/05_etl_weather_postgres.py
[2026-09-08T05:01:32.800+0000] {processor.py:925} INFO - DAG(s) 'etl_weather_postgres_dag' retrieved from /opt/airflow/dags/05_etl_weather_postgres.py
[2026-09-08T05:01:32.829+0000] {logging_mixin.py:190} INFO - [2026-09-08T05:01:32.829+0000] {dag.py:3239} INFO - Sync 1 DAGs
[2026-09-08T05:01:32.842+0000] {logging_mixin.py:190} INFO - [2026-09-08T05:01:32.842+0000] {dag.py:4180} INFO - Setting next_dagrun for etl_weather_postgres_dag to None, run_after=None
[2026-09-08T05:01:32.860+0000] {processor.py:208} INFO - Processing /opt/airflow/dags/05_etl_weather_postgres.py took 0.083 seconds
[2026-09-08T05:02:03.644+0000] {processor.py:186} INFO - Started process (PID=935) to work on /opt/airflow/dags/05_etl_weather_postgres.py
[2026-09-08T05:02:03.644+0000] {processor.py:914} INFO - Processing file /opt/airflow/dags/05_etl_weather_postgres.py for tasks to queue
[2026-09-08T05:02:03.645+0000] {logging_mixin.py:190} INFO - [2026-09-08T05:02:03.645+0000] {dagbag.py:588} INFO - Filling up the DagBag from /opt/airflow/dags/05_etl_weather_postgres.py
[2026-09-08T05:02:03.660+0000] {processor.py:925} INFO - DAG(s) 'etl_weather_postgres_dag' retrieved from /opt/airflow/dags/05_etl_weather_postgres.py
[2026-09-08T05:02:03.688+0000] {logging_mixin.py:190} INFO - [2026-09-08T05:02:03.688+0000] {dag.py:3239} INFO - Sync 1 DAGs
[2026-09-08T05:02:03.701+0000] {logging_mixin.py:190} INFO - [2026-09-08T05:02:03.700+0000] {dag.py:4180} INFO - Setting next_dagrun for etl_weather_postgres_dag to None, run_after=None
[2026-09-08T05:02:03.725+0000] {processor.py:208} INFO - Processing /opt/airflow/dags/05_etl_weather_postgres.py took 0.087 seconds
[2026-09-08T05:02:34.369+0000] {processor.py:186} INFO - Started process (PID=949) to work on /opt/airflow/dags/05_etl_weather_postgres.py
[2026-09-08T05:02:34.370+0000] {processor.py:914} INFO - Processing file /opt/airflow/dags/05_etl_weather_postgres.py for tasks to queue
[2026-09-08T05:02:34.371+0000] {logging_mixin.py:190} INFO - [2026-09-08T05:02:34.371+0000] {dagbag.py:588} INFO - Filling up the DagBag from /opt/airflow/dags/05_etl_weather_postgres.py
[2026-09-08T05:02:34.386+0000] {processor.py:925} INFO - DAG(s) 'etl_weather_postgres_dag' retrieved from /opt/airflow/dags/05_etl_weather_postgres.py
[2026-09-08T05:02:34.416+0000] {logging_mixin.py:190} INFO - [2026-09-08T05:02:34.415+0000] {dag.py:3239} INFO - Sync 1 DAGs
[2026-09-08T05:02:34.433+0000] {logging_mixin.py:190} INFO - [2026-09-08T05:02:34.433+0000] {dag.py:4180} INFO - Setting next_dagrun for etl_weather_postgres_dag to None, run_after=None
[2026-09-08T05:02:34.456+0000] {processor.py:208} INFO - Processing /opt/airflow/dags/05_etl_weather_postgres.py took 0.093 seconds
[2026-09-08T05:03:05.129+0000] {processor.py:186} INFO - Started process (PID=963) to work on /opt/airflow/dags/05_etl_weather_postgres.py
[2026-09-08T05:03:05.129+0000] {processor.py:914} INFO - Processing file /opt/airflow/dags/05_etl_weather_postgres.py for tasks to queue
[2026-09-08T05:03:05.130+0000] {logging_mixin.py:190} INFO - [2026-09-08T05:03:05.130+0000] {dagbag.py:588} INFO - Filling up the DagBag from /opt/airflow/dags/05_etl_weather_postgres.py
[2026-09-08T05:03:05.147+0000] {processor.py:925} INFO - DAG(s) 'etl_weather_postgres_dag' retrieved from /opt/airflow/dags/05_etl_weather_postgres.py
[2026-09-08T05:03:05.180+0000] {logging_mixin.py:190} INFO - [2026-09-08T05:03:05.180+0000] {dag.py:3239} INFO - Sync 1 DAGs
[2026-09-08T05:03:05.200+0000] {logging_mixin.py:190} INFO - [2026-09-08T05:03:05.199+0000] {dag.py:4180} INFO - Setting next_dagrun for etl_weather_postgres_dag to None, run_after=None
[2026-09-08T05:03:05.226+0000] {processor.py:208} INFO - Processing /opt/airflow/dags/05_etl_weather_postgres.py took 0.103 seconds
[2026-09-08T05:03:35.996+0000] {processor.py:186} INFO - Started process (PID=976) to work on /opt/airflow/dags/05_etl_weather_postgres.py
[2026-09-08T05:03:35.996+0000] {processor.py:914} INFO - Processing file /opt/airflow/dags/05_etl_weather_postgres.py for tasks to queue
[2026-09-08T05:03:36.000+0000] {logging_mixin.py:190} INFO - [2026-09-08T05:03:35.998+0000] {dagbag.py:588} INFO - Filling up the DagBag from /opt/airflow/dags/05_etl_weather_postgres.py
[2026-09-08T05:03:36.016+0000] {processor.py:925} INFO - DAG(s) 'etl_weather_postgres_dag' retrieved from /opt/airflow/dags/05_etl_weather_postgres.py
[2026-09-08T05:03:36.051+0000] {logging_mixin.py:190} INFO - [2026-09-08T05:03:36.050+0000] {dag.py:3239} INFO - Sync 1 DAGs
[2026-09-08T05:03:36.071+0000] {logging_mixin.py:190} INFO - [2026-09-08T05:03:36.071+0000] {dag.py:4180} INFO - Setting next_dagrun for etl_weather_postgres_dag to None, run_after=None
[2026-09-08T05:03:36.102+0000] {processor.py:208} INFO - Processing /opt/airflow/dags/05_etl_weather_postgres.py took 0.111 seconds
[2026-09-08T05:04:06.938+0000] {processor.py:186} INFO - Started process (PID=990) to work on /opt/airflow/dags/05_etl_weather_postgres.py
[2026-09-08T05:04:06.939+0000] {processor.py:914} INFO - Processing file /opt/airflow/dags/05_etl_weather_postgres.py for tasks to queue
[2026-09-08T05:04:06.940+0000] {logging_mixin.py:190} INFO - [2026-09-08T05:04:06.939+0000] {dagbag.py:588} INFO - Filling up the DagBag from /opt/airflow/dags/05_etl_weather_postgres.py
[2026-09-08T05:04:06.959+0000] {processor.py:925} INFO - DAG(s) 'etl_weather_postgres_dag' retrieved from /opt/airflow/dags/05_etl_weather_postgres.py
[2026-09-08T05:04:06.996+0000] {logging_mixin.py:190} INFO - [2026-09-08T05:04:06.995+0000] {dag.py:3239} INFO - Sync 1 DAGs
[2026-09-08T05:04:07.021+0000] {logging_mixin.py:190} INFO - [2026-09-08T05:04:07.021+0000] {dag.py:4180} INFO - Setting next_dagrun for etl_weather_postgres_dag to None, run_after=None
[2026-09-08T05:04:07.052+0000] {processor.py:208} INFO - Processing /opt/airflow/dags/05_etl_weather_postgres.py took 0.119 seconds
[2026-09-08T05:04:37.953+0000] {processor.py:186} INFO - Started process (PID=1004) to work on /opt/airflow/dags/05_etl_weather_postgres.py
[2026-09-08T05:04:37.954+0000] {processor.py:914} INFO - Processing file /opt/airflow/dags/05_etl_weather_postgres.py for tasks to queue
[2026-09-08T05:04:37.955+0000] {logging_mixin.py:190} INFO - [2026-09-08T05:04:37.955+0000] {dagbag.py:588} INFO - Filling up the DagBag from /opt/airflow/dags/05_etl_weather_postgres.py
[2026-09-08T05:04:37.985+0000] {processor.py:925} INFO - DAG(s) 'etl_weather_postgres_dag' retrieved from /opt/airflow/dags/05_etl_weather_postgres.py
[2026-09-08T05:04:38.028+0000] {logging_mixin.py:190} INFO - [2026-09-08T05:04:38.027+0000] {dag.py:3239} INFO - Sync 1 DAGs
[2026-09-08T05:04:38.052+0000] {logging_mixin.py:190} INFO - [2026-09-08T05:04:38.051+0000] {dag.py:4180} INFO - Setting next_dagrun for etl_weather_postgres_dag to None, run_after=None
[2026-09-08T05:04:38.080+0000] {processor.py:208} INFO - Processing /opt/airflow/dags/05_etl_weather_postgres.py took 0.133 seconds
[2026-09-08T05:05:08.990+0000] {processor.py:186} INFO - Started process (PID=1018) to work on /opt/airflow/dags/05_etl_weather_postgres.py
[2026-09-08T05:05:08.991+0000] {processor.py:914} INFO - Processing file /opt/airflow/dags/05_etl_weather_postgres.py for tasks to queue
[2026-09-08T05:05:08.992+0000] {logging_mixin.py:190} INFO - [2026-09-08T05:05:08.992+0000] {dagbag.py:588} INFO - Filling up the DagBag from /opt/airflow/dags/05_etl_weather_postgres.py
[2026-09-08T05:05:09.022+0000] {processor.py:925} INFO - DAG(s) 'etl_weather_postgres_dag' retrieved from /opt/airflow/dags/05_etl_weather_postgres.py
[2026-09-08T05:05:09.067+0000] {logging_mixin.py:190} INFO - [2026-09-08T05:05:09.066+0000] {dag.py:3239} INFO - Sync 1 DAGs
[2026-09-08T05:05:09.101+0000] {logging_mixin.py:190} INFO - [2026-09-08T05:05:09.101+0000] {dag.py:4180} INFO - Setting next_dagrun for etl_weather_postgres_dag to None, run_after=None
[2026-09-08T05:05:09.130+0000] {processor.py:208} INFO - Processing /opt/airflow/dags/05_etl_weather_postgres.py took 0.147 seconds
[2026-09-08T05:05:39.198+0000] {processor.py:186} INFO - Started process (PID=1030) to work on /opt/airflow/dags/05_etl_weather_postgres.py
[2026-09-08T05:05:39.200+0000] {processor.py:914} INFO - Processing file /opt/airflow/dags/05_etl_weather_postgres.py for tasks to queue
[2026-09-08T05:05:39.206+0000] {logging_mixin.py:190} INFO - [2026-09-08T05:05:39.206+0000] {dagbag.py:588} INFO - Filling up the DagBag from /opt/airflow/dags/05_etl_weather_postgres.py
[2026-09-08T05:05:39.227+0000] {processor.py:925} INFO - DAG(s) 'etl_weather_postgres_dag' retrieved from /opt/airflow/dags/05_etl_weather_postgres.py
[2026-09-08T05:05:39.256+0000] {logging_mixin.py:190} INFO - [2026-09-08T05:05:39.255+0000] {dag.py:3239} INFO - Sync 1 DAGs
[2026-09-08T05:05:39.273+0000] {logging_mixin.py:190} INFO - [2026-09-08T05:05:39.273+0000] {dag.py:4180} INFO - Setting next_dagrun for etl_weather_postgres_dag to None, run_after=None
[2026-09-08T05:05:39.302+0000] {processor.py:208} INFO - Processing /opt/airflow/dags/05_etl_weather_postgres.py took 0.111 seconds
[2026-09-08T05:06:09.416+0000] {processor.py:186} INFO - Started process (PID=1044) to work on /opt/airflow/dags/05_etl_weather_postgres.py
[2026-09-08T05:06:09.417+0000] {processor.py:914} INFO - Processing file /opt/airflow/dags/05_etl_weather_postgres.py for tasks to queue
[2026-09-08T05:06:09.418+0000] {logging_mixin.py:190} INFO - [2026-09-08T05:06:09.418+0000] {dagbag.py:588} INFO - Filling up the DagBag from /opt/airflow/dags/05_etl_weather_postgres.py
[2026-09-08T05:06:09.437+0000] {processor.py:925} INFO - DAG(s) 'etl_weather_postgres_dag' retrieved from /opt/airflow/dags/05_etl_weather_postgres.py
[2026-09-08T05:06:09.469+0000] {logging_mixin.py:190} INFO - [2026-09-08T05:06:09.468+0000] {dag.py:3239} INFO - Sync 1 DAGs
[2026-09-08T05:06:09.484+0000] {logging_mixin.py:190} INFO - [2026-09-08T05:06:09.484+0000] {dag.py:4180} INFO - Setting next_dagrun for etl_weather_postgres_dag to None, run_after=None
[2026-09-08T05:06:09.514+0000] {processor.py:208} INFO - Processing /opt/airflow/dags/05_etl_weather_postgres.py took 0.103 seconds
[2026-09-08T05:06:40.452+0000] {processor.py:186} INFO - Started process (PID=1058) to work on /opt/airflow/dags/05_etl_weather_postgres.py
[2026-09-08T05:06:40.452+0000] {processor.py:914} INFO - Processing file /opt/airflow/dags/05_etl_weather_postgres.py for tasks to queue
[2026-09-08T05:06:40.454+0000] {logging_mixin.py:190} INFO - [2026-09-08T05:06:40.453+0000] {dagbag.py:588} INFO - Filling up the DagBag from /opt/airflow/dags/05_etl_weather_postgres.py
[2026-09-08T05:06:40.483+0000] {processor.py:925} INFO - DAG(s) 'etl_weather_postgres_dag' retrieved from /opt/airflow/dags/05_etl_weather_postgres.py
[2026-09-08T05:06:40.518+0000] {logging_mixin.py:190} INFO - [2026-09-08T05:06:40.518+0000] {dag.py:3239} INFO - Sync 1 DAGs
[2026-09-08T05:06:40.542+0000] {logging_mixin.py:190} INFO - [2026-09-08T05:06:40.542+0000] {dag.py:4180} INFO - Setting next_dagrun for etl_weather_postgres_dag to None, run_after=None
[2026-09-08T05:06:40.570+0000] {processor.py:208} INFO - Processing /opt/airflow/dags/05_etl_weather_postgres.py took 0.124 seconds
[2026-09-08T05:07:11.224+0000] {processor.py:186} INFO - Started process (PID=1073) to work on /opt/airflow/dags/05_etl_weather_postgres.py
[2026-09-08T05:07:11.226+0000] {processor.py:914} INFO - Processing file /opt/airflow/dags/05_etl_weather_postgres.py for tasks to queue
[2026-09-08T05:07:11.228+0000] {logging_mixin.py:190} INFO - [2026-09-08T05:07:11.228+0000] {dagbag.py:588} INFO - Filling up the DagBag from /opt/airflow/dags/05_etl_weather_postgres.py
[2026-09-08T05:07:11.248+0000] {processor.py:925} INFO - DAG(s) 'etl_weather_postgres_dag' retrieved from /opt/airflow/dags/05_etl_weather_postgres.py
[2026-09-08T05:07:11.288+0000] {logging_mixin.py:190} INFO - [2026-09-08T05:07:11.287+0000] {dag.py:3239} INFO - Sync 1 DAGs
[2026-09-08T05:07:11.309+0000] {logging_mixin.py:190} INFO - [2026-09-08T05:07:11.308+0000] {dag.py:4180} INFO - Setting next_dagrun for etl_weather_postgres_dag to None, run_after=None
[2026-09-08T05:07:11.342+0000] {processor.py:208} INFO - Processing /opt/airflow/dags/05_etl_weather_postgres.py took 0.126 seconds
[2026-09-08T05:07:41.787+0000] {processor.py:186} INFO - Started process (PID=1087) to work on /opt/airflow/dags/05_etl_weather_postgres.py
[2026-09-08T05:07:41.791+0000] {processor.py:914} INFO - Processing file /opt/airflow/dags/05_etl_weather_postgres.py for tasks to queue
[2026-09-08T05:07:41.793+0000] {logging_mixin.py:190} INFO - [2026-09-08T05:07:41.793+0000] {dagbag.py:588} INFO - Filling up the DagBag from /opt/airflow/dags/05_etl_weather_postgres.py
[2026-09-08T05:07:41.815+0000] {processor.py:925} INFO - DAG(s) 'etl_weather_postgres_dag' retrieved from /opt/airflow/dags/05_etl_weather_postgres.py
[2026-09-08T05:07:41.856+0000] {logging_mixin.py:190} INFO - [2026-09-08T05:07:41.855+0000] {dag.py:3239} INFO - Sync 1 DAGs
[2026-09-08T05:07:41.873+0000] {logging_mixin.py:190} INFO - [2026-09-08T05:07:41.872+0000] {dag.py:4180} INFO - Setting next_dagrun for etl_weather_postgres_dag to None, run_after=None
[2026-09-08T05:07:41.902+0000] {processor.py:208} INFO - Processing /opt/airflow/dags/05_etl_weather_postgres.py took 0.124 seconds
[2026-09-08T05:08:12.306+0000] {processor.py:186} INFO - Started process (PID=1101) to work on /opt/airflow/dags/05_etl_weather_postgres.py
[2026-09-08T05:08:12.307+0000] {processor.py:914} INFO - Processing file /opt/airflow/dags/05_etl_weather_postgres.py for tasks to queue
[2026-09-08T05:08:12.309+0000] {logging_mixin.py:190} INFO - [2026-09-08T05:08:12.309+0000] {dagbag.py:588} INFO - Filling up the DagBag from /opt/airflow/dags/05_etl_weather_postgres.py
[2026-09-08T05:08:12.335+0000] {processor.py:925} INFO - DAG(s) 'etl_weather_postgres_dag' retrieved from /opt/airflow/dags/05_etl_weather_postgres.py
[2026-09-08T05:08:12.381+0000] {logging_mixin.py:190} INFO - [2026-09-08T05:08:12.381+0000] {dag.py:3239} INFO - Sync 1 DAGs
[2026-09-08T05:08:12.408+0000] {logging_mixin.py:190} INFO - [2026-09-08T05:08:12.408+0000] {dag.py:4180} INFO - Setting next_dagrun for etl_weather_postgres_dag to None, run_after=None
[2026-09-08T05:08:12.450+0000] {processor.py:208} INFO - Processing /opt/airflow/dags/05_etl_weather_postgres.py took 0.152 seconds
[2026-09-08T05:08:42.784+0000] {processor.py:186} INFO - Started process (PID=1115) to work on /opt/airflow/dags/05_etl_weather_postgres.py
[2026-09-08T05:08:42.788+0000] {processor.py:914} INFO - Processing file /opt/airflow/dags/05_etl_weather_postgres.py for tasks to queue
[2026-09-08T05:08:42.790+0000] {logging_mixin.py:190} INFO - [2026-09-08T05:08:42.789+0000] {dagbag.py:588} INFO - Filling up the DagBag from /opt/airflow/dags/05_etl_weather_postgres.py
[2026-09-08T05:08:42.811+0000] {processor.py:925} INFO - DAG(s) 'etl_weather_postgres_dag' retrieved from /opt/airflow/dags/05_etl_weather_postgres.py
[2026-09-08T05:08:42.853+0000] {logging_mixin.py:190} INFO - [2026-09-08T05:08:42.853+0000] {dag.py:3239} INFO - Sync 1 DAGs
[2026-09-08T05:08:42.876+0000] {logging_mixin.py:190} INFO - [2026-09-08T05:08:42.876+0000] {dag.py:4180} INFO - Setting next_dagrun for etl_weather_postgres_dag to None, run_after=None
[2026-09-08T05:08:42.906+0000] {processor.py:208} INFO - Processing /opt/airflow/dags/05_etl_weather_postgres.py took 0.129 seconds
[2026-09-08T05:09:13.673+0000] {processor.py:186} INFO - Started process (PID=1129) to work on /opt/airflow/dags/05_etl_weather_postgres.py
[2026-09-08T05:09:13.674+0000] {processor.py:914} INFO - Processing file /opt/airflow/dags/05_etl_weather_postgres.py for tasks to queue
[2026-09-08T05:09:13.676+0000] {logging_mixin.py:190} INFO - [2026-09-08T05:09:13.675+0000] {dagbag.py:588} INFO - Filling up the DagBag from /opt/airflow/dags/05_etl_weather_postgres.py
[2026-09-08T05:09:13.769+0000] {processor.py:925} INFO - DAG(s) 'etl_weather_postgres_dag' retrieved from /opt/airflow/dags/05_etl_weather_postgres.py
[2026-09-08T05:09:13.832+0000] {logging_mixin.py:190} INFO - [2026-09-08T05:09:13.832+0000] {dag.py:3239} INFO - Sync 1 DAGs
[2026-09-08T05:09:13.865+0000] {logging_mixin.py:190} INFO - [2026-09-08T05:09:13.864+0000] {dag.py:4180} INFO - Setting next_dagrun for etl_weather_postgres_dag to None, run_after=None
[2026-09-08T05:09:13.930+0000] {processor.py:208} INFO - Processing /opt/airflow/dags/05_etl_weather_postgres.py took 0.266 seconds
[2026-09-08T05:09:44.009+0000] {processor.py:186} INFO - Started process (PID=1143) to work on /opt/airflow/dags/05_etl_weather_postgres.py
[2026-09-08T05:09:44.010+0000] {processor.py:914} INFO - Processing file /opt/airflow/dags/05_etl_weather_postgres.py for tasks to queue
[2026-09-08T05:09:44.012+0000] {logging_mixin.py:190} INFO - [2026-09-08T05:09:44.011+0000] {dagbag.py:588} INFO - Filling up the DagBag from /opt/airflow/dags/05_etl_weather_postgres.py
[2026-09-08T05:09:44.040+0000] {processor.py:925} INFO - DAG(s) 'etl_weather_postgres_dag' retrieved from /opt/airflow/dags/05_etl_weather_postgres.py
[2026-09-08T05:09:44.076+0000] {logging_mixin.py:190} INFO - [2026-09-08T05:09:44.076+0000] {dag.py:3239} INFO - Sync 1 DAGs
[2026-09-08T05:09:44.098+0000] {logging_mixin.py:190} INFO - [2026-09-08T05:09:44.098+0000] {dag.py:4180} INFO - Setting next_dagrun for etl_weather_postgres_dag to None, run_after=None
[2026-09-08T05:09:44.124+0000] {processor.py:208} INFO - Processing /opt/airflow/dags/05_etl_weather_postgres.py took 0.121 seconds
[2026-09-08T05:10:14.257+0000] {processor.py:186} INFO - Started process (PID=1157) to work on /opt/airflow/dags/05_etl_weather_postgres.py
[2026-09-08T05:10:14.258+0000] {processor.py:914} INFO - Processing file /opt/airflow/dags/05_etl_weather_postgres.py for tasks to queue
[2026-09-08T05:10:14.259+0000] {logging_mixin.py:190} INFO - [2026-09-08T05:10:14.259+0000] {dagbag.py:588} INFO - Filling up the DagBag from /opt/airflow/dags/05_etl_weather_postgres.py
[2026-09-08T05:10:14.289+0000] {processor.py:925} INFO - DAG(s) 'etl_weather_postgres_dag' retrieved from /opt/airflow/dags/05_etl_weather_postgres.py
[2026-09-08T05:10:14.329+0000] {logging_mixin.py:190} INFO - [2026-09-08T05:10:14.329+0000] {dag.py:3239} INFO - Sync 1 DAGs
[2026-09-08T05:10:14.358+0000] {logging_mixin.py:190} INFO - [2026-09-08T05:10:14.358+0000] {dag.py:4180} INFO - Setting next_dagrun for etl_weather_postgres_dag to None, run_after=None
[2026-09-08T05:10:14.381+0000] {processor.py:208} INFO - Processing /opt/airflow/dags/05_etl_weather_postgres.py took 0.134 seconds
[2026-09-08T05:10:44.567+0000] {processor.py:186} INFO - Started process (PID=1171) to work on /opt/airflow/dags/05_etl_weather_postgres.py
[2026-09-08T05:10:44.568+0000] {processor.py:914} INFO - Processing file /opt/airflow/dags/05_etl_weather_postgres.py for tasks to queue
[2026-09-08T05:10:44.569+0000] {logging_mixin.py:190} INFO - [2026-09-08T05:10:44.568+0000] {dagbag.py:588} INFO - Filling up the DagBag from /opt/airflow/dags/05_etl_weather_postgres.py
[2026-09-08T05:10:44.597+0000] {processor.py:925} INFO - DAG(s) 'etl_weather_postgres_dag' retrieved from /opt/airflow/dags/05_etl_weather_postgres.py
[2026-09-08T05:10:44.632+0000] {logging_mixin.py:190} INFO - [2026-09-08T05:10:44.632+0000] {dag.py:3239} INFO - Sync 1 DAGs
[2026-09-08T05:10:44.647+0000] {logging_mixin.py:190} INFO - [2026-09-08T05:10:44.647+0000] {dag.py:4180} INFO - Setting next_dagrun for etl_weather_postgres_dag to None, run_after=None
[2026-09-08T05:10:44.676+0000] {processor.py:208} INFO - Processing /opt/airflow/dags/05_etl_weather_postgres.py took 0.115 seconds
[2026-09-08T05:11:14.865+0000] {processor.py:186} INFO - Started process (PID=1185) to work on /opt/airflow/dags/05_etl_weather_postgres.py
[2026-09-08T05:11:14.865+0000] {processor.py:914} INFO - Processing file /opt/airflow/dags/05_etl_weather_postgres.py for tasks to queue
[2026-09-08T05:11:14.867+0000] {logging_mixin.py:190} INFO - [2026-09-08T05:11:14.866+0000] {dagbag.py:588} INFO - Filling up the DagBag from /opt/airflow/dags/05_etl_weather_postgres.py
[2026-09-08T05:11:14.896+0000] {processor.py:925} INFO - DAG(s) 'etl_weather_postgres_dag' retrieved from /opt/airflow/dags/05_etl_weather_postgres.py
[2026-09-08T05:11:14.939+0000] {logging_mixin.py:190} INFO - [2026-09-08T05:11:14.939+0000] {dag.py:3239} INFO - Sync 1 DAGs
[2026-09-08T05:11:14.965+0000] {logging_mixin.py:190} INFO - [2026-09-08T05:11:14.965+0000] {dag.py:4180} INFO - Setting next_dagrun for etl_weather_postgres_dag to None, run_after=None
[2026-09-08T05:11:14.995+0000] {processor.py:208} INFO - Processing /opt/airflow/dags/05_etl_weather_postgres.py took 0.136 seconds
[2026-09-08T05:11:45.829+0000] {processor.py:186} INFO - Started process (PID=1199) to work on /opt/airflow/dags/05_etl_weather_postgres.py
[2026-09-08T05:11:45.830+0000] {processor.py:914} INFO - Processing file /opt/airflow/dags/05_etl_weather_postgres.py for tasks to queue
[2026-09-08T05:11:45.831+0000] {logging_mixin.py:190} INFO - [2026-09-08T05:11:45.831+0000] {dagbag.py:588} INFO - Filling up the DagBag from /opt/airflow/dags/05_etl_weather_postgres.py
[2026-09-08T05:11:45.851+0000] {processor.py:925} INFO - DAG(s) 'etl_weather_postgres_dag' retrieved from /opt/airflow/dags/05_etl_weather_postgres.py
[2026-09-08T05:11:45.888+0000] {logging_mixin.py:190} INFO - [2026-09-08T05:11:45.887+0000] {dag.py:3239} INFO - Sync 1 DAGs
[2026-09-08T05:11:45.906+0000] {logging_mixin.py:190} INFO - [2026-09-08T05:11:45.905+0000] {dag.py:4180} INFO - Setting next_dagrun for etl_weather_postgres_dag to None, run_after=None
[2026-09-08T05:11:45.937+0000] {processor.py:208} INFO - Processing /opt/airflow/dags/05_etl_weather_postgres.py took 0.115 seconds
[2026-09-08T05:12:16.686+0000] {processor.py:186} INFO - Started process (PID=1212) to work on /opt/airflow/dags/05_etl_weather_postgres.py
[2026-09-08T05:12:16.687+0000] {processor.py:914} INFO - Processing file /opt/airflow/dags/05_etl_weather_postgres.py for tasks to queue
[2026-09-08T05:12:16.689+0000] {logging_mixin.py:190} INFO - [2026-09-08T05:12:16.689+0000] {dagbag.py:588} INFO - Filling up the DagBag from /opt/airflow/dags/05_etl_weather_postgres.py
[2026-09-08T05:12:16.718+0000] {processor.py:925} INFO - DAG(s) 'etl_weather_postgres_dag' retrieved from /opt/airflow/dags/05_etl_weather_postgres.py
[2026-09-08T05:12:16.799+0000] {logging_mixin.py:190} INFO - [2026-09-08T05:12:16.798+0000] {dag.py:3239} INFO - Sync 1 DAGs
[2026-09-08T05:12:16.826+0000] {logging_mixin.py:190} INFO - [2026-09-08T05:12:16.826+0000] {dag.py:4180} INFO - Setting next_dagrun for etl_weather_postgres_dag to None, run_after=None
[2026-09-08T05:12:16.857+0000] {processor.py:208} INFO - Processing /opt/airflow/dags/05_etl_weather_postgres.py took 0.189 seconds
[2026-09-08T05:12:47.335+0000] {processor.py:186} INFO - Started process (PID=1226) to work on /opt/airflow/dags/05_etl_weather_postgres.py
[2026-09-08T05:12:47.336+0000] {processor.py:914} INFO - Processing file /opt/airflow/dags/05_etl_weather_postgres.py for tasks to queue
[2026-09-08T05:12:47.338+0000] {logging_mixin.py:190} INFO - [2026-09-08T05:12:47.338+0000] {dagbag.py:588} INFO - Filling up the DagBag from /opt/airflow/dags/05_etl_weather_postgres.py
[2026-09-08T05:12:47.365+0000] {processor.py:925} INFO - DAG(s) 'etl_weather_postgres_dag' retrieved from /opt/airflow/dags/05_etl_weather_postgres.py
[2026-09-08T05:12:47.401+0000] {logging_mixin.py:190} INFO - [2026-09-08T05:12:47.401+0000] {dag.py:3239} INFO - Sync 1 DAGs
[2026-09-08T05:12:47.419+0000] {logging_mixin.py:190} INFO - [2026-09-08T05:12:47.419+0000] {dag.py:4180} INFO - Setting next_dagrun for etl_weather_postgres_dag to None, run_after=None
[2026-09-08T05:12:47.445+0000] {processor.py:208} INFO - Processing /opt/airflow/dags/05_etl_weather_postgres.py took 0.116 seconds
[2026-09-08T05:13:17.934+0000] {processor.py:186} INFO - Started process (PID=1240) to work on /opt/airflow/dags/05_etl_weather_postgres.py
[2026-09-08T05:13:17.935+0000] {processor.py:914} INFO - Processing file /opt/airflow/dags/05_etl_weather_postgres.py for tasks to queue
[2026-09-08T05:13:17.936+0000] {logging_mixin.py:190} INFO - [2026-09-08T05:13:17.936+0000] {dagbag.py:588} INFO - Filling up the DagBag from /opt/airflow/dags/05_etl_weather_postgres.py
[2026-09-08T05:13:17.961+0000] {processor.py:925} INFO - DAG(s) 'etl_weather_postgres_dag' retrieved from /opt/airflow/dags/05_etl_weather_postgres.py
[2026-09-08T05:13:18.001+0000] {logging_mixin.py:190} INFO - [2026-09-08T05:13:18.001+0000] {dag.py:3239} INFO - Sync 1 DAGs
[2026-09-08T05:13:18.020+0000] {logging_mixin.py:190} INFO - [2026-09-08T05:13:18.020+0000] {dag.py:4180} INFO - Setting next_dagrun for etl_weather_postgres_dag to None, run_after=None
[2026-09-08T05:13:18.048+0000] {processor.py:208} INFO - Processing /opt/airflow/dags/05_etl_weather_postgres.py took 0.127 seconds
[2026-09-08T05:13:48.553+0000] {processor.py:186} INFO - Started process (PID=1254) to work on /opt/airflow/dags/05_etl_weather_postgres.py
[2026-09-08T05:13:48.553+0000] {processor.py:914} INFO - Processing file /opt/airflow/dags/05_etl_weather_postgres.py for tasks to queue
[2026-09-08T05:13:48.556+0000] {logging_mixin.py:190} INFO - [2026-09-08T05:13:48.556+0000] {dagbag.py:588} INFO - Filling up the DagBag from /opt/airflow/dags/05_etl_weather_postgres.py
[2026-09-08T05:13:48.598+0000] {processor.py:925} INFO - DAG(s) 'etl_weather_postgres_dag' retrieved from /opt/airflow/dags/05_etl_weather_postgres.py
[2026-09-08T05:13:48.643+0000] {logging_mixin.py:190} INFO - [2026-09-08T05:13:48.642+0000] {dag.py:3239} INFO - Sync 1 DAGs
[2026-09-08T05:13:48.670+0000] {logging_mixin.py:190} INFO - [2026-09-08T05:13:48.670+0000] {dag.py:4180} INFO - Setting next_dagrun for etl_weather_postgres_dag to None, run_after=None
[2026-09-08T05:13:48.706+0000] {processor.py:208} INFO - Processing /opt/airflow/dags/05_etl_weather_postgres.py took 0.161 seconds
[2026-09-08T05:14:18.992+0000] {processor.py:186} INFO - Started process (PID=1268) to work on /opt/airflow/dags/05_etl_weather_postgres.py
[2026-09-08T05:14:18.993+0000] {processor.py:914} INFO - Processing file /opt/airflow/dags/05_etl_weather_postgres.py for tasks to queue
[2026-09-08T05:14:18.994+0000] {logging_mixin.py:190} INFO - [2026-09-08T05:14:18.994+0000] {dagbag.py:588} INFO - Filling up the DagBag from /opt/airflow/dags/05_etl_weather_postgres.py
[2026-09-08T05:14:19.024+0000] {processor.py:925} INFO - DAG(s) 'etl_weather_postgres_dag' retrieved from /opt/airflow/dags/05_etl_weather_postgres.py
[2026-09-08T05:14:19.059+0000] {logging_mixin.py:190} INFO - [2026-09-08T05:14:19.059+0000] {dag.py:3239} INFO - Sync 1 DAGs
[2026-09-08T05:14:19.079+0000] {logging_mixin.py:190} INFO - [2026-09-08T05:14:19.079+0000] {dag.py:4180} INFO - Setting next_dagrun for etl_weather_postgres_dag to None, run_after=None
[2026-09-08T05:14:19.101+0000] {processor.py:208} INFO - Processing /opt/airflow/dags/05_etl_weather_postgres.py took 0.115 seconds
[2026-09-08T05:14:49.285+0000] {processor.py:186} INFO - Started process (PID=1281) to work on /opt/airflow/dags/05_etl_weather_postgres.py
[2026-09-08T05:14:49.287+0000] {processor.py:914} INFO - Processing file /opt/airflow/dags/05_etl_weather_postgres.py for tasks to queue
[2026-09-08T05:14:49.288+0000] {logging_mixin.py:190} INFO - [2026-09-08T05:14:49.288+0000] {dagbag.py:588} INFO - Filling up the DagBag from /opt/airflow/dags/05_etl_weather_postgres.py
[2026-09-08T05:14:49.306+0000] {processor.py:925} INFO - DAG(s) 'etl_weather_postgres_dag' retrieved from /opt/airflow/dags/05_etl_weather_postgres.py
[2026-09-08T05:14:49.340+0000] {logging_mixin.py:190} INFO - [2026-09-08T05:14:49.339+0000] {dag.py:3239} INFO - Sync 1 DAGs
[2026-09-08T05:14:49.359+0000] {logging_mixin.py:190} INFO - [2026-09-08T05:14:49.359+0000] {dag.py:4180} INFO - Setting next_dagrun for etl_weather_postgres_dag to None, run_after=None
[2026-09-08T05:14:49.386+0000] {processor.py:208} INFO - Processing /opt/airflow/dags/05_etl_weather_postgres.py took 0.108 seconds
[2026-09-08T05:15:19.463+0000] {processor.py:186} INFO - Started process (PID=1295) to work on /opt/airflow/dags/05_etl_weather_postgres.py
[2026-09-08T05:15:19.464+0000] {processor.py:914} INFO - Processing file /opt/airflow/dags/05_etl_weather_postgres.py for tasks to queue
[2026-09-08T05:15:19.465+0000] {logging_mixin.py:190} INFO - [2026-09-08T05:15:19.465+0000] {dagbag.py:588} INFO - Filling up the DagBag from /opt/airflow/dags/05_etl_weather_postgres.py
[2026-09-08T05:15:19.480+0000] {processor.py:925} INFO - DAG(s) 'etl_weather_postgres_dag' retrieved from /opt/airflow/dags/05_etl_weather_postgres.py
[2026-09-08T05:15:19.505+0000] {logging_mixin.py:190} INFO - [2026-09-08T05:15:19.504+0000] {dag.py:3239} INFO - Sync 1 DAGs
[2026-09-08T05:15:19.517+0000] {logging_mixin.py:190} INFO - [2026-09-08T05:15:19.517+0000] {dag.py:4180} INFO - Setting next_dagrun for etl_weather_postgres_dag to None, run_after=None
[2026-09-08T05:15:19.535+0000] {processor.py:208} INFO - Processing /opt/airflow/dags/05_etl_weather_postgres.py took 0.077 seconds
[2026-09-08T05:15:50.114+0000] {processor.py:186} INFO - Started process (PID=1310) to work on /opt/airflow/dags/05_etl_weather_postgres.py
[2026-09-08T05:15:50.115+0000] {processor.py:914} INFO - Processing file /opt/airflow/dags/05_etl_weather_postgres.py for tasks to queue
[2026-09-08T05:15:50.116+0000] {logging_mixin.py:190} INFO - [2026-09-08T05:15:50.116+0000] {dagbag.py:588} INFO - Filling up the DagBag from /opt/airflow/dags/05_etl_weather_postgres.py
[2026-09-08T05:15:50.130+0000] {processor.py:925} INFO - DAG(s) 'etl_weather_postgres_dag' retrieved from /opt/airflow/dags/05_etl_weather_postgres.py
[2026-09-08T05:15:50.154+0000] {logging_mixin.py:190} INFO - [2026-09-08T05:15:50.153+0000] {dag.py:3239} INFO - Sync 1 DAGs
[2026-09-08T05:15:50.166+0000] {logging_mixin.py:190} INFO - [2026-09-08T05:15:50.165+0000] {dag.py:4180} INFO - Setting next_dagrun for etl_weather_postgres_dag to None, run_after=None
[2026-09-08T05:15:50.186+0000] {processor.py:208} INFO - Processing /opt/airflow/dags/05_etl_weather_postgres.py took 0.076 seconds
[2026-09-08T05:16:20.666+0000] {processor.py:186} INFO - Started process (PID=1324) to work on /opt/airflow/dags/05_etl_weather_postgres.py
[2026-09-08T05:16:20.667+0000] {processor.py:914} INFO - Processing file /opt/airflow/dags/05_etl_weather_postgres.py for tasks to queue
[2026-09-08T05:16:20.668+0000] {logging_mixin.py:190} INFO - [2026-09-08T05:16:20.668+0000] {dagbag.py:588} INFO - Filling up the DagBag from /opt/airflow/dags/05_etl_weather_postgres.py
[2026-09-08T05:16:20.682+0000] {processor.py:925} INFO - DAG(s) 'etl_weather_postgres_dag' retrieved from /opt/airflow/dags/05_etl_weather_postgres.py
[2026-09-08T05:16:20.705+0000] {logging_mixin.py:190} INFO - [2026-09-08T05:16:20.705+0000] {dag.py:3239} INFO - Sync 1 DAGs
[2026-09-08T05:16:20.718+0000] {logging_mixin.py:190} INFO - [2026-09-08T05:16:20.718+0000] {dag.py:4180} INFO - Setting next_dagrun for etl_weather_postgres_dag to None, run_after=None
[2026-09-08T05:16:20.737+0000] {processor.py:208} INFO - Processing /opt/airflow/dags/05_etl_weather_postgres.py took 0.076 seconds
[2026-09-08T05:16:51.291+0000] {processor.py:186} INFO - Started process (PID=1338) to work on /opt/airflow/dags/05_etl_weather_postgres.py
[2026-09-08T05:16:51.292+0000] {processor.py:914} INFO - Processing file /opt/airflow/dags/05_etl_weather_postgres.py for tasks to queue
[2026-09-08T05:16:51.293+0000] {logging_mixin.py:190} INFO - [2026-09-08T05:16:51.292+0000] {dagbag.py:588} INFO - Filling up the DagBag from /opt/airflow/dags/05_etl_weather_postgres.py
[2026-09-08T05:16:51.311+0000] {processor.py:925} INFO - DAG(s) 'etl_weather_postgres_dag' retrieved from /opt/airflow/dags/05_etl_weather_postgres.py
[2026-09-08T05:16:51.342+0000] {logging_mixin.py:190} INFO - [2026-09-08T05:16:51.342+0000] {dag.py:3239} INFO - Sync 1 DAGs
[2026-09-08T05:16:51.358+0000] {logging_mixin.py:190} INFO - [2026-09-08T05:16:51.358+0000] {dag.py:4180} INFO - Setting next_dagrun for etl_weather_postgres_dag to None, run_after=None
[2026-09-08T05:16:51.377+0000] {processor.py:208} INFO - Processing /opt/airflow/dags/05_etl_weather_postgres.py took 0.091 seconds
[2026-09-08T05:17:21.570+0000] {processor.py:186} INFO - Started process (PID=1353) to work on /opt/airflow/dags/05_etl_weather_postgres.py
[2026-09-08T05:17:21.571+0000] {processor.py:914} INFO - Processing file /opt/airflow/dags/05_etl_weather_postgres.py for tasks to queue
[2026-09-08T05:17:21.572+0000] {logging_mixin.py:190} INFO - [2026-09-08T05:17:21.571+0000] {dagbag.py:588} INFO - Filling up the DagBag from /opt/airflow/dags/05_etl_weather_postgres.py
[2026-09-08T05:17:21.589+0000] {processor.py:925} INFO - DAG(s) 'etl_weather_postgres_dag' retrieved from /opt/airflow/dags/05_etl_weather_postgres.py
[2026-09-08T05:17:21.618+0000] {logging_mixin.py:190} INFO - [2026-09-08T05:17:21.617+0000] {dag.py:3239} INFO - Sync 1 DAGs
[2026-09-08T05:17:21.635+0000] {logging_mixin.py:190} INFO - [2026-09-08T05:17:21.635+0000] {dag.py:4180} INFO - Setting next_dagrun for etl_weather_postgres_dag to None, run_after=None
[2026-09-08T05:17:21.656+0000] {processor.py:208} INFO - Processing /opt/airflow/dags/05_etl_weather_postgres.py took 0.092 seconds
[2026-09-08T05:17:51.781+0000] {processor.py:186} INFO - Started process (PID=1367) to work on /opt/airflow/dags/05_etl_weather_postgres.py
[2026-09-08T05:17:51.782+0000] {processor.py:914} INFO - Processing file /opt/airflow/dags/05_etl_weather_postgres.py for tasks to queue
[2026-09-08T05:17:51.784+0000] {logging_mixin.py:190} INFO - [2026-09-08T05:17:51.783+0000] {dagbag.py:588} INFO - Filling up the DagBag from /opt/airflow/dags/05_etl_weather_postgres.py
[2026-09-08T05:17:51.800+0000] {processor.py:925} INFO - DAG(s) 'etl_weather_postgres_dag' retrieved from /opt/airflow/dags/05_etl_weather_postgres.py
[2026-09-08T05:17:51.831+0000] {logging_mixin.py:190} INFO - [2026-09-08T05:17:51.831+0000] {dag.py:3239} INFO - Sync 1 DAGs
[2026-09-08T05:17:51.846+0000] {logging_mixin.py:190} INFO - [2026-09-08T05:17:51.845+0000] {dag.py:4180} INFO - Setting next_dagrun for etl_weather_postgres_dag to None, run_after=None
[2026-09-08T05:17:51.868+0000] {processor.py:208} INFO - Processing /opt/airflow/dags/05_etl_weather_postgres.py took 0.092 seconds
[2026-09-08T05:18:22.466+0000] {processor.py:186} INFO - Started process (PID=1381) to work on /opt/airflow/dags/05_etl_weather_postgres.py
[2026-09-08T05:18:22.467+0000] {processor.py:914} INFO - Processing file /opt/airflow/dags/05_etl_weather_postgres.py for tasks to queue
[2026-09-08T05:18:22.468+0000] {logging_mixin.py:190} INFO - [2026-09-08T05:18:22.467+0000] {dagbag.py:588} INFO - Filling up the DagBag from /opt/airflow/dags/05_etl_weather_postgres.py
[2026-09-08T05:18:22.482+0000] {processor.py:925} INFO - DAG(s) 'etl_weather_postgres_dag' retrieved from /opt/airflow/dags/05_etl_weather_postgres.py
[2026-09-08T05:18:22.505+0000] {logging_mixin.py:190} INFO - [2026-09-08T05:18:22.505+0000] {dag.py:3239} INFO - Sync 1 DAGs
[2026-09-08T05:18:22.517+0000] {logging_mixin.py:190} INFO - [2026-09-08T05:18:22.517+0000] {dag.py:4180} INFO - Setting next_dagrun for etl_weather_postgres_dag to None, run_after=None
[2026-09-08T05:18:22.535+0000] {processor.py:208} INFO - Processing /opt/airflow/dags/05_etl_weather_postgres.py took 0.074 seconds
[2026-09-08T05:18:53.009+0000] {processor.py:186} INFO - Started process (PID=1395) to work on /opt/airflow/dags/05_etl_weather_postgres.py
[2026-09-08T05:18:53.009+0000] {processor.py:914} INFO - Processing file /opt/airflow/dags/05_etl_weather_postgres.py for tasks to queue
[2026-09-08T05:18:53.010+0000] {logging_mixin.py:190} INFO - [2026-09-08T05:18:53.010+0000] {dagbag.py:588} INFO - Filling up the DagBag from /opt/airflow/dags/05_etl_weather_postgres.py
[2026-09-08T05:18:53.025+0000] {processor.py:925} INFO - DAG(s) 'etl_weather_postgres_dag' retrieved from /opt/airflow/dags/05_etl_weather_postgres.py
[2026-09-08T05:18:53.052+0000] {logging_mixin.py:190} INFO - [2026-09-08T05:18:53.052+0000] {dag.py:3239} INFO - Sync 1 DAGs
[2026-09-08T05:18:53.066+0000] {logging_mixin.py:190} INFO - [2026-09-08T05:18:53.066+0000] {dag.py:4180} INFO - Setting next_dagrun for etl_weather_postgres_dag to None, run_after=None
[2026-09-08T05:18:53.086+0000] {processor.py:208} INFO - Processing /opt/airflow/dags/05_etl_weather_postgres.py took 0.082 seconds
[2026-09-08T05:19:23.503+0000] {processor.py:186} INFO - Started process (PID=1409) to work on /opt/airflow/dags/05_etl_weather_postgres.py
[2026-09-08T05:19:23.503+0000] {processor.py:914} INFO - Processing file /opt/airflow/dags/05_etl_weather_postgres.py for tasks to queue
[2026-09-08T05:19:23.504+0000] {logging_mixin.py:190} INFO - [2026-09-08T05:19:23.504+0000] {dagbag.py:588} INFO - Filling up the DagBag from /opt/airflow/dags/05_etl_weather_postgres.py
[2026-09-08T05:19:23.518+0000] {processor.py:925} INFO - DAG(s) 'etl_weather_postgres_dag' retrieved from /opt/airflow/dags/05_etl_weather_postgres.py
[2026-09-08T05:19:23.542+0000] {logging_mixin.py:190} INFO - [2026-09-08T05:19:23.542+0000] {dag.py:3239} INFO - Sync 1 DAGs
[2026-09-08T05:19:23.554+0000] {logging_mixin.py:190} INFO - [2026-09-08T05:19:23.554+0000] {dag.py:4180} INFO - Setting next_dagrun for etl_weather_postgres_dag to None, run_after=None
[2026-09-08T05:19:23.571+0000] {processor.py:208} INFO - Processing /opt/airflow/dags/05_etl_weather_postgres.py took 0.073 seconds
[2026-09-08T05:19:54.288+0000] {processor.py:186} INFO - Started process (PID=1423) to work on /opt/airflow/dags/05_etl_weather_postgres.py
[2026-09-08T05:19:54.289+0000] {processor.py:914} INFO - Processing file /opt/airflow/dags/05_etl_weather_postgres.py for tasks to queue
[2026-09-08T05:19:54.290+0000] {logging_mixin.py:190} INFO - [2026-09-08T05:19:54.290+0000] {dagbag.py:588} INFO - Filling up the DagBag from /opt/airflow/dags/05_etl_weather_postgres.py
[2026-09-08T05:19:54.318+0000] {processor.py:925} INFO - DAG(s) 'etl_weather_postgres_dag' retrieved from /opt/airflow/dags/05_etl_weather_postgres.py
[2026-09-08T05:19:54.371+0000] {logging_mixin.py:190} INFO - [2026-09-08T05:19:54.371+0000] {dag.py:3239} INFO - Sync 1 DAGs
[2026-09-08T05:19:54.503+0000] {logging_mixin.py:190} INFO - [2026-09-08T05:19:54.503+0000] {dag.py:4180} INFO - Setting next_dagrun for etl_weather_postgres_dag to None, run_after=None
[2026-09-08T05:19:54.520+0000] {processor.py:208} INFO - Processing /opt/airflow/dags/05_etl_weather_postgres.py took 0.238 seconds
[2026-09-08T05:20:25.397+0000] {processor.py:186} INFO - Started process (PID=1437) to work on /opt/airflow/dags/05_etl_weather_postgres.py
[2026-09-08T05:20:25.398+0000] {processor.py:914} INFO - Processing file /opt/airflow/dags/05_etl_weather_postgres.py for tasks to queue
[2026-09-08T05:20:25.399+0000] {logging_mixin.py:190} INFO - [2026-09-08T05:20:25.399+0000] {dagbag.py:588} INFO - Filling up the DagBag from /opt/airflow/dags/05_etl_weather_postgres.py
[2026-09-08T05:20:25.417+0000] {processor.py:925} INFO - DAG(s) 'etl_weather_postgres_dag' retrieved from /opt/airflow/dags/05_etl_weather_postgres.py
[2026-09-08T05:20:25.446+0000] {logging_mixin.py:190} INFO - [2026-09-08T05:20:25.445+0000] {dag.py:3239} INFO - Sync 1 DAGs
[2026-09-08T05:20:25.459+0000] {logging_mixin.py:190} INFO - [2026-09-08T05:20:25.459+0000] {dag.py:4180} INFO - Setting next_dagrun for etl_weather_postgres_dag to None, run_after=None
[2026-09-08T05:20:25.479+0000] {processor.py:208} INFO - Processing /opt/airflow/dags/05_etl_weather_postgres.py took 0.089 seconds
[2026-09-08T05:20:55.863+0000] {processor.py:186} INFO - Started process (PID=1451) to work on /opt/airflow/dags/05_etl_weather_postgres.py
[2026-09-08T05:20:55.863+0000] {processor.py:914} INFO - Processing file /opt/airflow/dags/05_etl_weather_postgres.py for tasks to queue
[2026-09-08T05:20:55.864+0000] {logging_mixin.py:190} INFO - [2026-09-08T05:20:55.864+0000] {dagbag.py:588} INFO - Filling up the DagBag from /opt/airflow/dags/05_etl_weather_postgres.py
[2026-09-08T05:20:55.879+0000] {processor.py:925} INFO - DAG(s) 'etl_weather_postgres_dag' retrieved from /opt/airflow/dags/05_etl_weather_postgres.py
[2026-09-08T05:20:55.904+0000] {logging_mixin.py:190} INFO - [2026-09-08T05:20:55.904+0000] {dag.py:3239} INFO - Sync 1 DAGs
[2026-09-08T05:20:55.919+0000] {logging_mixin.py:190} INFO - [2026-09-08T05:20:55.919+0000] {dag.py:4180} INFO - Setting next_dagrun for etl_weather_postgres_dag to None, run_after=None
[2026-09-08T05:20:56.092+0000] {processor.py:208} INFO - Processing /opt/airflow/dags/05_etl_weather_postgres.py took 0.235 seconds
[2026-09-08T05:21:26.442+0000] {processor.py:186} INFO - Started process (PID=1465) to work on /opt/airflow/dags/05_etl_weather_postgres.py
[2026-09-08T05:21:26.443+0000] {processor.py:914} INFO - Processing file /opt/airflow/dags/05_etl_weather_postgres.py for tasks to queue
[2026-09-08T05:21:26.444+0000] {logging_mixin.py:190} INFO - [2026-09-08T05:21:26.444+0000] {dagbag.py:588} INFO - Filling up the DagBag from /opt/airflow/dags/05_etl_weather_postgres.py
[2026-09-08T05:21:26.461+0000] {processor.py:925} INFO - DAG(s) 'etl_weather_postgres_dag' retrieved from /opt/airflow/dags/05_etl_weather_postgres.py
[2026-09-08T05:21:26.489+0000] {logging_mixin.py:190} INFO - [2026-09-08T05:21:26.488+0000] {dag.py:3239} INFO - Sync 1 DAGs
[2026-09-08T05:21:26.502+0000] {logging_mixin.py:190} INFO - [2026-09-08T05:21:26.501+0000] {dag.py:4180} INFO - Setting next_dagrun for etl_weather_postgres_dag to None, run_after=None
[2026-09-08T05:21:26.519+0000] {processor.py:208} INFO - Processing /opt/airflow/dags/05_etl_weather_postgres.py took 0.083 seconds
[2026-09-08T05:21:56.949+0000] {processor.py:186} INFO - Started process (PID=1479) to work on /opt/airflow/dags/05_etl_weather_postgres.py
[2026-09-08T05:21:56.950+0000] {processor.py:914} INFO - Processing file /opt/airflow/dags/05_etl_weather_postgres.py for tasks to queue
[2026-09-08T05:21:56.951+0000] {logging_mixin.py:190} INFO - [2026-09-08T05:21:56.951+0000] {dagbag.py:588} INFO - Filling up the DagBag from /opt/airflow/dags/05_etl_weather_postgres.py
[2026-09-08T05:21:56.969+0000] {processor.py:925} INFO - DAG(s) 'etl_weather_postgres_dag' retrieved from /opt/airflow/dags/05_etl_weather_postgres.py
[2026-09-08T05:21:57.000+0000] {logging_mixin.py:190} INFO - [2026-09-08T05:21:56.999+0000] {dag.py:3239} INFO - Sync 1 DAGs
[2026-09-08T05:21:57.014+0000] {logging_mixin.py:190} INFO - [2026-09-08T05:21:57.014+0000] {dag.py:4180} INFO - Setting next_dagrun for etl_weather_postgres_dag to None, run_after=None
[2026-09-08T05:21:57.038+0000] {processor.py:208} INFO - Processing /opt/airflow/dags/05_etl_weather_postgres.py took 0.096 seconds
[2026-09-08T05:22:27.627+0000] {processor.py:186} INFO - Started process (PID=1493) to work on /opt/airflow/dags/05_etl_weather_postgres.py
[2026-09-08T05:22:27.628+0000] {processor.py:914} INFO - Processing file /opt/airflow/dags/05_etl_weather_postgres.py for tasks to queue
[2026-09-08T05:22:27.629+0000] {logging_mixin.py:190} INFO - [2026-09-08T05:22:27.629+0000] {dagbag.py:588} INFO - Filling up the DagBag from /opt/airflow/dags/05_etl_weather_postgres.py
[2026-09-08T05:22:27.649+0000] {processor.py:925} INFO - DAG(s) 'etl_weather_postgres_dag' retrieved from /opt/airflow/dags/05_etl_weather_postgres.py
[2026-09-08T05:22:27.676+0000] {logging_mixin.py:190} INFO - [2026-09-08T05:22:27.676+0000] {dag.py:3239} INFO - Sync 1 DAGs
[2026-09-08T05:22:27.816+0000] {logging_mixin.py:190} INFO - [2026-09-08T05:22:27.816+0000] {dag.py:4180} INFO - Setting next_dagrun for etl_weather_postgres_dag to None, run_after=None
[2026-09-08T05:22:27.840+0000] {processor.py:208} INFO - Processing /opt/airflow/dags/05_etl_weather_postgres.py took 0.218 seconds
[2026-09-08T05:22:58.194+0000] {processor.py:186} INFO - Started process (PID=1513) to work on /opt/airflow/dags/05_etl_weather_postgres.py
[2026-09-08T05:22:58.195+0000] {processor.py:914} INFO - Processing file /opt/airflow/dags/05_etl_weather_postgres.py for tasks to queue
[2026-09-08T05:22:58.196+0000] {logging_mixin.py:190} INFO - [2026-09-08T05:22:58.196+0000] {dagbag.py:588} INFO - Filling up the DagBag from /opt/airflow/dags/05_etl_weather_postgres.py
[2026-09-08T05:22:58.212+0000] {processor.py:925} INFO - DAG(s) 'etl_weather_postgres_dag' retrieved from /opt/airflow/dags/05_etl_weather_postgres.py
[2026-09-08T05:22:58.238+0000] {logging_mixin.py:190} INFO - [2026-09-08T05:22:58.238+0000] {dag.py:3239} INFO - Sync 1 DAGs
[2026-09-08T05:22:58.252+0000] {logging_mixin.py:190} INFO - [2026-09-08T05:22:58.251+0000] {dag.py:4180} INFO - Setting next_dagrun for etl_weather_postgres_dag to None, run_after=None
[2026-09-08T05:22:58.270+0000] {processor.py:208} INFO - Processing /opt/airflow/dags/05_etl_weather_postgres.py took 0.082 seconds
[2026-09-08T05:23:28.761+0000] {processor.py:186} INFO - Started process (PID=1527) to work on /opt/airflow/dags/05_etl_weather_postgres.py
[2026-09-08T05:23:28.763+0000] {processor.py:914} INFO - Processing file /opt/airflow/dags/05_etl_weather_postgres.py for tasks to queue
[2026-09-08T05:23:28.764+0000] {logging_mixin.py:190} INFO - [2026-09-08T05:23:28.764+0000] {dagbag.py:588} INFO - Filling up the DagBag from /opt/airflow/dags/05_etl_weather_postgres.py
[2026-09-08T05:23:28.788+0000] {processor.py:925} INFO - DAG(s) 'etl_weather_postgres_dag' retrieved from /opt/airflow/dags/05_etl_weather_postgres.py
[2026-09-08T05:23:28.822+0000] {logging_mixin.py:190} INFO - [2026-09-08T05:23:28.822+0000] {dag.py:3239} INFO - Sync 1 DAGs
[2026-09-08T05:23:28.971+0000] {logging_mixin.py:190} INFO - [2026-09-08T05:23:28.971+0000] {dag.py:4180} INFO - Setting next_dagrun for etl_weather_postgres_dag to None, run_after=None
[2026-09-08T05:23:28.989+0000] {processor.py:208} INFO - Processing /opt/airflow/dags/05_etl_weather_postgres.py took 0.236 seconds
[2026-09-08T05:23:59.521+0000] {processor.py:186} INFO - Started process (PID=1541) to work on /opt/airflow/dags/05_etl_weather_postgres.py
[2026-09-08T05:23:59.522+0000] {processor.py:914} INFO - Processing file /opt/airflow/dags/05_etl_weather_postgres.py for tasks to queue
[2026-09-08T05:23:59.523+0000] {logging_mixin.py:190} INFO - [2026-09-08T05:23:59.523+0000] {dagbag.py:588} INFO - Filling up the DagBag from /opt/airflow/dags/05_etl_weather_postgres.py
[2026-09-08T05:23:59.546+0000] {processor.py:925} INFO - DAG(s) 'etl_weather_postgres_dag' retrieved from /opt/airflow/dags/05_etl_weather_postgres.py
[2026-09-08T05:23:59.576+0000] {logging_mixin.py:190} INFO - [2026-09-08T05:23:59.576+0000] {dag.py:3239} INFO - Sync 1 DAGs
[2026-09-08T05:23:59.593+0000] {logging_mixin.py:190} INFO - [2026-09-08T05:23:59.593+0000] {dag.py:4180} INFO - Setting next_dagrun for etl_weather_postgres_dag to None, run_after=None
[2026-09-08T05:23:59.617+0000] {processor.py:208} INFO - Processing /opt/airflow/dags/05_etl_weather_postgres.py took 0.104 seconds
[2026-09-08T05:24:30.169+0000] {processor.py:186} INFO - Started process (PID=1555) to work on /opt/airflow/dags/05_etl_weather_postgres.py
[2026-09-08T05:24:30.170+0000] {processor.py:914} INFO - Processing file /opt/airflow/dags/05_etl_weather_postgres.py for tasks to queue
[2026-09-08T05:24:30.171+0000] {logging_mixin.py:190} INFO - [2026-09-08T05:24:30.171+0000] {dagbag.py:588} INFO - Filling up the DagBag from /opt/airflow/dags/05_etl_weather_postgres.py
[2026-09-08T05:24:30.187+0000] {processor.py:925} INFO - DAG(s) 'etl_weather_postgres_dag' retrieved from /opt/airflow/dags/05_etl_weather_postgres.py
[2026-09-08T05:24:30.217+0000] {logging_mixin.py:190} INFO - [2026-09-08T05:24:30.217+0000] {dag.py:3239} INFO - Sync 1 DAGs
[2026-09-08T05:24:30.230+0000] {logging_mixin.py:190} INFO - [2026-09-08T05:24:30.230+0000] {dag.py:4180} INFO - Setting next_dagrun for etl_weather_postgres_dag to None, run_after=None
[2026-09-08T05:24:30.250+0000] {processor.py:208} INFO - Processing /opt/airflow/dags/05_etl_weather_postgres.py took 0.086 seconds
[2026-09-08T05:25:00.630+0000] {processor.py:186} INFO - Started process (PID=1569) to work on /opt/airflow/dags/05_etl_weather_postgres.py
[2026-09-08T05:25:00.631+0000] {processor.py:914} INFO - Processing file /opt/airflow/dags/05_etl_weather_postgres.py for tasks to queue
[2026-09-08T05:25:00.632+0000] {logging_mixin.py:190} INFO - [2026-09-08T05:25:00.632+0000] {dagbag.py:588} INFO - Filling up the DagBag from /opt/airflow/dags/05_etl_weather_postgres.py
[2026-09-08T05:25:00.646+0000] {processor.py:925} INFO - DAG(s) 'etl_weather_postgres_dag' retrieved from /opt/airflow/dags/05_etl_weather_postgres.py
[2026-09-08T05:25:00.672+0000] {logging_mixin.py:190} INFO - [2026-09-08T05:25:00.672+0000] {dag.py:3239} INFO - Sync 1 DAGs
[2026-09-08T05:25:00.685+0000] {logging_mixin.py:190} INFO - [2026-09-08T05:25:00.685+0000] {dag.py:4180} INFO - Setting next_dagrun for etl_weather_postgres_dag to None, run_after=None
[2026-09-08T05:25:00.704+0000] {processor.py:208} INFO - Processing /opt/airflow/dags/05_etl_weather_postgres.py took 0.079 seconds
[2026-09-08T05:25:31.097+0000] {processor.py:186} INFO - Started process (PID=1583) to work on /opt/airflow/dags/05_etl_weather_postgres.py
[2026-09-08T05:25:31.098+0000] {processor.py:914} INFO - Processing file /opt/airflow/dags/05_etl_weather_postgres.py for tasks to queue
[2026-09-08T05:25:31.099+0000] {logging_mixin.py:190} INFO - [2026-09-08T05:25:31.099+0000] {dagbag.py:588} INFO - Filling up the DagBag from /opt/airflow/dags/05_etl_weather_postgres.py
[2026-09-08T05:25:31.117+0000] {processor.py:925} INFO - DAG(s) 'etl_weather_postgres_dag' retrieved from /opt/airflow/dags/05_etl_weather_postgres.py
[2026-09-08T05:25:31.146+0000] {logging_mixin.py:190} INFO - [2026-09-08T05:25:31.145+0000] {dag.py:3239} INFO - Sync 1 DAGs
[2026-09-08T05:25:31.161+0000] {logging_mixin.py:190} INFO - [2026-09-08T05:25:31.161+0000] {dag.py:4180} INFO - Setting next_dagrun for etl_weather_postgres_dag to None, run_after=None
[2026-09-08T05:25:31.196+0000] {processor.py:208} INFO - Processing /opt/airflow/dags/05_etl_weather_postgres.py took 0.105 seconds
[2026-09-08T05:26:01.569+0000] {processor.py:186} INFO - Started process (PID=1597) to work on /opt/airflow/dags/05_etl_weather_postgres.py
[2026-09-08T05:26:01.570+0000] {processor.py:914} INFO - Processing file /opt/airflow/dags/05_etl_weather_postgres.py for tasks to queue
[2026-09-08T05:26:01.571+0000] {logging_mixin.py:190} INFO - [2026-09-08T05:26:01.571+0000] {dagbag.py:588} INFO - Filling up the DagBag from /opt/airflow/dags/05_etl_weather_postgres.py
[2026-09-08T05:26:01.586+0000] {processor.py:925} INFO - DAG(s) 'etl_weather_postgres_dag' retrieved from /opt/airflow/dags/05_etl_weather_postgres.py
[2026-09-08T05:26:01.612+0000] {logging_mixin.py:190} INFO - [2026-09-08T05:26:01.611+0000] {dag.py:3239} INFO - Sync 1 DAGs
[2026-09-08T05:26:01.625+0000] {logging_mixin.py:190} INFO - [2026-09-08T05:26:01.625+0000] {dag.py:4180} INFO - Setting next_dagrun for etl_weather_postgres_dag to None, run_after=None
[2026-09-08T05:26:01.645+0000] {processor.py:208} INFO - Processing /opt/airflow/dags/05_etl_weather_postgres.py took 0.081 seconds
[2026-09-08T05:26:32.037+0000] {processor.py:186} INFO - Started process (PID=1611) to work on /opt/airflow/dags/05_etl_weather_postgres.py
[2026-09-08T05:26:32.038+0000] {processor.py:914} INFO - Processing file /opt/airflow/dags/05_etl_weather_postgres.py for tasks to queue
[2026-09-08T05:26:32.039+0000] {logging_mixin.py:190} INFO - [2026-09-08T05:26:32.039+0000] {dagbag.py:588} INFO - Filling up the DagBag from /opt/airflow/dags/05_etl_weather_postgres.py
[2026-09-08T05:26:32.056+0000] {processor.py:925} INFO - DAG(s) 'etl_weather_postgres_dag' retrieved from /opt/airflow/dags/05_etl_weather_postgres.py
[2026-09-08T05:26:32.082+0000] {logging_mixin.py:190} INFO - [2026-09-08T05:26:32.082+0000] {dag.py:3239} INFO - Sync 1 DAGs
[2026-09-08T05:26:32.096+0000] {logging_mixin.py:190} INFO - [2026-09-08T05:26:32.096+0000] {dag.py:4180} INFO - Setting next_dagrun for etl_weather_postgres_dag to None, run_after=None
[2026-09-08T05:26:32.118+0000] {processor.py:208} INFO - Processing /opt/airflow/dags/05_etl_weather_postgres.py took 0.087 seconds
[2026-09-08T05:27:02.571+0000] {processor.py:186} INFO - Started process (PID=1625) to work on /opt/airflow/dags/05_etl_weather_postgres.py
[2026-09-08T05:27:02.571+0000] {processor.py:914} INFO - Processing file /opt/airflow/dags/05_etl_weather_postgres.py for tasks to queue
[2026-09-08T05:27:02.573+0000] {logging_mixin.py:190} INFO - [2026-09-08T05:27:02.573+0000] {dagbag.py:588} INFO - Filling up the DagBag from /opt/airflow/dags/05_etl_weather_postgres.py
[2026-09-08T05:27:02.589+0000] {processor.py:925} INFO - DAG(s) 'etl_weather_postgres_dag' retrieved from /opt/airflow/dags/05_etl_weather_postgres.py
[2026-09-08T05:27:02.613+0000] {logging_mixin.py:190} INFO - [2026-09-08T05:27:02.613+0000] {dag.py:3239} INFO - Sync 1 DAGs
[2026-09-08T05:27:02.628+0000] {logging_mixin.py:190} INFO - [2026-09-08T05:27:02.627+0000] {dag.py:4180} INFO - Setting next_dagrun for etl_weather_postgres_dag to None, run_after=None
[2026-09-08T05:27:02.646+0000] {processor.py:208} INFO - Processing /opt/airflow/dags/05_etl_weather_postgres.py took 0.081 seconds
[2026-09-08T05:27:33.109+0000] {processor.py:186} INFO - Started process (PID=1639) to work on /opt/airflow/dags/05_etl_weather_postgres.py
[2026-09-08T05:27:33.110+0000] {processor.py:914} INFO - Processing file /opt/airflow/dags/05_etl_weather_postgres.py for tasks to queue
[2026-09-08T05:27:33.111+0000] {logging_mixin.py:190} INFO - [2026-09-08T05:27:33.111+0000] {dagbag.py:588} INFO - Filling up the DagBag from /opt/airflow/dags/05_etl_weather_postgres.py
[2026-09-08T05:27:33.132+0000] {processor.py:925} INFO - DAG(s) 'etl_weather_postgres_dag' retrieved from /opt/airflow/dags/05_etl_weather_postgres.py
[2026-09-08T05:27:33.162+0000] {logging_mixin.py:190} INFO - [2026-09-08T05:27:33.162+0000] {dag.py:3239} INFO - Sync 1 DAGs
[2026-09-08T05:27:33.178+0000] {logging_mixin.py:190} INFO - [2026-09-08T05:27:33.178+0000] {dag.py:4180} INFO - Setting next_dagrun for etl_weather_postgres_dag to None, run_after=None
[2026-09-08T05:27:33.205+0000] {processor.py:208} INFO - Processing /opt/airflow/dags/05_etl_weather_postgres.py took 0.102 seconds
[2026-09-08T05:28:03.715+0000] {processor.py:186} INFO - Started process (PID=1653) to work on /opt/airflow/dags/05_etl_weather_postgres.py
[2026-09-08T05:28:03.716+0000] {processor.py:914} INFO - Processing file /opt/airflow/dags/05_etl_weather_postgres.py for tasks to queue
[2026-09-08T05:28:03.718+0000] {logging_mixin.py:190} INFO - [2026-09-08T05:28:03.718+0000] {dagbag.py:588} INFO - Filling up the DagBag from /opt/airflow/dags/05_etl_weather_postgres.py
[2026-09-08T05:28:03.739+0000] {processor.py:925} INFO - DAG(s) 'etl_weather_postgres_dag' retrieved from /opt/airflow/dags/05_etl_weather_postgres.py
[2026-09-08T05:28:03.783+0000] {logging_mixin.py:190} INFO - [2026-09-08T05:28:03.783+0000] {dag.py:3239} INFO - Sync 1 DAGs
[2026-09-08T05:28:03.805+0000] {logging_mixin.py:190} INFO - [2026-09-08T05:28:03.805+0000] {dag.py:4180} INFO - Setting next_dagrun for etl_weather_postgres_dag to None, run_after=None
[2026-09-08T05:28:03.834+0000] {processor.py:208} INFO - Processing /opt/airflow/dags/05_etl_weather_postgres.py took 0.131 seconds
[2026-09-08T05:28:33.954+0000] {processor.py:186} INFO - Started process (PID=1667) to work on /opt/airflow/dags/05_etl_weather_postgres.py
[2026-09-08T05:28:33.955+0000] {processor.py:914} INFO - Processing file /opt/airflow/dags/05_etl_weather_postgres.py for tasks to queue
[2026-09-08T05:28:33.956+0000] {logging_mixin.py:190} INFO - [2026-09-08T05:28:33.956+0000] {dagbag.py:588} INFO - Filling up the DagBag from /opt/airflow/dags/05_etl_weather_postgres.py
[2026-09-08T05:28:33.978+0000] {processor.py:925} INFO - DAG(s) 'etl_weather_postgres_dag' retrieved from /opt/airflow/dags/05_etl_weather_postgres.py
[2026-09-08T05:28:34.014+0000] {logging_mixin.py:190} INFO - [2026-09-08T05:28:34.013+0000] {dag.py:3239} INFO - Sync 1 DAGs
[2026-09-08T05:28:34.031+0000] {logging_mixin.py:190} INFO - [2026-09-08T05:28:34.030+0000] {dag.py:4180} INFO - Setting next_dagrun for etl_weather_postgres_dag to None, run_after=None
[2026-09-08T05:28:34.061+0000] {processor.py:208} INFO - Processing /opt/airflow/dags/05_etl_weather_postgres.py took 0.112 seconds
[2026-09-08T05:29:04.398+0000] {processor.py:186} INFO - Started process (PID=1681) to work on /opt/airflow/dags/05_etl_weather_postgres.py
[2026-09-08T05:29:04.400+0000] {processor.py:914} INFO - Processing file /opt/airflow/dags/05_etl_weather_postgres.py for tasks to queue
[2026-09-08T05:29:04.401+0000] {logging_mixin.py:190} INFO - [2026-09-08T05:29:04.401+0000] {dagbag.py:588} INFO - Filling up the DagBag from /opt/airflow/dags/05_etl_weather_postgres.py
[2026-09-08T05:29:04.454+0000] {processor.py:925} INFO - DAG(s) 'etl_weather_postgres_dag' retrieved from /opt/airflow/dags/05_etl_weather_postgres.py
[2026-09-08T05:29:04.485+0000] {logging_mixin.py:190} INFO - [2026-09-08T05:29:04.485+0000] {dag.py:3239} INFO - Sync 1 DAGs
[2026-09-08T05:29:04.505+0000] {logging_mixin.py:190} INFO - [2026-09-08T05:29:04.505+0000] {dag.py:4180} INFO - Setting next_dagrun for etl_weather_postgres_dag to None, run_after=None
[2026-09-08T05:29:04.530+0000] {processor.py:208} INFO - Processing /opt/airflow/dags/05_etl_weather_postgres.py took 0.140 seconds
[2026-09-08T05:29:34.749+0000] {processor.py:186} INFO - Started process (PID=1695) to work on /opt/airflow/dags/05_etl_weather_postgres.py
[2026-09-08T05:29:34.755+0000] {processor.py:914} INFO - Processing file /opt/airflow/dags/05_etl_weather_postgres.py for tasks to queue
[2026-09-08T05:29:34.758+0000] {logging_mixin.py:190} INFO - [2026-09-08T05:29:34.757+0000] {dagbag.py:588} INFO - Filling up the DagBag from /opt/airflow/dags/05_etl_weather_postgres.py
[2026-09-08T05:29:34.811+0000] {processor.py:925} INFO - DAG(s) 'etl_weather_postgres_dag' retrieved from /opt/airflow/dags/05_etl_weather_postgres.py
[2026-09-08T05:29:34.862+0000] {logging_mixin.py:190} INFO - [2026-09-08T05:29:34.862+0000] {dag.py:3239} INFO - Sync 1 DAGs
[2026-09-08T05:29:34.912+0000] {logging_mixin.py:190} INFO - [2026-09-08T05:29:34.911+0000] {dag.py:4180} INFO - Setting next_dagrun for etl_weather_postgres_dag to None, run_after=None
[2026-09-08T05:29:34.958+0000] {processor.py:208} INFO - Processing /opt/airflow/dags/05_etl_weather_postgres.py took 0.216 seconds
[2026-09-08T05:30:05.849+0000] {processor.py:186} INFO - Started process (PID=1709) to work on /opt/airflow/dags/05_etl_weather_postgres.py
[2026-09-08T05:30:05.853+0000] {processor.py:914} INFO - Processing file /opt/airflow/dags/05_etl_weather_postgres.py for tasks to queue
[2026-09-08T05:30:05.856+0000] {logging_mixin.py:190} INFO - [2026-09-08T05:30:05.856+0000] {dagbag.py:588} INFO - Filling up the DagBag from /opt/airflow/dags/05_etl_weather_postgres.py
[2026-09-08T05:30:05.891+0000] {processor.py:925} INFO - DAG(s) 'etl_weather_postgres_dag' retrieved from /opt/airflow/dags/05_etl_weather_postgres.py
[2026-09-08T05:30:05.951+0000] {logging_mixin.py:190} INFO - [2026-09-08T05:30:05.950+0000] {dag.py:3239} INFO - Sync 1 DAGs
[2026-09-08T05:30:05.984+0000] {logging_mixin.py:190} INFO - [2026-09-08T05:30:05.984+0000] {dag.py:4180} INFO - Setting next_dagrun for etl_weather_postgres_dag to None, run_after=None
[2026-09-08T05:30:06.022+0000] {processor.py:208} INFO - Processing /opt/airflow/dags/05_etl_weather_postgres.py took 0.186 seconds
[2026-09-08T05:30:36.161+0000] {processor.py:186} INFO - Started process (PID=1723) to work on /opt/airflow/dags/05_etl_weather_postgres.py
[2026-09-08T05:30:36.161+0000] {processor.py:914} INFO - Processing file /opt/airflow/dags/05_etl_weather_postgres.py for tasks to queue
[2026-09-08T05:30:36.162+0000] {logging_mixin.py:190} INFO - [2026-09-08T05:30:36.162+0000] {dagbag.py:588} INFO - Filling up the DagBag from /opt/airflow/dags/05_etl_weather_postgres.py
[2026-09-08T05:30:36.193+0000] {processor.py:925} INFO - DAG(s) 'etl_weather_postgres_dag' retrieved from /opt/airflow/dags/05_etl_weather_postgres.py
[2026-09-08T05:30:36.235+0000] {logging_mixin.py:190} INFO - [2026-09-08T05:30:36.234+0000] {dag.py:3239} INFO - Sync 1 DAGs
[2026-09-08T05:30:36.253+0000] {logging_mixin.py:190} INFO - [2026-09-08T05:30:36.253+0000] {dag.py:4180} INFO - Setting next_dagrun for etl_weather_postgres_dag to None, run_after=None
[2026-09-08T05:30:36.282+0000] {processor.py:208} INFO - Processing /opt/airflow/dags/05_etl_weather_postgres.py took 0.127 seconds
[2026-09-08T05:31:06.445+0000] {processor.py:186} INFO - Started process (PID=1737) to work on /opt/airflow/dags/05_etl_weather_postgres.py
[2026-09-08T05:31:06.446+0000] {processor.py:914} INFO - Processing file /opt/airflow/dags/05_etl_weather_postgres.py for tasks to queue
[2026-09-08T05:31:06.448+0000] {logging_mixin.py:190} INFO - [2026-09-08T05:31:06.447+0000] {dagbag.py:588} INFO - Filling up the DagBag from /opt/airflow/dags/05_etl_weather_postgres.py
[2026-09-08T05:31:06.486+0000] {processor.py:925} INFO - DAG(s) 'etl_weather_postgres_dag' retrieved from /opt/airflow/dags/05_etl_weather_postgres.py
[2026-09-08T05:31:06.533+0000] {logging_mixin.py:190} INFO - [2026-09-08T05:31:06.533+0000] {dag.py:3239} INFO - Sync 1 DAGs
[2026-09-08T05:31:06.555+0000] {logging_mixin.py:190} INFO - [2026-09-08T05:31:06.555+0000] {dag.py:4180} INFO - Setting next_dagrun for etl_weather_postgres_dag to None, run_after=None
[2026-09-08T05:31:06.582+0000] {processor.py:208} INFO - Processing /opt/airflow/dags/05_etl_weather_postgres.py took 0.145 seconds
[2026-09-08T05:31:36.678+0000] {processor.py:186} INFO - Started process (PID=1751) to work on /opt/airflow/dags/05_etl_weather_postgres.py
[2026-09-08T05:31:36.679+0000] {processor.py:914} INFO - Processing file /opt/airflow/dags/05_etl_weather_postgres.py for tasks to queue
[2026-09-08T05:31:36.680+0000] {logging_mixin.py:190} INFO - [2026-09-08T05:31:36.680+0000] {dagbag.py:588} INFO - Filling up the DagBag from /opt/airflow/dags/05_etl_weather_postgres.py
[2026-09-08T05:31:36.704+0000] {processor.py:925} INFO - DAG(s) 'etl_weather_postgres_dag' retrieved from /opt/airflow/dags/05_etl_weather_postgres.py
[2026-09-08T05:31:36.740+0000] {logging_mixin.py:190} INFO - [2026-09-08T05:31:36.739+0000] {dag.py:3239} INFO - Sync 1 DAGs
[2026-09-08T05:31:36.755+0000] {logging_mixin.py:190} INFO - [2026-09-08T05:31:36.755+0000] {dag.py:4180} INFO - Setting next_dagrun for etl_weather_postgres_dag to None, run_after=None
[2026-09-08T05:31:36.787+0000] {processor.py:208} INFO - Processing /opt/airflow/dags/05_etl_weather_postgres.py took 0.116 seconds
[2026-09-08T05:32:07.260+0000] {processor.py:186} INFO - Started process (PID=1765) to work on /opt/airflow/dags/05_etl_weather_postgres.py
[2026-09-08T05:32:07.260+0000] {processor.py:914} INFO - Processing file /opt/airflow/dags/05_etl_weather_postgres.py for tasks to queue
[2026-09-08T05:32:07.264+0000] {logging_mixin.py:190} INFO - [2026-09-08T05:32:07.263+0000] {dagbag.py:588} INFO - Filling up the DagBag from /opt/airflow/dags/05_etl_weather_postgres.py
[2026-09-08T05:32:07.286+0000] {processor.py:925} INFO - DAG(s) 'etl_weather_postgres_dag' retrieved from /opt/airflow/dags/05_etl_weather_postgres.py
[2026-09-08T05:32:07.322+0000] {logging_mixin.py:190} INFO - [2026-09-08T05:32:07.322+0000] {dag.py:3239} INFO - Sync 1 DAGs
[2026-09-08T05:32:07.343+0000] {logging_mixin.py:190} INFO - [2026-09-08T05:32:07.343+0000] {dag.py:4180} INFO - Setting next_dagrun for etl_weather_postgres_dag to None, run_after=None
[2026-09-08T05:32:07.370+0000] {processor.py:208} INFO - Processing /opt/airflow/dags/05_etl_weather_postgres.py took 0.116 seconds
[2026-09-08T05:32:37.566+0000] {processor.py:186} INFO - Started process (PID=1779) to work on /opt/airflow/dags/05_etl_weather_postgres.py
[2026-09-08T05:32:37.568+0000] {processor.py:914} INFO - Processing file /opt/airflow/dags/05_etl_weather_postgres.py for tasks to queue
[2026-09-08T05:32:37.571+0000] {logging_mixin.py:190} INFO - [2026-09-08T05:32:37.570+0000] {dagbag.py:588} INFO - Filling up the DagBag from /opt/airflow/dags/05_etl_weather_postgres.py
[2026-09-08T05:32:37.612+0000] {processor.py:925} INFO - DAG(s) 'etl_weather_postgres_dag' retrieved from /opt/airflow/dags/05_etl_weather_postgres.py
[2026-09-08T05:32:37.681+0000] {logging_mixin.py:190} INFO - [2026-09-08T05:32:37.680+0000] {dag.py:3239} INFO - Sync 1 DAGs
[2026-09-08T05:32:37.710+0000] {logging_mixin.py:190} INFO - [2026-09-08T05:32:37.710+0000] {dag.py:4180} INFO - Setting next_dagrun for etl_weather_postgres_dag to None, run_after=None
[2026-09-08T05:32:37.783+0000] {processor.py:208} INFO - Processing /opt/airflow/dags/05_etl_weather_postgres.py took 0.233 seconds
[2026-09-08T05:33:08.785+0000] {processor.py:186} INFO - Started process (PID=1793) to work on /opt/airflow/dags/05_etl_weather_postgres.py
[2026-09-08T05:33:08.786+0000] {processor.py:914} INFO - Processing file /opt/airflow/dags/05_etl_weather_postgres.py for tasks to queue
[2026-09-08T05:33:08.790+0000] {logging_mixin.py:190} INFO - [2026-09-08T05:33:08.790+0000] {dagbag.py:588} INFO - Filling up the DagBag from /opt/airflow/dags/05_etl_weather_postgres.py
[2026-09-08T05:33:08.823+0000] {processor.py:925} INFO - DAG(s) 'etl_weather_postgres_dag' retrieved from /opt/airflow/dags/05_etl_weather_postgres.py
[2026-09-08T05:33:08.869+0000] {logging_mixin.py:190} INFO - [2026-09-08T05:33:08.869+0000] {dag.py:3239} INFO - Sync 1 DAGs
[2026-09-08T05:33:08.889+0000] {logging_mixin.py:190} INFO - [2026-09-08T05:33:08.889+0000] {dag.py:4180} INFO - Setting next_dagrun for etl_weather_postgres_dag to None, run_after=None
[2026-09-08T05:33:08.923+0000] {processor.py:208} INFO - Processing /opt/airflow/dags/05_etl_weather_postgres.py took 0.145 seconds
[2026-09-08T05:33:39.563+0000] {processor.py:186} INFO - Started process (PID=1807) to work on /opt/airflow/dags/05_etl_weather_postgres.py
[2026-09-08T05:33:39.564+0000] {processor.py:914} INFO - Processing file /opt/airflow/dags/05_etl_weather_postgres.py for tasks to queue
[2026-09-08T05:33:39.566+0000] {logging_mixin.py:190} INFO - [2026-09-08T05:33:39.565+0000] {dagbag.py:588} INFO - Filling up the DagBag from /opt/airflow/dags/05_etl_weather_postgres.py
[2026-09-08T05:33:39.599+0000] {processor.py:925} INFO - DAG(s) 'etl_weather_postgres_dag' retrieved from /opt/airflow/dags/05_etl_weather_postgres.py
[2026-09-08T05:33:39.645+0000] {logging_mixin.py:190} INFO - [2026-09-08T05:33:39.645+0000] {dag.py:3239} INFO - Sync 1 DAGs
[2026-09-08T05:33:39.670+0000] {logging_mixin.py:190} INFO - [2026-09-08T05:33:39.670+0000] {dag.py:4180} INFO - Setting next_dagrun for etl_weather_postgres_dag to None, run_after=None
[2026-09-08T05:33:39.697+0000] {processor.py:208} INFO - Processing /opt/airflow/dags/05_etl_weather_postgres.py took 0.142 seconds
[2026-09-08T05:34:10.026+0000] {processor.py:186} INFO - Started process (PID=1821) to work on /opt/airflow/dags/05_etl_weather_postgres.py
[2026-09-08T05:34:10.033+0000] {processor.py:914} INFO - Processing file /opt/airflow/dags/05_etl_weather_postgres.py for tasks to queue
[2026-09-08T05:34:10.035+0000] {logging_mixin.py:190} INFO - [2026-09-08T05:34:10.035+0000] {dagbag.py:588} INFO - Filling up the DagBag from /opt/airflow/dags/05_etl_weather_postgres.py
[2026-09-08T05:34:10.078+0000] {processor.py:925} INFO - DAG(s) 'etl_weather_postgres_dag' retrieved from /opt/airflow/dags/05_etl_weather_postgres.py
[2026-09-08T05:34:10.142+0000] {logging_mixin.py:190} INFO - [2026-09-08T05:34:10.141+0000] {dag.py:3239} INFO - Sync 1 DAGs
[2026-09-08T05:34:10.172+0000] {logging_mixin.py:190} INFO - [2026-09-08T05:34:10.172+0000] {dag.py:4180} INFO - Setting next_dagrun for etl_weather_postgres_dag to None, run_after=None
[2026-09-08T05:34:10.204+0000] {processor.py:208} INFO - Processing /opt/airflow/dags/05_etl_weather_postgres.py took 0.190 seconds
[2026-09-08T05:34:40.323+0000] {processor.py:186} INFO - Started process (PID=1836) to work on /opt/airflow/dags/05_etl_weather_postgres.py
[2026-09-08T05:34:40.328+0000] {processor.py:914} INFO - Processing file /opt/airflow/dags/05_etl_weather_postgres.py for tasks to queue
[2026-09-08T05:34:40.330+0000] {logging_mixin.py:190} INFO - [2026-09-08T05:34:40.330+0000] {dagbag.py:588} INFO - Filling up the DagBag from /opt/airflow/dags/05_etl_weather_postgres.py
[2026-09-08T05:34:40.373+0000] {processor.py:925} INFO - DAG(s) 'etl_weather_postgres_dag' retrieved from /opt/airflow/dags/05_etl_weather_postgres.py
[2026-09-08T05:34:40.424+0000] {logging_mixin.py:190} INFO - [2026-09-08T05:34:40.424+0000] {dag.py:3239} INFO - Sync 1 DAGs
[2026-09-08T05:34:40.444+0000] {logging_mixin.py:190} INFO - [2026-09-08T05:34:40.444+0000] {dag.py:4180} INFO - Setting next_dagrun for etl_weather_postgres_dag to None, run_after=None
[2026-09-08T05:34:40.473+0000] {processor.py:208} INFO - Processing /opt/airflow/dags/05_etl_weather_postgres.py took 0.162 seconds
[2026-09-08T05:35:10.541+0000] {processor.py:186} INFO - Started process (PID=1850) to work on /opt/airflow/dags/05_etl_weather_postgres.py
[2026-09-08T05:35:10.541+0000] {processor.py:914} INFO - Processing file /opt/airflow/dags/05_etl_weather_postgres.py for tasks to queue
[2026-09-08T05:35:10.543+0000] {logging_mixin.py:190} INFO - [2026-09-08T05:35:10.543+0000] {dagbag.py:588} INFO - Filling up the DagBag from /opt/airflow/dags/05_etl_weather_postgres.py
[2026-09-08T05:35:10.573+0000] {processor.py:925} INFO - DAG(s) 'etl_weather_postgres_dag' retrieved from /opt/airflow/dags/05_etl_weather_postgres.py
[2026-09-08T05:35:10.633+0000] {logging_mixin.py:190} INFO - [2026-09-08T05:35:10.633+0000] {dag.py:3239} INFO - Sync 1 DAGs
[2026-09-08T05:35:10.665+0000] {logging_mixin.py:190} INFO - [2026-09-08T05:35:10.665+0000] {dag.py:4180} INFO - Setting next_dagrun for etl_weather_postgres_dag to None, run_after=None
[2026-09-08T05:35:10.705+0000] {processor.py:208} INFO - Processing /opt/airflow/dags/05_etl_weather_postgres.py took 0.173 seconds
[2026-09-08T05:35:41.211+0000] {processor.py:186} INFO - Started process (PID=1864) to work on /opt/airflow/dags/05_etl_weather_postgres.py
[2026-09-08T05:35:41.212+0000] {processor.py:914} INFO - Processing file /opt/airflow/dags/05_etl_weather_postgres.py for tasks to queue
[2026-09-08T05:35:41.214+0000] {logging_mixin.py:190} INFO - [2026-09-08T05:35:41.213+0000] {dagbag.py:588} INFO - Filling up the DagBag from /opt/airflow/dags/05_etl_weather_postgres.py
[2026-09-08T05:35:41.231+0000] {processor.py:925} INFO - DAG(s) 'etl_weather_postgres_dag' retrieved from /opt/airflow/dags/05_etl_weather_postgres.py
[2026-09-08T05:35:41.266+0000] {logging_mixin.py:190} INFO - [2026-09-08T05:35:41.266+0000] {dag.py:3239} INFO - Sync 1 DAGs
[2026-09-08T05:35:41.285+0000] {logging_mixin.py:190} INFO - [2026-09-08T05:35:41.284+0000] {dag.py:4180} INFO - Setting next_dagrun for etl_weather_postgres_dag to None, run_after=None
[2026-09-08T05:35:41.315+0000] {processor.py:208} INFO - Processing /opt/airflow/dags/05_etl_weather_postgres.py took 0.109 seconds
[2026-09-08T05:36:11.581+0000] {processor.py:186} INFO - Started process (PID=1878) to work on /opt/airflow/dags/05_etl_weather_postgres.py
[2026-09-08T05:36:11.582+0000] {processor.py:914} INFO - Processing file /opt/airflow/dags/05_etl_weather_postgres.py for tasks to queue
[2026-09-08T05:36:11.583+0000] {logging_mixin.py:190} INFO - [2026-09-08T05:36:11.583+0000] {dagbag.py:588} INFO - Filling up the DagBag from /opt/airflow/dags/05_etl_weather_postgres.py
[2026-09-08T05:36:11.610+0000] {processor.py:925} INFO - DAG(s) 'etl_weather_postgres_dag' retrieved from /opt/airflow/dags/05_etl_weather_postgres.py
[2026-09-08T05:36:11.650+0000] {logging_mixin.py:190} INFO - [2026-09-08T05:36:11.650+0000] {dag.py:3239} INFO - Sync 1 DAGs
[2026-09-08T05:36:11.673+0000] {logging_mixin.py:190} INFO - [2026-09-08T05:36:11.673+0000] {dag.py:4180} INFO - Setting next_dagrun for etl_weather_postgres_dag to None, run_after=None
[2026-09-08T05:36:11.704+0000] {processor.py:208} INFO - Processing /opt/airflow/dags/05_etl_weather_postgres.py took 0.129 seconds
[2026-09-08T05:36:42.132+0000] {processor.py:186} INFO - Started process (PID=1892) to work on /opt/airflow/dags/05_etl_weather_postgres.py
[2026-09-08T05:36:42.132+0000] {processor.py:914} INFO - Processing file /opt/airflow/dags/05_etl_weather_postgres.py for tasks to queue
[2026-09-08T05:36:42.134+0000] {logging_mixin.py:190} INFO - [2026-09-08T05:36:42.133+0000] {dagbag.py:588} INFO - Filling up the DagBag from /opt/airflow/dags/05_etl_weather_postgres.py
[2026-09-08T05:36:42.152+0000] {processor.py:925} INFO - DAG(s) 'etl_weather_postgres_dag' retrieved from /opt/airflow/dags/05_etl_weather_postgres.py
[2026-09-08T05:36:42.179+0000] {logging_mixin.py:190} INFO - [2026-09-08T05:36:42.179+0000] {dag.py:3239} INFO - Sync 1 DAGs
[2026-09-08T05:36:42.196+0000] {logging_mixin.py:190} INFO - [2026-09-08T05:36:42.196+0000] {dag.py:4180} INFO - Setting next_dagrun for etl_weather_postgres_dag to None, run_after=None
[2026-09-08T05:36:42.223+0000] {processor.py:208} INFO - Processing /opt/airflow/dags/05_etl_weather_postgres.py took 0.098 seconds
[2026-09-08T05:37:12.625+0000] {processor.py:186} INFO - Started process (PID=1907) to work on /opt/airflow/dags/05_etl_weather_postgres.py
[2026-09-08T05:37:12.625+0000] {processor.py:914} INFO - Processing file /opt/airflow/dags/05_etl_weather_postgres.py for tasks to queue
[2026-09-08T05:37:12.627+0000] {logging_mixin.py:190} INFO - [2026-09-08T05:37:12.627+0000] {dagbag.py:588} INFO - Filling up the DagBag from /opt/airflow/dags/05_etl_weather_postgres.py
[2026-09-08T05:37:12.654+0000] {processor.py:925} INFO - DAG(s) 'etl_weather_postgres_dag' retrieved from /opt/airflow/dags/05_etl_weather_postgres.py
[2026-09-08T05:37:12.689+0000] {logging_mixin.py:190} INFO - [2026-09-08T05:37:12.689+0000] {dag.py:3239} INFO - Sync 1 DAGs
[2026-09-08T05:37:12.704+0000] {logging_mixin.py:190} INFO - [2026-09-08T05:37:12.704+0000] {dag.py:4180} INFO - Setting next_dagrun for etl_weather_postgres_dag to None, run_after=None
[2026-09-08T05:37:12.733+0000] {processor.py:208} INFO - Processing /opt/airflow/dags/05_etl_weather_postgres.py took 0.119 seconds
[2026-09-08T05:37:42.813+0000] {processor.py:186} INFO - Started process (PID=1921) to work on /opt/airflow/dags/05_etl_weather_postgres.py
[2026-09-08T05:37:42.814+0000] {processor.py:914} INFO - Processing file /opt/airflow/dags/05_etl_weather_postgres.py for tasks to queue
[2026-09-08T05:37:42.815+0000] {logging_mixin.py:190} INFO - [2026-09-08T05:37:42.815+0000] {dagbag.py:588} INFO - Filling up the DagBag from /opt/airflow/dags/05_etl_weather_postgres.py
[2026-09-08T05:37:42.844+0000] {processor.py:925} INFO - DAG(s) 'etl_weather_postgres_dag' retrieved from /opt/airflow/dags/05_etl_weather_postgres.py
[2026-09-08T05:37:42.877+0000] {logging_mixin.py:190} INFO - [2026-09-08T05:37:42.877+0000] {dag.py:3239} INFO - Sync 1 DAGs
[2026-09-08T05:37:42.891+0000] {logging_mixin.py:190} INFO - [2026-09-08T05:37:42.891+0000] {dag.py:4180} INFO - Setting next_dagrun for etl_weather_postgres_dag to None, run_after=None
[2026-09-08T05:37:42.931+0000] {processor.py:208} INFO - Processing /opt/airflow/dags/05_etl_weather_postgres.py took 0.124 seconds
[2026-09-08T05:38:13.529+0000] {processor.py:186} INFO - Started process (PID=1934) to work on /opt/airflow/dags/05_etl_weather_postgres.py
[2026-09-08T05:38:13.530+0000] {processor.py:914} INFO - Processing file /opt/airflow/dags/05_etl_weather_postgres.py for tasks to queue
[2026-09-08T05:38:13.532+0000] {logging_mixin.py:190} INFO - [2026-09-08T05:38:13.531+0000] {dagbag.py:588} INFO - Filling up the DagBag from /opt/airflow/dags/05_etl_weather_postgres.py
[2026-09-08T05:38:13.548+0000] {processor.py:925} INFO - DAG(s) 'etl_weather_postgres_dag' retrieved from /opt/airflow/dags/05_etl_weather_postgres.py
[2026-09-08T05:38:13.574+0000] {logging_mixin.py:190} INFO - [2026-09-08T05:38:13.574+0000] {dag.py:3239} INFO - Sync 1 DAGs
[2026-09-08T05:38:13.590+0000] {logging_mixin.py:190} INFO - [2026-09-08T05:38:13.590+0000] {dag.py:4180} INFO - Setting next_dagrun for etl_weather_postgres_dag to None, run_after=None
[2026-09-08T05:38:13.615+0000] {processor.py:208} INFO - Processing /opt/airflow/dags/05_etl_weather_postgres.py took 0.090 seconds
[2026-09-08T06:18:36.358+0000] {processor.py:186} INFO - Started process (PID=116) to work on /opt/airflow/dags/05_etl_weather_postgres.py
[2026-09-08T06:18:36.360+0000] {processor.py:914} INFO - Processing file /opt/airflow/dags/05_etl_weather_postgres.py for tasks to queue
[2026-09-08T06:18:36.364+0000] {logging_mixin.py:190} INFO - [2026-09-08T06:18:36.363+0000] {dagbag.py:588} INFO - Filling up the DagBag from /opt/airflow/dags/05_etl_weather_postgres.py
[2026-09-08T06:18:36.528+0000] {processor.py:925} INFO - DAG(s) 'etl_weather_postgres_dag' retrieved from /opt/airflow/dags/05_etl_weather_postgres.py
[2026-09-08T06:18:36.607+0000] {logging_mixin.py:190} INFO - [2026-09-08T06:18:36.606+0000] {dag.py:3239} INFO - Sync 1 DAGs
[2026-09-08T06:18:36.815+0000] {logging_mixin.py:190} INFO - [2026-09-08T06:18:36.815+0000] {dag.py:4180} INFO - Setting next_dagrun for etl_weather_postgres_dag to None, run_after=None
[2026-09-08T06:18:36.889+0000] {processor.py:208} INFO - Processing /opt/airflow/dags/05_etl_weather_postgres.py took 0.544 seconds
[2026-09-08T06:19:07.482+0000] {processor.py:186} INFO - Started process (PID=128) to work on /opt/airflow/dags/05_etl_weather_postgres.py
[2026-09-08T06:19:07.524+0000] {processor.py:914} INFO - Processing file /opt/airflow/dags/05_etl_weather_postgres.py for tasks to queue
[2026-09-08T06:19:07.527+0000] {logging_mixin.py:190} INFO - [2026-09-08T06:19:07.526+0000] {dagbag.py:588} INFO - Filling up the DagBag from /opt/airflow/dags/05_etl_weather_postgres.py
[2026-09-08T06:19:07.754+0000] {processor.py:925} INFO - DAG(s) 'etl_weather_postgres_dag' retrieved from /opt/airflow/dags/05_etl_weather_postgres.py
[2026-09-08T06:19:07.841+0000] {logging_mixin.py:190} INFO - [2026-09-08T06:19:07.840+0000] {dag.py:3239} INFO - Sync 1 DAGs
[2026-09-08T06:19:07.881+0000] {logging_mixin.py:190} INFO - [2026-09-08T06:19:07.881+0000] {dag.py:4180} INFO - Setting next_dagrun for etl_weather_postgres_dag to None, run_after=None
[2026-09-08T06:19:07.934+0000] {processor.py:208} INFO - Processing /opt/airflow/dags/05_etl_weather_postgres.py took 0.467 seconds
[2026-09-08T06:19:38.142+0000] {processor.py:186} INFO - Started process (PID=142) to work on /opt/airflow/dags/05_etl_weather_postgres.py
[2026-09-08T06:19:38.158+0000] {processor.py:914} INFO - Processing file /opt/airflow/dags/05_etl_weather_postgres.py for tasks to queue
[2026-09-08T06:19:38.163+0000] {logging_mixin.py:190} INFO - [2026-09-08T06:19:38.162+0000] {dagbag.py:588} INFO - Filling up the DagBag from /opt/airflow/dags/05_etl_weather_postgres.py
[2026-09-08T06:19:38.248+0000] {processor.py:925} INFO - DAG(s) 'etl_weather_postgres_dag' retrieved from /opt/airflow/dags/05_etl_weather_postgres.py
[2026-09-08T06:19:38.346+0000] {logging_mixin.py:190} INFO - [2026-09-08T06:19:38.346+0000] {dag.py:3239} INFO - Sync 1 DAGs
[2026-09-08T06:19:38.377+0000] {logging_mixin.py:190} INFO - [2026-09-08T06:19:38.377+0000] {dag.py:4180} INFO - Setting next_dagrun for etl_weather_postgres_dag to None, run_after=None
[2026-09-08T06:19:38.414+0000] {processor.py:208} INFO - Processing /opt/airflow/dags/05_etl_weather_postgres.py took 0.304 seconds
[2026-09-08T06:20:09.084+0000] {processor.py:186} INFO - Started process (PID=156) to work on /opt/airflow/dags/05_etl_weather_postgres.py
[2026-09-08T06:20:09.136+0000] {processor.py:914} INFO - Processing file /opt/airflow/dags/05_etl_weather_postgres.py for tasks to queue
[2026-09-08T06:20:09.141+0000] {logging_mixin.py:190} INFO - [2026-09-08T06:20:09.140+0000] {dagbag.py:588} INFO - Filling up the DagBag from /opt/airflow/dags/05_etl_weather_postgres.py
[2026-09-08T06:20:09.248+0000] {processor.py:925} INFO - DAG(s) 'etl_weather_postgres_dag' retrieved from /opt/airflow/dags/05_etl_weather_postgres.py
[2026-09-08T06:20:09.377+0000] {logging_mixin.py:190} INFO - [2026-09-08T06:20:09.376+0000] {dag.py:3239} INFO - Sync 1 DAGs
[2026-09-08T06:20:09.415+0000] {logging_mixin.py:190} INFO - [2026-09-08T06:20:09.415+0000] {dag.py:4180} INFO - Setting next_dagrun for etl_weather_postgres_dag to None, run_after=None
[2026-09-08T06:20:09.498+0000] {processor.py:208} INFO - Processing /opt/airflow/dags/05_etl_weather_postgres.py took 0.429 seconds
[2026-09-08T06:24:35.586+0000] {processor.py:186} INFO - Started process (PID=95) to work on /opt/airflow/dags/05_etl_weather_postgres.py
[2026-09-08T06:24:35.589+0000] {processor.py:914} INFO - Processing file /opt/airflow/dags/05_etl_weather_postgres.py for tasks to queue
[2026-09-08T06:24:35.594+0000] {logging_mixin.py:190} INFO - [2026-09-08T06:24:35.593+0000] {dagbag.py:588} INFO - Filling up the DagBag from /opt/airflow/dags/05_etl_weather_postgres.py
[2026-09-08T06:24:35.663+0000] {processor.py:925} INFO - DAG(s) 'etl_weather_postgres_dag' retrieved from /opt/airflow/dags/05_etl_weather_postgres.py
[2026-09-08T06:24:35.774+0000] {logging_mixin.py:190} INFO - [2026-09-08T06:24:35.773+0000] {dag.py:3239} INFO - Sync 1 DAGs
[2026-09-08T06:24:35.819+0000] {logging_mixin.py:190} INFO - [2026-09-08T06:24:35.818+0000] {dag.py:4180} INFO - Setting next_dagrun for etl_weather_postgres_dag to None, run_after=None
[2026-09-08T06:24:35.865+0000] {processor.py:208} INFO - Processing /opt/airflow/dags/05_etl_weather_postgres.py took 0.303 seconds
[2026-09-08T06:25:06.113+0000] {processor.py:186} INFO - Started process (PID=107) to work on /opt/airflow/dags/05_etl_weather_postgres.py
[2026-09-08T06:25:06.116+0000] {processor.py:914} INFO - Processing file /opt/airflow/dags/05_etl_weather_postgres.py for tasks to queue
[2026-09-08T06:25:06.119+0000] {logging_mixin.py:190} INFO - [2026-09-08T06:25:06.119+0000] {dagbag.py:588} INFO - Filling up the DagBag from /opt/airflow/dags/05_etl_weather_postgres.py
[2026-09-08T06:25:06.162+0000] {processor.py:925} INFO - DAG(s) 'etl_weather_postgres_dag' retrieved from /opt/airflow/dags/05_etl_weather_postgres.py
[2026-09-08T06:25:06.224+0000] {logging_mixin.py:190} INFO - [2026-09-08T06:25:06.223+0000] {dag.py:3239} INFO - Sync 1 DAGs
[2026-09-08T06:25:06.250+0000] {logging_mixin.py:190} INFO - [2026-09-08T06:25:06.250+0000] {dag.py:4180} INFO - Setting next_dagrun for etl_weather_postgres_dag to None, run_after=None
[2026-09-08T06:25:06.285+0000] {processor.py:208} INFO - Processing /opt/airflow/dags/05_etl_weather_postgres.py took 0.186 seconds
[2026-09-08T06:25:38.133+0000] {processor.py:186} INFO - Started process (PID=121) to work on /opt/airflow/dags/05_etl_weather_postgres.py
[2026-09-08T06:25:38.197+0000] {processor.py:914} INFO - Processing file /opt/airflow/dags/05_etl_weather_postgres.py for tasks to queue
[2026-09-08T06:25:38.204+0000] {logging_mixin.py:190} INFO - [2026-09-08T06:25:38.203+0000] {dagbag.py:588} INFO - Filling up the DagBag from /opt/airflow/dags/05_etl_weather_postgres.py
[2026-09-08T06:25:38.397+0000] {processor.py:925} INFO - DAG(s) 'etl_weather_postgres_dag' retrieved from /opt/airflow/dags/05_etl_weather_postgres.py
[2026-09-08T06:25:38.916+0000] {logging_mixin.py:190} INFO - [2026-09-08T06:25:38.916+0000] {dag.py:3239} INFO - Sync 1 DAGs
[2026-09-08T06:25:38.968+0000] {logging_mixin.py:190} INFO - [2026-09-08T06:25:38.968+0000] {dag.py:4180} INFO - Setting next_dagrun for etl_weather_postgres_dag to None, run_after=None
[2026-09-08T06:25:49.152+0000] {processor.py:208} INFO - Processing /opt/airflow/dags/05_etl_weather_postgres.py took 11.040 seconds
[2026-09-08T06:26:19.910+0000] {processor.py:186} INFO - Started process (PID=135) to work on /opt/airflow/dags/05_etl_weather_postgres.py
[2026-09-08T06:26:19.912+0000] {processor.py:914} INFO - Processing file /opt/airflow/dags/05_etl_weather_postgres.py for tasks to queue
[2026-09-08T06:26:19.916+0000] {logging_mixin.py:190} INFO - [2026-09-08T06:26:19.915+0000] {dagbag.py:588} INFO - Filling up the DagBag from /opt/airflow/dags/05_etl_weather_postgres.py
[2026-09-08T06:26:19.966+0000] {processor.py:925} INFO - DAG(s) 'etl_weather_postgres_dag' retrieved from /opt/airflow/dags/05_etl_weather_postgres.py
[2026-09-08T06:26:20.328+0000] {logging_mixin.py:190} INFO - [2026-09-08T06:26:20.328+0000] {dag.py:3239} INFO - Sync 1 DAGs
[2026-09-08T06:26:20.361+0000] {logging_mixin.py:190} INFO - [2026-09-08T06:26:20.360+0000] {dag.py:4180} INFO - Setting next_dagrun for etl_weather_postgres_dag to None, run_after=None
[2026-09-08T06:26:20.416+0000] {processor.py:208} INFO - Processing /opt/airflow/dags/05_etl_weather_postgres.py took 0.523 seconds
[2026-09-08T06:26:50.978+0000] {processor.py:186} INFO - Started process (PID=149) to work on /opt/airflow/dags/05_etl_weather_postgres.py
[2026-09-08T06:26:50.980+0000] {processor.py:914} INFO - Processing file /opt/airflow/dags/05_etl_weather_postgres.py for tasks to queue
[2026-09-08T06:26:50.983+0000] {logging_mixin.py:190} INFO - [2026-09-08T06:26:50.982+0000] {dagbag.py:588} INFO - Filling up the DagBag from /opt/airflow/dags/05_etl_weather_postgres.py
[2026-09-08T06:26:51.023+0000] {processor.py:925} INFO - DAG(s) 'etl_weather_postgres_dag' retrieved from /opt/airflow/dags/05_etl_weather_postgres.py
[2026-09-08T06:26:51.080+0000] {logging_mixin.py:190} INFO - [2026-09-08T06:26:51.079+0000] {dag.py:3239} INFO - Sync 1 DAGs
[2026-09-08T06:26:51.104+0000] {logging_mixin.py:190} INFO - [2026-09-08T06:26:51.103+0000] {dag.py:4180} INFO - Setting next_dagrun for etl_weather_postgres_dag to None, run_after=None
[2026-09-08T06:26:51.138+0000] {processor.py:208} INFO - Processing /opt/airflow/dags/05_etl_weather_postgres.py took 0.171 seconds
[2026-09-08T06:27:21.412+0000] {processor.py:186} INFO - Started process (PID=163) to work on /opt/airflow/dags/05_etl_weather_postgres.py
[2026-09-08T06:27:21.414+0000] {processor.py:914} INFO - Processing file /opt/airflow/dags/05_etl_weather_postgres.py for tasks to queue
[2026-09-08T06:27:21.417+0000] {logging_mixin.py:190} INFO - [2026-09-08T06:27:21.416+0000] {dagbag.py:588} INFO - Filling up the DagBag from /opt/airflow/dags/05_etl_weather_postgres.py
[2026-09-08T06:27:21.456+0000] {processor.py:925} INFO - DAG(s) 'etl_weather_postgres_dag' retrieved from /opt/airflow/dags/05_etl_weather_postgres.py
[2026-09-08T06:27:21.513+0000] {logging_mixin.py:190} INFO - [2026-09-08T06:27:21.513+0000] {dag.py:3239} INFO - Sync 1 DAGs
[2026-09-08T06:27:21.542+0000] {logging_mixin.py:190} INFO - [2026-09-08T06:27:21.542+0000] {dag.py:4180} INFO - Setting next_dagrun for etl_weather_postgres_dag to None, run_after=None
[2026-09-08T06:27:21.583+0000] {processor.py:208} INFO - Processing /opt/airflow/dags/05_etl_weather_postgres.py took 0.180 seconds
[2026-09-08T06:27:51.855+0000] {processor.py:186} INFO - Started process (PID=177) to work on /opt/airflow/dags/05_etl_weather_postgres.py
[2026-09-08T06:27:51.857+0000] {processor.py:914} INFO - Processing file /opt/airflow/dags/05_etl_weather_postgres.py for tasks to queue
[2026-09-08T06:27:51.861+0000] {logging_mixin.py:190} INFO - [2026-09-08T06:27:51.860+0000] {dagbag.py:588} INFO - Filling up the DagBag from /opt/airflow/dags/05_etl_weather_postgres.py
[2026-09-08T06:27:51.920+0000] {processor.py:925} INFO - DAG(s) 'etl_weather_postgres_dag' retrieved from /opt/airflow/dags/05_etl_weather_postgres.py
[2026-09-08T06:27:52.029+0000] {logging_mixin.py:190} INFO - [2026-09-08T06:27:52.028+0000] {dag.py:3239} INFO - Sync 1 DAGs
[2026-09-08T06:27:52.081+0000] {logging_mixin.py:190} INFO - [2026-09-08T06:27:52.081+0000] {dag.py:4180} INFO - Setting next_dagrun for etl_weather_postgres_dag to None, run_after=None
[2026-09-08T06:27:52.368+0000] {processor.py:208} INFO - Processing /opt/airflow/dags/05_etl_weather_postgres.py took 0.526 seconds
[2026-09-08T06:28:22.514+0000] {processor.py:186} INFO - Started process (PID=195) to work on /opt/airflow/dags/05_etl_weather_postgres.py
[2026-09-08T06:28:22.515+0000] {processor.py:914} INFO - Processing file /opt/airflow/dags/05_etl_weather_postgres.py for tasks to queue
[2026-09-08T06:28:22.518+0000] {logging_mixin.py:190} INFO - [2026-09-08T06:28:22.518+0000] {dagbag.py:588} INFO - Filling up the DagBag from /opt/airflow/dags/05_etl_weather_postgres.py
[2026-09-08T06:28:22.563+0000] {processor.py:925} INFO - DAG(s) 'etl_weather_postgres_dag' retrieved from /opt/airflow/dags/05_etl_weather_postgres.py
[2026-09-08T06:28:22.623+0000] {logging_mixin.py:190} INFO - [2026-09-08T06:28:22.623+0000] {dag.py:3239} INFO - Sync 1 DAGs
[2026-09-08T06:28:22.651+0000] {logging_mixin.py:190} INFO - [2026-09-08T06:28:22.651+0000] {dag.py:4180} INFO - Setting next_dagrun for etl_weather_postgres_dag to None, run_after=None
[2026-09-08T06:28:22.693+0000] {processor.py:208} INFO - Processing /opt/airflow/dags/05_etl_weather_postgres.py took 0.190 seconds
[2026-09-08T06:37:51.130+0000] {processor.py:186} INFO - Started process (PID=111) to work on /opt/airflow/dags/05_etl_weather_postgres.py
[2026-09-08T06:37:51.205+0000] {processor.py:914} INFO - Processing file /opt/airflow/dags/05_etl_weather_postgres.py for tasks to queue
[2026-09-08T06:37:51.211+0000] {logging_mixin.py:190} INFO - [2026-09-08T06:37:51.210+0000] {dagbag.py:588} INFO - Filling up the DagBag from /opt/airflow/dags/05_etl_weather_postgres.py
[2026-09-08T06:37:51.335+0000] {processor.py:925} INFO - DAG(s) 'etl_weather_postgres_dag' retrieved from /opt/airflow/dags/05_etl_weather_postgres.py
[2026-09-08T06:37:53.365+0000] {logging_mixin.py:190} INFO - [2026-09-08T06:37:53.278+0000] {override.py:1911} INFO - Created Permission View: can edit on DAG:etl_weather_postgres_dag
[2026-09-08T06:37:53.406+0000] {logging_mixin.py:190} INFO - [2026-09-08T06:37:53.406+0000] {override.py:1911} INFO - Created Permission View: can read on DAG:etl_weather_postgres_dag
[2026-09-08T06:37:53.420+0000] {logging_mixin.py:190} INFO - [2026-09-08T06:37:53.419+0000] {override.py:1911} INFO - Created Permission View: can delete on DAG:etl_weather_postgres_dag
[2026-09-08T06:37:53.435+0000] {logging_mixin.py:190} INFO - [2026-09-08T06:37:53.434+0000] {override.py:1911} INFO - Created Permission View: can create on DAG Run:etl_weather_postgres_dag
[2026-09-08T06:37:53.448+0000] {logging_mixin.py:190} INFO - [2026-09-08T06:37:53.447+0000] {override.py:1911} INFO - Created Permission View: menu access on DAG Run:etl_weather_postgres_dag
[2026-09-08T06:37:53.461+0000] {logging_mixin.py:190} INFO - [2026-09-08T06:37:53.460+0000] {override.py:1911} INFO - Created Permission View: can read on DAG Run:etl_weather_postgres_dag
[2026-09-08T06:37:53.473+0000] {logging_mixin.py:190} INFO - [2026-09-08T06:37:53.473+0000] {override.py:1911} INFO - Created Permission View: can delete on DAG Run:etl_weather_postgres_dag
[2026-09-08T06:37:53.475+0000] {logging_mixin.py:190} INFO - [2026-09-08T06:37:53.475+0000] {dag.py:3239} INFO - Sync 1 DAGs
[2026-09-08T06:37:53.540+0000] {logging_mixin.py:190} INFO - [2026-09-08T06:37:53.539+0000] {dag.py:3262} INFO - Creating ORM DAG for etl_weather_postgres_dag
[2026-09-08T06:37:53.542+0000] {logging_mixin.py:190} INFO - [2026-09-08T06:37:53.542+0000] {dag.py:4180} INFO - Setting next_dagrun for etl_weather_postgres_dag to None, run_after=None
[2026-09-08T06:37:53.603+0000] {processor.py:208} INFO - Processing /opt/airflow/dags/05_etl_weather_postgres.py took 2.510 seconds
[2026-09-08T06:38:27.219+0000] {processor.py:186} INFO - Started process (PID=123) to work on /opt/airflow/dags/05_etl_weather_postgres.py
[2026-09-08T06:38:27.332+0000] {processor.py:914} INFO - Processing file /opt/airflow/dags/05_etl_weather_postgres.py for tasks to queue
[2026-09-08T06:38:27.715+0000] {logging_mixin.py:190} INFO - [2026-09-08T06:38:27.558+0000] {dagbag.py:588} INFO - Filling up the DagBag from /opt/airflow/dags/05_etl_weather_postgres.py
[2026-09-08T06:38:28.633+0000] {processor.py:925} INFO - DAG(s) 'etl_weather_postgres_dag' retrieved from /opt/airflow/dags/05_etl_weather_postgres.py
[2026-09-08T06:38:29.509+0000] {logging_mixin.py:190} INFO - [2026-09-08T06:38:29.508+0000] {dag.py:3239} INFO - Sync 1 DAGs
[2026-09-08T06:38:30.605+0000] {logging_mixin.py:190} INFO - [2026-09-08T06:38:30.604+0000] {dag.py:4180} INFO - Setting next_dagrun for etl_weather_postgres_dag to None, run_after=None
[2026-09-08T06:38:31.748+0000] {processor.py:208} INFO - Processing /opt/airflow/dags/05_etl_weather_postgres.py took 5.405 seconds
[2026-09-08T06:39:02.575+0000] {processor.py:186} INFO - Started process (PID=137) to work on /opt/airflow/dags/05_etl_weather_postgres.py
[2026-09-08T06:39:02.577+0000] {processor.py:914} INFO - Processing file /opt/airflow/dags/05_etl_weather_postgres.py for tasks to queue
[2026-09-08T06:39:02.579+0000] {logging_mixin.py:190} INFO - [2026-09-08T06:39:02.579+0000] {dagbag.py:588} INFO - Filling up the DagBag from /opt/airflow/dags/05_etl_weather_postgres.py
[2026-09-08T06:39:02.621+0000] {processor.py:925} INFO - DAG(s) 'etl_weather_postgres_dag' retrieved from /opt/airflow/dags/05_etl_weather_postgres.py
[2026-09-08T06:39:02.678+0000] {logging_mixin.py:190} INFO - [2026-09-08T06:39:02.677+0000] {dag.py:3239} INFO - Sync 1 DAGs
[2026-09-08T06:39:02.704+0000] {logging_mixin.py:190} INFO - [2026-09-08T06:39:02.704+0000] {dag.py:4180} INFO - Setting next_dagrun for etl_weather_postgres_dag to None, run_after=None
[2026-09-08T06:39:03.257+0000] {processor.py:208} INFO - Processing /opt/airflow/dags/05_etl_weather_postgres.py took 0.694 seconds
[2026-09-08T06:39:34.608+0000] {processor.py:186} INFO - Started process (PID=151) to work on /opt/airflow/dags/05_etl_weather_postgres.py
[2026-09-08T06:39:34.678+0000] {processor.py:914} INFO - Processing file /opt/airflow/dags/05_etl_weather_postgres.py for tasks to queue
[2026-09-08T06:39:34.868+0000] {logging_mixin.py:190} INFO - [2026-09-08T06:39:34.867+0000] {dagbag.py:588} INFO - Filling up the DagBag from /opt/airflow/dags/05_etl_weather_postgres.py
[2026-09-08T06:39:34.939+0000] {processor.py:925} INFO - DAG(s) 'etl_weather_postgres_dag' retrieved from /opt/airflow/dags/05_etl_weather_postgres.py
[2026-09-08T06:39:35.031+0000] {logging_mixin.py:190} INFO - [2026-09-08T06:39:35.031+0000] {dag.py:3239} INFO - Sync 1 DAGs
[2026-09-08T06:39:35.369+0000] {logging_mixin.py:190} INFO - [2026-09-08T06:39:35.368+0000] {dag.py:4180} INFO - Setting next_dagrun for etl_weather_postgres_dag to None, run_after=None
[2026-09-08T06:39:35.564+0000] {processor.py:208} INFO - Processing /opt/airflow/dags/05_etl_weather_postgres.py took 1.386 seconds
[2026-09-08T06:40:05.954+0000] {processor.py:186} INFO - Started process (PID=165) to work on /opt/airflow/dags/05_etl_weather_postgres.py
[2026-09-08T06:40:05.956+0000] {processor.py:914} INFO - Processing file /opt/airflow/dags/05_etl_weather_postgres.py for tasks to queue
[2026-09-08T06:40:05.959+0000] {logging_mixin.py:190} INFO - [2026-09-08T06:40:05.958+0000] {dagbag.py:588} INFO - Filling up the DagBag from /opt/airflow/dags/05_etl_weather_postgres.py
[2026-09-08T06:40:06.015+0000] {processor.py:925} INFO - DAG(s) 'etl_weather_postgres_dag' retrieved from /opt/airflow/dags/05_etl_weather_postgres.py
[2026-09-08T06:40:06.330+0000] {logging_mixin.py:190} INFO - [2026-09-08T06:40:06.329+0000] {dag.py:3239} INFO - Sync 1 DAGs
[2026-09-08T06:40:06.351+0000] {logging_mixin.py:190} INFO - [2026-09-08T06:40:06.351+0000] {dag.py:4180} INFO - Setting next_dagrun for etl_weather_postgres_dag to None, run_after=None
[2026-09-08T06:40:06.391+0000] {processor.py:208} INFO - Processing /opt/airflow/dags/05_etl_weather_postgres.py took 0.452 seconds
[2026-09-08T06:40:37.077+0000] {processor.py:186} INFO - Started process (PID=179) to work on /opt/airflow/dags/05_etl_weather_postgres.py
[2026-09-08T06:40:37.079+0000] {processor.py:914} INFO - Processing file /opt/airflow/dags/05_etl_weather_postgres.py for tasks to queue
[2026-09-08T06:40:37.084+0000] {logging_mixin.py:190} INFO - [2026-09-08T06:40:37.083+0000] {dagbag.py:588} INFO - Filling up the DagBag from /opt/airflow/dags/05_etl_weather_postgres.py
[2026-09-08T06:40:37.366+0000] {processor.py:925} INFO - DAG(s) 'etl_weather_postgres_dag' retrieved from /opt/airflow/dags/05_etl_weather_postgres.py
[2026-09-08T06:40:37.435+0000] {logging_mixin.py:190} INFO - [2026-09-08T06:40:37.435+0000] {dag.py:3239} INFO - Sync 1 DAGs
[2026-09-08T06:40:37.474+0000] {logging_mixin.py:190} INFO - [2026-09-08T06:40:37.473+0000] {dag.py:4180} INFO - Setting next_dagrun for etl_weather_postgres_dag to None, run_after=None
[2026-09-08T06:40:37.658+0000] {processor.py:208} INFO - Processing /opt/airflow/dags/05_etl_weather_postgres.py took 0.595 seconds
[2026-09-08T06:41:08.178+0000] {processor.py:186} INFO - Started process (PID=191) to work on /opt/airflow/dags/05_etl_weather_postgres.py
[2026-09-08T06:41:08.180+0000] {processor.py:914} INFO - Processing file /opt/airflow/dags/05_etl_weather_postgres.py for tasks to queue
[2026-09-08T06:41:08.183+0000] {logging_mixin.py:190} INFO - [2026-09-08T06:41:08.182+0000] {dagbag.py:588} INFO - Filling up the DagBag from /opt/airflow/dags/05_etl_weather_postgres.py
[2026-09-08T06:41:08.224+0000] {processor.py:925} INFO - DAG(s) 'etl_weather_postgres_dag' retrieved from /opt/airflow/dags/05_etl_weather_postgres.py
[2026-09-08T06:41:08.284+0000] {logging_mixin.py:190} INFO - [2026-09-08T06:41:08.284+0000] {dag.py:3239} INFO - Sync 1 DAGs
[2026-09-08T06:41:08.311+0000] {logging_mixin.py:190} INFO - [2026-09-08T06:41:08.310+0000] {dag.py:4180} INFO - Setting next_dagrun for etl_weather_postgres_dag to None, run_after=None
[2026-09-08T06:41:08.353+0000] {processor.py:208} INFO - Processing /opt/airflow/dags/05_etl_weather_postgres.py took 0.186 seconds
[2026-09-08T06:41:38.786+0000] {processor.py:186} INFO - Started process (PID=211) to work on /opt/airflow/dags/05_etl_weather_postgres.py
[2026-09-08T06:41:38.787+0000] {processor.py:914} INFO - Processing file /opt/airflow/dags/05_etl_weather_postgres.py for tasks to queue
[2026-09-08T06:41:38.790+0000] {logging_mixin.py:190} INFO - [2026-09-08T06:41:38.790+0000] {dagbag.py:588} INFO - Filling up the DagBag from /opt/airflow/dags/05_etl_weather_postgres.py
[2026-09-08T06:41:38.831+0000] {processor.py:925} INFO - DAG(s) 'etl_weather_postgres_dag' retrieved from /opt/airflow/dags/05_etl_weather_postgres.py
[2026-09-08T06:41:38.909+0000] {logging_mixin.py:190} INFO - [2026-09-08T06:41:38.909+0000] {dag.py:3239} INFO - Sync 1 DAGs
[2026-09-08T06:41:38.940+0000] {logging_mixin.py:190} INFO - [2026-09-08T06:41:38.939+0000] {dag.py:4180} INFO - Setting next_dagrun for etl_weather_postgres_dag to None, run_after=None
[2026-09-08T06:41:38.976+0000] {processor.py:208} INFO - Processing /opt/airflow/dags/05_etl_weather_postgres.py took 0.201 seconds
[2026-09-08T06:42:09.266+0000] {processor.py:186} INFO - Started process (PID=219) to work on /opt/airflow/dags/05_etl_weather_postgres.py
[2026-09-08T06:42:09.268+0000] {processor.py:914} INFO - Processing file /opt/airflow/dags/05_etl_weather_postgres.py for tasks to queue
[2026-09-08T06:42:09.738+0000] {logging_mixin.py:190} INFO - [2026-09-08T06:42:09.737+0000] {dagbag.py:588} INFO - Filling up the DagBag from /opt/airflow/dags/05_etl_weather_postgres.py
[2026-09-08T06:42:09.801+0000] {processor.py:925} INFO - DAG(s) 'etl_weather_postgres_dag' retrieved from /opt/airflow/dags/05_etl_weather_postgres.py
[2026-09-08T06:42:09.891+0000] {logging_mixin.py:190} INFO - [2026-09-08T06:42:09.890+0000] {dag.py:3239} INFO - Sync 1 DAGs
[2026-09-08T06:42:10.966+0000] {logging_mixin.py:190} INFO - [2026-09-08T06:42:10.965+0000] {dag.py:4180} INFO - Setting next_dagrun for etl_weather_postgres_dag to None, run_after=None
[2026-09-08T06:42:11.129+0000] {processor.py:208} INFO - Processing /opt/airflow/dags/05_etl_weather_postgres.py took 1.875 seconds
[2026-09-08T06:42:41.281+0000] {processor.py:186} INFO - Started process (PID=239) to work on /opt/airflow/dags/05_etl_weather_postgres.py
[2026-09-08T06:42:41.284+0000] {processor.py:914} INFO - Processing file /opt/airflow/dags/05_etl_weather_postgres.py for tasks to queue
[2026-09-08T06:42:41.288+0000] {logging_mixin.py:190} INFO - [2026-09-08T06:42:41.287+0000] {dagbag.py:588} INFO - Filling up the DagBag from /opt/airflow/dags/05_etl_weather_postgres.py
[2026-09-08T06:42:41.332+0000] {processor.py:925} INFO - DAG(s) 'etl_weather_postgres_dag' retrieved from /opt/airflow/dags/05_etl_weather_postgres.py
[2026-09-08T06:42:41.394+0000] {logging_mixin.py:190} INFO - [2026-09-08T06:42:41.393+0000] {dag.py:3239} INFO - Sync 1 DAGs
[2026-09-08T06:42:41.420+0000] {logging_mixin.py:190} INFO - [2026-09-08T06:42:41.420+0000] {dag.py:4180} INFO - Setting next_dagrun for etl_weather_postgres_dag to None, run_after=None
[2026-09-08T06:42:41.479+0000] {processor.py:208} INFO - Processing /opt/airflow/dags/05_etl_weather_postgres.py took 0.215 seconds
[2026-09-08T06:43:12.005+0000] {processor.py:186} INFO - Started process (PID=253) to work on /opt/airflow/dags/05_etl_weather_postgres.py
[2026-09-08T06:43:12.007+0000] {processor.py:914} INFO - Processing file /opt/airflow/dags/05_etl_weather_postgres.py for tasks to queue
[2026-09-08T06:43:12.010+0000] {logging_mixin.py:190} INFO - [2026-09-08T06:43:12.009+0000] {dagbag.py:588} INFO - Filling up the DagBag from /opt/airflow/dags/05_etl_weather_postgres.py
[2026-09-08T06:43:12.060+0000] {processor.py:925} INFO - DAG(s) 'etl_weather_postgres_dag' retrieved from /opt/airflow/dags/05_etl_weather_postgres.py
[2026-09-08T06:43:12.129+0000] {logging_mixin.py:190} INFO - [2026-09-08T06:43:12.129+0000] {dag.py:3239} INFO - Sync 1 DAGs
[2026-09-08T06:43:12.164+0000] {logging_mixin.py:190} INFO - [2026-09-08T06:43:12.164+0000] {dag.py:4180} INFO - Setting next_dagrun for etl_weather_postgres_dag to None, run_after=None
[2026-09-08T06:43:12.203+0000] {processor.py:208} INFO - Processing /opt/airflow/dags/05_etl_weather_postgres.py took 0.212 seconds
[2026-09-08T06:43:42.555+0000] {processor.py:186} INFO - Started process (PID=267) to work on /opt/airflow/dags/05_etl_weather_postgres.py
[2026-09-08T06:43:42.557+0000] {processor.py:914} INFO - Processing file /opt/airflow/dags/05_etl_weather_postgres.py for tasks to queue
[2026-09-08T06:43:42.562+0000] {logging_mixin.py:190} INFO - [2026-09-08T06:43:42.561+0000] {dagbag.py:588} INFO - Filling up the DagBag from /opt/airflow/dags/05_etl_weather_postgres.py
[2026-09-08T06:43:42.626+0000] {processor.py:925} INFO - DAG(s) 'etl_weather_postgres_dag' retrieved from /opt/airflow/dags/05_etl_weather_postgres.py
[2026-09-08T06:43:42.717+0000] {logging_mixin.py:190} INFO - [2026-09-08T06:43:42.717+0000] {dag.py:3239} INFO - Sync 1 DAGs
[2026-09-08T06:43:42.766+0000] {logging_mixin.py:190} INFO - [2026-09-08T06:43:42.765+0000] {dag.py:4180} INFO - Setting next_dagrun for etl_weather_postgres_dag to None, run_after=None
[2026-09-08T06:43:42.823+0000] {processor.py:208} INFO - Processing /opt/airflow/dags/05_etl_weather_postgres.py took 0.285 seconds
[2026-09-08T06:44:13.540+0000] {processor.py:186} INFO - Started process (PID=281) to work on /opt/airflow/dags/05_etl_weather_postgres.py
[2026-09-08T06:44:13.542+0000] {processor.py:914} INFO - Processing file /opt/airflow/dags/05_etl_weather_postgres.py for tasks to queue
[2026-09-08T06:44:13.548+0000] {logging_mixin.py:190} INFO - [2026-09-08T06:44:13.547+0000] {dagbag.py:588} INFO - Filling up the DagBag from /opt/airflow/dags/05_etl_weather_postgres.py
[2026-09-08T06:44:13.602+0000] {processor.py:925} INFO - DAG(s) 'etl_weather_postgres_dag' retrieved from /opt/airflow/dags/05_etl_weather_postgres.py
[2026-09-08T06:44:13.689+0000] {logging_mixin.py:190} INFO - [2026-09-08T06:44:13.689+0000] {dag.py:3239} INFO - Sync 1 DAGs
[2026-09-08T06:44:13.739+0000] {logging_mixin.py:190} INFO - [2026-09-08T06:44:13.739+0000] {dag.py:4180} INFO - Setting next_dagrun for etl_weather_postgres_dag to None, run_after=None
[2026-09-08T06:44:13.786+0000] {processor.py:208} INFO - Processing /opt/airflow/dags/05_etl_weather_postgres.py took 0.270 seconds
[2026-09-08T06:44:44.048+0000] {processor.py:186} INFO - Started process (PID=295) to work on /opt/airflow/dags/05_etl_weather_postgres.py
[2026-09-08T06:44:44.050+0000] {processor.py:914} INFO - Processing file /opt/airflow/dags/05_etl_weather_postgres.py for tasks to queue
[2026-09-08T06:44:44.054+0000] {logging_mixin.py:190} INFO - [2026-09-08T06:44:44.053+0000] {dagbag.py:588} INFO - Filling up the DagBag from /opt/airflow/dags/05_etl_weather_postgres.py
[2026-09-08T06:44:44.106+0000] {processor.py:925} INFO - DAG(s) 'etl_weather_postgres_dag' retrieved from /opt/airflow/dags/05_etl_weather_postgres.py
[2026-09-08T06:44:44.200+0000] {logging_mixin.py:190} INFO - [2026-09-08T06:44:44.199+0000] {dag.py:3239} INFO - Sync 1 DAGs
[2026-09-08T06:44:44.247+0000] {logging_mixin.py:190} INFO - [2026-09-08T06:44:44.246+0000] {dag.py:4180} INFO - Setting next_dagrun for etl_weather_postgres_dag to None, run_after=None
[2026-09-08T06:44:44.313+0000] {processor.py:208} INFO - Processing /opt/airflow/dags/05_etl_weather_postgres.py took 0.278 seconds
[2026-09-08T06:45:15.149+0000] {processor.py:186} INFO - Started process (PID=309) to work on /opt/airflow/dags/05_etl_weather_postgres.py
[2026-09-08T06:45:15.152+0000] {processor.py:914} INFO - Processing file /opt/airflow/dags/05_etl_weather_postgres.py for tasks to queue
[2026-09-08T06:45:15.156+0000] {logging_mixin.py:190} INFO - [2026-09-08T06:45:15.155+0000] {dagbag.py:588} INFO - Filling up the DagBag from /opt/airflow/dags/05_etl_weather_postgres.py
[2026-09-08T06:45:15.202+0000] {processor.py:925} INFO - DAG(s) 'etl_weather_postgres_dag' retrieved from /opt/airflow/dags/05_etl_weather_postgres.py
[2026-09-08T06:45:15.277+0000] {logging_mixin.py:190} INFO - [2026-09-08T06:45:15.277+0000] {dag.py:3239} INFO - Sync 1 DAGs
[2026-09-08T06:45:15.315+0000] {logging_mixin.py:190} INFO - [2026-09-08T06:45:15.314+0000] {dag.py:4180} INFO - Setting next_dagrun for etl_weather_postgres_dag to None, run_after=None
[2026-09-08T06:45:15.355+0000] {processor.py:208} INFO - Processing /opt/airflow/dags/05_etl_weather_postgres.py took 0.222 seconds
[2026-09-08T06:45:46.205+0000] {processor.py:186} INFO - Started process (PID=323) to work on /opt/airflow/dags/05_etl_weather_postgres.py
[2026-09-08T06:45:46.206+0000] {processor.py:914} INFO - Processing file /opt/airflow/dags/05_etl_weather_postgres.py for tasks to queue
[2026-09-08T06:45:46.211+0000] {logging_mixin.py:190} INFO - [2026-09-08T06:45:46.210+0000] {dagbag.py:588} INFO - Filling up the DagBag from /opt/airflow/dags/05_etl_weather_postgres.py
[2026-09-08T06:45:46.264+0000] {processor.py:925} INFO - DAG(s) 'etl_weather_postgres_dag' retrieved from /opt/airflow/dags/05_etl_weather_postgres.py
[2026-09-08T06:45:46.339+0000] {logging_mixin.py:190} INFO - [2026-09-08T06:45:46.339+0000] {dag.py:3239} INFO - Sync 1 DAGs
[2026-09-08T06:45:46.368+0000] {logging_mixin.py:190} INFO - [2026-09-08T06:45:46.367+0000] {dag.py:4180} INFO - Setting next_dagrun for etl_weather_postgres_dag to None, run_after=None
[2026-09-08T06:45:46.402+0000] {processor.py:208} INFO - Processing /opt/airflow/dags/05_etl_weather_postgres.py took 0.215 seconds
[2026-09-08T06:46:16.747+0000] {processor.py:186} INFO - Started process (PID=337) to work on /opt/airflow/dags/05_etl_weather_postgres.py
[2026-09-08T06:46:16.749+0000] {processor.py:914} INFO - Processing file /opt/airflow/dags/05_etl_weather_postgres.py for tasks to queue
[2026-09-08T06:46:16.753+0000] {logging_mixin.py:190} INFO - [2026-09-08T06:46:16.752+0000] {dagbag.py:588} INFO - Filling up the DagBag from /opt/airflow/dags/05_etl_weather_postgres.py
[2026-09-08T06:46:16.800+0000] {processor.py:925} INFO - DAG(s) 'etl_weather_postgres_dag' retrieved from /opt/airflow/dags/05_etl_weather_postgres.py
[2026-09-08T06:46:16.907+0000] {logging_mixin.py:190} INFO - [2026-09-08T06:46:16.906+0000] {dag.py:3239} INFO - Sync 1 DAGs
[2026-09-08T06:46:16.939+0000] {logging_mixin.py:190} INFO - [2026-09-08T06:46:16.939+0000] {dag.py:4180} INFO - Setting next_dagrun for etl_weather_postgres_dag to None, run_after=None
[2026-09-08T06:46:16.980+0000] {processor.py:208} INFO - Processing /opt/airflow/dags/05_etl_weather_postgres.py took 0.245 seconds
[2026-09-08T06:46:47.252+0000] {processor.py:186} INFO - Started process (PID=351) to work on /opt/airflow/dags/05_etl_weather_postgres.py
[2026-09-08T06:46:47.255+0000] {processor.py:914} INFO - Processing file /opt/airflow/dags/05_etl_weather_postgres.py for tasks to queue
[2026-09-08T06:46:47.260+0000] {logging_mixin.py:190} INFO - [2026-09-08T06:46:47.258+0000] {dagbag.py:588} INFO - Filling up the DagBag from /opt/airflow/dags/05_etl_weather_postgres.py
[2026-09-08T06:46:47.332+0000] {processor.py:925} INFO - DAG(s) 'etl_weather_postgres_dag' retrieved from /opt/airflow/dags/05_etl_weather_postgres.py
[2026-09-08T06:46:47.435+0000] {logging_mixin.py:190} INFO - [2026-09-08T06:46:47.434+0000] {dag.py:3239} INFO - Sync 1 DAGs
[2026-09-08T06:46:47.471+0000] {logging_mixin.py:190} INFO - [2026-09-08T06:46:47.471+0000] {dag.py:4180} INFO - Setting next_dagrun for etl_weather_postgres_dag to None, run_after=None
[2026-09-08T06:46:47.516+0000] {processor.py:208} INFO - Processing /opt/airflow/dags/05_etl_weather_postgres.py took 0.281 seconds
[2026-09-08T06:47:18.091+0000] {processor.py:186} INFO - Started process (PID=365) to work on /opt/airflow/dags/05_etl_weather_postgres.py
[2026-09-08T06:47:18.094+0000] {processor.py:914} INFO - Processing file /opt/airflow/dags/05_etl_weather_postgres.py for tasks to queue
[2026-09-08T06:47:18.098+0000] {logging_mixin.py:190} INFO - [2026-09-08T06:47:18.097+0000] {dagbag.py:588} INFO - Filling up the DagBag from /opt/airflow/dags/05_etl_weather_postgres.py
[2026-09-08T06:47:18.162+0000] {processor.py:925} INFO - DAG(s) 'etl_weather_postgres_dag' retrieved from /opt/airflow/dags/05_etl_weather_postgres.py
[2026-09-08T06:47:18.246+0000] {logging_mixin.py:190} INFO - [2026-09-08T06:47:18.246+0000] {dag.py:3239} INFO - Sync 1 DAGs
[2026-09-08T06:47:18.287+0000] {logging_mixin.py:190} INFO - [2026-09-08T06:47:18.286+0000] {dag.py:4180} INFO - Setting next_dagrun for etl_weather_postgres_dag to None, run_after=None
[2026-09-08T06:47:18.341+0000] {processor.py:208} INFO - Processing /opt/airflow/dags/05_etl_weather_postgres.py took 0.265 seconds
[2026-09-08T06:47:48.666+0000] {processor.py:186} INFO - Started process (PID=379) to work on /opt/airflow/dags/05_etl_weather_postgres.py
[2026-09-08T06:47:48.678+0000] {processor.py:914} INFO - Processing file /opt/airflow/dags/05_etl_weather_postgres.py for tasks to queue
[2026-09-08T06:47:48.683+0000] {logging_mixin.py:190} INFO - [2026-09-08T06:47:48.682+0000] {dagbag.py:588} INFO - Filling up the DagBag from /opt/airflow/dags/05_etl_weather_postgres.py
[2026-09-08T06:47:48.732+0000] {processor.py:925} INFO - DAG(s) 'etl_weather_postgres_dag' retrieved from /opt/airflow/dags/05_etl_weather_postgres.py
[2026-09-08T06:47:48.798+0000] {logging_mixin.py:190} INFO - [2026-09-08T06:47:48.797+0000] {dag.py:3239} INFO - Sync 1 DAGs
[2026-09-08T06:47:48.828+0000] {logging_mixin.py:190} INFO - [2026-09-08T06:47:48.827+0000] {dag.py:4180} INFO - Setting next_dagrun for etl_weather_postgres_dag to None, run_after=None
[2026-09-08T06:47:48.879+0000] {processor.py:208} INFO - Processing /opt/airflow/dags/05_etl_weather_postgres.py took 0.232 seconds
[2026-09-08T06:48:19.492+0000] {processor.py:186} INFO - Started process (PID=393) to work on /opt/airflow/dags/05_etl_weather_postgres.py
[2026-09-08T06:48:19.494+0000] {processor.py:914} INFO - Processing file /opt/airflow/dags/05_etl_weather_postgres.py for tasks to queue
[2026-09-08T06:48:19.499+0000] {logging_mixin.py:190} INFO - [2026-09-08T06:48:19.498+0000] {dagbag.py:588} INFO - Filling up the DagBag from /opt/airflow/dags/05_etl_weather_postgres.py
[2026-09-08T06:48:19.546+0000] {processor.py:925} INFO - DAG(s) 'etl_weather_postgres_dag' retrieved from /opt/airflow/dags/05_etl_weather_postgres.py
[2026-09-08T06:48:19.602+0000] {logging_mixin.py:190} INFO - [2026-09-08T06:48:19.602+0000] {dag.py:3239} INFO - Sync 1 DAGs
[2026-09-08T06:48:19.630+0000] {logging_mixin.py:190} INFO - [2026-09-08T06:48:19.630+0000] {dag.py:4180} INFO - Setting next_dagrun for etl_weather_postgres_dag to None, run_after=None
[2026-09-08T06:48:19.725+0000] {processor.py:208} INFO - Processing /opt/airflow/dags/05_etl_weather_postgres.py took 0.246 seconds
[2026-09-08T06:48:50.764+0000] {processor.py:186} INFO - Started process (PID=407) to work on /opt/airflow/dags/05_etl_weather_postgres.py
[2026-09-08T06:48:50.766+0000] {processor.py:914} INFO - Processing file /opt/airflow/dags/05_etl_weather_postgres.py for tasks to queue
[2026-09-08T06:48:50.769+0000] {logging_mixin.py:190} INFO - [2026-09-08T06:48:50.768+0000] {dagbag.py:588} INFO - Filling up the DagBag from /opt/airflow/dags/05_etl_weather_postgres.py
[2026-09-08T06:48:50.921+0000] {processor.py:925} INFO - DAG(s) 'etl_weather_postgres_dag' retrieved from /opt/airflow/dags/05_etl_weather_postgres.py
[2026-09-08T06:48:50.996+0000] {logging_mixin.py:190} INFO - [2026-09-08T06:48:50.995+0000] {dag.py:3239} INFO - Sync 1 DAGs
[2026-09-08T06:48:51.035+0000] {logging_mixin.py:190} INFO - [2026-09-08T06:48:51.035+0000] {dag.py:4180} INFO - Setting next_dagrun for etl_weather_postgres_dag to None, run_after=None
[2026-09-08T06:48:51.081+0000] {processor.py:208} INFO - Processing /opt/airflow/dags/05_etl_weather_postgres.py took 0.329 seconds
[2026-09-08T06:49:21.263+0000] {processor.py:186} INFO - Started process (PID=421) to work on /opt/airflow/dags/05_etl_weather_postgres.py
[2026-09-08T06:49:21.265+0000] {processor.py:914} INFO - Processing file /opt/airflow/dags/05_etl_weather_postgres.py for tasks to queue
[2026-09-08T06:49:21.269+0000] {logging_mixin.py:190} INFO - [2026-09-08T06:49:21.268+0000] {dagbag.py:588} INFO - Filling up the DagBag from /opt/airflow/dags/05_etl_weather_postgres.py
[2026-09-08T06:49:21.314+0000] {processor.py:925} INFO - DAG(s) 'etl_weather_postgres_dag' retrieved from /opt/airflow/dags/05_etl_weather_postgres.py
[2026-09-08T06:49:21.377+0000] {logging_mixin.py:190} INFO - [2026-09-08T06:49:21.377+0000] {dag.py:3239} INFO - Sync 1 DAGs
[2026-09-08T06:49:21.404+0000] {logging_mixin.py:190} INFO - [2026-09-08T06:49:21.404+0000] {dag.py:4180} INFO - Setting next_dagrun for etl_weather_postgres_dag to None, run_after=None
[2026-09-08T06:49:21.440+0000] {processor.py:208} INFO - Processing /opt/airflow/dags/05_etl_weather_postgres.py took 0.195 seconds
[2026-09-08T06:49:51.918+0000] {processor.py:186} INFO - Started process (PID=435) to work on /opt/airflow/dags/05_etl_weather_postgres.py
[2026-09-08T06:49:51.920+0000] {processor.py:914} INFO - Processing file /opt/airflow/dags/05_etl_weather_postgres.py for tasks to queue
[2026-09-08T06:49:51.923+0000] {logging_mixin.py:190} INFO - [2026-09-08T06:49:51.922+0000] {dagbag.py:588} INFO - Filling up the DagBag from /opt/airflow/dags/05_etl_weather_postgres.py
[2026-09-08T06:49:51.974+0000] {processor.py:925} INFO - DAG(s) 'etl_weather_postgres_dag' retrieved from /opt/airflow/dags/05_etl_weather_postgres.py
[2026-09-08T06:49:52.046+0000] {logging_mixin.py:190} INFO - [2026-09-08T06:49:52.046+0000] {dag.py:3239} INFO - Sync 1 DAGs
[2026-09-08T06:49:52.078+0000] {logging_mixin.py:190} INFO - [2026-09-08T06:49:52.078+0000] {dag.py:4180} INFO - Setting next_dagrun for etl_weather_postgres_dag to None, run_after=None
[2026-09-08T06:49:52.118+0000] {processor.py:208} INFO - Processing /opt/airflow/dags/05_etl_weather_postgres.py took 0.220 seconds
[2026-09-08T06:50:22.319+0000] {processor.py:186} INFO - Started process (PID=450) to work on /opt/airflow/dags/05_etl_weather_postgres.py
[2026-09-08T06:50:22.322+0000] {processor.py:914} INFO - Processing file /opt/airflow/dags/05_etl_weather_postgres.py for tasks to queue
[2026-09-08T06:50:22.325+0000] {logging_mixin.py:190} INFO - [2026-09-08T06:50:22.324+0000] {dagbag.py:588} INFO - Filling up the DagBag from /opt/airflow/dags/05_etl_weather_postgres.py
[2026-09-08T06:50:22.373+0000] {processor.py:925} INFO - DAG(s) 'etl_weather_postgres_dag' retrieved from /opt/airflow/dags/05_etl_weather_postgres.py
[2026-09-08T06:50:22.439+0000] {logging_mixin.py:190} INFO - [2026-09-08T06:50:22.439+0000] {dag.py:3239} INFO - Sync 1 DAGs
[2026-09-08T06:50:22.472+0000] {logging_mixin.py:190} INFO - [2026-09-08T06:50:22.472+0000] {dag.py:4180} INFO - Setting next_dagrun for etl_weather_postgres_dag to None, run_after=None
[2026-09-08T06:50:22.510+0000] {processor.py:208} INFO - Processing /opt/airflow/dags/05_etl_weather_postgres.py took 0.207 seconds
[2026-09-08T06:50:52.856+0000] {processor.py:186} INFO - Started process (PID=464) to work on /opt/airflow/dags/05_etl_weather_postgres.py
[2026-09-08T06:50:52.859+0000] {processor.py:914} INFO - Processing file /opt/airflow/dags/05_etl_weather_postgres.py for tasks to queue
[2026-09-08T06:50:52.863+0000] {logging_mixin.py:190} INFO - [2026-09-08T06:50:52.862+0000] {dagbag.py:588} INFO - Filling up the DagBag from /opt/airflow/dags/05_etl_weather_postgres.py
[2026-09-08T06:50:52.914+0000] {processor.py:925} INFO - DAG(s) 'etl_weather_postgres_dag' retrieved from /opt/airflow/dags/05_etl_weather_postgres.py
[2026-09-08T06:50:52.984+0000] {logging_mixin.py:190} INFO - [2026-09-08T06:50:52.984+0000] {dag.py:3239} INFO - Sync 1 DAGs
[2026-09-08T06:50:53.018+0000] {logging_mixin.py:190} INFO - [2026-09-08T06:50:53.017+0000] {dag.py:4180} INFO - Setting next_dagrun for etl_weather_postgres_dag to None, run_after=None
[2026-09-08T06:50:53.060+0000] {processor.py:208} INFO - Processing /opt/airflow/dags/05_etl_weather_postgres.py took 0.222 seconds
[2026-09-08T06:51:23.691+0000] {processor.py:186} INFO - Started process (PID=478) to work on /opt/airflow/dags/05_etl_weather_postgres.py
[2026-09-08T06:51:23.692+0000] {processor.py:914} INFO - Processing file /opt/airflow/dags/05_etl_weather_postgres.py for tasks to queue
[2026-09-08T06:51:23.695+0000] {logging_mixin.py:190} INFO - [2026-09-08T06:51:23.695+0000] {dagbag.py:588} INFO - Filling up the DagBag from /opt/airflow/dags/05_etl_weather_postgres.py
[2026-09-08T06:51:23.737+0000] {processor.py:925} INFO - DAG(s) 'etl_weather_postgres_dag' retrieved from /opt/airflow/dags/05_etl_weather_postgres.py
[2026-09-08T06:51:23.791+0000] {logging_mixin.py:190} INFO - [2026-09-08T06:51:23.791+0000] {dag.py:3239} INFO - Sync 1 DAGs
[2026-09-08T06:51:23.818+0000] {logging_mixin.py:190} INFO - [2026-09-08T06:51:23.818+0000] {dag.py:4180} INFO - Setting next_dagrun for etl_weather_postgres_dag to None, run_after=None
[2026-09-08T06:51:23.853+0000] {processor.py:208} INFO - Processing /opt/airflow/dags/05_etl_weather_postgres.py took 0.174 seconds
[2026-09-08T06:51:53.996+0000] {processor.py:186} INFO - Started process (PID=492) to work on /opt/airflow/dags/05_etl_weather_postgres.py
[2026-09-08T06:51:53.998+0000] {processor.py:914} INFO - Processing file /opt/airflow/dags/05_etl_weather_postgres.py for tasks to queue
[2026-09-08T06:51:54.002+0000] {logging_mixin.py:190} INFO - [2026-09-08T06:51:54.001+0000] {dagbag.py:588} INFO - Filling up the DagBag from /opt/airflow/dags/05_etl_weather_postgres.py
[2026-09-08T06:51:54.043+0000] {processor.py:925} INFO - DAG(s) 'etl_weather_postgres_dag' retrieved from /opt/airflow/dags/05_etl_weather_postgres.py
[2026-09-08T06:51:54.120+0000] {logging_mixin.py:190} INFO - [2026-09-08T06:51:54.119+0000] {dag.py:3239} INFO - Sync 1 DAGs
[2026-09-08T06:51:54.153+0000] {logging_mixin.py:190} INFO - [2026-09-08T06:51:54.152+0000] {dag.py:4180} INFO - Setting next_dagrun for etl_weather_postgres_dag to None, run_after=None
[2026-09-08T06:51:54.195+0000] {processor.py:208} INFO - Processing /opt/airflow/dags/05_etl_weather_postgres.py took 0.214 seconds
[2026-09-08T06:52:24.951+0000] {processor.py:186} INFO - Started process (PID=506) to work on /opt/airflow/dags/05_etl_weather_postgres.py
[2026-09-08T06:52:24.975+0000] {processor.py:914} INFO - Processing file /opt/airflow/dags/05_etl_weather_postgres.py for tasks to queue
[2026-09-08T06:52:24.979+0000] {logging_mixin.py:190} INFO - [2026-09-08T06:52:24.979+0000] {dagbag.py:588} INFO - Filling up the DagBag from /opt/airflow/dags/05_etl_weather_postgres.py
[2026-09-08T06:52:25.052+0000] {processor.py:925} INFO - DAG(s) 'etl_weather_postgres_dag' retrieved from /opt/airflow/dags/05_etl_weather_postgres.py
[2026-09-08T06:52:25.147+0000] {logging_mixin.py:190} INFO - [2026-09-08T06:52:25.146+0000] {dag.py:3239} INFO - Sync 1 DAGs
[2026-09-08T06:52:25.191+0000] {logging_mixin.py:190} INFO - [2026-09-08T06:52:25.191+0000] {dag.py:4180} INFO - Setting next_dagrun for etl_weather_postgres_dag to None, run_after=None
[2026-09-08T06:52:25.238+0000] {processor.py:208} INFO - Processing /opt/airflow/dags/05_etl_weather_postgres.py took 0.307 seconds
[2026-09-08T06:52:55.407+0000] {processor.py:186} INFO - Started process (PID=520) to work on /opt/airflow/dags/05_etl_weather_postgres.py
[2026-09-08T06:52:55.410+0000] {processor.py:914} INFO - Processing file /opt/airflow/dags/05_etl_weather_postgres.py for tasks to queue
[2026-09-08T06:52:55.414+0000] {logging_mixin.py:190} INFO - [2026-09-08T06:52:55.413+0000] {dagbag.py:588} INFO - Filling up the DagBag from /opt/airflow/dags/05_etl_weather_postgres.py
[2026-09-08T06:52:55.466+0000] {processor.py:925} INFO - DAG(s) 'etl_weather_postgres_dag' retrieved from /opt/airflow/dags/05_etl_weather_postgres.py
[2026-09-08T06:52:55.532+0000] {logging_mixin.py:190} INFO - [2026-09-08T06:52:55.531+0000] {dag.py:3239} INFO - Sync 1 DAGs
[2026-09-08T06:52:55.564+0000] {logging_mixin.py:190} INFO - [2026-09-08T06:52:55.564+0000] {dag.py:4180} INFO - Setting next_dagrun for etl_weather_postgres_dag to None, run_after=None
[2026-09-08T06:52:55.603+0000] {processor.py:208} INFO - Processing /opt/airflow/dags/05_etl_weather_postgres.py took 0.214 seconds
[2026-09-08T06:53:25.938+0000] {processor.py:186} INFO - Started process (PID=534) to work on /opt/airflow/dags/05_etl_weather_postgres.py
[2026-09-08T06:53:25.941+0000] {processor.py:914} INFO - Processing file /opt/airflow/dags/05_etl_weather_postgres.py for tasks to queue
[2026-09-08T06:53:25.945+0000] {logging_mixin.py:190} INFO - [2026-09-08T06:53:25.944+0000] {dagbag.py:588} INFO - Filling up the DagBag from /opt/airflow/dags/05_etl_weather_postgres.py
[2026-09-08T06:53:25.995+0000] {processor.py:925} INFO - DAG(s) 'etl_weather_postgres_dag' retrieved from /opt/airflow/dags/05_etl_weather_postgres.py
[2026-09-08T06:53:26.062+0000] {logging_mixin.py:190} INFO - [2026-09-08T06:53:26.061+0000] {dag.py:3239} INFO - Sync 1 DAGs
[2026-09-08T06:53:26.093+0000] {logging_mixin.py:190} INFO - [2026-09-08T06:53:26.092+0000] {dag.py:4180} INFO - Setting next_dagrun for etl_weather_postgres_dag to None, run_after=None
[2026-09-08T06:53:26.133+0000] {processor.py:208} INFO - Processing /opt/airflow/dags/05_etl_weather_postgres.py took 0.211 seconds
[2026-09-08T06:53:56.354+0000] {processor.py:186} INFO - Started process (PID=548) to work on /opt/airflow/dags/05_etl_weather_postgres.py
[2026-09-08T06:53:56.356+0000] {processor.py:914} INFO - Processing file /opt/airflow/dags/05_etl_weather_postgres.py for tasks to queue
[2026-09-08T06:53:56.359+0000] {logging_mixin.py:190} INFO - [2026-09-08T06:53:56.359+0000] {dagbag.py:588} INFO - Filling up the DagBag from /opt/airflow/dags/05_etl_weather_postgres.py
[2026-09-08T06:53:56.402+0000] {processor.py:925} INFO - DAG(s) 'etl_weather_postgres_dag' retrieved from /opt/airflow/dags/05_etl_weather_postgres.py
[2026-09-08T06:53:56.576+0000] {logging_mixin.py:190} INFO - [2026-09-08T06:53:56.575+0000] {dag.py:3239} INFO - Sync 1 DAGs
[2026-09-08T06:53:56.613+0000] {logging_mixin.py:190} INFO - [2026-09-08T06:53:56.613+0000] {dag.py:4180} INFO - Setting next_dagrun for etl_weather_postgres_dag to None, run_after=None
[2026-09-08T06:53:56.660+0000] {processor.py:208} INFO - Processing /opt/airflow/dags/05_etl_weather_postgres.py took 0.321 seconds
[2026-09-08T06:54:26.843+0000] {processor.py:186} INFO - Started process (PID=562) to work on /opt/airflow/dags/05_etl_weather_postgres.py
[2026-09-08T06:54:26.845+0000] {processor.py:914} INFO - Processing file /opt/airflow/dags/05_etl_weather_postgres.py for tasks to queue
[2026-09-08T06:54:26.848+0000] {logging_mixin.py:190} INFO - [2026-09-08T06:54:26.847+0000] {dagbag.py:588} INFO - Filling up the DagBag from /opt/airflow/dags/05_etl_weather_postgres.py
[2026-09-08T06:54:26.892+0000] {processor.py:925} INFO - DAG(s) 'etl_weather_postgres_dag' retrieved from /opt/airflow/dags/05_etl_weather_postgres.py
[2026-09-08T06:54:26.950+0000] {logging_mixin.py:190} INFO - [2026-09-08T06:54:26.949+0000] {dag.py:3239} INFO - Sync 1 DAGs
[2026-09-08T06:54:26.975+0000] {logging_mixin.py:190} INFO - [2026-09-08T06:54:26.975+0000] {dag.py:4180} INFO - Setting next_dagrun for etl_weather_postgres_dag to None, run_after=None
[2026-09-08T06:54:27.010+0000] {processor.py:208} INFO - Processing /opt/airflow/dags/05_etl_weather_postgres.py took 0.180 seconds
[2026-09-08T06:54:57.209+0000] {processor.py:186} INFO - Started process (PID=576) to work on /opt/airflow/dags/05_etl_weather_postgres.py
[2026-09-08T06:54:57.211+0000] {processor.py:914} INFO - Processing file /opt/airflow/dags/05_etl_weather_postgres.py for tasks to queue
[2026-09-08T06:54:57.214+0000] {logging_mixin.py:190} INFO - [2026-09-08T06:54:57.214+0000] {dagbag.py:588} INFO - Filling up the DagBag from /opt/airflow/dags/05_etl_weather_postgres.py
[2026-09-08T06:54:57.258+0000] {processor.py:925} INFO - DAG(s) 'etl_weather_postgres_dag' retrieved from /opt/airflow/dags/05_etl_weather_postgres.py
[2026-09-08T06:54:57.320+0000] {logging_mixin.py:190} INFO - [2026-09-08T06:54:57.319+0000] {dag.py:3239} INFO - Sync 1 DAGs
[2026-09-08T06:54:57.348+0000] {logging_mixin.py:190} INFO - [2026-09-08T06:54:57.348+0000] {dag.py:4180} INFO - Setting next_dagrun for etl_weather_postgres_dag to None, run_after=None
[2026-09-08T06:54:57.387+0000] {processor.py:208} INFO - Processing /opt/airflow/dags/05_etl_weather_postgres.py took 0.193 seconds
[2026-09-08T06:55:27.628+0000] {processor.py:186} INFO - Started process (PID=590) to work on /opt/airflow/dags/05_etl_weather_postgres.py
[2026-09-08T06:55:27.629+0000] {processor.py:914} INFO - Processing file /opt/airflow/dags/05_etl_weather_postgres.py for tasks to queue
[2026-09-08T06:55:27.633+0000] {logging_mixin.py:190} INFO - [2026-09-08T06:55:27.632+0000] {dagbag.py:588} INFO - Filling up the DagBag from /opt/airflow/dags/05_etl_weather_postgres.py
[2026-09-08T06:55:27.684+0000] {processor.py:925} INFO - DAG(s) 'etl_weather_postgres_dag' retrieved from /opt/airflow/dags/05_etl_weather_postgres.py
[2026-09-08T06:55:27.750+0000] {logging_mixin.py:190} INFO - [2026-09-08T06:55:27.750+0000] {dag.py:3239} INFO - Sync 1 DAGs
[2026-09-08T06:55:27.779+0000] {logging_mixin.py:190} INFO - [2026-09-08T06:55:27.779+0000] {dag.py:4180} INFO - Setting next_dagrun for etl_weather_postgres_dag to None, run_after=None
[2026-09-08T06:55:27.816+0000] {processor.py:208} INFO - Processing /opt/airflow/dags/05_etl_weather_postgres.py took 0.201 seconds
[2026-09-08T06:55:58.174+0000] {processor.py:186} INFO - Started process (PID=604) to work on /opt/airflow/dags/05_etl_weather_postgres.py
[2026-09-08T06:55:58.177+0000] {processor.py:914} INFO - Processing file /opt/airflow/dags/05_etl_weather_postgres.py for tasks to queue
[2026-09-08T06:55:58.182+0000] {logging_mixin.py:190} INFO - [2026-09-08T06:55:58.181+0000] {dagbag.py:588} INFO - Filling up the DagBag from /opt/airflow/dags/05_etl_weather_postgres.py
[2026-09-08T06:55:58.239+0000] {processor.py:925} INFO - DAG(s) 'etl_weather_postgres_dag' retrieved from /opt/airflow/dags/05_etl_weather_postgres.py
[2026-09-08T06:55:58.310+0000] {logging_mixin.py:190} INFO - [2026-09-08T06:55:58.309+0000] {dag.py:3239} INFO - Sync 1 DAGs
[2026-09-08T06:55:58.342+0000] {logging_mixin.py:190} INFO - [2026-09-08T06:55:58.342+0000] {dag.py:4180} INFO - Setting next_dagrun for etl_weather_postgres_dag to None, run_after=None
[2026-09-08T06:55:58.389+0000] {processor.py:208} INFO - Processing /opt/airflow/dags/05_etl_weather_postgres.py took 0.242 seconds
[2026-09-08T06:56:28.636+0000] {processor.py:186} INFO - Started process (PID=618) to work on /opt/airflow/dags/05_etl_weather_postgres.py
[2026-09-08T06:56:28.638+0000] {processor.py:914} INFO - Processing file /opt/airflow/dags/05_etl_weather_postgres.py for tasks to queue
[2026-09-08T06:56:28.642+0000] {logging_mixin.py:190} INFO - [2026-09-08T06:56:28.641+0000] {dagbag.py:588} INFO - Filling up the DagBag from /opt/airflow/dags/05_etl_weather_postgres.py
[2026-09-08T06:56:28.685+0000] {processor.py:925} INFO - DAG(s) 'etl_weather_postgres_dag' retrieved from /opt/airflow/dags/05_etl_weather_postgres.py
[2026-09-08T06:56:28.752+0000] {logging_mixin.py:190} INFO - [2026-09-08T06:56:28.751+0000] {dag.py:3239} INFO - Sync 1 DAGs
[2026-09-08T06:56:28.783+0000] {logging_mixin.py:190} INFO - [2026-09-08T06:56:28.782+0000] {dag.py:4180} INFO - Setting next_dagrun for etl_weather_postgres_dag to None, run_after=None
[2026-09-08T06:56:28.819+0000] {processor.py:208} INFO - Processing /opt/airflow/dags/05_etl_weather_postgres.py took 0.200 seconds
[2026-09-08T06:56:58.968+0000] {processor.py:186} INFO - Started process (PID=632) to work on /opt/airflow/dags/05_etl_weather_postgres.py
[2026-09-08T06:56:58.968+0000] {processor.py:914} INFO - Processing file /opt/airflow/dags/05_etl_weather_postgres.py for tasks to queue
[2026-09-08T06:56:58.970+0000] {logging_mixin.py:190} INFO - [2026-09-08T06:56:58.970+0000] {dagbag.py:588} INFO - Filling up the DagBag from /opt/airflow/dags/05_etl_weather_postgres.py
[2026-09-08T06:56:58.994+0000] {processor.py:925} INFO - DAG(s) 'etl_weather_postgres_dag' retrieved from /opt/airflow/dags/05_etl_weather_postgres.py
[2026-09-08T06:56:59.033+0000] {logging_mixin.py:190} INFO - [2026-09-08T06:56:59.033+0000] {dag.py:3239} INFO - Sync 1 DAGs
[2026-09-08T06:56:59.068+0000] {logging_mixin.py:190} INFO - [2026-09-08T06:56:59.068+0000] {dag.py:4180} INFO - Setting next_dagrun for etl_weather_postgres_dag to None, run_after=None
[2026-09-08T06:56:59.092+0000] {processor.py:208} INFO - Processing /opt/airflow/dags/05_etl_weather_postgres.py took 0.132 seconds
[2026-09-08T06:57:29.279+0000] {processor.py:186} INFO - Started process (PID=646) to work on /opt/airflow/dags/05_etl_weather_postgres.py
[2026-09-08T06:57:29.280+0000] {processor.py:914} INFO - Processing file /opt/airflow/dags/05_etl_weather_postgres.py for tasks to queue
[2026-09-08T06:57:29.282+0000] {logging_mixin.py:190} INFO - [2026-09-08T06:57:29.282+0000] {dagbag.py:588} INFO - Filling up the DagBag from /opt/airflow/dags/05_etl_weather_postgres.py
[2026-09-08T06:57:29.304+0000] {processor.py:925} INFO - DAG(s) 'etl_weather_postgres_dag' retrieved from /opt/airflow/dags/05_etl_weather_postgres.py
[2026-09-08T06:57:29.340+0000] {logging_mixin.py:190} INFO - [2026-09-08T06:57:29.340+0000] {dag.py:3239} INFO - Sync 1 DAGs
[2026-09-08T06:57:29.360+0000] {logging_mixin.py:190} INFO - [2026-09-08T06:57:29.360+0000] {dag.py:4180} INFO - Setting next_dagrun for etl_weather_postgres_dag to None, run_after=None
[2026-09-08T06:57:29.386+0000] {processor.py:208} INFO - Processing /opt/airflow/dags/05_etl_weather_postgres.py took 0.115 seconds
[2026-09-08T06:58:00.426+0000] {processor.py:186} INFO - Started process (PID=660) to work on /opt/airflow/dags/05_etl_weather_postgres.py
[2026-09-08T06:58:00.428+0000] {processor.py:914} INFO - Processing file /opt/airflow/dags/05_etl_weather_postgres.py for tasks to queue
[2026-09-08T06:58:00.430+0000] {logging_mixin.py:190} INFO - [2026-09-08T06:58:00.429+0000] {dagbag.py:588} INFO - Filling up the DagBag from /opt/airflow/dags/05_etl_weather_postgres.py
[2026-09-08T06:58:00.454+0000] {processor.py:925} INFO - DAG(s) 'etl_weather_postgres_dag' retrieved from /opt/airflow/dags/05_etl_weather_postgres.py
[2026-09-08T06:58:00.494+0000] {logging_mixin.py:190} INFO - [2026-09-08T06:58:00.494+0000] {dag.py:3239} INFO - Sync 1 DAGs
[2026-09-08T06:58:00.514+0000] {logging_mixin.py:190} INFO - [2026-09-08T06:58:00.514+0000] {dag.py:4180} INFO - Setting next_dagrun for etl_weather_postgres_dag to None, run_after=None
[2026-09-08T06:58:00.542+0000] {processor.py:208} INFO - Processing /opt/airflow/dags/05_etl_weather_postgres.py took 0.123 seconds
[2026-09-08T06:58:30.610+0000] {processor.py:186} INFO - Started process (PID=672) to work on /opt/airflow/dags/05_etl_weather_postgres.py
[2026-09-08T06:58:30.611+0000] {processor.py:914} INFO - Processing file /opt/airflow/dags/05_etl_weather_postgres.py for tasks to queue
[2026-09-08T06:58:30.613+0000] {logging_mixin.py:190} INFO - [2026-09-08T06:58:30.613+0000] {dagbag.py:588} INFO - Filling up the DagBag from /opt/airflow/dags/05_etl_weather_postgres.py
[2026-09-08T06:58:30.634+0000] {processor.py:925} INFO - DAG(s) 'etl_weather_postgres_dag' retrieved from /opt/airflow/dags/05_etl_weather_postgres.py
[2026-09-08T06:58:30.672+0000] {logging_mixin.py:190} INFO - [2026-09-08T06:58:30.671+0000] {dag.py:3239} INFO - Sync 1 DAGs
[2026-09-08T06:58:30.690+0000] {logging_mixin.py:190} INFO - [2026-09-08T06:58:30.690+0000] {dag.py:4180} INFO - Setting next_dagrun for etl_weather_postgres_dag to None, run_after=None
[2026-09-08T06:58:30.713+0000] {processor.py:208} INFO - Processing /opt/airflow/dags/05_etl_weather_postgres.py took 0.111 seconds
[2026-09-08T06:59:00.848+0000] {processor.py:186} INFO - Started process (PID=686) to work on /opt/airflow/dags/05_etl_weather_postgres.py
[2026-09-08T06:59:00.849+0000] {processor.py:914} INFO - Processing file /opt/airflow/dags/05_etl_weather_postgres.py for tasks to queue
[2026-09-08T06:59:00.851+0000] {logging_mixin.py:190} INFO - [2026-09-08T06:59:00.851+0000] {dagbag.py:588} INFO - Filling up the DagBag from /opt/airflow/dags/05_etl_weather_postgres.py
[2026-09-08T06:59:00.881+0000] {processor.py:925} INFO - DAG(s) 'etl_weather_postgres_dag' retrieved from /opt/airflow/dags/05_etl_weather_postgres.py
[2026-09-08T06:59:00.925+0000] {logging_mixin.py:190} INFO - [2026-09-08T06:59:00.925+0000] {dag.py:3239} INFO - Sync 1 DAGs
[2026-09-08T06:59:00.949+0000] {logging_mixin.py:190} INFO - [2026-09-08T06:59:00.949+0000] {dag.py:4180} INFO - Setting next_dagrun for etl_weather_postgres_dag to None, run_after=None
[2026-09-08T06:59:00.973+0000] {processor.py:208} INFO - Processing /opt/airflow/dags/05_etl_weather_postgres.py took 0.133 seconds
[2026-09-08T06:59:31.546+0000] {processor.py:186} INFO - Started process (PID=700) to work on /opt/airflow/dags/05_etl_weather_postgres.py
[2026-09-08T06:59:31.547+0000] {processor.py:914} INFO - Processing file /opt/airflow/dags/05_etl_weather_postgres.py for tasks to queue
[2026-09-08T06:59:31.549+0000] {logging_mixin.py:190} INFO - [2026-09-08T06:59:31.549+0000] {dagbag.py:588} INFO - Filling up the DagBag from /opt/airflow/dags/05_etl_weather_postgres.py
[2026-09-08T06:59:31.573+0000] {processor.py:925} INFO - DAG(s) 'etl_weather_postgres_dag' retrieved from /opt/airflow/dags/05_etl_weather_postgres.py
[2026-09-08T06:59:31.608+0000] {logging_mixin.py:190} INFO - [2026-09-08T06:59:31.608+0000] {dag.py:3239} INFO - Sync 1 DAGs
[2026-09-08T06:59:31.625+0000] {logging_mixin.py:190} INFO - [2026-09-08T06:59:31.625+0000] {dag.py:4180} INFO - Setting next_dagrun for etl_weather_postgres_dag to None, run_after=None
[2026-09-08T06:59:31.646+0000] {processor.py:208} INFO - Processing /opt/airflow/dags/05_etl_weather_postgres.py took 0.106 seconds
[2026-09-08T07:00:02.364+0000] {processor.py:186} INFO - Started process (PID=714) to work on /opt/airflow/dags/05_etl_weather_postgres.py
[2026-09-08T07:00:02.365+0000] {processor.py:914} INFO - Processing file /opt/airflow/dags/05_etl_weather_postgres.py for tasks to queue
[2026-09-08T07:00:02.368+0000] {logging_mixin.py:190} INFO - [2026-09-08T07:00:02.367+0000] {dagbag.py:588} INFO - Filling up the DagBag from /opt/airflow/dags/05_etl_weather_postgres.py
[2026-09-08T07:00:02.394+0000] {processor.py:925} INFO - DAG(s) 'etl_weather_postgres_dag' retrieved from /opt/airflow/dags/05_etl_weather_postgres.py
[2026-09-08T07:00:02.437+0000] {logging_mixin.py:190} INFO - [2026-09-08T07:00:02.437+0000] {dag.py:3239} INFO - Sync 1 DAGs
[2026-09-08T07:00:02.456+0000] {logging_mixin.py:190} INFO - [2026-09-08T07:00:02.455+0000] {dag.py:4180} INFO - Setting next_dagrun for etl_weather_postgres_dag to None, run_after=None
[2026-09-08T07:00:02.484+0000] {processor.py:208} INFO - Processing /opt/airflow/dags/05_etl_weather_postgres.py took 0.127 seconds
[2026-09-08T07:00:32.747+0000] {processor.py:186} INFO - Started process (PID=729) to work on /opt/airflow/dags/05_etl_weather_postgres.py
[2026-09-08T07:00:32.748+0000] {processor.py:914} INFO - Processing file /opt/airflow/dags/05_etl_weather_postgres.py for tasks to queue
[2026-09-08T07:00:32.750+0000] {logging_mixin.py:190} INFO - [2026-09-08T07:00:32.750+0000] {dagbag.py:588} INFO - Filling up the DagBag from /opt/airflow/dags/05_etl_weather_postgres.py
[2026-09-08T07:00:32.791+0000] {processor.py:925} INFO - DAG(s) 'etl_weather_postgres_dag' retrieved from /opt/airflow/dags/05_etl_weather_postgres.py
[2026-09-08T07:00:32.866+0000] {logging_mixin.py:190} INFO - [2026-09-08T07:00:32.866+0000] {dag.py:3239} INFO - Sync 1 DAGs
[2026-09-08T07:00:32.891+0000] {logging_mixin.py:190} INFO - [2026-09-08T07:00:32.891+0000] {dag.py:4180} INFO - Setting next_dagrun for etl_weather_postgres_dag to None, run_after=None
[2026-09-08T07:00:32.931+0000] {processor.py:208} INFO - Processing /opt/airflow/dags/05_etl_weather_postgres.py took 0.194 seconds
[2026-09-08T07:01:03.092+0000] {processor.py:186} INFO - Started process (PID=743) to work on /opt/airflow/dags/05_etl_weather_postgres.py
[2026-09-08T07:01:03.093+0000] {processor.py:914} INFO - Processing file /opt/airflow/dags/05_etl_weather_postgres.py for tasks to queue
[2026-09-08T07:01:03.095+0000] {logging_mixin.py:190} INFO - [2026-09-08T07:01:03.095+0000] {dagbag.py:588} INFO - Filling up the DagBag from /opt/airflow/dags/05_etl_weather_postgres.py
[2026-09-08T07:01:03.118+0000] {processor.py:925} INFO - DAG(s) 'etl_weather_postgres_dag' retrieved from /opt/airflow/dags/05_etl_weather_postgres.py
[2026-09-08T07:01:03.156+0000] {logging_mixin.py:190} INFO - [2026-09-08T07:01:03.156+0000] {dag.py:3239} INFO - Sync 1 DAGs
[2026-09-08T07:01:03.176+0000] {logging_mixin.py:190} INFO - [2026-09-08T07:01:03.176+0000] {dag.py:4180} INFO - Setting next_dagrun for etl_weather_postgres_dag to None, run_after=None
[2026-09-08T07:01:03.198+0000] {processor.py:208} INFO - Processing /opt/airflow/dags/05_etl_weather_postgres.py took 0.113 seconds
[2026-09-08T07:01:34.047+0000] {processor.py:186} INFO - Started process (PID=757) to work on /opt/airflow/dags/05_etl_weather_postgres.py
[2026-09-08T07:01:34.048+0000] {processor.py:914} INFO - Processing file /opt/airflow/dags/05_etl_weather_postgres.py for tasks to queue
[2026-09-08T07:01:34.050+0000] {logging_mixin.py:190} INFO - [2026-09-08T07:01:34.049+0000] {dagbag.py:588} INFO - Filling up the DagBag from /opt/airflow/dags/05_etl_weather_postgres.py
[2026-09-08T07:01:34.075+0000] {processor.py:925} INFO - DAG(s) 'etl_weather_postgres_dag' retrieved from /opt/airflow/dags/05_etl_weather_postgres.py
[2026-09-08T07:01:34.128+0000] {logging_mixin.py:190} INFO - [2026-09-08T07:01:34.127+0000] {dag.py:3239} INFO - Sync 1 DAGs
[2026-09-08T07:01:34.153+0000] {logging_mixin.py:190} INFO - [2026-09-08T07:01:34.153+0000] {dag.py:4180} INFO - Setting next_dagrun for etl_weather_postgres_dag to None, run_after=None
[2026-09-08T07:01:34.184+0000] {processor.py:208} INFO - Processing /opt/airflow/dags/05_etl_weather_postgres.py took 0.145 seconds
[2026-09-08T07:02:04.804+0000] {processor.py:186} INFO - Started process (PID=771) to work on /opt/airflow/dags/05_etl_weather_postgres.py
[2026-09-08T07:02:04.806+0000] {processor.py:914} INFO - Processing file /opt/airflow/dags/05_etl_weather_postgres.py for tasks to queue
[2026-09-08T07:02:04.808+0000] {logging_mixin.py:190} INFO - [2026-09-08T07:02:04.807+0000] {dagbag.py:588} INFO - Filling up the DagBag from /opt/airflow/dags/05_etl_weather_postgres.py
[2026-09-08T07:02:04.830+0000] {processor.py:925} INFO - DAG(s) 'etl_weather_postgres_dag' retrieved from /opt/airflow/dags/05_etl_weather_postgres.py
[2026-09-08T07:02:04.871+0000] {logging_mixin.py:190} INFO - [2026-09-08T07:02:04.870+0000] {dag.py:3239} INFO - Sync 1 DAGs
[2026-09-08T07:02:04.892+0000] {logging_mixin.py:190} INFO - [2026-09-08T07:02:04.891+0000] {dag.py:4180} INFO - Setting next_dagrun for etl_weather_postgres_dag to None, run_after=None
[2026-09-08T07:02:04.916+0000] {processor.py:208} INFO - Processing /opt/airflow/dags/05_etl_weather_postgres.py took 0.119 seconds
[2026-09-08T07:02:35.500+0000] {processor.py:186} INFO - Started process (PID=785) to work on /opt/airflow/dags/05_etl_weather_postgres.py
[2026-09-08T07:02:35.501+0000] {processor.py:914} INFO - Processing file /opt/airflow/dags/05_etl_weather_postgres.py for tasks to queue
[2026-09-08T07:02:35.502+0000] {logging_mixin.py:190} INFO - [2026-09-08T07:02:35.502+0000] {dagbag.py:588} INFO - Filling up the DagBag from /opt/airflow/dags/05_etl_weather_postgres.py
[2026-09-08T07:02:35.525+0000] {processor.py:925} INFO - DAG(s) 'etl_weather_postgres_dag' retrieved from /opt/airflow/dags/05_etl_weather_postgres.py
[2026-09-08T07:02:35.562+0000] {logging_mixin.py:190} INFO - [2026-09-08T07:02:35.562+0000] {dag.py:3239} INFO - Sync 1 DAGs
[2026-09-08T07:02:35.579+0000] {logging_mixin.py:190} INFO - [2026-09-08T07:02:35.579+0000] {dag.py:4180} INFO - Setting next_dagrun for etl_weather_postgres_dag to None, run_after=None
[2026-09-08T07:02:35.603+0000] {processor.py:208} INFO - Processing /opt/airflow/dags/05_etl_weather_postgres.py took 0.112 seconds
[2026-09-08T07:03:05.791+0000] {processor.py:186} INFO - Started process (PID=799) to work on /opt/airflow/dags/05_etl_weather_postgres.py
[2026-09-08T07:03:05.792+0000] {processor.py:914} INFO - Processing file /opt/airflow/dags/05_etl_weather_postgres.py for tasks to queue
[2026-09-08T07:03:05.794+0000] {logging_mixin.py:190} INFO - [2026-09-08T07:03:05.793+0000] {dagbag.py:588} INFO - Filling up the DagBag from /opt/airflow/dags/05_etl_weather_postgres.py
[2026-09-08T07:03:05.819+0000] {processor.py:925} INFO - DAG(s) 'etl_weather_postgres_dag' retrieved from /opt/airflow/dags/05_etl_weather_postgres.py
[2026-09-08T07:03:05.856+0000] {logging_mixin.py:190} INFO - [2026-09-08T07:03:05.856+0000] {dag.py:3239} INFO - Sync 1 DAGs
[2026-09-08T07:03:05.874+0000] {logging_mixin.py:190} INFO - [2026-09-08T07:03:05.874+0000] {dag.py:4180} INFO - Setting next_dagrun for etl_weather_postgres_dag to None, run_after=None
[2026-09-08T07:03:05.895+0000] {processor.py:208} INFO - Processing /opt/airflow/dags/05_etl_weather_postgres.py took 0.113 seconds
[2026-09-08T07:03:36.039+0000] {processor.py:186} INFO - Started process (PID=813) to work on /opt/airflow/dags/05_etl_weather_postgres.py
[2026-09-08T07:03:36.039+0000] {processor.py:914} INFO - Processing file /opt/airflow/dags/05_etl_weather_postgres.py for tasks to queue
[2026-09-08T07:03:36.041+0000] {logging_mixin.py:190} INFO - [2026-09-08T07:03:36.041+0000] {dagbag.py:588} INFO - Filling up the DagBag from /opt/airflow/dags/05_etl_weather_postgres.py
[2026-09-08T07:03:36.063+0000] {processor.py:925} INFO - DAG(s) 'etl_weather_postgres_dag' retrieved from /opt/airflow/dags/05_etl_weather_postgres.py
[2026-09-08T07:03:36.105+0000] {logging_mixin.py:190} INFO - [2026-09-08T07:03:36.105+0000] {dag.py:3239} INFO - Sync 1 DAGs
[2026-09-08T07:03:36.124+0000] {logging_mixin.py:190} INFO - [2026-09-08T07:03:36.124+0000] {dag.py:4180} INFO - Setting next_dagrun for etl_weather_postgres_dag to None, run_after=None
[2026-09-08T07:03:36.149+0000] {processor.py:208} INFO - Processing /opt/airflow/dags/05_etl_weather_postgres.py took 0.118 seconds
[2026-09-08T07:04:06.446+0000] {processor.py:186} INFO - Started process (PID=827) to work on /opt/airflow/dags/05_etl_weather_postgres.py
[2026-09-08T07:04:06.447+0000] {processor.py:914} INFO - Processing file /opt/airflow/dags/05_etl_weather_postgres.py for tasks to queue
[2026-09-08T07:04:06.449+0000] {logging_mixin.py:190} INFO - [2026-09-08T07:04:06.448+0000] {dagbag.py:588} INFO - Filling up the DagBag from /opt/airflow/dags/05_etl_weather_postgres.py
[2026-09-08T07:04:06.471+0000] {processor.py:925} INFO - DAG(s) 'etl_weather_postgres_dag' retrieved from /opt/airflow/dags/05_etl_weather_postgres.py
[2026-09-08T07:04:06.507+0000] {logging_mixin.py:190} INFO - [2026-09-08T07:04:06.506+0000] {dag.py:3239} INFO - Sync 1 DAGs
[2026-09-08T07:04:06.525+0000] {logging_mixin.py:190} INFO - [2026-09-08T07:04:06.525+0000] {dag.py:4180} INFO - Setting next_dagrun for etl_weather_postgres_dag to None, run_after=None
[2026-09-08T07:04:06.547+0000] {processor.py:208} INFO - Processing /opt/airflow/dags/05_etl_weather_postgres.py took 0.108 seconds
[2026-09-08T07:04:36.621+0000] {processor.py:186} INFO - Started process (PID=841) to work on /opt/airflow/dags/05_etl_weather_postgres.py
[2026-09-08T07:04:36.622+0000] {processor.py:914} INFO - Processing file /opt/airflow/dags/05_etl_weather_postgres.py for tasks to queue
[2026-09-08T07:04:36.623+0000] {logging_mixin.py:190} INFO - [2026-09-08T07:04:36.623+0000] {dagbag.py:588} INFO - Filling up the DagBag from /opt/airflow/dags/05_etl_weather_postgres.py
[2026-09-08T07:04:36.644+0000] {processor.py:925} INFO - DAG(s) 'etl_weather_postgres_dag' retrieved from /opt/airflow/dags/05_etl_weather_postgres.py
[2026-09-08T07:04:36.685+0000] {logging_mixin.py:190} INFO - [2026-09-08T07:04:36.685+0000] {dag.py:3239} INFO - Sync 1 DAGs
[2026-09-08T07:04:36.704+0000] {logging_mixin.py:190} INFO - [2026-09-08T07:04:36.704+0000] {dag.py:4180} INFO - Setting next_dagrun for etl_weather_postgres_dag to None, run_after=None
[2026-09-08T07:04:36.725+0000] {processor.py:208} INFO - Processing /opt/airflow/dags/05_etl_weather_postgres.py took 0.111 seconds
[2026-09-08T07:05:07.240+0000] {processor.py:186} INFO - Started process (PID=855) to work on /opt/airflow/dags/05_etl_weather_postgres.py
[2026-09-08T07:05:07.241+0000] {processor.py:914} INFO - Processing file /opt/airflow/dags/05_etl_weather_postgres.py for tasks to queue
[2026-09-08T07:05:07.243+0000] {logging_mixin.py:190} INFO - [2026-09-08T07:05:07.243+0000] {dagbag.py:588} INFO - Filling up the DagBag from /opt/airflow/dags/05_etl_weather_postgres.py
[2026-09-08T07:05:07.264+0000] {processor.py:925} INFO - DAG(s) 'etl_weather_postgres_dag' retrieved from /opt/airflow/dags/05_etl_weather_postgres.py
[2026-09-08T07:05:07.300+0000] {logging_mixin.py:190} INFO - [2026-09-08T07:05:07.300+0000] {dag.py:3239} INFO - Sync 1 DAGs
[2026-09-08T07:05:07.316+0000] {logging_mixin.py:190} INFO - [2026-09-08T07:05:07.315+0000] {dag.py:4180} INFO - Setting next_dagrun for etl_weather_postgres_dag to None, run_after=None
[2026-09-08T07:05:07.342+0000] {processor.py:208} INFO - Processing /opt/airflow/dags/05_etl_weather_postgres.py took 0.109 seconds
[2026-09-08T07:05:37.560+0000] {processor.py:186} INFO - Started process (PID=869) to work on /opt/airflow/dags/05_etl_weather_postgres.py
[2026-09-08T07:05:37.561+0000] {processor.py:914} INFO - Processing file /opt/airflow/dags/05_etl_weather_postgres.py for tasks to queue
[2026-09-08T07:05:37.565+0000] {logging_mixin.py:190} INFO - [2026-09-08T07:05:37.564+0000] {dagbag.py:588} INFO - Filling up the DagBag from /opt/airflow/dags/05_etl_weather_postgres.py
[2026-09-08T07:05:37.676+0000] {processor.py:925} INFO - DAG(s) 'etl_weather_postgres_dag' retrieved from /opt/airflow/dags/05_etl_weather_postgres.py
[2026-09-08T07:05:37.757+0000] {logging_mixin.py:190} INFO - [2026-09-08T07:05:37.757+0000] {dag.py:3239} INFO - Sync 1 DAGs
[2026-09-08T07:05:37.805+0000] {logging_mixin.py:190} INFO - [2026-09-08T07:05:37.804+0000] {dag.py:4180} INFO - Setting next_dagrun for etl_weather_postgres_dag to None, run_after=None
[2026-09-08T07:05:37.832+0000] {processor.py:208} INFO - Processing /opt/airflow/dags/05_etl_weather_postgres.py took 0.285 seconds
[2026-09-08T07:06:08.263+0000] {processor.py:186} INFO - Started process (PID=883) to work on /opt/airflow/dags/05_etl_weather_postgres.py
[2026-09-08T07:06:08.265+0000] {processor.py:914} INFO - Processing file /opt/airflow/dags/05_etl_weather_postgres.py for tasks to queue
[2026-09-08T07:06:08.268+0000] {logging_mixin.py:190} INFO - [2026-09-08T07:06:08.267+0000] {dagbag.py:588} INFO - Filling up the DagBag from /opt/airflow/dags/05_etl_weather_postgres.py
[2026-09-08T07:06:08.307+0000] {processor.py:925} INFO - DAG(s) 'etl_weather_postgres_dag' retrieved from /opt/airflow/dags/05_etl_weather_postgres.py
[2026-09-08T07:06:08.352+0000] {logging_mixin.py:190} INFO - [2026-09-08T07:06:08.352+0000] {dag.py:3239} INFO - Sync 1 DAGs
[2026-09-08T07:06:08.371+0000] {logging_mixin.py:190} INFO - [2026-09-08T07:06:08.371+0000] {dag.py:4180} INFO - Setting next_dagrun for etl_weather_postgres_dag to None, run_after=None
[2026-09-08T07:06:08.394+0000] {processor.py:208} INFO - Processing /opt/airflow/dags/05_etl_weather_postgres.py took 0.145 seconds
[2026-09-08T07:06:39.181+0000] {processor.py:186} INFO - Started process (PID=897) to work on /opt/airflow/dags/05_etl_weather_postgres.py
[2026-09-08T07:06:39.182+0000] {processor.py:914} INFO - Processing file /opt/airflow/dags/05_etl_weather_postgres.py for tasks to queue
[2026-09-08T07:06:39.184+0000] {logging_mixin.py:190} INFO - [2026-09-08T07:06:39.183+0000] {dagbag.py:588} INFO - Filling up the DagBag from /opt/airflow/dags/05_etl_weather_postgres.py
[2026-09-08T07:06:39.206+0000] {processor.py:925} INFO - DAG(s) 'etl_weather_postgres_dag' retrieved from /opt/airflow/dags/05_etl_weather_postgres.py
[2026-09-08T07:06:39.243+0000] {logging_mixin.py:190} INFO - [2026-09-08T07:06:39.243+0000] {dag.py:3239} INFO - Sync 1 DAGs
[2026-09-08T07:06:39.262+0000] {logging_mixin.py:190} INFO - [2026-09-08T07:06:39.262+0000] {dag.py:4180} INFO - Setting next_dagrun for etl_weather_postgres_dag to None, run_after=None
[2026-09-08T07:06:39.287+0000] {processor.py:208} INFO - Processing /opt/airflow/dags/05_etl_weather_postgres.py took 0.114 seconds
[2026-09-08T07:07:09.492+0000] {processor.py:186} INFO - Started process (PID=911) to work on /opt/airflow/dags/05_etl_weather_postgres.py
[2026-09-08T07:07:09.518+0000] {processor.py:914} INFO - Processing file /opt/airflow/dags/05_etl_weather_postgres.py for tasks to queue
[2026-09-08T07:07:09.521+0000] {logging_mixin.py:190} INFO - [2026-09-08T07:07:09.520+0000] {dagbag.py:588} INFO - Filling up the DagBag from /opt/airflow/dags/05_etl_weather_postgres.py
[2026-09-08T07:07:09.545+0000] {processor.py:925} INFO - DAG(s) 'etl_weather_postgres_dag' retrieved from /opt/airflow/dags/05_etl_weather_postgres.py
[2026-09-08T07:07:09.586+0000] {logging_mixin.py:190} INFO - [2026-09-08T07:07:09.585+0000] {dag.py:3239} INFO - Sync 1 DAGs
[2026-09-08T07:07:09.606+0000] {logging_mixin.py:190} INFO - [2026-09-08T07:07:09.606+0000] {dag.py:4180} INFO - Setting next_dagrun for etl_weather_postgres_dag to None, run_after=None
[2026-09-08T07:07:09.630+0000] {processor.py:208} INFO - Processing /opt/airflow/dags/05_etl_weather_postgres.py took 0.147 seconds
[2026-09-08T07:07:39.811+0000] {processor.py:186} INFO - Started process (PID=925) to work on /opt/airflow/dags/05_etl_weather_postgres.py
[2026-09-08T07:07:39.812+0000] {processor.py:914} INFO - Processing file /opt/airflow/dags/05_etl_weather_postgres.py for tasks to queue
[2026-09-08T07:07:39.815+0000] {logging_mixin.py:190} INFO - [2026-09-08T07:07:39.814+0000] {dagbag.py:588} INFO - Filling up the DagBag from /opt/airflow/dags/05_etl_weather_postgres.py
[2026-09-08T07:07:39.843+0000] {processor.py:925} INFO - DAG(s) 'etl_weather_postgres_dag' retrieved from /opt/airflow/dags/05_etl_weather_postgres.py
[2026-09-08T07:07:39.884+0000] {logging_mixin.py:190} INFO - [2026-09-08T07:07:39.883+0000] {dag.py:3239} INFO - Sync 1 DAGs
[2026-09-08T07:07:39.909+0000] {logging_mixin.py:190} INFO - [2026-09-08T07:07:39.909+0000] {dag.py:4180} INFO - Setting next_dagrun for etl_weather_postgres_dag to None, run_after=None
[2026-09-08T07:07:39.939+0000] {processor.py:208} INFO - Processing /opt/airflow/dags/05_etl_weather_postgres.py took 0.137 seconds
[2026-09-08T07:08:10.022+0000] {processor.py:186} INFO - Started process (PID=939) to work on /opt/airflow/dags/05_etl_weather_postgres.py
[2026-09-08T07:08:10.024+0000] {processor.py:914} INFO - Processing file /opt/airflow/dags/05_etl_weather_postgres.py for tasks to queue
[2026-09-08T07:08:10.026+0000] {logging_mixin.py:190} INFO - [2026-09-08T07:08:10.025+0000] {dagbag.py:588} INFO - Filling up the DagBag from /opt/airflow/dags/05_etl_weather_postgres.py
[2026-09-08T07:08:10.066+0000] {processor.py:925} INFO - DAG(s) 'etl_weather_postgres_dag' retrieved from /opt/airflow/dags/05_etl_weather_postgres.py
[2026-09-08T07:08:10.131+0000] {logging_mixin.py:190} INFO - [2026-09-08T07:08:10.130+0000] {dag.py:3239} INFO - Sync 1 DAGs
[2026-09-08T07:08:10.160+0000] {logging_mixin.py:190} INFO - [2026-09-08T07:08:10.160+0000] {dag.py:4180} INFO - Setting next_dagrun for etl_weather_postgres_dag to None, run_after=None
[2026-09-08T07:08:10.204+0000] {processor.py:208} INFO - Processing /opt/airflow/dags/05_etl_weather_postgres.py took 0.191 seconds
[2026-09-08T07:08:40.671+0000] {processor.py:186} INFO - Started process (PID=953) to work on /opt/airflow/dags/05_etl_weather_postgres.py
[2026-09-08T07:08:40.672+0000] {processor.py:914} INFO - Processing file /opt/airflow/dags/05_etl_weather_postgres.py for tasks to queue
[2026-09-08T07:08:40.675+0000] {logging_mixin.py:190} INFO - [2026-09-08T07:08:40.674+0000] {dagbag.py:588} INFO - Filling up the DagBag from /opt/airflow/dags/05_etl_weather_postgres.py
[2026-09-08T07:08:40.698+0000] {processor.py:925} INFO - DAG(s) 'etl_weather_postgres_dag' retrieved from /opt/airflow/dags/05_etl_weather_postgres.py
[2026-09-08T07:08:40.740+0000] {logging_mixin.py:190} INFO - [2026-09-08T07:08:40.740+0000] {dag.py:3239} INFO - Sync 1 DAGs
[2026-09-08T07:08:40.758+0000] {logging_mixin.py:190} INFO - [2026-09-08T07:08:40.758+0000] {dag.py:4180} INFO - Setting next_dagrun for etl_weather_postgres_dag to None, run_after=None
[2026-09-08T07:08:40.791+0000] {processor.py:208} INFO - Processing /opt/airflow/dags/05_etl_weather_postgres.py took 0.127 seconds
[2026-09-08T07:09:10.978+0000] {processor.py:186} INFO - Started process (PID=967) to work on /opt/airflow/dags/05_etl_weather_postgres.py
[2026-09-08T07:09:10.979+0000] {processor.py:914} INFO - Processing file /opt/airflow/dags/05_etl_weather_postgres.py for tasks to queue
[2026-09-08T07:09:10.981+0000] {logging_mixin.py:190} INFO - [2026-09-08T07:09:10.981+0000] {dagbag.py:588} INFO - Filling up the DagBag from /opt/airflow/dags/05_etl_weather_postgres.py
[2026-09-08T07:09:11.006+0000] {processor.py:925} INFO - DAG(s) 'etl_weather_postgres_dag' retrieved from /opt/airflow/dags/05_etl_weather_postgres.py
[2026-09-08T07:09:11.048+0000] {logging_mixin.py:190} INFO - [2026-09-08T07:09:11.047+0000] {dag.py:3239} INFO - Sync 1 DAGs
[2026-09-08T07:09:11.065+0000] {logging_mixin.py:190} INFO - [2026-09-08T07:09:11.064+0000] {dag.py:4180} INFO - Setting next_dagrun for etl_weather_postgres_dag to None, run_after=None
[2026-09-08T07:09:11.086+0000] {processor.py:208} INFO - Processing /opt/airflow/dags/05_etl_weather_postgres.py took 0.116 seconds
[2026-09-08T07:09:41.623+0000] {processor.py:186} INFO - Started process (PID=981) to work on /opt/airflow/dags/05_etl_weather_postgres.py
[2026-09-08T07:09:41.624+0000] {processor.py:914} INFO - Processing file /opt/airflow/dags/05_etl_weather_postgres.py for tasks to queue
[2026-09-08T07:09:41.627+0000] {logging_mixin.py:190} INFO - [2026-09-08T07:09:41.626+0000] {dagbag.py:588} INFO - Filling up the DagBag from /opt/airflow/dags/05_etl_weather_postgres.py
[2026-09-08T07:09:41.653+0000] {processor.py:925} INFO - DAG(s) 'etl_weather_postgres_dag' retrieved from /opt/airflow/dags/05_etl_weather_postgres.py
[2026-09-08T07:09:41.693+0000] {logging_mixin.py:190} INFO - [2026-09-08T07:09:41.693+0000] {dag.py:3239} INFO - Sync 1 DAGs
[2026-09-08T07:09:41.712+0000] {logging_mixin.py:190} INFO - [2026-09-08T07:09:41.712+0000] {dag.py:4180} INFO - Setting next_dagrun for etl_weather_postgres_dag to None, run_after=None
[2026-09-08T07:09:41.743+0000] {processor.py:208} INFO - Processing /opt/airflow/dags/05_etl_weather_postgres.py took 0.129 seconds
[2026-09-08T07:10:12.092+0000] {processor.py:186} INFO - Started process (PID=995) to work on /opt/airflow/dags/05_etl_weather_postgres.py
[2026-09-08T07:10:12.093+0000] {processor.py:914} INFO - Processing file /opt/airflow/dags/05_etl_weather_postgres.py for tasks to queue
[2026-09-08T07:10:12.095+0000] {logging_mixin.py:190} INFO - [2026-09-08T07:10:12.095+0000] {dagbag.py:588} INFO - Filling up the DagBag from /opt/airflow/dags/05_etl_weather_postgres.py
[2026-09-08T07:10:12.123+0000] {processor.py:925} INFO - DAG(s) 'etl_weather_postgres_dag' retrieved from /opt/airflow/dags/05_etl_weather_postgres.py
[2026-09-08T07:10:12.163+0000] {logging_mixin.py:190} INFO - [2026-09-08T07:10:12.163+0000] {dag.py:3239} INFO - Sync 1 DAGs
[2026-09-08T07:10:12.186+0000] {logging_mixin.py:190} INFO - [2026-09-08T07:10:12.186+0000] {dag.py:4180} INFO - Setting next_dagrun for etl_weather_postgres_dag to None, run_after=None
[2026-09-08T07:10:12.212+0000] {processor.py:208} INFO - Processing /opt/airflow/dags/05_etl_weather_postgres.py took 0.130 seconds
[2026-09-08T07:10:42.523+0000] {processor.py:186} INFO - Started process (PID=1009) to work on /opt/airflow/dags/05_etl_weather_postgres.py
[2026-09-08T07:10:42.524+0000] {processor.py:914} INFO - Processing file /opt/airflow/dags/05_etl_weather_postgres.py for tasks to queue
[2026-09-08T07:10:42.526+0000] {logging_mixin.py:190} INFO - [2026-09-08T07:10:42.526+0000] {dagbag.py:588} INFO - Filling up the DagBag from /opt/airflow/dags/05_etl_weather_postgres.py
[2026-09-08T07:10:42.549+0000] {processor.py:925} INFO - DAG(s) 'etl_weather_postgres_dag' retrieved from /opt/airflow/dags/05_etl_weather_postgres.py
[2026-09-08T07:10:42.585+0000] {logging_mixin.py:190} INFO - [2026-09-08T07:10:42.585+0000] {dag.py:3239} INFO - Sync 1 DAGs
[2026-09-08T07:10:42.602+0000] {logging_mixin.py:190} INFO - [2026-09-08T07:10:42.602+0000] {dag.py:4180} INFO - Setting next_dagrun for etl_weather_postgres_dag to None, run_after=None
[2026-09-08T07:10:42.626+0000] {processor.py:208} INFO - Processing /opt/airflow/dags/05_etl_weather_postgres.py took 0.111 seconds
[2026-09-08T07:11:12.900+0000] {processor.py:186} INFO - Started process (PID=1023) to work on /opt/airflow/dags/05_etl_weather_postgres.py
[2026-09-08T07:11:12.901+0000] {processor.py:914} INFO - Processing file /opt/airflow/dags/05_etl_weather_postgres.py for tasks to queue
[2026-09-08T07:11:12.903+0000] {logging_mixin.py:190} INFO - [2026-09-08T07:11:12.903+0000] {dagbag.py:588} INFO - Filling up the DagBag from /opt/airflow/dags/05_etl_weather_postgres.py
[2026-09-08T07:11:12.926+0000] {processor.py:925} INFO - DAG(s) 'etl_weather_postgres_dag' retrieved from /opt/airflow/dags/05_etl_weather_postgres.py
[2026-09-08T07:11:12.961+0000] {logging_mixin.py:190} INFO - [2026-09-08T07:11:12.961+0000] {dag.py:3239} INFO - Sync 1 DAGs
[2026-09-08T07:11:12.977+0000] {logging_mixin.py:190} INFO - [2026-09-08T07:11:12.977+0000] {dag.py:4180} INFO - Setting next_dagrun for etl_weather_postgres_dag to None, run_after=None
[2026-09-08T07:11:13.000+0000] {processor.py:208} INFO - Processing /opt/airflow/dags/05_etl_weather_postgres.py took 0.108 seconds
[2026-09-08T07:11:43.239+0000] {processor.py:186} INFO - Started process (PID=1037) to work on /opt/airflow/dags/05_etl_weather_postgres.py
[2026-09-08T07:11:43.240+0000] {processor.py:914} INFO - Processing file /opt/airflow/dags/05_etl_weather_postgres.py for tasks to queue
[2026-09-08T07:11:43.243+0000] {logging_mixin.py:190} INFO - [2026-09-08T07:11:43.242+0000] {dagbag.py:588} INFO - Filling up the DagBag from /opt/airflow/dags/05_etl_weather_postgres.py
[2026-09-08T07:11:43.271+0000] {processor.py:925} INFO - DAG(s) 'etl_weather_postgres_dag' retrieved from /opt/airflow/dags/05_etl_weather_postgres.py
[2026-09-08T07:11:43.314+0000] {logging_mixin.py:190} INFO - [2026-09-08T07:11:43.314+0000] {dag.py:3239} INFO - Sync 1 DAGs
[2026-09-08T07:11:43.336+0000] {logging_mixin.py:190} INFO - [2026-09-08T07:11:43.335+0000] {dag.py:4180} INFO - Setting next_dagrun for etl_weather_postgres_dag to None, run_after=None
[2026-09-08T07:11:43.363+0000] {processor.py:208} INFO - Processing /opt/airflow/dags/05_etl_weather_postgres.py took 0.132 seconds
[2026-09-08T07:12:13.516+0000] {processor.py:186} INFO - Started process (PID=1051) to work on /opt/airflow/dags/05_etl_weather_postgres.py
[2026-09-08T07:12:13.517+0000] {processor.py:914} INFO - Processing file /opt/airflow/dags/05_etl_weather_postgres.py for tasks to queue
[2026-09-08T07:12:13.519+0000] {logging_mixin.py:190} INFO - [2026-09-08T07:12:13.519+0000] {dagbag.py:588} INFO - Filling up the DagBag from /opt/airflow/dags/05_etl_weather_postgres.py
[2026-09-08T07:12:13.541+0000] {processor.py:925} INFO - DAG(s) 'etl_weather_postgres_dag' retrieved from /opt/airflow/dags/05_etl_weather_postgres.py
[2026-09-08T07:12:13.577+0000] {logging_mixin.py:190} INFO - [2026-09-08T07:12:13.577+0000] {dag.py:3239} INFO - Sync 1 DAGs
[2026-09-08T07:12:13.593+0000] {logging_mixin.py:190} INFO - [2026-09-08T07:12:13.593+0000] {dag.py:4180} INFO - Setting next_dagrun for etl_weather_postgres_dag to None, run_after=None
[2026-09-08T07:12:13.615+0000] {processor.py:208} INFO - Processing /opt/airflow/dags/05_etl_weather_postgres.py took 0.106 seconds
[2026-09-08T07:12:43.883+0000] {processor.py:186} INFO - Started process (PID=1065) to work on /opt/airflow/dags/05_etl_weather_postgres.py
[2026-09-08T07:12:43.884+0000] {processor.py:914} INFO - Processing file /opt/airflow/dags/05_etl_weather_postgres.py for tasks to queue
[2026-09-08T07:12:43.887+0000] {logging_mixin.py:190} INFO - [2026-09-08T07:12:43.887+0000] {dagbag.py:588} INFO - Filling up the DagBag from /opt/airflow/dags/05_etl_weather_postgres.py
[2026-09-08T07:12:43.916+0000] {processor.py:925} INFO - DAG(s) 'etl_weather_postgres_dag' retrieved from /opt/airflow/dags/05_etl_weather_postgres.py
[2026-09-08T07:12:43.962+0000] {logging_mixin.py:190} INFO - [2026-09-08T07:12:43.962+0000] {dag.py:3239} INFO - Sync 1 DAGs
[2026-09-08T07:12:43.991+0000] {logging_mixin.py:190} INFO - [2026-09-08T07:12:43.991+0000] {dag.py:4180} INFO - Setting next_dagrun for etl_weather_postgres_dag to None, run_after=None
[2026-09-08T07:12:44.022+0000] {processor.py:208} INFO - Processing /opt/airflow/dags/05_etl_weather_postgres.py took 0.150 seconds
[2026-09-08T07:13:14.264+0000] {processor.py:186} INFO - Started process (PID=1079) to work on /opt/airflow/dags/05_etl_weather_postgres.py
[2026-09-08T07:13:14.266+0000] {processor.py:914} INFO - Processing file /opt/airflow/dags/05_etl_weather_postgres.py for tasks to queue
[2026-09-08T07:13:14.268+0000] {logging_mixin.py:190} INFO - [2026-09-08T07:13:14.268+0000] {dagbag.py:588} INFO - Filling up the DagBag from /opt/airflow/dags/05_etl_weather_postgres.py
[2026-09-08T07:13:14.291+0000] {processor.py:925} INFO - DAG(s) 'etl_weather_postgres_dag' retrieved from /opt/airflow/dags/05_etl_weather_postgres.py
[2026-09-08T07:13:14.330+0000] {logging_mixin.py:190} INFO - [2026-09-08T07:13:14.330+0000] {dag.py:3239} INFO - Sync 1 DAGs
[2026-09-08T07:13:14.347+0000] {logging_mixin.py:190} INFO - [2026-09-08T07:13:14.346+0000] {dag.py:4180} INFO - Setting next_dagrun for etl_weather_postgres_dag to None, run_after=None
[2026-09-08T07:13:14.369+0000] {processor.py:208} INFO - Processing /opt/airflow/dags/05_etl_weather_postgres.py took 0.114 seconds
[2026-09-08T07:13:44.704+0000] {processor.py:186} INFO - Started process (PID=1093) to work on /opt/airflow/dags/05_etl_weather_postgres.py
[2026-09-08T07:13:44.705+0000] {processor.py:914} INFO - Processing file /opt/airflow/dags/05_etl_weather_postgres.py for tasks to queue
[2026-09-08T07:13:44.707+0000] {logging_mixin.py:190} INFO - [2026-09-08T07:13:44.706+0000] {dagbag.py:588} INFO - Filling up the DagBag from /opt/airflow/dags/05_etl_weather_postgres.py
[2026-09-08T07:13:44.730+0000] {processor.py:925} INFO - DAG(s) 'etl_weather_postgres_dag' retrieved from /opt/airflow/dags/05_etl_weather_postgres.py
[2026-09-08T07:13:44.768+0000] {logging_mixin.py:190} INFO - [2026-09-08T07:13:44.767+0000] {dag.py:3239} INFO - Sync 1 DAGs
[2026-09-08T07:13:44.789+0000] {logging_mixin.py:190} INFO - [2026-09-08T07:13:44.789+0000] {dag.py:4180} INFO - Setting next_dagrun for etl_weather_postgres_dag to None, run_after=None
[2026-09-08T07:13:44.816+0000] {processor.py:208} INFO - Processing /opt/airflow/dags/05_etl_weather_postgres.py took 0.118 seconds
[2026-09-08T07:14:14.994+0000] {processor.py:186} INFO - Started process (PID=1107) to work on /opt/airflow/dags/05_etl_weather_postgres.py
[2026-09-08T07:14:14.995+0000] {processor.py:914} INFO - Processing file /opt/airflow/dags/05_etl_weather_postgres.py for tasks to queue
[2026-09-08T07:14:14.997+0000] {logging_mixin.py:190} INFO - [2026-09-08T07:14:14.997+0000] {dagbag.py:588} INFO - Filling up the DagBag from /opt/airflow/dags/05_etl_weather_postgres.py
[2026-09-08T07:14:15.024+0000] {processor.py:925} INFO - DAG(s) 'etl_weather_postgres_dag' retrieved from /opt/airflow/dags/05_etl_weather_postgres.py
[2026-09-08T07:14:15.067+0000] {logging_mixin.py:190} INFO - [2026-09-08T07:14:15.067+0000] {dag.py:3239} INFO - Sync 1 DAGs
[2026-09-08T07:14:15.087+0000] {logging_mixin.py:190} INFO - [2026-09-08T07:14:15.087+0000] {dag.py:4180} INFO - Setting next_dagrun for etl_weather_postgres_dag to None, run_after=None
[2026-09-08T07:14:15.115+0000] {processor.py:208} INFO - Processing /opt/airflow/dags/05_etl_weather_postgres.py took 0.130 seconds
[2026-09-08T07:14:45.326+0000] {processor.py:186} INFO - Started process (PID=1121) to work on /opt/airflow/dags/05_etl_weather_postgres.py
[2026-09-08T07:14:45.327+0000] {processor.py:914} INFO - Processing file /opt/airflow/dags/05_etl_weather_postgres.py for tasks to queue
[2026-09-08T07:14:45.330+0000] {logging_mixin.py:190} INFO - [2026-09-08T07:14:45.329+0000] {dagbag.py:588} INFO - Filling up the DagBag from /opt/airflow/dags/05_etl_weather_postgres.py
[2026-09-08T07:14:45.360+0000] {processor.py:925} INFO - DAG(s) 'etl_weather_postgres_dag' retrieved from /opt/airflow/dags/05_etl_weather_postgres.py
[2026-09-08T07:14:45.404+0000] {logging_mixin.py:190} INFO - [2026-09-08T07:14:45.403+0000] {dag.py:3239} INFO - Sync 1 DAGs
[2026-09-08T07:14:45.422+0000] {logging_mixin.py:190} INFO - [2026-09-08T07:14:45.422+0000] {dag.py:4180} INFO - Setting next_dagrun for etl_weather_postgres_dag to None, run_after=None
[2026-09-08T07:14:45.448+0000] {processor.py:208} INFO - Processing /opt/airflow/dags/05_etl_weather_postgres.py took 0.132 seconds
[2026-09-08T07:15:15.668+0000] {processor.py:186} INFO - Started process (PID=1135) to work on /opt/airflow/dags/05_etl_weather_postgres.py
[2026-09-08T07:15:15.668+0000] {processor.py:914} INFO - Processing file /opt/airflow/dags/05_etl_weather_postgres.py for tasks to queue
[2026-09-08T07:15:15.670+0000] {logging_mixin.py:190} INFO - [2026-09-08T07:15:15.670+0000] {dagbag.py:588} INFO - Filling up the DagBag from /opt/airflow/dags/05_etl_weather_postgres.py
[2026-09-08T07:15:15.693+0000] {processor.py:925} INFO - DAG(s) 'etl_weather_postgres_dag' retrieved from /opt/airflow/dags/05_etl_weather_postgres.py
[2026-09-08T07:15:15.728+0000] {logging_mixin.py:190} INFO - [2026-09-08T07:15:15.728+0000] {dag.py:3239} INFO - Sync 1 DAGs
[2026-09-08T07:15:15.745+0000] {logging_mixin.py:190} INFO - [2026-09-08T07:15:15.745+0000] {dag.py:4180} INFO - Setting next_dagrun for etl_weather_postgres_dag to None, run_after=None
[2026-09-08T07:15:15.766+0000] {processor.py:208} INFO - Processing /opt/airflow/dags/05_etl_weather_postgres.py took 0.105 seconds
[2026-09-08T07:15:46.164+0000] {processor.py:186} INFO - Started process (PID=1155) to work on /opt/airflow/dags/05_etl_weather_postgres.py
[2026-09-08T07:15:46.165+0000] {processor.py:914} INFO - Processing file /opt/airflow/dags/05_etl_weather_postgres.py for tasks to queue
[2026-09-08T07:15:46.167+0000] {logging_mixin.py:190} INFO - [2026-09-08T07:15:46.167+0000] {dagbag.py:588} INFO - Filling up the DagBag from /opt/airflow/dags/05_etl_weather_postgres.py
[2026-09-08T07:15:46.192+0000] {processor.py:925} INFO - DAG(s) 'etl_weather_postgres_dag' retrieved from /opt/airflow/dags/05_etl_weather_postgres.py
[2026-09-08T07:15:46.231+0000] {logging_mixin.py:190} INFO - [2026-09-08T07:15:46.230+0000] {dag.py:3239} INFO - Sync 1 DAGs
[2026-09-08T07:15:46.247+0000] {logging_mixin.py:190} INFO - [2026-09-08T07:15:46.247+0000] {dag.py:4180} INFO - Setting next_dagrun for etl_weather_postgres_dag to None, run_after=None
[2026-09-08T07:15:46.270+0000] {processor.py:208} INFO - Processing /opt/airflow/dags/05_etl_weather_postgres.py took 0.115 seconds
[2026-09-08T07:16:16.491+0000] {processor.py:186} INFO - Started process (PID=1169) to work on /opt/airflow/dags/05_etl_weather_postgres.py
[2026-09-08T07:16:16.492+0000] {processor.py:914} INFO - Processing file /opt/airflow/dags/05_etl_weather_postgres.py for tasks to queue
[2026-09-08T07:16:16.495+0000] {logging_mixin.py:190} INFO - [2026-09-08T07:16:16.494+0000] {dagbag.py:588} INFO - Filling up the DagBag from /opt/airflow/dags/05_etl_weather_postgres.py
[2026-09-08T07:16:16.520+0000] {processor.py:925} INFO - DAG(s) 'etl_weather_postgres_dag' retrieved from /opt/airflow/dags/05_etl_weather_postgres.py
[2026-09-08T07:16:16.559+0000] {logging_mixin.py:190} INFO - [2026-09-08T07:16:16.559+0000] {dag.py:3239} INFO - Sync 1 DAGs
[2026-09-08T07:16:16.577+0000] {logging_mixin.py:190} INFO - [2026-09-08T07:16:16.577+0000] {dag.py:4180} INFO - Setting next_dagrun for etl_weather_postgres_dag to None, run_after=None
[2026-09-08T07:16:16.600+0000] {processor.py:208} INFO - Processing /opt/airflow/dags/05_etl_weather_postgres.py took 0.116 seconds
[2026-09-08T07:16:46.743+0000] {processor.py:186} INFO - Started process (PID=1183) to work on /opt/airflow/dags/05_etl_weather_postgres.py
[2026-09-08T07:16:46.744+0000] {processor.py:914} INFO - Processing file /opt/airflow/dags/05_etl_weather_postgres.py for tasks to queue
[2026-09-08T07:16:46.746+0000] {logging_mixin.py:190} INFO - [2026-09-08T07:16:46.746+0000] {dagbag.py:588} INFO - Filling up the DagBag from /opt/airflow/dags/05_etl_weather_postgres.py
[2026-09-08T07:16:46.786+0000] {processor.py:925} INFO - DAG(s) 'etl_weather_postgres_dag' retrieved from /opt/airflow/dags/05_etl_weather_postgres.py
[2026-09-08T07:16:46.823+0000] {logging_mixin.py:190} INFO - [2026-09-08T07:16:46.822+0000] {dag.py:3239} INFO - Sync 1 DAGs
[2026-09-08T07:16:46.842+0000] {logging_mixin.py:190} INFO - [2026-09-08T07:16:46.842+0000] {dag.py:4180} INFO - Setting next_dagrun for etl_weather_postgres_dag to None, run_after=None
[2026-09-08T07:16:46.870+0000] {processor.py:208} INFO - Processing /opt/airflow/dags/05_etl_weather_postgres.py took 0.134 seconds
[2026-09-08T07:17:17.118+0000] {processor.py:186} INFO - Started process (PID=1197) to work on /opt/airflow/dags/05_etl_weather_postgres.py
[2026-09-08T07:17:17.119+0000] {processor.py:914} INFO - Processing file /opt/airflow/dags/05_etl_weather_postgres.py for tasks to queue
[2026-09-08T07:17:17.121+0000] {logging_mixin.py:190} INFO - [2026-09-08T07:17:17.121+0000] {dagbag.py:588} INFO - Filling up the DagBag from /opt/airflow/dags/05_etl_weather_postgres.py
[2026-09-08T07:17:17.145+0000] {processor.py:925} INFO - DAG(s) 'etl_weather_postgres_dag' retrieved from /opt/airflow/dags/05_etl_weather_postgres.py
[2026-09-08T07:17:17.181+0000] {logging_mixin.py:190} INFO - [2026-09-08T07:17:17.181+0000] {dag.py:3239} INFO - Sync 1 DAGs
[2026-09-08T07:17:17.198+0000] {logging_mixin.py:190} INFO - [2026-09-08T07:17:17.198+0000] {dag.py:4180} INFO - Setting next_dagrun for etl_weather_postgres_dag to None, run_after=None
[2026-09-08T07:17:17.223+0000] {processor.py:208} INFO - Processing /opt/airflow/dags/05_etl_weather_postgres.py took 0.112 seconds
[2026-09-08T07:17:47.653+0000] {processor.py:186} INFO - Started process (PID=1211) to work on /opt/airflow/dags/05_etl_weather_postgres.py
[2026-09-08T07:17:47.654+0000] {processor.py:914} INFO - Processing file /opt/airflow/dags/05_etl_weather_postgres.py for tasks to queue
[2026-09-08T07:17:47.656+0000] {logging_mixin.py:190} INFO - [2026-09-08T07:17:47.656+0000] {dagbag.py:588} INFO - Filling up the DagBag from /opt/airflow/dags/05_etl_weather_postgres.py
[2026-09-08T07:17:47.681+0000] {processor.py:925} INFO - DAG(s) 'etl_weather_postgres_dag' retrieved from /opt/airflow/dags/05_etl_weather_postgres.py
[2026-09-08T07:17:47.722+0000] {logging_mixin.py:190} INFO - [2026-09-08T07:17:47.722+0000] {dag.py:3239} INFO - Sync 1 DAGs
[2026-09-08T07:17:47.740+0000] {logging_mixin.py:190} INFO - [2026-09-08T07:17:47.740+0000] {dag.py:4180} INFO - Setting next_dagrun for etl_weather_postgres_dag to None, run_after=None
[2026-09-08T07:17:47.764+0000] {processor.py:208} INFO - Processing /opt/airflow/dags/05_etl_weather_postgres.py took 0.119 seconds
[2026-09-08T07:18:18.624+0000] {processor.py:186} INFO - Started process (PID=1225) to work on /opt/airflow/dags/05_etl_weather_postgres.py
[2026-09-08T07:18:18.625+0000] {processor.py:914} INFO - Processing file /opt/airflow/dags/05_etl_weather_postgres.py for tasks to queue
[2026-09-08T07:18:18.628+0000] {logging_mixin.py:190} INFO - [2026-09-08T07:18:18.627+0000] {dagbag.py:588} INFO - Filling up the DagBag from /opt/airflow/dags/05_etl_weather_postgres.py
[2026-09-08T07:18:18.660+0000] {processor.py:925} INFO - DAG(s) 'etl_weather_postgres_dag' retrieved from /opt/airflow/dags/05_etl_weather_postgres.py
[2026-09-08T07:18:18.707+0000] {logging_mixin.py:190} INFO - [2026-09-08T07:18:18.707+0000] {dag.py:3239} INFO - Sync 1 DAGs
[2026-09-08T07:18:18.730+0000] {logging_mixin.py:190} INFO - [2026-09-08T07:18:18.730+0000] {dag.py:4180} INFO - Setting next_dagrun for etl_weather_postgres_dag to None, run_after=None
[2026-09-08T07:18:18.758+0000] {processor.py:208} INFO - Processing /opt/airflow/dags/05_etl_weather_postgres.py took 0.145 seconds
[2026-09-08T07:18:48.813+0000] {processor.py:186} INFO - Started process (PID=1237) to work on /opt/airflow/dags/05_etl_weather_postgres.py
[2026-09-08T07:18:48.814+0000] {processor.py:914} INFO - Processing file /opt/airflow/dags/05_etl_weather_postgres.py for tasks to queue
[2026-09-08T07:18:48.816+0000] {logging_mixin.py:190} INFO - [2026-09-08T07:18:48.816+0000] {dagbag.py:588} INFO - Filling up the DagBag from /opt/airflow/dags/05_etl_weather_postgres.py
[2026-09-08T07:18:48.841+0000] {processor.py:925} INFO - DAG(s) 'etl_weather_postgres_dag' retrieved from /opt/airflow/dags/05_etl_weather_postgres.py
[2026-09-08T07:18:48.884+0000] {logging_mixin.py:190} INFO - [2026-09-08T07:18:48.884+0000] {dag.py:3239} INFO - Sync 1 DAGs
[2026-09-08T07:18:48.904+0000] {logging_mixin.py:190} INFO - [2026-09-08T07:18:48.904+0000] {dag.py:4180} INFO - Setting next_dagrun for etl_weather_postgres_dag to None, run_after=None
[2026-09-08T07:18:48.928+0000] {processor.py:208} INFO - Processing /opt/airflow/dags/05_etl_weather_postgres.py took 0.122 seconds
[2026-09-08T07:19:19.019+0000] {processor.py:186} INFO - Started process (PID=1251) to work on /opt/airflow/dags/05_etl_weather_postgres.py
[2026-09-08T07:19:19.020+0000] {processor.py:914} INFO - Processing file /opt/airflow/dags/05_etl_weather_postgres.py for tasks to queue
[2026-09-08T07:19:19.022+0000] {logging_mixin.py:190} INFO - [2026-09-08T07:19:19.022+0000] {dagbag.py:588} INFO - Filling up the DagBag from /opt/airflow/dags/05_etl_weather_postgres.py
[2026-09-08T07:19:19.045+0000] {processor.py:925} INFO - DAG(s) 'etl_weather_postgres_dag' retrieved from /opt/airflow/dags/05_etl_weather_postgres.py
[2026-09-08T07:19:19.083+0000] {logging_mixin.py:190} INFO - [2026-09-08T07:19:19.082+0000] {dag.py:3239} INFO - Sync 1 DAGs
[2026-09-08T07:19:19.110+0000] {logging_mixin.py:190} INFO - [2026-09-08T07:19:19.109+0000] {dag.py:4180} INFO - Setting next_dagrun for etl_weather_postgres_dag to None, run_after=None
[2026-09-08T07:19:19.132+0000] {processor.py:208} INFO - Processing /opt/airflow/dags/05_etl_weather_postgres.py took 0.121 seconds
[2026-09-08T07:19:49.286+0000] {processor.py:186} INFO - Started process (PID=1265) to work on /opt/airflow/dags/05_etl_weather_postgres.py
[2026-09-08T07:19:49.287+0000] {processor.py:914} INFO - Processing file /opt/airflow/dags/05_etl_weather_postgres.py for tasks to queue
[2026-09-08T07:19:49.290+0000] {logging_mixin.py:190} INFO - [2026-09-08T07:19:49.289+0000] {dagbag.py:588} INFO - Filling up the DagBag from /opt/airflow/dags/05_etl_weather_postgres.py
[2026-09-08T07:19:49.312+0000] {processor.py:925} INFO - DAG(s) 'etl_weather_postgres_dag' retrieved from /opt/airflow/dags/05_etl_weather_postgres.py
[2026-09-08T07:19:49.349+0000] {logging_mixin.py:190} INFO - [2026-09-08T07:19:49.349+0000] {dag.py:3239} INFO - Sync 1 DAGs
[2026-09-08T07:19:49.365+0000] {logging_mixin.py:190} INFO - [2026-09-08T07:19:49.365+0000] {dag.py:4180} INFO - Setting next_dagrun for etl_weather_postgres_dag to None, run_after=None
[2026-09-08T07:19:49.387+0000] {processor.py:208} INFO - Processing /opt/airflow/dags/05_etl_weather_postgres.py took 0.109 seconds
[2026-09-08T07:20:19.714+0000] {processor.py:186} INFO - Started process (PID=1279) to work on /opt/airflow/dags/05_etl_weather_postgres.py
[2026-09-08T07:20:19.715+0000] {processor.py:914} INFO - Processing file /opt/airflow/dags/05_etl_weather_postgres.py for tasks to queue
[2026-09-08T07:20:19.717+0000] {logging_mixin.py:190} INFO - [2026-09-08T07:20:19.716+0000] {dagbag.py:588} INFO - Filling up the DagBag from /opt/airflow/dags/05_etl_weather_postgres.py
[2026-09-08T07:20:19.737+0000] {processor.py:925} INFO - DAG(s) 'etl_weather_postgres_dag' retrieved from /opt/airflow/dags/05_etl_weather_postgres.py
[2026-09-08T07:20:19.775+0000] {logging_mixin.py:190} INFO - [2026-09-08T07:20:19.775+0000] {dag.py:3239} INFO - Sync 1 DAGs
[2026-09-08T07:20:19.946+0000] {logging_mixin.py:190} INFO - [2026-09-08T07:20:19.946+0000] {dag.py:4180} INFO - Setting next_dagrun for etl_weather_postgres_dag to None, run_after=None
[2026-09-08T07:20:19.971+0000] {processor.py:208} INFO - Processing /opt/airflow/dags/05_etl_weather_postgres.py took 0.264 seconds
[2026-09-08T07:20:50.695+0000] {processor.py:186} INFO - Started process (PID=1293) to work on /opt/airflow/dags/05_etl_weather_postgres.py
[2026-09-08T07:20:50.696+0000] {processor.py:914} INFO - Processing file /opt/airflow/dags/05_etl_weather_postgres.py for tasks to queue
[2026-09-08T07:20:50.789+0000] {logging_mixin.py:190} INFO - [2026-09-08T07:20:50.789+0000] {dagbag.py:588} INFO - Filling up the DagBag from /opt/airflow/dags/05_etl_weather_postgres.py
[2026-09-08T07:20:51.577+0000] {processor.py:925} INFO - DAG(s) 'etl_weather_postgres_dag' retrieved from /opt/airflow/dags/05_etl_weather_postgres.py
[2026-09-08T07:20:51.606+0000] {logging_mixin.py:190} INFO - [2026-09-08T07:20:51.606+0000] {dag.py:3239} INFO - Sync 1 DAGs
[2026-09-08T07:20:51.618+0000] {logging_mixin.py:190} INFO - [2026-09-08T07:20:51.618+0000] {dag.py:4180} INFO - Setting next_dagrun for etl_weather_postgres_dag to None, run_after=None
[2026-09-08T07:20:51.637+0000] {processor.py:208} INFO - Processing /opt/airflow/dags/05_etl_weather_postgres.py took 0.949 seconds
[2026-09-08T07:21:22.305+0000] {processor.py:186} INFO - Started process (PID=1307) to work on /opt/airflow/dags/05_etl_weather_postgres.py
[2026-09-08T07:21:22.306+0000] {processor.py:914} INFO - Processing file /opt/airflow/dags/05_etl_weather_postgres.py for tasks to queue
[2026-09-08T07:21:22.309+0000] {logging_mixin.py:190} INFO - [2026-09-08T07:21:22.308+0000] {dagbag.py:588} INFO - Filling up the DagBag from /opt/airflow/dags/05_etl_weather_postgres.py
[2026-09-08T07:21:22.337+0000] {processor.py:925} INFO - DAG(s) 'etl_weather_postgres_dag' retrieved from /opt/airflow/dags/05_etl_weather_postgres.py
[2026-09-08T07:21:22.392+0000] {logging_mixin.py:190} INFO - [2026-09-08T07:21:22.391+0000] {dag.py:3239} INFO - Sync 1 DAGs
[2026-09-08T07:21:22.413+0000] {logging_mixin.py:190} INFO - [2026-09-08T07:21:22.413+0000] {dag.py:4180} INFO - Setting next_dagrun for etl_weather_postgres_dag to None, run_after=None
[2026-09-08T07:21:22.437+0000] {processor.py:208} INFO - Processing /opt/airflow/dags/05_etl_weather_postgres.py took 0.141 seconds
[2026-09-08T07:21:53.024+0000] {processor.py:186} INFO - Started process (PID=1321) to work on /opt/airflow/dags/05_etl_weather_postgres.py
[2026-09-08T07:21:53.025+0000] {processor.py:914} INFO - Processing file /opt/airflow/dags/05_etl_weather_postgres.py for tasks to queue
[2026-09-08T07:21:53.027+0000] {logging_mixin.py:190} INFO - [2026-09-08T07:21:53.027+0000] {dagbag.py:588} INFO - Filling up the DagBag from /opt/airflow/dags/05_etl_weather_postgres.py
[2026-09-08T07:21:53.054+0000] {processor.py:925} INFO - DAG(s) 'etl_weather_postgres_dag' retrieved from /opt/airflow/dags/05_etl_weather_postgres.py
[2026-09-08T07:21:53.095+0000] {logging_mixin.py:190} INFO - [2026-09-08T07:21:53.094+0000] {dag.py:3239} INFO - Sync 1 DAGs
[2026-09-08T07:21:53.112+0000] {logging_mixin.py:190} INFO - [2026-09-08T07:21:53.112+0000] {dag.py:4180} INFO - Setting next_dagrun for etl_weather_postgres_dag to None, run_after=None
[2026-09-08T07:21:53.135+0000] {processor.py:208} INFO - Processing /opt/airflow/dags/05_etl_weather_postgres.py took 0.119 seconds
[2026-09-08T07:22:23.680+0000] {processor.py:186} INFO - Started process (PID=1335) to work on /opt/airflow/dags/05_etl_weather_postgres.py
[2026-09-08T07:22:23.681+0000] {processor.py:914} INFO - Processing file /opt/airflow/dags/05_etl_weather_postgres.py for tasks to queue
[2026-09-08T07:22:23.683+0000] {logging_mixin.py:190} INFO - [2026-09-08T07:22:23.683+0000] {dagbag.py:588} INFO - Filling up the DagBag from /opt/airflow/dags/05_etl_weather_postgres.py
[2026-09-08T07:22:23.705+0000] {processor.py:925} INFO - DAG(s) 'etl_weather_postgres_dag' retrieved from /opt/airflow/dags/05_etl_weather_postgres.py
[2026-09-08T07:22:23.743+0000] {logging_mixin.py:190} INFO - [2026-09-08T07:22:23.743+0000] {dag.py:3239} INFO - Sync 1 DAGs
[2026-09-08T07:22:23.761+0000] {logging_mixin.py:190} INFO - [2026-09-08T07:22:23.761+0000] {dag.py:4180} INFO - Setting next_dagrun for etl_weather_postgres_dag to None, run_after=None
[2026-09-08T07:22:23.785+0000] {processor.py:208} INFO - Processing /opt/airflow/dags/05_etl_weather_postgres.py took 0.112 seconds
[2026-09-08T07:22:53.945+0000] {processor.py:186} INFO - Started process (PID=1349) to work on /opt/airflow/dags/05_etl_weather_postgres.py
[2026-09-08T07:22:53.947+0000] {processor.py:914} INFO - Processing file /opt/airflow/dags/05_etl_weather_postgres.py for tasks to queue
[2026-09-08T07:22:53.949+0000] {logging_mixin.py:190} INFO - [2026-09-08T07:22:53.948+0000] {dagbag.py:588} INFO - Filling up the DagBag from /opt/airflow/dags/05_etl_weather_postgres.py
[2026-09-08T07:22:53.971+0000] {processor.py:925} INFO - DAG(s) 'etl_weather_postgres_dag' retrieved from /opt/airflow/dags/05_etl_weather_postgres.py
[2026-09-08T07:22:54.010+0000] {logging_mixin.py:190} INFO - [2026-09-08T07:22:54.009+0000] {dag.py:3239} INFO - Sync 1 DAGs
[2026-09-08T07:22:54.029+0000] {logging_mixin.py:190} INFO - [2026-09-08T07:22:54.029+0000] {dag.py:4180} INFO - Setting next_dagrun for etl_weather_postgres_dag to None, run_after=None
[2026-09-08T07:22:54.053+0000] {processor.py:208} INFO - Processing /opt/airflow/dags/05_etl_weather_postgres.py took 0.115 seconds
[2026-09-08T07:23:24.265+0000] {processor.py:186} INFO - Started process (PID=1363) to work on /opt/airflow/dags/05_etl_weather_postgres.py
[2026-09-08T07:23:24.266+0000] {processor.py:914} INFO - Processing file /opt/airflow/dags/05_etl_weather_postgres.py for tasks to queue
[2026-09-08T07:23:24.268+0000] {logging_mixin.py:190} INFO - [2026-09-08T07:23:24.267+0000] {dagbag.py:588} INFO - Filling up the DagBag from /opt/airflow/dags/05_etl_weather_postgres.py
[2026-09-08T07:23:24.292+0000] {processor.py:925} INFO - DAG(s) 'etl_weather_postgres_dag' retrieved from /opt/airflow/dags/05_etl_weather_postgres.py
[2026-09-08T07:23:24.330+0000] {logging_mixin.py:190} INFO - [2026-09-08T07:23:24.330+0000] {dag.py:3239} INFO - Sync 1 DAGs
[2026-09-08T07:23:24.346+0000] {logging_mixin.py:190} INFO - [2026-09-08T07:23:24.346+0000] {dag.py:4180} INFO - Setting next_dagrun for etl_weather_postgres_dag to None, run_after=None
[2026-09-08T07:23:24.369+0000] {processor.py:208} INFO - Processing /opt/airflow/dags/05_etl_weather_postgres.py took 0.111 seconds
[2026-09-08T07:23:54.514+0000] {processor.py:186} INFO - Started process (PID=1377) to work on /opt/airflow/dags/05_etl_weather_postgres.py
[2026-09-08T07:23:54.515+0000] {processor.py:914} INFO - Processing file /opt/airflow/dags/05_etl_weather_postgres.py for tasks to queue
[2026-09-08T07:23:54.517+0000] {logging_mixin.py:190} INFO - [2026-09-08T07:23:54.517+0000] {dagbag.py:588} INFO - Filling up the DagBag from /opt/airflow/dags/05_etl_weather_postgres.py
[2026-09-08T07:23:54.542+0000] {processor.py:925} INFO - DAG(s) 'etl_weather_postgres_dag' retrieved from /opt/airflow/dags/05_etl_weather_postgres.py
[2026-09-08T07:23:54.580+0000] {logging_mixin.py:190} INFO - [2026-09-08T07:23:54.580+0000] {dag.py:3239} INFO - Sync 1 DAGs
[2026-09-08T07:23:54.597+0000] {logging_mixin.py:190} INFO - [2026-09-08T07:23:54.597+0000] {dag.py:4180} INFO - Setting next_dagrun for etl_weather_postgres_dag to None, run_after=None
[2026-09-08T07:23:54.623+0000] {processor.py:208} INFO - Processing /opt/airflow/dags/05_etl_weather_postgres.py took 0.117 seconds
[2026-09-08T07:24:24.822+0000] {processor.py:186} INFO - Started process (PID=1391) to work on /opt/airflow/dags/05_etl_weather_postgres.py
[2026-09-08T07:24:24.823+0000] {processor.py:914} INFO - Processing file /opt/airflow/dags/05_etl_weather_postgres.py for tasks to queue
[2026-09-08T07:24:24.826+0000] {logging_mixin.py:190} INFO - [2026-09-08T07:24:24.825+0000] {dagbag.py:588} INFO - Filling up the DagBag from /opt/airflow/dags/05_etl_weather_postgres.py
[2026-09-08T07:24:24.850+0000] {processor.py:925} INFO - DAG(s) 'etl_weather_postgres_dag' retrieved from /opt/airflow/dags/05_etl_weather_postgres.py
[2026-09-08T07:24:24.895+0000] {logging_mixin.py:190} INFO - [2026-09-08T07:24:24.894+0000] {dag.py:3239} INFO - Sync 1 DAGs
[2026-09-08T07:24:24.918+0000] {logging_mixin.py:190} INFO - [2026-09-08T07:24:24.917+0000] {dag.py:4180} INFO - Setting next_dagrun for etl_weather_postgres_dag to None, run_after=None
[2026-09-08T07:24:24.940+0000] {processor.py:208} INFO - Processing /opt/airflow/dags/05_etl_weather_postgres.py took 0.126 seconds
[2026-09-08T07:24:55.597+0000] {processor.py:186} INFO - Started process (PID=1405) to work on /opt/airflow/dags/05_etl_weather_postgres.py
[2026-09-08T07:24:55.599+0000] {processor.py:914} INFO - Processing file /opt/airflow/dags/05_etl_weather_postgres.py for tasks to queue
[2026-09-08T07:24:55.601+0000] {logging_mixin.py:190} INFO - [2026-09-08T07:24:55.600+0000] {dagbag.py:588} INFO - Filling up the DagBag from /opt/airflow/dags/05_etl_weather_postgres.py
[2026-09-08T07:24:55.629+0000] {processor.py:925} INFO - DAG(s) 'etl_weather_postgres_dag' retrieved from /opt/airflow/dags/05_etl_weather_postgres.py
[2026-09-08T07:24:55.674+0000] {logging_mixin.py:190} INFO - [2026-09-08T07:24:55.674+0000] {dag.py:3239} INFO - Sync 1 DAGs
[2026-09-08T07:24:55.695+0000] {logging_mixin.py:190} INFO - [2026-09-08T07:24:55.695+0000] {dag.py:4180} INFO - Setting next_dagrun for etl_weather_postgres_dag to None, run_after=None
[2026-09-08T07:24:55.720+0000] {processor.py:208} INFO - Processing /opt/airflow/dags/05_etl_weather_postgres.py took 0.131 seconds
[2026-09-08T07:25:26.418+0000] {processor.py:186} INFO - Started process (PID=1419) to work on /opt/airflow/dags/05_etl_weather_postgres.py
[2026-09-08T07:25:26.420+0000] {processor.py:914} INFO - Processing file /opt/airflow/dags/05_etl_weather_postgres.py for tasks to queue
[2026-09-08T07:25:26.423+0000] {logging_mixin.py:190} INFO - [2026-09-08T07:25:26.422+0000] {dagbag.py:588} INFO - Filling up the DagBag from /opt/airflow/dags/05_etl_weather_postgres.py
[2026-09-08T07:25:26.456+0000] {processor.py:925} INFO - DAG(s) 'etl_weather_postgres_dag' retrieved from /opt/airflow/dags/05_etl_weather_postgres.py
[2026-09-08T07:25:26.506+0000] {logging_mixin.py:190} INFO - [2026-09-08T07:25:26.506+0000] {dag.py:3239} INFO - Sync 1 DAGs
[2026-09-08T07:25:26.529+0000] {logging_mixin.py:190} INFO - [2026-09-08T07:25:26.528+0000] {dag.py:4180} INFO - Setting next_dagrun for etl_weather_postgres_dag to None, run_after=None
[2026-09-08T07:25:26.556+0000] {processor.py:208} INFO - Processing /opt/airflow/dags/05_etl_weather_postgres.py took 0.150 seconds
[2026-09-08T07:25:57.092+0000] {processor.py:186} INFO - Started process (PID=1433) to work on /opt/airflow/dags/05_etl_weather_postgres.py
[2026-09-08T07:25:57.093+0000] {processor.py:914} INFO - Processing file /opt/airflow/dags/05_etl_weather_postgres.py for tasks to queue
[2026-09-08T07:25:57.096+0000] {logging_mixin.py:190} INFO - [2026-09-08T07:25:57.095+0000] {dagbag.py:588} INFO - Filling up the DagBag from /opt/airflow/dags/05_etl_weather_postgres.py
[2026-09-08T07:25:57.127+0000] {processor.py:925} INFO - DAG(s) 'etl_weather_postgres_dag' retrieved from /opt/airflow/dags/05_etl_weather_postgres.py
[2026-09-08T07:25:57.174+0000] {logging_mixin.py:190} INFO - [2026-09-08T07:25:57.174+0000] {dag.py:3239} INFO - Sync 1 DAGs
[2026-09-08T07:25:57.192+0000] {logging_mixin.py:190} INFO - [2026-09-08T07:25:57.192+0000] {dag.py:4180} INFO - Setting next_dagrun for etl_weather_postgres_dag to None, run_after=None
[2026-09-08T07:25:57.218+0000] {processor.py:208} INFO - Processing /opt/airflow/dags/05_etl_weather_postgres.py took 0.133 seconds
[2026-09-08T07:26:27.919+0000] {processor.py:186} INFO - Started process (PID=1447) to work on /opt/airflow/dags/05_etl_weather_postgres.py
[2026-09-08T07:26:27.920+0000] {processor.py:914} INFO - Processing file /opt/airflow/dags/05_etl_weather_postgres.py for tasks to queue
[2026-09-08T07:26:27.922+0000] {logging_mixin.py:190} INFO - [2026-09-08T07:26:27.922+0000] {dagbag.py:588} INFO - Filling up the DagBag from /opt/airflow/dags/05_etl_weather_postgres.py
[2026-09-08T07:26:27.948+0000] {processor.py:925} INFO - DAG(s) 'etl_weather_postgres_dag' retrieved from /opt/airflow/dags/05_etl_weather_postgres.py
[2026-09-08T07:26:27.992+0000] {logging_mixin.py:190} INFO - [2026-09-08T07:26:27.991+0000] {dag.py:3239} INFO - Sync 1 DAGs
[2026-09-08T07:26:28.030+0000] {logging_mixin.py:190} INFO - [2026-09-08T07:26:28.029+0000] {dag.py:4180} INFO - Setting next_dagrun for etl_weather_postgres_dag to None, run_after=None
[2026-09-08T07:26:28.092+0000] {processor.py:208} INFO - Processing /opt/airflow/dags/05_etl_weather_postgres.py took 0.181 seconds
[2026-09-08T07:26:58.608+0000] {processor.py:186} INFO - Started process (PID=1461) to work on /opt/airflow/dags/05_etl_weather_postgres.py
[2026-09-08T07:26:58.609+0000] {processor.py:914} INFO - Processing file /opt/airflow/dags/05_etl_weather_postgres.py for tasks to queue
[2026-09-08T07:26:58.612+0000] {logging_mixin.py:190} INFO - [2026-09-08T07:26:58.612+0000] {dagbag.py:588} INFO - Filling up the DagBag from /opt/airflow/dags/05_etl_weather_postgres.py
[2026-09-08T07:26:58.639+0000] {processor.py:925} INFO - DAG(s) 'etl_weather_postgres_dag' retrieved from /opt/airflow/dags/05_etl_weather_postgres.py
[2026-09-08T07:26:58.678+0000] {logging_mixin.py:190} INFO - [2026-09-08T07:26:58.678+0000] {dag.py:3239} INFO - Sync 1 DAGs
[2026-09-08T07:26:58.697+0000] {logging_mixin.py:190} INFO - [2026-09-08T07:26:58.697+0000] {dag.py:4180} INFO - Setting next_dagrun for etl_weather_postgres_dag to None, run_after=None
[2026-09-08T07:26:58.719+0000] {processor.py:208} INFO - Processing /opt/airflow/dags/05_etl_weather_postgres.py took 0.120 seconds
[2026-09-08T07:27:28.802+0000] {processor.py:186} INFO - Started process (PID=1475) to work on /opt/airflow/dags/05_etl_weather_postgres.py
[2026-09-08T07:27:28.803+0000] {processor.py:914} INFO - Processing file /opt/airflow/dags/05_etl_weather_postgres.py for tasks to queue
[2026-09-08T07:27:28.805+0000] {logging_mixin.py:190} INFO - [2026-09-08T07:27:28.805+0000] {dagbag.py:588} INFO - Filling up the DagBag from /opt/airflow/dags/05_etl_weather_postgres.py
[2026-09-08T07:27:28.832+0000] {processor.py:925} INFO - DAG(s) 'etl_weather_postgres_dag' retrieved from /opt/airflow/dags/05_etl_weather_postgres.py
[2026-09-08T07:27:28.876+0000] {logging_mixin.py:190} INFO - [2026-09-08T07:27:28.876+0000] {dag.py:3239} INFO - Sync 1 DAGs
[2026-09-08T07:27:28.894+0000] {logging_mixin.py:190} INFO - [2026-09-08T07:27:28.894+0000] {dag.py:4180} INFO - Setting next_dagrun for etl_weather_postgres_dag to None, run_after=None
[2026-09-08T07:27:28.923+0000] {processor.py:208} INFO - Processing /opt/airflow/dags/05_etl_weather_postgres.py took 0.128 seconds
[2026-09-08T07:27:59.638+0000] {processor.py:186} INFO - Started process (PID=1489) to work on /opt/airflow/dags/05_etl_weather_postgres.py
[2026-09-08T07:27:59.639+0000] {processor.py:914} INFO - Processing file /opt/airflow/dags/05_etl_weather_postgres.py for tasks to queue
[2026-09-08T07:27:59.642+0000] {logging_mixin.py:190} INFO - [2026-09-08T07:27:59.642+0000] {dagbag.py:588} INFO - Filling up the DagBag from /opt/airflow/dags/05_etl_weather_postgres.py
[2026-09-08T07:27:59.673+0000] {processor.py:925} INFO - DAG(s) 'etl_weather_postgres_dag' retrieved from /opt/airflow/dags/05_etl_weather_postgres.py
[2026-09-08T07:27:59.711+0000] {logging_mixin.py:190} INFO - [2026-09-08T07:27:59.711+0000] {dag.py:3239} INFO - Sync 1 DAGs
[2026-09-08T07:27:59.730+0000] {logging_mixin.py:190} INFO - [2026-09-08T07:27:59.730+0000] {dag.py:4180} INFO - Setting next_dagrun for etl_weather_postgres_dag to None, run_after=None
[2026-09-08T07:27:59.755+0000] {processor.py:208} INFO - Processing /opt/airflow/dags/05_etl_weather_postgres.py took 0.126 seconds
[2026-09-08T07:28:29.903+0000] {processor.py:186} INFO - Started process (PID=1503) to work on /opt/airflow/dags/05_etl_weather_postgres.py
[2026-09-08T07:28:29.905+0000] {processor.py:914} INFO - Processing file /opt/airflow/dags/05_etl_weather_postgres.py for tasks to queue
[2026-09-08T07:28:29.908+0000] {logging_mixin.py:190} INFO - [2026-09-08T07:28:29.907+0000] {dagbag.py:588} INFO - Filling up the DagBag from /opt/airflow/dags/05_etl_weather_postgres.py
[2026-09-08T07:28:29.940+0000] {processor.py:925} INFO - DAG(s) 'etl_weather_postgres_dag' retrieved from /opt/airflow/dags/05_etl_weather_postgres.py
[2026-09-08T07:28:29.984+0000] {logging_mixin.py:190} INFO - [2026-09-08T07:28:29.984+0000] {dag.py:3239} INFO - Sync 1 DAGs
[2026-09-08T07:28:30.004+0000] {logging_mixin.py:190} INFO - [2026-09-08T07:28:30.004+0000] {dag.py:4180} INFO - Setting next_dagrun for etl_weather_postgres_dag to None, run_after=None
[2026-09-08T07:28:30.032+0000] {processor.py:208} INFO - Processing /opt/airflow/dags/05_etl_weather_postgres.py took 0.144 seconds
[2026-09-08T07:29:00.131+0000] {processor.py:186} INFO - Started process (PID=1517) to work on /opt/airflow/dags/05_etl_weather_postgres.py
[2026-09-08T07:29:00.132+0000] {processor.py:914} INFO - Processing file /opt/airflow/dags/05_etl_weather_postgres.py for tasks to queue
[2026-09-08T07:29:00.135+0000] {logging_mixin.py:190} INFO - [2026-09-08T07:29:00.134+0000] {dagbag.py:588} INFO - Filling up the DagBag from /opt/airflow/dags/05_etl_weather_postgres.py
[2026-09-08T07:29:00.166+0000] {processor.py:925} INFO - DAG(s) 'etl_weather_postgres_dag' retrieved from /opt/airflow/dags/05_etl_weather_postgres.py
[2026-09-08T07:29:00.240+0000] {logging_mixin.py:190} INFO - [2026-09-08T07:29:00.239+0000] {dag.py:3239} INFO - Sync 1 DAGs
[2026-09-08T07:29:00.264+0000] {logging_mixin.py:190} INFO - [2026-09-08T07:29:00.264+0000] {dag.py:4180} INFO - Setting next_dagrun for etl_weather_postgres_dag to None, run_after=None
[2026-09-08T07:29:00.290+0000] {processor.py:208} INFO - Processing /opt/airflow/dags/05_etl_weather_postgres.py took 0.167 seconds
[2026-09-08T07:29:30.447+0000] {processor.py:186} INFO - Started process (PID=1531) to work on /opt/airflow/dags/05_etl_weather_postgres.py
[2026-09-08T07:29:30.448+0000] {processor.py:914} INFO - Processing file /opt/airflow/dags/05_etl_weather_postgres.py for tasks to queue
[2026-09-08T07:29:30.451+0000] {logging_mixin.py:190} INFO - [2026-09-08T07:29:30.450+0000] {dagbag.py:588} INFO - Filling up the DagBag from /opt/airflow/dags/05_etl_weather_postgres.py
[2026-09-08T07:29:30.475+0000] {processor.py:925} INFO - DAG(s) 'etl_weather_postgres_dag' retrieved from /opt/airflow/dags/05_etl_weather_postgres.py
[2026-09-08T07:29:30.510+0000] {logging_mixin.py:190} INFO - [2026-09-08T07:29:30.510+0000] {dag.py:3239} INFO - Sync 1 DAGs
[2026-09-08T07:29:30.529+0000] {logging_mixin.py:190} INFO - [2026-09-08T07:29:30.529+0000] {dag.py:4180} INFO - Setting next_dagrun for etl_weather_postgres_dag to None, run_after=None
[2026-09-08T07:29:30.550+0000] {processor.py:208} INFO - Processing /opt/airflow/dags/05_etl_weather_postgres.py took 0.111 seconds
[2026-09-08T07:30:00.667+0000] {processor.py:186} INFO - Started process (PID=1545) to work on /opt/airflow/dags/05_etl_weather_postgres.py
[2026-09-08T07:30:00.668+0000] {processor.py:914} INFO - Processing file /opt/airflow/dags/05_etl_weather_postgres.py for tasks to queue
[2026-09-08T07:30:00.671+0000] {logging_mixin.py:190} INFO - [2026-09-08T07:30:00.670+0000] {dagbag.py:588} INFO - Filling up the DagBag from /opt/airflow/dags/05_etl_weather_postgres.py
[2026-09-08T07:30:00.701+0000] {processor.py:925} INFO - DAG(s) 'etl_weather_postgres_dag' retrieved from /opt/airflow/dags/05_etl_weather_postgres.py
[2026-09-08T07:30:00.743+0000] {logging_mixin.py:190} INFO - [2026-09-08T07:30:00.742+0000] {dag.py:3239} INFO - Sync 1 DAGs
[2026-09-08T07:30:00.767+0000] {logging_mixin.py:190} INFO - [2026-09-08T07:30:00.767+0000] {dag.py:4180} INFO - Setting next_dagrun for etl_weather_postgres_dag to None, run_after=None
[2026-09-08T07:30:00.791+0000] {processor.py:208} INFO - Processing /opt/airflow/dags/05_etl_weather_postgres.py took 0.134 seconds
[2026-09-08T07:30:30.907+0000] {processor.py:186} INFO - Started process (PID=1559) to work on /opt/airflow/dags/05_etl_weather_postgres.py
[2026-09-08T07:30:30.909+0000] {processor.py:914} INFO - Processing file /opt/airflow/dags/05_etl_weather_postgres.py for tasks to queue
[2026-09-08T07:30:30.911+0000] {logging_mixin.py:190} INFO - [2026-09-08T07:30:30.910+0000] {dagbag.py:588} INFO - Filling up the DagBag from /opt/airflow/dags/05_etl_weather_postgres.py
[2026-09-08T07:30:30.933+0000] {processor.py:925} INFO - DAG(s) 'etl_weather_postgres_dag' retrieved from /opt/airflow/dags/05_etl_weather_postgres.py
[2026-09-08T07:30:30.976+0000] {logging_mixin.py:190} INFO - [2026-09-08T07:30:30.976+0000] {dag.py:3239} INFO - Sync 1 DAGs
[2026-09-08T07:30:30.993+0000] {logging_mixin.py:190} INFO - [2026-09-08T07:30:30.993+0000] {dag.py:4180} INFO - Setting next_dagrun for etl_weather_postgres_dag to None, run_after=None
[2026-09-08T07:30:31.015+0000] {processor.py:208} INFO - Processing /opt/airflow/dags/05_etl_weather_postgres.py took 0.116 seconds
[2026-09-08T07:31:01.180+0000] {processor.py:186} INFO - Started process (PID=1573) to work on /opt/airflow/dags/05_etl_weather_postgres.py
[2026-09-08T07:31:01.182+0000] {processor.py:914} INFO - Processing file /opt/airflow/dags/05_etl_weather_postgres.py for tasks to queue
[2026-09-08T07:31:01.183+0000] {logging_mixin.py:190} INFO - [2026-09-08T07:31:01.183+0000] {dagbag.py:588} INFO - Filling up the DagBag from /opt/airflow/dags/05_etl_weather_postgres.py
[2026-09-08T07:31:01.210+0000] {processor.py:925} INFO - DAG(s) 'etl_weather_postgres_dag' retrieved from /opt/airflow/dags/05_etl_weather_postgres.py
[2026-09-08T07:31:01.251+0000] {logging_mixin.py:190} INFO - [2026-09-08T07:31:01.250+0000] {dag.py:3239} INFO - Sync 1 DAGs
[2026-09-08T07:31:01.269+0000] {logging_mixin.py:190} INFO - [2026-09-08T07:31:01.269+0000] {dag.py:4180} INFO - Setting next_dagrun for etl_weather_postgres_dag to None, run_after=None
[2026-09-08T07:31:01.292+0000] {processor.py:208} INFO - Processing /opt/airflow/dags/05_etl_weather_postgres.py took 0.119 seconds
[2026-09-08T07:31:31.429+0000] {processor.py:186} INFO - Started process (PID=1587) to work on /opt/airflow/dags/05_etl_weather_postgres.py
[2026-09-08T07:31:31.431+0000] {processor.py:914} INFO - Processing file /opt/airflow/dags/05_etl_weather_postgres.py for tasks to queue
[2026-09-08T07:31:31.433+0000] {logging_mixin.py:190} INFO - [2026-09-08T07:31:31.432+0000] {dagbag.py:588} INFO - Filling up the DagBag from /opt/airflow/dags/05_etl_weather_postgres.py
[2026-09-08T07:31:31.457+0000] {processor.py:925} INFO - DAG(s) 'etl_weather_postgres_dag' retrieved from /opt/airflow/dags/05_etl_weather_postgres.py
[2026-09-08T07:31:31.498+0000] {logging_mixin.py:190} INFO - [2026-09-08T07:31:31.498+0000] {dag.py:3239} INFO - Sync 1 DAGs
[2026-09-08T07:31:31.528+0000] {logging_mixin.py:190} INFO - [2026-09-08T07:31:31.527+0000] {dag.py:4180} INFO - Setting next_dagrun for etl_weather_postgres_dag to None, run_after=None
[2026-09-08T07:31:31.573+0000] {processor.py:208} INFO - Processing /opt/airflow/dags/05_etl_weather_postgres.py took 0.151 seconds
[2026-09-08T07:32:01.664+0000] {processor.py:186} INFO - Started process (PID=1601) to work on /opt/airflow/dags/05_etl_weather_postgres.py
[2026-09-08T07:32:01.665+0000] {processor.py:914} INFO - Processing file /opt/airflow/dags/05_etl_weather_postgres.py for tasks to queue
[2026-09-08T07:32:01.667+0000] {logging_mixin.py:190} INFO - [2026-09-08T07:32:01.666+0000] {dagbag.py:588} INFO - Filling up the DagBag from /opt/airflow/dags/05_etl_weather_postgres.py
[2026-09-08T07:32:01.690+0000] {processor.py:925} INFO - DAG(s) 'etl_weather_postgres_dag' retrieved from /opt/airflow/dags/05_etl_weather_postgres.py
[2026-09-08T07:32:01.737+0000] {logging_mixin.py:190} INFO - [2026-09-08T07:32:01.737+0000] {dag.py:3239} INFO - Sync 1 DAGs
[2026-09-08T07:32:01.760+0000] {logging_mixin.py:190} INFO - [2026-09-08T07:32:01.760+0000] {dag.py:4180} INFO - Setting next_dagrun for etl_weather_postgres_dag to None, run_after=None
[2026-09-08T07:32:01.783+0000] {processor.py:208} INFO - Processing /opt/airflow/dags/05_etl_weather_postgres.py took 0.127 seconds
[2026-09-08T07:32:31.908+0000] {processor.py:186} INFO - Started process (PID=1615) to work on /opt/airflow/dags/05_etl_weather_postgres.py
[2026-09-08T07:32:31.909+0000] {processor.py:914} INFO - Processing file /opt/airflow/dags/05_etl_weather_postgres.py for tasks to queue
[2026-09-08T07:32:31.911+0000] {logging_mixin.py:190} INFO - [2026-09-08T07:32:31.911+0000] {dagbag.py:588} INFO - Filling up the DagBag from /opt/airflow/dags/05_etl_weather_postgres.py
[2026-09-08T07:32:31.941+0000] {processor.py:925} INFO - DAG(s) 'etl_weather_postgres_dag' retrieved from /opt/airflow/dags/05_etl_weather_postgres.py
[2026-09-08T07:32:31.995+0000] {logging_mixin.py:190} INFO - [2026-09-08T07:32:31.995+0000] {dag.py:3239} INFO - Sync 1 DAGs
[2026-09-08T07:32:32.017+0000] {logging_mixin.py:190} INFO - [2026-09-08T07:32:32.017+0000] {dag.py:4180} INFO - Setting next_dagrun for etl_weather_postgres_dag to None, run_after=None
[2026-09-08T07:32:32.041+0000] {processor.py:208} INFO - Processing /opt/airflow/dags/05_etl_weather_postgres.py took 0.145 seconds
[2026-09-08T07:33:02.194+0000] {processor.py:186} INFO - Started process (PID=1629) to work on /opt/airflow/dags/05_etl_weather_postgres.py
[2026-09-08T07:33:02.195+0000] {processor.py:914} INFO - Processing file /opt/airflow/dags/05_etl_weather_postgres.py for tasks to queue
[2026-09-08T07:33:02.197+0000] {logging_mixin.py:190} INFO - [2026-09-08T07:33:02.196+0000] {dagbag.py:588} INFO - Filling up the DagBag from /opt/airflow/dags/05_etl_weather_postgres.py
[2026-09-08T07:33:02.220+0000] {processor.py:925} INFO - DAG(s) 'etl_weather_postgres_dag' retrieved from /opt/airflow/dags/05_etl_weather_postgres.py
[2026-09-08T07:33:02.257+0000] {logging_mixin.py:190} INFO - [2026-09-08T07:33:02.256+0000] {dag.py:3239} INFO - Sync 1 DAGs
[2026-09-08T07:33:02.274+0000] {logging_mixin.py:190} INFO - [2026-09-08T07:33:02.274+0000] {dag.py:4180} INFO - Setting next_dagrun for etl_weather_postgres_dag to None, run_after=None
[2026-09-08T07:33:02.297+0000] {processor.py:208} INFO - Processing /opt/airflow/dags/05_etl_weather_postgres.py took 0.111 seconds
[2026-09-08T07:33:32.472+0000] {processor.py:186} INFO - Started process (PID=1643) to work on /opt/airflow/dags/05_etl_weather_postgres.py
[2026-09-08T07:33:32.473+0000] {processor.py:914} INFO - Processing file /opt/airflow/dags/05_etl_weather_postgres.py for tasks to queue
[2026-09-08T07:33:32.475+0000] {logging_mixin.py:190} INFO - [2026-09-08T07:33:32.475+0000] {dagbag.py:588} INFO - Filling up the DagBag from /opt/airflow/dags/05_etl_weather_postgres.py
[2026-09-08T07:33:32.501+0000] {processor.py:925} INFO - DAG(s) 'etl_weather_postgres_dag' retrieved from /opt/airflow/dags/05_etl_weather_postgres.py
[2026-09-08T07:33:32.543+0000] {logging_mixin.py:190} INFO - [2026-09-08T07:33:32.542+0000] {dag.py:3239} INFO - Sync 1 DAGs
[2026-09-08T07:33:32.563+0000] {logging_mixin.py:190} INFO - [2026-09-08T07:33:32.563+0000] {dag.py:4180} INFO - Setting next_dagrun for etl_weather_postgres_dag to None, run_after=None
[2026-09-08T07:33:32.589+0000] {processor.py:208} INFO - Processing /opt/airflow/dags/05_etl_weather_postgres.py took 0.126 seconds
[2026-09-08T07:34:02.713+0000] {processor.py:186} INFO - Started process (PID=1657) to work on /opt/airflow/dags/05_etl_weather_postgres.py
[2026-09-08T07:34:02.714+0000] {processor.py:914} INFO - Processing file /opt/airflow/dags/05_etl_weather_postgres.py for tasks to queue
[2026-09-08T07:34:02.717+0000] {logging_mixin.py:190} INFO - [2026-09-08T07:34:02.716+0000] {dagbag.py:588} INFO - Filling up the DagBag from /opt/airflow/dags/05_etl_weather_postgres.py
[2026-09-08T07:34:02.746+0000] {processor.py:925} INFO - DAG(s) 'etl_weather_postgres_dag' retrieved from /opt/airflow/dags/05_etl_weather_postgres.py
[2026-09-08T07:34:02.788+0000] {logging_mixin.py:190} INFO - [2026-09-08T07:34:02.788+0000] {dag.py:3239} INFO - Sync 1 DAGs
[2026-09-08T07:34:02.810+0000] {logging_mixin.py:190} INFO - [2026-09-08T07:34:02.810+0000] {dag.py:4180} INFO - Setting next_dagrun for etl_weather_postgres_dag to None, run_after=None
[2026-09-08T07:34:02.835+0000] {processor.py:208} INFO - Processing /opt/airflow/dags/05_etl_weather_postgres.py took 0.132 seconds
[2026-09-08T07:34:33.028+0000] {processor.py:186} INFO - Started process (PID=1672) to work on /opt/airflow/dags/05_etl_weather_postgres.py
[2026-09-08T07:34:33.029+0000] {processor.py:914} INFO - Processing file /opt/airflow/dags/05_etl_weather_postgres.py for tasks to queue
[2026-09-08T07:34:33.030+0000] {logging_mixin.py:190} INFO - [2026-09-08T07:34:33.030+0000] {dagbag.py:588} INFO - Filling up the DagBag from /opt/airflow/dags/05_etl_weather_postgres.py
[2026-09-08T07:34:33.052+0000] {processor.py:925} INFO - DAG(s) 'etl_weather_postgres_dag' retrieved from /opt/airflow/dags/05_etl_weather_postgres.py
[2026-09-08T07:34:33.087+0000] {logging_mixin.py:190} INFO - [2026-09-08T07:34:33.087+0000] {dag.py:3239} INFO - Sync 1 DAGs
[2026-09-08T07:34:33.103+0000] {logging_mixin.py:190} INFO - [2026-09-08T07:34:33.103+0000] {dag.py:4180} INFO - Setting next_dagrun for etl_weather_postgres_dag to None, run_after=None
[2026-09-08T07:34:33.124+0000] {processor.py:208} INFO - Processing /opt/airflow/dags/05_etl_weather_postgres.py took 0.103 seconds
[2026-09-08T07:35:03.217+0000] {processor.py:186} INFO - Started process (PID=1685) to work on /opt/airflow/dags/05_etl_weather_postgres.py
[2026-09-08T07:35:03.218+0000] {processor.py:914} INFO - Processing file /opt/airflow/dags/05_etl_weather_postgres.py for tasks to queue
[2026-09-08T07:35:03.220+0000] {logging_mixin.py:190} INFO - [2026-09-08T07:35:03.219+0000] {dagbag.py:588} INFO - Filling up the DagBag from /opt/airflow/dags/05_etl_weather_postgres.py
[2026-09-08T07:35:03.247+0000] {processor.py:925} INFO - DAG(s) 'etl_weather_postgres_dag' retrieved from /opt/airflow/dags/05_etl_weather_postgres.py
[2026-09-08T07:35:03.291+0000] {logging_mixin.py:190} INFO - [2026-09-08T07:35:03.290+0000] {dag.py:3239} INFO - Sync 1 DAGs
[2026-09-08T07:35:03.312+0000] {logging_mixin.py:190} INFO - [2026-09-08T07:35:03.312+0000] {dag.py:4180} INFO - Setting next_dagrun for etl_weather_postgres_dag to None, run_after=None
[2026-09-08T07:35:03.338+0000] {processor.py:208} INFO - Processing /opt/airflow/dags/05_etl_weather_postgres.py took 0.129 seconds
[2026-09-08T07:35:34.022+0000] {processor.py:186} INFO - Started process (PID=1699) to work on /opt/airflow/dags/05_etl_weather_postgres.py
[2026-09-08T07:35:34.023+0000] {processor.py:914} INFO - Processing file /opt/airflow/dags/05_etl_weather_postgres.py for tasks to queue
[2026-09-08T07:35:34.025+0000] {logging_mixin.py:190} INFO - [2026-09-08T07:35:34.024+0000] {dagbag.py:588} INFO - Filling up the DagBag from /opt/airflow/dags/05_etl_weather_postgres.py
[2026-09-08T07:35:34.048+0000] {processor.py:925} INFO - DAG(s) 'etl_weather_postgres_dag' retrieved from /opt/airflow/dags/05_etl_weather_postgres.py
[2026-09-08T07:35:34.095+0000] {logging_mixin.py:190} INFO - [2026-09-08T07:35:34.095+0000] {dag.py:3239} INFO - Sync 1 DAGs
[2026-09-08T07:35:34.120+0000] {logging_mixin.py:190} INFO - [2026-09-08T07:35:34.120+0000] {dag.py:4180} INFO - Setting next_dagrun for etl_weather_postgres_dag to None, run_after=None
[2026-09-08T07:35:34.153+0000] {processor.py:208} INFO - Processing /opt/airflow/dags/05_etl_weather_postgres.py took 0.139 seconds
[2026-09-08T07:36:04.210+0000] {processor.py:186} INFO - Started process (PID=1713) to work on /opt/airflow/dags/05_etl_weather_postgres.py
[2026-09-08T07:36:04.211+0000] {processor.py:914} INFO - Processing file /opt/airflow/dags/05_etl_weather_postgres.py for tasks to queue
[2026-09-08T07:36:04.213+0000] {logging_mixin.py:190} INFO - [2026-09-08T07:36:04.213+0000] {dagbag.py:588} INFO - Filling up the DagBag from /opt/airflow/dags/05_etl_weather_postgres.py
[2026-09-08T07:36:04.240+0000] {processor.py:925} INFO - DAG(s) 'etl_weather_postgres_dag' retrieved from /opt/airflow/dags/05_etl_weather_postgres.py
[2026-09-08T07:36:04.277+0000] {logging_mixin.py:190} INFO - [2026-09-08T07:36:04.277+0000] {dag.py:3239} INFO - Sync 1 DAGs
[2026-09-08T07:36:04.293+0000] {logging_mixin.py:190} INFO - [2026-09-08T07:36:04.292+0000] {dag.py:4180} INFO - Setting next_dagrun for etl_weather_postgres_dag to None, run_after=None
[2026-09-08T07:36:04.315+0000] {processor.py:208} INFO - Processing /opt/airflow/dags/05_etl_weather_postgres.py took 0.113 seconds
[2026-09-08T07:36:34.555+0000] {processor.py:186} INFO - Started process (PID=1727) to work on /opt/airflow/dags/05_etl_weather_postgres.py
[2026-09-08T07:36:34.556+0000] {processor.py:914} INFO - Processing file /opt/airflow/dags/05_etl_weather_postgres.py for tasks to queue
[2026-09-08T07:36:34.558+0000] {logging_mixin.py:190} INFO - [2026-09-08T07:36:34.558+0000] {dagbag.py:588} INFO - Filling up the DagBag from /opt/airflow/dags/05_etl_weather_postgres.py
[2026-09-08T07:36:34.584+0000] {processor.py:925} INFO - DAG(s) 'etl_weather_postgres_dag' retrieved from /opt/airflow/dags/05_etl_weather_postgres.py
[2026-09-08T07:36:34.633+0000] {logging_mixin.py:190} INFO - [2026-09-08T07:36:34.633+0000] {dag.py:3239} INFO - Sync 1 DAGs
[2026-09-08T07:36:34.658+0000] {logging_mixin.py:190} INFO - [2026-09-08T07:36:34.658+0000] {dag.py:4180} INFO - Setting next_dagrun for etl_weather_postgres_dag to None, run_after=None
[2026-09-08T07:36:34.685+0000] {processor.py:208} INFO - Processing /opt/airflow/dags/05_etl_weather_postgres.py took 0.138 seconds
[2026-09-08T07:37:05.250+0000] {processor.py:186} INFO - Started process (PID=1741) to work on /opt/airflow/dags/05_etl_weather_postgres.py
[2026-09-08T07:37:05.251+0000] {processor.py:914} INFO - Processing file /opt/airflow/dags/05_etl_weather_postgres.py for tasks to queue
[2026-09-08T07:37:05.252+0000] {logging_mixin.py:190} INFO - [2026-09-08T07:37:05.252+0000] {dagbag.py:588} INFO - Filling up the DagBag from /opt/airflow/dags/05_etl_weather_postgres.py
[2026-09-08T07:37:05.275+0000] {processor.py:925} INFO - DAG(s) 'etl_weather_postgres_dag' retrieved from /opt/airflow/dags/05_etl_weather_postgres.py
[2026-09-08T07:37:05.313+0000] {logging_mixin.py:190} INFO - [2026-09-08T07:37:05.312+0000] {dag.py:3239} INFO - Sync 1 DAGs
[2026-09-08T07:37:05.329+0000] {logging_mixin.py:190} INFO - [2026-09-08T07:37:05.329+0000] {dag.py:4180} INFO - Setting next_dagrun for etl_weather_postgres_dag to None, run_after=None
[2026-09-08T07:37:05.352+0000] {processor.py:208} INFO - Processing /opt/airflow/dags/05_etl_weather_postgres.py took 0.110 seconds
[2026-09-08T07:37:35.399+0000] {processor.py:186} INFO - Started process (PID=1755) to work on /opt/airflow/dags/05_etl_weather_postgres.py
[2026-09-08T07:37:35.400+0000] {processor.py:914} INFO - Processing file /opt/airflow/dags/05_etl_weather_postgres.py for tasks to queue
[2026-09-08T07:37:35.402+0000] {logging_mixin.py:190} INFO - [2026-09-08T07:37:35.402+0000] {dagbag.py:588} INFO - Filling up the DagBag from /opt/airflow/dags/05_etl_weather_postgres.py
[2026-09-08T07:37:35.425+0000] {processor.py:925} INFO - DAG(s) 'etl_weather_postgres_dag' retrieved from /opt/airflow/dags/05_etl_weather_postgres.py
[2026-09-08T07:37:35.461+0000] {logging_mixin.py:190} INFO - [2026-09-08T07:37:35.460+0000] {dag.py:3239} INFO - Sync 1 DAGs
[2026-09-08T07:37:35.477+0000] {logging_mixin.py:190} INFO - [2026-09-08T07:37:35.477+0000] {dag.py:4180} INFO - Setting next_dagrun for etl_weather_postgres_dag to None, run_after=None
[2026-09-08T07:37:35.498+0000] {processor.py:208} INFO - Processing /opt/airflow/dags/05_etl_weather_postgres.py took 0.106 seconds
[2026-09-08T07:38:05.871+0000] {processor.py:186} INFO - Started process (PID=1769) to work on /opt/airflow/dags/05_etl_weather_postgres.py
[2026-09-08T07:38:05.872+0000] {processor.py:914} INFO - Processing file /opt/airflow/dags/05_etl_weather_postgres.py for tasks to queue
[2026-09-08T07:38:05.874+0000] {logging_mixin.py:190} INFO - [2026-09-08T07:38:05.874+0000] {dagbag.py:588} INFO - Filling up the DagBag from /opt/airflow/dags/05_etl_weather_postgres.py
[2026-09-08T07:38:05.896+0000] {processor.py:925} INFO - DAG(s) 'etl_weather_postgres_dag' retrieved from /opt/airflow/dags/05_etl_weather_postgres.py
[2026-09-08T07:38:05.939+0000] {logging_mixin.py:190} INFO - [2026-09-08T07:38:05.938+0000] {dag.py:3239} INFO - Sync 1 DAGs
[2026-09-08T07:38:05.956+0000] {logging_mixin.py:190} INFO - [2026-09-08T07:38:05.956+0000] {dag.py:4180} INFO - Setting next_dagrun for etl_weather_postgres_dag to None, run_after=None
[2026-09-08T07:38:05.980+0000] {processor.py:208} INFO - Processing /opt/airflow/dags/05_etl_weather_postgres.py took 0.117 seconds
[2026-09-08T07:38:36.644+0000] {processor.py:186} INFO - Started process (PID=1783) to work on /opt/airflow/dags/05_etl_weather_postgres.py
[2026-09-08T07:38:36.645+0000] {processor.py:914} INFO - Processing file /opt/airflow/dags/05_etl_weather_postgres.py for tasks to queue
[2026-09-08T07:38:36.647+0000] {logging_mixin.py:190} INFO - [2026-09-08T07:38:36.647+0000] {dagbag.py:588} INFO - Filling up the DagBag from /opt/airflow/dags/05_etl_weather_postgres.py
[2026-09-08T07:38:36.670+0000] {processor.py:925} INFO - DAG(s) 'etl_weather_postgres_dag' retrieved from /opt/airflow/dags/05_etl_weather_postgres.py
[2026-09-08T07:38:36.708+0000] {logging_mixin.py:190} INFO - [2026-09-08T07:38:36.707+0000] {dag.py:3239} INFO - Sync 1 DAGs
[2026-09-08T07:38:36.737+0000] {logging_mixin.py:190} INFO - [2026-09-08T07:38:36.737+0000] {dag.py:4180} INFO - Setting next_dagrun for etl_weather_postgres_dag to None, run_after=None
[2026-09-08T07:38:36.777+0000] {processor.py:208} INFO - Processing /opt/airflow/dags/05_etl_weather_postgres.py took 0.140 seconds
[2026-09-08T07:39:06.944+0000] {processor.py:186} INFO - Started process (PID=1797) to work on /opt/airflow/dags/05_etl_weather_postgres.py
[2026-09-08T07:39:06.945+0000] {processor.py:914} INFO - Processing file /opt/airflow/dags/05_etl_weather_postgres.py for tasks to queue
[2026-09-08T07:39:06.947+0000] {logging_mixin.py:190} INFO - [2026-09-08T07:39:06.947+0000] {dagbag.py:588} INFO - Filling up the DagBag from /opt/airflow/dags/05_etl_weather_postgres.py
[2026-09-08T07:39:06.973+0000] {processor.py:925} INFO - DAG(s) 'etl_weather_postgres_dag' retrieved from /opt/airflow/dags/05_etl_weather_postgres.py
[2026-09-08T07:39:07.017+0000] {logging_mixin.py:190} INFO - [2026-09-08T07:39:07.016+0000] {dag.py:3239} INFO - Sync 1 DAGs
[2026-09-08T07:39:07.036+0000] {logging_mixin.py:190} INFO - [2026-09-08T07:39:07.036+0000] {dag.py:4180} INFO - Setting next_dagrun for etl_weather_postgres_dag to None, run_after=None
[2026-09-08T07:39:07.061+0000] {processor.py:208} INFO - Processing /opt/airflow/dags/05_etl_weather_postgres.py took 0.126 seconds
[2026-09-08T07:39:37.132+0000] {processor.py:186} INFO - Started process (PID=1811) to work on /opt/airflow/dags/05_etl_weather_postgres.py
[2026-09-08T07:39:37.133+0000] {processor.py:914} INFO - Processing file /opt/airflow/dags/05_etl_weather_postgres.py for tasks to queue
[2026-09-08T07:39:37.135+0000] {logging_mixin.py:190} INFO - [2026-09-08T07:39:37.135+0000] {dagbag.py:588} INFO - Filling up the DagBag from /opt/airflow/dags/05_etl_weather_postgres.py
[2026-09-08T07:39:37.162+0000] {processor.py:925} INFO - DAG(s) 'etl_weather_postgres_dag' retrieved from /opt/airflow/dags/05_etl_weather_postgres.py
[2026-09-08T07:39:37.200+0000] {logging_mixin.py:190} INFO - [2026-09-08T07:39:37.200+0000] {dag.py:3239} INFO - Sync 1 DAGs
[2026-09-08T07:39:37.217+0000] {logging_mixin.py:190} INFO - [2026-09-08T07:39:37.217+0000] {dag.py:4180} INFO - Setting next_dagrun for etl_weather_postgres_dag to None, run_after=None
[2026-09-08T07:39:37.238+0000] {processor.py:208} INFO - Processing /opt/airflow/dags/05_etl_weather_postgres.py took 0.115 seconds
[2026-09-08T07:40:07.917+0000] {processor.py:186} INFO - Started process (PID=1825) to work on /opt/airflow/dags/05_etl_weather_postgres.py
[2026-09-08T07:40:07.919+0000] {processor.py:914} INFO - Processing file /opt/airflow/dags/05_etl_weather_postgres.py for tasks to queue
[2026-09-08T07:40:07.922+0000] {logging_mixin.py:190} INFO - [2026-09-08T07:40:07.921+0000] {dagbag.py:588} INFO - Filling up the DagBag from /opt/airflow/dags/05_etl_weather_postgres.py
[2026-09-08T07:40:07.952+0000] {processor.py:925} INFO - DAG(s) 'etl_weather_postgres_dag' retrieved from /opt/airflow/dags/05_etl_weather_postgres.py
[2026-09-08T07:40:08.001+0000] {logging_mixin.py:190} INFO - [2026-09-08T07:40:08.001+0000] {dag.py:3239} INFO - Sync 1 DAGs
[2026-09-08T07:40:08.038+0000] {logging_mixin.py:190} INFO - [2026-09-08T07:40:08.037+0000] {dag.py:4180} INFO - Setting next_dagrun for etl_weather_postgres_dag to None, run_after=None
[2026-09-08T07:40:08.075+0000] {processor.py:208} INFO - Processing /opt/airflow/dags/05_etl_weather_postgres.py took 0.172 seconds
[2026-09-08T07:40:38.205+0000] {processor.py:186} INFO - Started process (PID=1839) to work on /opt/airflow/dags/05_etl_weather_postgres.py
[2026-09-08T07:40:38.207+0000] {processor.py:914} INFO - Processing file /opt/airflow/dags/05_etl_weather_postgres.py for tasks to queue
[2026-09-08T07:40:38.212+0000] {logging_mixin.py:190} INFO - [2026-09-08T07:40:38.211+0000] {dagbag.py:588} INFO - Filling up the DagBag from /opt/airflow/dags/05_etl_weather_postgres.py
[2026-09-08T07:40:38.258+0000] {processor.py:925} INFO - DAG(s) 'etl_weather_postgres_dag' retrieved from /opt/airflow/dags/05_etl_weather_postgres.py
[2026-09-08T07:40:38.339+0000] {logging_mixin.py:190} INFO - [2026-09-08T07:40:38.338+0000] {dag.py:3239} INFO - Sync 1 DAGs
[2026-09-08T07:40:38.384+0000] {logging_mixin.py:190} INFO - [2026-09-08T07:40:38.383+0000] {dag.py:4180} INFO - Setting next_dagrun for etl_weather_postgres_dag to None, run_after=None
[2026-09-08T07:40:38.422+0000] {processor.py:208} INFO - Processing /opt/airflow/dags/05_etl_weather_postgres.py took 0.234 seconds
[2026-09-08T07:41:08.565+0000] {processor.py:186} INFO - Started process (PID=1853) to work on /opt/airflow/dags/05_etl_weather_postgres.py
[2026-09-08T07:41:08.566+0000] {processor.py:914} INFO - Processing file /opt/airflow/dags/05_etl_weather_postgres.py for tasks to queue
[2026-09-08T07:41:08.568+0000] {logging_mixin.py:190} INFO - [2026-09-08T07:41:08.568+0000] {dagbag.py:588} INFO - Filling up the DagBag from /opt/airflow/dags/05_etl_weather_postgres.py
[2026-09-08T07:41:08.593+0000] {processor.py:925} INFO - DAG(s) 'etl_weather_postgres_dag' retrieved from /opt/airflow/dags/05_etl_weather_postgres.py
[2026-09-08T07:41:08.633+0000] {logging_mixin.py:190} INFO - [2026-09-08T07:41:08.633+0000] {dag.py:3239} INFO - Sync 1 DAGs
[2026-09-08T07:41:08.652+0000] {logging_mixin.py:190} INFO - [2026-09-08T07:41:08.652+0000] {dag.py:4180} INFO - Setting next_dagrun for etl_weather_postgres_dag to None, run_after=None
[2026-09-08T07:41:08.675+0000] {processor.py:208} INFO - Processing /opt/airflow/dags/05_etl_weather_postgres.py took 0.117 seconds
[2026-09-08T07:41:39.501+0000] {processor.py:186} INFO - Started process (PID=1867) to work on /opt/airflow/dags/05_etl_weather_postgres.py
[2026-09-08T07:41:39.502+0000] {processor.py:914} INFO - Processing file /opt/airflow/dags/05_etl_weather_postgres.py for tasks to queue
[2026-09-08T07:41:39.504+0000] {logging_mixin.py:190} INFO - [2026-09-08T07:41:39.504+0000] {dagbag.py:588} INFO - Filling up the DagBag from /opt/airflow/dags/05_etl_weather_postgres.py
[2026-09-08T07:41:39.535+0000] {processor.py:925} INFO - DAG(s) 'etl_weather_postgres_dag' retrieved from /opt/airflow/dags/05_etl_weather_postgres.py
[2026-09-08T07:41:39.576+0000] {logging_mixin.py:190} INFO - [2026-09-08T07:41:39.575+0000] {dag.py:3239} INFO - Sync 1 DAGs
[2026-09-08T07:41:39.595+0000] {logging_mixin.py:190} INFO - [2026-09-08T07:41:39.595+0000] {dag.py:4180} INFO - Setting next_dagrun for etl_weather_postgres_dag to None, run_after=None
[2026-09-08T07:41:39.618+0000] {processor.py:208} INFO - Processing /opt/airflow/dags/05_etl_weather_postgres.py took 0.125 seconds
[2026-09-08T07:42:09.887+0000] {processor.py:186} INFO - Started process (PID=1881) to work on /opt/airflow/dags/05_etl_weather_postgres.py
[2026-09-08T07:42:09.888+0000] {processor.py:914} INFO - Processing file /opt/airflow/dags/05_etl_weather_postgres.py for tasks to queue
[2026-09-08T07:42:09.891+0000] {logging_mixin.py:190} INFO - [2026-09-08T07:42:09.890+0000] {dagbag.py:588} INFO - Filling up the DagBag from /opt/airflow/dags/05_etl_weather_postgres.py
[2026-09-08T07:42:09.917+0000] {processor.py:925} INFO - DAG(s) 'etl_weather_postgres_dag' retrieved from /opt/airflow/dags/05_etl_weather_postgres.py
[2026-09-08T07:42:09.960+0000] {logging_mixin.py:190} INFO - [2026-09-08T07:42:09.960+0000] {dag.py:3239} INFO - Sync 1 DAGs
[2026-09-08T07:42:09.983+0000] {logging_mixin.py:190} INFO - [2026-09-08T07:42:09.982+0000] {dag.py:4180} INFO - Setting next_dagrun for etl_weather_postgres_dag to None, run_after=None
[2026-09-08T07:42:10.009+0000] {processor.py:208} INFO - Processing /opt/airflow/dags/05_etl_weather_postgres.py took 0.132 seconds
[2026-09-08T07:42:40.148+0000] {processor.py:186} INFO - Started process (PID=1895) to work on /opt/airflow/dags/05_etl_weather_postgres.py
[2026-09-08T07:42:40.149+0000] {processor.py:914} INFO - Processing file /opt/airflow/dags/05_etl_weather_postgres.py for tasks to queue
[2026-09-08T07:42:40.151+0000] {logging_mixin.py:190} INFO - [2026-09-08T07:42:40.151+0000] {dagbag.py:588} INFO - Filling up the DagBag from /opt/airflow/dags/05_etl_weather_postgres.py
[2026-09-08T07:42:40.198+0000] {processor.py:925} INFO - DAG(s) 'etl_weather_postgres_dag' retrieved from /opt/airflow/dags/05_etl_weather_postgres.py
[2026-09-08T07:42:40.248+0000] {logging_mixin.py:190} INFO - [2026-09-08T07:42:40.248+0000] {dag.py:3239} INFO - Sync 1 DAGs
[2026-09-08T07:42:40.272+0000] {logging_mixin.py:190} INFO - [2026-09-08T07:42:40.272+0000] {dag.py:4180} INFO - Setting next_dagrun for etl_weather_postgres_dag to None, run_after=None
[2026-09-08T07:42:40.301+0000] {processor.py:208} INFO - Processing /opt/airflow/dags/05_etl_weather_postgres.py took 0.160 seconds
[2026-09-08T07:43:11.002+0000] {processor.py:186} INFO - Started process (PID=1908) to work on /opt/airflow/dags/05_etl_weather_postgres.py
[2026-09-08T07:43:11.003+0000] {processor.py:914} INFO - Processing file /opt/airflow/dags/05_etl_weather_postgres.py for tasks to queue
[2026-09-08T07:43:11.005+0000] {logging_mixin.py:190} INFO - [2026-09-08T07:43:11.005+0000] {dagbag.py:588} INFO - Filling up the DagBag from /opt/airflow/dags/05_etl_weather_postgres.py
[2026-09-08T07:43:11.029+0000] {processor.py:925} INFO - DAG(s) 'etl_weather_postgres_dag' retrieved from /opt/airflow/dags/05_etl_weather_postgres.py
[2026-09-08T07:43:11.073+0000] {logging_mixin.py:190} INFO - [2026-09-08T07:43:11.073+0000] {dag.py:3239} INFO - Sync 1 DAGs
[2026-09-08T07:43:11.099+0000] {logging_mixin.py:190} INFO - [2026-09-08T07:43:11.099+0000] {dag.py:4180} INFO - Setting next_dagrun for etl_weather_postgres_dag to None, run_after=None
[2026-09-08T07:43:11.122+0000] {processor.py:208} INFO - Processing /opt/airflow/dags/05_etl_weather_postgres.py took 0.126 seconds
[2026-09-08T07:43:42.124+0000] {processor.py:186} INFO - Started process (PID=1922) to work on /opt/airflow/dags/05_etl_weather_postgres.py
[2026-09-08T07:43:42.125+0000] {processor.py:914} INFO - Processing file /opt/airflow/dags/05_etl_weather_postgres.py for tasks to queue
[2026-09-08T07:43:42.128+0000] {logging_mixin.py:190} INFO - [2026-09-08T07:43:42.127+0000] {dagbag.py:588} INFO - Filling up the DagBag from /opt/airflow/dags/05_etl_weather_postgres.py
[2026-09-08T07:43:42.154+0000] {processor.py:925} INFO - DAG(s) 'etl_weather_postgres_dag' retrieved from /opt/airflow/dags/05_etl_weather_postgres.py
[2026-09-08T07:43:42.198+0000] {logging_mixin.py:190} INFO - [2026-09-08T07:43:42.197+0000] {dag.py:3239} INFO - Sync 1 DAGs
[2026-09-08T07:43:42.216+0000] {logging_mixin.py:190} INFO - [2026-09-08T07:43:42.216+0000] {dag.py:4180} INFO - Setting next_dagrun for etl_weather_postgres_dag to None, run_after=None
[2026-09-08T07:43:42.243+0000] {processor.py:208} INFO - Processing /opt/airflow/dags/05_etl_weather_postgres.py took 0.126 seconds
[2026-09-08T07:44:13.132+0000] {processor.py:186} INFO - Started process (PID=1936) to work on /opt/airflow/dags/05_etl_weather_postgres.py
[2026-09-08T07:44:13.133+0000] {processor.py:914} INFO - Processing file /opt/airflow/dags/05_etl_weather_postgres.py for tasks to queue
[2026-09-08T07:44:13.135+0000] {logging_mixin.py:190} INFO - [2026-09-08T07:44:13.134+0000] {dagbag.py:588} INFO - Filling up the DagBag from /opt/airflow/dags/05_etl_weather_postgres.py
[2026-09-08T07:44:13.157+0000] {processor.py:925} INFO - DAG(s) 'etl_weather_postgres_dag' retrieved from /opt/airflow/dags/05_etl_weather_postgres.py
[2026-09-08T07:44:13.191+0000] {logging_mixin.py:190} INFO - [2026-09-08T07:44:13.190+0000] {dag.py:3239} INFO - Sync 1 DAGs
[2026-09-08T07:44:13.209+0000] {logging_mixin.py:190} INFO - [2026-09-08T07:44:13.209+0000] {dag.py:4180} INFO - Setting next_dagrun for etl_weather_postgres_dag to None, run_after=None
[2026-09-08T07:44:13.233+0000] {processor.py:208} INFO - Processing /opt/airflow/dags/05_etl_weather_postgres.py took 0.108 seconds
[2026-09-08T07:44:43.529+0000] {processor.py:186} INFO - Started process (PID=1949) to work on /opt/airflow/dags/05_etl_weather_postgres.py
[2026-09-08T07:44:43.531+0000] {processor.py:914} INFO - Processing file /opt/airflow/dags/05_etl_weather_postgres.py for tasks to queue
[2026-09-08T07:44:43.533+0000] {logging_mixin.py:190} INFO - [2026-09-08T07:44:43.532+0000] {dagbag.py:588} INFO - Filling up the DagBag from /opt/airflow/dags/05_etl_weather_postgres.py
[2026-09-08T07:44:43.559+0000] {processor.py:925} INFO - DAG(s) 'etl_weather_postgres_dag' retrieved from /opt/airflow/dags/05_etl_weather_postgres.py
[2026-09-08T07:44:43.604+0000] {logging_mixin.py:190} INFO - [2026-09-08T07:44:43.604+0000] {dag.py:3239} INFO - Sync 1 DAGs
[2026-09-08T07:44:43.622+0000] {logging_mixin.py:190} INFO - [2026-09-08T07:44:43.622+0000] {dag.py:4180} INFO - Setting next_dagrun for etl_weather_postgres_dag to None, run_after=None
[2026-09-08T07:44:43.646+0000] {processor.py:208} INFO - Processing /opt/airflow/dags/05_etl_weather_postgres.py took 0.124 seconds
[2026-09-08T07:45:13.882+0000] {processor.py:186} INFO - Started process (PID=1963) to work on /opt/airflow/dags/05_etl_weather_postgres.py
[2026-09-08T07:45:13.883+0000] {processor.py:914} INFO - Processing file /opt/airflow/dags/05_etl_weather_postgres.py for tasks to queue
[2026-09-08T07:45:13.885+0000] {logging_mixin.py:190} INFO - [2026-09-08T07:45:13.884+0000] {dagbag.py:588} INFO - Filling up the DagBag from /opt/airflow/dags/05_etl_weather_postgres.py
[2026-09-08T07:45:13.907+0000] {processor.py:925} INFO - DAG(s) 'etl_weather_postgres_dag' retrieved from /opt/airflow/dags/05_etl_weather_postgres.py
[2026-09-08T07:45:13.945+0000] {logging_mixin.py:190} INFO - [2026-09-08T07:45:13.945+0000] {dag.py:3239} INFO - Sync 1 DAGs
[2026-09-08T07:45:13.961+0000] {logging_mixin.py:190} INFO - [2026-09-08T07:45:13.961+0000] {dag.py:4180} INFO - Setting next_dagrun for etl_weather_postgres_dag to None, run_after=None
[2026-09-08T07:45:13.982+0000] {processor.py:208} INFO - Processing /opt/airflow/dags/05_etl_weather_postgres.py took 0.108 seconds
[2026-09-08T07:45:44.195+0000] {processor.py:186} INFO - Started process (PID=1977) to work on /opt/airflow/dags/05_etl_weather_postgres.py
[2026-09-08T07:45:44.197+0000] {processor.py:914} INFO - Processing file /opt/airflow/dags/05_etl_weather_postgres.py for tasks to queue
[2026-09-08T07:45:44.199+0000] {logging_mixin.py:190} INFO - [2026-09-08T07:45:44.199+0000] {dagbag.py:588} INFO - Filling up the DagBag from /opt/airflow/dags/05_etl_weather_postgres.py
[2026-09-08T07:45:44.225+0000] {processor.py:925} INFO - DAG(s) 'etl_weather_postgres_dag' retrieved from /opt/airflow/dags/05_etl_weather_postgres.py
[2026-09-08T07:45:44.266+0000] {logging_mixin.py:190} INFO - [2026-09-08T07:45:44.266+0000] {dag.py:3239} INFO - Sync 1 DAGs
[2026-09-08T07:45:44.283+0000] {logging_mixin.py:190} INFO - [2026-09-08T07:45:44.282+0000] {dag.py:4180} INFO - Setting next_dagrun for etl_weather_postgres_dag to None, run_after=None
[2026-09-08T07:45:44.306+0000] {processor.py:208} INFO - Processing /opt/airflow/dags/05_etl_weather_postgres.py took 0.119 seconds
[2026-09-08T07:46:14.531+0000] {processor.py:186} INFO - Started process (PID=1991) to work on /opt/airflow/dags/05_etl_weather_postgres.py
[2026-09-08T07:46:14.532+0000] {processor.py:914} INFO - Processing file /opt/airflow/dags/05_etl_weather_postgres.py for tasks to queue
[2026-09-08T07:46:14.535+0000] {logging_mixin.py:190} INFO - [2026-09-08T07:46:14.534+0000] {dagbag.py:588} INFO - Filling up the DagBag from /opt/airflow/dags/05_etl_weather_postgres.py
[2026-09-08T07:46:14.559+0000] {processor.py:925} INFO - DAG(s) 'etl_weather_postgres_dag' retrieved from /opt/airflow/dags/05_etl_weather_postgres.py
[2026-09-08T07:46:14.689+0000] {logging_mixin.py:190} INFO - [2026-09-08T07:46:14.689+0000] {dag.py:3239} INFO - Sync 1 DAGs
[2026-09-08T07:46:14.705+0000] {logging_mixin.py:190} INFO - [2026-09-08T07:46:14.705+0000] {dag.py:4180} INFO - Setting next_dagrun for etl_weather_postgres_dag to None, run_after=None
[2026-09-08T07:46:14.727+0000] {processor.py:208} INFO - Processing /opt/airflow/dags/05_etl_weather_postgres.py took 0.206 seconds
[2026-09-08T07:46:44.897+0000] {processor.py:186} INFO - Started process (PID=2005) to work on /opt/airflow/dags/05_etl_weather_postgres.py
[2026-09-08T07:46:44.898+0000] {processor.py:914} INFO - Processing file /opt/airflow/dags/05_etl_weather_postgres.py for tasks to queue
[2026-09-08T07:46:44.899+0000] {logging_mixin.py:190} INFO - [2026-09-08T07:46:44.899+0000] {dagbag.py:588} INFO - Filling up the DagBag from /opt/airflow/dags/05_etl_weather_postgres.py
[2026-09-08T07:46:44.923+0000] {processor.py:925} INFO - DAG(s) 'etl_weather_postgres_dag' retrieved from /opt/airflow/dags/05_etl_weather_postgres.py
[2026-09-08T07:46:44.971+0000] {logging_mixin.py:190} INFO - [2026-09-08T07:46:44.970+0000] {dag.py:3239} INFO - Sync 1 DAGs
[2026-09-08T07:46:45.016+0000] {logging_mixin.py:190} INFO - [2026-09-08T07:46:45.015+0000] {dag.py:4180} INFO - Setting next_dagrun for etl_weather_postgres_dag to None, run_after=None
[2026-09-08T07:46:45.055+0000] {processor.py:208} INFO - Processing /opt/airflow/dags/05_etl_weather_postgres.py took 0.166 seconds
[2026-09-08T07:47:15.257+0000] {processor.py:186} INFO - Started process (PID=2019) to work on /opt/airflow/dags/05_etl_weather_postgres.py
[2026-09-08T07:47:15.258+0000] {processor.py:914} INFO - Processing file /opt/airflow/dags/05_etl_weather_postgres.py for tasks to queue
[2026-09-08T07:47:15.260+0000] {logging_mixin.py:190} INFO - [2026-09-08T07:47:15.260+0000] {dagbag.py:588} INFO - Filling up the DagBag from /opt/airflow/dags/05_etl_weather_postgres.py
[2026-09-08T07:47:15.285+0000] {processor.py:925} INFO - DAG(s) 'etl_weather_postgres_dag' retrieved from /opt/airflow/dags/05_etl_weather_postgres.py
[2026-09-08T07:47:15.322+0000] {logging_mixin.py:190} INFO - [2026-09-08T07:47:15.321+0000] {dag.py:3239} INFO - Sync 1 DAGs
[2026-09-08T07:47:15.339+0000] {logging_mixin.py:190} INFO - [2026-09-08T07:47:15.339+0000] {dag.py:4180} INFO - Setting next_dagrun for etl_weather_postgres_dag to None, run_after=None
[2026-09-08T07:47:15.361+0000] {processor.py:208} INFO - Processing /opt/airflow/dags/05_etl_weather_postgres.py took 0.112 seconds
[2026-09-08T07:47:45.518+0000] {processor.py:186} INFO - Started process (PID=2033) to work on /opt/airflow/dags/05_etl_weather_postgres.py
[2026-09-08T07:47:45.519+0000] {processor.py:914} INFO - Processing file /opt/airflow/dags/05_etl_weather_postgres.py for tasks to queue
[2026-09-08T07:47:45.521+0000] {logging_mixin.py:190} INFO - [2026-09-08T07:47:45.521+0000] {dagbag.py:588} INFO - Filling up the DagBag from /opt/airflow/dags/05_etl_weather_postgres.py
[2026-09-08T07:47:45.552+0000] {processor.py:925} INFO - DAG(s) 'etl_weather_postgres_dag' retrieved from /opt/airflow/dags/05_etl_weather_postgres.py
[2026-09-08T07:47:45.596+0000] {logging_mixin.py:190} INFO - [2026-09-08T07:47:45.596+0000] {dag.py:3239} INFO - Sync 1 DAGs
[2026-09-08T07:47:45.617+0000] {logging_mixin.py:190} INFO - [2026-09-08T07:47:45.616+0000] {dag.py:4180} INFO - Setting next_dagrun for etl_weather_postgres_dag to None, run_after=None
[2026-09-08T07:47:45.643+0000] {processor.py:208} INFO - Processing /opt/airflow/dags/05_etl_weather_postgres.py took 0.135 seconds
[2026-09-08T07:48:15.937+0000] {processor.py:186} INFO - Started process (PID=2047) to work on /opt/airflow/dags/05_etl_weather_postgres.py
[2026-09-08T07:48:15.938+0000] {processor.py:914} INFO - Processing file /opt/airflow/dags/05_etl_weather_postgres.py for tasks to queue
[2026-09-08T07:48:15.939+0000] {logging_mixin.py:190} INFO - [2026-09-08T07:48:15.939+0000] {dagbag.py:588} INFO - Filling up the DagBag from /opt/airflow/dags/05_etl_weather_postgres.py
[2026-09-08T07:48:15.965+0000] {processor.py:925} INFO - DAG(s) 'etl_weather_postgres_dag' retrieved from /opt/airflow/dags/05_etl_weather_postgres.py
[2026-09-08T07:48:16.012+0000] {logging_mixin.py:190} INFO - [2026-09-08T07:48:16.011+0000] {dag.py:3239} INFO - Sync 1 DAGs
[2026-09-08T07:48:16.041+0000] {logging_mixin.py:190} INFO - [2026-09-08T07:48:16.041+0000] {dag.py:4180} INFO - Setting next_dagrun for etl_weather_postgres_dag to None, run_after=None
[2026-09-08T07:48:16.076+0000] {processor.py:208} INFO - Processing /opt/airflow/dags/05_etl_weather_postgres.py took 0.147 seconds
[2026-09-08T07:48:46.260+0000] {processor.py:186} INFO - Started process (PID=2061) to work on /opt/airflow/dags/05_etl_weather_postgres.py
[2026-09-08T07:48:46.261+0000] {processor.py:914} INFO - Processing file /opt/airflow/dags/05_etl_weather_postgres.py for tasks to queue
[2026-09-08T07:48:46.264+0000] {logging_mixin.py:190} INFO - [2026-09-08T07:48:46.264+0000] {dagbag.py:588} INFO - Filling up the DagBag from /opt/airflow/dags/05_etl_weather_postgres.py
[2026-09-08T07:48:46.290+0000] {processor.py:925} INFO - DAG(s) 'etl_weather_postgres_dag' retrieved from /opt/airflow/dags/05_etl_weather_postgres.py
[2026-09-08T07:48:46.330+0000] {logging_mixin.py:190} INFO - [2026-09-08T07:48:46.330+0000] {dag.py:3239} INFO - Sync 1 DAGs
[2026-09-08T07:48:46.349+0000] {logging_mixin.py:190} INFO - [2026-09-08T07:48:46.349+0000] {dag.py:4180} INFO - Setting next_dagrun for etl_weather_postgres_dag to None, run_after=None
[2026-09-08T07:48:46.376+0000] {processor.py:208} INFO - Processing /opt/airflow/dags/05_etl_weather_postgres.py took 0.123 seconds
[2026-09-08T07:51:01.415+0000] {processor.py:186} INFO - Started process (PID=104) to work on /opt/airflow/dags/05_etl_weather_postgres.py
[2026-09-08T07:51:01.417+0000] {processor.py:914} INFO - Processing file /opt/airflow/dags/05_etl_weather_postgres.py for tasks to queue
[2026-09-08T07:51:01.421+0000] {logging_mixin.py:190} INFO - [2026-09-08T07:51:01.420+0000] {dagbag.py:588} INFO - Filling up the DagBag from /opt/airflow/dags/05_etl_weather_postgres.py
[2026-09-08T07:51:01.466+0000] {processor.py:925} INFO - DAG(s) 'etl_weather_postgres_dag' retrieved from /opt/airflow/dags/05_etl_weather_postgres.py
[2026-09-08T07:51:01.521+0000] {logging_mixin.py:190} INFO - [2026-09-08T07:51:01.521+0000] {dag.py:3239} INFO - Sync 1 DAGs
[2026-09-08T07:51:01.778+0000] {logging_mixin.py:190} INFO - [2026-09-08T07:51:01.777+0000] {dag.py:4180} INFO - Setting next_dagrun for etl_weather_postgres_dag to None, run_after=None
[2026-09-08T07:51:02.017+0000] {processor.py:208} INFO - Processing /opt/airflow/dags/05_etl_weather_postgres.py took 0.618 seconds
[2026-09-08T07:51:33.627+0000] {processor.py:186} INFO - Started process (PID=116) to work on /opt/airflow/dags/05_etl_weather_postgres.py
[2026-09-08T07:51:33.631+0000] {processor.py:914} INFO - Processing file /opt/airflow/dags/05_etl_weather_postgres.py for tasks to queue
[2026-09-08T07:51:33.639+0000] {logging_mixin.py:190} INFO - [2026-09-08T07:51:33.637+0000] {dagbag.py:588} INFO - Filling up the DagBag from /opt/airflow/dags/05_etl_weather_postgres.py
[2026-09-08T07:51:33.906+0000] {processor.py:925} INFO - DAG(s) 'etl_weather_postgres_dag' retrieved from /opt/airflow/dags/05_etl_weather_postgres.py
[2026-09-08T07:51:34.123+0000] {logging_mixin.py:190} INFO - [2026-09-08T07:51:34.123+0000] {dag.py:3239} INFO - Sync 1 DAGs
[2026-09-08T07:51:34.168+0000] {logging_mixin.py:190} INFO - [2026-09-08T07:51:34.168+0000] {dag.py:4180} INFO - Setting next_dagrun for etl_weather_postgres_dag to None, run_after=None
[2026-09-08T07:51:34.210+0000] {processor.py:208} INFO - Processing /opt/airflow/dags/05_etl_weather_postgres.py took 0.591 seconds
[2026-09-08T07:52:04.393+0000] {processor.py:186} INFO - Started process (PID=130) to work on /opt/airflow/dags/05_etl_weather_postgres.py
[2026-09-08T07:52:04.394+0000] {processor.py:914} INFO - Processing file /opt/airflow/dags/05_etl_weather_postgres.py for tasks to queue
[2026-09-08T07:52:04.396+0000] {logging_mixin.py:190} INFO - [2026-09-08T07:52:04.396+0000] {dagbag.py:588} INFO - Filling up the DagBag from /opt/airflow/dags/05_etl_weather_postgres.py
[2026-09-08T07:52:04.418+0000] {processor.py:925} INFO - DAG(s) 'etl_weather_postgres_dag' retrieved from /opt/airflow/dags/05_etl_weather_postgres.py
[2026-09-08T07:52:04.453+0000] {logging_mixin.py:190} INFO - [2026-09-08T07:52:04.453+0000] {dag.py:3239} INFO - Sync 1 DAGs
[2026-09-08T07:52:04.469+0000] {logging_mixin.py:190} INFO - [2026-09-08T07:52:04.469+0000] {dag.py:4180} INFO - Setting next_dagrun for etl_weather_postgres_dag to None, run_after=None
[2026-09-08T07:52:04.491+0000] {processor.py:208} INFO - Processing /opt/airflow/dags/05_etl_weather_postgres.py took 0.103 seconds
[2026-09-08T07:52:34.904+0000] {processor.py:186} INFO - Started process (PID=144) to work on /opt/airflow/dags/05_etl_weather_postgres.py
[2026-09-08T07:52:34.906+0000] {processor.py:914} INFO - Processing file /opt/airflow/dags/05_etl_weather_postgres.py for tasks to queue
[2026-09-08T07:52:34.910+0000] {logging_mixin.py:190} INFO - [2026-09-08T07:52:34.909+0000] {dagbag.py:588} INFO - Filling up the DagBag from /opt/airflow/dags/05_etl_weather_postgres.py
[2026-09-08T07:52:35.129+0000] {processor.py:925} INFO - DAG(s) 'etl_weather_postgres_dag' retrieved from /opt/airflow/dags/05_etl_weather_postgres.py
[2026-09-08T07:52:35.630+0000] {logging_mixin.py:190} INFO - [2026-09-08T07:52:35.630+0000] {dag.py:3239} INFO - Sync 1 DAGs
[2026-09-08T07:52:35.651+0000] {logging_mixin.py:190} INFO - [2026-09-08T07:52:35.651+0000] {dag.py:4180} INFO - Setting next_dagrun for etl_weather_postgres_dag to None, run_after=None
[2026-09-08T07:52:35.681+0000] {processor.py:208} INFO - Processing /opt/airflow/dags/05_etl_weather_postgres.py took 0.973 seconds
[2026-09-08T07:53:06.289+0000] {processor.py:186} INFO - Started process (PID=158) to work on /opt/airflow/dags/05_etl_weather_postgres.py
[2026-09-08T07:53:06.290+0000] {processor.py:914} INFO - Processing file /opt/airflow/dags/05_etl_weather_postgres.py for tasks to queue
[2026-09-08T07:53:06.292+0000] {logging_mixin.py:190} INFO - [2026-09-08T07:53:06.292+0000] {dagbag.py:588} INFO - Filling up the DagBag from /opt/airflow/dags/05_etl_weather_postgres.py
[2026-09-08T07:53:06.320+0000] {processor.py:925} INFO - DAG(s) 'etl_weather_postgres_dag' retrieved from /opt/airflow/dags/05_etl_weather_postgres.py
[2026-09-08T07:53:06.370+0000] {logging_mixin.py:190} INFO - [2026-09-08T07:53:06.370+0000] {dag.py:3239} INFO - Sync 1 DAGs
[2026-09-08T07:53:06.392+0000] {logging_mixin.py:190} INFO - [2026-09-08T07:53:06.392+0000] {dag.py:4180} INFO - Setting next_dagrun for etl_weather_postgres_dag to None, run_after=None
[2026-09-08T07:53:06.684+0000] {processor.py:208} INFO - Processing /opt/airflow/dags/05_etl_weather_postgres.py took 0.403 seconds
[2026-09-08T07:53:37.125+0000] {processor.py:186} INFO - Started process (PID=172) to work on /opt/airflow/dags/05_etl_weather_postgres.py
[2026-09-08T07:53:37.126+0000] {processor.py:914} INFO - Processing file /opt/airflow/dags/05_etl_weather_postgres.py for tasks to queue
[2026-09-08T07:53:37.127+0000] {logging_mixin.py:190} INFO - [2026-09-08T07:53:37.127+0000] {dagbag.py:588} INFO - Filling up the DagBag from /opt/airflow/dags/05_etl_weather_postgres.py
[2026-09-08T07:53:37.149+0000] {processor.py:925} INFO - DAG(s) 'etl_weather_postgres_dag' retrieved from /opt/airflow/dags/05_etl_weather_postgres.py
[2026-09-08T07:53:37.335+0000] {logging_mixin.py:190} INFO - [2026-09-08T07:53:37.335+0000] {dag.py:3239} INFO - Sync 1 DAGs
[2026-09-08T07:53:37.349+0000] {logging_mixin.py:190} INFO - [2026-09-08T07:53:37.349+0000] {dag.py:4180} INFO - Setting next_dagrun for etl_weather_postgres_dag to None, run_after=None
[2026-09-08T07:53:37.369+0000] {processor.py:208} INFO - Processing /opt/airflow/dags/05_etl_weather_postgres.py took 0.252 seconds
[2026-09-08T07:54:07.669+0000] {processor.py:186} INFO - Started process (PID=186) to work on /opt/airflow/dags/05_etl_weather_postgres.py
[2026-09-08T07:54:07.672+0000] {processor.py:914} INFO - Processing file /opt/airflow/dags/05_etl_weather_postgres.py for tasks to queue
[2026-09-08T07:54:07.676+0000] {logging_mixin.py:190} INFO - [2026-09-08T07:54:07.675+0000] {dagbag.py:588} INFO - Filling up the DagBag from /opt/airflow/dags/05_etl_weather_postgres.py
[2026-09-08T07:54:07.762+0000] {processor.py:925} INFO - DAG(s) 'etl_weather_postgres_dag' retrieved from /opt/airflow/dags/05_etl_weather_postgres.py
[2026-09-08T07:54:07.845+0000] {logging_mixin.py:190} INFO - [2026-09-08T07:54:07.844+0000] {dag.py:3239} INFO - Sync 1 DAGs
[2026-09-08T07:54:07.867+0000] {logging_mixin.py:190} INFO - [2026-09-08T07:54:07.866+0000] {dag.py:4180} INFO - Setting next_dagrun for etl_weather_postgres_dag to None, run_after=None
[2026-09-08T07:54:07.894+0000] {processor.py:208} INFO - Processing /opt/airflow/dags/05_etl_weather_postgres.py took 0.244 seconds
[2026-09-08T07:54:38.003+0000] {processor.py:186} INFO - Started process (PID=200) to work on /opt/airflow/dags/05_etl_weather_postgres.py
[2026-09-08T07:54:38.005+0000] {processor.py:914} INFO - Processing file /opt/airflow/dags/05_etl_weather_postgres.py for tasks to queue
[2026-09-08T07:54:38.009+0000] {logging_mixin.py:190} INFO - [2026-09-08T07:54:38.008+0000] {dagbag.py:588} INFO - Filling up the DagBag from /opt/airflow/dags/05_etl_weather_postgres.py
[2026-09-08T07:54:38.050+0000] {processor.py:925} INFO - DAG(s) 'etl_weather_postgres_dag' retrieved from /opt/airflow/dags/05_etl_weather_postgres.py
[2026-09-08T07:54:38.091+0000] {logging_mixin.py:190} INFO - [2026-09-08T07:54:38.090+0000] {dag.py:3239} INFO - Sync 1 DAGs
[2026-09-08T07:54:38.109+0000] {logging_mixin.py:190} INFO - [2026-09-08T07:54:38.109+0000] {dag.py:4180} INFO - Setting next_dagrun for etl_weather_postgres_dag to None, run_after=None
[2026-09-08T07:54:38.133+0000] {processor.py:208} INFO - Processing /opt/airflow/dags/05_etl_weather_postgres.py took 0.145 seconds
[2026-09-08T07:55:08.346+0000] {processor.py:186} INFO - Started process (PID=214) to work on /opt/airflow/dags/05_etl_weather_postgres.py
[2026-09-08T07:55:08.347+0000] {processor.py:914} INFO - Processing file /opt/airflow/dags/05_etl_weather_postgres.py for tasks to queue
[2026-09-08T07:55:08.349+0000] {logging_mixin.py:190} INFO - [2026-09-08T07:55:08.348+0000] {dagbag.py:588} INFO - Filling up the DagBag from /opt/airflow/dags/05_etl_weather_postgres.py
[2026-09-08T07:55:08.372+0000] {processor.py:925} INFO - DAG(s) 'etl_weather_postgres_dag' retrieved from /opt/airflow/dags/05_etl_weather_postgres.py
[2026-09-08T07:55:08.435+0000] {logging_mixin.py:190} INFO - [2026-09-08T07:55:08.435+0000] {dag.py:3239} INFO - Sync 1 DAGs
[2026-09-08T07:55:08.496+0000] {logging_mixin.py:190} INFO - [2026-09-08T07:55:08.496+0000] {dag.py:4180} INFO - Setting next_dagrun for etl_weather_postgres_dag to None, run_after=None
[2026-09-08T07:55:08.522+0000] {processor.py:208} INFO - Processing /opt/airflow/dags/05_etl_weather_postgres.py took 0.184 seconds
[2026-09-08T07:55:38.996+0000] {processor.py:186} INFO - Started process (PID=228) to work on /opt/airflow/dags/05_etl_weather_postgres.py
[2026-09-08T07:55:38.996+0000] {processor.py:914} INFO - Processing file /opt/airflow/dags/05_etl_weather_postgres.py for tasks to queue
[2026-09-08T07:55:38.998+0000] {logging_mixin.py:190} INFO - [2026-09-08T07:55:38.998+0000] {dagbag.py:588} INFO - Filling up the DagBag from /opt/airflow/dags/05_etl_weather_postgres.py
[2026-09-08T07:55:39.019+0000] {processor.py:925} INFO - DAG(s) 'etl_weather_postgres_dag' retrieved from /opt/airflow/dags/05_etl_weather_postgres.py
[2026-09-08T07:55:39.055+0000] {logging_mixin.py:190} INFO - [2026-09-08T07:55:39.055+0000] {dag.py:3239} INFO - Sync 1 DAGs
[2026-09-08T07:55:39.074+0000] {logging_mixin.py:190} INFO - [2026-09-08T07:55:39.074+0000] {dag.py:4180} INFO - Setting next_dagrun for etl_weather_postgres_dag to None, run_after=None
[2026-09-08T07:55:39.096+0000] {processor.py:208} INFO - Processing /opt/airflow/dags/05_etl_weather_postgres.py took 0.108 seconds
[2026-09-08T07:56:09.274+0000] {processor.py:186} INFO - Started process (PID=242) to work on /opt/airflow/dags/05_etl_weather_postgres.py
[2026-09-08T07:56:09.275+0000] {processor.py:914} INFO - Processing file /opt/airflow/dags/05_etl_weather_postgres.py for tasks to queue
[2026-09-08T07:56:09.277+0000] {logging_mixin.py:190} INFO - [2026-09-08T07:56:09.277+0000] {dagbag.py:588} INFO - Filling up the DagBag from /opt/airflow/dags/05_etl_weather_postgres.py
[2026-09-08T07:56:09.303+0000] {processor.py:925} INFO - DAG(s) 'etl_weather_postgres_dag' retrieved from /opt/airflow/dags/05_etl_weather_postgres.py
[2026-09-08T07:56:09.350+0000] {logging_mixin.py:190} INFO - [2026-09-08T07:56:09.349+0000] {dag.py:3239} INFO - Sync 1 DAGs
[2026-09-08T07:56:09.375+0000] {logging_mixin.py:190} INFO - [2026-09-08T07:56:09.374+0000] {dag.py:4180} INFO - Setting next_dagrun for etl_weather_postgres_dag to None, run_after=None
[2026-09-08T07:56:09.404+0000] {processor.py:208} INFO - Processing /opt/airflow/dags/05_etl_weather_postgres.py took 0.138 seconds
[2026-09-08T07:56:39.589+0000] {processor.py:186} INFO - Started process (PID=256) to work on /opt/airflow/dags/05_etl_weather_postgres.py
[2026-09-08T07:56:39.590+0000] {processor.py:914} INFO - Processing file /opt/airflow/dags/05_etl_weather_postgres.py for tasks to queue
[2026-09-08T07:56:39.592+0000] {logging_mixin.py:190} INFO - [2026-09-08T07:56:39.592+0000] {dagbag.py:588} INFO - Filling up the DagBag from /opt/airflow/dags/05_etl_weather_postgres.py
[2026-09-08T07:56:39.615+0000] {processor.py:925} INFO - DAG(s) 'etl_weather_postgres_dag' retrieved from /opt/airflow/dags/05_etl_weather_postgres.py
[2026-09-08T07:56:39.658+0000] {logging_mixin.py:190} INFO - [2026-09-08T07:56:39.658+0000] {dag.py:3239} INFO - Sync 1 DAGs
[2026-09-08T07:56:39.675+0000] {logging_mixin.py:190} INFO - [2026-09-08T07:56:39.674+0000] {dag.py:4180} INFO - Setting next_dagrun for etl_weather_postgres_dag to None, run_after=None
[2026-09-08T07:56:39.698+0000] {processor.py:208} INFO - Processing /opt/airflow/dags/05_etl_weather_postgres.py took 0.116 seconds
[2026-09-08T07:57:10.048+0000] {processor.py:186} INFO - Started process (PID=269) to work on /opt/airflow/dags/05_etl_weather_postgres.py
[2026-09-08T07:57:10.049+0000] {processor.py:914} INFO - Processing file /opt/airflow/dags/05_etl_weather_postgres.py for tasks to queue
[2026-09-08T07:57:10.052+0000] {logging_mixin.py:190} INFO - [2026-09-08T07:57:10.051+0000] {dagbag.py:588} INFO - Filling up the DagBag from /opt/airflow/dags/05_etl_weather_postgres.py
[2026-09-08T07:57:10.077+0000] {processor.py:925} INFO - DAG(s) 'etl_weather_postgres_dag' retrieved from /opt/airflow/dags/05_etl_weather_postgres.py
[2026-09-08T07:57:10.124+0000] {logging_mixin.py:190} INFO - [2026-09-08T07:57:10.124+0000] {dag.py:3239} INFO - Sync 1 DAGs
[2026-09-08T07:57:10.142+0000] {logging_mixin.py:190} INFO - [2026-09-08T07:57:10.142+0000] {dag.py:4180} INFO - Setting next_dagrun for etl_weather_postgres_dag to None, run_after=None
[2026-09-08T07:57:10.165+0000] {processor.py:208} INFO - Processing /opt/airflow/dags/05_etl_weather_postgres.py took 0.130 seconds
[2026-09-08T07:57:40.377+0000] {processor.py:186} INFO - Started process (PID=283) to work on /opt/airflow/dags/05_etl_weather_postgres.py
[2026-09-08T07:57:40.378+0000] {processor.py:914} INFO - Processing file /opt/airflow/dags/05_etl_weather_postgres.py for tasks to queue
[2026-09-08T07:57:40.379+0000] {logging_mixin.py:190} INFO - [2026-09-08T07:57:40.379+0000] {dagbag.py:588} INFO - Filling up the DagBag from /opt/airflow/dags/05_etl_weather_postgres.py
[2026-09-08T07:57:40.400+0000] {processor.py:925} INFO - DAG(s) 'etl_weather_postgres_dag' retrieved from /opt/airflow/dags/05_etl_weather_postgres.py
[2026-09-08T07:57:40.438+0000] {logging_mixin.py:190} INFO - [2026-09-08T07:57:40.438+0000] {dag.py:3239} INFO - Sync 1 DAGs
[2026-09-08T07:57:40.455+0000] {logging_mixin.py:190} INFO - [2026-09-08T07:57:40.454+0000] {dag.py:4180} INFO - Setting next_dagrun for etl_weather_postgres_dag to None, run_after=None
[2026-09-08T07:57:40.475+0000] {processor.py:208} INFO - Processing /opt/airflow/dags/05_etl_weather_postgres.py took 0.105 seconds
[2026-09-08T07:58:10.583+0000] {processor.py:186} INFO - Started process (PID=297) to work on /opt/airflow/dags/05_etl_weather_postgres.py
[2026-09-08T07:58:10.584+0000] {processor.py:914} INFO - Processing file /opt/airflow/dags/05_etl_weather_postgres.py for tasks to queue
[2026-09-08T07:58:10.586+0000] {logging_mixin.py:190} INFO - [2026-09-08T07:58:10.585+0000] {dagbag.py:588} INFO - Filling up the DagBag from /opt/airflow/dags/05_etl_weather_postgres.py
[2026-09-08T07:58:10.608+0000] {processor.py:925} INFO - DAG(s) 'etl_weather_postgres_dag' retrieved from /opt/airflow/dags/05_etl_weather_postgres.py
[2026-09-08T07:58:10.643+0000] {logging_mixin.py:190} INFO - [2026-09-08T07:58:10.643+0000] {dag.py:3239} INFO - Sync 1 DAGs
[2026-09-08T07:58:10.659+0000] {logging_mixin.py:190} INFO - [2026-09-08T07:58:10.659+0000] {dag.py:4180} INFO - Setting next_dagrun for etl_weather_postgres_dag to None, run_after=None
[2026-09-08T07:58:10.681+0000] {processor.py:208} INFO - Processing /opt/airflow/dags/05_etl_weather_postgres.py took 0.104 seconds
[2026-09-08T07:58:40.802+0000] {processor.py:186} INFO - Started process (PID=311) to work on /opt/airflow/dags/05_etl_weather_postgres.py
[2026-09-08T07:58:40.803+0000] {processor.py:914} INFO - Processing file /opt/airflow/dags/05_etl_weather_postgres.py for tasks to queue
[2026-09-08T07:58:40.805+0000] {logging_mixin.py:190} INFO - [2026-09-08T07:58:40.804+0000] {dagbag.py:588} INFO - Filling up the DagBag from /opt/airflow/dags/05_etl_weather_postgres.py
[2026-09-08T07:58:40.827+0000] {processor.py:925} INFO - DAG(s) 'etl_weather_postgres_dag' retrieved from /opt/airflow/dags/05_etl_weather_postgres.py
[2026-09-08T07:58:40.861+0000] {logging_mixin.py:190} INFO - [2026-09-08T07:58:40.861+0000] {dag.py:3239} INFO - Sync 1 DAGs
[2026-09-08T07:58:40.877+0000] {logging_mixin.py:190} INFO - [2026-09-08T07:58:40.877+0000] {dag.py:4180} INFO - Setting next_dagrun for etl_weather_postgres_dag to None, run_after=None
[2026-09-08T07:58:40.899+0000] {processor.py:208} INFO - Processing /opt/airflow/dags/05_etl_weather_postgres.py took 0.103 seconds
[2026-09-08T07:59:11.072+0000] {processor.py:186} INFO - Started process (PID=325) to work on /opt/airflow/dags/05_etl_weather_postgres.py
[2026-09-08T07:59:11.073+0000] {processor.py:914} INFO - Processing file /opt/airflow/dags/05_etl_weather_postgres.py for tasks to queue
[2026-09-08T07:59:11.075+0000] {logging_mixin.py:190} INFO - [2026-09-08T07:59:11.074+0000] {dagbag.py:588} INFO - Filling up the DagBag from /opt/airflow/dags/05_etl_weather_postgres.py
[2026-09-08T07:59:11.097+0000] {processor.py:925} INFO - DAG(s) 'etl_weather_postgres_dag' retrieved from /opt/airflow/dags/05_etl_weather_postgres.py
[2026-09-08T07:59:11.132+0000] {logging_mixin.py:190} INFO - [2026-09-08T07:59:11.131+0000] {dag.py:3239} INFO - Sync 1 DAGs
[2026-09-08T07:59:11.149+0000] {logging_mixin.py:190} INFO - [2026-09-08T07:59:11.149+0000] {dag.py:4180} INFO - Setting next_dagrun for etl_weather_postgres_dag to None, run_after=None
[2026-09-08T07:59:11.169+0000] {processor.py:208} INFO - Processing /opt/airflow/dags/05_etl_weather_postgres.py took 0.104 seconds
[2026-09-08T07:59:41.308+0000] {processor.py:186} INFO - Started process (PID=339) to work on /opt/airflow/dags/05_etl_weather_postgres.py
[2026-09-08T07:59:41.309+0000] {processor.py:914} INFO - Processing file /opt/airflow/dags/05_etl_weather_postgres.py for tasks to queue
[2026-09-08T07:59:41.311+0000] {logging_mixin.py:190} INFO - [2026-09-08T07:59:41.310+0000] {dagbag.py:588} INFO - Filling up the DagBag from /opt/airflow/dags/05_etl_weather_postgres.py
[2026-09-08T07:59:41.333+0000] {processor.py:925} INFO - DAG(s) 'etl_weather_postgres_dag' retrieved from /opt/airflow/dags/05_etl_weather_postgres.py
[2026-09-08T07:59:41.368+0000] {logging_mixin.py:190} INFO - [2026-09-08T07:59:41.368+0000] {dag.py:3239} INFO - Sync 1 DAGs
[2026-09-08T07:59:41.384+0000] {logging_mixin.py:190} INFO - [2026-09-08T07:59:41.383+0000] {dag.py:4180} INFO - Setting next_dagrun for etl_weather_postgres_dag to None, run_after=None
[2026-09-08T07:59:41.405+0000] {processor.py:208} INFO - Processing /opt/airflow/dags/05_etl_weather_postgres.py took 0.104 seconds
[2026-09-08T08:00:11.911+0000] {processor.py:186} INFO - Started process (PID=354) to work on /opt/airflow/dags/05_etl_weather_postgres.py
[2026-09-08T08:00:11.912+0000] {processor.py:914} INFO - Processing file /opt/airflow/dags/05_etl_weather_postgres.py for tasks to queue
[2026-09-08T08:00:11.914+0000] {logging_mixin.py:190} INFO - [2026-09-08T08:00:11.913+0000] {dagbag.py:588} INFO - Filling up the DagBag from /opt/airflow/dags/05_etl_weather_postgres.py
[2026-09-08T08:00:11.937+0000] {processor.py:925} INFO - DAG(s) 'etl_weather_postgres_dag' retrieved from /opt/airflow/dags/05_etl_weather_postgres.py
[2026-09-08T08:00:11.978+0000] {logging_mixin.py:190} INFO - [2026-09-08T08:00:11.978+0000] {dag.py:3239} INFO - Sync 1 DAGs
[2026-09-08T08:00:11.997+0000] {logging_mixin.py:190} INFO - [2026-09-08T08:00:11.997+0000] {dag.py:4180} INFO - Setting next_dagrun for etl_weather_postgres_dag to None, run_after=None
[2026-09-08T08:00:12.022+0000] {processor.py:208} INFO - Processing /opt/airflow/dags/05_etl_weather_postgres.py took 0.119 seconds
[2026-09-08T08:00:42.198+0000] {processor.py:186} INFO - Started process (PID=368) to work on /opt/airflow/dags/05_etl_weather_postgres.py
[2026-09-08T08:00:42.199+0000] {processor.py:914} INFO - Processing file /opt/airflow/dags/05_etl_weather_postgres.py for tasks to queue
[2026-09-08T08:00:42.201+0000] {logging_mixin.py:190} INFO - [2026-09-08T08:00:42.200+0000] {dagbag.py:588} INFO - Filling up the DagBag from /opt/airflow/dags/05_etl_weather_postgres.py
[2026-09-08T08:00:42.223+0000] {processor.py:925} INFO - DAG(s) 'etl_weather_postgres_dag' retrieved from /opt/airflow/dags/05_etl_weather_postgres.py
[2026-09-08T08:00:42.258+0000] {logging_mixin.py:190} INFO - [2026-09-08T08:00:42.257+0000] {dag.py:3239} INFO - Sync 1 DAGs
[2026-09-08T08:00:42.279+0000] {logging_mixin.py:190} INFO - [2026-09-08T08:00:42.279+0000] {dag.py:4180} INFO - Setting next_dagrun for etl_weather_postgres_dag to None, run_after=None
[2026-09-08T08:00:42.300+0000] {processor.py:208} INFO - Processing /opt/airflow/dags/05_etl_weather_postgres.py took 0.110 seconds
[2026-09-08T08:01:12.538+0000] {processor.py:186} INFO - Started process (PID=382) to work on /opt/airflow/dags/05_etl_weather_postgres.py
[2026-09-08T08:01:12.539+0000] {processor.py:914} INFO - Processing file /opt/airflow/dags/05_etl_weather_postgres.py for tasks to queue
[2026-09-08T08:01:12.543+0000] {logging_mixin.py:190} INFO - [2026-09-08T08:01:12.542+0000] {dagbag.py:588} INFO - Filling up the DagBag from /opt/airflow/dags/05_etl_weather_postgres.py
[2026-09-08T08:01:12.586+0000] {processor.py:925} INFO - DAG(s) 'etl_weather_postgres_dag' retrieved from /opt/airflow/dags/05_etl_weather_postgres.py
[2026-09-08T08:01:12.649+0000] {logging_mixin.py:190} INFO - [2026-09-08T08:01:12.648+0000] {dag.py:3239} INFO - Sync 1 DAGs
[2026-09-08T08:01:12.675+0000] {logging_mixin.py:190} INFO - [2026-09-08T08:01:12.674+0000] {dag.py:4180} INFO - Setting next_dagrun for etl_weather_postgres_dag to None, run_after=None
[2026-09-08T08:01:12.711+0000] {processor.py:208} INFO - Processing /opt/airflow/dags/05_etl_weather_postgres.py took 0.188 seconds
[2026-09-08T08:01:42.874+0000] {processor.py:186} INFO - Started process (PID=396) to work on /opt/airflow/dags/05_etl_weather_postgres.py
[2026-09-08T08:01:42.876+0000] {processor.py:914} INFO - Processing file /opt/airflow/dags/05_etl_weather_postgres.py for tasks to queue
[2026-09-08T08:01:42.879+0000] {logging_mixin.py:190} INFO - [2026-09-08T08:01:42.878+0000] {dagbag.py:588} INFO - Filling up the DagBag from /opt/airflow/dags/05_etl_weather_postgres.py
[2026-09-08T08:01:42.922+0000] {processor.py:925} INFO - DAG(s) 'etl_weather_postgres_dag' retrieved from /opt/airflow/dags/05_etl_weather_postgres.py
[2026-09-08T08:01:42.984+0000] {logging_mixin.py:190} INFO - [2026-09-08T08:01:42.983+0000] {dag.py:3239} INFO - Sync 1 DAGs
[2026-09-08T08:01:43.011+0000] {logging_mixin.py:190} INFO - [2026-09-08T08:01:43.011+0000] {dag.py:4180} INFO - Setting next_dagrun for etl_weather_postgres_dag to None, run_after=None
[2026-09-08T08:01:43.056+0000] {processor.py:208} INFO - Processing /opt/airflow/dags/05_etl_weather_postgres.py took 0.196 seconds
[2026-09-08T08:02:13.238+0000] {processor.py:186} INFO - Started process (PID=410) to work on /opt/airflow/dags/05_etl_weather_postgres.py
[2026-09-08T08:02:13.240+0000] {processor.py:914} INFO - Processing file /opt/airflow/dags/05_etl_weather_postgres.py for tasks to queue
[2026-09-08T08:02:13.243+0000] {logging_mixin.py:190} INFO - [2026-09-08T08:02:13.243+0000] {dagbag.py:588} INFO - Filling up the DagBag from /opt/airflow/dags/05_etl_weather_postgres.py
[2026-09-08T08:02:13.284+0000] {processor.py:925} INFO - DAG(s) 'etl_weather_postgres_dag' retrieved from /opt/airflow/dags/05_etl_weather_postgres.py
[2026-09-08T08:02:13.342+0000] {logging_mixin.py:190} INFO - [2026-09-08T08:02:13.341+0000] {dag.py:3239} INFO - Sync 1 DAGs
[2026-09-08T08:02:13.371+0000] {logging_mixin.py:190} INFO - [2026-09-08T08:02:13.370+0000] {dag.py:4180} INFO - Setting next_dagrun for etl_weather_postgres_dag to None, run_after=None
[2026-09-08T08:02:13.411+0000] {processor.py:208} INFO - Processing /opt/airflow/dags/05_etl_weather_postgres.py took 0.186 seconds
[2026-09-08T08:02:43.599+0000] {processor.py:186} INFO - Started process (PID=424) to work on /opt/airflow/dags/05_etl_weather_postgres.py
[2026-09-08T08:02:43.602+0000] {processor.py:914} INFO - Processing file /opt/airflow/dags/05_etl_weather_postgres.py for tasks to queue
[2026-09-08T08:02:43.606+0000] {logging_mixin.py:190} INFO - [2026-09-08T08:02:43.605+0000] {dagbag.py:588} INFO - Filling up the DagBag from /opt/airflow/dags/05_etl_weather_postgres.py
[2026-09-08T08:02:43.655+0000] {processor.py:925} INFO - DAG(s) 'etl_weather_postgres_dag' retrieved from /opt/airflow/dags/05_etl_weather_postgres.py
[2026-09-08T08:02:43.715+0000] {logging_mixin.py:190} INFO - [2026-09-08T08:02:43.714+0000] {dag.py:3239} INFO - Sync 1 DAGs
[2026-09-08T08:02:43.744+0000] {logging_mixin.py:190} INFO - [2026-09-08T08:02:43.743+0000] {dag.py:4180} INFO - Setting next_dagrun for etl_weather_postgres_dag to None, run_after=None
[2026-09-08T08:02:43.781+0000] {processor.py:208} INFO - Processing /opt/airflow/dags/05_etl_weather_postgres.py took 0.200 seconds
[2026-09-08T08:03:13.991+0000] {processor.py:186} INFO - Started process (PID=438) to work on /opt/airflow/dags/05_etl_weather_postgres.py
[2026-09-08T08:03:13.993+0000] {processor.py:914} INFO - Processing file /opt/airflow/dags/05_etl_weather_postgres.py for tasks to queue
[2026-09-08T08:03:13.997+0000] {logging_mixin.py:190} INFO - [2026-09-08T08:03:13.996+0000] {dagbag.py:588} INFO - Filling up the DagBag from /opt/airflow/dags/05_etl_weather_postgres.py
[2026-09-08T08:03:14.042+0000] {processor.py:925} INFO - DAG(s) 'etl_weather_postgres_dag' retrieved from /opt/airflow/dags/05_etl_weather_postgres.py
[2026-09-08T08:03:14.123+0000] {logging_mixin.py:190} INFO - [2026-09-08T08:03:14.123+0000] {dag.py:3239} INFO - Sync 1 DAGs
[2026-09-08T08:03:14.158+0000] {logging_mixin.py:190} INFO - [2026-09-08T08:03:14.157+0000] {dag.py:4180} INFO - Setting next_dagrun for etl_weather_postgres_dag to None, run_after=None
[2026-09-08T08:03:14.197+0000] {processor.py:208} INFO - Processing /opt/airflow/dags/05_etl_weather_postgres.py took 0.221 seconds
[2026-09-08T08:03:44.346+0000] {processor.py:186} INFO - Started process (PID=452) to work on /opt/airflow/dags/05_etl_weather_postgres.py
[2026-09-08T08:03:44.347+0000] {processor.py:914} INFO - Processing file /opt/airflow/dags/05_etl_weather_postgres.py for tasks to queue
[2026-09-08T08:03:44.351+0000] {logging_mixin.py:190} INFO - [2026-09-08T08:03:44.350+0000] {dagbag.py:588} INFO - Filling up the DagBag from /opt/airflow/dags/05_etl_weather_postgres.py
[2026-09-08T08:03:44.394+0000] {processor.py:925} INFO - DAG(s) 'etl_weather_postgres_dag' retrieved from /opt/airflow/dags/05_etl_weather_postgres.py
[2026-09-08T08:03:44.456+0000] {logging_mixin.py:190} INFO - [2026-09-08T08:03:44.456+0000] {dag.py:3239} INFO - Sync 1 DAGs
[2026-09-08T08:03:44.485+0000] {logging_mixin.py:190} INFO - [2026-09-08T08:03:44.485+0000] {dag.py:4180} INFO - Setting next_dagrun for etl_weather_postgres_dag to None, run_after=None
[2026-09-08T08:03:44.530+0000] {processor.py:208} INFO - Processing /opt/airflow/dags/05_etl_weather_postgres.py took 0.198 seconds
[2026-09-08T08:04:14.689+0000] {processor.py:186} INFO - Started process (PID=466) to work on /opt/airflow/dags/05_etl_weather_postgres.py
[2026-09-08T08:04:14.690+0000] {processor.py:914} INFO - Processing file /opt/airflow/dags/05_etl_weather_postgres.py for tasks to queue
[2026-09-08T08:04:14.694+0000] {logging_mixin.py:190} INFO - [2026-09-08T08:04:14.693+0000] {dagbag.py:588} INFO - Filling up the DagBag from /opt/airflow/dags/05_etl_weather_postgres.py
[2026-09-08T08:04:14.738+0000] {processor.py:925} INFO - DAG(s) 'etl_weather_postgres_dag' retrieved from /opt/airflow/dags/05_etl_weather_postgres.py
[2026-09-08T08:04:14.807+0000] {logging_mixin.py:190} INFO - [2026-09-08T08:04:14.807+0000] {dag.py:3239} INFO - Sync 1 DAGs
[2026-09-08T08:04:14.836+0000] {logging_mixin.py:190} INFO - [2026-09-08T08:04:14.836+0000] {dag.py:4180} INFO - Setting next_dagrun for etl_weather_postgres_dag to None, run_after=None
[2026-09-08T08:04:14.876+0000] {processor.py:208} INFO - Processing /opt/airflow/dags/05_etl_weather_postgres.py took 0.199 seconds
[2026-09-08T08:04:45.040+0000] {processor.py:186} INFO - Started process (PID=480) to work on /opt/airflow/dags/05_etl_weather_postgres.py
[2026-09-08T08:04:45.042+0000] {processor.py:914} INFO - Processing file /opt/airflow/dags/05_etl_weather_postgres.py for tasks to queue
[2026-09-08T08:04:45.046+0000] {logging_mixin.py:190} INFO - [2026-09-08T08:04:45.045+0000] {dagbag.py:588} INFO - Filling up the DagBag from /opt/airflow/dags/05_etl_weather_postgres.py
[2026-09-08T08:04:45.095+0000] {processor.py:925} INFO - DAG(s) 'etl_weather_postgres_dag' retrieved from /opt/airflow/dags/05_etl_weather_postgres.py
[2026-09-08T08:04:45.161+0000] {logging_mixin.py:190} INFO - [2026-09-08T08:04:45.160+0000] {dag.py:3239} INFO - Sync 1 DAGs
[2026-09-08T08:04:45.195+0000] {logging_mixin.py:190} INFO - [2026-09-08T08:04:45.195+0000] {dag.py:4180} INFO - Setting next_dagrun for etl_weather_postgres_dag to None, run_after=None
[2026-09-08T08:04:45.236+0000] {processor.py:208} INFO - Processing /opt/airflow/dags/05_etl_weather_postgres.py took 0.216 seconds
[2026-09-08T08:05:15.350+0000] {processor.py:186} INFO - Started process (PID=494) to work on /opt/airflow/dags/05_etl_weather_postgres.py
[2026-09-08T08:05:15.352+0000] {processor.py:914} INFO - Processing file /opt/airflow/dags/05_etl_weather_postgres.py for tasks to queue
[2026-09-08T08:05:15.355+0000] {logging_mixin.py:190} INFO - [2026-09-08T08:05:15.355+0000] {dagbag.py:588} INFO - Filling up the DagBag from /opt/airflow/dags/05_etl_weather_postgres.py
[2026-09-08T08:05:15.397+0000] {processor.py:925} INFO - DAG(s) 'etl_weather_postgres_dag' retrieved from /opt/airflow/dags/05_etl_weather_postgres.py
[2026-09-08T08:05:15.463+0000] {logging_mixin.py:190} INFO - [2026-09-08T08:05:15.463+0000] {dag.py:3239} INFO - Sync 1 DAGs
[2026-09-08T08:05:15.495+0000] {logging_mixin.py:190} INFO - [2026-09-08T08:05:15.494+0000] {dag.py:4180} INFO - Setting next_dagrun for etl_weather_postgres_dag to None, run_after=None
[2026-09-08T08:05:15.539+0000] {processor.py:208} INFO - Processing /opt/airflow/dags/05_etl_weather_postgres.py took 0.200 seconds
[2026-09-08T08:05:45.730+0000] {processor.py:186} INFO - Started process (PID=508) to work on /opt/airflow/dags/05_etl_weather_postgres.py
[2026-09-08T08:05:45.731+0000] {processor.py:914} INFO - Processing file /opt/airflow/dags/05_etl_weather_postgres.py for tasks to queue
[2026-09-08T08:05:45.735+0000] {logging_mixin.py:190} INFO - [2026-09-08T08:05:45.734+0000] {dagbag.py:588} INFO - Filling up the DagBag from /opt/airflow/dags/05_etl_weather_postgres.py
[2026-09-08T08:05:45.783+0000] {processor.py:925} INFO - DAG(s) 'etl_weather_postgres_dag' retrieved from /opt/airflow/dags/05_etl_weather_postgres.py
[2026-09-08T08:05:45.850+0000] {logging_mixin.py:190} INFO - [2026-09-08T08:05:45.850+0000] {dag.py:3239} INFO - Sync 1 DAGs
[2026-09-08T08:05:45.881+0000] {logging_mixin.py:190} INFO - [2026-09-08T08:05:45.881+0000] {dag.py:4180} INFO - Setting next_dagrun for etl_weather_postgres_dag to None, run_after=None
[2026-09-08T08:05:45.924+0000] {processor.py:208} INFO - Processing /opt/airflow/dags/05_etl_weather_postgres.py took 0.211 seconds
[2026-09-08T08:06:16.335+0000] {processor.py:186} INFO - Started process (PID=523) to work on /opt/airflow/dags/05_etl_weather_postgres.py
[2026-09-08T08:06:16.337+0000] {processor.py:914} INFO - Processing file /opt/airflow/dags/05_etl_weather_postgres.py for tasks to queue
[2026-09-08T08:06:16.340+0000] {logging_mixin.py:190} INFO - [2026-09-08T08:06:16.339+0000] {dagbag.py:588} INFO - Filling up the DagBag from /opt/airflow/dags/05_etl_weather_postgres.py
[2026-09-08T08:06:16.381+0000] {processor.py:925} INFO - DAG(s) 'etl_weather_postgres_dag' retrieved from /opt/airflow/dags/05_etl_weather_postgres.py
[2026-09-08T08:06:16.438+0000] {logging_mixin.py:190} INFO - [2026-09-08T08:06:16.437+0000] {dag.py:3239} INFO - Sync 1 DAGs
[2026-09-08T08:06:16.465+0000] {logging_mixin.py:190} INFO - [2026-09-08T08:06:16.464+0000] {dag.py:4180} INFO - Setting next_dagrun for etl_weather_postgres_dag to None, run_after=None
[2026-09-08T08:06:16.507+0000] {processor.py:208} INFO - Processing /opt/airflow/dags/05_etl_weather_postgres.py took 0.183 seconds
[2026-09-08T08:06:46.775+0000] {processor.py:186} INFO - Started process (PID=537) to work on /opt/airflow/dags/05_etl_weather_postgres.py
[2026-09-08T08:06:46.777+0000] {processor.py:914} INFO - Processing file /opt/airflow/dags/05_etl_weather_postgres.py for tasks to queue
[2026-09-08T08:06:46.782+0000] {logging_mixin.py:190} INFO - [2026-09-08T08:06:46.781+0000] {dagbag.py:588} INFO - Filling up the DagBag from /opt/airflow/dags/05_etl_weather_postgres.py
[2026-09-08T08:06:46.826+0000] {processor.py:925} INFO - DAG(s) 'etl_weather_postgres_dag' retrieved from /opt/airflow/dags/05_etl_weather_postgres.py
[2026-09-08T08:06:46.881+0000] {logging_mixin.py:190} INFO - [2026-09-08T08:06:46.881+0000] {dag.py:3239} INFO - Sync 1 DAGs
[2026-09-08T08:06:46.905+0000] {logging_mixin.py:190} INFO - [2026-09-08T08:06:46.905+0000] {dag.py:4180} INFO - Setting next_dagrun for etl_weather_postgres_dag to None, run_after=None
[2026-09-08T08:06:46.939+0000] {processor.py:208} INFO - Processing /opt/airflow/dags/05_etl_weather_postgres.py took 0.178 seconds
[2026-09-08T08:07:17.176+0000] {processor.py:186} INFO - Started process (PID=551) to work on /opt/airflow/dags/05_etl_weather_postgres.py
[2026-09-08T08:07:17.178+0000] {processor.py:914} INFO - Processing file /opt/airflow/dags/05_etl_weather_postgres.py for tasks to queue
[2026-09-08T08:07:17.182+0000] {logging_mixin.py:190} INFO - [2026-09-08T08:07:17.181+0000] {dagbag.py:588} INFO - Filling up the DagBag from /opt/airflow/dags/05_etl_weather_postgres.py
[2026-09-08T08:07:17.235+0000] {processor.py:925} INFO - DAG(s) 'etl_weather_postgres_dag' retrieved from /opt/airflow/dags/05_etl_weather_postgres.py
[2026-09-08T08:07:17.308+0000] {logging_mixin.py:190} INFO - [2026-09-08T08:07:17.307+0000] {dag.py:3239} INFO - Sync 1 DAGs
[2026-09-08T08:07:17.345+0000] {logging_mixin.py:190} INFO - [2026-09-08T08:07:17.344+0000] {dag.py:4180} INFO - Setting next_dagrun for etl_weather_postgres_dag to None, run_after=None
[2026-09-08T08:07:17.387+0000] {processor.py:208} INFO - Processing /opt/airflow/dags/05_etl_weather_postgres.py took 0.227 seconds
[2026-09-08T08:07:47.766+0000] {processor.py:186} INFO - Started process (PID=565) to work on /opt/airflow/dags/05_etl_weather_postgres.py
[2026-09-08T08:07:47.769+0000] {processor.py:914} INFO - Processing file /opt/airflow/dags/05_etl_weather_postgres.py for tasks to queue
[2026-09-08T08:07:47.775+0000] {logging_mixin.py:190} INFO - [2026-09-08T08:07:47.774+0000] {dagbag.py:588} INFO - Filling up the DagBag from /opt/airflow/dags/05_etl_weather_postgres.py
[2026-09-08T08:07:47.858+0000] {processor.py:925} INFO - DAG(s) 'etl_weather_postgres_dag' retrieved from /opt/airflow/dags/05_etl_weather_postgres.py
[2026-09-08T08:07:47.952+0000] {logging_mixin.py:190} INFO - [2026-09-08T08:07:47.952+0000] {dag.py:3239} INFO - Sync 1 DAGs
[2026-09-08T08:07:47.986+0000] {logging_mixin.py:190} INFO - [2026-09-08T08:07:47.985+0000] {dag.py:4180} INFO - Setting next_dagrun for etl_weather_postgres_dag to None, run_after=None
[2026-09-08T08:07:48.030+0000] {processor.py:208} INFO - Processing /opt/airflow/dags/05_etl_weather_postgres.py took 0.292 seconds
[2026-09-08T08:08:18.254+0000] {processor.py:186} INFO - Started process (PID=579) to work on /opt/airflow/dags/05_etl_weather_postgres.py
[2026-09-08T08:08:18.256+0000] {processor.py:914} INFO - Processing file /opt/airflow/dags/05_etl_weather_postgres.py for tasks to queue
[2026-09-08T08:08:18.260+0000] {logging_mixin.py:190} INFO - [2026-09-08T08:08:18.260+0000] {dagbag.py:588} INFO - Filling up the DagBag from /opt/airflow/dags/05_etl_weather_postgres.py
[2026-09-08T08:08:18.305+0000] {processor.py:925} INFO - DAG(s) 'etl_weather_postgres_dag' retrieved from /opt/airflow/dags/05_etl_weather_postgres.py
[2026-09-08T08:08:18.366+0000] {logging_mixin.py:190} INFO - [2026-09-08T08:08:18.366+0000] {dag.py:3239} INFO - Sync 1 DAGs
[2026-09-08T08:08:18.394+0000] {logging_mixin.py:190} INFO - [2026-09-08T08:08:18.394+0000] {dag.py:4180} INFO - Setting next_dagrun for etl_weather_postgres_dag to None, run_after=None
[2026-09-08T08:08:18.429+0000] {processor.py:208} INFO - Processing /opt/airflow/dags/05_etl_weather_postgres.py took 0.189 seconds
[2026-09-08T08:08:48.913+0000] {processor.py:186} INFO - Started process (PID=593) to work on /opt/airflow/dags/05_etl_weather_postgres.py
[2026-09-08T08:08:48.915+0000] {processor.py:914} INFO - Processing file /opt/airflow/dags/05_etl_weather_postgres.py for tasks to queue
[2026-09-08T08:08:48.919+0000] {logging_mixin.py:190} INFO - [2026-09-08T08:08:48.918+0000] {dagbag.py:588} INFO - Filling up the DagBag from /opt/airflow/dags/05_etl_weather_postgres.py
[2026-09-08T08:08:48.977+0000] {processor.py:925} INFO - DAG(s) 'etl_weather_postgres_dag' retrieved from /opt/airflow/dags/05_etl_weather_postgres.py
[2026-09-08T08:08:49.055+0000] {logging_mixin.py:190} INFO - [2026-09-08T08:08:49.055+0000] {dag.py:3239} INFO - Sync 1 DAGs
[2026-09-08T08:08:49.093+0000] {logging_mixin.py:190} INFO - [2026-09-08T08:08:49.092+0000] {dag.py:4180} INFO - Setting next_dagrun for etl_weather_postgres_dag to None, run_after=None
[2026-09-08T08:08:49.134+0000] {processor.py:208} INFO - Processing /opt/airflow/dags/05_etl_weather_postgres.py took 0.233 seconds
[2026-09-08T08:09:19.447+0000] {processor.py:186} INFO - Started process (PID=606) to work on /opt/airflow/dags/05_etl_weather_postgres.py
[2026-09-08T08:09:19.449+0000] {processor.py:914} INFO - Processing file /opt/airflow/dags/05_etl_weather_postgres.py for tasks to queue
[2026-09-08T08:09:19.452+0000] {logging_mixin.py:190} INFO - [2026-09-08T08:09:19.452+0000] {dagbag.py:588} INFO - Filling up the DagBag from /opt/airflow/dags/05_etl_weather_postgres.py
[2026-09-08T08:09:19.492+0000] {processor.py:925} INFO - DAG(s) 'etl_weather_postgres_dag' retrieved from /opt/airflow/dags/05_etl_weather_postgres.py
[2026-09-08T08:09:19.558+0000] {logging_mixin.py:190} INFO - [2026-09-08T08:09:19.558+0000] {dag.py:3239} INFO - Sync 1 DAGs
[2026-09-08T08:09:19.586+0000] {logging_mixin.py:190} INFO - [2026-09-08T08:09:19.585+0000] {dag.py:4180} INFO - Setting next_dagrun for etl_weather_postgres_dag to None, run_after=None
[2026-09-08T08:09:19.631+0000] {processor.py:208} INFO - Processing /opt/airflow/dags/05_etl_weather_postgres.py took 0.195 seconds
[2026-09-08T08:09:50.218+0000] {processor.py:186} INFO - Started process (PID=619) to work on /opt/airflow/dags/05_etl_weather_postgres.py
[2026-09-08T08:09:50.220+0000] {processor.py:914} INFO - Processing file /opt/airflow/dags/05_etl_weather_postgres.py for tasks to queue
[2026-09-08T08:09:50.224+0000] {logging_mixin.py:190} INFO - [2026-09-08T08:09:50.223+0000] {dagbag.py:588} INFO - Filling up the DagBag from /opt/airflow/dags/05_etl_weather_postgres.py
[2026-09-08T08:09:50.265+0000] {processor.py:925} INFO - DAG(s) 'etl_weather_postgres_dag' retrieved from /opt/airflow/dags/05_etl_weather_postgres.py
[2026-09-08T08:09:50.422+0000] {logging_mixin.py:190} INFO - [2026-09-08T08:09:50.421+0000] {dag.py:3239} INFO - Sync 1 DAGs
[2026-09-08T08:09:50.463+0000] {logging_mixin.py:190} INFO - [2026-09-08T08:09:50.462+0000] {dag.py:4180} INFO - Setting next_dagrun for etl_weather_postgres_dag to None, run_after=None
[2026-09-08T08:09:50.521+0000] {processor.py:208} INFO - Processing /opt/airflow/dags/05_etl_weather_postgres.py took 0.317 seconds
[2026-09-08T08:10:20.655+0000] {processor.py:186} INFO - Started process (PID=633) to work on /opt/airflow/dags/05_etl_weather_postgres.py
[2026-09-08T08:10:20.657+0000] {processor.py:914} INFO - Processing file /opt/airflow/dags/05_etl_weather_postgres.py for tasks to queue
[2026-09-08T08:10:20.660+0000] {logging_mixin.py:190} INFO - [2026-09-08T08:10:20.659+0000] {dagbag.py:588} INFO - Filling up the DagBag from /opt/airflow/dags/05_etl_weather_postgres.py
[2026-09-08T08:10:20.713+0000] {processor.py:925} INFO - DAG(s) 'etl_weather_postgres_dag' retrieved from /opt/airflow/dags/05_etl_weather_postgres.py
[2026-09-08T08:10:20.786+0000] {logging_mixin.py:190} INFO - [2026-09-08T08:10:20.785+0000] {dag.py:3239} INFO - Sync 1 DAGs
[2026-09-08T08:10:20.818+0000] {logging_mixin.py:190} INFO - [2026-09-08T08:10:20.818+0000] {dag.py:4180} INFO - Setting next_dagrun for etl_weather_postgres_dag to None, run_after=None
[2026-09-08T08:10:20.856+0000] {processor.py:208} INFO - Processing /opt/airflow/dags/05_etl_weather_postgres.py took 0.215 seconds
[2026-09-08T08:10:51.059+0000] {processor.py:186} INFO - Started process (PID=653) to work on /opt/airflow/dags/05_etl_weather_postgres.py
[2026-09-08T08:10:51.061+0000] {processor.py:914} INFO - Processing file /opt/airflow/dags/05_etl_weather_postgres.py for tasks to queue
[2026-09-08T08:10:51.065+0000] {logging_mixin.py:190} INFO - [2026-09-08T08:10:51.064+0000] {dagbag.py:588} INFO - Filling up the DagBag from /opt/airflow/dags/05_etl_weather_postgres.py
[2026-09-08T08:10:51.110+0000] {processor.py:925} INFO - DAG(s) 'etl_weather_postgres_dag' retrieved from /opt/airflow/dags/05_etl_weather_postgres.py
[2026-09-08T08:10:51.170+0000] {logging_mixin.py:190} INFO - [2026-09-08T08:10:51.170+0000] {dag.py:3239} INFO - Sync 1 DAGs
[2026-09-08T08:10:51.197+0000] {logging_mixin.py:190} INFO - [2026-09-08T08:10:51.196+0000] {dag.py:4180} INFO - Setting next_dagrun for etl_weather_postgres_dag to None, run_after=None
[2026-09-08T08:10:51.232+0000] {processor.py:208} INFO - Processing /opt/airflow/dags/05_etl_weather_postgres.py took 0.185 seconds
[2026-09-08T08:11:21.990+0000] {processor.py:186} INFO - Started process (PID=667) to work on /opt/airflow/dags/05_etl_weather_postgres.py
[2026-09-08T08:11:21.992+0000] {processor.py:914} INFO - Processing file /opt/airflow/dags/05_etl_weather_postgres.py for tasks to queue
[2026-09-08T08:11:21.995+0000] {logging_mixin.py:190} INFO - [2026-09-08T08:11:21.994+0000] {dagbag.py:588} INFO - Filling up the DagBag from /opt/airflow/dags/05_etl_weather_postgres.py
[2026-09-08T08:11:22.043+0000] {processor.py:925} INFO - DAG(s) 'etl_weather_postgres_dag' retrieved from /opt/airflow/dags/05_etl_weather_postgres.py
[2026-09-08T08:11:22.129+0000] {logging_mixin.py:190} INFO - [2026-09-08T08:11:22.128+0000] {dag.py:3239} INFO - Sync 1 DAGs
[2026-09-08T08:11:22.169+0000] {logging_mixin.py:190} INFO - [2026-09-08T08:11:22.169+0000] {dag.py:4180} INFO - Setting next_dagrun for etl_weather_postgres_dag to None, run_after=None
[2026-09-08T08:11:22.219+0000] {processor.py:208} INFO - Processing /opt/airflow/dags/05_etl_weather_postgres.py took 0.242 seconds
[2026-09-08T08:11:52.505+0000] {processor.py:186} INFO - Started process (PID=681) to work on /opt/airflow/dags/05_etl_weather_postgres.py
[2026-09-08T08:11:52.507+0000] {processor.py:914} INFO - Processing file /opt/airflow/dags/05_etl_weather_postgres.py for tasks to queue
[2026-09-08T08:11:52.511+0000] {logging_mixin.py:190} INFO - [2026-09-08T08:11:52.510+0000] {dagbag.py:588} INFO - Filling up the DagBag from /opt/airflow/dags/05_etl_weather_postgres.py
[2026-09-08T08:11:52.553+0000] {processor.py:925} INFO - DAG(s) 'etl_weather_postgres_dag' retrieved from /opt/airflow/dags/05_etl_weather_postgres.py
[2026-09-08T08:11:52.611+0000] {logging_mixin.py:190} INFO - [2026-09-08T08:11:52.611+0000] {dag.py:3239} INFO - Sync 1 DAGs
[2026-09-08T08:11:52.638+0000] {logging_mixin.py:190} INFO - [2026-09-08T08:11:52.638+0000] {dag.py:4180} INFO - Setting next_dagrun for etl_weather_postgres_dag to None, run_after=None
[2026-09-08T08:11:52.673+0000] {processor.py:208} INFO - Processing /opt/airflow/dags/05_etl_weather_postgres.py took 0.182 seconds
[2026-09-08T08:12:22.845+0000] {processor.py:186} INFO - Started process (PID=695) to work on /opt/airflow/dags/05_etl_weather_postgres.py
[2026-09-08T08:12:22.847+0000] {processor.py:914} INFO - Processing file /opt/airflow/dags/05_etl_weather_postgres.py for tasks to queue
[2026-09-08T08:12:22.852+0000] {logging_mixin.py:190} INFO - [2026-09-08T08:12:22.851+0000] {dagbag.py:588} INFO - Filling up the DagBag from /opt/airflow/dags/05_etl_weather_postgres.py
[2026-09-08T08:12:22.906+0000] {processor.py:925} INFO - DAG(s) 'etl_weather_postgres_dag' retrieved from /opt/airflow/dags/05_etl_weather_postgres.py
[2026-09-08T08:12:22.968+0000] {logging_mixin.py:190} INFO - [2026-09-08T08:12:22.968+0000] {dag.py:3239} INFO - Sync 1 DAGs
[2026-09-08T08:12:22.998+0000] {logging_mixin.py:190} INFO - [2026-09-08T08:12:22.998+0000] {dag.py:4180} INFO - Setting next_dagrun for etl_weather_postgres_dag to None, run_after=None
[2026-09-08T08:12:23.038+0000] {processor.py:208} INFO - Processing /opt/airflow/dags/05_etl_weather_postgres.py took 0.214 seconds
[2026-09-08T08:12:53.163+0000] {processor.py:186} INFO - Started process (PID=709) to work on /opt/airflow/dags/05_etl_weather_postgres.py
[2026-09-08T08:12:53.165+0000] {processor.py:914} INFO - Processing file /opt/airflow/dags/05_etl_weather_postgres.py for tasks to queue
[2026-09-08T08:12:53.168+0000] {logging_mixin.py:190} INFO - [2026-09-08T08:12:53.168+0000] {dagbag.py:588} INFO - Filling up the DagBag from /opt/airflow/dags/05_etl_weather_postgres.py
[2026-09-08T08:12:53.210+0000] {processor.py:925} INFO - DAG(s) 'etl_weather_postgres_dag' retrieved from /opt/airflow/dags/05_etl_weather_postgres.py
[2026-09-08T08:12:53.278+0000] {logging_mixin.py:190} INFO - [2026-09-08T08:12:53.277+0000] {dag.py:3239} INFO - Sync 1 DAGs
[2026-09-08T08:12:53.307+0000] {logging_mixin.py:190} INFO - [2026-09-08T08:12:53.307+0000] {dag.py:4180} INFO - Setting next_dagrun for etl_weather_postgres_dag to None, run_after=None
[2026-09-08T08:12:53.344+0000] {processor.py:208} INFO - Processing /opt/airflow/dags/05_etl_weather_postgres.py took 0.195 seconds
[2026-09-08T08:13:24.091+0000] {processor.py:186} INFO - Started process (PID=723) to work on /opt/airflow/dags/05_etl_weather_postgres.py
[2026-09-08T08:13:24.092+0000] {processor.py:914} INFO - Processing file /opt/airflow/dags/05_etl_weather_postgres.py for tasks to queue
[2026-09-08T08:13:24.096+0000] {logging_mixin.py:190} INFO - [2026-09-08T08:13:24.095+0000] {dagbag.py:588} INFO - Filling up the DagBag from /opt/airflow/dags/05_etl_weather_postgres.py
[2026-09-08T08:13:24.142+0000] {processor.py:925} INFO - DAG(s) 'etl_weather_postgres_dag' retrieved from /opt/airflow/dags/05_etl_weather_postgres.py
[2026-09-08T08:13:24.200+0000] {logging_mixin.py:190} INFO - [2026-09-08T08:13:24.200+0000] {dag.py:3239} INFO - Sync 1 DAGs
[2026-09-08T08:13:24.228+0000] {logging_mixin.py:190} INFO - [2026-09-08T08:13:24.227+0000] {dag.py:4180} INFO - Setting next_dagrun for etl_weather_postgres_dag to None, run_after=None
[2026-09-08T08:13:24.260+0000] {processor.py:208} INFO - Processing /opt/airflow/dags/05_etl_weather_postgres.py took 0.183 seconds
[2026-09-08T08:13:54.648+0000] {processor.py:186} INFO - Started process (PID=737) to work on /opt/airflow/dags/05_etl_weather_postgres.py
[2026-09-08T08:13:54.651+0000] {processor.py:914} INFO - Processing file /opt/airflow/dags/05_etl_weather_postgres.py for tasks to queue
[2026-09-08T08:13:54.654+0000] {logging_mixin.py:190} INFO - [2026-09-08T08:13:54.654+0000] {dagbag.py:588} INFO - Filling up the DagBag from /opt/airflow/dags/05_etl_weather_postgres.py
[2026-09-08T08:13:54.708+0000] {processor.py:925} INFO - DAG(s) 'etl_weather_postgres_dag' retrieved from /opt/airflow/dags/05_etl_weather_postgres.py
[2026-09-08T08:13:54.779+0000] {logging_mixin.py:190} INFO - [2026-09-08T08:13:54.778+0000] {dag.py:3239} INFO - Sync 1 DAGs
[2026-09-08T08:13:54.806+0000] {logging_mixin.py:190} INFO - [2026-09-08T08:13:54.806+0000] {dag.py:4180} INFO - Setting next_dagrun for etl_weather_postgres_dag to None, run_after=None
[2026-09-08T08:13:54.853+0000] {processor.py:208} INFO - Processing /opt/airflow/dags/05_etl_weather_postgres.py took 0.219 seconds
[2026-09-08T08:14:24.998+0000] {processor.py:186} INFO - Started process (PID=751) to work on /opt/airflow/dags/05_etl_weather_postgres.py
[2026-09-08T08:14:25.001+0000] {processor.py:914} INFO - Processing file /opt/airflow/dags/05_etl_weather_postgres.py for tasks to queue
[2026-09-08T08:14:25.006+0000] {logging_mixin.py:190} INFO - [2026-09-08T08:14:25.005+0000] {dagbag.py:588} INFO - Filling up the DagBag from /opt/airflow/dags/05_etl_weather_postgres.py
[2026-09-08T08:14:25.056+0000] {processor.py:925} INFO - DAG(s) 'etl_weather_postgres_dag' retrieved from /opt/airflow/dags/05_etl_weather_postgres.py
[2026-09-08T08:14:25.132+0000] {logging_mixin.py:190} INFO - [2026-09-08T08:14:25.131+0000] {dag.py:3239} INFO - Sync 1 DAGs
[2026-09-08T08:14:25.165+0000] {logging_mixin.py:190} INFO - [2026-09-08T08:14:25.164+0000] {dag.py:4180} INFO - Setting next_dagrun for etl_weather_postgres_dag to None, run_after=None
[2026-09-08T08:14:25.204+0000] {processor.py:208} INFO - Processing /opt/airflow/dags/05_etl_weather_postgres.py took 0.219 seconds
[2026-09-08T08:14:55.544+0000] {processor.py:186} INFO - Started process (PID=765) to work on /opt/airflow/dags/05_etl_weather_postgres.py
[2026-09-08T08:14:55.546+0000] {processor.py:914} INFO - Processing file /opt/airflow/dags/05_etl_weather_postgres.py for tasks to queue
[2026-09-08T08:14:55.550+0000] {logging_mixin.py:190} INFO - [2026-09-08T08:14:55.549+0000] {dagbag.py:588} INFO - Filling up the DagBag from /opt/airflow/dags/05_etl_weather_postgres.py
[2026-09-08T08:14:55.592+0000] {processor.py:925} INFO - DAG(s) 'etl_weather_postgres_dag' retrieved from /opt/airflow/dags/05_etl_weather_postgres.py
[2026-09-08T08:14:55.650+0000] {logging_mixin.py:190} INFO - [2026-09-08T08:14:55.650+0000] {dag.py:3239} INFO - Sync 1 DAGs
[2026-09-08T08:14:55.678+0000] {logging_mixin.py:190} INFO - [2026-09-08T08:14:55.677+0000] {dag.py:4180} INFO - Setting next_dagrun for etl_weather_postgres_dag to None, run_after=None
[2026-09-08T08:14:55.713+0000] {processor.py:208} INFO - Processing /opt/airflow/dags/05_etl_weather_postgres.py took 0.181 seconds
[2026-09-08T08:15:26.055+0000] {processor.py:186} INFO - Started process (PID=779) to work on /opt/airflow/dags/05_etl_weather_postgres.py
[2026-09-08T08:15:26.058+0000] {processor.py:914} INFO - Processing file /opt/airflow/dags/05_etl_weather_postgres.py for tasks to queue
[2026-09-08T08:15:26.061+0000] {logging_mixin.py:190} INFO - [2026-09-08T08:15:26.061+0000] {dagbag.py:588} INFO - Filling up the DagBag from /opt/airflow/dags/05_etl_weather_postgres.py
[2026-09-08T08:15:26.108+0000] {processor.py:925} INFO - DAG(s) 'etl_weather_postgres_dag' retrieved from /opt/airflow/dags/05_etl_weather_postgres.py
[2026-09-08T08:15:26.168+0000] {logging_mixin.py:190} INFO - [2026-09-08T08:15:26.168+0000] {dag.py:3239} INFO - Sync 1 DAGs
[2026-09-08T08:15:26.196+0000] {logging_mixin.py:190} INFO - [2026-09-08T08:15:26.195+0000] {dag.py:4180} INFO - Setting next_dagrun for etl_weather_postgres_dag to None, run_after=None
[2026-09-08T08:15:26.233+0000] {processor.py:208} INFO - Processing /opt/airflow/dags/05_etl_weather_postgres.py took 0.195 seconds
[2026-09-08T08:15:56.547+0000] {processor.py:186} INFO - Started process (PID=793) to work on /opt/airflow/dags/05_etl_weather_postgres.py
[2026-09-08T08:15:56.549+0000] {processor.py:914} INFO - Processing file /opt/airflow/dags/05_etl_weather_postgres.py for tasks to queue
[2026-09-08T08:15:56.552+0000] {logging_mixin.py:190} INFO - [2026-09-08T08:15:56.551+0000] {dagbag.py:588} INFO - Filling up the DagBag from /opt/airflow/dags/05_etl_weather_postgres.py
[2026-09-08T08:15:56.595+0000] {processor.py:925} INFO - DAG(s) 'etl_weather_postgres_dag' retrieved from /opt/airflow/dags/05_etl_weather_postgres.py
[2026-09-08T08:15:56.662+0000] {logging_mixin.py:190} INFO - [2026-09-08T08:15:56.662+0000] {dag.py:3239} INFO - Sync 1 DAGs
[2026-09-08T08:15:56.696+0000] {logging_mixin.py:190} INFO - [2026-09-08T08:15:56.696+0000] {dag.py:4180} INFO - Setting next_dagrun for etl_weather_postgres_dag to None, run_after=None
[2026-09-08T08:15:56.738+0000] {processor.py:208} INFO - Processing /opt/airflow/dags/05_etl_weather_postgres.py took 0.202 seconds
[2026-09-08T08:16:27.052+0000] {processor.py:186} INFO - Started process (PID=807) to work on /opt/airflow/dags/05_etl_weather_postgres.py
[2026-09-08T08:16:27.053+0000] {processor.py:914} INFO - Processing file /opt/airflow/dags/05_etl_weather_postgres.py for tasks to queue
[2026-09-08T08:16:27.056+0000] {logging_mixin.py:190} INFO - [2026-09-08T08:16:27.056+0000] {dagbag.py:588} INFO - Filling up the DagBag from /opt/airflow/dags/05_etl_weather_postgres.py
[2026-09-08T08:16:27.107+0000] {processor.py:925} INFO - DAG(s) 'etl_weather_postgres_dag' retrieved from /opt/airflow/dags/05_etl_weather_postgres.py
[2026-09-08T08:16:27.190+0000] {logging_mixin.py:190} INFO - [2026-09-08T08:16:27.189+0000] {dag.py:3239} INFO - Sync 1 DAGs
[2026-09-08T08:16:27.214+0000] {logging_mixin.py:190} INFO - [2026-09-08T08:16:27.214+0000] {dag.py:4180} INFO - Setting next_dagrun for etl_weather_postgres_dag to None, run_after=None
[2026-09-08T08:16:27.257+0000] {processor.py:208} INFO - Processing /opt/airflow/dags/05_etl_weather_postgres.py took 0.215 seconds
[2026-09-08T08:16:58.128+0000] {processor.py:186} INFO - Started process (PID=821) to work on /opt/airflow/dags/05_etl_weather_postgres.py
[2026-09-08T08:16:58.130+0000] {processor.py:914} INFO - Processing file /opt/airflow/dags/05_etl_weather_postgres.py for tasks to queue
[2026-09-08T08:16:58.133+0000] {logging_mixin.py:190} INFO - [2026-09-08T08:16:58.132+0000] {dagbag.py:588} INFO - Filling up the DagBag from /opt/airflow/dags/05_etl_weather_postgres.py
[2026-09-08T08:16:58.175+0000] {processor.py:925} INFO - DAG(s) 'etl_weather_postgres_dag' retrieved from /opt/airflow/dags/05_etl_weather_postgres.py
[2026-09-08T08:16:58.231+0000] {logging_mixin.py:190} INFO - [2026-09-08T08:16:58.230+0000] {dag.py:3239} INFO - Sync 1 DAGs
[2026-09-08T08:16:58.252+0000] {logging_mixin.py:190} INFO - [2026-09-08T08:16:58.252+0000] {dag.py:4180} INFO - Setting next_dagrun for etl_weather_postgres_dag to None, run_after=None
[2026-09-08T08:16:58.293+0000] {processor.py:208} INFO - Processing /opt/airflow/dags/05_etl_weather_postgres.py took 0.177 seconds
[2026-09-08T08:17:29.003+0000] {processor.py:186} INFO - Started process (PID=835) to work on /opt/airflow/dags/05_etl_weather_postgres.py
[2026-09-08T08:17:29.004+0000] {processor.py:914} INFO - Processing file /opt/airflow/dags/05_etl_weather_postgres.py for tasks to queue
[2026-09-08T08:17:29.007+0000] {logging_mixin.py:190} INFO - [2026-09-08T08:17:29.006+0000] {dagbag.py:588} INFO - Filling up the DagBag from /opt/airflow/dags/05_etl_weather_postgres.py
[2026-09-08T08:17:29.040+0000] {processor.py:925} INFO - DAG(s) 'etl_weather_postgres_dag' retrieved from /opt/airflow/dags/05_etl_weather_postgres.py
[2026-09-08T08:17:29.097+0000] {logging_mixin.py:190} INFO - [2026-09-08T08:17:29.097+0000] {dag.py:3239} INFO - Sync 1 DAGs
[2026-09-08T08:17:29.133+0000] {logging_mixin.py:190} INFO - [2026-09-08T08:17:29.132+0000] {dag.py:4180} INFO - Setting next_dagrun for etl_weather_postgres_dag to None, run_after=None
[2026-09-08T08:17:29.174+0000] {processor.py:208} INFO - Processing /opt/airflow/dags/05_etl_weather_postgres.py took 0.182 seconds
[2026-09-08T08:17:59.493+0000] {processor.py:186} INFO - Started process (PID=849) to work on /opt/airflow/dags/05_etl_weather_postgres.py
[2026-09-08T08:17:59.495+0000] {processor.py:914} INFO - Processing file /opt/airflow/dags/05_etl_weather_postgres.py for tasks to queue
[2026-09-08T08:17:59.498+0000] {logging_mixin.py:190} INFO - [2026-09-08T08:17:59.497+0000] {dagbag.py:588} INFO - Filling up the DagBag from /opt/airflow/dags/05_etl_weather_postgres.py
[2026-09-08T08:17:59.537+0000] {processor.py:925} INFO - DAG(s) 'etl_weather_postgres_dag' retrieved from /opt/airflow/dags/05_etl_weather_postgres.py
[2026-09-08T08:17:59.599+0000] {logging_mixin.py:190} INFO - [2026-09-08T08:17:59.599+0000] {dag.py:3239} INFO - Sync 1 DAGs
[2026-09-08T08:17:59.626+0000] {logging_mixin.py:190} INFO - [2026-09-08T08:17:59.626+0000] {dag.py:4180} INFO - Setting next_dagrun for etl_weather_postgres_dag to None, run_after=None
[2026-09-08T08:17:59.671+0000] {processor.py:208} INFO - Processing /opt/airflow/dags/05_etl_weather_postgres.py took 0.187 seconds
[2026-09-08T08:18:30.026+0000] {processor.py:186} INFO - Started process (PID=863) to work on /opt/airflow/dags/05_etl_weather_postgres.py
[2026-09-08T08:18:30.029+0000] {processor.py:914} INFO - Processing file /opt/airflow/dags/05_etl_weather_postgres.py for tasks to queue
[2026-09-08T08:18:30.033+0000] {logging_mixin.py:190} INFO - [2026-09-08T08:18:30.032+0000] {dagbag.py:588} INFO - Filling up the DagBag from /opt/airflow/dags/05_etl_weather_postgres.py
[2026-09-08T08:18:30.079+0000] {processor.py:925} INFO - DAG(s) 'etl_weather_postgres_dag' retrieved from /opt/airflow/dags/05_etl_weather_postgres.py
[2026-09-08T08:18:30.142+0000] {logging_mixin.py:190} INFO - [2026-09-08T08:18:30.141+0000] {dag.py:3239} INFO - Sync 1 DAGs
[2026-09-08T08:18:30.175+0000] {logging_mixin.py:190} INFO - [2026-09-08T08:18:30.174+0000] {dag.py:4180} INFO - Setting next_dagrun for etl_weather_postgres_dag to None, run_after=None
[2026-09-08T08:18:30.220+0000] {processor.py:208} INFO - Processing /opt/airflow/dags/05_etl_weather_postgres.py took 0.207 seconds
[2026-09-08T08:19:00.533+0000] {processor.py:186} INFO - Started process (PID=877) to work on /opt/airflow/dags/05_etl_weather_postgres.py
[2026-09-08T08:19:00.535+0000] {processor.py:914} INFO - Processing file /opt/airflow/dags/05_etl_weather_postgres.py for tasks to queue
[2026-09-08T08:19:00.539+0000] {logging_mixin.py:190} INFO - [2026-09-08T08:19:00.538+0000] {dagbag.py:588} INFO - Filling up the DagBag from /opt/airflow/dags/05_etl_weather_postgres.py
[2026-09-08T08:19:00.581+0000] {processor.py:925} INFO - DAG(s) 'etl_weather_postgres_dag' retrieved from /opt/airflow/dags/05_etl_weather_postgres.py
[2026-09-08T08:19:00.638+0000] {logging_mixin.py:190} INFO - [2026-09-08T08:19:00.638+0000] {dag.py:3239} INFO - Sync 1 DAGs
[2026-09-08T08:19:00.664+0000] {logging_mixin.py:190} INFO - [2026-09-08T08:19:00.663+0000] {dag.py:4180} INFO - Setting next_dagrun for etl_weather_postgres_dag to None, run_after=None
[2026-09-08T08:19:00.699+0000] {processor.py:208} INFO - Processing /opt/airflow/dags/05_etl_weather_postgres.py took 0.178 seconds
[2026-09-08T08:19:31.068+0000] {processor.py:186} INFO - Started process (PID=891) to work on /opt/airflow/dags/05_etl_weather_postgres.py
[2026-09-08T08:19:31.070+0000] {processor.py:914} INFO - Processing file /opt/airflow/dags/05_etl_weather_postgres.py for tasks to queue
[2026-09-08T08:19:31.073+0000] {logging_mixin.py:190} INFO - [2026-09-08T08:19:31.072+0000] {dagbag.py:588} INFO - Filling up the DagBag from /opt/airflow/dags/05_etl_weather_postgres.py
[2026-09-08T08:19:31.115+0000] {processor.py:925} INFO - DAG(s) 'etl_weather_postgres_dag' retrieved from /opt/airflow/dags/05_etl_weather_postgres.py
[2026-09-08T08:19:31.178+0000] {logging_mixin.py:190} INFO - [2026-09-08T08:19:31.177+0000] {dag.py:3239} INFO - Sync 1 DAGs
[2026-09-08T08:19:31.205+0000] {logging_mixin.py:190} INFO - [2026-09-08T08:19:31.205+0000] {dag.py:4180} INFO - Setting next_dagrun for etl_weather_postgres_dag to None, run_after=None
[2026-09-08T08:19:31.239+0000] {processor.py:208} INFO - Processing /opt/airflow/dags/05_etl_weather_postgres.py took 0.183 seconds
[2026-09-08T08:20:01.490+0000] {processor.py:186} INFO - Started process (PID=905) to work on /opt/airflow/dags/05_etl_weather_postgres.py
[2026-09-08T08:20:01.492+0000] {processor.py:914} INFO - Processing file /opt/airflow/dags/05_etl_weather_postgres.py for tasks to queue
[2026-09-08T08:20:01.495+0000] {logging_mixin.py:190} INFO - [2026-09-08T08:20:01.495+0000] {dagbag.py:588} INFO - Filling up the DagBag from /opt/airflow/dags/05_etl_weather_postgres.py
[2026-09-08T08:20:01.538+0000] {processor.py:925} INFO - DAG(s) 'etl_weather_postgres_dag' retrieved from /opt/airflow/dags/05_etl_weather_postgres.py
[2026-09-08T08:20:01.596+0000] {logging_mixin.py:190} INFO - [2026-09-08T08:20:01.596+0000] {dag.py:3239} INFO - Sync 1 DAGs
[2026-09-08T08:20:01.622+0000] {logging_mixin.py:190} INFO - [2026-09-08T08:20:01.622+0000] {dag.py:4180} INFO - Setting next_dagrun for etl_weather_postgres_dag to None, run_after=None
[2026-09-08T08:20:01.666+0000] {processor.py:208} INFO - Processing /opt/airflow/dags/05_etl_weather_postgres.py took 0.188 seconds
[2026-09-08T08:20:32.062+0000] {processor.py:186} INFO - Started process (PID=919) to work on /opt/airflow/dags/05_etl_weather_postgres.py
[2026-09-08T08:20:32.063+0000] {processor.py:914} INFO - Processing file /opt/airflow/dags/05_etl_weather_postgres.py for tasks to queue
[2026-09-08T08:20:32.067+0000] {logging_mixin.py:190} INFO - [2026-09-08T08:20:32.066+0000] {dagbag.py:588} INFO - Filling up the DagBag from /opt/airflow/dags/05_etl_weather_postgres.py
[2026-09-08T08:20:32.113+0000] {processor.py:925} INFO - DAG(s) 'etl_weather_postgres_dag' retrieved from /opt/airflow/dags/05_etl_weather_postgres.py
[2026-09-08T08:20:32.177+0000] {logging_mixin.py:190} INFO - [2026-09-08T08:20:32.176+0000] {dag.py:3239} INFO - Sync 1 DAGs
[2026-09-08T08:20:32.204+0000] {logging_mixin.py:190} INFO - [2026-09-08T08:20:32.203+0000] {dag.py:4180} INFO - Setting next_dagrun for etl_weather_postgres_dag to None, run_after=None
[2026-09-08T08:20:32.262+0000] {processor.py:208} INFO - Processing /opt/airflow/dags/05_etl_weather_postgres.py took 0.214 seconds
[2026-09-08T08:21:02.930+0000] {processor.py:186} INFO - Started process (PID=933) to work on /opt/airflow/dags/05_etl_weather_postgres.py
[2026-09-08T08:21:02.932+0000] {processor.py:914} INFO - Processing file /opt/airflow/dags/05_etl_weather_postgres.py for tasks to queue
[2026-09-08T08:21:02.935+0000] {logging_mixin.py:190} INFO - [2026-09-08T08:21:02.935+0000] {dagbag.py:588} INFO - Filling up the DagBag from /opt/airflow/dags/05_etl_weather_postgres.py
[2026-09-08T08:21:02.975+0000] {processor.py:925} INFO - DAG(s) 'etl_weather_postgres_dag' retrieved from /opt/airflow/dags/05_etl_weather_postgres.py
[2026-09-08T08:21:03.034+0000] {logging_mixin.py:190} INFO - [2026-09-08T08:21:03.034+0000] {dag.py:3239} INFO - Sync 1 DAGs
[2026-09-08T08:21:03.063+0000] {logging_mixin.py:190} INFO - [2026-09-08T08:21:03.063+0000] {dag.py:4180} INFO - Setting next_dagrun for etl_weather_postgres_dag to None, run_after=None
[2026-09-08T08:21:03.106+0000] {processor.py:208} INFO - Processing /opt/airflow/dags/05_etl_weather_postgres.py took 0.187 seconds
[2026-09-08T08:21:33.305+0000] {processor.py:186} INFO - Started process (PID=947) to work on /opt/airflow/dags/05_etl_weather_postgres.py
[2026-09-08T08:21:33.307+0000] {processor.py:914} INFO - Processing file /opt/airflow/dags/05_etl_weather_postgres.py for tasks to queue
[2026-09-08T08:21:33.310+0000] {logging_mixin.py:190} INFO - [2026-09-08T08:21:33.309+0000] {dagbag.py:588} INFO - Filling up the DagBag from /opt/airflow/dags/05_etl_weather_postgres.py
[2026-09-08T08:21:33.352+0000] {processor.py:925} INFO - DAG(s) 'etl_weather_postgres_dag' retrieved from /opt/airflow/dags/05_etl_weather_postgres.py
[2026-09-08T08:21:33.410+0000] {logging_mixin.py:190} INFO - [2026-09-08T08:21:33.409+0000] {dag.py:3239} INFO - Sync 1 DAGs
[2026-09-08T08:21:33.442+0000] {logging_mixin.py:190} INFO - [2026-09-08T08:21:33.442+0000] {dag.py:4180} INFO - Setting next_dagrun for etl_weather_postgres_dag to None, run_after=None
[2026-09-08T08:21:33.476+0000] {processor.py:208} INFO - Processing /opt/airflow/dags/05_etl_weather_postgres.py took 0.186 seconds
[2026-09-08T08:22:04.175+0000] {processor.py:186} INFO - Started process (PID=962) to work on /opt/airflow/dags/05_etl_weather_postgres.py
[2026-09-08T08:22:04.176+0000] {processor.py:914} INFO - Processing file /opt/airflow/dags/05_etl_weather_postgres.py for tasks to queue
[2026-09-08T08:22:04.179+0000] {logging_mixin.py:190} INFO - [2026-09-08T08:22:04.178+0000] {dagbag.py:588} INFO - Filling up the DagBag from /opt/airflow/dags/05_etl_weather_postgres.py
[2026-09-08T08:22:04.219+0000] {processor.py:925} INFO - DAG(s) 'etl_weather_postgres_dag' retrieved from /opt/airflow/dags/05_etl_weather_postgres.py
[2026-09-08T08:22:04.279+0000] {logging_mixin.py:190} INFO - [2026-09-08T08:22:04.279+0000] {dag.py:3239} INFO - Sync 1 DAGs
[2026-09-08T08:22:04.304+0000] {logging_mixin.py:190} INFO - [2026-09-08T08:22:04.303+0000] {dag.py:4180} INFO - Setting next_dagrun for etl_weather_postgres_dag to None, run_after=None
[2026-09-08T08:22:04.338+0000] {processor.py:208} INFO - Processing /opt/airflow/dags/05_etl_weather_postgres.py took 0.174 seconds
[2026-09-08T08:22:34.606+0000] {processor.py:186} INFO - Started process (PID=976) to work on /opt/airflow/dags/05_etl_weather_postgres.py
[2026-09-08T08:22:34.608+0000] {processor.py:914} INFO - Processing file /opt/airflow/dags/05_etl_weather_postgres.py for tasks to queue
[2026-09-08T08:22:34.613+0000] {logging_mixin.py:190} INFO - [2026-09-08T08:22:34.612+0000] {dagbag.py:588} INFO - Filling up the DagBag from /opt/airflow/dags/05_etl_weather_postgres.py
[2026-09-08T08:22:34.672+0000] {processor.py:925} INFO - DAG(s) 'etl_weather_postgres_dag' retrieved from /opt/airflow/dags/05_etl_weather_postgres.py
[2026-09-08T08:22:34.754+0000] {logging_mixin.py:190} INFO - [2026-09-08T08:22:34.753+0000] {dag.py:3239} INFO - Sync 1 DAGs
[2026-09-08T08:22:34.807+0000] {logging_mixin.py:190} INFO - [2026-09-08T08:22:34.807+0000] {dag.py:4180} INFO - Setting next_dagrun for etl_weather_postgres_dag to None, run_after=None
[2026-09-08T08:22:34.866+0000] {processor.py:208} INFO - Processing /opt/airflow/dags/05_etl_weather_postgres.py took 0.283 seconds
