[2026-09-08T04:31:55.943+0000] {processor.py:186} INFO - Started process (PID=104) to work on /opt/airflow/dags/ml_03_oil_pipeline.py
[2026-09-08T04:31:55.943+0000] {processor.py:914} INFO - Processing file /opt/airflow/dags/ml_03_oil_pipeline.py for tasks to queue
[2026-09-08T04:31:55.944+0000] {logging_mixin.py:190} INFO - [2026-09-08T04:31:55.944+0000] {dagbag.py:588} INFO - Filling up the DagBag from /opt/airflow/dags/ml_03_oil_pipeline.py
[2026-09-08T04:31:57.154+0000] {processor.py:925} INFO - DAG(s) 'oil_price_pipeline_dag' retrieved from /opt/airflow/dags/ml_03_oil_pipeline.py
[2026-09-08T04:31:57.191+0000] {logging_mixin.py:190} INFO - [2026-09-08T04:31:57.190+0000] {dag.py:3239} INFO - Sync 1 DAGs
[2026-09-08T04:31:57.204+0000] {logging_mixin.py:190} INFO - [2026-09-08T04:31:57.204+0000] {dag.py:4180} INFO - Setting next_dagrun for oil_price_pipeline_dag to None, run_after=None
[2026-09-08T04:31:57.237+0000] {processor.py:208} INFO - Processing /opt/airflow/dags/ml_03_oil_pipeline.py took 1.299 seconds
[2026-09-08T04:32:27.610+0000] {processor.py:186} INFO - Started process (PID=118) to work on /opt/airflow/dags/ml_03_oil_pipeline.py
[2026-09-08T04:32:27.610+0000] {processor.py:914} INFO - Processing file /opt/airflow/dags/ml_03_oil_pipeline.py for tasks to queue
[2026-09-08T04:32:27.611+0000] {logging_mixin.py:190} INFO - [2026-09-08T04:32:27.611+0000] {dagbag.py:588} INFO - Filling up the DagBag from /opt/airflow/dags/ml_03_oil_pipeline.py
[2026-09-08T04:32:27.985+0000] {processor.py:925} INFO - DAG(s) 'oil_price_pipeline_dag' retrieved from /opt/airflow/dags/ml_03_oil_pipeline.py
[2026-09-08T04:32:28.005+0000] {logging_mixin.py:190} INFO - [2026-09-08T04:32:28.005+0000] {dag.py:3239} INFO - Sync 1 DAGs
[2026-09-08T04:32:28.016+0000] {logging_mixin.py:190} INFO - [2026-09-08T04:32:28.015+0000] {dag.py:4180} INFO - Setting next_dagrun for oil_price_pipeline_dag to None, run_after=None
[2026-09-08T04:32:28.033+0000] {processor.py:208} INFO - Processing /opt/airflow/dags/ml_03_oil_pipeline.py took 0.427 seconds
[2026-09-08T04:32:58.303+0000] {processor.py:186} INFO - Started process (PID=132) to work on /opt/airflow/dags/ml_03_oil_pipeline.py
[2026-09-08T04:32:58.303+0000] {processor.py:914} INFO - Processing file /opt/airflow/dags/ml_03_oil_pipeline.py for tasks to queue
[2026-09-08T04:32:58.304+0000] {logging_mixin.py:190} INFO - [2026-09-08T04:32:58.304+0000] {dagbag.py:588} INFO - Filling up the DagBag from /opt/airflow/dags/ml_03_oil_pipeline.py
[2026-09-08T04:32:58.672+0000] {processor.py:925} INFO - DAG(s) 'oil_price_pipeline_dag' retrieved from /opt/airflow/dags/ml_03_oil_pipeline.py
[2026-09-08T04:32:58.696+0000] {logging_mixin.py:190} INFO - [2026-09-08T04:32:58.695+0000] {dag.py:3239} INFO - Sync 1 DAGs
[2026-09-08T04:32:58.709+0000] {logging_mixin.py:190} INFO - [2026-09-08T04:32:58.708+0000] {dag.py:4180} INFO - Setting next_dagrun for oil_price_pipeline_dag to None, run_after=None
[2026-09-08T04:32:58.732+0000] {processor.py:208} INFO - Processing /opt/airflow/dags/ml_03_oil_pipeline.py took 0.434 seconds
[2026-09-08T04:33:28.841+0000] {processor.py:186} INFO - Started process (PID=146) to work on /opt/airflow/dags/ml_03_oil_pipeline.py
[2026-09-08T04:33:28.841+0000] {processor.py:914} INFO - Processing file /opt/airflow/dags/ml_03_oil_pipeline.py for tasks to queue
[2026-09-08T04:33:28.842+0000] {logging_mixin.py:190} INFO - [2026-09-08T04:33:28.842+0000] {dagbag.py:588} INFO - Filling up the DagBag from /opt/airflow/dags/ml_03_oil_pipeline.py
[2026-09-08T04:33:29.173+0000] {processor.py:925} INFO - DAG(s) 'oil_price_pipeline_dag' retrieved from /opt/airflow/dags/ml_03_oil_pipeline.py
[2026-09-08T04:33:29.191+0000] {logging_mixin.py:190} INFO - [2026-09-08T04:33:29.191+0000] {dag.py:3239} INFO - Sync 1 DAGs
[2026-09-08T04:33:29.200+0000] {logging_mixin.py:190} INFO - [2026-09-08T04:33:29.200+0000] {dag.py:4180} INFO - Setting next_dagrun for oil_price_pipeline_dag to None, run_after=None
[2026-09-08T04:33:29.215+0000] {processor.py:208} INFO - Processing /opt/airflow/dags/ml_03_oil_pipeline.py took 0.379 seconds
[2026-09-08T04:33:59.931+0000] {processor.py:186} INFO - Started process (PID=161) to work on /opt/airflow/dags/ml_03_oil_pipeline.py
[2026-09-08T04:33:59.932+0000] {processor.py:914} INFO - Processing file /opt/airflow/dags/ml_03_oil_pipeline.py for tasks to queue
[2026-09-08T04:33:59.933+0000] {logging_mixin.py:190} INFO - [2026-09-08T04:33:59.933+0000] {dagbag.py:588} INFO - Filling up the DagBag from /opt/airflow/dags/ml_03_oil_pipeline.py
[2026-09-08T04:34:00.285+0000] {processor.py:925} INFO - DAG(s) 'oil_price_pipeline_dag' retrieved from /opt/airflow/dags/ml_03_oil_pipeline.py
[2026-09-08T04:34:00.304+0000] {logging_mixin.py:190} INFO - [2026-09-08T04:34:00.304+0000] {dag.py:3239} INFO - Sync 1 DAGs
[2026-09-08T04:34:00.313+0000] {logging_mixin.py:190} INFO - [2026-09-08T04:34:00.313+0000] {dag.py:4180} INFO - Setting next_dagrun for oil_price_pipeline_dag to None, run_after=None
[2026-09-08T04:34:00.336+0000] {processor.py:208} INFO - Processing /opt/airflow/dags/ml_03_oil_pipeline.py took 0.410 seconds
[2026-09-08T04:34:30.864+0000] {processor.py:186} INFO - Started process (PID=175) to work on /opt/airflow/dags/ml_03_oil_pipeline.py
[2026-09-08T04:34:30.864+0000] {processor.py:914} INFO - Processing file /opt/airflow/dags/ml_03_oil_pipeline.py for tasks to queue
[2026-09-08T04:34:30.865+0000] {logging_mixin.py:190} INFO - [2026-09-08T04:34:30.865+0000] {dagbag.py:588} INFO - Filling up the DagBag from /opt/airflow/dags/ml_03_oil_pipeline.py
[2026-09-08T04:34:31.108+0000] {processor.py:925} INFO - DAG(s) 'oil_price_pipeline_dag' retrieved from /opt/airflow/dags/ml_03_oil_pipeline.py
[2026-09-08T04:34:31.132+0000] {logging_mixin.py:190} INFO - [2026-09-08T04:34:31.131+0000] {dag.py:3239} INFO - Sync 1 DAGs
[2026-09-08T04:34:31.143+0000] {logging_mixin.py:190} INFO - [2026-09-08T04:34:31.143+0000] {dag.py:4180} INFO - Setting next_dagrun for oil_price_pipeline_dag to None, run_after=None
[2026-09-08T04:34:31.161+0000] {processor.py:208} INFO - Processing /opt/airflow/dags/ml_03_oil_pipeline.py took 0.303 seconds
[2026-09-08T04:35:01.452+0000] {processor.py:186} INFO - Started process (PID=189) to work on /opt/airflow/dags/ml_03_oil_pipeline.py
[2026-09-08T04:35:01.453+0000] {processor.py:914} INFO - Processing file /opt/airflow/dags/ml_03_oil_pipeline.py for tasks to queue
[2026-09-08T04:35:01.455+0000] {logging_mixin.py:190} INFO - [2026-09-08T04:35:01.454+0000] {dagbag.py:588} INFO - Filling up the DagBag from /opt/airflow/dags/ml_03_oil_pipeline.py
[2026-09-08T04:35:01.753+0000] {processor.py:925} INFO - DAG(s) 'oil_price_pipeline_dag' retrieved from /opt/airflow/dags/ml_03_oil_pipeline.py
[2026-09-08T04:35:01.786+0000] {logging_mixin.py:190} INFO - [2026-09-08T04:35:01.786+0000] {dag.py:3239} INFO - Sync 1 DAGs
[2026-09-08T04:35:01.799+0000] {logging_mixin.py:190} INFO - [2026-09-08T04:35:01.798+0000] {dag.py:4180} INFO - Setting next_dagrun for oil_price_pipeline_dag to None, run_after=None
[2026-09-08T04:35:01.821+0000] {processor.py:208} INFO - Processing /opt/airflow/dags/ml_03_oil_pipeline.py took 0.375 seconds
[2026-09-08T04:35:32.033+0000] {processor.py:186} INFO - Started process (PID=203) to work on /opt/airflow/dags/ml_03_oil_pipeline.py
[2026-09-08T04:35:32.034+0000] {processor.py:914} INFO - Processing file /opt/airflow/dags/ml_03_oil_pipeline.py for tasks to queue
[2026-09-08T04:35:32.037+0000] {logging_mixin.py:190} INFO - [2026-09-08T04:35:32.036+0000] {dagbag.py:588} INFO - Filling up the DagBag from /opt/airflow/dags/ml_03_oil_pipeline.py
[2026-09-08T04:35:32.383+0000] {processor.py:925} INFO - DAG(s) 'oil_price_pipeline_dag' retrieved from /opt/airflow/dags/ml_03_oil_pipeline.py
[2026-09-08T04:35:32.406+0000] {logging_mixin.py:190} INFO - [2026-09-08T04:35:32.406+0000] {dag.py:3239} INFO - Sync 1 DAGs
[2026-09-08T04:35:32.421+0000] {logging_mixin.py:190} INFO - [2026-09-08T04:35:32.420+0000] {dag.py:4180} INFO - Setting next_dagrun for oil_price_pipeline_dag to None, run_after=None
[2026-09-08T04:35:32.437+0000] {processor.py:208} INFO - Processing /opt/airflow/dags/ml_03_oil_pipeline.py took 0.409 seconds
[2026-09-08T04:36:02.687+0000] {processor.py:186} INFO - Started process (PID=218) to work on /opt/airflow/dags/ml_03_oil_pipeline.py
[2026-09-08T04:36:02.688+0000] {processor.py:914} INFO - Processing file /opt/airflow/dags/ml_03_oil_pipeline.py for tasks to queue
[2026-09-08T04:36:02.689+0000] {logging_mixin.py:190} INFO - [2026-09-08T04:36:02.689+0000] {dagbag.py:588} INFO - Filling up the DagBag from /opt/airflow/dags/ml_03_oil_pipeline.py
[2026-09-08T04:36:02.924+0000] {processor.py:925} INFO - DAG(s) 'oil_price_pipeline_dag' retrieved from /opt/airflow/dags/ml_03_oil_pipeline.py
[2026-09-08T04:36:02.945+0000] {logging_mixin.py:190} INFO - [2026-09-08T04:36:02.944+0000] {dag.py:3239} INFO - Sync 1 DAGs
[2026-09-08T04:36:02.955+0000] {logging_mixin.py:190} INFO - [2026-09-08T04:36:02.955+0000] {dag.py:4180} INFO - Setting next_dagrun for oil_price_pipeline_dag to None, run_after=None
[2026-09-08T04:36:02.983+0000] {processor.py:208} INFO - Processing /opt/airflow/dags/ml_03_oil_pipeline.py took 0.300 seconds
[2026-09-08T04:36:33.379+0000] {processor.py:186} INFO - Started process (PID=232) to work on /opt/airflow/dags/ml_03_oil_pipeline.py
[2026-09-08T04:36:33.380+0000] {processor.py:914} INFO - Processing file /opt/airflow/dags/ml_03_oil_pipeline.py for tasks to queue
[2026-09-08T04:36:33.381+0000] {logging_mixin.py:190} INFO - [2026-09-08T04:36:33.380+0000] {dagbag.py:588} INFO - Filling up the DagBag from /opt/airflow/dags/ml_03_oil_pipeline.py
[2026-09-08T04:36:33.616+0000] {processor.py:925} INFO - DAG(s) 'oil_price_pipeline_dag' retrieved from /opt/airflow/dags/ml_03_oil_pipeline.py
[2026-09-08T04:36:33.642+0000] {logging_mixin.py:190} INFO - [2026-09-08T04:36:33.642+0000] {dag.py:3239} INFO - Sync 1 DAGs
[2026-09-08T04:36:33.659+0000] {logging_mixin.py:190} INFO - [2026-09-08T04:36:33.659+0000] {dag.py:4180} INFO - Setting next_dagrun for oil_price_pipeline_dag to None, run_after=None
[2026-09-08T04:36:33.684+0000] {processor.py:208} INFO - Processing /opt/airflow/dags/ml_03_oil_pipeline.py took 0.311 seconds
[2026-09-08T04:37:03.983+0000] {processor.py:186} INFO - Started process (PID=246) to work on /opt/airflow/dags/ml_03_oil_pipeline.py
[2026-09-08T04:37:03.984+0000] {processor.py:914} INFO - Processing file /opt/airflow/dags/ml_03_oil_pipeline.py for tasks to queue
[2026-09-08T04:37:03.985+0000] {logging_mixin.py:190} INFO - [2026-09-08T04:37:03.985+0000] {dagbag.py:588} INFO - Filling up the DagBag from /opt/airflow/dags/ml_03_oil_pipeline.py
[2026-09-08T04:37:04.229+0000] {processor.py:925} INFO - DAG(s) 'oil_price_pipeline_dag' retrieved from /opt/airflow/dags/ml_03_oil_pipeline.py
[2026-09-08T04:37:04.250+0000] {logging_mixin.py:190} INFO - [2026-09-08T04:37:04.250+0000] {dag.py:3239} INFO - Sync 1 DAGs
[2026-09-08T04:37:04.263+0000] {logging_mixin.py:190} INFO - [2026-09-08T04:37:04.262+0000] {dag.py:4180} INFO - Setting next_dagrun for oil_price_pipeline_dag to None, run_after=None
[2026-09-08T04:37:04.285+0000] {processor.py:208} INFO - Processing /opt/airflow/dags/ml_03_oil_pipeline.py took 0.306 seconds
[2026-09-08T04:37:34.536+0000] {processor.py:186} INFO - Started process (PID=260) to work on /opt/airflow/dags/ml_03_oil_pipeline.py
[2026-09-08T04:37:34.536+0000] {processor.py:914} INFO - Processing file /opt/airflow/dags/ml_03_oil_pipeline.py for tasks to queue
[2026-09-08T04:37:34.538+0000] {logging_mixin.py:190} INFO - [2026-09-08T04:37:34.537+0000] {dagbag.py:588} INFO - Filling up the DagBag from /opt/airflow/dags/ml_03_oil_pipeline.py
[2026-09-08T04:37:34.778+0000] {processor.py:925} INFO - DAG(s) 'oil_price_pipeline_dag' retrieved from /opt/airflow/dags/ml_03_oil_pipeline.py
[2026-09-08T04:37:34.802+0000] {logging_mixin.py:190} INFO - [2026-09-08T04:37:34.802+0000] {dag.py:3239} INFO - Sync 1 DAGs
[2026-09-08T04:37:34.815+0000] {logging_mixin.py:190} INFO - [2026-09-08T04:37:34.815+0000] {dag.py:4180} INFO - Setting next_dagrun for oil_price_pipeline_dag to None, run_after=None
[2026-09-08T04:37:34.840+0000] {processor.py:208} INFO - Processing /opt/airflow/dags/ml_03_oil_pipeline.py took 0.310 seconds
[2026-09-08T04:38:05.179+0000] {processor.py:186} INFO - Started process (PID=274) to work on /opt/airflow/dags/ml_03_oil_pipeline.py
[2026-09-08T04:38:05.179+0000] {processor.py:914} INFO - Processing file /opt/airflow/dags/ml_03_oil_pipeline.py for tasks to queue
[2026-09-08T04:38:05.180+0000] {logging_mixin.py:190} INFO - [2026-09-08T04:38:05.180+0000] {dagbag.py:588} INFO - Filling up the DagBag from /opt/airflow/dags/ml_03_oil_pipeline.py
[2026-09-08T04:38:05.409+0000] {processor.py:925} INFO - DAG(s) 'oil_price_pipeline_dag' retrieved from /opt/airflow/dags/ml_03_oil_pipeline.py
[2026-09-08T04:38:05.430+0000] {logging_mixin.py:190} INFO - [2026-09-08T04:38:05.430+0000] {dag.py:3239} INFO - Sync 1 DAGs
[2026-09-08T04:38:05.441+0000] {logging_mixin.py:190} INFO - [2026-09-08T04:38:05.441+0000] {dag.py:4180} INFO - Setting next_dagrun for oil_price_pipeline_dag to None, run_after=None
[2026-09-08T04:38:05.455+0000] {processor.py:208} INFO - Processing /opt/airflow/dags/ml_03_oil_pipeline.py took 0.281 seconds
[2026-09-08T04:38:35.737+0000] {processor.py:186} INFO - Started process (PID=288) to work on /opt/airflow/dags/ml_03_oil_pipeline.py
[2026-09-08T04:38:35.738+0000] {processor.py:914} INFO - Processing file /opt/airflow/dags/ml_03_oil_pipeline.py for tasks to queue
[2026-09-08T04:38:35.739+0000] {logging_mixin.py:190} INFO - [2026-09-08T04:38:35.739+0000] {dagbag.py:588} INFO - Filling up the DagBag from /opt/airflow/dags/ml_03_oil_pipeline.py
[2026-09-08T04:38:35.970+0000] {processor.py:925} INFO - DAG(s) 'oil_price_pipeline_dag' retrieved from /opt/airflow/dags/ml_03_oil_pipeline.py
[2026-09-08T04:38:35.991+0000] {logging_mixin.py:190} INFO - [2026-09-08T04:38:35.991+0000] {dag.py:3239} INFO - Sync 1 DAGs
[2026-09-08T04:38:36.006+0000] {logging_mixin.py:190} INFO - [2026-09-08T04:38:36.006+0000] {dag.py:4180} INFO - Setting next_dagrun for oil_price_pipeline_dag to None, run_after=None
[2026-09-08T04:38:36.024+0000] {processor.py:208} INFO - Processing /opt/airflow/dags/ml_03_oil_pipeline.py took 0.292 seconds
[2026-09-08T04:39:06.318+0000] {processor.py:186} INFO - Started process (PID=302) to work on /opt/airflow/dags/ml_03_oil_pipeline.py
[2026-09-08T04:39:06.319+0000] {processor.py:914} INFO - Processing file /opt/airflow/dags/ml_03_oil_pipeline.py for tasks to queue
[2026-09-08T04:39:06.320+0000] {logging_mixin.py:190} INFO - [2026-09-08T04:39:06.320+0000] {dagbag.py:588} INFO - Filling up the DagBag from /opt/airflow/dags/ml_03_oil_pipeline.py
[2026-09-08T04:39:06.555+0000] {processor.py:925} INFO - DAG(s) 'oil_price_pipeline_dag' retrieved from /opt/airflow/dags/ml_03_oil_pipeline.py
[2026-09-08T04:39:06.577+0000] {logging_mixin.py:190} INFO - [2026-09-08T04:39:06.577+0000] {dag.py:3239} INFO - Sync 1 DAGs
[2026-09-08T04:39:06.591+0000] {logging_mixin.py:190} INFO - [2026-09-08T04:39:06.591+0000] {dag.py:4180} INFO - Setting next_dagrun for oil_price_pipeline_dag to None, run_after=None
[2026-09-08T04:39:06.610+0000] {processor.py:208} INFO - Processing /opt/airflow/dags/ml_03_oil_pipeline.py took 0.296 seconds
[2026-09-08T04:39:36.928+0000] {processor.py:186} INFO - Started process (PID=316) to work on /opt/airflow/dags/ml_03_oil_pipeline.py
[2026-09-08T04:39:36.928+0000] {processor.py:914} INFO - Processing file /opt/airflow/dags/ml_03_oil_pipeline.py for tasks to queue
[2026-09-08T04:39:36.929+0000] {logging_mixin.py:190} INFO - [2026-09-08T04:39:36.929+0000] {dagbag.py:588} INFO - Filling up the DagBag from /opt/airflow/dags/ml_03_oil_pipeline.py
[2026-09-08T04:39:37.166+0000] {processor.py:925} INFO - DAG(s) 'oil_price_pipeline_dag' retrieved from /opt/airflow/dags/ml_03_oil_pipeline.py
[2026-09-08T04:39:37.191+0000] {logging_mixin.py:190} INFO - [2026-09-08T04:39:37.191+0000] {dag.py:3239} INFO - Sync 1 DAGs
[2026-09-08T04:39:37.202+0000] {logging_mixin.py:190} INFO - [2026-09-08T04:39:37.202+0000] {dag.py:4180} INFO - Setting next_dagrun for oil_price_pipeline_dag to None, run_after=None
[2026-09-08T04:39:37.220+0000] {processor.py:208} INFO - Processing /opt/airflow/dags/ml_03_oil_pipeline.py took 0.297 seconds
[2026-09-08T04:40:07.475+0000] {processor.py:186} INFO - Started process (PID=330) to work on /opt/airflow/dags/ml_03_oil_pipeline.py
[2026-09-08T04:40:07.476+0000] {processor.py:914} INFO - Processing file /opt/airflow/dags/ml_03_oil_pipeline.py for tasks to queue
[2026-09-08T04:40:07.477+0000] {logging_mixin.py:190} INFO - [2026-09-08T04:40:07.477+0000] {dagbag.py:588} INFO - Filling up the DagBag from /opt/airflow/dags/ml_03_oil_pipeline.py
[2026-09-08T04:40:07.699+0000] {processor.py:925} INFO - DAG(s) 'oil_price_pipeline_dag' retrieved from /opt/airflow/dags/ml_03_oil_pipeline.py
[2026-09-08T04:40:07.718+0000] {logging_mixin.py:190} INFO - [2026-09-08T04:40:07.718+0000] {dag.py:3239} INFO - Sync 1 DAGs
[2026-09-08T04:40:07.729+0000] {logging_mixin.py:190} INFO - [2026-09-08T04:40:07.729+0000] {dag.py:4180} INFO - Setting next_dagrun for oil_price_pipeline_dag to None, run_after=None
[2026-09-08T04:40:07.750+0000] {processor.py:208} INFO - Processing /opt/airflow/dags/ml_03_oil_pipeline.py took 0.279 seconds
[2026-09-08T04:40:38.161+0000] {processor.py:186} INFO - Started process (PID=344) to work on /opt/airflow/dags/ml_03_oil_pipeline.py
[2026-09-08T04:40:38.162+0000] {processor.py:914} INFO - Processing file /opt/airflow/dags/ml_03_oil_pipeline.py for tasks to queue
[2026-09-08T04:40:38.163+0000] {logging_mixin.py:190} INFO - [2026-09-08T04:40:38.162+0000] {dagbag.py:588} INFO - Filling up the DagBag from /opt/airflow/dags/ml_03_oil_pipeline.py
[2026-09-08T04:40:38.391+0000] {processor.py:925} INFO - DAG(s) 'oil_price_pipeline_dag' retrieved from /opt/airflow/dags/ml_03_oil_pipeline.py
[2026-09-08T04:40:38.411+0000] {logging_mixin.py:190} INFO - [2026-09-08T04:40:38.411+0000] {dag.py:3239} INFO - Sync 1 DAGs
[2026-09-08T04:40:38.421+0000] {logging_mixin.py:190} INFO - [2026-09-08T04:40:38.421+0000] {dag.py:4180} INFO - Setting next_dagrun for oil_price_pipeline_dag to None, run_after=None
[2026-09-08T04:40:38.437+0000] {processor.py:208} INFO - Processing /opt/airflow/dags/ml_03_oil_pipeline.py took 0.281 seconds
[2026-09-08T04:41:08.890+0000] {processor.py:186} INFO - Started process (PID=358) to work on /opt/airflow/dags/ml_03_oil_pipeline.py
[2026-09-08T04:41:08.891+0000] {processor.py:914} INFO - Processing file /opt/airflow/dags/ml_03_oil_pipeline.py for tasks to queue
[2026-09-08T04:41:08.892+0000] {logging_mixin.py:190} INFO - [2026-09-08T04:41:08.892+0000] {dagbag.py:588} INFO - Filling up the DagBag from /opt/airflow/dags/ml_03_oil_pipeline.py
[2026-09-08T04:41:09.156+0000] {processor.py:925} INFO - DAG(s) 'oil_price_pipeline_dag' retrieved from /opt/airflow/dags/ml_03_oil_pipeline.py
[2026-09-08T04:41:09.182+0000] {logging_mixin.py:190} INFO - [2026-09-08T04:41:09.182+0000] {dag.py:3239} INFO - Sync 1 DAGs
[2026-09-08T04:41:09.197+0000] {logging_mixin.py:190} INFO - [2026-09-08T04:41:09.197+0000] {dag.py:4180} INFO - Setting next_dagrun for oil_price_pipeline_dag to None, run_after=None
[2026-09-08T04:41:09.217+0000] {processor.py:208} INFO - Processing /opt/airflow/dags/ml_03_oil_pipeline.py took 0.333 seconds
[2026-09-08T04:41:39.463+0000] {processor.py:186} INFO - Started process (PID=372) to work on /opt/airflow/dags/ml_03_oil_pipeline.py
[2026-09-08T04:41:39.464+0000] {processor.py:914} INFO - Processing file /opt/airflow/dags/ml_03_oil_pipeline.py for tasks to queue
[2026-09-08T04:41:39.465+0000] {logging_mixin.py:190} INFO - [2026-09-08T04:41:39.465+0000] {dagbag.py:588} INFO - Filling up the DagBag from /opt/airflow/dags/ml_03_oil_pipeline.py
[2026-09-08T04:41:39.732+0000] {processor.py:925} INFO - DAG(s) 'oil_price_pipeline_dag' retrieved from /opt/airflow/dags/ml_03_oil_pipeline.py
[2026-09-08T04:41:39.763+0000] {logging_mixin.py:190} INFO - [2026-09-08T04:41:39.763+0000] {dag.py:3239} INFO - Sync 1 DAGs
[2026-09-08T04:41:39.777+0000] {logging_mixin.py:190} INFO - [2026-09-08T04:41:39.777+0000] {dag.py:4180} INFO - Setting next_dagrun for oil_price_pipeline_dag to None, run_after=None
[2026-09-08T04:41:39.798+0000] {processor.py:208} INFO - Processing /opt/airflow/dags/ml_03_oil_pipeline.py took 0.339 seconds
[2026-09-08T04:42:10.213+0000] {processor.py:186} INFO - Started process (PID=386) to work on /opt/airflow/dags/ml_03_oil_pipeline.py
[2026-09-08T04:42:10.214+0000] {processor.py:914} INFO - Processing file /opt/airflow/dags/ml_03_oil_pipeline.py for tasks to queue
[2026-09-08T04:42:10.215+0000] {logging_mixin.py:190} INFO - [2026-09-08T04:42:10.215+0000] {dagbag.py:588} INFO - Filling up the DagBag from /opt/airflow/dags/ml_03_oil_pipeline.py
[2026-09-08T04:42:10.440+0000] {processor.py:925} INFO - DAG(s) 'oil_price_pipeline_dag' retrieved from /opt/airflow/dags/ml_03_oil_pipeline.py
[2026-09-08T04:42:10.471+0000] {logging_mixin.py:190} INFO - [2026-09-08T04:42:10.471+0000] {dag.py:3239} INFO - Sync 1 DAGs
[2026-09-08T04:42:10.484+0000] {logging_mixin.py:190} INFO - [2026-09-08T04:42:10.484+0000] {dag.py:4180} INFO - Setting next_dagrun for oil_price_pipeline_dag to None, run_after=None
[2026-09-08T04:42:10.513+0000] {processor.py:208} INFO - Processing /opt/airflow/dags/ml_03_oil_pipeline.py took 0.305 seconds
[2026-09-08T04:42:40.781+0000] {processor.py:186} INFO - Started process (PID=400) to work on /opt/airflow/dags/ml_03_oil_pipeline.py
[2026-09-08T04:42:40.781+0000] {processor.py:914} INFO - Processing file /opt/airflow/dags/ml_03_oil_pipeline.py for tasks to queue
[2026-09-08T04:42:40.783+0000] {logging_mixin.py:190} INFO - [2026-09-08T04:42:40.782+0000] {dagbag.py:588} INFO - Filling up the DagBag from /opt/airflow/dags/ml_03_oil_pipeline.py
[2026-09-08T04:42:41.033+0000] {processor.py:925} INFO - DAG(s) 'oil_price_pipeline_dag' retrieved from /opt/airflow/dags/ml_03_oil_pipeline.py
[2026-09-08T04:42:41.058+0000] {logging_mixin.py:190} INFO - [2026-09-08T04:42:41.058+0000] {dag.py:3239} INFO - Sync 1 DAGs
[2026-09-08T04:42:41.071+0000] {logging_mixin.py:190} INFO - [2026-09-08T04:42:41.070+0000] {dag.py:4180} INFO - Setting next_dagrun for oil_price_pipeline_dag to None, run_after=None
[2026-09-08T04:42:41.088+0000] {processor.py:208} INFO - Processing /opt/airflow/dags/ml_03_oil_pipeline.py took 0.312 seconds
[2026-09-08T04:43:11.333+0000] {processor.py:186} INFO - Started process (PID=414) to work on /opt/airflow/dags/ml_03_oil_pipeline.py
[2026-09-08T04:43:11.334+0000] {processor.py:914} INFO - Processing file /opt/airflow/dags/ml_03_oil_pipeline.py for tasks to queue
[2026-09-08T04:43:11.335+0000] {logging_mixin.py:190} INFO - [2026-09-08T04:43:11.335+0000] {dagbag.py:588} INFO - Filling up the DagBag from /opt/airflow/dags/ml_03_oil_pipeline.py
[2026-09-08T04:43:11.568+0000] {processor.py:925} INFO - DAG(s) 'oil_price_pipeline_dag' retrieved from /opt/airflow/dags/ml_03_oil_pipeline.py
[2026-09-08T04:43:11.589+0000] {logging_mixin.py:190} INFO - [2026-09-08T04:43:11.589+0000] {dag.py:3239} INFO - Sync 1 DAGs
[2026-09-08T04:43:11.600+0000] {logging_mixin.py:190} INFO - [2026-09-08T04:43:11.600+0000] {dag.py:4180} INFO - Setting next_dagrun for oil_price_pipeline_dag to None, run_after=None
[2026-09-08T04:43:11.616+0000] {processor.py:208} INFO - Processing /opt/airflow/dags/ml_03_oil_pipeline.py took 0.287 seconds
[2026-09-08T04:43:41.868+0000] {processor.py:186} INFO - Started process (PID=428) to work on /opt/airflow/dags/ml_03_oil_pipeline.py
[2026-09-08T04:43:41.868+0000] {processor.py:914} INFO - Processing file /opt/airflow/dags/ml_03_oil_pipeline.py for tasks to queue
[2026-09-08T04:43:41.870+0000] {logging_mixin.py:190} INFO - [2026-09-08T04:43:41.869+0000] {dagbag.py:588} INFO - Filling up the DagBag from /opt/airflow/dags/ml_03_oil_pipeline.py
[2026-09-08T04:43:42.106+0000] {processor.py:925} INFO - DAG(s) 'oil_price_pipeline_dag' retrieved from /opt/airflow/dags/ml_03_oil_pipeline.py
[2026-09-08T04:43:42.128+0000] {logging_mixin.py:190} INFO - [2026-09-08T04:43:42.128+0000] {dag.py:3239} INFO - Sync 1 DAGs
[2026-09-08T04:43:42.140+0000] {logging_mixin.py:190} INFO - [2026-09-08T04:43:42.140+0000] {dag.py:4180} INFO - Setting next_dagrun for oil_price_pipeline_dag to None, run_after=None
[2026-09-08T04:43:42.156+0000] {processor.py:208} INFO - Processing /opt/airflow/dags/ml_03_oil_pipeline.py took 0.292 seconds
[2026-09-08T04:44:12.491+0000] {processor.py:186} INFO - Started process (PID=442) to work on /opt/airflow/dags/ml_03_oil_pipeline.py
[2026-09-08T04:44:12.492+0000] {processor.py:914} INFO - Processing file /opt/airflow/dags/ml_03_oil_pipeline.py for tasks to queue
[2026-09-08T04:44:12.493+0000] {logging_mixin.py:190} INFO - [2026-09-08T04:44:12.493+0000] {dagbag.py:588} INFO - Filling up the DagBag from /opt/airflow/dags/ml_03_oil_pipeline.py
[2026-09-08T04:44:12.757+0000] {processor.py:925} INFO - DAG(s) 'oil_price_pipeline_dag' retrieved from /opt/airflow/dags/ml_03_oil_pipeline.py
[2026-09-08T04:44:12.779+0000] {logging_mixin.py:190} INFO - [2026-09-08T04:44:12.778+0000] {dag.py:3239} INFO - Sync 1 DAGs
[2026-09-08T04:44:12.789+0000] {logging_mixin.py:190} INFO - [2026-09-08T04:44:12.789+0000] {dag.py:4180} INFO - Setting next_dagrun for oil_price_pipeline_dag to None, run_after=None
[2026-09-08T04:44:12.805+0000] {processor.py:208} INFO - Processing /opt/airflow/dags/ml_03_oil_pipeline.py took 0.319 seconds
[2026-09-08T04:44:42.923+0000] {processor.py:186} INFO - Started process (PID=456) to work on /opt/airflow/dags/ml_03_oil_pipeline.py
[2026-09-08T04:44:42.924+0000] {processor.py:914} INFO - Processing file /opt/airflow/dags/ml_03_oil_pipeline.py for tasks to queue
[2026-09-08T04:44:42.925+0000] {logging_mixin.py:190} INFO - [2026-09-08T04:44:42.925+0000] {dagbag.py:588} INFO - Filling up the DagBag from /opt/airflow/dags/ml_03_oil_pipeline.py
[2026-09-08T04:44:43.150+0000] {processor.py:925} INFO - DAG(s) 'oil_price_pipeline_dag' retrieved from /opt/airflow/dags/ml_03_oil_pipeline.py
[2026-09-08T04:44:43.172+0000] {logging_mixin.py:190} INFO - [2026-09-08T04:44:43.172+0000] {dag.py:3239} INFO - Sync 1 DAGs
[2026-09-08T04:44:43.182+0000] {logging_mixin.py:190} INFO - [2026-09-08T04:44:43.182+0000] {dag.py:4180} INFO - Setting next_dagrun for oil_price_pipeline_dag to None, run_after=None
[2026-09-08T04:44:43.198+0000] {processor.py:208} INFO - Processing /opt/airflow/dags/ml_03_oil_pipeline.py took 0.279 seconds
[2026-09-08T04:45:13.502+0000] {processor.py:186} INFO - Started process (PID=470) to work on /opt/airflow/dags/ml_03_oil_pipeline.py
[2026-09-08T04:45:13.503+0000] {processor.py:914} INFO - Processing file /opt/airflow/dags/ml_03_oil_pipeline.py for tasks to queue
[2026-09-08T04:45:13.504+0000] {logging_mixin.py:190} INFO - [2026-09-08T04:45:13.503+0000] {dagbag.py:588} INFO - Filling up the DagBag from /opt/airflow/dags/ml_03_oil_pipeline.py
[2026-09-08T04:45:13.748+0000] {processor.py:925} INFO - DAG(s) 'oil_price_pipeline_dag' retrieved from /opt/airflow/dags/ml_03_oil_pipeline.py
[2026-09-08T04:45:13.771+0000] {logging_mixin.py:190} INFO - [2026-09-08T04:45:13.771+0000] {dag.py:3239} INFO - Sync 1 DAGs
[2026-09-08T04:45:13.785+0000] {logging_mixin.py:190} INFO - [2026-09-08T04:45:13.785+0000] {dag.py:4180} INFO - Setting next_dagrun for oil_price_pipeline_dag to None, run_after=None
[2026-09-08T04:45:13.804+0000] {processor.py:208} INFO - Processing /opt/airflow/dags/ml_03_oil_pipeline.py took 0.307 seconds
[2026-09-08T04:45:44.088+0000] {processor.py:186} INFO - Started process (PID=484) to work on /opt/airflow/dags/ml_03_oil_pipeline.py
[2026-09-08T04:45:44.088+0000] {processor.py:914} INFO - Processing file /opt/airflow/dags/ml_03_oil_pipeline.py for tasks to queue
[2026-09-08T04:45:44.089+0000] {logging_mixin.py:190} INFO - [2026-09-08T04:45:44.089+0000] {dagbag.py:588} INFO - Filling up the DagBag from /opt/airflow/dags/ml_03_oil_pipeline.py
[2026-09-08T04:45:44.327+0000] {processor.py:925} INFO - DAG(s) 'oil_price_pipeline_dag' retrieved from /opt/airflow/dags/ml_03_oil_pipeline.py
[2026-09-08T04:45:44.348+0000] {logging_mixin.py:190} INFO - [2026-09-08T04:45:44.348+0000] {dag.py:3239} INFO - Sync 1 DAGs
[2026-09-08T04:45:44.359+0000] {logging_mixin.py:190} INFO - [2026-09-08T04:45:44.358+0000] {dag.py:4180} INFO - Setting next_dagrun for oil_price_pipeline_dag to None, run_after=None
[2026-09-08T04:45:44.375+0000] {processor.py:208} INFO - Processing /opt/airflow/dags/ml_03_oil_pipeline.py took 0.292 seconds
[2026-09-08T04:46:14.690+0000] {processor.py:186} INFO - Started process (PID=498) to work on /opt/airflow/dags/ml_03_oil_pipeline.py
[2026-09-08T04:46:14.691+0000] {processor.py:914} INFO - Processing file /opt/airflow/dags/ml_03_oil_pipeline.py for tasks to queue
[2026-09-08T04:46:14.692+0000] {logging_mixin.py:190} INFO - [2026-09-08T04:46:14.691+0000] {dagbag.py:588} INFO - Filling up the DagBag from /opt/airflow/dags/ml_03_oil_pipeline.py
[2026-09-08T04:46:15.064+0000] {processor.py:925} INFO - DAG(s) 'oil_price_pipeline_dag' retrieved from /opt/airflow/dags/ml_03_oil_pipeline.py
[2026-09-08T04:46:15.091+0000] {logging_mixin.py:190} INFO - [2026-09-08T04:46:15.090+0000] {dag.py:3239} INFO - Sync 1 DAGs
[2026-09-08T04:46:15.102+0000] {logging_mixin.py:190} INFO - [2026-09-08T04:46:15.102+0000] {dag.py:4180} INFO - Setting next_dagrun for oil_price_pipeline_dag to None, run_after=None
[2026-09-08T04:46:15.124+0000] {processor.py:208} INFO - Processing /opt/airflow/dags/ml_03_oil_pipeline.py took 0.439 seconds
[2026-09-08T04:46:45.389+0000] {processor.py:186} INFO - Started process (PID=512) to work on /opt/airflow/dags/ml_03_oil_pipeline.py
[2026-09-08T04:46:45.390+0000] {processor.py:914} INFO - Processing file /opt/airflow/dags/ml_03_oil_pipeline.py for tasks to queue
[2026-09-08T04:46:45.391+0000] {logging_mixin.py:190} INFO - [2026-09-08T04:46:45.390+0000] {dagbag.py:588} INFO - Filling up the DagBag from /opt/airflow/dags/ml_03_oil_pipeline.py
[2026-09-08T04:46:45.643+0000] {processor.py:925} INFO - DAG(s) 'oil_price_pipeline_dag' retrieved from /opt/airflow/dags/ml_03_oil_pipeline.py
[2026-09-08T04:46:45.668+0000] {logging_mixin.py:190} INFO - [2026-09-08T04:46:45.668+0000] {dag.py:3239} INFO - Sync 1 DAGs
[2026-09-08T04:46:45.678+0000] {logging_mixin.py:190} INFO - [2026-09-08T04:46:45.677+0000] {dag.py:4180} INFO - Setting next_dagrun for oil_price_pipeline_dag to None, run_after=None
[2026-09-08T04:46:45.693+0000] {processor.py:208} INFO - Processing /opt/airflow/dags/ml_03_oil_pipeline.py took 0.314 seconds
[2026-09-08T04:47:15.930+0000] {processor.py:186} INFO - Started process (PID=526) to work on /opt/airflow/dags/ml_03_oil_pipeline.py
[2026-09-08T04:47:15.931+0000] {processor.py:914} INFO - Processing file /opt/airflow/dags/ml_03_oil_pipeline.py for tasks to queue
[2026-09-08T04:47:15.932+0000] {logging_mixin.py:190} INFO - [2026-09-08T04:47:15.932+0000] {dagbag.py:588} INFO - Filling up the DagBag from /opt/airflow/dags/ml_03_oil_pipeline.py
[2026-09-08T04:47:16.177+0000] {processor.py:925} INFO - DAG(s) 'oil_price_pipeline_dag' retrieved from /opt/airflow/dags/ml_03_oil_pipeline.py
[2026-09-08T04:47:16.196+0000] {logging_mixin.py:190} INFO - [2026-09-08T04:47:16.196+0000] {dag.py:3239} INFO - Sync 1 DAGs
[2026-09-08T04:47:16.207+0000] {logging_mixin.py:190} INFO - [2026-09-08T04:47:16.206+0000] {dag.py:4180} INFO - Setting next_dagrun for oil_price_pipeline_dag to None, run_after=None
[2026-09-08T04:47:16.236+0000] {processor.py:208} INFO - Processing /opt/airflow/dags/ml_03_oil_pipeline.py took 0.311 seconds
[2026-09-08T04:47:46.715+0000] {processor.py:186} INFO - Started process (PID=541) to work on /opt/airflow/dags/ml_03_oil_pipeline.py
[2026-09-08T04:47:46.716+0000] {processor.py:914} INFO - Processing file /opt/airflow/dags/ml_03_oil_pipeline.py for tasks to queue
[2026-09-08T04:47:46.717+0000] {logging_mixin.py:190} INFO - [2026-09-08T04:47:46.717+0000] {dagbag.py:588} INFO - Filling up the DagBag from /opt/airflow/dags/ml_03_oil_pipeline.py
[2026-09-08T04:47:46.979+0000] {processor.py:925} INFO - DAG(s) 'oil_price_pipeline_dag' retrieved from /opt/airflow/dags/ml_03_oil_pipeline.py
[2026-09-08T04:47:47.004+0000] {logging_mixin.py:190} INFO - [2026-09-08T04:47:47.004+0000] {dag.py:3239} INFO - Sync 1 DAGs
[2026-09-08T04:47:47.015+0000] {logging_mixin.py:190} INFO - [2026-09-08T04:47:47.015+0000] {dag.py:4180} INFO - Setting next_dagrun for oil_price_pipeline_dag to None, run_after=None
[2026-09-08T04:47:47.036+0000] {processor.py:208} INFO - Processing /opt/airflow/dags/ml_03_oil_pipeline.py took 0.325 seconds
[2026-09-08T04:48:17.315+0000] {processor.py:186} INFO - Started process (PID=555) to work on /opt/airflow/dags/ml_03_oil_pipeline.py
[2026-09-08T04:48:17.316+0000] {processor.py:914} INFO - Processing file /opt/airflow/dags/ml_03_oil_pipeline.py for tasks to queue
[2026-09-08T04:48:17.317+0000] {logging_mixin.py:190} INFO - [2026-09-08T04:48:17.316+0000] {dagbag.py:588} INFO - Filling up the DagBag from /opt/airflow/dags/ml_03_oil_pipeline.py
[2026-09-08T04:48:17.558+0000] {processor.py:925} INFO - DAG(s) 'oil_price_pipeline_dag' retrieved from /opt/airflow/dags/ml_03_oil_pipeline.py
[2026-09-08T04:48:17.579+0000] {logging_mixin.py:190} INFO - [2026-09-08T04:48:17.579+0000] {dag.py:3239} INFO - Sync 1 DAGs
[2026-09-08T04:48:17.590+0000] {logging_mixin.py:190} INFO - [2026-09-08T04:48:17.590+0000] {dag.py:4180} INFO - Setting next_dagrun for oil_price_pipeline_dag to None, run_after=None
[2026-09-08T04:48:17.606+0000] {processor.py:208} INFO - Processing /opt/airflow/dags/ml_03_oil_pipeline.py took 0.297 seconds
[2026-09-08T04:48:47.915+0000] {processor.py:186} INFO - Started process (PID=569) to work on /opt/airflow/dags/ml_03_oil_pipeline.py
[2026-09-08T04:48:47.916+0000] {processor.py:914} INFO - Processing file /opt/airflow/dags/ml_03_oil_pipeline.py for tasks to queue
[2026-09-08T04:48:47.917+0000] {logging_mixin.py:190} INFO - [2026-09-08T04:48:47.917+0000] {dagbag.py:588} INFO - Filling up the DagBag from /opt/airflow/dags/ml_03_oil_pipeline.py
[2026-09-08T04:48:48.188+0000] {processor.py:925} INFO - DAG(s) 'oil_price_pipeline_dag' retrieved from /opt/airflow/dags/ml_03_oil_pipeline.py
[2026-09-08T04:48:48.213+0000] {logging_mixin.py:190} INFO - [2026-09-08T04:48:48.212+0000] {dag.py:3239} INFO - Sync 1 DAGs
[2026-09-08T04:48:48.226+0000] {logging_mixin.py:190} INFO - [2026-09-08T04:48:48.226+0000] {dag.py:4180} INFO - Setting next_dagrun for oil_price_pipeline_dag to None, run_after=None
[2026-09-08T04:48:48.248+0000] {processor.py:208} INFO - Processing /opt/airflow/dags/ml_03_oil_pipeline.py took 0.339 seconds
[2026-09-08T04:49:18.386+0000] {processor.py:186} INFO - Started process (PID=583) to work on /opt/airflow/dags/ml_03_oil_pipeline.py
[2026-09-08T04:49:18.387+0000] {processor.py:914} INFO - Processing file /opt/airflow/dags/ml_03_oil_pipeline.py for tasks to queue
[2026-09-08T04:49:18.388+0000] {logging_mixin.py:190} INFO - [2026-09-08T04:49:18.388+0000] {dagbag.py:588} INFO - Filling up the DagBag from /opt/airflow/dags/ml_03_oil_pipeline.py
[2026-09-08T04:49:18.606+0000] {processor.py:925} INFO - DAG(s) 'oil_price_pipeline_dag' retrieved from /opt/airflow/dags/ml_03_oil_pipeline.py
[2026-09-08T04:49:18.626+0000] {logging_mixin.py:190} INFO - [2026-09-08T04:49:18.626+0000] {dag.py:3239} INFO - Sync 1 DAGs
[2026-09-08T04:49:18.638+0000] {logging_mixin.py:190} INFO - [2026-09-08T04:49:18.638+0000] {dag.py:4180} INFO - Setting next_dagrun for oil_price_pipeline_dag to None, run_after=None
[2026-09-08T04:49:18.663+0000] {processor.py:208} INFO - Processing /opt/airflow/dags/ml_03_oil_pipeline.py took 0.281 seconds
[2026-09-08T04:49:48.962+0000] {processor.py:186} INFO - Started process (PID=598) to work on /opt/airflow/dags/ml_03_oil_pipeline.py
[2026-09-08T04:49:48.962+0000] {processor.py:914} INFO - Processing file /opt/airflow/dags/ml_03_oil_pipeline.py for tasks to queue
[2026-09-08T04:49:48.964+0000] {logging_mixin.py:190} INFO - [2026-09-08T04:49:48.964+0000] {dagbag.py:588} INFO - Filling up the DagBag from /opt/airflow/dags/ml_03_oil_pipeline.py
[2026-09-08T04:49:49.237+0000] {processor.py:925} INFO - DAG(s) 'oil_price_pipeline_dag' retrieved from /opt/airflow/dags/ml_03_oil_pipeline.py
[2026-09-08T04:49:49.262+0000] {logging_mixin.py:190} INFO - [2026-09-08T04:49:49.262+0000] {dag.py:3239} INFO - Sync 1 DAGs
[2026-09-08T04:49:49.275+0000] {logging_mixin.py:190} INFO - [2026-09-08T04:49:49.274+0000] {dag.py:4180} INFO - Setting next_dagrun for oil_price_pipeline_dag to None, run_after=None
[2026-09-08T04:49:49.296+0000] {processor.py:208} INFO - Processing /opt/airflow/dags/ml_03_oil_pipeline.py took 0.340 seconds
[2026-09-08T04:50:19.719+0000] {processor.py:186} INFO - Started process (PID=612) to work on /opt/airflow/dags/ml_03_oil_pipeline.py
[2026-09-08T04:50:19.719+0000] {processor.py:914} INFO - Processing file /opt/airflow/dags/ml_03_oil_pipeline.py for tasks to queue
[2026-09-08T04:50:19.721+0000] {logging_mixin.py:190} INFO - [2026-09-08T04:50:19.721+0000] {dagbag.py:588} INFO - Filling up the DagBag from /opt/airflow/dags/ml_03_oil_pipeline.py
[2026-09-08T04:50:19.948+0000] {processor.py:925} INFO - DAG(s) 'oil_price_pipeline_dag' retrieved from /opt/airflow/dags/ml_03_oil_pipeline.py
[2026-09-08T04:50:19.968+0000] {logging_mixin.py:190} INFO - [2026-09-08T04:50:19.968+0000] {dag.py:3239} INFO - Sync 1 DAGs
[2026-09-08T04:50:19.977+0000] {logging_mixin.py:190} INFO - [2026-09-08T04:50:19.977+0000] {dag.py:4180} INFO - Setting next_dagrun for oil_price_pipeline_dag to None, run_after=None
[2026-09-08T04:50:19.993+0000] {processor.py:208} INFO - Processing /opt/airflow/dags/ml_03_oil_pipeline.py took 0.280 seconds
[2026-09-08T04:50:50.313+0000] {processor.py:186} INFO - Started process (PID=626) to work on /opt/airflow/dags/ml_03_oil_pipeline.py
[2026-09-08T04:50:50.314+0000] {processor.py:914} INFO - Processing file /opt/airflow/dags/ml_03_oil_pipeline.py for tasks to queue
[2026-09-08T04:50:50.315+0000] {logging_mixin.py:190} INFO - [2026-09-08T04:50:50.315+0000] {dagbag.py:588} INFO - Filling up the DagBag from /opt/airflow/dags/ml_03_oil_pipeline.py
[2026-09-08T04:50:50.604+0000] {processor.py:925} INFO - DAG(s) 'oil_price_pipeline_dag' retrieved from /opt/airflow/dags/ml_03_oil_pipeline.py
[2026-09-08T04:50:50.626+0000] {logging_mixin.py:190} INFO - [2026-09-08T04:50:50.626+0000] {dag.py:3239} INFO - Sync 1 DAGs
[2026-09-08T04:50:50.638+0000] {logging_mixin.py:190} INFO - [2026-09-08T04:50:50.638+0000] {dag.py:4180} INFO - Setting next_dagrun for oil_price_pipeline_dag to None, run_after=None
[2026-09-08T04:50:50.654+0000] {processor.py:208} INFO - Processing /opt/airflow/dags/ml_03_oil_pipeline.py took 0.346 seconds
[2026-09-08T04:51:20.902+0000] {processor.py:186} INFO - Started process (PID=640) to work on /opt/airflow/dags/ml_03_oil_pipeline.py
[2026-09-08T04:51:20.903+0000] {processor.py:914} INFO - Processing file /opt/airflow/dags/ml_03_oil_pipeline.py for tasks to queue
[2026-09-08T04:51:20.904+0000] {logging_mixin.py:190} INFO - [2026-09-08T04:51:20.903+0000] {dagbag.py:588} INFO - Filling up the DagBag from /opt/airflow/dags/ml_03_oil_pipeline.py
[2026-09-08T04:51:21.165+0000] {processor.py:925} INFO - DAG(s) 'oil_price_pipeline_dag' retrieved from /opt/airflow/dags/ml_03_oil_pipeline.py
[2026-09-08T04:51:21.188+0000] {logging_mixin.py:190} INFO - [2026-09-08T04:51:21.187+0000] {dag.py:3239} INFO - Sync 1 DAGs
[2026-09-08T04:51:21.200+0000] {logging_mixin.py:190} INFO - [2026-09-08T04:51:21.200+0000] {dag.py:4180} INFO - Setting next_dagrun for oil_price_pipeline_dag to None, run_after=None
[2026-09-08T04:51:21.216+0000] {processor.py:208} INFO - Processing /opt/airflow/dags/ml_03_oil_pipeline.py took 0.319 seconds
[2026-09-08T04:51:51.475+0000] {processor.py:186} INFO - Started process (PID=654) to work on /opt/airflow/dags/ml_03_oil_pipeline.py
[2026-09-08T04:51:51.475+0000] {processor.py:914} INFO - Processing file /opt/airflow/dags/ml_03_oil_pipeline.py for tasks to queue
[2026-09-08T04:51:51.477+0000] {logging_mixin.py:190} INFO - [2026-09-08T04:51:51.476+0000] {dagbag.py:588} INFO - Filling up the DagBag from /opt/airflow/dags/ml_03_oil_pipeline.py
[2026-09-08T04:51:51.742+0000] {processor.py:925} INFO - DAG(s) 'oil_price_pipeline_dag' retrieved from /opt/airflow/dags/ml_03_oil_pipeline.py
[2026-09-08T04:51:51.765+0000] {logging_mixin.py:190} INFO - [2026-09-08T04:51:51.765+0000] {dag.py:3239} INFO - Sync 1 DAGs
[2026-09-08T04:51:51.776+0000] {logging_mixin.py:190} INFO - [2026-09-08T04:51:51.776+0000] {dag.py:4180} INFO - Setting next_dagrun for oil_price_pipeline_dag to None, run_after=None
[2026-09-08T04:51:51.794+0000] {processor.py:208} INFO - Processing /opt/airflow/dags/ml_03_oil_pipeline.py took 0.326 seconds
[2026-09-08T04:52:22.030+0000] {processor.py:186} INFO - Started process (PID=668) to work on /opt/airflow/dags/ml_03_oil_pipeline.py
[2026-09-08T04:52:22.032+0000] {processor.py:914} INFO - Processing file /opt/airflow/dags/ml_03_oil_pipeline.py for tasks to queue
[2026-09-08T04:52:22.033+0000] {logging_mixin.py:190} INFO - [2026-09-08T04:52:22.033+0000] {dagbag.py:588} INFO - Filling up the DagBag from /opt/airflow/dags/ml_03_oil_pipeline.py
[2026-09-08T04:52:22.296+0000] {processor.py:925} INFO - DAG(s) 'oil_price_pipeline_dag' retrieved from /opt/airflow/dags/ml_03_oil_pipeline.py
[2026-09-08T04:52:22.318+0000] {logging_mixin.py:190} INFO - [2026-09-08T04:52:22.318+0000] {dag.py:3239} INFO - Sync 1 DAGs
[2026-09-08T04:52:22.330+0000] {logging_mixin.py:190} INFO - [2026-09-08T04:52:22.330+0000] {dag.py:4180} INFO - Setting next_dagrun for oil_price_pipeline_dag to None, run_after=None
[2026-09-08T04:52:22.347+0000] {processor.py:208} INFO - Processing /opt/airflow/dags/ml_03_oil_pipeline.py took 0.322 seconds
[2026-09-08T04:52:52.573+0000] {processor.py:186} INFO - Started process (PID=682) to work on /opt/airflow/dags/ml_03_oil_pipeline.py
[2026-09-08T04:52:52.573+0000] {processor.py:914} INFO - Processing file /opt/airflow/dags/ml_03_oil_pipeline.py for tasks to queue
[2026-09-08T04:52:52.574+0000] {logging_mixin.py:190} INFO - [2026-09-08T04:52:52.574+0000] {dagbag.py:588} INFO - Filling up the DagBag from /opt/airflow/dags/ml_03_oil_pipeline.py
[2026-09-08T04:52:52.817+0000] {processor.py:925} INFO - DAG(s) 'oil_price_pipeline_dag' retrieved from /opt/airflow/dags/ml_03_oil_pipeline.py
[2026-09-08T04:52:52.838+0000] {logging_mixin.py:190} INFO - [2026-09-08T04:52:52.838+0000] {dag.py:3239} INFO - Sync 1 DAGs
[2026-09-08T04:52:52.847+0000] {logging_mixin.py:190} INFO - [2026-09-08T04:52:52.847+0000] {dag.py:4180} INFO - Setting next_dagrun for oil_price_pipeline_dag to None, run_after=None
[2026-09-08T04:52:52.870+0000] {processor.py:208} INFO - Processing /opt/airflow/dags/ml_03_oil_pipeline.py took 0.302 seconds
[2026-09-08T04:53:23.246+0000] {processor.py:186} INFO - Started process (PID=696) to work on /opt/airflow/dags/ml_03_oil_pipeline.py
[2026-09-08T04:53:23.247+0000] {processor.py:914} INFO - Processing file /opt/airflow/dags/ml_03_oil_pipeline.py for tasks to queue
[2026-09-08T04:53:23.248+0000] {logging_mixin.py:190} INFO - [2026-09-08T04:53:23.248+0000] {dagbag.py:588} INFO - Filling up the DagBag from /opt/airflow/dags/ml_03_oil_pipeline.py
[2026-09-08T04:53:23.486+0000] {processor.py:925} INFO - DAG(s) 'oil_price_pipeline_dag' retrieved from /opt/airflow/dags/ml_03_oil_pipeline.py
[2026-09-08T04:53:23.509+0000] {logging_mixin.py:190} INFO - [2026-09-08T04:53:23.509+0000] {dag.py:3239} INFO - Sync 1 DAGs
[2026-09-08T04:53:23.519+0000] {logging_mixin.py:190} INFO - [2026-09-08T04:53:23.519+0000] {dag.py:4180} INFO - Setting next_dagrun for oil_price_pipeline_dag to None, run_after=None
[2026-09-08T04:53:23.535+0000] {processor.py:208} INFO - Processing /opt/airflow/dags/ml_03_oil_pipeline.py took 0.294 seconds
[2026-09-08T04:53:53.907+0000] {processor.py:186} INFO - Started process (PID=710) to work on /opt/airflow/dags/ml_03_oil_pipeline.py
[2026-09-08T04:53:53.912+0000] {processor.py:914} INFO - Processing file /opt/airflow/dags/ml_03_oil_pipeline.py for tasks to queue
[2026-09-08T04:53:53.913+0000] {logging_mixin.py:190} INFO - [2026-09-08T04:53:53.912+0000] {dagbag.py:588} INFO - Filling up the DagBag from /opt/airflow/dags/ml_03_oil_pipeline.py
[2026-09-08T04:53:54.163+0000] {processor.py:925} INFO - DAG(s) 'oil_price_pipeline_dag' retrieved from /opt/airflow/dags/ml_03_oil_pipeline.py
[2026-09-08T04:53:54.195+0000] {logging_mixin.py:190} INFO - [2026-09-08T04:53:54.194+0000] {dag.py:3239} INFO - Sync 1 DAGs
[2026-09-08T04:53:54.207+0000] {logging_mixin.py:190} INFO - [2026-09-08T04:53:54.207+0000] {dag.py:4180} INFO - Setting next_dagrun for oil_price_pipeline_dag to None, run_after=None
[2026-09-08T04:53:54.229+0000] {processor.py:208} INFO - Processing /opt/airflow/dags/ml_03_oil_pipeline.py took 0.326 seconds
[2026-09-08T04:54:24.414+0000] {processor.py:186} INFO - Started process (PID=724) to work on /opt/airflow/dags/ml_03_oil_pipeline.py
[2026-09-08T04:54:24.415+0000] {processor.py:914} INFO - Processing file /opt/airflow/dags/ml_03_oil_pipeline.py for tasks to queue
[2026-09-08T04:54:24.416+0000] {logging_mixin.py:190} INFO - [2026-09-08T04:54:24.415+0000] {dagbag.py:588} INFO - Filling up the DagBag from /opt/airflow/dags/ml_03_oil_pipeline.py
[2026-09-08T04:54:24.650+0000] {processor.py:925} INFO - DAG(s) 'oil_price_pipeline_dag' retrieved from /opt/airflow/dags/ml_03_oil_pipeline.py
[2026-09-08T04:54:24.672+0000] {logging_mixin.py:190} INFO - [2026-09-08T04:54:24.671+0000] {dag.py:3239} INFO - Sync 1 DAGs
[2026-09-08T04:54:24.682+0000] {logging_mixin.py:190} INFO - [2026-09-08T04:54:24.682+0000] {dag.py:4180} INFO - Setting next_dagrun for oil_price_pipeline_dag to None, run_after=None
[2026-09-08T04:54:24.698+0000] {processor.py:208} INFO - Processing /opt/airflow/dags/ml_03_oil_pipeline.py took 0.289 seconds
[2026-09-08T04:54:55.018+0000] {processor.py:186} INFO - Started process (PID=738) to work on /opt/airflow/dags/ml_03_oil_pipeline.py
[2026-09-08T04:54:55.019+0000] {processor.py:914} INFO - Processing file /opt/airflow/dags/ml_03_oil_pipeline.py for tasks to queue
[2026-09-08T04:54:55.021+0000] {logging_mixin.py:190} INFO - [2026-09-08T04:54:55.020+0000] {dagbag.py:588} INFO - Filling up the DagBag from /opt/airflow/dags/ml_03_oil_pipeline.py
[2026-09-08T04:54:55.281+0000] {processor.py:925} INFO - DAG(s) 'oil_price_pipeline_dag' retrieved from /opt/airflow/dags/ml_03_oil_pipeline.py
[2026-09-08T04:54:55.308+0000] {logging_mixin.py:190} INFO - [2026-09-08T04:54:55.308+0000] {dag.py:3239} INFO - Sync 1 DAGs
[2026-09-08T04:54:55.325+0000] {logging_mixin.py:190} INFO - [2026-09-08T04:54:55.325+0000] {dag.py:4180} INFO - Setting next_dagrun for oil_price_pipeline_dag to None, run_after=None
[2026-09-08T04:54:55.346+0000] {processor.py:208} INFO - Processing /opt/airflow/dags/ml_03_oil_pipeline.py took 0.335 seconds
[2026-09-08T04:55:25.538+0000] {processor.py:186} INFO - Started process (PID=752) to work on /opt/airflow/dags/ml_03_oil_pipeline.py
[2026-09-08T04:55:25.538+0000] {processor.py:914} INFO - Processing file /opt/airflow/dags/ml_03_oil_pipeline.py for tasks to queue
[2026-09-08T04:55:25.540+0000] {logging_mixin.py:190} INFO - [2026-09-08T04:55:25.539+0000] {dagbag.py:588} INFO - Filling up the DagBag from /opt/airflow/dags/ml_03_oil_pipeline.py
[2026-09-08T04:55:25.843+0000] {processor.py:925} INFO - DAG(s) 'oil_price_pipeline_dag' retrieved from /opt/airflow/dags/ml_03_oil_pipeline.py
[2026-09-08T04:55:25.867+0000] {logging_mixin.py:190} INFO - [2026-09-08T04:55:25.867+0000] {dag.py:3239} INFO - Sync 1 DAGs
[2026-09-08T04:55:25.880+0000] {logging_mixin.py:190} INFO - [2026-09-08T04:55:25.880+0000] {dag.py:4180} INFO - Setting next_dagrun for oil_price_pipeline_dag to None, run_after=None
[2026-09-08T04:55:25.900+0000] {processor.py:208} INFO - Processing /opt/airflow/dags/ml_03_oil_pipeline.py took 0.368 seconds
[2026-09-08T04:56:56.051+0000] {processor.py:186} INFO - Started process (PID=792) to work on /opt/airflow/dags/ml_03_oil_pipeline.py
[2026-09-08T04:56:56.052+0000] {processor.py:914} INFO - Processing file /opt/airflow/dags/ml_03_oil_pipeline.py for tasks to queue
[2026-09-08T04:56:56.053+0000] {logging_mixin.py:190} INFO - [2026-09-08T04:56:56.053+0000] {dagbag.py:588} INFO - Filling up the DagBag from /opt/airflow/dags/ml_03_oil_pipeline.py
[2026-09-08T04:56:56.309+0000] {processor.py:925} INFO - DAG(s) 'oil_price_pipeline_dag' retrieved from /opt/airflow/dags/ml_03_oil_pipeline.py
[2026-09-08T04:56:56.331+0000] {logging_mixin.py:190} INFO - [2026-09-08T04:56:56.330+0000] {dag.py:3239} INFO - Sync 1 DAGs
[2026-09-08T04:56:56.341+0000] {logging_mixin.py:190} INFO - [2026-09-08T04:56:56.341+0000] {dag.py:4180} INFO - Setting next_dagrun for oil_price_pipeline_dag to None, run_after=None
[2026-09-08T04:56:56.363+0000] {processor.py:208} INFO - Processing /opt/airflow/dags/ml_03_oil_pipeline.py took 0.317 seconds
[2026-09-08T04:57:26.670+0000] {processor.py:186} INFO - Started process (PID=806) to work on /opt/airflow/dags/ml_03_oil_pipeline.py
[2026-09-08T04:57:26.671+0000] {processor.py:914} INFO - Processing file /opt/airflow/dags/ml_03_oil_pipeline.py for tasks to queue
[2026-09-08T04:57:26.672+0000] {logging_mixin.py:190} INFO - [2026-09-08T04:57:26.672+0000] {dagbag.py:588} INFO - Filling up the DagBag from /opt/airflow/dags/ml_03_oil_pipeline.py
[2026-09-08T04:57:26.911+0000] {processor.py:925} INFO - DAG(s) 'oil_price_pipeline_dag' retrieved from /opt/airflow/dags/ml_03_oil_pipeline.py
[2026-09-08T04:57:26.939+0000] {logging_mixin.py:190} INFO - [2026-09-08T04:57:26.938+0000] {dag.py:3239} INFO - Sync 1 DAGs
[2026-09-08T04:57:26.952+0000] {logging_mixin.py:190} INFO - [2026-09-08T04:57:26.951+0000] {dag.py:4180} INFO - Setting next_dagrun for oil_price_pipeline_dag to None, run_after=None
[2026-09-08T04:57:27.178+0000] {processor.py:208} INFO - Processing /opt/airflow/dags/ml_03_oil_pipeline.py took 0.513 seconds
[2026-09-08T04:57:57.522+0000] {processor.py:186} INFO - Started process (PID=820) to work on /opt/airflow/dags/ml_03_oil_pipeline.py
[2026-09-08T04:57:57.522+0000] {processor.py:914} INFO - Processing file /opt/airflow/dags/ml_03_oil_pipeline.py for tasks to queue
[2026-09-08T04:57:57.523+0000] {logging_mixin.py:190} INFO - [2026-09-08T04:57:57.523+0000] {dagbag.py:588} INFO - Filling up the DagBag from /opt/airflow/dags/ml_03_oil_pipeline.py
[2026-09-08T04:57:57.772+0000] {processor.py:925} INFO - DAG(s) 'oil_price_pipeline_dag' retrieved from /opt/airflow/dags/ml_03_oil_pipeline.py
[2026-09-08T04:57:57.924+0000] {logging_mixin.py:190} INFO - [2026-09-08T04:57:57.923+0000] {dag.py:3239} INFO - Sync 1 DAGs
[2026-09-08T04:57:57.934+0000] {logging_mixin.py:190} INFO - [2026-09-08T04:57:57.934+0000] {dag.py:4180} INFO - Setting next_dagrun for oil_price_pipeline_dag to None, run_after=None
[2026-09-08T04:57:57.952+0000] {processor.py:208} INFO - Processing /opt/airflow/dags/ml_03_oil_pipeline.py took 0.435 seconds
[2026-09-08T04:58:28.300+0000] {processor.py:186} INFO - Started process (PID=834) to work on /opt/airflow/dags/ml_03_oil_pipeline.py
[2026-09-08T04:58:28.300+0000] {processor.py:914} INFO - Processing file /opt/airflow/dags/ml_03_oil_pipeline.py for tasks to queue
[2026-09-08T04:58:28.301+0000] {logging_mixin.py:190} INFO - [2026-09-08T04:58:28.301+0000] {dagbag.py:588} INFO - Filling up the DagBag from /opt/airflow/dags/ml_03_oil_pipeline.py
[2026-09-08T04:58:28.559+0000] {processor.py:925} INFO - DAG(s) 'oil_price_pipeline_dag' retrieved from /opt/airflow/dags/ml_03_oil_pipeline.py
[2026-09-08T04:58:28.581+0000] {logging_mixin.py:190} INFO - [2026-09-08T04:58:28.580+0000] {dag.py:3239} INFO - Sync 1 DAGs
[2026-09-08T04:58:28.592+0000] {logging_mixin.py:190} INFO - [2026-09-08T04:58:28.592+0000] {dag.py:4180} INFO - Setting next_dagrun for oil_price_pipeline_dag to None, run_after=None
[2026-09-08T04:58:28.610+0000] {processor.py:208} INFO - Processing /opt/airflow/dags/ml_03_oil_pipeline.py took 0.316 seconds
[2026-09-08T04:58:58.940+0000] {processor.py:186} INFO - Started process (PID=848) to work on /opt/airflow/dags/ml_03_oil_pipeline.py
[2026-09-08T04:58:58.940+0000] {processor.py:914} INFO - Processing file /opt/airflow/dags/ml_03_oil_pipeline.py for tasks to queue
[2026-09-08T04:58:58.942+0000] {logging_mixin.py:190} INFO - [2026-09-08T04:58:58.942+0000] {dagbag.py:588} INFO - Filling up the DagBag from /opt/airflow/dags/ml_03_oil_pipeline.py
[2026-09-08T04:58:59.236+0000] {processor.py:925} INFO - DAG(s) 'oil_price_pipeline_dag' retrieved from /opt/airflow/dags/ml_03_oil_pipeline.py
[2026-09-08T04:58:59.258+0000] {logging_mixin.py:190} INFO - [2026-09-08T04:58:59.258+0000] {dag.py:3239} INFO - Sync 1 DAGs
[2026-09-08T04:58:59.408+0000] {logging_mixin.py:190} INFO - [2026-09-08T04:58:59.408+0000] {dag.py:4180} INFO - Setting next_dagrun for oil_price_pipeline_dag to None, run_after=None
[2026-09-08T04:58:59.425+0000] {processor.py:208} INFO - Processing /opt/airflow/dags/ml_03_oil_pipeline.py took 0.492 seconds
[2026-09-08T04:59:29.777+0000] {processor.py:186} INFO - Started process (PID=861) to work on /opt/airflow/dags/ml_03_oil_pipeline.py
[2026-09-08T04:59:29.777+0000] {processor.py:914} INFO - Processing file /opt/airflow/dags/ml_03_oil_pipeline.py for tasks to queue
[2026-09-08T04:59:29.778+0000] {logging_mixin.py:190} INFO - [2026-09-08T04:59:29.778+0000] {dagbag.py:588} INFO - Filling up the DagBag from /opt/airflow/dags/ml_03_oil_pipeline.py
[2026-09-08T04:59:30.056+0000] {processor.py:925} INFO - DAG(s) 'oil_price_pipeline_dag' retrieved from /opt/airflow/dags/ml_03_oil_pipeline.py
[2026-09-08T04:59:30.081+0000] {logging_mixin.py:190} INFO - [2026-09-08T04:59:30.080+0000] {dag.py:3239} INFO - Sync 1 DAGs
[2026-09-08T04:59:30.092+0000] {logging_mixin.py:190} INFO - [2026-09-08T04:59:30.091+0000] {dag.py:4180} INFO - Setting next_dagrun for oil_price_pipeline_dag to None, run_after=None
[2026-09-08T04:59:30.119+0000] {processor.py:208} INFO - Processing /opt/airflow/dags/ml_03_oil_pipeline.py took 0.349 seconds
[2026-09-08T05:00:00.507+0000] {processor.py:186} INFO - Started process (PID=875) to work on /opt/airflow/dags/ml_03_oil_pipeline.py
[2026-09-08T05:00:00.508+0000] {processor.py:914} INFO - Processing file /opt/airflow/dags/ml_03_oil_pipeline.py for tasks to queue
[2026-09-08T05:00:00.510+0000] {logging_mixin.py:190} INFO - [2026-09-08T05:00:00.509+0000] {dagbag.py:588} INFO - Filling up the DagBag from /opt/airflow/dags/ml_03_oil_pipeline.py
[2026-09-08T05:00:00.807+0000] {processor.py:925} INFO - DAG(s) 'oil_price_pipeline_dag' retrieved from /opt/airflow/dags/ml_03_oil_pipeline.py
[2026-09-08T05:00:00.829+0000] {logging_mixin.py:190} INFO - [2026-09-08T05:00:00.828+0000] {dag.py:3239} INFO - Sync 1 DAGs
[2026-09-08T05:00:00.843+0000] {logging_mixin.py:190} INFO - [2026-09-08T05:00:00.842+0000] {dag.py:4180} INFO - Setting next_dagrun for oil_price_pipeline_dag to None, run_after=None
[2026-09-08T05:00:00.974+0000] {processor.py:208} INFO - Processing /opt/airflow/dags/ml_03_oil_pipeline.py took 0.475 seconds
[2026-09-08T05:00:31.224+0000] {processor.py:186} INFO - Started process (PID=889) to work on /opt/airflow/dags/ml_03_oil_pipeline.py
[2026-09-08T05:00:31.225+0000] {processor.py:914} INFO - Processing file /opt/airflow/dags/ml_03_oil_pipeline.py for tasks to queue
[2026-09-08T05:00:31.226+0000] {logging_mixin.py:190} INFO - [2026-09-08T05:00:31.226+0000] {dagbag.py:588} INFO - Filling up the DagBag from /opt/airflow/dags/ml_03_oil_pipeline.py
[2026-09-08T05:00:31.516+0000] {processor.py:925} INFO - DAG(s) 'oil_price_pipeline_dag' retrieved from /opt/airflow/dags/ml_03_oil_pipeline.py
[2026-09-08T05:00:31.695+0000] {logging_mixin.py:190} INFO - [2026-09-08T05:00:31.695+0000] {dag.py:3239} INFO - Sync 1 DAGs
[2026-09-08T05:00:31.705+0000] {logging_mixin.py:190} INFO - [2026-09-08T05:00:31.705+0000] {dag.py:4180} INFO - Setting next_dagrun for oil_price_pipeline_dag to None, run_after=None
[2026-09-08T05:00:31.721+0000] {processor.py:208} INFO - Processing /opt/airflow/dags/ml_03_oil_pipeline.py took 0.502 seconds
[2026-09-08T05:01:01.981+0000] {processor.py:186} INFO - Started process (PID=903) to work on /opt/airflow/dags/ml_03_oil_pipeline.py
[2026-09-08T05:01:01.981+0000] {processor.py:914} INFO - Processing file /opt/airflow/dags/ml_03_oil_pipeline.py for tasks to queue
[2026-09-08T05:01:01.982+0000] {logging_mixin.py:190} INFO - [2026-09-08T05:01:01.982+0000] {dagbag.py:588} INFO - Filling up the DagBag from /opt/airflow/dags/ml_03_oil_pipeline.py
[2026-09-08T05:01:02.226+0000] {processor.py:925} INFO - DAG(s) 'oil_price_pipeline_dag' retrieved from /opt/airflow/dags/ml_03_oil_pipeline.py
[2026-09-08T05:01:02.247+0000] {logging_mixin.py:190} INFO - [2026-09-08T05:01:02.246+0000] {dag.py:3239} INFO - Sync 1 DAGs
[2026-09-08T05:01:02.257+0000] {logging_mixin.py:190} INFO - [2026-09-08T05:01:02.257+0000] {dag.py:4180} INFO - Setting next_dagrun for oil_price_pipeline_dag to None, run_after=None
[2026-09-08T05:01:02.274+0000] {processor.py:208} INFO - Processing /opt/airflow/dags/ml_03_oil_pipeline.py took 0.299 seconds
[2026-09-08T05:01:32.590+0000] {processor.py:186} INFO - Started process (PID=917) to work on /opt/airflow/dags/ml_03_oil_pipeline.py
[2026-09-08T05:01:32.590+0000] {processor.py:914} INFO - Processing file /opt/airflow/dags/ml_03_oil_pipeline.py for tasks to queue
[2026-09-08T05:01:32.591+0000] {logging_mixin.py:190} INFO - [2026-09-08T05:01:32.591+0000] {dagbag.py:588} INFO - Filling up the DagBag from /opt/airflow/dags/ml_03_oil_pipeline.py
[2026-09-08T05:01:32.834+0000] {processor.py:925} INFO - DAG(s) 'oil_price_pipeline_dag' retrieved from /opt/airflow/dags/ml_03_oil_pipeline.py
[2026-09-08T05:01:32.855+0000] {logging_mixin.py:190} INFO - [2026-09-08T05:01:32.855+0000] {dag.py:3239} INFO - Sync 1 DAGs
[2026-09-08T05:01:32.989+0000] {logging_mixin.py:190} INFO - [2026-09-08T05:01:32.989+0000] {dag.py:4180} INFO - Setting next_dagrun for oil_price_pipeline_dag to None, run_after=None
[2026-09-08T05:01:33.004+0000] {processor.py:208} INFO - Processing /opt/airflow/dags/ml_03_oil_pipeline.py took 0.421 seconds
[2026-09-08T05:02:03.448+0000] {processor.py:186} INFO - Started process (PID=931) to work on /opt/airflow/dags/ml_03_oil_pipeline.py
[2026-09-08T05:02:03.449+0000] {processor.py:914} INFO - Processing file /opt/airflow/dags/ml_03_oil_pipeline.py for tasks to queue
[2026-09-08T05:02:03.450+0000] {logging_mixin.py:190} INFO - [2026-09-08T05:02:03.449+0000] {dagbag.py:588} INFO - Filling up the DagBag from /opt/airflow/dags/ml_03_oil_pipeline.py
[2026-09-08T05:02:03.812+0000] {processor.py:925} INFO - DAG(s) 'oil_price_pipeline_dag' retrieved from /opt/airflow/dags/ml_03_oil_pipeline.py
[2026-09-08T05:02:03.832+0000] {logging_mixin.py:190} INFO - [2026-09-08T05:02:03.831+0000] {dag.py:3239} INFO - Sync 1 DAGs
[2026-09-08T05:02:03.841+0000] {logging_mixin.py:190} INFO - [2026-09-08T05:02:03.841+0000] {dag.py:4180} INFO - Setting next_dagrun for oil_price_pipeline_dag to None, run_after=None
[2026-09-08T05:02:03.855+0000] {processor.py:208} INFO - Processing /opt/airflow/dags/ml_03_oil_pipeline.py took 0.414 seconds
[2026-09-08T05:02:34.125+0000] {processor.py:186} INFO - Started process (PID=945) to work on /opt/airflow/dags/ml_03_oil_pipeline.py
[2026-09-08T05:02:34.126+0000] {processor.py:914} INFO - Processing file /opt/airflow/dags/ml_03_oil_pipeline.py for tasks to queue
[2026-09-08T05:02:34.128+0000] {logging_mixin.py:190} INFO - [2026-09-08T05:02:34.127+0000] {dagbag.py:588} INFO - Filling up the DagBag from /opt/airflow/dags/ml_03_oil_pipeline.py
[2026-09-08T05:02:34.586+0000] {processor.py:925} INFO - DAG(s) 'oil_price_pipeline_dag' retrieved from /opt/airflow/dags/ml_03_oil_pipeline.py
[2026-09-08T05:02:34.607+0000] {logging_mixin.py:190} INFO - [2026-09-08T05:02:34.606+0000] {dag.py:3239} INFO - Sync 1 DAGs
[2026-09-08T05:02:34.618+0000] {logging_mixin.py:190} INFO - [2026-09-08T05:02:34.618+0000] {dag.py:4180} INFO - Setting next_dagrun for oil_price_pipeline_dag to None, run_after=None
[2026-09-08T05:02:34.635+0000] {processor.py:208} INFO - Processing /opt/airflow/dags/ml_03_oil_pipeline.py took 0.516 seconds
[2026-09-08T05:03:04.890+0000] {processor.py:186} INFO - Started process (PID=959) to work on /opt/airflow/dags/ml_03_oil_pipeline.py
[2026-09-08T05:03:04.891+0000] {processor.py:914} INFO - Processing file /opt/airflow/dags/ml_03_oil_pipeline.py for tasks to queue
[2026-09-08T05:03:04.892+0000] {logging_mixin.py:190} INFO - [2026-09-08T05:03:04.892+0000] {dagbag.py:588} INFO - Filling up the DagBag from /opt/airflow/dags/ml_03_oil_pipeline.py
[2026-09-08T05:03:05.325+0000] {processor.py:925} INFO - DAG(s) 'oil_price_pipeline_dag' retrieved from /opt/airflow/dags/ml_03_oil_pipeline.py
[2026-09-08T05:03:05.351+0000] {logging_mixin.py:190} INFO - [2026-09-08T05:03:05.351+0000] {dag.py:3239} INFO - Sync 1 DAGs
[2026-09-08T05:03:05.364+0000] {logging_mixin.py:190} INFO - [2026-09-08T05:03:05.363+0000] {dag.py:4180} INFO - Setting next_dagrun for oil_price_pipeline_dag to None, run_after=None
[2026-09-08T05:03:05.385+0000] {processor.py:208} INFO - Processing /opt/airflow/dags/ml_03_oil_pipeline.py took 0.501 seconds
[2026-09-08T05:03:35.679+0000] {processor.py:186} INFO - Started process (PID=972) to work on /opt/airflow/dags/ml_03_oil_pipeline.py
[2026-09-08T05:03:35.680+0000] {processor.py:914} INFO - Processing file /opt/airflow/dags/ml_03_oil_pipeline.py for tasks to queue
[2026-09-08T05:03:35.681+0000] {logging_mixin.py:190} INFO - [2026-09-08T05:03:35.680+0000] {dagbag.py:588} INFO - Filling up the DagBag from /opt/airflow/dags/ml_03_oil_pipeline.py
[2026-09-08T05:03:36.252+0000] {processor.py:925} INFO - DAG(s) 'oil_price_pipeline_dag' retrieved from /opt/airflow/dags/ml_03_oil_pipeline.py
[2026-09-08T05:03:36.277+0000] {logging_mixin.py:190} INFO - [2026-09-08T05:03:36.277+0000] {dag.py:3239} INFO - Sync 1 DAGs
[2026-09-08T05:03:36.288+0000] {logging_mixin.py:190} INFO - [2026-09-08T05:03:36.288+0000] {dag.py:4180} INFO - Setting next_dagrun for oil_price_pipeline_dag to None, run_after=None
[2026-09-08T05:03:36.309+0000] {processor.py:208} INFO - Processing /opt/airflow/dags/ml_03_oil_pipeline.py took 0.634 seconds
[2026-09-08T05:04:06.648+0000] {processor.py:186} INFO - Started process (PID=986) to work on /opt/airflow/dags/ml_03_oil_pipeline.py
[2026-09-08T05:04:06.649+0000] {processor.py:914} INFO - Processing file /opt/airflow/dags/ml_03_oil_pipeline.py for tasks to queue
[2026-09-08T05:04:06.651+0000] {logging_mixin.py:190} INFO - [2026-09-08T05:04:06.650+0000] {dagbag.py:588} INFO - Filling up the DagBag from /opt/airflow/dags/ml_03_oil_pipeline.py
[2026-09-08T05:04:07.159+0000] {processor.py:925} INFO - DAG(s) 'oil_price_pipeline_dag' retrieved from /opt/airflow/dags/ml_03_oil_pipeline.py
[2026-09-08T05:04:07.186+0000] {logging_mixin.py:190} INFO - [2026-09-08T05:04:07.185+0000] {dag.py:3239} INFO - Sync 1 DAGs
[2026-09-08T05:04:07.200+0000] {logging_mixin.py:190} INFO - [2026-09-08T05:04:07.200+0000] {dag.py:4180} INFO - Setting next_dagrun for oil_price_pipeline_dag to None, run_after=None
[2026-09-08T05:04:07.219+0000] {processor.py:208} INFO - Processing /opt/airflow/dags/ml_03_oil_pipeline.py took 0.577 seconds
[2026-09-08T05:04:37.625+0000] {processor.py:186} INFO - Started process (PID=1000) to work on /opt/airflow/dags/ml_03_oil_pipeline.py
[2026-09-08T05:04:37.626+0000] {processor.py:914} INFO - Processing file /opt/airflow/dags/ml_03_oil_pipeline.py for tasks to queue
[2026-09-08T05:04:37.628+0000] {logging_mixin.py:190} INFO - [2026-09-08T05:04:37.627+0000] {dagbag.py:588} INFO - Filling up the DagBag from /opt/airflow/dags/ml_03_oil_pipeline.py
[2026-09-08T05:04:38.222+0000] {processor.py:925} INFO - DAG(s) 'oil_price_pipeline_dag' retrieved from /opt/airflow/dags/ml_03_oil_pipeline.py
[2026-09-08T05:04:38.256+0000] {logging_mixin.py:190} INFO - [2026-09-08T05:04:38.255+0000] {dag.py:3239} INFO - Sync 1 DAGs
[2026-09-08T05:04:38.269+0000] {logging_mixin.py:190} INFO - [2026-09-08T05:04:38.268+0000] {dag.py:4180} INFO - Setting next_dagrun for oil_price_pipeline_dag to None, run_after=None
[2026-09-08T05:04:38.288+0000] {processor.py:208} INFO - Processing /opt/airflow/dags/ml_03_oil_pipeline.py took 0.669 seconds
[2026-09-08T05:05:08.686+0000] {processor.py:186} INFO - Started process (PID=1014) to work on /opt/airflow/dags/ml_03_oil_pipeline.py
[2026-09-08T05:05:08.687+0000] {processor.py:914} INFO - Processing file /opt/airflow/dags/ml_03_oil_pipeline.py for tasks to queue
[2026-09-08T05:05:08.688+0000] {logging_mixin.py:190} INFO - [2026-09-08T05:05:08.688+0000] {dagbag.py:588} INFO - Filling up the DagBag from /opt/airflow/dags/ml_03_oil_pipeline.py
[2026-09-08T05:05:09.251+0000] {processor.py:925} INFO - DAG(s) 'oil_price_pipeline_dag' retrieved from /opt/airflow/dags/ml_03_oil_pipeline.py
[2026-09-08T05:05:09.280+0000] {logging_mixin.py:190} INFO - [2026-09-08T05:05:09.280+0000] {dag.py:3239} INFO - Sync 1 DAGs
[2026-09-08T05:05:09.298+0000] {logging_mixin.py:190} INFO - [2026-09-08T05:05:09.298+0000] {dag.py:4180} INFO - Setting next_dagrun for oil_price_pipeline_dag to None, run_after=None
[2026-09-08T05:05:09.321+0000] {processor.py:208} INFO - Processing /opt/airflow/dags/ml_03_oil_pipeline.py took 0.640 seconds
[2026-09-08T05:05:39.495+0000] {processor.py:186} INFO - Started process (PID=1032) to work on /opt/airflow/dags/ml_03_oil_pipeline.py
[2026-09-08T05:05:39.498+0000] {processor.py:914} INFO - Processing file /opt/airflow/dags/ml_03_oil_pipeline.py for tasks to queue
[2026-09-08T05:05:39.500+0000] {logging_mixin.py:190} INFO - [2026-09-08T05:05:39.499+0000] {dagbag.py:588} INFO - Filling up the DagBag from /opt/airflow/dags/ml_03_oil_pipeline.py
[2026-09-08T05:05:39.989+0000] {processor.py:925} INFO - DAG(s) 'oil_price_pipeline_dag' retrieved from /opt/airflow/dags/ml_03_oil_pipeline.py
[2026-09-08T05:05:40.017+0000] {logging_mixin.py:190} INFO - [2026-09-08T05:05:40.017+0000] {dag.py:3239} INFO - Sync 1 DAGs
[2026-09-08T05:05:40.028+0000] {logging_mixin.py:190} INFO - [2026-09-08T05:05:40.028+0000] {dag.py:4180} INFO - Setting next_dagrun for oil_price_pipeline_dag to None, run_after=None
[2026-09-08T05:05:40.051+0000] {processor.py:208} INFO - Processing /opt/airflow/dags/ml_03_oil_pipeline.py took 0.563 seconds
[2026-09-08T05:06:10.582+0000] {processor.py:186} INFO - Started process (PID=1046) to work on /opt/airflow/dags/ml_03_oil_pipeline.py
[2026-09-08T05:06:10.583+0000] {processor.py:914} INFO - Processing file /opt/airflow/dags/ml_03_oil_pipeline.py for tasks to queue
[2026-09-08T05:06:10.584+0000] {logging_mixin.py:190} INFO - [2026-09-08T05:06:10.584+0000] {dagbag.py:588} INFO - Filling up the DagBag from /opt/airflow/dags/ml_03_oil_pipeline.py
[2026-09-08T05:06:11.067+0000] {processor.py:925} INFO - DAG(s) 'oil_price_pipeline_dag' retrieved from /opt/airflow/dags/ml_03_oil_pipeline.py
[2026-09-08T05:06:11.096+0000] {logging_mixin.py:190} INFO - [2026-09-08T05:06:11.095+0000] {dag.py:3239} INFO - Sync 1 DAGs
[2026-09-08T05:06:11.110+0000] {logging_mixin.py:190} INFO - [2026-09-08T05:06:11.110+0000] {dag.py:4180} INFO - Setting next_dagrun for oil_price_pipeline_dag to None, run_after=None
[2026-09-08T05:06:11.132+0000] {processor.py:208} INFO - Processing /opt/airflow/dags/ml_03_oil_pipeline.py took 0.555 seconds
[2026-09-08T05:06:41.634+0000] {processor.py:186} INFO - Started process (PID=1060) to work on /opt/airflow/dags/ml_03_oil_pipeline.py
[2026-09-08T05:06:41.635+0000] {processor.py:914} INFO - Processing file /opt/airflow/dags/ml_03_oil_pipeline.py for tasks to queue
[2026-09-08T05:06:41.637+0000] {logging_mixin.py:190} INFO - [2026-09-08T05:06:41.636+0000] {dagbag.py:588} INFO - Filling up the DagBag from /opt/airflow/dags/ml_03_oil_pipeline.py
[2026-09-08T05:06:42.219+0000] {processor.py:925} INFO - DAG(s) 'oil_price_pipeline_dag' retrieved from /opt/airflow/dags/ml_03_oil_pipeline.py
[2026-09-08T05:06:42.249+0000] {logging_mixin.py:190} INFO - [2026-09-08T05:06:42.249+0000] {dag.py:3239} INFO - Sync 1 DAGs
[2026-09-08T05:06:42.264+0000] {logging_mixin.py:190} INFO - [2026-09-08T05:06:42.264+0000] {dag.py:4180} INFO - Setting next_dagrun for oil_price_pipeline_dag to None, run_after=None
[2026-09-08T05:06:42.283+0000] {processor.py:208} INFO - Processing /opt/airflow/dags/ml_03_oil_pipeline.py took 0.655 seconds
[2026-09-08T05:07:12.382+0000] {processor.py:186} INFO - Started process (PID=1075) to work on /opt/airflow/dags/ml_03_oil_pipeline.py
[2026-09-08T05:07:12.383+0000] {processor.py:914} INFO - Processing file /opt/airflow/dags/ml_03_oil_pipeline.py for tasks to queue
[2026-09-08T05:07:12.384+0000] {logging_mixin.py:190} INFO - [2026-09-08T05:07:12.384+0000] {dagbag.py:588} INFO - Filling up the DagBag from /opt/airflow/dags/ml_03_oil_pipeline.py
[2026-09-08T05:07:12.940+0000] {processor.py:925} INFO - DAG(s) 'oil_price_pipeline_dag' retrieved from /opt/airflow/dags/ml_03_oil_pipeline.py
[2026-09-08T05:07:12.971+0000] {logging_mixin.py:190} INFO - [2026-09-08T05:07:12.971+0000] {dag.py:3239} INFO - Sync 1 DAGs
[2026-09-08T05:07:12.985+0000] {logging_mixin.py:190} INFO - [2026-09-08T05:07:12.985+0000] {dag.py:4180} INFO - Setting next_dagrun for oil_price_pipeline_dag to None, run_after=None
[2026-09-08T05:07:13.017+0000] {processor.py:208} INFO - Processing /opt/airflow/dags/ml_03_oil_pipeline.py took 0.641 seconds
[2026-09-08T05:07:43.977+0000] {processor.py:186} INFO - Started process (PID=1089) to work on /opt/airflow/dags/ml_03_oil_pipeline.py
[2026-09-08T05:07:43.977+0000] {processor.py:914} INFO - Processing file /opt/airflow/dags/ml_03_oil_pipeline.py for tasks to queue
[2026-09-08T05:07:43.979+0000] {logging_mixin.py:190} INFO - [2026-09-08T05:07:43.978+0000] {dagbag.py:588} INFO - Filling up the DagBag from /opt/airflow/dags/ml_03_oil_pipeline.py
[2026-09-08T05:07:44.477+0000] {processor.py:925} INFO - DAG(s) 'oil_price_pipeline_dag' retrieved from /opt/airflow/dags/ml_03_oil_pipeline.py
[2026-09-08T05:07:44.503+0000] {logging_mixin.py:190} INFO - [2026-09-08T05:07:44.502+0000] {dag.py:3239} INFO - Sync 1 DAGs
[2026-09-08T05:07:44.513+0000] {logging_mixin.py:190} INFO - [2026-09-08T05:07:44.513+0000] {dag.py:4180} INFO - Setting next_dagrun for oil_price_pipeline_dag to None, run_after=None
[2026-09-08T05:07:44.536+0000] {processor.py:208} INFO - Processing /opt/airflow/dags/ml_03_oil_pipeline.py took 0.565 seconds
[2026-09-08T05:08:15.559+0000] {processor.py:186} INFO - Started process (PID=1103) to work on /opt/airflow/dags/ml_03_oil_pipeline.py
[2026-09-08T05:08:15.560+0000] {processor.py:914} INFO - Processing file /opt/airflow/dags/ml_03_oil_pipeline.py for tasks to queue
[2026-09-08T05:08:15.562+0000] {logging_mixin.py:190} INFO - [2026-09-08T05:08:15.561+0000] {dagbag.py:588} INFO - Filling up the DagBag from /opt/airflow/dags/ml_03_oil_pipeline.py
[2026-09-08T05:08:16.070+0000] {processor.py:925} INFO - DAG(s) 'oil_price_pipeline_dag' retrieved from /opt/airflow/dags/ml_03_oil_pipeline.py
[2026-09-08T05:08:16.099+0000] {logging_mixin.py:190} INFO - [2026-09-08T05:08:16.098+0000] {dag.py:3239} INFO - Sync 1 DAGs
[2026-09-08T05:08:16.110+0000] {logging_mixin.py:190} INFO - [2026-09-08T05:08:16.109+0000] {dag.py:4180} INFO - Setting next_dagrun for oil_price_pipeline_dag to None, run_after=None
[2026-09-08T05:08:16.139+0000] {processor.py:208} INFO - Processing /opt/airflow/dags/ml_03_oil_pipeline.py took 0.592 seconds
[2026-09-08T05:08:47.014+0000] {processor.py:186} INFO - Started process (PID=1117) to work on /opt/airflow/dags/ml_03_oil_pipeline.py
[2026-09-08T05:08:47.018+0000] {processor.py:914} INFO - Processing file /opt/airflow/dags/ml_03_oil_pipeline.py for tasks to queue
[2026-09-08T05:08:47.024+0000] {logging_mixin.py:190} INFO - [2026-09-08T05:08:47.023+0000] {dagbag.py:588} INFO - Filling up the DagBag from /opt/airflow/dags/ml_03_oil_pipeline.py
[2026-09-08T05:08:47.585+0000] {processor.py:925} INFO - DAG(s) 'oil_price_pipeline_dag' retrieved from /opt/airflow/dags/ml_03_oil_pipeline.py
[2026-09-08T05:08:47.623+0000] {logging_mixin.py:190} INFO - [2026-09-08T05:08:47.623+0000] {dag.py:3239} INFO - Sync 1 DAGs
[2026-09-08T05:08:47.640+0000] {logging_mixin.py:190} INFO - [2026-09-08T05:08:47.640+0000] {dag.py:4180} INFO - Setting next_dagrun for oil_price_pipeline_dag to None, run_after=None
[2026-09-08T05:08:47.665+0000] {processor.py:208} INFO - Processing /opt/airflow/dags/ml_03_oil_pipeline.py took 0.658 seconds
[2026-09-08T05:09:18.165+0000] {processor.py:186} INFO - Started process (PID=1131) to work on /opt/airflow/dags/ml_03_oil_pipeline.py
[2026-09-08T05:09:18.168+0000] {processor.py:914} INFO - Processing file /opt/airflow/dags/ml_03_oil_pipeline.py for tasks to queue
[2026-09-08T05:09:18.171+0000] {logging_mixin.py:190} INFO - [2026-09-08T05:09:18.170+0000] {dagbag.py:588} INFO - Filling up the DagBag from /opt/airflow/dags/ml_03_oil_pipeline.py
[2026-09-08T05:09:18.820+0000] {processor.py:925} INFO - DAG(s) 'oil_price_pipeline_dag' retrieved from /opt/airflow/dags/ml_03_oil_pipeline.py
[2026-09-08T05:09:18.857+0000] {logging_mixin.py:190} INFO - [2026-09-08T05:09:18.856+0000] {dag.py:3239} INFO - Sync 1 DAGs
[2026-09-08T05:09:18.873+0000] {logging_mixin.py:190} INFO - [2026-09-08T05:09:18.872+0000] {dag.py:4180} INFO - Setting next_dagrun for oil_price_pipeline_dag to None, run_after=None
[2026-09-08T05:09:18.911+0000] {processor.py:208} INFO - Processing /opt/airflow/dags/ml_03_oil_pipeline.py took 0.761 seconds
[2026-09-08T05:09:49.235+0000] {processor.py:186} INFO - Started process (PID=1145) to work on /opt/airflow/dags/ml_03_oil_pipeline.py
[2026-09-08T05:09:49.235+0000] {processor.py:914} INFO - Processing file /opt/airflow/dags/ml_03_oil_pipeline.py for tasks to queue
[2026-09-08T05:09:49.237+0000] {logging_mixin.py:190} INFO - [2026-09-08T05:09:49.236+0000] {dagbag.py:588} INFO - Filling up the DagBag from /opt/airflow/dags/ml_03_oil_pipeline.py
[2026-09-08T05:09:49.765+0000] {processor.py:925} INFO - DAG(s) 'oil_price_pipeline_dag' retrieved from /opt/airflow/dags/ml_03_oil_pipeline.py
[2026-09-08T05:09:49.795+0000] {logging_mixin.py:190} INFO - [2026-09-08T05:09:49.794+0000] {dag.py:3239} INFO - Sync 1 DAGs
[2026-09-08T05:09:49.809+0000] {logging_mixin.py:190} INFO - [2026-09-08T05:09:49.809+0000] {dag.py:4180} INFO - Setting next_dagrun for oil_price_pipeline_dag to None, run_after=None
[2026-09-08T05:09:49.837+0000] {processor.py:208} INFO - Processing /opt/airflow/dags/ml_03_oil_pipeline.py took 0.608 seconds
[2026-09-08T05:10:20.555+0000] {processor.py:186} INFO - Started process (PID=1159) to work on /opt/airflow/dags/ml_03_oil_pipeline.py
[2026-09-08T05:10:20.556+0000] {processor.py:914} INFO - Processing file /opt/airflow/dags/ml_03_oil_pipeline.py for tasks to queue
[2026-09-08T05:10:20.558+0000] {logging_mixin.py:190} INFO - [2026-09-08T05:10:20.557+0000] {dagbag.py:588} INFO - Filling up the DagBag from /opt/airflow/dags/ml_03_oil_pipeline.py
[2026-09-08T05:10:21.158+0000] {processor.py:925} INFO - DAG(s) 'oil_price_pipeline_dag' retrieved from /opt/airflow/dags/ml_03_oil_pipeline.py
[2026-09-08T05:10:21.185+0000] {logging_mixin.py:190} INFO - [2026-09-08T05:10:21.185+0000] {dag.py:3239} INFO - Sync 1 DAGs
[2026-09-08T05:10:21.199+0000] {logging_mixin.py:190} INFO - [2026-09-08T05:10:21.199+0000] {dag.py:4180} INFO - Setting next_dagrun for oil_price_pipeline_dag to None, run_after=None
[2026-09-08T05:10:21.235+0000] {processor.py:208} INFO - Processing /opt/airflow/dags/ml_03_oil_pipeline.py took 0.701 seconds
[2026-09-08T05:10:51.863+0000] {processor.py:186} INFO - Started process (PID=1173) to work on /opt/airflow/dags/ml_03_oil_pipeline.py
[2026-09-08T05:10:51.864+0000] {processor.py:914} INFO - Processing file /opt/airflow/dags/ml_03_oil_pipeline.py for tasks to queue
[2026-09-08T05:10:51.865+0000] {logging_mixin.py:190} INFO - [2026-09-08T05:10:51.865+0000] {dagbag.py:588} INFO - Filling up the DagBag from /opt/airflow/dags/ml_03_oil_pipeline.py
[2026-09-08T05:10:52.403+0000] {processor.py:925} INFO - DAG(s) 'oil_price_pipeline_dag' retrieved from /opt/airflow/dags/ml_03_oil_pipeline.py
[2026-09-08T05:10:52.432+0000] {logging_mixin.py:190} INFO - [2026-09-08T05:10:52.432+0000] {dag.py:3239} INFO - Sync 1 DAGs
[2026-09-08T05:10:52.446+0000] {logging_mixin.py:190} INFO - [2026-09-08T05:10:52.446+0000] {dag.py:4180} INFO - Setting next_dagrun for oil_price_pipeline_dag to None, run_after=None
[2026-09-08T05:10:52.471+0000] {processor.py:208} INFO - Processing /opt/airflow/dags/ml_03_oil_pipeline.py took 0.615 seconds
[2026-09-08T05:11:23.167+0000] {processor.py:186} INFO - Started process (PID=1187) to work on /opt/airflow/dags/ml_03_oil_pipeline.py
[2026-09-08T05:11:23.168+0000] {processor.py:914} INFO - Processing file /opt/airflow/dags/ml_03_oil_pipeline.py for tasks to queue
[2026-09-08T05:11:23.169+0000] {logging_mixin.py:190} INFO - [2026-09-08T05:11:23.169+0000] {dagbag.py:588} INFO - Filling up the DagBag from /opt/airflow/dags/ml_03_oil_pipeline.py
[2026-09-08T05:11:23.697+0000] {processor.py:925} INFO - DAG(s) 'oil_price_pipeline_dag' retrieved from /opt/airflow/dags/ml_03_oil_pipeline.py
[2026-09-08T05:11:23.741+0000] {logging_mixin.py:190} INFO - [2026-09-08T05:11:23.741+0000] {dag.py:3239} INFO - Sync 1 DAGs
[2026-09-08T05:11:23.763+0000] {logging_mixin.py:190} INFO - [2026-09-08T05:11:23.763+0000] {dag.py:4180} INFO - Setting next_dagrun for oil_price_pipeline_dag to None, run_after=None
[2026-09-08T05:11:23.798+0000] {processor.py:208} INFO - Processing /opt/airflow/dags/ml_03_oil_pipeline.py took 0.636 seconds
[2026-09-08T05:11:54.073+0000] {processor.py:186} INFO - Started process (PID=1201) to work on /opt/airflow/dags/ml_03_oil_pipeline.py
[2026-09-08T05:11:54.073+0000] {processor.py:914} INFO - Processing file /opt/airflow/dags/ml_03_oil_pipeline.py for tasks to queue
[2026-09-08T05:11:54.075+0000] {logging_mixin.py:190} INFO - [2026-09-08T05:11:54.074+0000] {dagbag.py:588} INFO - Filling up the DagBag from /opt/airflow/dags/ml_03_oil_pipeline.py
[2026-09-08T05:11:54.685+0000] {processor.py:925} INFO - DAG(s) 'oil_price_pipeline_dag' retrieved from /opt/airflow/dags/ml_03_oil_pipeline.py
[2026-09-08T05:11:54.713+0000] {logging_mixin.py:190} INFO - [2026-09-08T05:11:54.713+0000] {dag.py:3239} INFO - Sync 1 DAGs
[2026-09-08T05:11:54.727+0000] {logging_mixin.py:190} INFO - [2026-09-08T05:11:54.727+0000] {dag.py:4180} INFO - Setting next_dagrun for oil_price_pipeline_dag to None, run_after=None
[2026-09-08T05:11:54.754+0000] {processor.py:208} INFO - Processing /opt/airflow/dags/ml_03_oil_pipeline.py took 0.686 seconds
[2026-09-08T05:12:25.125+0000] {processor.py:186} INFO - Started process (PID=1214) to work on /opt/airflow/dags/ml_03_oil_pipeline.py
[2026-09-08T05:12:25.126+0000] {processor.py:914} INFO - Processing file /opt/airflow/dags/ml_03_oil_pipeline.py for tasks to queue
[2026-09-08T05:12:25.129+0000] {logging_mixin.py:190} INFO - [2026-09-08T05:12:25.129+0000] {dagbag.py:588} INFO - Filling up the DagBag from /opt/airflow/dags/ml_03_oil_pipeline.py
[2026-09-08T05:12:25.664+0000] {processor.py:925} INFO - DAG(s) 'oil_price_pipeline_dag' retrieved from /opt/airflow/dags/ml_03_oil_pipeline.py
[2026-09-08T05:12:25.694+0000] {logging_mixin.py:190} INFO - [2026-09-08T05:12:25.694+0000] {dag.py:3239} INFO - Sync 1 DAGs
[2026-09-08T05:12:25.714+0000] {logging_mixin.py:190} INFO - [2026-09-08T05:12:25.714+0000] {dag.py:4180} INFO - Setting next_dagrun for oil_price_pipeline_dag to None, run_after=None
[2026-09-08T05:12:25.734+0000] {processor.py:208} INFO - Processing /opt/airflow/dags/ml_03_oil_pipeline.py took 0.617 seconds
[2026-09-08T05:12:56.622+0000] {processor.py:186} INFO - Started process (PID=1228) to work on /opt/airflow/dags/ml_03_oil_pipeline.py
[2026-09-08T05:12:56.624+0000] {processor.py:914} INFO - Processing file /opt/airflow/dags/ml_03_oil_pipeline.py for tasks to queue
[2026-09-08T05:12:56.626+0000] {logging_mixin.py:190} INFO - [2026-09-08T05:12:56.625+0000] {dagbag.py:588} INFO - Filling up the DagBag from /opt/airflow/dags/ml_03_oil_pipeline.py
[2026-09-08T05:12:57.295+0000] {processor.py:925} INFO - DAG(s) 'oil_price_pipeline_dag' retrieved from /opt/airflow/dags/ml_03_oil_pipeline.py
[2026-09-08T05:12:57.335+0000] {logging_mixin.py:190} INFO - [2026-09-08T05:12:57.335+0000] {dag.py:3239} INFO - Sync 1 DAGs
[2026-09-08T05:12:57.359+0000] {logging_mixin.py:190} INFO - [2026-09-08T05:12:57.359+0000] {dag.py:4180} INFO - Setting next_dagrun for oil_price_pipeline_dag to None, run_after=None
[2026-09-08T05:12:57.400+0000] {processor.py:208} INFO - Processing /opt/airflow/dags/ml_03_oil_pipeline.py took 0.802 seconds
[2026-09-08T05:13:28.229+0000] {processor.py:186} INFO - Started process (PID=1248) to work on /opt/airflow/dags/ml_03_oil_pipeline.py
[2026-09-08T05:13:28.229+0000] {processor.py:914} INFO - Processing file /opt/airflow/dags/ml_03_oil_pipeline.py for tasks to queue
[2026-09-08T05:13:28.231+0000] {logging_mixin.py:190} INFO - [2026-09-08T05:13:28.231+0000] {dagbag.py:588} INFO - Filling up the DagBag from /opt/airflow/dags/ml_03_oil_pipeline.py
[2026-09-08T05:13:28.789+0000] {processor.py:925} INFO - DAG(s) 'oil_price_pipeline_dag' retrieved from /opt/airflow/dags/ml_03_oil_pipeline.py
[2026-09-08T05:13:28.815+0000] {logging_mixin.py:190} INFO - [2026-09-08T05:13:28.815+0000] {dag.py:3239} INFO - Sync 1 DAGs
[2026-09-08T05:13:28.830+0000] {logging_mixin.py:190} INFO - [2026-09-08T05:13:28.829+0000] {dag.py:4180} INFO - Setting next_dagrun for oil_price_pipeline_dag to None, run_after=None
[2026-09-08T05:13:28.856+0000] {processor.py:208} INFO - Processing /opt/airflow/dags/ml_03_oil_pipeline.py took 0.638 seconds
[2026-09-08T05:13:59.756+0000] {processor.py:186} INFO - Started process (PID=1262) to work on /opt/airflow/dags/ml_03_oil_pipeline.py
[2026-09-08T05:13:59.757+0000] {processor.py:914} INFO - Processing file /opt/airflow/dags/ml_03_oil_pipeline.py for tasks to queue
[2026-09-08T05:13:59.759+0000] {logging_mixin.py:190} INFO - [2026-09-08T05:13:59.758+0000] {dagbag.py:588} INFO - Filling up the DagBag from /opt/airflow/dags/ml_03_oil_pipeline.py
[2026-09-08T05:14:00.319+0000] {processor.py:925} INFO - DAG(s) 'oil_price_pipeline_dag' retrieved from /opt/airflow/dags/ml_03_oil_pipeline.py
[2026-09-08T05:14:00.350+0000] {logging_mixin.py:190} INFO - [2026-09-08T05:14:00.350+0000] {dag.py:3239} INFO - Sync 1 DAGs
[2026-09-08T05:14:00.362+0000] {logging_mixin.py:190} INFO - [2026-09-08T05:14:00.361+0000] {dag.py:4180} INFO - Setting next_dagrun for oil_price_pipeline_dag to None, run_after=None
[2026-09-08T05:14:00.385+0000] {processor.py:208} INFO - Processing /opt/airflow/dags/ml_03_oil_pipeline.py took 0.635 seconds
[2026-09-08T05:14:31.326+0000] {processor.py:186} INFO - Started process (PID=1275) to work on /opt/airflow/dags/ml_03_oil_pipeline.py
[2026-09-08T05:14:31.327+0000] {processor.py:914} INFO - Processing file /opt/airflow/dags/ml_03_oil_pipeline.py for tasks to queue
[2026-09-08T05:14:31.328+0000] {logging_mixin.py:190} INFO - [2026-09-08T05:14:31.328+0000] {dagbag.py:588} INFO - Filling up the DagBag from /opt/airflow/dags/ml_03_oil_pipeline.py
[2026-09-08T05:14:31.783+0000] {processor.py:925} INFO - DAG(s) 'oil_price_pipeline_dag' retrieved from /opt/airflow/dags/ml_03_oil_pipeline.py
[2026-09-08T05:14:31.806+0000] {logging_mixin.py:190} INFO - [2026-09-08T05:14:31.805+0000] {dag.py:3239} INFO - Sync 1 DAGs
[2026-09-08T05:14:31.815+0000] {logging_mixin.py:190} INFO - [2026-09-08T05:14:31.815+0000] {dag.py:4180} INFO - Setting next_dagrun for oil_price_pipeline_dag to None, run_after=None
[2026-09-08T05:14:31.832+0000] {processor.py:208} INFO - Processing /opt/airflow/dags/ml_03_oil_pipeline.py took 0.511 seconds
[2026-09-08T05:15:02.572+0000] {processor.py:186} INFO - Started process (PID=1289) to work on /opt/airflow/dags/ml_03_oil_pipeline.py
[2026-09-08T05:15:02.573+0000] {processor.py:914} INFO - Processing file /opt/airflow/dags/ml_03_oil_pipeline.py for tasks to queue
[2026-09-08T05:15:02.575+0000] {logging_mixin.py:190} INFO - [2026-09-08T05:15:02.574+0000] {dagbag.py:588} INFO - Filling up the DagBag from /opt/airflow/dags/ml_03_oil_pipeline.py
[2026-09-08T05:15:03.067+0000] {processor.py:925} INFO - DAG(s) 'oil_price_pipeline_dag' retrieved from /opt/airflow/dags/ml_03_oil_pipeline.py
[2026-09-08T05:15:03.101+0000] {logging_mixin.py:190} INFO - [2026-09-08T05:15:03.101+0000] {dag.py:3239} INFO - Sync 1 DAGs
[2026-09-08T05:15:03.113+0000] {logging_mixin.py:190} INFO - [2026-09-08T05:15:03.113+0000] {dag.py:4180} INFO - Setting next_dagrun for oil_price_pipeline_dag to None, run_after=None
[2026-09-08T05:15:03.134+0000] {processor.py:208} INFO - Processing /opt/airflow/dags/ml_03_oil_pipeline.py took 0.570 seconds
[2026-09-08T05:15:33.697+0000] {processor.py:186} INFO - Started process (PID=1304) to work on /opt/airflow/dags/ml_03_oil_pipeline.py
[2026-09-08T05:15:33.697+0000] {processor.py:914} INFO - Processing file /opt/airflow/dags/ml_03_oil_pipeline.py for tasks to queue
[2026-09-08T05:15:33.699+0000] {logging_mixin.py:190} INFO - [2026-09-08T05:15:33.698+0000] {dagbag.py:588} INFO - Filling up the DagBag from /opt/airflow/dags/ml_03_oil_pipeline.py
[2026-09-08T05:15:34.143+0000] {processor.py:925} INFO - DAG(s) 'oil_price_pipeline_dag' retrieved from /opt/airflow/dags/ml_03_oil_pipeline.py
[2026-09-08T05:15:34.162+0000] {logging_mixin.py:190} INFO - [2026-09-08T05:15:34.162+0000] {dag.py:3239} INFO - Sync 1 DAGs
[2026-09-08T05:15:34.172+0000] {logging_mixin.py:190} INFO - [2026-09-08T05:15:34.172+0000] {dag.py:4180} INFO - Setting next_dagrun for oil_price_pipeline_dag to None, run_after=None
[2026-09-08T05:15:34.196+0000] {processor.py:208} INFO - Processing /opt/airflow/dags/ml_03_oil_pipeline.py took 0.504 seconds
[2026-09-08T05:16:04.329+0000] {processor.py:186} INFO - Started process (PID=1318) to work on /opt/airflow/dags/ml_03_oil_pipeline.py
[2026-09-08T05:16:04.330+0000] {processor.py:914} INFO - Processing file /opt/airflow/dags/ml_03_oil_pipeline.py for tasks to queue
[2026-09-08T05:16:04.331+0000] {logging_mixin.py:190} INFO - [2026-09-08T05:16:04.331+0000] {dagbag.py:588} INFO - Filling up the DagBag from /opt/airflow/dags/ml_03_oil_pipeline.py
[2026-09-08T05:16:04.681+0000] {processor.py:925} INFO - DAG(s) 'oil_price_pipeline_dag' retrieved from /opt/airflow/dags/ml_03_oil_pipeline.py
[2026-09-08T05:16:04.702+0000] {logging_mixin.py:190} INFO - [2026-09-08T05:16:04.702+0000] {dag.py:3239} INFO - Sync 1 DAGs
[2026-09-08T05:16:04.716+0000] {logging_mixin.py:190} INFO - [2026-09-08T05:16:04.715+0000] {dag.py:4180} INFO - Setting next_dagrun for oil_price_pipeline_dag to None, run_after=None
[2026-09-08T05:16:04.733+0000] {processor.py:208} INFO - Processing /opt/airflow/dags/ml_03_oil_pipeline.py took 0.408 seconds
[2026-09-08T05:16:34.896+0000] {processor.py:186} INFO - Started process (PID=1332) to work on /opt/airflow/dags/ml_03_oil_pipeline.py
[2026-09-08T05:16:34.896+0000] {processor.py:914} INFO - Processing file /opt/airflow/dags/ml_03_oil_pipeline.py for tasks to queue
[2026-09-08T05:16:34.898+0000] {logging_mixin.py:190} INFO - [2026-09-08T05:16:34.897+0000] {dagbag.py:588} INFO - Filling up the DagBag from /opt/airflow/dags/ml_03_oil_pipeline.py
[2026-09-08T05:16:35.266+0000] {processor.py:925} INFO - DAG(s) 'oil_price_pipeline_dag' retrieved from /opt/airflow/dags/ml_03_oil_pipeline.py
[2026-09-08T05:16:35.285+0000] {logging_mixin.py:190} INFO - [2026-09-08T05:16:35.285+0000] {dag.py:3239} INFO - Sync 1 DAGs
[2026-09-08T05:16:35.296+0000] {logging_mixin.py:190} INFO - [2026-09-08T05:16:35.296+0000] {dag.py:4180} INFO - Setting next_dagrun for oil_price_pipeline_dag to None, run_after=None
[2026-09-08T05:16:35.312+0000] {processor.py:208} INFO - Processing /opt/airflow/dags/ml_03_oil_pipeline.py took 0.424 seconds
[2026-09-08T05:17:05.589+0000] {processor.py:186} INFO - Started process (PID=1347) to work on /opt/airflow/dags/ml_03_oil_pipeline.py
[2026-09-08T05:17:05.589+0000] {processor.py:914} INFO - Processing file /opt/airflow/dags/ml_03_oil_pipeline.py for tasks to queue
[2026-09-08T05:17:05.591+0000] {logging_mixin.py:190} INFO - [2026-09-08T05:17:05.590+0000] {dagbag.py:588} INFO - Filling up the DagBag from /opt/airflow/dags/ml_03_oil_pipeline.py
[2026-09-08T05:17:06.043+0000] {processor.py:925} INFO - DAG(s) 'oil_price_pipeline_dag' retrieved from /opt/airflow/dags/ml_03_oil_pipeline.py
[2026-09-08T05:17:06.068+0000] {logging_mixin.py:190} INFO - [2026-09-08T05:17:06.068+0000] {dag.py:3239} INFO - Sync 1 DAGs
[2026-09-08T05:17:06.081+0000] {logging_mixin.py:190} INFO - [2026-09-08T05:17:06.081+0000] {dag.py:4180} INFO - Setting next_dagrun for oil_price_pipeline_dag to None, run_after=None
[2026-09-08T05:17:06.101+0000] {processor.py:208} INFO - Processing /opt/airflow/dags/ml_03_oil_pipeline.py took 0.518 seconds
[2026-09-08T05:17:36.850+0000] {processor.py:186} INFO - Started process (PID=1361) to work on /opt/airflow/dags/ml_03_oil_pipeline.py
[2026-09-08T05:17:36.851+0000] {processor.py:914} INFO - Processing file /opt/airflow/dags/ml_03_oil_pipeline.py for tasks to queue
[2026-09-08T05:17:36.854+0000] {logging_mixin.py:190} INFO - [2026-09-08T05:17:36.853+0000] {dagbag.py:588} INFO - Filling up the DagBag from /opt/airflow/dags/ml_03_oil_pipeline.py
[2026-09-08T05:17:37.311+0000] {processor.py:925} INFO - DAG(s) 'oil_price_pipeline_dag' retrieved from /opt/airflow/dags/ml_03_oil_pipeline.py
[2026-09-08T05:17:37.346+0000] {logging_mixin.py:190} INFO - [2026-09-08T05:17:37.346+0000] {dag.py:3239} INFO - Sync 1 DAGs
[2026-09-08T05:17:37.362+0000] {logging_mixin.py:190} INFO - [2026-09-08T05:17:37.361+0000] {dag.py:4180} INFO - Setting next_dagrun for oil_price_pipeline_dag to None, run_after=None
[2026-09-08T05:17:37.382+0000] {processor.py:208} INFO - Processing /opt/airflow/dags/ml_03_oil_pipeline.py took 0.546 seconds
[2026-09-08T05:18:08.043+0000] {processor.py:186} INFO - Started process (PID=1375) to work on /opt/airflow/dags/ml_03_oil_pipeline.py
[2026-09-08T05:18:08.044+0000] {processor.py:914} INFO - Processing file /opt/airflow/dags/ml_03_oil_pipeline.py for tasks to queue
[2026-09-08T05:18:08.045+0000] {logging_mixin.py:190} INFO - [2026-09-08T05:18:08.045+0000] {dagbag.py:588} INFO - Filling up the DagBag from /opt/airflow/dags/ml_03_oil_pipeline.py
[2026-09-08T05:18:08.403+0000] {processor.py:925} INFO - DAG(s) 'oil_price_pipeline_dag' retrieved from /opt/airflow/dags/ml_03_oil_pipeline.py
[2026-09-08T05:18:08.422+0000] {logging_mixin.py:190} INFO - [2026-09-08T05:18:08.422+0000] {dag.py:3239} INFO - Sync 1 DAGs
[2026-09-08T05:18:08.431+0000] {logging_mixin.py:190} INFO - [2026-09-08T05:18:08.431+0000] {dag.py:4180} INFO - Setting next_dagrun for oil_price_pipeline_dag to None, run_after=None
[2026-09-08T05:18:08.446+0000] {processor.py:208} INFO - Processing /opt/airflow/dags/ml_03_oil_pipeline.py took 0.408 seconds
[2026-09-08T05:18:38.706+0000] {processor.py:186} INFO - Started process (PID=1389) to work on /opt/airflow/dags/ml_03_oil_pipeline.py
[2026-09-08T05:18:38.707+0000] {processor.py:914} INFO - Processing file /opt/airflow/dags/ml_03_oil_pipeline.py for tasks to queue
[2026-09-08T05:18:38.708+0000] {logging_mixin.py:190} INFO - [2026-09-08T05:18:38.708+0000] {dagbag.py:588} INFO - Filling up the DagBag from /opt/airflow/dags/ml_03_oil_pipeline.py
[2026-09-08T05:18:39.074+0000] {processor.py:925} INFO - DAG(s) 'oil_price_pipeline_dag' retrieved from /opt/airflow/dags/ml_03_oil_pipeline.py
[2026-09-08T05:18:39.093+0000] {logging_mixin.py:190} INFO - [2026-09-08T05:18:39.093+0000] {dag.py:3239} INFO - Sync 1 DAGs
[2026-09-08T05:18:39.103+0000] {logging_mixin.py:190} INFO - [2026-09-08T05:18:39.103+0000] {dag.py:4180} INFO - Setting next_dagrun for oil_price_pipeline_dag to None, run_after=None
[2026-09-08T05:18:39.118+0000] {processor.py:208} INFO - Processing /opt/airflow/dags/ml_03_oil_pipeline.py took 0.417 seconds
[2026-09-08T05:19:09.268+0000] {processor.py:186} INFO - Started process (PID=1403) to work on /opt/airflow/dags/ml_03_oil_pipeline.py
[2026-09-08T05:19:09.268+0000] {processor.py:914} INFO - Processing file /opt/airflow/dags/ml_03_oil_pipeline.py for tasks to queue
[2026-09-08T05:19:09.270+0000] {logging_mixin.py:190} INFO - [2026-09-08T05:19:09.269+0000] {dagbag.py:588} INFO - Filling up the DagBag from /opt/airflow/dags/ml_03_oil_pipeline.py
[2026-09-08T05:19:09.655+0000] {processor.py:925} INFO - DAG(s) 'oil_price_pipeline_dag' retrieved from /opt/airflow/dags/ml_03_oil_pipeline.py
[2026-09-08T05:19:09.675+0000] {logging_mixin.py:190} INFO - [2026-09-08T05:19:09.674+0000] {dag.py:3239} INFO - Sync 1 DAGs
[2026-09-08T05:19:09.684+0000] {logging_mixin.py:190} INFO - [2026-09-08T05:19:09.684+0000] {dag.py:4180} INFO - Setting next_dagrun for oil_price_pipeline_dag to None, run_after=None
[2026-09-08T05:19:09.702+0000] {processor.py:208} INFO - Processing /opt/airflow/dags/ml_03_oil_pipeline.py took 0.439 seconds
[2026-09-08T05:19:39.763+0000] {processor.py:186} INFO - Started process (PID=1417) to work on /opt/airflow/dags/ml_03_oil_pipeline.py
[2026-09-08T05:19:39.764+0000] {processor.py:914} INFO - Processing file /opt/airflow/dags/ml_03_oil_pipeline.py for tasks to queue
[2026-09-08T05:19:39.766+0000] {logging_mixin.py:190} INFO - [2026-09-08T05:19:39.765+0000] {dagbag.py:588} INFO - Filling up the DagBag from /opt/airflow/dags/ml_03_oil_pipeline.py
[2026-09-08T05:19:40.153+0000] {processor.py:925} INFO - DAG(s) 'oil_price_pipeline_dag' retrieved from /opt/airflow/dags/ml_03_oil_pipeline.py
[2026-09-08T05:19:40.171+0000] {logging_mixin.py:190} INFO - [2026-09-08T05:19:40.171+0000] {dag.py:3239} INFO - Sync 1 DAGs
[2026-09-08T05:19:40.182+0000] {logging_mixin.py:190} INFO - [2026-09-08T05:19:40.182+0000] {dag.py:4180} INFO - Setting next_dagrun for oil_price_pipeline_dag to None, run_after=None
[2026-09-08T05:19:40.197+0000] {processor.py:208} INFO - Processing /opt/airflow/dags/ml_03_oil_pipeline.py took 0.439 seconds
[2026-09-08T05:20:10.695+0000] {processor.py:186} INFO - Started process (PID=1431) to work on /opt/airflow/dags/ml_03_oil_pipeline.py
[2026-09-08T05:20:10.696+0000] {processor.py:914} INFO - Processing file /opt/airflow/dags/ml_03_oil_pipeline.py for tasks to queue
[2026-09-08T05:20:10.697+0000] {logging_mixin.py:190} INFO - [2026-09-08T05:20:10.697+0000] {dagbag.py:588} INFO - Filling up the DagBag from /opt/airflow/dags/ml_03_oil_pipeline.py
[2026-09-08T05:20:11.059+0000] {processor.py:925} INFO - DAG(s) 'oil_price_pipeline_dag' retrieved from /opt/airflow/dags/ml_03_oil_pipeline.py
[2026-09-08T05:20:11.077+0000] {logging_mixin.py:190} INFO - [2026-09-08T05:20:11.077+0000] {dag.py:3239} INFO - Sync 1 DAGs
[2026-09-08T05:20:11.086+0000] {logging_mixin.py:190} INFO - [2026-09-08T05:20:11.086+0000] {dag.py:4180} INFO - Setting next_dagrun for oil_price_pipeline_dag to None, run_after=None
[2026-09-08T05:20:11.102+0000] {processor.py:208} INFO - Processing /opt/airflow/dags/ml_03_oil_pipeline.py took 0.412 seconds
[2026-09-08T05:20:41.635+0000] {processor.py:186} INFO - Started process (PID=1445) to work on /opt/airflow/dags/ml_03_oil_pipeline.py
[2026-09-08T05:20:41.636+0000] {processor.py:914} INFO - Processing file /opt/airflow/dags/ml_03_oil_pipeline.py for tasks to queue
[2026-09-08T05:20:41.637+0000] {logging_mixin.py:190} INFO - [2026-09-08T05:20:41.637+0000] {dagbag.py:588} INFO - Filling up the DagBag from /opt/airflow/dags/ml_03_oil_pipeline.py
[2026-09-08T05:20:41.996+0000] {processor.py:925} INFO - DAG(s) 'oil_price_pipeline_dag' retrieved from /opt/airflow/dags/ml_03_oil_pipeline.py
[2026-09-08T05:20:42.018+0000] {logging_mixin.py:190} INFO - [2026-09-08T05:20:42.018+0000] {dag.py:3239} INFO - Sync 1 DAGs
[2026-09-08T05:20:42.030+0000] {logging_mixin.py:190} INFO - [2026-09-08T05:20:42.030+0000] {dag.py:4180} INFO - Setting next_dagrun for oil_price_pipeline_dag to None, run_after=None
[2026-09-08T05:20:42.047+0000] {processor.py:208} INFO - Processing /opt/airflow/dags/ml_03_oil_pipeline.py took 0.418 seconds
[2026-09-08T05:21:12.256+0000] {processor.py:186} INFO - Started process (PID=1459) to work on /opt/airflow/dags/ml_03_oil_pipeline.py
[2026-09-08T05:21:12.257+0000] {processor.py:914} INFO - Processing file /opt/airflow/dags/ml_03_oil_pipeline.py for tasks to queue
[2026-09-08T05:21:12.258+0000] {logging_mixin.py:190} INFO - [2026-09-08T05:21:12.258+0000] {dagbag.py:588} INFO - Filling up the DagBag from /opt/airflow/dags/ml_03_oil_pipeline.py
[2026-09-08T05:21:12.632+0000] {processor.py:925} INFO - DAG(s) 'oil_price_pipeline_dag' retrieved from /opt/airflow/dags/ml_03_oil_pipeline.py
[2026-09-08T05:21:12.656+0000] {logging_mixin.py:190} INFO - [2026-09-08T05:21:12.656+0000] {dag.py:3239} INFO - Sync 1 DAGs
[2026-09-08T05:21:12.665+0000] {logging_mixin.py:190} INFO - [2026-09-08T05:21:12.664+0000] {dag.py:4180} INFO - Setting next_dagrun for oil_price_pipeline_dag to None, run_after=None
[2026-09-08T05:21:12.679+0000] {processor.py:208} INFO - Processing /opt/airflow/dags/ml_03_oil_pipeline.py took 0.428 seconds
[2026-09-08T05:21:43.703+0000] {processor.py:186} INFO - Started process (PID=1473) to work on /opt/airflow/dags/ml_03_oil_pipeline.py
[2026-09-08T05:21:43.704+0000] {processor.py:914} INFO - Processing file /opt/airflow/dags/ml_03_oil_pipeline.py for tasks to queue
[2026-09-08T05:21:43.706+0000] {logging_mixin.py:190} INFO - [2026-09-08T05:21:43.705+0000] {dagbag.py:588} INFO - Filling up the DagBag from /opt/airflow/dags/ml_03_oil_pipeline.py
[2026-09-08T05:21:44.064+0000] {processor.py:925} INFO - DAG(s) 'oil_price_pipeline_dag' retrieved from /opt/airflow/dags/ml_03_oil_pipeline.py
[2026-09-08T05:21:44.083+0000] {logging_mixin.py:190} INFO - [2026-09-08T05:21:44.083+0000] {dag.py:3239} INFO - Sync 1 DAGs
[2026-09-08T05:21:44.092+0000] {logging_mixin.py:190} INFO - [2026-09-08T05:21:44.092+0000] {dag.py:4180} INFO - Setting next_dagrun for oil_price_pipeline_dag to None, run_after=None
[2026-09-08T05:21:44.113+0000] {processor.py:208} INFO - Processing /opt/airflow/dags/ml_03_oil_pipeline.py took 0.415 seconds
[2026-09-08T05:22:14.280+0000] {processor.py:186} INFO - Started process (PID=1487) to work on /opt/airflow/dags/ml_03_oil_pipeline.py
[2026-09-08T05:22:14.281+0000] {processor.py:914} INFO - Processing file /opt/airflow/dags/ml_03_oil_pipeline.py for tasks to queue
[2026-09-08T05:22:14.283+0000] {logging_mixin.py:190} INFO - [2026-09-08T05:22:14.282+0000] {dagbag.py:588} INFO - Filling up the DagBag from /opt/airflow/dags/ml_03_oil_pipeline.py
[2026-09-08T05:22:14.664+0000] {processor.py:925} INFO - DAG(s) 'oil_price_pipeline_dag' retrieved from /opt/airflow/dags/ml_03_oil_pipeline.py
[2026-09-08T05:22:14.683+0000] {logging_mixin.py:190} INFO - [2026-09-08T05:22:14.683+0000] {dag.py:3239} INFO - Sync 1 DAGs
[2026-09-08T05:22:14.692+0000] {logging_mixin.py:190} INFO - [2026-09-08T05:22:14.692+0000] {dag.py:4180} INFO - Setting next_dagrun for oil_price_pipeline_dag to None, run_after=None
[2026-09-08T05:22:14.708+0000] {processor.py:208} INFO - Processing /opt/airflow/dags/ml_03_oil_pipeline.py took 0.434 seconds
[2026-09-08T05:22:44.820+0000] {processor.py:186} INFO - Started process (PID=1501) to work on /opt/airflow/dags/ml_03_oil_pipeline.py
[2026-09-08T05:22:44.821+0000] {processor.py:914} INFO - Processing file /opt/airflow/dags/ml_03_oil_pipeline.py for tasks to queue
[2026-09-08T05:22:44.822+0000] {logging_mixin.py:190} INFO - [2026-09-08T05:22:44.821+0000] {dagbag.py:588} INFO - Filling up the DagBag from /opt/airflow/dags/ml_03_oil_pipeline.py
[2026-09-08T05:22:45.186+0000] {processor.py:925} INFO - DAG(s) 'oil_price_pipeline_dag' retrieved from /opt/airflow/dags/ml_03_oil_pipeline.py
[2026-09-08T05:22:45.205+0000] {logging_mixin.py:190} INFO - [2026-09-08T05:22:45.205+0000] {dag.py:3239} INFO - Sync 1 DAGs
[2026-09-08T05:22:45.214+0000] {logging_mixin.py:190} INFO - [2026-09-08T05:22:45.214+0000] {dag.py:4180} INFO - Setting next_dagrun for oil_price_pipeline_dag to None, run_after=None
[2026-09-08T05:22:45.232+0000] {processor.py:208} INFO - Processing /opt/airflow/dags/ml_03_oil_pipeline.py took 0.417 seconds
[2026-09-08T05:23:15.365+0000] {processor.py:186} INFO - Started process (PID=1515) to work on /opt/airflow/dags/ml_03_oil_pipeline.py
[2026-09-08T05:23:15.366+0000] {processor.py:914} INFO - Processing file /opt/airflow/dags/ml_03_oil_pipeline.py for tasks to queue
[2026-09-08T05:23:15.367+0000] {logging_mixin.py:190} INFO - [2026-09-08T05:23:15.367+0000] {dagbag.py:588} INFO - Filling up the DagBag from /opt/airflow/dags/ml_03_oil_pipeline.py
[2026-09-08T05:23:15.756+0000] {processor.py:925} INFO - DAG(s) 'oil_price_pipeline_dag' retrieved from /opt/airflow/dags/ml_03_oil_pipeline.py
[2026-09-08T05:23:15.775+0000] {logging_mixin.py:190} INFO - [2026-09-08T05:23:15.775+0000] {dag.py:3239} INFO - Sync 1 DAGs
[2026-09-08T05:23:15.785+0000] {logging_mixin.py:190} INFO - [2026-09-08T05:23:15.785+0000] {dag.py:4180} INFO - Setting next_dagrun for oil_price_pipeline_dag to None, run_after=None
[2026-09-08T05:23:15.802+0000] {processor.py:208} INFO - Processing /opt/airflow/dags/ml_03_oil_pipeline.py took 0.442 seconds
[2026-09-08T05:23:46.037+0000] {processor.py:186} INFO - Started process (PID=1529) to work on /opt/airflow/dags/ml_03_oil_pipeline.py
[2026-09-08T05:23:46.038+0000] {processor.py:914} INFO - Processing file /opt/airflow/dags/ml_03_oil_pipeline.py for tasks to queue
[2026-09-08T05:23:46.039+0000] {logging_mixin.py:190} INFO - [2026-09-08T05:23:46.039+0000] {dagbag.py:588} INFO - Filling up the DagBag from /opt/airflow/dags/ml_03_oil_pipeline.py
[2026-09-08T05:23:46.382+0000] {processor.py:925} INFO - DAG(s) 'oil_price_pipeline_dag' retrieved from /opt/airflow/dags/ml_03_oil_pipeline.py
[2026-09-08T05:23:46.403+0000] {logging_mixin.py:190} INFO - [2026-09-08T05:23:46.402+0000] {dag.py:3239} INFO - Sync 1 DAGs
[2026-09-08T05:23:46.412+0000] {logging_mixin.py:190} INFO - [2026-09-08T05:23:46.411+0000] {dag.py:4180} INFO - Setting next_dagrun for oil_price_pipeline_dag to None, run_after=None
[2026-09-08T05:23:46.428+0000] {processor.py:208} INFO - Processing /opt/airflow/dags/ml_03_oil_pipeline.py took 0.397 seconds
[2026-09-08T05:24:16.881+0000] {processor.py:186} INFO - Started process (PID=1543) to work on /opt/airflow/dags/ml_03_oil_pipeline.py
[2026-09-08T05:24:16.883+0000] {processor.py:914} INFO - Processing file /opt/airflow/dags/ml_03_oil_pipeline.py for tasks to queue
[2026-09-08T05:24:16.884+0000] {logging_mixin.py:190} INFO - [2026-09-08T05:24:16.884+0000] {dagbag.py:588} INFO - Filling up the DagBag from /opt/airflow/dags/ml_03_oil_pipeline.py
[2026-09-08T05:24:17.197+0000] {processor.py:925} INFO - DAG(s) 'oil_price_pipeline_dag' retrieved from /opt/airflow/dags/ml_03_oil_pipeline.py
[2026-09-08T05:24:17.219+0000] {logging_mixin.py:190} INFO - [2026-09-08T05:24:17.219+0000] {dag.py:3239} INFO - Sync 1 DAGs
[2026-09-08T05:24:17.229+0000] {logging_mixin.py:190} INFO - [2026-09-08T05:24:17.229+0000] {dag.py:4180} INFO - Setting next_dagrun for oil_price_pipeline_dag to None, run_after=None
[2026-09-08T05:24:17.247+0000] {processor.py:208} INFO - Processing /opt/airflow/dags/ml_03_oil_pipeline.py took 0.371 seconds
[2026-09-08T05:24:47.385+0000] {processor.py:186} INFO - Started process (PID=1557) to work on /opt/airflow/dags/ml_03_oil_pipeline.py
[2026-09-08T05:24:47.385+0000] {processor.py:914} INFO - Processing file /opt/airflow/dags/ml_03_oil_pipeline.py for tasks to queue
[2026-09-08T05:24:47.386+0000] {logging_mixin.py:190} INFO - [2026-09-08T05:24:47.386+0000] {dagbag.py:588} INFO - Filling up the DagBag from /opt/airflow/dags/ml_03_oil_pipeline.py
[2026-09-08T05:24:47.621+0000] {processor.py:925} INFO - DAG(s) 'oil_price_pipeline_dag' retrieved from /opt/airflow/dags/ml_03_oil_pipeline.py
[2026-09-08T05:24:47.644+0000] {logging_mixin.py:190} INFO - [2026-09-08T05:24:47.643+0000] {dag.py:3239} INFO - Sync 1 DAGs
[2026-09-08T05:24:47.654+0000] {logging_mixin.py:190} INFO - [2026-09-08T05:24:47.653+0000] {dag.py:4180} INFO - Setting next_dagrun for oil_price_pipeline_dag to None, run_after=None
[2026-09-08T05:24:47.670+0000] {processor.py:208} INFO - Processing /opt/airflow/dags/ml_03_oil_pipeline.py took 0.290 seconds
[2026-09-08T05:25:17.826+0000] {processor.py:186} INFO - Started process (PID=1571) to work on /opt/airflow/dags/ml_03_oil_pipeline.py
[2026-09-08T05:25:17.827+0000] {processor.py:914} INFO - Processing file /opt/airflow/dags/ml_03_oil_pipeline.py for tasks to queue
[2026-09-08T05:25:17.828+0000] {logging_mixin.py:190} INFO - [2026-09-08T05:25:17.827+0000] {dagbag.py:588} INFO - Filling up the DagBag from /opt/airflow/dags/ml_03_oil_pipeline.py
[2026-09-08T05:25:18.095+0000] {processor.py:925} INFO - DAG(s) 'oil_price_pipeline_dag' retrieved from /opt/airflow/dags/ml_03_oil_pipeline.py
[2026-09-08T05:25:18.119+0000] {logging_mixin.py:190} INFO - [2026-09-08T05:25:18.119+0000] {dag.py:3239} INFO - Sync 1 DAGs
[2026-09-08T05:25:18.129+0000] {logging_mixin.py:190} INFO - [2026-09-08T05:25:18.129+0000] {dag.py:4180} INFO - Setting next_dagrun for oil_price_pipeline_dag to None, run_after=None
[2026-09-08T05:25:18.160+0000] {processor.py:208} INFO - Processing /opt/airflow/dags/ml_03_oil_pipeline.py took 0.341 seconds
[2026-09-08T05:25:48.266+0000] {processor.py:186} INFO - Started process (PID=1585) to work on /opt/airflow/dags/ml_03_oil_pipeline.py
[2026-09-08T05:25:48.267+0000] {processor.py:914} INFO - Processing file /opt/airflow/dags/ml_03_oil_pipeline.py for tasks to queue
[2026-09-08T05:25:48.268+0000] {logging_mixin.py:190} INFO - [2026-09-08T05:25:48.268+0000] {dagbag.py:588} INFO - Filling up the DagBag from /opt/airflow/dags/ml_03_oil_pipeline.py
[2026-09-08T05:25:48.523+0000] {processor.py:925} INFO - DAG(s) 'oil_price_pipeline_dag' retrieved from /opt/airflow/dags/ml_03_oil_pipeline.py
[2026-09-08T05:25:48.547+0000] {logging_mixin.py:190} INFO - [2026-09-08T05:25:48.547+0000] {dag.py:3239} INFO - Sync 1 DAGs
[2026-09-08T05:25:48.561+0000] {logging_mixin.py:190} INFO - [2026-09-08T05:25:48.560+0000] {dag.py:4180} INFO - Setting next_dagrun for oil_price_pipeline_dag to None, run_after=None
[2026-09-08T05:25:48.577+0000] {processor.py:208} INFO - Processing /opt/airflow/dags/ml_03_oil_pipeline.py took 0.316 seconds
[2026-09-08T05:26:18.735+0000] {processor.py:186} INFO - Started process (PID=1599) to work on /opt/airflow/dags/ml_03_oil_pipeline.py
[2026-09-08T05:26:18.736+0000] {processor.py:914} INFO - Processing file /opt/airflow/dags/ml_03_oil_pipeline.py for tasks to queue
[2026-09-08T05:26:18.738+0000] {logging_mixin.py:190} INFO - [2026-09-08T05:26:18.737+0000] {dagbag.py:588} INFO - Filling up the DagBag from /opt/airflow/dags/ml_03_oil_pipeline.py
[2026-09-08T05:26:19.014+0000] {processor.py:925} INFO - DAG(s) 'oil_price_pipeline_dag' retrieved from /opt/airflow/dags/ml_03_oil_pipeline.py
[2026-09-08T05:26:19.036+0000] {logging_mixin.py:190} INFO - [2026-09-08T05:26:19.035+0000] {dag.py:3239} INFO - Sync 1 DAGs
[2026-09-08T05:26:19.048+0000] {logging_mixin.py:190} INFO - [2026-09-08T05:26:19.048+0000] {dag.py:4180} INFO - Setting next_dagrun for oil_price_pipeline_dag to None, run_after=None
[2026-09-08T05:26:19.065+0000] {processor.py:208} INFO - Processing /opt/airflow/dags/ml_03_oil_pipeline.py took 0.335 seconds
[2026-09-08T05:26:49.248+0000] {processor.py:186} INFO - Started process (PID=1613) to work on /opt/airflow/dags/ml_03_oil_pipeline.py
[2026-09-08T05:26:49.248+0000] {processor.py:914} INFO - Processing file /opt/airflow/dags/ml_03_oil_pipeline.py for tasks to queue
[2026-09-08T05:26:49.249+0000] {logging_mixin.py:190} INFO - [2026-09-08T05:26:49.249+0000] {dagbag.py:588} INFO - Filling up the DagBag from /opt/airflow/dags/ml_03_oil_pipeline.py
[2026-09-08T05:26:49.513+0000] {processor.py:925} INFO - DAG(s) 'oil_price_pipeline_dag' retrieved from /opt/airflow/dags/ml_03_oil_pipeline.py
[2026-09-08T05:26:49.537+0000] {logging_mixin.py:190} INFO - [2026-09-08T05:26:49.537+0000] {dag.py:3239} INFO - Sync 1 DAGs
[2026-09-08T05:26:49.551+0000] {logging_mixin.py:190} INFO - [2026-09-08T05:26:49.551+0000] {dag.py:4180} INFO - Setting next_dagrun for oil_price_pipeline_dag to None, run_after=None
[2026-09-08T05:26:49.571+0000] {processor.py:208} INFO - Processing /opt/airflow/dags/ml_03_oil_pipeline.py took 0.329 seconds
[2026-09-08T05:27:19.822+0000] {processor.py:186} INFO - Started process (PID=1627) to work on /opt/airflow/dags/ml_03_oil_pipeline.py
[2026-09-08T05:27:19.823+0000] {processor.py:914} INFO - Processing file /opt/airflow/dags/ml_03_oil_pipeline.py for tasks to queue
[2026-09-08T05:27:19.824+0000] {logging_mixin.py:190} INFO - [2026-09-08T05:27:19.824+0000] {dagbag.py:588} INFO - Filling up the DagBag from /opt/airflow/dags/ml_03_oil_pipeline.py
[2026-09-08T05:27:20.075+0000] {processor.py:925} INFO - DAG(s) 'oil_price_pipeline_dag' retrieved from /opt/airflow/dags/ml_03_oil_pipeline.py
[2026-09-08T05:27:20.097+0000] {logging_mixin.py:190} INFO - [2026-09-08T05:27:20.097+0000] {dag.py:3239} INFO - Sync 1 DAGs
[2026-09-08T05:27:20.107+0000] {logging_mixin.py:190} INFO - [2026-09-08T05:27:20.107+0000] {dag.py:4180} INFO - Setting next_dagrun for oil_price_pipeline_dag to None, run_after=None
[2026-09-08T05:27:20.125+0000] {processor.py:208} INFO - Processing /opt/airflow/dags/ml_03_oil_pipeline.py took 0.308 seconds
[2026-09-08T05:27:50.354+0000] {processor.py:186} INFO - Started process (PID=1641) to work on /opt/airflow/dags/ml_03_oil_pipeline.py
[2026-09-08T05:27:50.355+0000] {processor.py:914} INFO - Processing file /opt/airflow/dags/ml_03_oil_pipeline.py for tasks to queue
[2026-09-08T05:27:50.356+0000] {logging_mixin.py:190} INFO - [2026-09-08T05:27:50.356+0000] {dagbag.py:588} INFO - Filling up the DagBag from /opt/airflow/dags/ml_03_oil_pipeline.py
[2026-09-08T05:27:50.626+0000] {processor.py:925} INFO - DAG(s) 'oil_price_pipeline_dag' retrieved from /opt/airflow/dags/ml_03_oil_pipeline.py
[2026-09-08T05:27:50.661+0000] {logging_mixin.py:190} INFO - [2026-09-08T05:27:50.661+0000] {dag.py:3239} INFO - Sync 1 DAGs
[2026-09-08T05:27:50.672+0000] {logging_mixin.py:190} INFO - [2026-09-08T05:27:50.672+0000] {dag.py:4180} INFO - Setting next_dagrun for oil_price_pipeline_dag to None, run_after=None
[2026-09-08T05:27:50.689+0000] {processor.py:208} INFO - Processing /opt/airflow/dags/ml_03_oil_pipeline.py took 0.342 seconds
[2026-09-08T05:28:21.035+0000] {processor.py:186} INFO - Started process (PID=1655) to work on /opt/airflow/dags/ml_03_oil_pipeline.py
[2026-09-08T05:28:21.043+0000] {processor.py:914} INFO - Processing file /opt/airflow/dags/ml_03_oil_pipeline.py for tasks to queue
[2026-09-08T05:28:21.045+0000] {logging_mixin.py:190} INFO - [2026-09-08T05:28:21.045+0000] {dagbag.py:588} INFO - Filling up the DagBag from /opt/airflow/dags/ml_03_oil_pipeline.py
[2026-09-08T05:28:21.401+0000] {processor.py:925} INFO - DAG(s) 'oil_price_pipeline_dag' retrieved from /opt/airflow/dags/ml_03_oil_pipeline.py
[2026-09-08T05:28:21.436+0000] {logging_mixin.py:190} INFO - [2026-09-08T05:28:21.436+0000] {dag.py:3239} INFO - Sync 1 DAGs
[2026-09-08T05:28:21.449+0000] {logging_mixin.py:190} INFO - [2026-09-08T05:28:21.448+0000] {dag.py:4180} INFO - Setting next_dagrun for oil_price_pipeline_dag to None, run_after=None
[2026-09-08T05:28:21.485+0000] {processor.py:208} INFO - Processing /opt/airflow/dags/ml_03_oil_pipeline.py took 0.458 seconds
[2026-09-08T05:28:52.293+0000] {processor.py:186} INFO - Started process (PID=1669) to work on /opt/airflow/dags/ml_03_oil_pipeline.py
[2026-09-08T05:28:52.294+0000] {processor.py:914} INFO - Processing file /opt/airflow/dags/ml_03_oil_pipeline.py for tasks to queue
[2026-09-08T05:28:52.296+0000] {logging_mixin.py:190} INFO - [2026-09-08T05:28:52.296+0000] {dagbag.py:588} INFO - Filling up the DagBag from /opt/airflow/dags/ml_03_oil_pipeline.py
[2026-09-08T05:28:52.639+0000] {processor.py:925} INFO - DAG(s) 'oil_price_pipeline_dag' retrieved from /opt/airflow/dags/ml_03_oil_pipeline.py
[2026-09-08T05:28:52.673+0000] {logging_mixin.py:190} INFO - [2026-09-08T05:28:52.672+0000] {dag.py:3239} INFO - Sync 1 DAGs
[2026-09-08T05:28:52.686+0000] {logging_mixin.py:190} INFO - [2026-09-08T05:28:52.685+0000] {dag.py:4180} INFO - Setting next_dagrun for oil_price_pipeline_dag to None, run_after=None
[2026-09-08T05:28:52.704+0000] {processor.py:208} INFO - Processing /opt/airflow/dags/ml_03_oil_pipeline.py took 0.417 seconds
[2026-09-08T05:29:22.769+0000] {processor.py:186} INFO - Started process (PID=1683) to work on /opt/airflow/dags/ml_03_oil_pipeline.py
[2026-09-08T05:29:22.770+0000] {processor.py:914} INFO - Processing file /opt/airflow/dags/ml_03_oil_pipeline.py for tasks to queue
[2026-09-08T05:29:22.772+0000] {logging_mixin.py:190} INFO - [2026-09-08T05:29:22.771+0000] {dagbag.py:588} INFO - Filling up the DagBag from /opt/airflow/dags/ml_03_oil_pipeline.py
[2026-09-08T05:29:23.099+0000] {processor.py:925} INFO - DAG(s) 'oil_price_pipeline_dag' retrieved from /opt/airflow/dags/ml_03_oil_pipeline.py
[2026-09-08T05:29:23.129+0000] {logging_mixin.py:190} INFO - [2026-09-08T05:29:23.129+0000] {dag.py:3239} INFO - Sync 1 DAGs
[2026-09-08T05:29:23.145+0000] {logging_mixin.py:190} INFO - [2026-09-08T05:29:23.144+0000] {dag.py:4180} INFO - Setting next_dagrun for oil_price_pipeline_dag to None, run_after=None
[2026-09-08T05:29:23.169+0000] {processor.py:208} INFO - Processing /opt/airflow/dags/ml_03_oil_pipeline.py took 0.407 seconds
[2026-09-08T05:29:54.030+0000] {processor.py:186} INFO - Started process (PID=1697) to work on /opt/airflow/dags/ml_03_oil_pipeline.py
[2026-09-08T05:29:54.036+0000] {processor.py:914} INFO - Processing file /opt/airflow/dags/ml_03_oil_pipeline.py for tasks to queue
[2026-09-08T05:29:54.038+0000] {logging_mixin.py:190} INFO - [2026-09-08T05:29:54.038+0000] {dagbag.py:588} INFO - Filling up the DagBag from /opt/airflow/dags/ml_03_oil_pipeline.py
[2026-09-08T05:29:54.408+0000] {processor.py:925} INFO - DAG(s) 'oil_price_pipeline_dag' retrieved from /opt/airflow/dags/ml_03_oil_pipeline.py
[2026-09-08T05:29:54.433+0000] {logging_mixin.py:190} INFO - [2026-09-08T05:29:54.433+0000] {dag.py:3239} INFO - Sync 1 DAGs
[2026-09-08T05:29:54.451+0000] {logging_mixin.py:190} INFO - [2026-09-08T05:29:54.450+0000] {dag.py:4180} INFO - Setting next_dagrun for oil_price_pipeline_dag to None, run_after=None
[2026-09-08T05:29:54.475+0000] {processor.py:208} INFO - Processing /opt/airflow/dags/ml_03_oil_pipeline.py took 0.452 seconds
[2026-09-08T05:30:25.252+0000] {processor.py:186} INFO - Started process (PID=1711) to work on /opt/airflow/dags/ml_03_oil_pipeline.py
[2026-09-08T05:30:25.253+0000] {processor.py:914} INFO - Processing file /opt/airflow/dags/ml_03_oil_pipeline.py for tasks to queue
[2026-09-08T05:30:25.254+0000] {logging_mixin.py:190} INFO - [2026-09-08T05:30:25.254+0000] {dagbag.py:588} INFO - Filling up the DagBag from /opt/airflow/dags/ml_03_oil_pipeline.py
[2026-09-08T05:30:25.597+0000] {processor.py:925} INFO - DAG(s) 'oil_price_pipeline_dag' retrieved from /opt/airflow/dags/ml_03_oil_pipeline.py
[2026-09-08T05:30:25.628+0000] {logging_mixin.py:190} INFO - [2026-09-08T05:30:25.627+0000] {dag.py:3239} INFO - Sync 1 DAGs
[2026-09-08T05:30:25.648+0000] {logging_mixin.py:190} INFO - [2026-09-08T05:30:25.648+0000] {dag.py:4180} INFO - Setting next_dagrun for oil_price_pipeline_dag to None, run_after=None
[2026-09-08T05:30:25.673+0000] {processor.py:208} INFO - Processing /opt/airflow/dags/ml_03_oil_pipeline.py took 0.426 seconds
[2026-09-08T05:30:56.451+0000] {processor.py:186} INFO - Started process (PID=1725) to work on /opt/airflow/dags/ml_03_oil_pipeline.py
[2026-09-08T05:30:56.451+0000] {processor.py:914} INFO - Processing file /opt/airflow/dags/ml_03_oil_pipeline.py for tasks to queue
[2026-09-08T05:30:56.453+0000] {logging_mixin.py:190} INFO - [2026-09-08T05:30:56.452+0000] {dagbag.py:588} INFO - Filling up the DagBag from /opt/airflow/dags/ml_03_oil_pipeline.py
[2026-09-08T05:30:56.788+0000] {processor.py:925} INFO - DAG(s) 'oil_price_pipeline_dag' retrieved from /opt/airflow/dags/ml_03_oil_pipeline.py
[2026-09-08T05:30:56.821+0000] {logging_mixin.py:190} INFO - [2026-09-08T05:30:56.820+0000] {dag.py:3239} INFO - Sync 1 DAGs
[2026-09-08T05:30:56.837+0000] {logging_mixin.py:190} INFO - [2026-09-08T05:30:56.836+0000] {dag.py:4180} INFO - Setting next_dagrun for oil_price_pipeline_dag to None, run_after=None
[2026-09-08T05:30:56.857+0000] {processor.py:208} INFO - Processing /opt/airflow/dags/ml_03_oil_pipeline.py took 0.412 seconds
[2026-09-08T05:31:27.746+0000] {processor.py:186} INFO - Started process (PID=1739) to work on /opt/airflow/dags/ml_03_oil_pipeline.py
[2026-09-08T05:31:27.747+0000] {processor.py:914} INFO - Processing file /opt/airflow/dags/ml_03_oil_pipeline.py for tasks to queue
[2026-09-08T05:31:27.748+0000] {logging_mixin.py:190} INFO - [2026-09-08T05:31:27.748+0000] {dagbag.py:588} INFO - Filling up the DagBag from /opt/airflow/dags/ml_03_oil_pipeline.py
[2026-09-08T05:31:28.122+0000] {processor.py:925} INFO - DAG(s) 'oil_price_pipeline_dag' retrieved from /opt/airflow/dags/ml_03_oil_pipeline.py
[2026-09-08T05:31:28.161+0000] {logging_mixin.py:190} INFO - [2026-09-08T05:31:28.160+0000] {dag.py:3239} INFO - Sync 1 DAGs
[2026-09-08T05:31:28.181+0000] {logging_mixin.py:190} INFO - [2026-09-08T05:31:28.180+0000] {dag.py:4180} INFO - Setting next_dagrun for oil_price_pipeline_dag to None, run_after=None
[2026-09-08T05:31:28.216+0000] {processor.py:208} INFO - Processing /opt/airflow/dags/ml_03_oil_pipeline.py took 0.476 seconds
[2026-09-08T05:31:59.209+0000] {processor.py:186} INFO - Started process (PID=1759) to work on /opt/airflow/dags/ml_03_oil_pipeline.py
[2026-09-08T05:31:59.210+0000] {processor.py:914} INFO - Processing file /opt/airflow/dags/ml_03_oil_pipeline.py for tasks to queue
[2026-09-08T05:31:59.211+0000] {logging_mixin.py:190} INFO - [2026-09-08T05:31:59.211+0000] {dagbag.py:588} INFO - Filling up the DagBag from /opt/airflow/dags/ml_03_oil_pipeline.py
[2026-09-08T05:31:59.587+0000] {processor.py:925} INFO - DAG(s) 'oil_price_pipeline_dag' retrieved from /opt/airflow/dags/ml_03_oil_pipeline.py
[2026-09-08T05:31:59.632+0000] {logging_mixin.py:190} INFO - [2026-09-08T05:31:59.631+0000] {dag.py:3239} INFO - Sync 1 DAGs
[2026-09-08T05:31:59.650+0000] {logging_mixin.py:190} INFO - [2026-09-08T05:31:59.649+0000] {dag.py:4180} INFO - Setting next_dagrun for oil_price_pipeline_dag to None, run_after=None
[2026-09-08T05:31:59.675+0000] {processor.py:208} INFO - Processing /opt/airflow/dags/ml_03_oil_pipeline.py took 0.472 seconds
[2026-09-08T05:32:30.722+0000] {processor.py:186} INFO - Started process (PID=1773) to work on /opt/airflow/dags/ml_03_oil_pipeline.py
[2026-09-08T05:32:30.723+0000] {processor.py:914} INFO - Processing file /opt/airflow/dags/ml_03_oil_pipeline.py for tasks to queue
[2026-09-08T05:32:30.725+0000] {logging_mixin.py:190} INFO - [2026-09-08T05:32:30.724+0000] {dagbag.py:588} INFO - Filling up the DagBag from /opt/airflow/dags/ml_03_oil_pipeline.py
[2026-09-08T05:32:31.145+0000] {processor.py:925} INFO - DAG(s) 'oil_price_pipeline_dag' retrieved from /opt/airflow/dags/ml_03_oil_pipeline.py
[2026-09-08T05:32:31.185+0000] {logging_mixin.py:190} INFO - [2026-09-08T05:32:31.184+0000] {dag.py:3239} INFO - Sync 1 DAGs
[2026-09-08T05:32:31.203+0000] {logging_mixin.py:190} INFO - [2026-09-08T05:32:31.203+0000] {dag.py:4180} INFO - Setting next_dagrun for oil_price_pipeline_dag to None, run_after=None
[2026-09-08T05:32:31.230+0000] {processor.py:208} INFO - Processing /opt/airflow/dags/ml_03_oil_pipeline.py took 0.512 seconds
[2026-09-08T05:33:02.098+0000] {processor.py:186} INFO - Started process (PID=1787) to work on /opt/airflow/dags/ml_03_oil_pipeline.py
[2026-09-08T05:33:02.099+0000] {processor.py:914} INFO - Processing file /opt/airflow/dags/ml_03_oil_pipeline.py for tasks to queue
[2026-09-08T05:33:02.100+0000] {logging_mixin.py:190} INFO - [2026-09-08T05:33:02.100+0000] {dagbag.py:588} INFO - Filling up the DagBag from /opt/airflow/dags/ml_03_oil_pipeline.py
[2026-09-08T05:33:02.438+0000] {processor.py:925} INFO - DAG(s) 'oil_price_pipeline_dag' retrieved from /opt/airflow/dags/ml_03_oil_pipeline.py
[2026-09-08T05:33:02.469+0000] {logging_mixin.py:190} INFO - [2026-09-08T05:33:02.469+0000] {dag.py:3239} INFO - Sync 1 DAGs
[2026-09-08T05:33:02.486+0000] {logging_mixin.py:190} INFO - [2026-09-08T05:33:02.485+0000] {dag.py:4180} INFO - Setting next_dagrun for oil_price_pipeline_dag to None, run_after=None
[2026-09-08T05:33:02.513+0000] {processor.py:208} INFO - Processing /opt/airflow/dags/ml_03_oil_pipeline.py took 0.423 seconds
[2026-09-08T05:33:33.187+0000] {processor.py:186} INFO - Started process (PID=1801) to work on /opt/airflow/dags/ml_03_oil_pipeline.py
[2026-09-08T05:33:33.190+0000] {processor.py:914} INFO - Processing file /opt/airflow/dags/ml_03_oil_pipeline.py for tasks to queue
[2026-09-08T05:33:33.192+0000] {logging_mixin.py:190} INFO - [2026-09-08T05:33:33.191+0000] {dagbag.py:588} INFO - Filling up the DagBag from /opt/airflow/dags/ml_03_oil_pipeline.py
[2026-09-08T05:33:33.532+0000] {processor.py:925} INFO - DAG(s) 'oil_price_pipeline_dag' retrieved from /opt/airflow/dags/ml_03_oil_pipeline.py
[2026-09-08T05:33:33.561+0000] {logging_mixin.py:190} INFO - [2026-09-08T05:33:33.560+0000] {dag.py:3239} INFO - Sync 1 DAGs
[2026-09-08T05:33:33.574+0000] {logging_mixin.py:190} INFO - [2026-09-08T05:33:33.574+0000] {dag.py:4180} INFO - Setting next_dagrun for oil_price_pipeline_dag to None, run_after=None
[2026-09-08T05:33:33.600+0000] {processor.py:208} INFO - Processing /opt/airflow/dags/ml_03_oil_pipeline.py took 0.419 seconds
[2026-09-08T05:34:04.086+0000] {processor.py:186} INFO - Started process (PID=1815) to work on /opt/airflow/dags/ml_03_oil_pipeline.py
[2026-09-08T05:34:04.086+0000] {processor.py:914} INFO - Processing file /opt/airflow/dags/ml_03_oil_pipeline.py for tasks to queue
[2026-09-08T05:34:04.090+0000] {logging_mixin.py:190} INFO - [2026-09-08T05:34:04.090+0000] {dagbag.py:588} INFO - Filling up the DagBag from /opt/airflow/dags/ml_03_oil_pipeline.py
[2026-09-08T05:34:04.478+0000] {processor.py:925} INFO - DAG(s) 'oil_price_pipeline_dag' retrieved from /opt/airflow/dags/ml_03_oil_pipeline.py
[2026-09-08T05:34:04.517+0000] {logging_mixin.py:190} INFO - [2026-09-08T05:34:04.517+0000] {dag.py:3239} INFO - Sync 1 DAGs
[2026-09-08T05:34:04.536+0000] {logging_mixin.py:190} INFO - [2026-09-08T05:34:04.536+0000] {dag.py:4180} INFO - Setting next_dagrun for oil_price_pipeline_dag to None, run_after=None
[2026-09-08T05:34:04.558+0000] {processor.py:208} INFO - Processing /opt/airflow/dags/ml_03_oil_pipeline.py took 0.478 seconds
[2026-09-08T05:34:35.376+0000] {processor.py:186} INFO - Started process (PID=1830) to work on /opt/airflow/dags/ml_03_oil_pipeline.py
[2026-09-08T05:34:35.377+0000] {processor.py:914} INFO - Processing file /opt/airflow/dags/ml_03_oil_pipeline.py for tasks to queue
[2026-09-08T05:34:35.378+0000] {logging_mixin.py:190} INFO - [2026-09-08T05:34:35.378+0000] {dagbag.py:588} INFO - Filling up the DagBag from /opt/airflow/dags/ml_03_oil_pipeline.py
[2026-09-08T05:34:35.823+0000] {processor.py:925} INFO - DAG(s) 'oil_price_pipeline_dag' retrieved from /opt/airflow/dags/ml_03_oil_pipeline.py
[2026-09-08T05:34:35.876+0000] {logging_mixin.py:190} INFO - [2026-09-08T05:34:35.875+0000] {dag.py:3239} INFO - Sync 1 DAGs
[2026-09-08T05:34:35.900+0000] {logging_mixin.py:190} INFO - [2026-09-08T05:34:35.900+0000] {dag.py:4180} INFO - Setting next_dagrun for oil_price_pipeline_dag to None, run_after=None
[2026-09-08T05:34:35.939+0000] {processor.py:208} INFO - Processing /opt/airflow/dags/ml_03_oil_pipeline.py took 0.571 seconds
[2026-09-08T05:35:06.865+0000] {processor.py:186} INFO - Started process (PID=1844) to work on /opt/airflow/dags/ml_03_oil_pipeline.py
[2026-09-08T05:35:06.869+0000] {processor.py:914} INFO - Processing file /opt/airflow/dags/ml_03_oil_pipeline.py for tasks to queue
[2026-09-08T05:35:06.871+0000] {logging_mixin.py:190} INFO - [2026-09-08T05:35:06.870+0000] {dagbag.py:588} INFO - Filling up the DagBag from /opt/airflow/dags/ml_03_oil_pipeline.py
[2026-09-08T05:35:07.347+0000] {processor.py:925} INFO - DAG(s) 'oil_price_pipeline_dag' retrieved from /opt/airflow/dags/ml_03_oil_pipeline.py
[2026-09-08T05:35:07.385+0000] {logging_mixin.py:190} INFO - [2026-09-08T05:35:07.384+0000] {dag.py:3239} INFO - Sync 1 DAGs
[2026-09-08T05:35:07.400+0000] {logging_mixin.py:190} INFO - [2026-09-08T05:35:07.400+0000] {dag.py:4180} INFO - Setting next_dagrun for oil_price_pipeline_dag to None, run_after=None
[2026-09-08T05:35:07.419+0000] {processor.py:208} INFO - Processing /opt/airflow/dags/ml_03_oil_pipeline.py took 0.569 seconds
[2026-09-08T05:35:37.547+0000] {processor.py:186} INFO - Started process (PID=1860) to work on /opt/airflow/dags/ml_03_oil_pipeline.py
[2026-09-08T05:35:37.548+0000] {processor.py:914} INFO - Processing file /opt/airflow/dags/ml_03_oil_pipeline.py for tasks to queue
[2026-09-08T05:35:37.550+0000] {logging_mixin.py:190} INFO - [2026-09-08T05:35:37.549+0000] {dagbag.py:588} INFO - Filling up the DagBag from /opt/airflow/dags/ml_03_oil_pipeline.py
[2026-09-08T05:35:38.007+0000] {processor.py:925} INFO - DAG(s) 'oil_price_pipeline_dag' retrieved from /opt/airflow/dags/ml_03_oil_pipeline.py
[2026-09-08T05:35:38.047+0000] {logging_mixin.py:190} INFO - [2026-09-08T05:35:38.046+0000] {dag.py:3239} INFO - Sync 1 DAGs
[2026-09-08T05:35:38.075+0000] {logging_mixin.py:190} INFO - [2026-09-08T05:35:38.075+0000] {dag.py:4180} INFO - Setting next_dagrun for oil_price_pipeline_dag to None, run_after=None
[2026-09-08T05:35:38.101+0000] {processor.py:208} INFO - Processing /opt/airflow/dags/ml_03_oil_pipeline.py took 0.560 seconds
[2026-09-08T05:36:08.945+0000] {processor.py:186} INFO - Started process (PID=1874) to work on /opt/airflow/dags/ml_03_oil_pipeline.py
[2026-09-08T05:36:08.946+0000] {processor.py:914} INFO - Processing file /opt/airflow/dags/ml_03_oil_pipeline.py for tasks to queue
[2026-09-08T05:36:08.962+0000] {logging_mixin.py:190} INFO - [2026-09-08T05:36:08.961+0000] {dagbag.py:588} INFO - Filling up the DagBag from /opt/airflow/dags/ml_03_oil_pipeline.py
[2026-09-08T05:36:09.409+0000] {processor.py:925} INFO - DAG(s) 'oil_price_pipeline_dag' retrieved from /opt/airflow/dags/ml_03_oil_pipeline.py
[2026-09-08T05:36:09.462+0000] {logging_mixin.py:190} INFO - [2026-09-08T05:36:09.459+0000] {dag.py:3239} INFO - Sync 1 DAGs
[2026-09-08T05:36:09.477+0000] {logging_mixin.py:190} INFO - [2026-09-08T05:36:09.477+0000] {dag.py:4180} INFO - Setting next_dagrun for oil_price_pipeline_dag to None, run_after=None
[2026-09-08T05:36:09.511+0000] {processor.py:208} INFO - Processing /opt/airflow/dags/ml_03_oil_pipeline.py took 0.574 seconds
[2026-09-08T05:36:40.492+0000] {processor.py:186} INFO - Started process (PID=1890) to work on /opt/airflow/dags/ml_03_oil_pipeline.py
[2026-09-08T05:36:40.495+0000] {processor.py:914} INFO - Processing file /opt/airflow/dags/ml_03_oil_pipeline.py for tasks to queue
[2026-09-08T05:36:40.501+0000] {logging_mixin.py:190} INFO - [2026-09-08T05:36:40.500+0000] {dagbag.py:588} INFO - Filling up the DagBag from /opt/airflow/dags/ml_03_oil_pipeline.py
[2026-09-08T05:36:40.998+0000] {processor.py:925} INFO - DAG(s) 'oil_price_pipeline_dag' retrieved from /opt/airflow/dags/ml_03_oil_pipeline.py
[2026-09-08T05:36:41.031+0000] {logging_mixin.py:190} INFO - [2026-09-08T05:36:41.030+0000] {dag.py:3239} INFO - Sync 1 DAGs
[2026-09-08T05:36:41.044+0000] {logging_mixin.py:190} INFO - [2026-09-08T05:36:41.044+0000] {dag.py:4180} INFO - Setting next_dagrun for oil_price_pipeline_dag to None, run_after=None
[2026-09-08T05:36:41.073+0000] {processor.py:208} INFO - Processing /opt/airflow/dags/ml_03_oil_pipeline.py took 0.599 seconds
[2026-09-08T05:37:11.162+0000] {processor.py:186} INFO - Started process (PID=1905) to work on /opt/airflow/dags/ml_03_oil_pipeline.py
[2026-09-08T05:37:11.162+0000] {processor.py:914} INFO - Processing file /opt/airflow/dags/ml_03_oil_pipeline.py for tasks to queue
[2026-09-08T05:37:11.164+0000] {logging_mixin.py:190} INFO - [2026-09-08T05:37:11.163+0000] {dagbag.py:588} INFO - Filling up the DagBag from /opt/airflow/dags/ml_03_oil_pipeline.py
[2026-09-08T05:37:11.508+0000] {processor.py:925} INFO - DAG(s) 'oil_price_pipeline_dag' retrieved from /opt/airflow/dags/ml_03_oil_pipeline.py
[2026-09-08T05:37:11.542+0000] {logging_mixin.py:190} INFO - [2026-09-08T05:37:11.541+0000] {dag.py:3239} INFO - Sync 1 DAGs
[2026-09-08T05:37:11.554+0000] {logging_mixin.py:190} INFO - [2026-09-08T05:37:11.554+0000] {dag.py:4180} INFO - Setting next_dagrun for oil_price_pipeline_dag to None, run_after=None
[2026-09-08T05:37:11.571+0000] {processor.py:208} INFO - Processing /opt/airflow/dags/ml_03_oil_pipeline.py took 0.416 seconds
[2026-09-08T05:37:42.334+0000] {processor.py:186} INFO - Started process (PID=1919) to work on /opt/airflow/dags/ml_03_oil_pipeline.py
[2026-09-08T05:37:42.334+0000] {processor.py:914} INFO - Processing file /opt/airflow/dags/ml_03_oil_pipeline.py for tasks to queue
[2026-09-08T05:37:42.335+0000] {logging_mixin.py:190} INFO - [2026-09-08T05:37:42.335+0000] {dagbag.py:588} INFO - Filling up the DagBag from /opt/airflow/dags/ml_03_oil_pipeline.py
[2026-09-08T05:37:42.668+0000] {processor.py:925} INFO - DAG(s) 'oil_price_pipeline_dag' retrieved from /opt/airflow/dags/ml_03_oil_pipeline.py
[2026-09-08T05:37:42.715+0000] {logging_mixin.py:190} INFO - [2026-09-08T05:37:42.715+0000] {dag.py:3239} INFO - Sync 1 DAGs
[2026-09-08T05:37:42.731+0000] {logging_mixin.py:190} INFO - [2026-09-08T05:37:42.731+0000] {dag.py:4180} INFO - Setting next_dagrun for oil_price_pipeline_dag to None, run_after=None
[2026-09-08T05:37:42.765+0000] {processor.py:208} INFO - Processing /opt/airflow/dags/ml_03_oil_pipeline.py took 0.437 seconds
[2026-09-08T05:38:13.520+0000] {processor.py:186} INFO - Started process (PID=1933) to work on /opt/airflow/dags/ml_03_oil_pipeline.py
[2026-09-08T05:38:13.521+0000] {processor.py:914} INFO - Processing file /opt/airflow/dags/ml_03_oil_pipeline.py for tasks to queue
[2026-09-08T05:38:13.522+0000] {logging_mixin.py:190} INFO - [2026-09-08T05:38:13.522+0000] {dagbag.py:588} INFO - Filling up the DagBag from /opt/airflow/dags/ml_03_oil_pipeline.py
[2026-09-08T05:38:13.799+0000] {processor.py:925} INFO - DAG(s) 'oil_price_pipeline_dag' retrieved from /opt/airflow/dags/ml_03_oil_pipeline.py
[2026-09-08T05:38:13.823+0000] {logging_mixin.py:190} INFO - [2026-09-08T05:38:13.823+0000] {dag.py:3239} INFO - Sync 1 DAGs
[2026-09-08T05:38:13.835+0000] {logging_mixin.py:190} INFO - [2026-09-08T05:38:13.835+0000] {dag.py:4180} INFO - Setting next_dagrun for oil_price_pipeline_dag to None, run_after=None
[2026-09-08T05:38:13.863+0000] {processor.py:208} INFO - Processing /opt/airflow/dags/ml_03_oil_pipeline.py took 0.349 seconds
[2026-09-08T06:18:31.613+0000] {processor.py:186} INFO - Started process (PID=113) to work on /opt/airflow/dags/ml_03_oil_pipeline.py
[2026-09-08T06:18:31.843+0000] {processor.py:914} INFO - Processing file /opt/airflow/dags/ml_03_oil_pipeline.py for tasks to queue
[2026-09-08T06:18:31.847+0000] {logging_mixin.py:190} INFO - [2026-09-08T06:18:31.847+0000] {dagbag.py:588} INFO - Filling up the DagBag from /opt/airflow/dags/ml_03_oil_pipeline.py
[2026-09-08T06:18:40.613+0000] {processor.py:925} INFO - DAG(s) 'oil_price_pipeline_dag' retrieved from /opt/airflow/dags/ml_03_oil_pipeline.py
[2026-09-08T06:18:40.660+0000] {logging_mixin.py:190} INFO - [2026-09-08T06:18:40.660+0000] {dag.py:3239} INFO - Sync 1 DAGs
[2026-09-08T06:18:40.679+0000] {logging_mixin.py:190} INFO - [2026-09-08T06:18:40.679+0000] {dag.py:4180} INFO - Setting next_dagrun for oil_price_pipeline_dag to None, run_after=None
[2026-09-08T06:18:40.918+0000] {processor.py:208} INFO - Processing /opt/airflow/dags/ml_03_oil_pipeline.py took 9.327 seconds
[2026-09-08T06:19:11.630+0000] {processor.py:186} INFO - Started process (PID=139) to work on /opt/airflow/dags/ml_03_oil_pipeline.py
[2026-09-08T06:19:11.655+0000] {processor.py:914} INFO - Processing file /opt/airflow/dags/ml_03_oil_pipeline.py for tasks to queue
[2026-09-08T06:19:11.659+0000] {logging_mixin.py:190} INFO - [2026-09-08T06:19:11.658+0000] {dagbag.py:588} INFO - Filling up the DagBag from /opt/airflow/dags/ml_03_oil_pipeline.py
[2026-09-08T06:19:13.251+0000] {processor.py:925} INFO - DAG(s) 'oil_price_pipeline_dag' retrieved from /opt/airflow/dags/ml_03_oil_pipeline.py
[2026-09-08T06:19:13.327+0000] {logging_mixin.py:190} INFO - [2026-09-08T06:19:13.325+0000] {dag.py:3239} INFO - Sync 1 DAGs
[2026-09-08T06:19:13.363+0000] {logging_mixin.py:190} INFO - [2026-09-08T06:19:13.362+0000] {dag.py:4180} INFO - Setting next_dagrun for oil_price_pipeline_dag to None, run_after=None
[2026-09-08T06:19:13.408+0000] {processor.py:208} INFO - Processing /opt/airflow/dags/ml_03_oil_pipeline.py took 1.794 seconds
[2026-09-08T06:19:52.099+0000] {processor.py:186} INFO - Started process (PID=153) to work on /opt/airflow/dags/ml_03_oil_pipeline.py
[2026-09-08T06:19:52.101+0000] {processor.py:914} INFO - Processing file /opt/airflow/dags/ml_03_oil_pipeline.py for tasks to queue
[2026-09-08T06:19:52.105+0000] {logging_mixin.py:190} INFO - [2026-09-08T06:19:52.104+0000] {dagbag.py:588} INFO - Filling up the DagBag from /opt/airflow/dags/ml_03_oil_pipeline.py
[2026-09-08T06:20:05.587+0000] {processor.py:925} INFO - DAG(s) 'oil_price_pipeline_dag' retrieved from /opt/airflow/dags/ml_03_oil_pipeline.py
[2026-09-08T06:20:07.731+0000] {logging_mixin.py:190} INFO - [2026-09-08T06:20:07.730+0000] {dag.py:3239} INFO - Sync 1 DAGs
[2026-09-08T06:20:08.465+0000] {logging_mixin.py:190} INFO - [2026-09-08T06:20:08.464+0000] {dag.py:4180} INFO - Setting next_dagrun for oil_price_pipeline_dag to None, run_after=None
[2026-09-08T06:20:08.631+0000] {processor.py:208} INFO - Processing /opt/airflow/dags/ml_03_oil_pipeline.py took 16.560 seconds
[2026-09-08T06:24:34.974+0000] {processor.py:186} INFO - Started process (PID=92) to work on /opt/airflow/dags/ml_03_oil_pipeline.py
[2026-09-08T06:24:34.977+0000] {processor.py:914} INFO - Processing file /opt/airflow/dags/ml_03_oil_pipeline.py for tasks to queue
[2026-09-08T06:24:34.982+0000] {logging_mixin.py:190} INFO - [2026-09-08T06:24:34.981+0000] {dagbag.py:588} INFO - Filling up the DagBag from /opt/airflow/dags/ml_03_oil_pipeline.py
[2026-09-08T06:24:36.330+0000] {processor.py:925} INFO - DAG(s) 'oil_price_pipeline_dag' retrieved from /opt/airflow/dags/ml_03_oil_pipeline.py
[2026-09-08T06:24:36.394+0000] {logging_mixin.py:190} INFO - [2026-09-08T06:24:36.394+0000] {dag.py:3239} INFO - Sync 1 DAGs
[2026-09-08T06:24:36.423+0000] {logging_mixin.py:190} INFO - [2026-09-08T06:24:36.422+0000] {dag.py:4180} INFO - Setting next_dagrun for oil_price_pipeline_dag to None, run_after=None
[2026-09-08T06:24:36.467+0000] {processor.py:208} INFO - Processing /opt/airflow/dags/ml_03_oil_pipeline.py took 1.518 seconds
[2026-09-08T06:25:08.908+0000] {processor.py:186} INFO - Started process (PID=108) to work on /opt/airflow/dags/ml_03_oil_pipeline.py
[2026-09-08T06:25:08.910+0000] {processor.py:914} INFO - Processing file /opt/airflow/dags/ml_03_oil_pipeline.py for tasks to queue
[2026-09-08T06:25:08.914+0000] {logging_mixin.py:190} INFO - [2026-09-08T06:25:08.913+0000] {dagbag.py:588} INFO - Filling up the DagBag from /opt/airflow/dags/ml_03_oil_pipeline.py
[2026-09-08T06:25:09.838+0000] {processor.py:925} INFO - DAG(s) 'oil_price_pipeline_dag' retrieved from /opt/airflow/dags/ml_03_oil_pipeline.py
[2026-09-08T06:25:09.890+0000] {logging_mixin.py:190} INFO - [2026-09-08T06:25:09.890+0000] {dag.py:3239} INFO - Sync 1 DAGs
[2026-09-08T06:25:09.912+0000] {logging_mixin.py:190} INFO - [2026-09-08T06:25:09.912+0000] {dag.py:4180} INFO - Setting next_dagrun for oil_price_pipeline_dag to None, run_after=None
[2026-09-08T06:25:09.946+0000] {processor.py:208} INFO - Processing /opt/airflow/dags/ml_03_oil_pipeline.py took 1.054 seconds
[2026-09-08T06:25:51.651+0000] {processor.py:186} INFO - Started process (PID=124) to work on /opt/airflow/dags/ml_03_oil_pipeline.py
[2026-09-08T06:25:51.653+0000] {processor.py:914} INFO - Processing file /opt/airflow/dags/ml_03_oil_pipeline.py for tasks to queue
[2026-09-08T06:25:51.664+0000] {logging_mixin.py:190} INFO - [2026-09-08T06:25:51.663+0000] {dagbag.py:588} INFO - Filling up the DagBag from /opt/airflow/dags/ml_03_oil_pipeline.py
[2026-09-08T06:26:02.601+0000] {processor.py:925} INFO - DAG(s) 'oil_price_pipeline_dag' retrieved from /opt/airflow/dags/ml_03_oil_pipeline.py
[2026-09-08T06:26:03.348+0000] {logging_mixin.py:190} INFO - [2026-09-08T06:26:03.348+0000] {dag.py:3239} INFO - Sync 1 DAGs
[2026-09-08T06:26:03.515+0000] {logging_mixin.py:190} INFO - [2026-09-08T06:26:03.515+0000] {dag.py:4180} INFO - Setting next_dagrun for oil_price_pipeline_dag to None, run_after=None
[2026-09-08T06:26:03.749+0000] {processor.py:208} INFO - Processing /opt/airflow/dags/ml_03_oil_pipeline.py took 12.109 seconds
[2026-09-08T06:26:34.813+0000] {processor.py:186} INFO - Started process (PID=144) to work on /opt/airflow/dags/ml_03_oil_pipeline.py
[2026-09-08T06:26:34.815+0000] {processor.py:914} INFO - Processing file /opt/airflow/dags/ml_03_oil_pipeline.py for tasks to queue
[2026-09-08T06:26:34.820+0000] {logging_mixin.py:190} INFO - [2026-09-08T06:26:34.819+0000] {dagbag.py:588} INFO - Filling up the DagBag from /opt/airflow/dags/ml_03_oil_pipeline.py
[2026-09-08T06:26:36.057+0000] {processor.py:925} INFO - DAG(s) 'oil_price_pipeline_dag' retrieved from /opt/airflow/dags/ml_03_oil_pipeline.py
[2026-09-08T06:26:36.272+0000] {logging_mixin.py:190} INFO - [2026-09-08T06:26:36.272+0000] {dag.py:3239} INFO - Sync 1 DAGs
[2026-09-08T06:26:36.870+0000] {logging_mixin.py:190} INFO - [2026-09-08T06:26:36.870+0000] {dag.py:4180} INFO - Setting next_dagrun for oil_price_pipeline_dag to None, run_after=None
[2026-09-08T06:26:36.919+0000] {processor.py:208} INFO - Processing /opt/airflow/dags/ml_03_oil_pipeline.py took 2.121 seconds
[2026-09-08T06:27:07.838+0000] {processor.py:186} INFO - Started process (PID=159) to work on /opt/airflow/dags/ml_03_oil_pipeline.py
[2026-09-08T06:27:07.841+0000] {processor.py:914} INFO - Processing file /opt/airflow/dags/ml_03_oil_pipeline.py for tasks to queue
[2026-09-08T06:27:07.845+0000] {logging_mixin.py:190} INFO - [2026-09-08T06:27:07.844+0000] {dagbag.py:588} INFO - Filling up the DagBag from /opt/airflow/dags/ml_03_oil_pipeline.py
[2026-09-08T06:27:08.496+0000] {processor.py:925} INFO - DAG(s) 'oil_price_pipeline_dag' retrieved from /opt/airflow/dags/ml_03_oil_pipeline.py
[2026-09-08T06:27:08.561+0000] {logging_mixin.py:190} INFO - [2026-09-08T06:27:08.560+0000] {dag.py:3239} INFO - Sync 1 DAGs
[2026-09-08T06:27:08.592+0000] {logging_mixin.py:190} INFO - [2026-09-08T06:27:08.592+0000] {dag.py:4180} INFO - Setting next_dagrun for oil_price_pipeline_dag to None, run_after=None
[2026-09-08T06:27:08.625+0000] {processor.py:208} INFO - Processing /opt/airflow/dags/ml_03_oil_pipeline.py took 0.806 seconds
[2026-09-08T06:27:39.472+0000] {processor.py:186} INFO - Started process (PID=174) to work on /opt/airflow/dags/ml_03_oil_pipeline.py
[2026-09-08T06:27:39.473+0000] {processor.py:914} INFO - Processing file /opt/airflow/dags/ml_03_oil_pipeline.py for tasks to queue
[2026-09-08T06:27:39.477+0000] {logging_mixin.py:190} INFO - [2026-09-08T06:27:39.476+0000] {dagbag.py:588} INFO - Filling up the DagBag from /opt/airflow/dags/ml_03_oil_pipeline.py
[2026-09-08T06:27:40.007+0000] {processor.py:925} INFO - DAG(s) 'oil_price_pipeline_dag' retrieved from /opt/airflow/dags/ml_03_oil_pipeline.py
[2026-09-08T06:27:40.066+0000] {logging_mixin.py:190} INFO - [2026-09-08T06:27:40.065+0000] {dag.py:3239} INFO - Sync 1 DAGs
[2026-09-08T06:27:40.089+0000] {logging_mixin.py:190} INFO - [2026-09-08T06:27:40.088+0000] {dag.py:4180} INFO - Setting next_dagrun for oil_price_pipeline_dag to None, run_after=None
[2026-09-08T06:27:40.130+0000] {processor.py:208} INFO - Processing /opt/airflow/dags/ml_03_oil_pipeline.py took 0.668 seconds
[2026-09-08T06:28:10.391+0000] {processor.py:186} INFO - Started process (PID=192) to work on /opt/airflow/dags/ml_03_oil_pipeline.py
[2026-09-08T06:28:10.393+0000] {processor.py:914} INFO - Processing file /opt/airflow/dags/ml_03_oil_pipeline.py for tasks to queue
[2026-09-08T06:28:10.399+0000] {logging_mixin.py:190} INFO - [2026-09-08T06:28:10.398+0000] {dagbag.py:588} INFO - Filling up the DagBag from /opt/airflow/dags/ml_03_oil_pipeline.py
[2026-09-08T06:28:11.073+0000] {processor.py:925} INFO - DAG(s) 'oil_price_pipeline_dag' retrieved from /opt/airflow/dags/ml_03_oil_pipeline.py
[2026-09-08T06:28:11.134+0000] {logging_mixin.py:190} INFO - [2026-09-08T06:28:11.134+0000] {dag.py:3239} INFO - Sync 1 DAGs
[2026-09-08T06:28:11.163+0000] {logging_mixin.py:190} INFO - [2026-09-08T06:28:11.163+0000] {dag.py:4180} INFO - Setting next_dagrun for oil_price_pipeline_dag to None, run_after=None
[2026-09-08T06:28:11.199+0000] {processor.py:208} INFO - Processing /opt/airflow/dags/ml_03_oil_pipeline.py took 0.829 seconds
[2026-09-08T06:37:46.044+0000] {processor.py:186} INFO - Started process (PID=108) to work on /opt/airflow/dags/ml_03_oil_pipeline.py
[2026-09-08T06:37:46.114+0000] {processor.py:914} INFO - Processing file /opt/airflow/dags/ml_03_oil_pipeline.py for tasks to queue
[2026-09-08T06:37:46.135+0000] {logging_mixin.py:190} INFO - [2026-09-08T06:37:46.118+0000] {dagbag.py:588} INFO - Filling up the DagBag from /opt/airflow/dags/ml_03_oil_pipeline.py
[2026-09-08T06:37:57.976+0000] {processor.py:925} INFO - DAG(s) 'oil_price_pipeline_dag' retrieved from /opt/airflow/dags/ml_03_oil_pipeline.py
[2026-09-08T06:37:58.638+0000] {logging_mixin.py:190} INFO - [2026-09-08T06:37:58.637+0000] {override.py:1911} INFO - Created Permission View: can edit on DAG:oil_price_pipeline_dag
[2026-09-08T06:37:58.654+0000] {logging_mixin.py:190} INFO - [2026-09-08T06:37:58.654+0000] {override.py:1911} INFO - Created Permission View: can read on DAG:oil_price_pipeline_dag
[2026-09-08T06:37:58.666+0000] {logging_mixin.py:190} INFO - [2026-09-08T06:37:58.665+0000] {override.py:1911} INFO - Created Permission View: can delete on DAG:oil_price_pipeline_dag
[2026-09-08T06:37:58.680+0000] {logging_mixin.py:190} INFO - [2026-09-08T06:37:58.680+0000] {override.py:1911} INFO - Created Permission View: can create on DAG Run:oil_price_pipeline_dag
[2026-09-08T06:37:58.694+0000] {logging_mixin.py:190} INFO - [2026-09-08T06:37:58.694+0000] {override.py:1911} INFO - Created Permission View: menu access on DAG Run:oil_price_pipeline_dag
[2026-09-08T06:37:58.710+0000] {logging_mixin.py:190} INFO - [2026-09-08T06:37:58.710+0000] {override.py:1911} INFO - Created Permission View: can read on DAG Run:oil_price_pipeline_dag
[2026-09-08T06:37:58.730+0000] {logging_mixin.py:190} INFO - [2026-09-08T06:37:58.729+0000] {override.py:1911} INFO - Created Permission View: can delete on DAG Run:oil_price_pipeline_dag
[2026-09-08T06:37:58.732+0000] {logging_mixin.py:190} INFO - [2026-09-08T06:37:58.732+0000] {dag.py:3239} INFO - Sync 1 DAGs
[2026-09-08T06:37:58.752+0000] {logging_mixin.py:190} INFO - [2026-09-08T06:37:58.752+0000] {dag.py:3262} INFO - Creating ORM DAG for oil_price_pipeline_dag
[2026-09-08T06:37:58.754+0000] {logging_mixin.py:190} INFO - [2026-09-08T06:37:58.754+0000] {dag.py:4180} INFO - Setting next_dagrun for oil_price_pipeline_dag to None, run_after=None
[2026-09-08T06:37:58.793+0000] {processor.py:208} INFO - Processing /opt/airflow/dags/ml_03_oil_pipeline.py took 12.908 seconds
[2026-09-08T06:38:32.438+0000] {processor.py:186} INFO - Started process (PID=125) to work on /opt/airflow/dags/ml_03_oil_pipeline.py
[2026-09-08T06:38:32.465+0000] {processor.py:914} INFO - Processing file /opt/airflow/dags/ml_03_oil_pipeline.py for tasks to queue
[2026-09-08T06:38:32.469+0000] {logging_mixin.py:190} INFO - [2026-09-08T06:38:32.468+0000] {dagbag.py:588} INFO - Filling up the DagBag from /opt/airflow/dags/ml_03_oil_pipeline.py
[2026-09-08T06:38:47.787+0000] {processor.py:925} INFO - DAG(s) 'oil_price_pipeline_dag' retrieved from /opt/airflow/dags/ml_03_oil_pipeline.py
[2026-09-08T06:38:47.951+0000] {logging_mixin.py:190} INFO - [2026-09-08T06:38:47.950+0000] {dag.py:3239} INFO - Sync 1 DAGs
[2026-09-08T06:38:47.993+0000] {logging_mixin.py:190} INFO - [2026-09-08T06:38:47.993+0000] {dag.py:4180} INFO - Setting next_dagrun for oil_price_pipeline_dag to None, run_after=None
[2026-09-08T06:38:48.144+0000] {processor.py:208} INFO - Processing /opt/airflow/dags/ml_03_oil_pipeline.py took 15.716 seconds
[2026-09-08T06:39:18.569+0000] {processor.py:186} INFO - Started process (PID=148) to work on /opt/airflow/dags/ml_03_oil_pipeline.py
[2026-09-08T06:39:18.571+0000] {processor.py:914} INFO - Processing file /opt/airflow/dags/ml_03_oil_pipeline.py for tasks to queue
[2026-09-08T06:39:18.576+0000] {logging_mixin.py:190} INFO - [2026-09-08T06:39:18.575+0000] {dagbag.py:588} INFO - Filling up the DagBag from /opt/airflow/dags/ml_03_oil_pipeline.py
[2026-09-08T06:39:32.208+0000] {processor.py:925} INFO - DAG(s) 'oil_price_pipeline_dag' retrieved from /opt/airflow/dags/ml_03_oil_pipeline.py
[2026-09-08T06:39:32.772+0000] {logging_mixin.py:190} INFO - [2026-09-08T06:39:32.698+0000] {dag.py:3239} INFO - Sync 1 DAGs
[2026-09-08T06:39:32.890+0000] {logging_mixin.py:190} INFO - [2026-09-08T06:39:32.889+0000] {dag.py:4180} INFO - Setting next_dagrun for oil_price_pipeline_dag to None, run_after=None
[2026-09-08T06:39:33.010+0000] {processor.py:208} INFO - Processing /opt/airflow/dags/ml_03_oil_pipeline.py took 14.461 seconds
[2026-09-08T06:40:03.444+0000] {processor.py:186} INFO - Started process (PID=162) to work on /opt/airflow/dags/ml_03_oil_pipeline.py
[2026-09-08T06:40:03.447+0000] {processor.py:914} INFO - Processing file /opt/airflow/dags/ml_03_oil_pipeline.py for tasks to queue
[2026-09-08T06:40:03.543+0000] {logging_mixin.py:190} INFO - [2026-09-08T06:40:03.542+0000] {dagbag.py:588} INFO - Filling up the DagBag from /opt/airflow/dags/ml_03_oil_pipeline.py
[2026-09-08T06:40:06.050+0000] {processor.py:925} INFO - DAG(s) 'oil_price_pipeline_dag' retrieved from /opt/airflow/dags/ml_03_oil_pipeline.py
[2026-09-08T06:40:06.111+0000] {logging_mixin.py:190} INFO - [2026-09-08T06:40:06.111+0000] {dag.py:3239} INFO - Sync 1 DAGs
[2026-09-08T06:40:06.134+0000] {logging_mixin.py:190} INFO - [2026-09-08T06:40:06.133+0000] {dag.py:4180} INFO - Setting next_dagrun for oil_price_pipeline_dag to None, run_after=None
[2026-09-08T06:40:06.164+0000] {processor.py:208} INFO - Processing /opt/airflow/dags/ml_03_oil_pipeline.py took 2.736 seconds
[2026-09-08T06:40:36.755+0000] {processor.py:186} INFO - Started process (PID=177) to work on /opt/airflow/dags/ml_03_oil_pipeline.py
[2026-09-08T06:40:36.757+0000] {processor.py:914} INFO - Processing file /opt/airflow/dags/ml_03_oil_pipeline.py for tasks to queue
[2026-09-08T06:40:36.761+0000] {logging_mixin.py:190} INFO - [2026-09-08T06:40:36.761+0000] {dagbag.py:588} INFO - Filling up the DagBag from /opt/airflow/dags/ml_03_oil_pipeline.py
[2026-09-08T06:40:38.130+0000] {processor.py:925} INFO - DAG(s) 'oil_price_pipeline_dag' retrieved from /opt/airflow/dags/ml_03_oil_pipeline.py
[2026-09-08T06:40:38.494+0000] {logging_mixin.py:190} INFO - [2026-09-08T06:40:38.494+0000] {dag.py:3239} INFO - Sync 1 DAGs
[2026-09-08T06:40:38.613+0000] {logging_mixin.py:190} INFO - [2026-09-08T06:40:38.613+0000] {dag.py:4180} INFO - Setting next_dagrun for oil_price_pipeline_dag to None, run_after=None
[2026-09-08T06:40:38.660+0000] {processor.py:208} INFO - Processing /opt/airflow/dags/ml_03_oil_pipeline.py took 1.918 seconds
[2026-09-08T06:41:09.445+0000] {processor.py:186} INFO - Started process (PID=198) to work on /opt/airflow/dags/ml_03_oil_pipeline.py
[2026-09-08T06:41:09.447+0000] {processor.py:914} INFO - Processing file /opt/airflow/dags/ml_03_oil_pipeline.py for tasks to queue
[2026-09-08T06:41:09.451+0000] {logging_mixin.py:190} INFO - [2026-09-08T06:41:09.450+0000] {dagbag.py:588} INFO - Filling up the DagBag from /opt/airflow/dags/ml_03_oil_pipeline.py
[2026-09-08T06:41:10.117+0000] {processor.py:925} INFO - DAG(s) 'oil_price_pipeline_dag' retrieved from /opt/airflow/dags/ml_03_oil_pipeline.py
[2026-09-08T06:41:10.182+0000] {logging_mixin.py:190} INFO - [2026-09-08T06:41:10.181+0000] {dag.py:3239} INFO - Sync 1 DAGs
[2026-09-08T06:41:10.208+0000] {logging_mixin.py:190} INFO - [2026-09-08T06:41:10.208+0000] {dag.py:4180} INFO - Setting next_dagrun for oil_price_pipeline_dag to None, run_after=None
[2026-09-08T06:41:10.251+0000] {processor.py:208} INFO - Processing /opt/airflow/dags/ml_03_oil_pipeline.py took 0.821 seconds
[2026-09-08T06:41:40.365+0000] {processor.py:186} INFO - Started process (PID=213) to work on /opt/airflow/dags/ml_03_oil_pipeline.py
[2026-09-08T06:41:40.367+0000] {processor.py:914} INFO - Processing file /opt/airflow/dags/ml_03_oil_pipeline.py for tasks to queue
[2026-09-08T06:41:40.371+0000] {logging_mixin.py:190} INFO - [2026-09-08T06:41:40.370+0000] {dagbag.py:588} INFO - Filling up the DagBag from /opt/airflow/dags/ml_03_oil_pipeline.py
[2026-09-08T06:41:40.904+0000] {processor.py:925} INFO - DAG(s) 'oil_price_pipeline_dag' retrieved from /opt/airflow/dags/ml_03_oil_pipeline.py
[2026-09-08T06:41:40.965+0000] {logging_mixin.py:190} INFO - [2026-09-08T06:41:40.964+0000] {dag.py:3239} INFO - Sync 1 DAGs
[2026-09-08T06:41:41.000+0000] {logging_mixin.py:190} INFO - [2026-09-08T06:41:41.000+0000] {dag.py:4180} INFO - Setting next_dagrun for oil_price_pipeline_dag to None, run_after=None
[2026-09-08T06:41:41.049+0000] {processor.py:208} INFO - Processing /opt/airflow/dags/ml_03_oil_pipeline.py took 0.695 seconds
[2026-09-08T06:42:11.593+0000] {processor.py:186} INFO - Started process (PID=227) to work on /opt/airflow/dags/ml_03_oil_pipeline.py
[2026-09-08T06:42:11.595+0000] {processor.py:914} INFO - Processing file /opt/airflow/dags/ml_03_oil_pipeline.py for tasks to queue
[2026-09-08T06:42:11.600+0000] {logging_mixin.py:190} INFO - [2026-09-08T06:42:11.599+0000] {dagbag.py:588} INFO - Filling up the DagBag from /opt/airflow/dags/ml_03_oil_pipeline.py
[2026-09-08T06:42:12.678+0000] {processor.py:925} INFO - DAG(s) 'oil_price_pipeline_dag' retrieved from /opt/airflow/dags/ml_03_oil_pipeline.py
[2026-09-08T06:42:12.743+0000] {logging_mixin.py:190} INFO - [2026-09-08T06:42:12.742+0000] {dag.py:3239} INFO - Sync 1 DAGs
[2026-09-08T06:42:12.780+0000] {logging_mixin.py:190} INFO - [2026-09-08T06:42:12.780+0000] {dag.py:4180} INFO - Setting next_dagrun for oil_price_pipeline_dag to None, run_after=None
[2026-09-08T06:42:12.821+0000] {processor.py:208} INFO - Processing /opt/airflow/dags/ml_03_oil_pipeline.py took 1.243 seconds
[2026-09-08T06:42:43.596+0000] {processor.py:186} INFO - Started process (PID=241) to work on /opt/airflow/dags/ml_03_oil_pipeline.py
[2026-09-08T06:42:43.598+0000] {processor.py:914} INFO - Processing file /opt/airflow/dags/ml_03_oil_pipeline.py for tasks to queue
[2026-09-08T06:42:43.602+0000] {logging_mixin.py:190} INFO - [2026-09-08T06:42:43.602+0000] {dagbag.py:588} INFO - Filling up the DagBag from /opt/airflow/dags/ml_03_oil_pipeline.py
[2026-09-08T06:42:45.486+0000] {processor.py:925} INFO - DAG(s) 'oil_price_pipeline_dag' retrieved from /opt/airflow/dags/ml_03_oil_pipeline.py
[2026-09-08T06:42:45.545+0000] {logging_mixin.py:190} INFO - [2026-09-08T06:42:45.545+0000] {dag.py:3239} INFO - Sync 1 DAGs
[2026-09-08T06:42:45.573+0000] {logging_mixin.py:190} INFO - [2026-09-08T06:42:45.572+0000] {dag.py:4180} INFO - Setting next_dagrun for oil_price_pipeline_dag to None, run_after=None
[2026-09-08T06:42:45.606+0000] {processor.py:208} INFO - Processing /opt/airflow/dags/ml_03_oil_pipeline.py took 2.021 seconds
[2026-09-08T06:43:15.852+0000] {processor.py:186} INFO - Started process (PID=256) to work on /opt/airflow/dags/ml_03_oil_pipeline.py
[2026-09-08T06:43:15.855+0000] {processor.py:914} INFO - Processing file /opt/airflow/dags/ml_03_oil_pipeline.py for tasks to queue
[2026-09-08T06:43:15.859+0000] {logging_mixin.py:190} INFO - [2026-09-08T06:43:15.858+0000] {dagbag.py:588} INFO - Filling up the DagBag from /opt/airflow/dags/ml_03_oil_pipeline.py
[2026-09-08T06:43:16.465+0000] {processor.py:925} INFO - DAG(s) 'oil_price_pipeline_dag' retrieved from /opt/airflow/dags/ml_03_oil_pipeline.py
[2026-09-08T06:43:16.541+0000] {logging_mixin.py:190} INFO - [2026-09-08T06:43:16.540+0000] {dag.py:3239} INFO - Sync 1 DAGs
[2026-09-08T06:43:16.573+0000] {logging_mixin.py:190} INFO - [2026-09-08T06:43:16.572+0000] {dag.py:4180} INFO - Setting next_dagrun for oil_price_pipeline_dag to None, run_after=None
[2026-09-08T06:43:16.613+0000] {processor.py:208} INFO - Processing /opt/airflow/dags/ml_03_oil_pipeline.py took 0.777 seconds
[2026-09-08T06:43:47.071+0000] {processor.py:186} INFO - Started process (PID=270) to work on /opt/airflow/dags/ml_03_oil_pipeline.py
[2026-09-08T06:43:47.073+0000] {processor.py:914} INFO - Processing file /opt/airflow/dags/ml_03_oil_pipeline.py for tasks to queue
[2026-09-08T06:43:47.076+0000] {logging_mixin.py:190} INFO - [2026-09-08T06:43:47.075+0000] {dagbag.py:588} INFO - Filling up the DagBag from /opt/airflow/dags/ml_03_oil_pipeline.py
[2026-09-08T06:43:47.745+0000] {processor.py:925} INFO - DAG(s) 'oil_price_pipeline_dag' retrieved from /opt/airflow/dags/ml_03_oil_pipeline.py
[2026-09-08T06:43:47.862+0000] {logging_mixin.py:190} INFO - [2026-09-08T06:43:47.861+0000] {dag.py:3239} INFO - Sync 1 DAGs
[2026-09-08T06:43:47.933+0000] {logging_mixin.py:190} INFO - [2026-09-08T06:43:47.933+0000] {dag.py:4180} INFO - Setting next_dagrun for oil_price_pipeline_dag to None, run_after=None
[2026-09-08T06:43:47.981+0000] {processor.py:208} INFO - Processing /opt/airflow/dags/ml_03_oil_pipeline.py took 0.921 seconds
[2026-09-08T06:44:18.249+0000] {processor.py:186} INFO - Started process (PID=284) to work on /opt/airflow/dags/ml_03_oil_pipeline.py
[2026-09-08T06:44:18.251+0000] {processor.py:914} INFO - Processing file /opt/airflow/dags/ml_03_oil_pipeline.py for tasks to queue
[2026-09-08T06:44:18.254+0000] {logging_mixin.py:190} INFO - [2026-09-08T06:44:18.253+0000] {dagbag.py:588} INFO - Filling up the DagBag from /opt/airflow/dags/ml_03_oil_pipeline.py
[2026-09-08T06:44:20.871+0000] {processor.py:925} INFO - DAG(s) 'oil_price_pipeline_dag' retrieved from /opt/airflow/dags/ml_03_oil_pipeline.py
[2026-09-08T06:44:21.051+0000] {logging_mixin.py:190} INFO - [2026-09-08T06:44:21.050+0000] {dag.py:3239} INFO - Sync 1 DAGs
[2026-09-08T06:44:21.133+0000] {logging_mixin.py:190} INFO - [2026-09-08T06:44:21.132+0000] {dag.py:4180} INFO - Setting next_dagrun for oil_price_pipeline_dag to None, run_after=None
[2026-09-08T06:44:21.175+0000] {processor.py:208} INFO - Processing /opt/airflow/dags/ml_03_oil_pipeline.py took 2.942 seconds
[2026-09-08T06:44:51.908+0000] {processor.py:186} INFO - Started process (PID=298) to work on /opt/airflow/dags/ml_03_oil_pipeline.py
[2026-09-08T06:44:51.910+0000] {processor.py:914} INFO - Processing file /opt/airflow/dags/ml_03_oil_pipeline.py for tasks to queue
[2026-09-08T06:44:51.915+0000] {logging_mixin.py:190} INFO - [2026-09-08T06:44:51.914+0000] {dagbag.py:588} INFO - Filling up the DagBag from /opt/airflow/dags/ml_03_oil_pipeline.py
[2026-09-08T06:44:52.569+0000] {processor.py:925} INFO - DAG(s) 'oil_price_pipeline_dag' retrieved from /opt/airflow/dags/ml_03_oil_pipeline.py
[2026-09-08T06:44:52.640+0000] {logging_mixin.py:190} INFO - [2026-09-08T06:44:52.639+0000] {dag.py:3239} INFO - Sync 1 DAGs
[2026-09-08T06:44:52.683+0000] {logging_mixin.py:190} INFO - [2026-09-08T06:44:52.683+0000] {dag.py:4180} INFO - Setting next_dagrun for oil_price_pipeline_dag to None, run_after=None
[2026-09-08T06:44:52.731+0000] {processor.py:208} INFO - Processing /opt/airflow/dags/ml_03_oil_pipeline.py took 0.842 seconds
[2026-09-08T06:45:22.883+0000] {processor.py:186} INFO - Started process (PID=313) to work on /opt/airflow/dags/ml_03_oil_pipeline.py
[2026-09-08T06:45:22.884+0000] {processor.py:914} INFO - Processing file /opt/airflow/dags/ml_03_oil_pipeline.py for tasks to queue
[2026-09-08T06:45:22.888+0000] {logging_mixin.py:190} INFO - [2026-09-08T06:45:22.887+0000] {dagbag.py:588} INFO - Filling up the DagBag from /opt/airflow/dags/ml_03_oil_pipeline.py
[2026-09-08T06:45:23.458+0000] {processor.py:925} INFO - DAG(s) 'oil_price_pipeline_dag' retrieved from /opt/airflow/dags/ml_03_oil_pipeline.py
[2026-09-08T06:45:23.522+0000] {logging_mixin.py:190} INFO - [2026-09-08T06:45:23.521+0000] {dag.py:3239} INFO - Sync 1 DAGs
[2026-09-08T06:45:23.550+0000] {logging_mixin.py:190} INFO - [2026-09-08T06:45:23.550+0000] {dag.py:4180} INFO - Setting next_dagrun for oil_price_pipeline_dag to None, run_after=None
[2026-09-08T06:45:23.591+0000] {processor.py:208} INFO - Processing /opt/airflow/dags/ml_03_oil_pipeline.py took 0.720 seconds
[2026-09-08T06:45:54.904+0000] {processor.py:186} INFO - Started process (PID=327) to work on /opt/airflow/dags/ml_03_oil_pipeline.py
[2026-09-08T06:45:54.907+0000] {processor.py:914} INFO - Processing file /opt/airflow/dags/ml_03_oil_pipeline.py for tasks to queue
[2026-09-08T06:45:54.910+0000] {logging_mixin.py:190} INFO - [2026-09-08T06:45:54.910+0000] {dagbag.py:588} INFO - Filling up the DagBag from /opt/airflow/dags/ml_03_oil_pipeline.py
[2026-09-08T06:45:55.515+0000] {processor.py:925} INFO - DAG(s) 'oil_price_pipeline_dag' retrieved from /opt/airflow/dags/ml_03_oil_pipeline.py
[2026-09-08T06:45:55.573+0000] {logging_mixin.py:190} INFO - [2026-09-08T06:45:55.573+0000] {dag.py:3239} INFO - Sync 1 DAGs
[2026-09-08T06:45:55.603+0000] {logging_mixin.py:190} INFO - [2026-09-08T06:45:55.603+0000] {dag.py:4180} INFO - Setting next_dagrun for oil_price_pipeline_dag to None, run_after=None
[2026-09-08T06:45:55.646+0000] {processor.py:208} INFO - Processing /opt/airflow/dags/ml_03_oil_pipeline.py took 0.754 seconds
[2026-09-08T06:46:26.530+0000] {processor.py:186} INFO - Started process (PID=341) to work on /opt/airflow/dags/ml_03_oil_pipeline.py
[2026-09-08T06:46:26.533+0000] {processor.py:914} INFO - Processing file /opt/airflow/dags/ml_03_oil_pipeline.py for tasks to queue
[2026-09-08T06:46:26.538+0000] {logging_mixin.py:190} INFO - [2026-09-08T06:46:26.537+0000] {dagbag.py:588} INFO - Filling up the DagBag from /opt/airflow/dags/ml_03_oil_pipeline.py
[2026-09-08T06:46:27.167+0000] {processor.py:925} INFO - DAG(s) 'oil_price_pipeline_dag' retrieved from /opt/airflow/dags/ml_03_oil_pipeline.py
[2026-09-08T06:46:27.228+0000] {logging_mixin.py:190} INFO - [2026-09-08T06:46:27.227+0000] {dag.py:3239} INFO - Sync 1 DAGs
[2026-09-08T06:46:27.254+0000] {logging_mixin.py:190} INFO - [2026-09-08T06:46:27.253+0000] {dag.py:4180} INFO - Setting next_dagrun for oil_price_pipeline_dag to None, run_after=None
[2026-09-08T06:46:27.294+0000] {processor.py:208} INFO - Processing /opt/airflow/dags/ml_03_oil_pipeline.py took 0.777 seconds
[2026-09-08T06:46:57.821+0000] {processor.py:186} INFO - Started process (PID=356) to work on /opt/airflow/dags/ml_03_oil_pipeline.py
[2026-09-08T06:46:57.840+0000] {processor.py:914} INFO - Processing file /opt/airflow/dags/ml_03_oil_pipeline.py for tasks to queue
[2026-09-08T06:46:57.846+0000] {logging_mixin.py:190} INFO - [2026-09-08T06:46:57.844+0000] {dagbag.py:588} INFO - Filling up the DagBag from /opt/airflow/dags/ml_03_oil_pipeline.py
[2026-09-08T06:46:58.448+0000] {processor.py:925} INFO - DAG(s) 'oil_price_pipeline_dag' retrieved from /opt/airflow/dags/ml_03_oil_pipeline.py
[2026-09-08T06:46:58.506+0000] {logging_mixin.py:190} INFO - [2026-09-08T06:46:58.505+0000] {dag.py:3239} INFO - Sync 1 DAGs
[2026-09-08T06:46:58.535+0000] {logging_mixin.py:190} INFO - [2026-09-08T06:46:58.535+0000] {dag.py:4180} INFO - Setting next_dagrun for oil_price_pipeline_dag to None, run_after=None
[2026-09-08T06:46:58.571+0000] {processor.py:208} INFO - Processing /opt/airflow/dags/ml_03_oil_pipeline.py took 0.777 seconds
[2026-09-08T06:47:30.071+0000] {processor.py:186} INFO - Started process (PID=370) to work on /opt/airflow/dags/ml_03_oil_pipeline.py
[2026-09-08T06:47:30.176+0000] {processor.py:914} INFO - Processing file /opt/airflow/dags/ml_03_oil_pipeline.py for tasks to queue
[2026-09-08T06:47:30.180+0000] {logging_mixin.py:190} INFO - [2026-09-08T06:47:30.179+0000] {dagbag.py:588} INFO - Filling up the DagBag from /opt/airflow/dags/ml_03_oil_pipeline.py
[2026-09-08T06:47:30.985+0000] {processor.py:925} INFO - DAG(s) 'oil_price_pipeline_dag' retrieved from /opt/airflow/dags/ml_03_oil_pipeline.py
[2026-09-08T06:47:31.050+0000] {logging_mixin.py:190} INFO - [2026-09-08T06:47:31.049+0000] {dag.py:3239} INFO - Sync 1 DAGs
[2026-09-08T06:47:31.081+0000] {logging_mixin.py:190} INFO - [2026-09-08T06:47:31.081+0000] {dag.py:4180} INFO - Setting next_dagrun for oil_price_pipeline_dag to None, run_after=None
[2026-09-08T06:47:31.125+0000] {processor.py:208} INFO - Processing /opt/airflow/dags/ml_03_oil_pipeline.py took 1.073 seconds
[2026-09-08T06:48:01.855+0000] {processor.py:186} INFO - Started process (PID=384) to work on /opt/airflow/dags/ml_03_oil_pipeline.py
[2026-09-08T06:48:01.857+0000] {processor.py:914} INFO - Processing file /opt/airflow/dags/ml_03_oil_pipeline.py for tasks to queue
[2026-09-08T06:48:01.860+0000] {logging_mixin.py:190} INFO - [2026-09-08T06:48:01.860+0000] {dagbag.py:588} INFO - Filling up the DagBag from /opt/airflow/dags/ml_03_oil_pipeline.py
[2026-09-08T06:48:02.421+0000] {processor.py:925} INFO - DAG(s) 'oil_price_pipeline_dag' retrieved from /opt/airflow/dags/ml_03_oil_pipeline.py
[2026-09-08T06:48:02.475+0000] {logging_mixin.py:190} INFO - [2026-09-08T06:48:02.474+0000] {dag.py:3239} INFO - Sync 1 DAGs
[2026-09-08T06:48:02.501+0000] {logging_mixin.py:190} INFO - [2026-09-08T06:48:02.501+0000] {dag.py:4180} INFO - Setting next_dagrun for oil_price_pipeline_dag to None, run_after=None
[2026-09-08T06:48:02.536+0000] {processor.py:208} INFO - Processing /opt/airflow/dags/ml_03_oil_pipeline.py took 0.691 seconds
[2026-09-08T06:48:33.611+0000] {processor.py:186} INFO - Started process (PID=398) to work on /opt/airflow/dags/ml_03_oil_pipeline.py
[2026-09-08T06:48:33.613+0000] {processor.py:914} INFO - Processing file /opt/airflow/dags/ml_03_oil_pipeline.py for tasks to queue
[2026-09-08T06:48:33.616+0000] {logging_mixin.py:190} INFO - [2026-09-08T06:48:33.615+0000] {dagbag.py:588} INFO - Filling up the DagBag from /opt/airflow/dags/ml_03_oil_pipeline.py
[2026-09-08T06:48:34.230+0000] {processor.py:925} INFO - DAG(s) 'oil_price_pipeline_dag' retrieved from /opt/airflow/dags/ml_03_oil_pipeline.py
[2026-09-08T06:48:34.293+0000] {logging_mixin.py:190} INFO - [2026-09-08T06:48:34.292+0000] {dag.py:3239} INFO - Sync 1 DAGs
[2026-09-08T06:48:34.321+0000] {logging_mixin.py:190} INFO - [2026-09-08T06:48:34.321+0000] {dag.py:4180} INFO - Setting next_dagrun for oil_price_pipeline_dag to None, run_after=None
[2026-09-08T06:48:34.364+0000] {processor.py:208} INFO - Processing /opt/airflow/dags/ml_03_oil_pipeline.py took 0.764 seconds
[2026-09-08T06:49:04.921+0000] {processor.py:186} INFO - Started process (PID=412) to work on /opt/airflow/dags/ml_03_oil_pipeline.py
[2026-09-08T06:49:04.923+0000] {processor.py:914} INFO - Processing file /opt/airflow/dags/ml_03_oil_pipeline.py for tasks to queue
[2026-09-08T06:49:04.926+0000] {logging_mixin.py:190} INFO - [2026-09-08T06:49:04.925+0000] {dagbag.py:588} INFO - Filling up the DagBag from /opt/airflow/dags/ml_03_oil_pipeline.py
[2026-09-08T06:49:05.549+0000] {processor.py:925} INFO - DAG(s) 'oil_price_pipeline_dag' retrieved from /opt/airflow/dags/ml_03_oil_pipeline.py
[2026-09-08T06:49:05.610+0000] {logging_mixin.py:190} INFO - [2026-09-08T06:49:05.609+0000] {dag.py:3239} INFO - Sync 1 DAGs
[2026-09-08T06:49:05.639+0000] {logging_mixin.py:190} INFO - [2026-09-08T06:49:05.638+0000] {dag.py:4180} INFO - Setting next_dagrun for oil_price_pipeline_dag to None, run_after=None
[2026-09-08T06:49:05.694+0000] {processor.py:208} INFO - Processing /opt/airflow/dags/ml_03_oil_pipeline.py took 0.785 seconds
[2026-09-08T06:49:36.356+0000] {processor.py:186} INFO - Started process (PID=426) to work on /opt/airflow/dags/ml_03_oil_pipeline.py
[2026-09-08T06:49:36.359+0000] {processor.py:914} INFO - Processing file /opt/airflow/dags/ml_03_oil_pipeline.py for tasks to queue
[2026-09-08T06:49:36.363+0000] {logging_mixin.py:190} INFO - [2026-09-08T06:49:36.362+0000] {dagbag.py:588} INFO - Filling up the DagBag from /opt/airflow/dags/ml_03_oil_pipeline.py
[2026-09-08T06:49:36.943+0000] {processor.py:925} INFO - DAG(s) 'oil_price_pipeline_dag' retrieved from /opt/airflow/dags/ml_03_oil_pipeline.py
[2026-09-08T06:49:37.004+0000] {logging_mixin.py:190} INFO - [2026-09-08T06:49:37.003+0000] {dag.py:3239} INFO - Sync 1 DAGs
[2026-09-08T06:49:37.038+0000] {logging_mixin.py:190} INFO - [2026-09-08T06:49:37.037+0000] {dag.py:4180} INFO - Setting next_dagrun for oil_price_pipeline_dag to None, run_after=None
[2026-09-08T06:49:37.078+0000] {processor.py:208} INFO - Processing /opt/airflow/dags/ml_03_oil_pipeline.py took 0.733 seconds
[2026-09-08T06:50:07.969+0000] {processor.py:186} INFO - Started process (PID=440) to work on /opt/airflow/dags/ml_03_oil_pipeline.py
[2026-09-08T06:50:07.972+0000] {processor.py:914} INFO - Processing file /opt/airflow/dags/ml_03_oil_pipeline.py for tasks to queue
[2026-09-08T06:50:07.975+0000] {logging_mixin.py:190} INFO - [2026-09-08T06:50:07.974+0000] {dagbag.py:588} INFO - Filling up the DagBag from /opt/airflow/dags/ml_03_oil_pipeline.py
[2026-09-08T06:50:08.555+0000] {processor.py:925} INFO - DAG(s) 'oil_price_pipeline_dag' retrieved from /opt/airflow/dags/ml_03_oil_pipeline.py
[2026-09-08T06:50:08.606+0000] {logging_mixin.py:190} INFO - [2026-09-08T06:50:08.605+0000] {dag.py:3239} INFO - Sync 1 DAGs
[2026-09-08T06:50:08.630+0000] {logging_mixin.py:190} INFO - [2026-09-08T06:50:08.629+0000] {dag.py:4180} INFO - Setting next_dagrun for oil_price_pipeline_dag to None, run_after=None
[2026-09-08T06:50:08.663+0000] {processor.py:208} INFO - Processing /opt/airflow/dags/ml_03_oil_pipeline.py took 0.706 seconds
[2026-09-08T06:50:39.084+0000] {processor.py:186} INFO - Started process (PID=455) to work on /opt/airflow/dags/ml_03_oil_pipeline.py
[2026-09-08T06:50:39.086+0000] {processor.py:914} INFO - Processing file /opt/airflow/dags/ml_03_oil_pipeline.py for tasks to queue
[2026-09-08T06:50:39.090+0000] {logging_mixin.py:190} INFO - [2026-09-08T06:50:39.089+0000] {dagbag.py:588} INFO - Filling up the DagBag from /opt/airflow/dags/ml_03_oil_pipeline.py
[2026-09-08T06:50:39.693+0000] {processor.py:925} INFO - DAG(s) 'oil_price_pipeline_dag' retrieved from /opt/airflow/dags/ml_03_oil_pipeline.py
[2026-09-08T06:50:39.765+0000] {logging_mixin.py:190} INFO - [2026-09-08T06:50:39.764+0000] {dag.py:3239} INFO - Sync 1 DAGs
[2026-09-08T06:50:39.798+0000] {logging_mixin.py:190} INFO - [2026-09-08T06:50:39.798+0000] {dag.py:4180} INFO - Setting next_dagrun for oil_price_pipeline_dag to None, run_after=None
[2026-09-08T06:50:40.039+0000] {processor.py:208} INFO - Processing /opt/airflow/dags/ml_03_oil_pipeline.py took 0.970 seconds
[2026-09-08T06:51:10.592+0000] {processor.py:186} INFO - Started process (PID=469) to work on /opt/airflow/dags/ml_03_oil_pipeline.py
[2026-09-08T06:51:10.594+0000] {processor.py:914} INFO - Processing file /opt/airflow/dags/ml_03_oil_pipeline.py for tasks to queue
[2026-09-08T06:51:10.598+0000] {logging_mixin.py:190} INFO - [2026-09-08T06:51:10.597+0000] {dagbag.py:588} INFO - Filling up the DagBag from /opt/airflow/dags/ml_03_oil_pipeline.py
[2026-09-08T06:51:11.220+0000] {processor.py:925} INFO - DAG(s) 'oil_price_pipeline_dag' retrieved from /opt/airflow/dags/ml_03_oil_pipeline.py
[2026-09-08T06:51:11.280+0000] {logging_mixin.py:190} INFO - [2026-09-08T06:51:11.279+0000] {dag.py:3239} INFO - Sync 1 DAGs
[2026-09-08T06:51:11.309+0000] {logging_mixin.py:190} INFO - [2026-09-08T06:51:11.309+0000] {dag.py:4180} INFO - Setting next_dagrun for oil_price_pipeline_dag to None, run_after=None
[2026-09-08T06:51:11.351+0000] {processor.py:208} INFO - Processing /opt/airflow/dags/ml_03_oil_pipeline.py took 0.770 seconds
[2026-09-08T06:51:41.885+0000] {processor.py:186} INFO - Started process (PID=483) to work on /opt/airflow/dags/ml_03_oil_pipeline.py
[2026-09-08T06:51:41.887+0000] {processor.py:914} INFO - Processing file /opt/airflow/dags/ml_03_oil_pipeline.py for tasks to queue
[2026-09-08T06:51:41.893+0000] {logging_mixin.py:190} INFO - [2026-09-08T06:51:41.892+0000] {dagbag.py:588} INFO - Filling up the DagBag from /opt/airflow/dags/ml_03_oil_pipeline.py
[2026-09-08T06:51:42.545+0000] {processor.py:925} INFO - DAG(s) 'oil_price_pipeline_dag' retrieved from /opt/airflow/dags/ml_03_oil_pipeline.py
[2026-09-08T06:51:42.603+0000] {logging_mixin.py:190} INFO - [2026-09-08T06:51:42.601+0000] {dag.py:3239} INFO - Sync 1 DAGs
[2026-09-08T06:51:42.627+0000] {logging_mixin.py:190} INFO - [2026-09-08T06:51:42.626+0000] {dag.py:4180} INFO - Setting next_dagrun for oil_price_pipeline_dag to None, run_after=None
[2026-09-08T06:51:42.669+0000] {processor.py:208} INFO - Processing /opt/airflow/dags/ml_03_oil_pipeline.py took 0.810 seconds
[2026-09-08T06:52:13.223+0000] {processor.py:186} INFO - Started process (PID=503) to work on /opt/airflow/dags/ml_03_oil_pipeline.py
[2026-09-08T06:52:13.225+0000] {processor.py:914} INFO - Processing file /opt/airflow/dags/ml_03_oil_pipeline.py for tasks to queue
[2026-09-08T06:52:13.228+0000] {logging_mixin.py:190} INFO - [2026-09-08T06:52:13.228+0000] {dagbag.py:588} INFO - Filling up the DagBag from /opt/airflow/dags/ml_03_oil_pipeline.py
[2026-09-08T06:52:13.828+0000] {processor.py:925} INFO - DAG(s) 'oil_price_pipeline_dag' retrieved from /opt/airflow/dags/ml_03_oil_pipeline.py
[2026-09-08T06:52:13.892+0000] {logging_mixin.py:190} INFO - [2026-09-08T06:52:13.891+0000] {dag.py:3239} INFO - Sync 1 DAGs
[2026-09-08T06:52:13.927+0000] {logging_mixin.py:190} INFO - [2026-09-08T06:52:13.926+0000] {dag.py:4180} INFO - Setting next_dagrun for oil_price_pipeline_dag to None, run_after=None
[2026-09-08T06:52:13.967+0000] {processor.py:208} INFO - Processing /opt/airflow/dags/ml_03_oil_pipeline.py took 0.755 seconds
[2026-09-08T06:52:45.137+0000] {processor.py:186} INFO - Started process (PID=517) to work on /opt/airflow/dags/ml_03_oil_pipeline.py
[2026-09-08T06:52:45.184+0000] {processor.py:914} INFO - Processing file /opt/airflow/dags/ml_03_oil_pipeline.py for tasks to queue
[2026-09-08T06:52:45.188+0000] {logging_mixin.py:190} INFO - [2026-09-08T06:52:45.187+0000] {dagbag.py:588} INFO - Filling up the DagBag from /opt/airflow/dags/ml_03_oil_pipeline.py
[2026-09-08T06:52:45.888+0000] {processor.py:925} INFO - DAG(s) 'oil_price_pipeline_dag' retrieved from /opt/airflow/dags/ml_03_oil_pipeline.py
[2026-09-08T06:52:45.981+0000] {logging_mixin.py:190} INFO - [2026-09-08T06:52:45.980+0000] {dag.py:3239} INFO - Sync 1 DAGs
[2026-09-08T06:52:46.018+0000] {logging_mixin.py:190} INFO - [2026-09-08T06:52:46.018+0000] {dag.py:4180} INFO - Setting next_dagrun for oil_price_pipeline_dag to None, run_after=None
[2026-09-08T06:52:46.062+0000] {processor.py:208} INFO - Processing /opt/airflow/dags/ml_03_oil_pipeline.py took 0.936 seconds
[2026-09-08T06:53:16.690+0000] {processor.py:186} INFO - Started process (PID=531) to work on /opt/airflow/dags/ml_03_oil_pipeline.py
[2026-09-08T06:53:16.692+0000] {processor.py:914} INFO - Processing file /opt/airflow/dags/ml_03_oil_pipeline.py for tasks to queue
[2026-09-08T06:53:16.695+0000] {logging_mixin.py:190} INFO - [2026-09-08T06:53:16.695+0000] {dagbag.py:588} INFO - Filling up the DagBag from /opt/airflow/dags/ml_03_oil_pipeline.py
[2026-09-08T06:53:17.223+0000] {processor.py:925} INFO - DAG(s) 'oil_price_pipeline_dag' retrieved from /opt/airflow/dags/ml_03_oil_pipeline.py
[2026-09-08T06:53:17.278+0000] {logging_mixin.py:190} INFO - [2026-09-08T06:53:17.278+0000] {dag.py:3239} INFO - Sync 1 DAGs
[2026-09-08T06:53:17.305+0000] {logging_mixin.py:190} INFO - [2026-09-08T06:53:17.304+0000] {dag.py:4180} INFO - Setting next_dagrun for oil_price_pipeline_dag to None, run_after=None
[2026-09-08T06:53:17.340+0000] {processor.py:208} INFO - Processing /opt/airflow/dags/ml_03_oil_pipeline.py took 0.661 seconds
[2026-09-08T06:53:48.185+0000] {processor.py:186} INFO - Started process (PID=545) to work on /opt/airflow/dags/ml_03_oil_pipeline.py
[2026-09-08T06:53:48.187+0000] {processor.py:914} INFO - Processing file /opt/airflow/dags/ml_03_oil_pipeline.py for tasks to queue
[2026-09-08T06:53:48.193+0000] {logging_mixin.py:190} INFO - [2026-09-08T06:53:48.192+0000] {dagbag.py:588} INFO - Filling up the DagBag from /opt/airflow/dags/ml_03_oil_pipeline.py
[2026-09-08T06:53:48.853+0000] {processor.py:925} INFO - DAG(s) 'oil_price_pipeline_dag' retrieved from /opt/airflow/dags/ml_03_oil_pipeline.py
[2026-09-08T06:53:49.786+0000] {logging_mixin.py:190} INFO - [2026-09-08T06:53:49.785+0000] {dag.py:3239} INFO - Sync 1 DAGs
[2026-09-08T06:53:49.813+0000] {logging_mixin.py:190} INFO - [2026-09-08T06:53:49.813+0000] {dag.py:4180} INFO - Setting next_dagrun for oil_price_pipeline_dag to None, run_after=None
[2026-09-08T06:53:51.175+0000] {processor.py:208} INFO - Processing /opt/airflow/dags/ml_03_oil_pipeline.py took 3.018 seconds
[2026-09-08T06:54:21.630+0000] {processor.py:186} INFO - Started process (PID=559) to work on /opt/airflow/dags/ml_03_oil_pipeline.py
[2026-09-08T06:54:21.632+0000] {processor.py:914} INFO - Processing file /opt/airflow/dags/ml_03_oil_pipeline.py for tasks to queue
[2026-09-08T06:54:21.636+0000] {logging_mixin.py:190} INFO - [2026-09-08T06:54:21.635+0000] {dagbag.py:588} INFO - Filling up the DagBag from /opt/airflow/dags/ml_03_oil_pipeline.py
[2026-09-08T06:54:22.215+0000] {processor.py:925} INFO - DAG(s) 'oil_price_pipeline_dag' retrieved from /opt/airflow/dags/ml_03_oil_pipeline.py
[2026-09-08T06:54:22.274+0000] {logging_mixin.py:190} INFO - [2026-09-08T06:54:22.273+0000] {dag.py:3239} INFO - Sync 1 DAGs
[2026-09-08T06:54:22.304+0000] {logging_mixin.py:190} INFO - [2026-09-08T06:54:22.304+0000] {dag.py:4180} INFO - Setting next_dagrun for oil_price_pipeline_dag to None, run_after=None
[2026-09-08T06:54:22.336+0000] {processor.py:208} INFO - Processing /opt/airflow/dags/ml_03_oil_pipeline.py took 0.719 seconds
[2026-09-08T06:54:53.061+0000] {processor.py:186} INFO - Started process (PID=573) to work on /opt/airflow/dags/ml_03_oil_pipeline.py
[2026-09-08T06:54:53.063+0000] {processor.py:914} INFO - Processing file /opt/airflow/dags/ml_03_oil_pipeline.py for tasks to queue
[2026-09-08T06:54:53.067+0000] {logging_mixin.py:190} INFO - [2026-09-08T06:54:53.066+0000] {dagbag.py:588} INFO - Filling up the DagBag from /opt/airflow/dags/ml_03_oil_pipeline.py
[2026-09-08T06:54:53.600+0000] {processor.py:925} INFO - DAG(s) 'oil_price_pipeline_dag' retrieved from /opt/airflow/dags/ml_03_oil_pipeline.py
[2026-09-08T06:54:53.666+0000] {logging_mixin.py:190} INFO - [2026-09-08T06:54:53.666+0000] {dag.py:3239} INFO - Sync 1 DAGs
[2026-09-08T06:54:53.691+0000] {logging_mixin.py:190} INFO - [2026-09-08T06:54:53.691+0000] {dag.py:4180} INFO - Setting next_dagrun for oil_price_pipeline_dag to None, run_after=None
[2026-09-08T06:54:53.723+0000] {processor.py:208} INFO - Processing /opt/airflow/dags/ml_03_oil_pipeline.py took 0.675 seconds
[2026-09-08T06:55:24.498+0000] {processor.py:186} INFO - Started process (PID=587) to work on /opt/airflow/dags/ml_03_oil_pipeline.py
[2026-09-08T06:55:24.499+0000] {processor.py:914} INFO - Processing file /opt/airflow/dags/ml_03_oil_pipeline.py for tasks to queue
[2026-09-08T06:55:24.502+0000] {logging_mixin.py:190} INFO - [2026-09-08T06:55:24.502+0000] {dagbag.py:588} INFO - Filling up the DagBag from /opt/airflow/dags/ml_03_oil_pipeline.py
[2026-09-08T06:55:25.025+0000] {processor.py:925} INFO - DAG(s) 'oil_price_pipeline_dag' retrieved from /opt/airflow/dags/ml_03_oil_pipeline.py
[2026-09-08T06:55:25.081+0000] {logging_mixin.py:190} INFO - [2026-09-08T06:55:25.080+0000] {dag.py:3239} INFO - Sync 1 DAGs
[2026-09-08T06:55:25.108+0000] {logging_mixin.py:190} INFO - [2026-09-08T06:55:25.107+0000] {dag.py:4180} INFO - Setting next_dagrun for oil_price_pipeline_dag to None, run_after=None
[2026-09-08T06:55:25.142+0000] {processor.py:208} INFO - Processing /opt/airflow/dags/ml_03_oil_pipeline.py took 0.659 seconds
[2026-09-08T06:55:55.661+0000] {processor.py:186} INFO - Started process (PID=601) to work on /opt/airflow/dags/ml_03_oil_pipeline.py
[2026-09-08T06:55:55.662+0000] {processor.py:914} INFO - Processing file /opt/airflow/dags/ml_03_oil_pipeline.py for tasks to queue
[2026-09-08T06:55:55.665+0000] {logging_mixin.py:190} INFO - [2026-09-08T06:55:55.665+0000] {dagbag.py:588} INFO - Filling up the DagBag from /opt/airflow/dags/ml_03_oil_pipeline.py
[2026-09-08T06:55:56.156+0000] {processor.py:925} INFO - DAG(s) 'oil_price_pipeline_dag' retrieved from /opt/airflow/dags/ml_03_oil_pipeline.py
[2026-09-08T06:55:56.208+0000] {logging_mixin.py:190} INFO - [2026-09-08T06:55:56.207+0000] {dag.py:3239} INFO - Sync 1 DAGs
[2026-09-08T06:55:56.229+0000] {logging_mixin.py:190} INFO - [2026-09-08T06:55:56.229+0000] {dag.py:4180} INFO - Setting next_dagrun for oil_price_pipeline_dag to None, run_after=None
[2026-09-08T06:55:56.271+0000] {processor.py:208} INFO - Processing /opt/airflow/dags/ml_03_oil_pipeline.py took 0.621 seconds
[2026-09-08T06:56:26.390+0000] {processor.py:186} INFO - Started process (PID=615) to work on /opt/airflow/dags/ml_03_oil_pipeline.py
[2026-09-08T06:56:26.391+0000] {processor.py:914} INFO - Processing file /opt/airflow/dags/ml_03_oil_pipeline.py for tasks to queue
[2026-09-08T06:56:26.395+0000] {logging_mixin.py:190} INFO - [2026-09-08T06:56:26.394+0000] {dagbag.py:588} INFO - Filling up the DagBag from /opt/airflow/dags/ml_03_oil_pipeline.py
[2026-09-08T06:56:26.895+0000] {processor.py:925} INFO - DAG(s) 'oil_price_pipeline_dag' retrieved from /opt/airflow/dags/ml_03_oil_pipeline.py
[2026-09-08T06:56:26.943+0000] {logging_mixin.py:190} INFO - [2026-09-08T06:56:26.942+0000] {dag.py:3239} INFO - Sync 1 DAGs
[2026-09-08T06:56:26.969+0000] {logging_mixin.py:190} INFO - [2026-09-08T06:56:26.968+0000] {dag.py:4180} INFO - Setting next_dagrun for oil_price_pipeline_dag to None, run_after=None
[2026-09-08T06:56:27.224+0000] {processor.py:208} INFO - Processing /opt/airflow/dags/ml_03_oil_pipeline.py took 0.844 seconds
[2026-09-08T06:56:57.727+0000] {processor.py:186} INFO - Started process (PID=629) to work on /opt/airflow/dags/ml_03_oil_pipeline.py
[2026-09-08T06:56:57.728+0000] {processor.py:914} INFO - Processing file /opt/airflow/dags/ml_03_oil_pipeline.py for tasks to queue
[2026-09-08T06:56:57.730+0000] {logging_mixin.py:190} INFO - [2026-09-08T06:56:57.730+0000] {dagbag.py:588} INFO - Filling up the DagBag from /opt/airflow/dags/ml_03_oil_pipeline.py
[2026-09-08T06:56:58.177+0000] {processor.py:925} INFO - DAG(s) 'oil_price_pipeline_dag' retrieved from /opt/airflow/dags/ml_03_oil_pipeline.py
[2026-09-08T06:56:58.214+0000] {logging_mixin.py:190} INFO - [2026-09-08T06:56:58.214+0000] {dag.py:3239} INFO - Sync 1 DAGs
[2026-09-08T06:56:58.230+0000] {logging_mixin.py:190} INFO - [2026-09-08T06:56:58.230+0000] {dag.py:4180} INFO - Setting next_dagrun for oil_price_pipeline_dag to None, run_after=None
[2026-09-08T06:56:58.250+0000] {processor.py:208} INFO - Processing /opt/airflow/dags/ml_03_oil_pipeline.py took 0.529 seconds
[2026-09-08T06:57:28.760+0000] {processor.py:186} INFO - Started process (PID=643) to work on /opt/airflow/dags/ml_03_oil_pipeline.py
[2026-09-08T06:57:28.761+0000] {processor.py:914} INFO - Processing file /opt/airflow/dags/ml_03_oil_pipeline.py for tasks to queue
[2026-09-08T06:57:28.764+0000] {logging_mixin.py:190} INFO - [2026-09-08T06:57:28.764+0000] {dagbag.py:588} INFO - Filling up the DagBag from /opt/airflow/dags/ml_03_oil_pipeline.py
[2026-09-08T06:57:29.131+0000] {processor.py:925} INFO - DAG(s) 'oil_price_pipeline_dag' retrieved from /opt/airflow/dags/ml_03_oil_pipeline.py
[2026-09-08T06:57:29.164+0000] {logging_mixin.py:190} INFO - [2026-09-08T06:57:29.163+0000] {dag.py:3239} INFO - Sync 1 DAGs
[2026-09-08T06:57:29.178+0000] {logging_mixin.py:190} INFO - [2026-09-08T06:57:29.178+0000] {dag.py:4180} INFO - Setting next_dagrun for oil_price_pipeline_dag to None, run_after=None
[2026-09-08T06:57:29.204+0000] {processor.py:208} INFO - Processing /opt/airflow/dags/ml_03_oil_pipeline.py took 0.453 seconds
[2026-09-08T06:58:00.244+0000] {processor.py:186} INFO - Started process (PID=657) to work on /opt/airflow/dags/ml_03_oil_pipeline.py
[2026-09-08T06:58:00.245+0000] {processor.py:914} INFO - Processing file /opt/airflow/dags/ml_03_oil_pipeline.py for tasks to queue
[2026-09-08T06:58:00.248+0000] {logging_mixin.py:190} INFO - [2026-09-08T06:58:00.247+0000] {dagbag.py:588} INFO - Filling up the DagBag from /opt/airflow/dags/ml_03_oil_pipeline.py
[2026-09-08T06:58:00.622+0000] {processor.py:925} INFO - DAG(s) 'oil_price_pipeline_dag' retrieved from /opt/airflow/dags/ml_03_oil_pipeline.py
[2026-09-08T06:58:00.829+0000] {logging_mixin.py:190} INFO - [2026-09-08T06:58:00.829+0000] {dag.py:3239} INFO - Sync 1 DAGs
[2026-09-08T06:58:00.841+0000] {logging_mixin.py:190} INFO - [2026-09-08T06:58:00.840+0000] {dag.py:4180} INFO - Setting next_dagrun for oil_price_pipeline_dag to None, run_after=None
[2026-09-08T06:58:00.863+0000] {processor.py:208} INFO - Processing /opt/airflow/dags/ml_03_oil_pipeline.py took 0.627 seconds
[2026-09-08T06:58:30.929+0000] {processor.py:186} INFO - Started process (PID=674) to work on /opt/airflow/dags/ml_03_oil_pipeline.py
[2026-09-08T06:58:30.930+0000] {processor.py:914} INFO - Processing file /opt/airflow/dags/ml_03_oil_pipeline.py for tasks to queue
[2026-09-08T06:58:30.932+0000] {logging_mixin.py:190} INFO - [2026-09-08T06:58:30.932+0000] {dagbag.py:588} INFO - Filling up the DagBag from /opt/airflow/dags/ml_03_oil_pipeline.py
[2026-09-08T06:58:31.263+0000] {processor.py:925} INFO - DAG(s) 'oil_price_pipeline_dag' retrieved from /opt/airflow/dags/ml_03_oil_pipeline.py
[2026-09-08T06:58:31.297+0000] {logging_mixin.py:190} INFO - [2026-09-08T06:58:31.297+0000] {dag.py:3239} INFO - Sync 1 DAGs
[2026-09-08T06:58:31.312+0000] {logging_mixin.py:190} INFO - [2026-09-08T06:58:31.312+0000] {dag.py:4180} INFO - Setting next_dagrun for oil_price_pipeline_dag to None, run_after=None
[2026-09-08T06:58:31.608+0000] {processor.py:208} INFO - Processing /opt/airflow/dags/ml_03_oil_pipeline.py took 0.688 seconds
[2026-09-08T06:59:02.043+0000] {processor.py:186} INFO - Started process (PID=688) to work on /opt/airflow/dags/ml_03_oil_pipeline.py
[2026-09-08T06:59:02.044+0000] {processor.py:914} INFO - Processing file /opt/airflow/dags/ml_03_oil_pipeline.py for tasks to queue
[2026-09-08T06:59:02.046+0000] {logging_mixin.py:190} INFO - [2026-09-08T06:59:02.045+0000] {dagbag.py:588} INFO - Filling up the DagBag from /opt/airflow/dags/ml_03_oil_pipeline.py
[2026-09-08T06:59:02.414+0000] {processor.py:925} INFO - DAG(s) 'oil_price_pipeline_dag' retrieved from /opt/airflow/dags/ml_03_oil_pipeline.py
[2026-09-08T06:59:02.701+0000] {logging_mixin.py:190} INFO - [2026-09-08T06:59:02.700+0000] {dag.py:3239} INFO - Sync 1 DAGs
[2026-09-08T06:59:02.713+0000] {logging_mixin.py:190} INFO - [2026-09-08T06:59:02.713+0000] {dag.py:4180} INFO - Setting next_dagrun for oil_price_pipeline_dag to None, run_after=None
[2026-09-08T06:59:02.734+0000] {processor.py:208} INFO - Processing /opt/airflow/dags/ml_03_oil_pipeline.py took 0.697 seconds
[2026-09-08T06:59:32.843+0000] {processor.py:186} INFO - Started process (PID=702) to work on /opt/airflow/dags/ml_03_oil_pipeline.py
[2026-09-08T06:59:32.844+0000] {processor.py:914} INFO - Processing file /opt/airflow/dags/ml_03_oil_pipeline.py for tasks to queue
[2026-09-08T06:59:32.845+0000] {logging_mixin.py:190} INFO - [2026-09-08T06:59:32.845+0000] {dagbag.py:588} INFO - Filling up the DagBag from /opt/airflow/dags/ml_03_oil_pipeline.py
[2026-09-08T06:59:33.250+0000] {processor.py:925} INFO - DAG(s) 'oil_price_pipeline_dag' retrieved from /opt/airflow/dags/ml_03_oil_pipeline.py
[2026-09-08T06:59:33.292+0000] {logging_mixin.py:190} INFO - [2026-09-08T06:59:33.292+0000] {dag.py:3239} INFO - Sync 1 DAGs
[2026-09-08T06:59:33.309+0000] {logging_mixin.py:190} INFO - [2026-09-08T06:59:33.309+0000] {dag.py:4180} INFO - Setting next_dagrun for oil_price_pipeline_dag to None, run_after=None
[2026-09-08T06:59:33.330+0000] {processor.py:208} INFO - Processing /opt/airflow/dags/ml_03_oil_pipeline.py took 0.495 seconds
[2026-09-08T07:00:03.555+0000] {processor.py:186} INFO - Started process (PID=716) to work on /opt/airflow/dags/ml_03_oil_pipeline.py
[2026-09-08T07:00:03.556+0000] {processor.py:914} INFO - Processing file /opt/airflow/dags/ml_03_oil_pipeline.py for tasks to queue
[2026-09-08T07:00:03.558+0000] {logging_mixin.py:190} INFO - [2026-09-08T07:00:03.557+0000] {dagbag.py:588} INFO - Filling up the DagBag from /opt/airflow/dags/ml_03_oil_pipeline.py
[2026-09-08T07:00:03.876+0000] {processor.py:925} INFO - DAG(s) 'oil_price_pipeline_dag' retrieved from /opt/airflow/dags/ml_03_oil_pipeline.py
[2026-09-08T07:00:03.909+0000] {logging_mixin.py:190} INFO - [2026-09-08T07:00:03.908+0000] {dag.py:3239} INFO - Sync 1 DAGs
[2026-09-08T07:00:04.093+0000] {logging_mixin.py:190} INFO - [2026-09-08T07:00:04.093+0000] {dag.py:4180} INFO - Setting next_dagrun for oil_price_pipeline_dag to None, run_after=None
[2026-09-08T07:00:04.111+0000] {processor.py:208} INFO - Processing /opt/airflow/dags/ml_03_oil_pipeline.py took 0.563 seconds
[2026-09-08T07:00:35.003+0000] {processor.py:186} INFO - Started process (PID=731) to work on /opt/airflow/dags/ml_03_oil_pipeline.py
[2026-09-08T07:00:35.004+0000] {processor.py:914} INFO - Processing file /opt/airflow/dags/ml_03_oil_pipeline.py for tasks to queue
[2026-09-08T07:00:35.006+0000] {logging_mixin.py:190} INFO - [2026-09-08T07:00:35.005+0000] {dagbag.py:588} INFO - Filling up the DagBag from /opt/airflow/dags/ml_03_oil_pipeline.py
[2026-09-08T07:00:35.496+0000] {processor.py:925} INFO - DAG(s) 'oil_price_pipeline_dag' retrieved from /opt/airflow/dags/ml_03_oil_pipeline.py
[2026-09-08T07:00:35.524+0000] {logging_mixin.py:190} INFO - [2026-09-08T07:00:35.524+0000] {dag.py:3239} INFO - Sync 1 DAGs
[2026-09-08T07:00:35.537+0000] {logging_mixin.py:190} INFO - [2026-09-08T07:00:35.537+0000] {dag.py:4180} INFO - Setting next_dagrun for oil_price_pipeline_dag to None, run_after=None
[2026-09-08T07:00:35.558+0000] {processor.py:208} INFO - Processing /opt/airflow/dags/ml_03_oil_pipeline.py took 0.562 seconds
[2026-09-08T07:01:06.393+0000] {processor.py:186} INFO - Started process (PID=745) to work on /opt/airflow/dags/ml_03_oil_pipeline.py
[2026-09-08T07:01:06.395+0000] {processor.py:914} INFO - Processing file /opt/airflow/dags/ml_03_oil_pipeline.py for tasks to queue
[2026-09-08T07:01:06.397+0000] {logging_mixin.py:190} INFO - [2026-09-08T07:01:06.396+0000] {dagbag.py:588} INFO - Filling up the DagBag from /opt/airflow/dags/ml_03_oil_pipeline.py
[2026-09-08T07:01:06.847+0000] {processor.py:925} INFO - DAG(s) 'oil_price_pipeline_dag' retrieved from /opt/airflow/dags/ml_03_oil_pipeline.py
[2026-09-08T07:01:06.916+0000] {logging_mixin.py:190} INFO - [2026-09-08T07:01:06.915+0000] {dag.py:3239} INFO - Sync 1 DAGs
[2026-09-08T07:01:06.942+0000] {logging_mixin.py:190} INFO - [2026-09-08T07:01:06.941+0000] {dag.py:4180} INFO - Setting next_dagrun for oil_price_pipeline_dag to None, run_after=None
[2026-09-08T07:01:07.591+0000] {processor.py:208} INFO - Processing /opt/airflow/dags/ml_03_oil_pipeline.py took 1.205 seconds
[2026-09-08T07:01:38.293+0000] {processor.py:186} INFO - Started process (PID=759) to work on /opt/airflow/dags/ml_03_oil_pipeline.py
[2026-09-08T07:01:38.294+0000] {processor.py:914} INFO - Processing file /opt/airflow/dags/ml_03_oil_pipeline.py for tasks to queue
[2026-09-08T07:01:38.296+0000] {logging_mixin.py:190} INFO - [2026-09-08T07:01:38.295+0000] {dagbag.py:588} INFO - Filling up the DagBag from /opt/airflow/dags/ml_03_oil_pipeline.py
[2026-09-08T07:01:38.668+0000] {processor.py:925} INFO - DAG(s) 'oil_price_pipeline_dag' retrieved from /opt/airflow/dags/ml_03_oil_pipeline.py
[2026-09-08T07:01:38.893+0000] {logging_mixin.py:190} INFO - [2026-09-08T07:01:38.892+0000] {dag.py:3239} INFO - Sync 1 DAGs
[2026-09-08T07:01:38.905+0000] {logging_mixin.py:190} INFO - [2026-09-08T07:01:38.905+0000] {dag.py:4180} INFO - Setting next_dagrun for oil_price_pipeline_dag to None, run_after=None
[2026-09-08T07:01:38.924+0000] {processor.py:208} INFO - Processing /opt/airflow/dags/ml_03_oil_pipeline.py took 0.639 seconds
[2026-09-08T07:02:09.014+0000] {processor.py:186} INFO - Started process (PID=773) to work on /opt/airflow/dags/ml_03_oil_pipeline.py
[2026-09-08T07:02:09.016+0000] {processor.py:914} INFO - Processing file /opt/airflow/dags/ml_03_oil_pipeline.py for tasks to queue
[2026-09-08T07:02:09.019+0000] {logging_mixin.py:190} INFO - [2026-09-08T07:02:09.018+0000] {dagbag.py:588} INFO - Filling up the DagBag from /opt/airflow/dags/ml_03_oil_pipeline.py
[2026-09-08T07:02:09.526+0000] {processor.py:925} INFO - DAG(s) 'oil_price_pipeline_dag' retrieved from /opt/airflow/dags/ml_03_oil_pipeline.py
[2026-09-08T07:02:09.554+0000] {logging_mixin.py:190} INFO - [2026-09-08T07:02:09.553+0000] {dag.py:3239} INFO - Sync 1 DAGs
[2026-09-08T07:02:09.565+0000] {logging_mixin.py:190} INFO - [2026-09-08T07:02:09.565+0000] {dag.py:4180} INFO - Setting next_dagrun for oil_price_pipeline_dag to None, run_after=None
[2026-09-08T07:02:09.584+0000] {processor.py:208} INFO - Processing /opt/airflow/dags/ml_03_oil_pipeline.py took 0.581 seconds
[2026-09-08T07:02:39.696+0000] {processor.py:186} INFO - Started process (PID=787) to work on /opt/airflow/dags/ml_03_oil_pipeline.py
[2026-09-08T07:02:39.697+0000] {processor.py:914} INFO - Processing file /opt/airflow/dags/ml_03_oil_pipeline.py for tasks to queue
[2026-09-08T07:02:39.699+0000] {logging_mixin.py:190} INFO - [2026-09-08T07:02:39.699+0000] {dagbag.py:588} INFO - Filling up the DagBag from /opt/airflow/dags/ml_03_oil_pipeline.py
[2026-09-08T07:02:40.245+0000] {processor.py:925} INFO - DAG(s) 'oil_price_pipeline_dag' retrieved from /opt/airflow/dags/ml_03_oil_pipeline.py
[2026-09-08T07:02:40.279+0000] {logging_mixin.py:190} INFO - [2026-09-08T07:02:40.278+0000] {dag.py:3239} INFO - Sync 1 DAGs
[2026-09-08T07:02:40.295+0000] {logging_mixin.py:190} INFO - [2026-09-08T07:02:40.294+0000] {dag.py:4180} INFO - Setting next_dagrun for oil_price_pipeline_dag to None, run_after=None
[2026-09-08T07:02:40.316+0000] {processor.py:208} INFO - Processing /opt/airflow/dags/ml_03_oil_pipeline.py took 0.627 seconds
[2026-09-08T07:03:11.151+0000] {processor.py:186} INFO - Started process (PID=802) to work on /opt/airflow/dags/ml_03_oil_pipeline.py
[2026-09-08T07:03:11.152+0000] {processor.py:914} INFO - Processing file /opt/airflow/dags/ml_03_oil_pipeline.py for tasks to queue
[2026-09-08T07:03:11.154+0000] {logging_mixin.py:190} INFO - [2026-09-08T07:03:11.154+0000] {dagbag.py:588} INFO - Filling up the DagBag from /opt/airflow/dags/ml_03_oil_pipeline.py
[2026-09-08T07:03:11.638+0000] {processor.py:925} INFO - DAG(s) 'oil_price_pipeline_dag' retrieved from /opt/airflow/dags/ml_03_oil_pipeline.py
[2026-09-08T07:03:11.667+0000] {logging_mixin.py:190} INFO - [2026-09-08T07:03:11.667+0000] {dag.py:3239} INFO - Sync 1 DAGs
[2026-09-08T07:03:11.681+0000] {logging_mixin.py:190} INFO - [2026-09-08T07:03:11.680+0000] {dag.py:4180} INFO - Setting next_dagrun for oil_price_pipeline_dag to None, run_after=None
[2026-09-08T07:03:11.699+0000] {processor.py:208} INFO - Processing /opt/airflow/dags/ml_03_oil_pipeline.py took 0.556 seconds
[2026-09-08T07:03:42.419+0000] {processor.py:186} INFO - Started process (PID=816) to work on /opt/airflow/dags/ml_03_oil_pipeline.py
[2026-09-08T07:03:42.420+0000] {processor.py:914} INFO - Processing file /opt/airflow/dags/ml_03_oil_pipeline.py for tasks to queue
[2026-09-08T07:03:42.422+0000] {logging_mixin.py:190} INFO - [2026-09-08T07:03:42.422+0000] {dagbag.py:588} INFO - Filling up the DagBag from /opt/airflow/dags/ml_03_oil_pipeline.py
[2026-09-08T07:03:42.902+0000] {processor.py:925} INFO - DAG(s) 'oil_price_pipeline_dag' retrieved from /opt/airflow/dags/ml_03_oil_pipeline.py
[2026-09-08T07:03:42.932+0000] {logging_mixin.py:190} INFO - [2026-09-08T07:03:42.932+0000] {dag.py:3239} INFO - Sync 1 DAGs
[2026-09-08T07:03:42.945+0000] {logging_mixin.py:190} INFO - [2026-09-08T07:03:42.945+0000] {dag.py:4180} INFO - Setting next_dagrun for oil_price_pipeline_dag to None, run_after=None
[2026-09-08T07:03:42.966+0000] {processor.py:208} INFO - Processing /opt/airflow/dags/ml_03_oil_pipeline.py took 0.553 seconds
[2026-09-08T07:04:13.679+0000] {processor.py:186} INFO - Started process (PID=830) to work on /opt/airflow/dags/ml_03_oil_pipeline.py
[2026-09-08T07:04:13.680+0000] {processor.py:914} INFO - Processing file /opt/airflow/dags/ml_03_oil_pipeline.py for tasks to queue
[2026-09-08T07:04:13.682+0000] {logging_mixin.py:190} INFO - [2026-09-08T07:04:13.681+0000] {dagbag.py:588} INFO - Filling up the DagBag from /opt/airflow/dags/ml_03_oil_pipeline.py
[2026-09-08T07:04:14.250+0000] {processor.py:925} INFO - DAG(s) 'oil_price_pipeline_dag' retrieved from /opt/airflow/dags/ml_03_oil_pipeline.py
[2026-09-08T07:04:14.280+0000] {logging_mixin.py:190} INFO - [2026-09-08T07:04:14.279+0000] {dag.py:3239} INFO - Sync 1 DAGs
[2026-09-08T07:04:14.292+0000] {logging_mixin.py:190} INFO - [2026-09-08T07:04:14.292+0000] {dag.py:4180} INFO - Setting next_dagrun for oil_price_pipeline_dag to None, run_after=None
[2026-09-08T07:04:14.310+0000] {processor.py:208} INFO - Processing /opt/airflow/dags/ml_03_oil_pipeline.py took 0.638 seconds
[2026-09-08T07:04:45.067+0000] {processor.py:186} INFO - Started process (PID=851) to work on /opt/airflow/dags/ml_03_oil_pipeline.py
[2026-09-08T07:04:45.068+0000] {processor.py:914} INFO - Processing file /opt/airflow/dags/ml_03_oil_pipeline.py for tasks to queue
[2026-09-08T07:04:45.070+0000] {logging_mixin.py:190} INFO - [2026-09-08T07:04:45.070+0000] {dagbag.py:588} INFO - Filling up the DagBag from /opt/airflow/dags/ml_03_oil_pipeline.py
[2026-09-08T07:04:45.863+0000] {processor.py:925} INFO - DAG(s) 'oil_price_pipeline_dag' retrieved from /opt/airflow/dags/ml_03_oil_pipeline.py
[2026-09-08T07:04:45.892+0000] {logging_mixin.py:190} INFO - [2026-09-08T07:04:45.891+0000] {dag.py:3239} INFO - Sync 1 DAGs
[2026-09-08T07:04:45.905+0000] {logging_mixin.py:190} INFO - [2026-09-08T07:04:45.904+0000] {dag.py:4180} INFO - Setting next_dagrun for oil_price_pipeline_dag to None, run_after=None
[2026-09-08T07:04:45.924+0000] {processor.py:208} INFO - Processing /opt/airflow/dags/ml_03_oil_pipeline.py took 0.864 seconds
[2026-09-08T07:05:16.644+0000] {processor.py:186} INFO - Started process (PID=865) to work on /opt/airflow/dags/ml_03_oil_pipeline.py
[2026-09-08T07:05:16.645+0000] {processor.py:914} INFO - Processing file /opt/airflow/dags/ml_03_oil_pipeline.py for tasks to queue
[2026-09-08T07:05:16.647+0000] {logging_mixin.py:190} INFO - [2026-09-08T07:05:16.647+0000] {dagbag.py:588} INFO - Filling up the DagBag from /opt/airflow/dags/ml_03_oil_pipeline.py
[2026-09-08T07:05:17.175+0000] {processor.py:925} INFO - DAG(s) 'oil_price_pipeline_dag' retrieved from /opt/airflow/dags/ml_03_oil_pipeline.py
[2026-09-08T07:05:17.204+0000] {logging_mixin.py:190} INFO - [2026-09-08T07:05:17.204+0000] {dag.py:3239} INFO - Sync 1 DAGs
[2026-09-08T07:05:17.217+0000] {logging_mixin.py:190} INFO - [2026-09-08T07:05:17.217+0000] {dag.py:4180} INFO - Setting next_dagrun for oil_price_pipeline_dag to None, run_after=None
[2026-09-08T07:05:17.236+0000] {processor.py:208} INFO - Processing /opt/airflow/dags/ml_03_oil_pipeline.py took 0.599 seconds
[2026-09-08T07:05:47.535+0000] {processor.py:186} INFO - Started process (PID=879) to work on /opt/airflow/dags/ml_03_oil_pipeline.py
[2026-09-08T07:05:47.554+0000] {processor.py:914} INFO - Processing file /opt/airflow/dags/ml_03_oil_pipeline.py for tasks to queue
[2026-09-08T07:05:47.556+0000] {logging_mixin.py:190} INFO - [2026-09-08T07:05:47.555+0000] {dagbag.py:588} INFO - Filling up the DagBag from /opt/airflow/dags/ml_03_oil_pipeline.py
[2026-09-08T07:05:48.211+0000] {processor.py:925} INFO - DAG(s) 'oil_price_pipeline_dag' retrieved from /opt/airflow/dags/ml_03_oil_pipeline.py
[2026-09-08T07:05:48.253+0000] {logging_mixin.py:190} INFO - [2026-09-08T07:05:48.253+0000] {dag.py:3239} INFO - Sync 1 DAGs
[2026-09-08T07:05:48.267+0000] {logging_mixin.py:190} INFO - [2026-09-08T07:05:48.267+0000] {dag.py:4180} INFO - Setting next_dagrun for oil_price_pipeline_dag to None, run_after=None
[2026-09-08T07:05:48.285+0000] {processor.py:208} INFO - Processing /opt/airflow/dags/ml_03_oil_pipeline.py took 0.759 seconds
[2026-09-08T07:06:18.850+0000] {processor.py:186} INFO - Started process (PID=894) to work on /opt/airflow/dags/ml_03_oil_pipeline.py
[2026-09-08T07:06:18.851+0000] {processor.py:914} INFO - Processing file /opt/airflow/dags/ml_03_oil_pipeline.py for tasks to queue
[2026-09-08T07:06:18.853+0000] {logging_mixin.py:190} INFO - [2026-09-08T07:06:18.853+0000] {dagbag.py:588} INFO - Filling up the DagBag from /opt/airflow/dags/ml_03_oil_pipeline.py
[2026-09-08T07:06:19.388+0000] {processor.py:925} INFO - DAG(s) 'oil_price_pipeline_dag' retrieved from /opt/airflow/dags/ml_03_oil_pipeline.py
[2026-09-08T07:06:19.419+0000] {logging_mixin.py:190} INFO - [2026-09-08T07:06:19.418+0000] {dag.py:3239} INFO - Sync 1 DAGs
[2026-09-08T07:06:19.432+0000] {logging_mixin.py:190} INFO - [2026-09-08T07:06:19.432+0000] {dag.py:4180} INFO - Setting next_dagrun for oil_price_pipeline_dag to None, run_after=None
[2026-09-08T07:06:19.454+0000] {processor.py:208} INFO - Processing /opt/airflow/dags/ml_03_oil_pipeline.py took 0.611 seconds
[2026-09-08T07:06:49.642+0000] {processor.py:186} INFO - Started process (PID=908) to work on /opt/airflow/dags/ml_03_oil_pipeline.py
[2026-09-08T07:06:49.643+0000] {processor.py:914} INFO - Processing file /opt/airflow/dags/ml_03_oil_pipeline.py for tasks to queue
[2026-09-08T07:06:49.645+0000] {logging_mixin.py:190} INFO - [2026-09-08T07:06:49.645+0000] {dagbag.py:588} INFO - Filling up the DagBag from /opt/airflow/dags/ml_03_oil_pipeline.py
[2026-09-08T07:06:50.163+0000] {processor.py:925} INFO - DAG(s) 'oil_price_pipeline_dag' retrieved from /opt/airflow/dags/ml_03_oil_pipeline.py
[2026-09-08T07:06:50.194+0000] {logging_mixin.py:190} INFO - [2026-09-08T07:06:50.194+0000] {dag.py:3239} INFO - Sync 1 DAGs
[2026-09-08T07:06:50.207+0000] {logging_mixin.py:190} INFO - [2026-09-08T07:06:50.207+0000] {dag.py:4180} INFO - Setting next_dagrun for oil_price_pipeline_dag to None, run_after=None
[2026-09-08T07:06:50.226+0000] {processor.py:208} INFO - Processing /opt/airflow/dags/ml_03_oil_pipeline.py took 0.590 seconds
[2026-09-08T07:07:21.010+0000] {processor.py:186} INFO - Started process (PID=922) to work on /opt/airflow/dags/ml_03_oil_pipeline.py
[2026-09-08T07:07:21.011+0000] {processor.py:914} INFO - Processing file /opt/airflow/dags/ml_03_oil_pipeline.py for tasks to queue
[2026-09-08T07:07:21.013+0000] {logging_mixin.py:190} INFO - [2026-09-08T07:07:21.012+0000] {dagbag.py:588} INFO - Filling up the DagBag from /opt/airflow/dags/ml_03_oil_pipeline.py
[2026-09-08T07:07:21.503+0000] {processor.py:925} INFO - DAG(s) 'oil_price_pipeline_dag' retrieved from /opt/airflow/dags/ml_03_oil_pipeline.py
[2026-09-08T07:07:21.532+0000] {logging_mixin.py:190} INFO - [2026-09-08T07:07:21.532+0000] {dag.py:3239} INFO - Sync 1 DAGs
[2026-09-08T07:07:21.545+0000] {logging_mixin.py:190} INFO - [2026-09-08T07:07:21.545+0000] {dag.py:4180} INFO - Setting next_dagrun for oil_price_pipeline_dag to None, run_after=None
[2026-09-08T07:07:21.565+0000] {processor.py:208} INFO - Processing /opt/airflow/dags/ml_03_oil_pipeline.py took 0.562 seconds
[2026-09-08T07:07:51.794+0000] {processor.py:186} INFO - Started process (PID=936) to work on /opt/airflow/dags/ml_03_oil_pipeline.py
[2026-09-08T07:07:51.795+0000] {processor.py:914} INFO - Processing file /opt/airflow/dags/ml_03_oil_pipeline.py for tasks to queue
[2026-09-08T07:07:51.797+0000] {logging_mixin.py:190} INFO - [2026-09-08T07:07:51.797+0000] {dagbag.py:588} INFO - Filling up the DagBag from /opt/airflow/dags/ml_03_oil_pipeline.py
[2026-09-08T07:07:52.355+0000] {processor.py:925} INFO - DAG(s) 'oil_price_pipeline_dag' retrieved from /opt/airflow/dags/ml_03_oil_pipeline.py
[2026-09-08T07:07:52.391+0000] {logging_mixin.py:190} INFO - [2026-09-08T07:07:52.391+0000] {dag.py:3239} INFO - Sync 1 DAGs
[2026-09-08T07:07:52.406+0000] {logging_mixin.py:190} INFO - [2026-09-08T07:07:52.406+0000] {dag.py:4180} INFO - Setting next_dagrun for oil_price_pipeline_dag to None, run_after=None
[2026-09-08T07:07:52.440+0000] {processor.py:208} INFO - Processing /opt/airflow/dags/ml_03_oil_pipeline.py took 0.654 seconds
[2026-09-08T07:08:22.586+0000] {processor.py:186} INFO - Started process (PID=950) to work on /opt/airflow/dags/ml_03_oil_pipeline.py
[2026-09-08T07:08:22.587+0000] {processor.py:914} INFO - Processing file /opt/airflow/dags/ml_03_oil_pipeline.py for tasks to queue
[2026-09-08T07:08:22.589+0000] {logging_mixin.py:190} INFO - [2026-09-08T07:08:22.588+0000] {dagbag.py:588} INFO - Filling up the DagBag from /opt/airflow/dags/ml_03_oil_pipeline.py
[2026-09-08T07:08:23.358+0000] {processor.py:925} INFO - DAG(s) 'oil_price_pipeline_dag' retrieved from /opt/airflow/dags/ml_03_oil_pipeline.py
[2026-09-08T07:08:23.389+0000] {logging_mixin.py:190} INFO - [2026-09-08T07:08:23.389+0000] {dag.py:3239} INFO - Sync 1 DAGs
[2026-09-08T07:08:23.402+0000] {logging_mixin.py:190} INFO - [2026-09-08T07:08:23.402+0000] {dag.py:4180} INFO - Setting next_dagrun for oil_price_pipeline_dag to None, run_after=None
[2026-09-08T07:08:23.422+0000] {processor.py:208} INFO - Processing /opt/airflow/dags/ml_03_oil_pipeline.py took 0.843 seconds
[2026-09-08T07:08:54.155+0000] {processor.py:186} INFO - Started process (PID=964) to work on /opt/airflow/dags/ml_03_oil_pipeline.py
[2026-09-08T07:08:54.156+0000] {processor.py:914} INFO - Processing file /opt/airflow/dags/ml_03_oil_pipeline.py for tasks to queue
[2026-09-08T07:08:54.159+0000] {logging_mixin.py:190} INFO - [2026-09-08T07:08:54.158+0000] {dagbag.py:588} INFO - Filling up the DagBag from /opt/airflow/dags/ml_03_oil_pipeline.py
[2026-09-08T07:08:54.668+0000] {processor.py:925} INFO - DAG(s) 'oil_price_pipeline_dag' retrieved from /opt/airflow/dags/ml_03_oil_pipeline.py
[2026-09-08T07:08:54.698+0000] {logging_mixin.py:190} INFO - [2026-09-08T07:08:54.697+0000] {dag.py:3239} INFO - Sync 1 DAGs
[2026-09-08T07:08:54.711+0000] {logging_mixin.py:190} INFO - [2026-09-08T07:08:54.711+0000] {dag.py:4180} INFO - Setting next_dagrun for oil_price_pipeline_dag to None, run_after=None
[2026-09-08T07:08:54.730+0000] {processor.py:208} INFO - Processing /opt/airflow/dags/ml_03_oil_pipeline.py took 0.586 seconds
[2026-09-08T07:09:25.323+0000] {processor.py:186} INFO - Started process (PID=978) to work on /opt/airflow/dags/ml_03_oil_pipeline.py
[2026-09-08T07:09:25.324+0000] {processor.py:914} INFO - Processing file /opt/airflow/dags/ml_03_oil_pipeline.py for tasks to queue
[2026-09-08T07:09:25.327+0000] {logging_mixin.py:190} INFO - [2026-09-08T07:09:25.326+0000] {dagbag.py:588} INFO - Filling up the DagBag from /opt/airflow/dags/ml_03_oil_pipeline.py
[2026-09-08T07:09:25.835+0000] {processor.py:925} INFO - DAG(s) 'oil_price_pipeline_dag' retrieved from /opt/airflow/dags/ml_03_oil_pipeline.py
[2026-09-08T07:09:25.864+0000] {logging_mixin.py:190} INFO - [2026-09-08T07:09:25.864+0000] {dag.py:3239} INFO - Sync 1 DAGs
[2026-09-08T07:09:25.876+0000] {logging_mixin.py:190} INFO - [2026-09-08T07:09:25.876+0000] {dag.py:4180} INFO - Setting next_dagrun for oil_price_pipeline_dag to None, run_after=None
[2026-09-08T07:09:25.895+0000] {processor.py:208} INFO - Processing /opt/airflow/dags/ml_03_oil_pipeline.py took 0.581 seconds
[2026-09-08T07:09:56.167+0000] {processor.py:186} INFO - Started process (PID=992) to work on /opt/airflow/dags/ml_03_oil_pipeline.py
[2026-09-08T07:09:56.168+0000] {processor.py:914} INFO - Processing file /opt/airflow/dags/ml_03_oil_pipeline.py for tasks to queue
[2026-09-08T07:09:56.170+0000] {logging_mixin.py:190} INFO - [2026-09-08T07:09:56.170+0000] {dagbag.py:588} INFO - Filling up the DagBag from /opt/airflow/dags/ml_03_oil_pipeline.py
[2026-09-08T07:09:56.799+0000] {processor.py:925} INFO - DAG(s) 'oil_price_pipeline_dag' retrieved from /opt/airflow/dags/ml_03_oil_pipeline.py
[2026-09-08T07:09:56.832+0000] {logging_mixin.py:190} INFO - [2026-09-08T07:09:56.832+0000] {dag.py:3239} INFO - Sync 1 DAGs
[2026-09-08T07:09:56.844+0000] {logging_mixin.py:190} INFO - [2026-09-08T07:09:56.843+0000] {dag.py:4180} INFO - Setting next_dagrun for oil_price_pipeline_dag to None, run_after=None
[2026-09-08T07:09:56.863+0000] {processor.py:208} INFO - Processing /opt/airflow/dags/ml_03_oil_pipeline.py took 0.703 seconds
[2026-09-08T07:10:27.585+0000] {processor.py:186} INFO - Started process (PID=1006) to work on /opt/airflow/dags/ml_03_oil_pipeline.py
[2026-09-08T07:10:27.586+0000] {processor.py:914} INFO - Processing file /opt/airflow/dags/ml_03_oil_pipeline.py for tasks to queue
[2026-09-08T07:10:27.588+0000] {logging_mixin.py:190} INFO - [2026-09-08T07:10:27.588+0000] {dagbag.py:588} INFO - Filling up the DagBag from /opt/airflow/dags/ml_03_oil_pipeline.py
[2026-09-08T07:10:28.194+0000] {processor.py:925} INFO - DAG(s) 'oil_price_pipeline_dag' retrieved from /opt/airflow/dags/ml_03_oil_pipeline.py
[2026-09-08T07:10:28.257+0000] {logging_mixin.py:190} INFO - [2026-09-08T07:10:28.256+0000] {dag.py:3239} INFO - Sync 1 DAGs
[2026-09-08T07:10:28.280+0000] {logging_mixin.py:190} INFO - [2026-09-08T07:10:28.280+0000] {dag.py:4180} INFO - Setting next_dagrun for oil_price_pipeline_dag to None, run_after=None
[2026-09-08T07:10:28.310+0000] {processor.py:208} INFO - Processing /opt/airflow/dags/ml_03_oil_pipeline.py took 0.731 seconds
[2026-09-08T07:10:59.030+0000] {processor.py:186} INFO - Started process (PID=1020) to work on /opt/airflow/dags/ml_03_oil_pipeline.py
[2026-09-08T07:10:59.031+0000] {processor.py:914} INFO - Processing file /opt/airflow/dags/ml_03_oil_pipeline.py for tasks to queue
[2026-09-08T07:10:59.033+0000] {logging_mixin.py:190} INFO - [2026-09-08T07:10:59.032+0000] {dagbag.py:588} INFO - Filling up the DagBag from /opt/airflow/dags/ml_03_oil_pipeline.py
[2026-09-08T07:10:59.640+0000] {processor.py:925} INFO - DAG(s) 'oil_price_pipeline_dag' retrieved from /opt/airflow/dags/ml_03_oil_pipeline.py
[2026-09-08T07:10:59.668+0000] {logging_mixin.py:190} INFO - [2026-09-08T07:10:59.668+0000] {dag.py:3239} INFO - Sync 1 DAGs
[2026-09-08T07:10:59.680+0000] {logging_mixin.py:190} INFO - [2026-09-08T07:10:59.680+0000] {dag.py:4180} INFO - Setting next_dagrun for oil_price_pipeline_dag to None, run_after=None
[2026-09-08T07:10:59.700+0000] {processor.py:208} INFO - Processing /opt/airflow/dags/ml_03_oil_pipeline.py took 0.679 seconds
[2026-09-08T07:11:30.425+0000] {processor.py:186} INFO - Started process (PID=1034) to work on /opt/airflow/dags/ml_03_oil_pipeline.py
[2026-09-08T07:11:30.426+0000] {processor.py:914} INFO - Processing file /opt/airflow/dags/ml_03_oil_pipeline.py for tasks to queue
[2026-09-08T07:11:30.429+0000] {logging_mixin.py:190} INFO - [2026-09-08T07:11:30.428+0000] {dagbag.py:588} INFO - Filling up the DagBag from /opt/airflow/dags/ml_03_oil_pipeline.py
[2026-09-08T07:11:30.959+0000] {processor.py:925} INFO - DAG(s) 'oil_price_pipeline_dag' retrieved from /opt/airflow/dags/ml_03_oil_pipeline.py
[2026-09-08T07:11:30.991+0000] {logging_mixin.py:190} INFO - [2026-09-08T07:11:30.990+0000] {dag.py:3239} INFO - Sync 1 DAGs
[2026-09-08T07:11:31.005+0000] {logging_mixin.py:190} INFO - [2026-09-08T07:11:31.005+0000] {dag.py:4180} INFO - Setting next_dagrun for oil_price_pipeline_dag to None, run_after=None
[2026-09-08T07:11:31.024+0000] {processor.py:208} INFO - Processing /opt/airflow/dags/ml_03_oil_pipeline.py took 0.611 seconds
[2026-09-08T07:12:01.772+0000] {processor.py:186} INFO - Started process (PID=1048) to work on /opt/airflow/dags/ml_03_oil_pipeline.py
[2026-09-08T07:12:01.773+0000] {processor.py:914} INFO - Processing file /opt/airflow/dags/ml_03_oil_pipeline.py for tasks to queue
[2026-09-08T07:12:01.776+0000] {logging_mixin.py:190} INFO - [2026-09-08T07:12:01.775+0000] {dagbag.py:588} INFO - Filling up the DagBag from /opt/airflow/dags/ml_03_oil_pipeline.py
[2026-09-08T07:12:02.275+0000] {processor.py:925} INFO - DAG(s) 'oil_price_pipeline_dag' retrieved from /opt/airflow/dags/ml_03_oil_pipeline.py
[2026-09-08T07:12:02.303+0000] {logging_mixin.py:190} INFO - [2026-09-08T07:12:02.303+0000] {dag.py:3239} INFO - Sync 1 DAGs
[2026-09-08T07:12:02.318+0000] {logging_mixin.py:190} INFO - [2026-09-08T07:12:02.317+0000] {dag.py:4180} INFO - Setting next_dagrun for oil_price_pipeline_dag to None, run_after=None
[2026-09-08T07:12:02.336+0000] {processor.py:208} INFO - Processing /opt/airflow/dags/ml_03_oil_pipeline.py took 0.573 seconds
[2026-09-08T07:12:33.051+0000] {processor.py:186} INFO - Started process (PID=1062) to work on /opt/airflow/dags/ml_03_oil_pipeline.py
[2026-09-08T07:12:33.052+0000] {processor.py:914} INFO - Processing file /opt/airflow/dags/ml_03_oil_pipeline.py for tasks to queue
[2026-09-08T07:12:33.054+0000] {logging_mixin.py:190} INFO - [2026-09-08T07:12:33.054+0000] {dagbag.py:588} INFO - Filling up the DagBag from /opt/airflow/dags/ml_03_oil_pipeline.py
[2026-09-08T07:12:33.618+0000] {processor.py:925} INFO - DAG(s) 'oil_price_pipeline_dag' retrieved from /opt/airflow/dags/ml_03_oil_pipeline.py
[2026-09-08T07:12:33.664+0000] {logging_mixin.py:190} INFO - [2026-09-08T07:12:33.664+0000] {dag.py:3239} INFO - Sync 1 DAGs
[2026-09-08T07:12:33.677+0000] {logging_mixin.py:190} INFO - [2026-09-08T07:12:33.676+0000] {dag.py:4180} INFO - Setting next_dagrun for oil_price_pipeline_dag to None, run_after=None
[2026-09-08T07:12:33.697+0000] {processor.py:208} INFO - Processing /opt/airflow/dags/ml_03_oil_pipeline.py took 0.656 seconds
[2026-09-08T07:13:04.554+0000] {processor.py:186} INFO - Started process (PID=1076) to work on /opt/airflow/dags/ml_03_oil_pipeline.py
[2026-09-08T07:13:04.555+0000] {processor.py:914} INFO - Processing file /opt/airflow/dags/ml_03_oil_pipeline.py for tasks to queue
[2026-09-08T07:13:04.557+0000] {logging_mixin.py:190} INFO - [2026-09-08T07:13:04.557+0000] {dagbag.py:588} INFO - Filling up the DagBag from /opt/airflow/dags/ml_03_oil_pipeline.py
[2026-09-08T07:13:05.045+0000] {processor.py:925} INFO - DAG(s) 'oil_price_pipeline_dag' retrieved from /opt/airflow/dags/ml_03_oil_pipeline.py
[2026-09-08T07:13:05.074+0000] {logging_mixin.py:190} INFO - [2026-09-08T07:13:05.074+0000] {dag.py:3239} INFO - Sync 1 DAGs
[2026-09-08T07:13:05.086+0000] {logging_mixin.py:190} INFO - [2026-09-08T07:13:05.086+0000] {dag.py:4180} INFO - Setting next_dagrun for oil_price_pipeline_dag to None, run_after=None
[2026-09-08T07:13:05.105+0000] {processor.py:208} INFO - Processing /opt/airflow/dags/ml_03_oil_pipeline.py took 0.557 seconds
[2026-09-08T07:13:35.661+0000] {processor.py:186} INFO - Started process (PID=1090) to work on /opt/airflow/dags/ml_03_oil_pipeline.py
[2026-09-08T07:13:35.662+0000] {processor.py:914} INFO - Processing file /opt/airflow/dags/ml_03_oil_pipeline.py for tasks to queue
[2026-09-08T07:13:35.664+0000] {logging_mixin.py:190} INFO - [2026-09-08T07:13:35.663+0000] {dagbag.py:588} INFO - Filling up the DagBag from /opt/airflow/dags/ml_03_oil_pipeline.py
[2026-09-08T07:13:36.143+0000] {processor.py:925} INFO - DAG(s) 'oil_price_pipeline_dag' retrieved from /opt/airflow/dags/ml_03_oil_pipeline.py
[2026-09-08T07:13:36.178+0000] {logging_mixin.py:190} INFO - [2026-09-08T07:13:36.178+0000] {dag.py:3239} INFO - Sync 1 DAGs
[2026-09-08T07:13:36.190+0000] {logging_mixin.py:190} INFO - [2026-09-08T07:13:36.190+0000] {dag.py:4180} INFO - Setting next_dagrun for oil_price_pipeline_dag to None, run_after=None
[2026-09-08T07:13:36.209+0000] {processor.py:208} INFO - Processing /opt/airflow/dags/ml_03_oil_pipeline.py took 0.555 seconds
[2026-09-08T07:14:07.164+0000] {processor.py:186} INFO - Started process (PID=1104) to work on /opt/airflow/dags/ml_03_oil_pipeline.py
[2026-09-08T07:14:07.165+0000] {processor.py:914} INFO - Processing file /opt/airflow/dags/ml_03_oil_pipeline.py for tasks to queue
[2026-09-08T07:14:07.167+0000] {logging_mixin.py:190} INFO - [2026-09-08T07:14:07.166+0000] {dagbag.py:588} INFO - Filling up the DagBag from /opt/airflow/dags/ml_03_oil_pipeline.py
[2026-09-08T07:14:07.652+0000] {processor.py:925} INFO - DAG(s) 'oil_price_pipeline_dag' retrieved from /opt/airflow/dags/ml_03_oil_pipeline.py
[2026-09-08T07:14:07.680+0000] {logging_mixin.py:190} INFO - [2026-09-08T07:14:07.679+0000] {dag.py:3239} INFO - Sync 1 DAGs
[2026-09-08T07:14:07.693+0000] {logging_mixin.py:190} INFO - [2026-09-08T07:14:07.693+0000] {dag.py:4180} INFO - Setting next_dagrun for oil_price_pipeline_dag to None, run_after=None
[2026-09-08T07:14:07.711+0000] {processor.py:208} INFO - Processing /opt/airflow/dags/ml_03_oil_pipeline.py took 0.554 seconds
[2026-09-08T07:14:38.632+0000] {processor.py:186} INFO - Started process (PID=1118) to work on /opt/airflow/dags/ml_03_oil_pipeline.py
[2026-09-08T07:14:38.634+0000] {processor.py:914} INFO - Processing file /opt/airflow/dags/ml_03_oil_pipeline.py for tasks to queue
[2026-09-08T07:14:38.636+0000] {logging_mixin.py:190} INFO - [2026-09-08T07:14:38.635+0000] {dagbag.py:588} INFO - Filling up the DagBag from /opt/airflow/dags/ml_03_oil_pipeline.py
[2026-09-08T07:14:39.130+0000] {processor.py:925} INFO - DAG(s) 'oil_price_pipeline_dag' retrieved from /opt/airflow/dags/ml_03_oil_pipeline.py
[2026-09-08T07:14:39.158+0000] {logging_mixin.py:190} INFO - [2026-09-08T07:14:39.157+0000] {dag.py:3239} INFO - Sync 1 DAGs
[2026-09-08T07:14:39.169+0000] {logging_mixin.py:190} INFO - [2026-09-08T07:14:39.169+0000] {dag.py:4180} INFO - Setting next_dagrun for oil_price_pipeline_dag to None, run_after=None
[2026-09-08T07:14:39.188+0000] {processor.py:208} INFO - Processing /opt/airflow/dags/ml_03_oil_pipeline.py took 0.563 seconds
[2026-09-08T07:15:09.951+0000] {processor.py:186} INFO - Started process (PID=1132) to work on /opt/airflow/dags/ml_03_oil_pipeline.py
[2026-09-08T07:15:09.952+0000] {processor.py:914} INFO - Processing file /opt/airflow/dags/ml_03_oil_pipeline.py for tasks to queue
[2026-09-08T07:15:09.954+0000] {logging_mixin.py:190} INFO - [2026-09-08T07:15:09.953+0000] {dagbag.py:588} INFO - Filling up the DagBag from /opt/airflow/dags/ml_03_oil_pipeline.py
[2026-09-08T07:15:10.486+0000] {processor.py:925} INFO - DAG(s) 'oil_price_pipeline_dag' retrieved from /opt/airflow/dags/ml_03_oil_pipeline.py
[2026-09-08T07:15:10.514+0000] {logging_mixin.py:190} INFO - [2026-09-08T07:15:10.514+0000] {dag.py:3239} INFO - Sync 1 DAGs
[2026-09-08T07:15:10.527+0000] {logging_mixin.py:190} INFO - [2026-09-08T07:15:10.526+0000] {dag.py:4180} INFO - Setting next_dagrun for oil_price_pipeline_dag to None, run_after=None
[2026-09-08T07:15:10.545+0000] {processor.py:208} INFO - Processing /opt/airflow/dags/ml_03_oil_pipeline.py took 0.602 seconds
[2026-09-08T07:15:41.416+0000] {processor.py:186} INFO - Started process (PID=1146) to work on /opt/airflow/dags/ml_03_oil_pipeline.py
[2026-09-08T07:15:41.417+0000] {processor.py:914} INFO - Processing file /opt/airflow/dags/ml_03_oil_pipeline.py for tasks to queue
[2026-09-08T07:15:41.419+0000] {logging_mixin.py:190} INFO - [2026-09-08T07:15:41.418+0000] {dagbag.py:588} INFO - Filling up the DagBag from /opt/airflow/dags/ml_03_oil_pipeline.py
[2026-09-08T07:15:41.960+0000] {processor.py:925} INFO - DAG(s) 'oil_price_pipeline_dag' retrieved from /opt/airflow/dags/ml_03_oil_pipeline.py
[2026-09-08T07:15:41.995+0000] {logging_mixin.py:190} INFO - [2026-09-08T07:15:41.994+0000] {dag.py:3239} INFO - Sync 1 DAGs
[2026-09-08T07:15:42.009+0000] {logging_mixin.py:190} INFO - [2026-09-08T07:15:42.009+0000] {dag.py:4180} INFO - Setting next_dagrun for oil_price_pipeline_dag to None, run_after=None
[2026-09-08T07:15:42.032+0000] {processor.py:208} INFO - Processing /opt/airflow/dags/ml_03_oil_pipeline.py took 0.624 seconds
[2026-09-08T07:16:12.837+0000] {processor.py:186} INFO - Started process (PID=1160) to work on /opt/airflow/dags/ml_03_oil_pipeline.py
[2026-09-08T07:16:12.838+0000] {processor.py:914} INFO - Processing file /opt/airflow/dags/ml_03_oil_pipeline.py for tasks to queue
[2026-09-08T07:16:12.840+0000] {logging_mixin.py:190} INFO - [2026-09-08T07:16:12.839+0000] {dagbag.py:588} INFO - Filling up the DagBag from /opt/airflow/dags/ml_03_oil_pipeline.py
[2026-09-08T07:16:13.320+0000] {processor.py:925} INFO - DAG(s) 'oil_price_pipeline_dag' retrieved from /opt/airflow/dags/ml_03_oil_pipeline.py
[2026-09-08T07:16:13.350+0000] {logging_mixin.py:190} INFO - [2026-09-08T07:16:13.350+0000] {dag.py:3239} INFO - Sync 1 DAGs
[2026-09-08T07:16:13.369+0000] {logging_mixin.py:190} INFO - [2026-09-08T07:16:13.368+0000] {dag.py:4180} INFO - Setting next_dagrun for oil_price_pipeline_dag to None, run_after=None
[2026-09-08T07:16:13.389+0000] {processor.py:208} INFO - Processing /opt/airflow/dags/ml_03_oil_pipeline.py took 0.559 seconds
[2026-09-08T07:16:44.094+0000] {processor.py:186} INFO - Started process (PID=1174) to work on /opt/airflow/dags/ml_03_oil_pipeline.py
[2026-09-08T07:16:44.095+0000] {processor.py:914} INFO - Processing file /opt/airflow/dags/ml_03_oil_pipeline.py for tasks to queue
[2026-09-08T07:16:44.097+0000] {logging_mixin.py:190} INFO - [2026-09-08T07:16:44.097+0000] {dagbag.py:588} INFO - Filling up the DagBag from /opt/airflow/dags/ml_03_oil_pipeline.py
[2026-09-08T07:16:44.593+0000] {processor.py:925} INFO - DAG(s) 'oil_price_pipeline_dag' retrieved from /opt/airflow/dags/ml_03_oil_pipeline.py
[2026-09-08T07:16:44.622+0000] {logging_mixin.py:190} INFO - [2026-09-08T07:16:44.622+0000] {dag.py:3239} INFO - Sync 1 DAGs
[2026-09-08T07:16:44.634+0000] {logging_mixin.py:190} INFO - [2026-09-08T07:16:44.634+0000] {dag.py:4180} INFO - Setting next_dagrun for oil_price_pipeline_dag to None, run_after=None
[2026-09-08T07:16:44.653+0000] {processor.py:208} INFO - Processing /opt/airflow/dags/ml_03_oil_pipeline.py took 0.566 seconds
[2026-09-08T07:17:15.492+0000] {processor.py:186} INFO - Started process (PID=1188) to work on /opt/airflow/dags/ml_03_oil_pipeline.py
[2026-09-08T07:17:15.493+0000] {processor.py:914} INFO - Processing file /opt/airflow/dags/ml_03_oil_pipeline.py for tasks to queue
[2026-09-08T07:17:15.495+0000] {logging_mixin.py:190} INFO - [2026-09-08T07:17:15.494+0000] {dagbag.py:588} INFO - Filling up the DagBag from /opt/airflow/dags/ml_03_oil_pipeline.py
[2026-09-08T07:17:15.975+0000] {processor.py:925} INFO - DAG(s) 'oil_price_pipeline_dag' retrieved from /opt/airflow/dags/ml_03_oil_pipeline.py
[2026-09-08T07:17:16.004+0000] {logging_mixin.py:190} INFO - [2026-09-08T07:17:16.003+0000] {dag.py:3239} INFO - Sync 1 DAGs
[2026-09-08T07:17:16.016+0000] {logging_mixin.py:190} INFO - [2026-09-08T07:17:16.016+0000] {dag.py:4180} INFO - Setting next_dagrun for oil_price_pipeline_dag to None, run_after=None
[2026-09-08T07:17:16.036+0000] {processor.py:208} INFO - Processing /opt/airflow/dags/ml_03_oil_pipeline.py took 0.550 seconds
[2026-09-08T07:17:46.980+0000] {processor.py:186} INFO - Started process (PID=1208) to work on /opt/airflow/dags/ml_03_oil_pipeline.py
[2026-09-08T07:17:46.981+0000] {processor.py:914} INFO - Processing file /opt/airflow/dags/ml_03_oil_pipeline.py for tasks to queue
[2026-09-08T07:17:46.983+0000] {logging_mixin.py:190} INFO - [2026-09-08T07:17:46.983+0000] {dagbag.py:588} INFO - Filling up the DagBag from /opt/airflow/dags/ml_03_oil_pipeline.py
[2026-09-08T07:17:47.510+0000] {processor.py:925} INFO - DAG(s) 'oil_price_pipeline_dag' retrieved from /opt/airflow/dags/ml_03_oil_pipeline.py
[2026-09-08T07:17:47.538+0000] {logging_mixin.py:190} INFO - [2026-09-08T07:17:47.538+0000] {dag.py:3239} INFO - Sync 1 DAGs
[2026-09-08T07:17:47.551+0000] {logging_mixin.py:190} INFO - [2026-09-08T07:17:47.551+0000] {dag.py:4180} INFO - Setting next_dagrun for oil_price_pipeline_dag to None, run_after=None
[2026-09-08T07:17:47.575+0000] {processor.py:208} INFO - Processing /opt/airflow/dags/ml_03_oil_pipeline.py took 0.603 seconds
[2026-09-08T07:18:18.439+0000] {processor.py:186} INFO - Started process (PID=1222) to work on /opt/airflow/dags/ml_03_oil_pipeline.py
[2026-09-08T07:18:18.440+0000] {processor.py:914} INFO - Processing file /opt/airflow/dags/ml_03_oil_pipeline.py for tasks to queue
[2026-09-08T07:18:18.442+0000] {logging_mixin.py:190} INFO - [2026-09-08T07:18:18.442+0000] {dagbag.py:588} INFO - Filling up the DagBag from /opt/airflow/dags/ml_03_oil_pipeline.py
[2026-09-08T07:18:19.043+0000] {processor.py:925} INFO - DAG(s) 'oil_price_pipeline_dag' retrieved from /opt/airflow/dags/ml_03_oil_pipeline.py
[2026-09-08T07:18:19.075+0000] {logging_mixin.py:190} INFO - [2026-09-08T07:18:19.074+0000] {dag.py:3239} INFO - Sync 1 DAGs
[2026-09-08T07:18:19.093+0000] {logging_mixin.py:190} INFO - [2026-09-08T07:18:19.093+0000] {dag.py:4180} INFO - Setting next_dagrun for oil_price_pipeline_dag to None, run_after=None
[2026-09-08T07:18:19.116+0000] {processor.py:208} INFO - Processing /opt/airflow/dags/ml_03_oil_pipeline.py took 0.685 seconds
[2026-09-08T07:18:49.843+0000] {processor.py:186} INFO - Started process (PID=1238) to work on /opt/airflow/dags/ml_03_oil_pipeline.py
[2026-09-08T07:18:49.844+0000] {processor.py:914} INFO - Processing file /opt/airflow/dags/ml_03_oil_pipeline.py for tasks to queue
[2026-09-08T07:18:49.847+0000] {logging_mixin.py:190} INFO - [2026-09-08T07:18:49.846+0000] {dagbag.py:588} INFO - Filling up the DagBag from /opt/airflow/dags/ml_03_oil_pipeline.py
[2026-09-08T07:18:50.423+0000] {processor.py:925} INFO - DAG(s) 'oil_price_pipeline_dag' retrieved from /opt/airflow/dags/ml_03_oil_pipeline.py
[2026-09-08T07:18:50.451+0000] {logging_mixin.py:190} INFO - [2026-09-08T07:18:50.450+0000] {dag.py:3239} INFO - Sync 1 DAGs
[2026-09-08T07:18:50.465+0000] {logging_mixin.py:190} INFO - [2026-09-08T07:18:50.464+0000] {dag.py:4180} INFO - Setting next_dagrun for oil_price_pipeline_dag to None, run_after=None
[2026-09-08T07:18:50.487+0000] {processor.py:208} INFO - Processing /opt/airflow/dags/ml_03_oil_pipeline.py took 0.654 seconds
[2026-09-08T07:19:21.221+0000] {processor.py:186} INFO - Started process (PID=1253) to work on /opt/airflow/dags/ml_03_oil_pipeline.py
[2026-09-08T07:19:21.223+0000] {processor.py:914} INFO - Processing file /opt/airflow/dags/ml_03_oil_pipeline.py for tasks to queue
[2026-09-08T07:19:21.225+0000] {logging_mixin.py:190} INFO - [2026-09-08T07:19:21.224+0000] {dagbag.py:588} INFO - Filling up the DagBag from /opt/airflow/dags/ml_03_oil_pipeline.py
[2026-09-08T07:19:21.731+0000] {processor.py:925} INFO - DAG(s) 'oil_price_pipeline_dag' retrieved from /opt/airflow/dags/ml_03_oil_pipeline.py
[2026-09-08T07:19:21.759+0000] {logging_mixin.py:190} INFO - [2026-09-08T07:19:21.758+0000] {dag.py:3239} INFO - Sync 1 DAGs
[2026-09-08T07:19:21.771+0000] {logging_mixin.py:190} INFO - [2026-09-08T07:19:21.770+0000] {dag.py:4180} INFO - Setting next_dagrun for oil_price_pipeline_dag to None, run_after=None
[2026-09-08T07:19:21.789+0000] {processor.py:208} INFO - Processing /opt/airflow/dags/ml_03_oil_pipeline.py took 0.575 seconds
[2026-09-08T07:19:52.475+0000] {processor.py:186} INFO - Started process (PID=1267) to work on /opt/airflow/dags/ml_03_oil_pipeline.py
[2026-09-08T07:19:52.476+0000] {processor.py:914} INFO - Processing file /opt/airflow/dags/ml_03_oil_pipeline.py for tasks to queue
[2026-09-08T07:19:52.478+0000] {logging_mixin.py:190} INFO - [2026-09-08T07:19:52.478+0000] {dagbag.py:588} INFO - Filling up the DagBag from /opt/airflow/dags/ml_03_oil_pipeline.py
[2026-09-08T07:19:52.963+0000] {processor.py:925} INFO - DAG(s) 'oil_price_pipeline_dag' retrieved from /opt/airflow/dags/ml_03_oil_pipeline.py
[2026-09-08T07:19:52.992+0000] {logging_mixin.py:190} INFO - [2026-09-08T07:19:52.991+0000] {dag.py:3239} INFO - Sync 1 DAGs
[2026-09-08T07:19:53.005+0000] {logging_mixin.py:190} INFO - [2026-09-08T07:19:53.005+0000] {dag.py:4180} INFO - Setting next_dagrun for oil_price_pipeline_dag to None, run_after=None
[2026-09-08T07:19:53.023+0000] {processor.py:208} INFO - Processing /opt/airflow/dags/ml_03_oil_pipeline.py took 0.554 seconds
[2026-09-08T07:20:23.361+0000] {processor.py:186} INFO - Started process (PID=1281) to work on /opt/airflow/dags/ml_03_oil_pipeline.py
[2026-09-08T07:20:23.362+0000] {processor.py:914} INFO - Processing file /opt/airflow/dags/ml_03_oil_pipeline.py for tasks to queue
[2026-09-08T07:20:23.364+0000] {logging_mixin.py:190} INFO - [2026-09-08T07:20:23.363+0000] {dagbag.py:588} INFO - Filling up the DagBag from /opt/airflow/dags/ml_03_oil_pipeline.py
[2026-09-08T07:20:23.830+0000] {processor.py:925} INFO - DAG(s) 'oil_price_pipeline_dag' retrieved from /opt/airflow/dags/ml_03_oil_pipeline.py
[2026-09-08T07:20:23.861+0000] {logging_mixin.py:190} INFO - [2026-09-08T07:20:23.861+0000] {dag.py:3239} INFO - Sync 1 DAGs
[2026-09-08T07:20:23.873+0000] {logging_mixin.py:190} INFO - [2026-09-08T07:20:23.873+0000] {dag.py:4180} INFO - Setting next_dagrun for oil_price_pipeline_dag to None, run_after=None
[2026-09-08T07:20:23.892+0000] {processor.py:208} INFO - Processing /opt/airflow/dags/ml_03_oil_pipeline.py took 0.539 seconds
[2026-09-08T07:20:54.309+0000] {processor.py:186} INFO - Started process (PID=1295) to work on /opt/airflow/dags/ml_03_oil_pipeline.py
[2026-09-08T07:20:54.310+0000] {processor.py:914} INFO - Processing file /opt/airflow/dags/ml_03_oil_pipeline.py for tasks to queue
[2026-09-08T07:20:54.312+0000] {logging_mixin.py:190} INFO - [2026-09-08T07:20:54.312+0000] {dagbag.py:588} INFO - Filling up the DagBag from /opt/airflow/dags/ml_03_oil_pipeline.py
[2026-09-08T07:20:54.624+0000] {processor.py:925} INFO - DAG(s) 'oil_price_pipeline_dag' retrieved from /opt/airflow/dags/ml_03_oil_pipeline.py
[2026-09-08T07:20:54.658+0000] {logging_mixin.py:190} INFO - [2026-09-08T07:20:54.658+0000] {dag.py:3239} INFO - Sync 1 DAGs
[2026-09-08T07:20:54.673+0000] {logging_mixin.py:190} INFO - [2026-09-08T07:20:54.673+0000] {dag.py:4180} INFO - Setting next_dagrun for oil_price_pipeline_dag to None, run_after=None
[2026-09-08T07:20:54.696+0000] {processor.py:208} INFO - Processing /opt/airflow/dags/ml_03_oil_pipeline.py took 0.393 seconds
[2026-09-08T07:21:25.438+0000] {processor.py:186} INFO - Started process (PID=1309) to work on /opt/airflow/dags/ml_03_oil_pipeline.py
[2026-09-08T07:21:25.439+0000] {processor.py:914} INFO - Processing file /opt/airflow/dags/ml_03_oil_pipeline.py for tasks to queue
[2026-09-08T07:21:25.441+0000] {logging_mixin.py:190} INFO - [2026-09-08T07:21:25.441+0000] {dagbag.py:588} INFO - Filling up the DagBag from /opt/airflow/dags/ml_03_oil_pipeline.py
[2026-09-08T07:21:25.752+0000] {processor.py:925} INFO - DAG(s) 'oil_price_pipeline_dag' retrieved from /opt/airflow/dags/ml_03_oil_pipeline.py
[2026-09-08T07:21:25.785+0000] {logging_mixin.py:190} INFO - [2026-09-08T07:21:25.785+0000] {dag.py:3239} INFO - Sync 1 DAGs
[2026-09-08T07:21:25.800+0000] {logging_mixin.py:190} INFO - [2026-09-08T07:21:25.800+0000] {dag.py:4180} INFO - Setting next_dagrun for oil_price_pipeline_dag to None, run_after=None
[2026-09-08T07:21:25.820+0000] {processor.py:208} INFO - Processing /opt/airflow/dags/ml_03_oil_pipeline.py took 0.389 seconds
[2026-09-08T07:21:56.145+0000] {processor.py:186} INFO - Started process (PID=1323) to work on /opt/airflow/dags/ml_03_oil_pipeline.py
[2026-09-08T07:21:56.146+0000] {processor.py:914} INFO - Processing file /opt/airflow/dags/ml_03_oil_pipeline.py for tasks to queue
[2026-09-08T07:21:56.148+0000] {logging_mixin.py:190} INFO - [2026-09-08T07:21:56.148+0000] {dagbag.py:588} INFO - Filling up the DagBag from /opt/airflow/dags/ml_03_oil_pipeline.py
[2026-09-08T07:21:56.484+0000] {processor.py:925} INFO - DAG(s) 'oil_price_pipeline_dag' retrieved from /opt/airflow/dags/ml_03_oil_pipeline.py
[2026-09-08T07:21:56.518+0000] {logging_mixin.py:190} INFO - [2026-09-08T07:21:56.517+0000] {dag.py:3239} INFO - Sync 1 DAGs
[2026-09-08T07:21:56.533+0000] {logging_mixin.py:190} INFO - [2026-09-08T07:21:56.532+0000] {dag.py:4180} INFO - Setting next_dagrun for oil_price_pipeline_dag to None, run_after=None
[2026-09-08T07:21:56.553+0000] {processor.py:208} INFO - Processing /opt/airflow/dags/ml_03_oil_pipeline.py took 0.414 seconds
[2026-09-08T07:22:26.878+0000] {processor.py:186} INFO - Started process (PID=1337) to work on /opt/airflow/dags/ml_03_oil_pipeline.py
[2026-09-08T07:22:26.879+0000] {processor.py:914} INFO - Processing file /opt/airflow/dags/ml_03_oil_pipeline.py for tasks to queue
[2026-09-08T07:22:26.882+0000] {logging_mixin.py:190} INFO - [2026-09-08T07:22:26.881+0000] {dagbag.py:588} INFO - Filling up the DagBag from /opt/airflow/dags/ml_03_oil_pipeline.py
[2026-09-08T07:22:27.239+0000] {processor.py:925} INFO - DAG(s) 'oil_price_pipeline_dag' retrieved from /opt/airflow/dags/ml_03_oil_pipeline.py
[2026-09-08T07:22:27.271+0000] {logging_mixin.py:190} INFO - [2026-09-08T07:22:27.271+0000] {dag.py:3239} INFO - Sync 1 DAGs
[2026-09-08T07:22:27.287+0000] {logging_mixin.py:190} INFO - [2026-09-08T07:22:27.286+0000] {dag.py:4180} INFO - Setting next_dagrun for oil_price_pipeline_dag to None, run_after=None
[2026-09-08T07:22:27.310+0000] {processor.py:208} INFO - Processing /opt/airflow/dags/ml_03_oil_pipeline.py took 0.440 seconds
[2026-09-08T07:22:58.154+0000] {processor.py:186} INFO - Started process (PID=1351) to work on /opt/airflow/dags/ml_03_oil_pipeline.py
[2026-09-08T07:22:58.156+0000] {processor.py:914} INFO - Processing file /opt/airflow/dags/ml_03_oil_pipeline.py for tasks to queue
[2026-09-08T07:22:58.160+0000] {logging_mixin.py:190} INFO - [2026-09-08T07:22:58.159+0000] {dagbag.py:588} INFO - Filling up the DagBag from /opt/airflow/dags/ml_03_oil_pipeline.py
[2026-09-08T07:22:58.577+0000] {processor.py:925} INFO - DAG(s) 'oil_price_pipeline_dag' retrieved from /opt/airflow/dags/ml_03_oil_pipeline.py
[2026-09-08T07:22:58.614+0000] {logging_mixin.py:190} INFO - [2026-09-08T07:22:58.614+0000] {dag.py:3239} INFO - Sync 1 DAGs
[2026-09-08T07:22:58.632+0000] {logging_mixin.py:190} INFO - [2026-09-08T07:22:58.632+0000] {dag.py:4180} INFO - Setting next_dagrun for oil_price_pipeline_dag to None, run_after=None
[2026-09-08T07:22:58.652+0000] {processor.py:208} INFO - Processing /opt/airflow/dags/ml_03_oil_pipeline.py took 0.518 seconds
[2026-09-08T07:23:29.504+0000] {processor.py:186} INFO - Started process (PID=1366) to work on /opt/airflow/dags/ml_03_oil_pipeline.py
[2026-09-08T07:23:29.505+0000] {processor.py:914} INFO - Processing file /opt/airflow/dags/ml_03_oil_pipeline.py for tasks to queue
[2026-09-08T07:23:29.507+0000] {logging_mixin.py:190} INFO - [2026-09-08T07:23:29.506+0000] {dagbag.py:588} INFO - Filling up the DagBag from /opt/airflow/dags/ml_03_oil_pipeline.py
[2026-09-08T07:23:29.815+0000] {processor.py:925} INFO - DAG(s) 'oil_price_pipeline_dag' retrieved from /opt/airflow/dags/ml_03_oil_pipeline.py
[2026-09-08T07:23:29.847+0000] {logging_mixin.py:190} INFO - [2026-09-08T07:23:29.846+0000] {dag.py:3239} INFO - Sync 1 DAGs
[2026-09-08T07:23:29.863+0000] {logging_mixin.py:190} INFO - [2026-09-08T07:23:29.863+0000] {dag.py:4180} INFO - Setting next_dagrun for oil_price_pipeline_dag to None, run_after=None
[2026-09-08T07:23:29.884+0000] {processor.py:208} INFO - Processing /opt/airflow/dags/ml_03_oil_pipeline.py took 0.388 seconds
[2026-09-08T07:24:00.772+0000] {processor.py:186} INFO - Started process (PID=1380) to work on /opt/airflow/dags/ml_03_oil_pipeline.py
[2026-09-08T07:24:00.773+0000] {processor.py:914} INFO - Processing file /opt/airflow/dags/ml_03_oil_pipeline.py for tasks to queue
[2026-09-08T07:24:00.775+0000] {logging_mixin.py:190} INFO - [2026-09-08T07:24:00.774+0000] {dagbag.py:588} INFO - Filling up the DagBag from /opt/airflow/dags/ml_03_oil_pipeline.py
[2026-09-08T07:24:01.096+0000] {processor.py:925} INFO - DAG(s) 'oil_price_pipeline_dag' retrieved from /opt/airflow/dags/ml_03_oil_pipeline.py
[2026-09-08T07:24:01.128+0000] {logging_mixin.py:190} INFO - [2026-09-08T07:24:01.128+0000] {dag.py:3239} INFO - Sync 1 DAGs
[2026-09-08T07:24:01.143+0000] {logging_mixin.py:190} INFO - [2026-09-08T07:24:01.143+0000] {dag.py:4180} INFO - Setting next_dagrun for oil_price_pipeline_dag to None, run_after=None
[2026-09-08T07:24:01.164+0000] {processor.py:208} INFO - Processing /opt/airflow/dags/ml_03_oil_pipeline.py took 0.398 seconds
[2026-09-08T07:24:32.067+0000] {processor.py:186} INFO - Started process (PID=1394) to work on /opt/airflow/dags/ml_03_oil_pipeline.py
[2026-09-08T07:24:32.068+0000] {processor.py:914} INFO - Processing file /opt/airflow/dags/ml_03_oil_pipeline.py for tasks to queue
[2026-09-08T07:24:32.070+0000] {logging_mixin.py:190} INFO - [2026-09-08T07:24:32.070+0000] {dagbag.py:588} INFO - Filling up the DagBag from /opt/airflow/dags/ml_03_oil_pipeline.py
[2026-09-08T07:24:32.394+0000] {processor.py:925} INFO - DAG(s) 'oil_price_pipeline_dag' retrieved from /opt/airflow/dags/ml_03_oil_pipeline.py
[2026-09-08T07:24:32.425+0000] {logging_mixin.py:190} INFO - [2026-09-08T07:24:32.425+0000] {dag.py:3239} INFO - Sync 1 DAGs
[2026-09-08T07:24:32.440+0000] {logging_mixin.py:190} INFO - [2026-09-08T07:24:32.440+0000] {dag.py:4180} INFO - Setting next_dagrun for oil_price_pipeline_dag to None, run_after=None
[2026-09-08T07:24:32.460+0000] {processor.py:208} INFO - Processing /opt/airflow/dags/ml_03_oil_pipeline.py took 0.402 seconds
[2026-09-08T07:25:02.853+0000] {processor.py:186} INFO - Started process (PID=1408) to work on /opt/airflow/dags/ml_03_oil_pipeline.py
[2026-09-08T07:25:02.855+0000] {processor.py:914} INFO - Processing file /opt/airflow/dags/ml_03_oil_pipeline.py for tasks to queue
[2026-09-08T07:25:02.857+0000] {logging_mixin.py:190} INFO - [2026-09-08T07:25:02.857+0000] {dagbag.py:588} INFO - Filling up the DagBag from /opt/airflow/dags/ml_03_oil_pipeline.py
[2026-09-08T07:25:03.224+0000] {processor.py:925} INFO - DAG(s) 'oil_price_pipeline_dag' retrieved from /opt/airflow/dags/ml_03_oil_pipeline.py
[2026-09-08T07:25:03.257+0000] {logging_mixin.py:190} INFO - [2026-09-08T07:25:03.257+0000] {dag.py:3239} INFO - Sync 1 DAGs
[2026-09-08T07:25:03.274+0000] {logging_mixin.py:190} INFO - [2026-09-08T07:25:03.273+0000] {dag.py:4180} INFO - Setting next_dagrun for oil_price_pipeline_dag to None, run_after=None
[2026-09-08T07:25:03.293+0000] {processor.py:208} INFO - Processing /opt/airflow/dags/ml_03_oil_pipeline.py took 0.450 seconds
[2026-09-08T07:25:33.556+0000] {processor.py:186} INFO - Started process (PID=1422) to work on /opt/airflow/dags/ml_03_oil_pipeline.py
[2026-09-08T07:25:33.557+0000] {processor.py:914} INFO - Processing file /opt/airflow/dags/ml_03_oil_pipeline.py for tasks to queue
[2026-09-08T07:25:33.559+0000] {logging_mixin.py:190} INFO - [2026-09-08T07:25:33.559+0000] {dagbag.py:588} INFO - Filling up the DagBag from /opt/airflow/dags/ml_03_oil_pipeline.py
[2026-09-08T07:25:33.881+0000] {processor.py:925} INFO - DAG(s) 'oil_price_pipeline_dag' retrieved from /opt/airflow/dags/ml_03_oil_pipeline.py
[2026-09-08T07:25:33.915+0000] {logging_mixin.py:190} INFO - [2026-09-08T07:25:33.915+0000] {dag.py:3239} INFO - Sync 1 DAGs
[2026-09-08T07:25:33.931+0000] {logging_mixin.py:190} INFO - [2026-09-08T07:25:33.931+0000] {dag.py:4180} INFO - Setting next_dagrun for oil_price_pipeline_dag to None, run_after=None
[2026-09-08T07:25:33.952+0000] {processor.py:208} INFO - Processing /opt/airflow/dags/ml_03_oil_pipeline.py took 0.402 seconds
[2026-09-08T07:26:04.387+0000] {processor.py:186} INFO - Started process (PID=1436) to work on /opt/airflow/dags/ml_03_oil_pipeline.py
[2026-09-08T07:26:04.388+0000] {processor.py:914} INFO - Processing file /opt/airflow/dags/ml_03_oil_pipeline.py for tasks to queue
[2026-09-08T07:26:04.390+0000] {logging_mixin.py:190} INFO - [2026-09-08T07:26:04.389+0000] {dagbag.py:588} INFO - Filling up the DagBag from /opt/airflow/dags/ml_03_oil_pipeline.py
[2026-09-08T07:26:04.723+0000] {processor.py:925} INFO - DAG(s) 'oil_price_pipeline_dag' retrieved from /opt/airflow/dags/ml_03_oil_pipeline.py
[2026-09-08T07:26:04.755+0000] {logging_mixin.py:190} INFO - [2026-09-08T07:26:04.754+0000] {dag.py:3239} INFO - Sync 1 DAGs
[2026-09-08T07:26:04.770+0000] {logging_mixin.py:190} INFO - [2026-09-08T07:26:04.770+0000] {dag.py:4180} INFO - Setting next_dagrun for oil_price_pipeline_dag to None, run_after=None
[2026-09-08T07:26:04.791+0000] {processor.py:208} INFO - Processing /opt/airflow/dags/ml_03_oil_pipeline.py took 0.411 seconds
[2026-09-08T07:26:35.059+0000] {processor.py:186} INFO - Started process (PID=1450) to work on /opt/airflow/dags/ml_03_oil_pipeline.py
[2026-09-08T07:26:35.060+0000] {processor.py:914} INFO - Processing file /opt/airflow/dags/ml_03_oil_pipeline.py for tasks to queue
[2026-09-08T07:26:35.062+0000] {logging_mixin.py:190} INFO - [2026-09-08T07:26:35.062+0000] {dagbag.py:588} INFO - Filling up the DagBag from /opt/airflow/dags/ml_03_oil_pipeline.py
[2026-09-08T07:26:35.397+0000] {processor.py:925} INFO - DAG(s) 'oil_price_pipeline_dag' retrieved from /opt/airflow/dags/ml_03_oil_pipeline.py
[2026-09-08T07:26:35.429+0000] {logging_mixin.py:190} INFO - [2026-09-08T07:26:35.429+0000] {dag.py:3239} INFO - Sync 1 DAGs
[2026-09-08T07:26:35.443+0000] {logging_mixin.py:190} INFO - [2026-09-08T07:26:35.443+0000] {dag.py:4180} INFO - Setting next_dagrun for oil_price_pipeline_dag to None, run_after=None
[2026-09-08T07:26:35.466+0000] {processor.py:208} INFO - Processing /opt/airflow/dags/ml_03_oil_pipeline.py took 0.416 seconds
[2026-09-08T07:27:05.860+0000] {processor.py:186} INFO - Started process (PID=1464) to work on /opt/airflow/dags/ml_03_oil_pipeline.py
[2026-09-08T07:27:05.861+0000] {processor.py:914} INFO - Processing file /opt/airflow/dags/ml_03_oil_pipeline.py for tasks to queue
[2026-09-08T07:27:05.865+0000] {logging_mixin.py:190} INFO - [2026-09-08T07:27:05.864+0000] {dagbag.py:588} INFO - Filling up the DagBag from /opt/airflow/dags/ml_03_oil_pipeline.py
[2026-09-08T07:27:06.269+0000] {processor.py:925} INFO - DAG(s) 'oil_price_pipeline_dag' retrieved from /opt/airflow/dags/ml_03_oil_pipeline.py
[2026-09-08T07:27:06.308+0000] {logging_mixin.py:190} INFO - [2026-09-08T07:27:06.307+0000] {dag.py:3239} INFO - Sync 1 DAGs
[2026-09-08T07:27:06.328+0000] {logging_mixin.py:190} INFO - [2026-09-08T07:27:06.328+0000] {dag.py:4180} INFO - Setting next_dagrun for oil_price_pipeline_dag to None, run_after=None
[2026-09-08T07:27:06.351+0000] {processor.py:208} INFO - Processing /opt/airflow/dags/ml_03_oil_pipeline.py took 0.504 seconds
[2026-09-08T07:27:36.934+0000] {processor.py:186} INFO - Started process (PID=1478) to work on /opt/airflow/dags/ml_03_oil_pipeline.py
[2026-09-08T07:27:36.935+0000] {processor.py:914} INFO - Processing file /opt/airflow/dags/ml_03_oil_pipeline.py for tasks to queue
[2026-09-08T07:27:36.938+0000] {logging_mixin.py:190} INFO - [2026-09-08T07:27:36.938+0000] {dagbag.py:588} INFO - Filling up the DagBag from /opt/airflow/dags/ml_03_oil_pipeline.py
[2026-09-08T07:27:37.296+0000] {processor.py:925} INFO - DAG(s) 'oil_price_pipeline_dag' retrieved from /opt/airflow/dags/ml_03_oil_pipeline.py
[2026-09-08T07:27:37.329+0000] {logging_mixin.py:190} INFO - [2026-09-08T07:27:37.329+0000] {dag.py:3239} INFO - Sync 1 DAGs
[2026-09-08T07:27:37.347+0000] {logging_mixin.py:190} INFO - [2026-09-08T07:27:37.347+0000] {dag.py:4180} INFO - Setting next_dagrun for oil_price_pipeline_dag to None, run_after=None
[2026-09-08T07:27:37.368+0000] {processor.py:208} INFO - Processing /opt/airflow/dags/ml_03_oil_pipeline.py took 0.442 seconds
[2026-09-08T07:28:07.931+0000] {processor.py:186} INFO - Started process (PID=1492) to work on /opt/airflow/dags/ml_03_oil_pipeline.py
[2026-09-08T07:28:07.932+0000] {processor.py:914} INFO - Processing file /opt/airflow/dags/ml_03_oil_pipeline.py for tasks to queue
[2026-09-08T07:28:07.934+0000] {logging_mixin.py:190} INFO - [2026-09-08T07:28:07.933+0000] {dagbag.py:588} INFO - Filling up the DagBag from /opt/airflow/dags/ml_03_oil_pipeline.py
[2026-09-08T07:28:08.412+0000] {processor.py:925} INFO - DAG(s) 'oil_price_pipeline_dag' retrieved from /opt/airflow/dags/ml_03_oil_pipeline.py
[2026-09-08T07:28:08.446+0000] {logging_mixin.py:190} INFO - [2026-09-08T07:28:08.445+0000] {dag.py:3239} INFO - Sync 1 DAGs
[2026-09-08T07:28:08.461+0000] {logging_mixin.py:190} INFO - [2026-09-08T07:28:08.461+0000] {dag.py:4180} INFO - Setting next_dagrun for oil_price_pipeline_dag to None, run_after=None
[2026-09-08T07:28:08.481+0000] {processor.py:208} INFO - Processing /opt/airflow/dags/ml_03_oil_pipeline.py took 0.557 seconds
[2026-09-08T07:28:39.329+0000] {processor.py:186} INFO - Started process (PID=1507) to work on /opt/airflow/dags/ml_03_oil_pipeline.py
[2026-09-08T07:28:39.330+0000] {processor.py:914} INFO - Processing file /opt/airflow/dags/ml_03_oil_pipeline.py for tasks to queue
[2026-09-08T07:28:39.332+0000] {logging_mixin.py:190} INFO - [2026-09-08T07:28:39.331+0000] {dagbag.py:588} INFO - Filling up the DagBag from /opt/airflow/dags/ml_03_oil_pipeline.py
[2026-09-08T07:28:39.659+0000] {processor.py:925} INFO - DAG(s) 'oil_price_pipeline_dag' retrieved from /opt/airflow/dags/ml_03_oil_pipeline.py
[2026-09-08T07:28:39.690+0000] {logging_mixin.py:190} INFO - [2026-09-08T07:28:39.690+0000] {dag.py:3239} INFO - Sync 1 DAGs
[2026-09-08T07:28:39.705+0000] {logging_mixin.py:190} INFO - [2026-09-08T07:28:39.704+0000] {dag.py:4180} INFO - Setting next_dagrun for oil_price_pipeline_dag to None, run_after=None
[2026-09-08T07:28:39.726+0000] {processor.py:208} INFO - Processing /opt/airflow/dags/ml_03_oil_pipeline.py took 0.404 seconds
[2026-09-08T07:29:10.614+0000] {processor.py:186} INFO - Started process (PID=1522) to work on /opt/airflow/dags/ml_03_oil_pipeline.py
[2026-09-08T07:29:10.615+0000] {processor.py:914} INFO - Processing file /opt/airflow/dags/ml_03_oil_pipeline.py for tasks to queue
[2026-09-08T07:29:10.617+0000] {logging_mixin.py:190} INFO - [2026-09-08T07:29:10.616+0000] {dagbag.py:588} INFO - Filling up the DagBag from /opt/airflow/dags/ml_03_oil_pipeline.py
[2026-09-08T07:29:10.949+0000] {processor.py:925} INFO - DAG(s) 'oil_price_pipeline_dag' retrieved from /opt/airflow/dags/ml_03_oil_pipeline.py
[2026-09-08T07:29:10.993+0000] {logging_mixin.py:190} INFO - [2026-09-08T07:29:10.992+0000] {dag.py:3239} INFO - Sync 1 DAGs
[2026-09-08T07:29:11.008+0000] {logging_mixin.py:190} INFO - [2026-09-08T07:29:11.008+0000] {dag.py:4180} INFO - Setting next_dagrun for oil_price_pipeline_dag to None, run_after=None
[2026-09-08T07:29:11.028+0000] {processor.py:208} INFO - Processing /opt/airflow/dags/ml_03_oil_pipeline.py took 0.428 seconds
[2026-09-08T07:29:41.870+0000] {processor.py:186} INFO - Started process (PID=1536) to work on /opt/airflow/dags/ml_03_oil_pipeline.py
[2026-09-08T07:29:41.871+0000] {processor.py:914} INFO - Processing file /opt/airflow/dags/ml_03_oil_pipeline.py for tasks to queue
[2026-09-08T07:29:41.872+0000] {logging_mixin.py:190} INFO - [2026-09-08T07:29:41.872+0000] {dagbag.py:588} INFO - Filling up the DagBag from /opt/airflow/dags/ml_03_oil_pipeline.py
[2026-09-08T07:29:42.206+0000] {processor.py:925} INFO - DAG(s) 'oil_price_pipeline_dag' retrieved from /opt/airflow/dags/ml_03_oil_pipeline.py
[2026-09-08T07:29:42.237+0000] {logging_mixin.py:190} INFO - [2026-09-08T07:29:42.237+0000] {dag.py:3239} INFO - Sync 1 DAGs
[2026-09-08T07:29:42.252+0000] {logging_mixin.py:190} INFO - [2026-09-08T07:29:42.251+0000] {dag.py:4180} INFO - Setting next_dagrun for oil_price_pipeline_dag to None, run_after=None
[2026-09-08T07:29:42.272+0000] {processor.py:208} INFO - Processing /opt/airflow/dags/ml_03_oil_pipeline.py took 0.409 seconds
[2026-09-08T07:30:13.132+0000] {processor.py:186} INFO - Started process (PID=1550) to work on /opt/airflow/dags/ml_03_oil_pipeline.py
[2026-09-08T07:30:13.133+0000] {processor.py:914} INFO - Processing file /opt/airflow/dags/ml_03_oil_pipeline.py for tasks to queue
[2026-09-08T07:30:13.135+0000] {logging_mixin.py:190} INFO - [2026-09-08T07:30:13.134+0000] {dagbag.py:588} INFO - Filling up the DagBag from /opt/airflow/dags/ml_03_oil_pipeline.py
[2026-09-08T07:30:13.453+0000] {processor.py:925} INFO - DAG(s) 'oil_price_pipeline_dag' retrieved from /opt/airflow/dags/ml_03_oil_pipeline.py
[2026-09-08T07:30:13.485+0000] {logging_mixin.py:190} INFO - [2026-09-08T07:30:13.484+0000] {dag.py:3239} INFO - Sync 1 DAGs
[2026-09-08T07:30:13.501+0000] {logging_mixin.py:190} INFO - [2026-09-08T07:30:13.501+0000] {dag.py:4180} INFO - Setting next_dagrun for oil_price_pipeline_dag to None, run_after=None
[2026-09-08T07:30:13.521+0000] {processor.py:208} INFO - Processing /opt/airflow/dags/ml_03_oil_pipeline.py took 0.396 seconds
[2026-09-08T07:30:44.413+0000] {processor.py:186} INFO - Started process (PID=1564) to work on /opt/airflow/dags/ml_03_oil_pipeline.py
[2026-09-08T07:30:44.414+0000] {processor.py:914} INFO - Processing file /opt/airflow/dags/ml_03_oil_pipeline.py for tasks to queue
[2026-09-08T07:30:44.416+0000] {logging_mixin.py:190} INFO - [2026-09-08T07:30:44.416+0000] {dagbag.py:588} INFO - Filling up the DagBag from /opt/airflow/dags/ml_03_oil_pipeline.py
[2026-09-08T07:30:44.741+0000] {processor.py:925} INFO - DAG(s) 'oil_price_pipeline_dag' retrieved from /opt/airflow/dags/ml_03_oil_pipeline.py
[2026-09-08T07:30:44.773+0000] {logging_mixin.py:190} INFO - [2026-09-08T07:30:44.772+0000] {dag.py:3239} INFO - Sync 1 DAGs
[2026-09-08T07:30:44.786+0000] {logging_mixin.py:190} INFO - [2026-09-08T07:30:44.786+0000] {dag.py:4180} INFO - Setting next_dagrun for oil_price_pipeline_dag to None, run_after=None
[2026-09-08T07:30:44.807+0000] {processor.py:208} INFO - Processing /opt/airflow/dags/ml_03_oil_pipeline.py took 0.402 seconds
[2026-09-08T07:31:15.649+0000] {processor.py:186} INFO - Started process (PID=1578) to work on /opt/airflow/dags/ml_03_oil_pipeline.py
[2026-09-08T07:31:15.650+0000] {processor.py:914} INFO - Processing file /opt/airflow/dags/ml_03_oil_pipeline.py for tasks to queue
[2026-09-08T07:31:15.652+0000] {logging_mixin.py:190} INFO - [2026-09-08T07:31:15.652+0000] {dagbag.py:588} INFO - Filling up the DagBag from /opt/airflow/dags/ml_03_oil_pipeline.py
[2026-09-08T07:31:15.971+0000] {processor.py:925} INFO - DAG(s) 'oil_price_pipeline_dag' retrieved from /opt/airflow/dags/ml_03_oil_pipeline.py
[2026-09-08T07:31:16.004+0000] {logging_mixin.py:190} INFO - [2026-09-08T07:31:16.003+0000] {dag.py:3239} INFO - Sync 1 DAGs
[2026-09-08T07:31:16.020+0000] {logging_mixin.py:190} INFO - [2026-09-08T07:31:16.020+0000] {dag.py:4180} INFO - Setting next_dagrun for oil_price_pipeline_dag to None, run_after=None
[2026-09-08T07:31:16.041+0000] {processor.py:208} INFO - Processing /opt/airflow/dags/ml_03_oil_pipeline.py took 0.398 seconds
[2026-09-08T07:31:46.925+0000] {processor.py:186} INFO - Started process (PID=1592) to work on /opt/airflow/dags/ml_03_oil_pipeline.py
[2026-09-08T07:31:46.926+0000] {processor.py:914} INFO - Processing file /opt/airflow/dags/ml_03_oil_pipeline.py for tasks to queue
[2026-09-08T07:31:46.928+0000] {logging_mixin.py:190} INFO - [2026-09-08T07:31:46.927+0000] {dagbag.py:588} INFO - Filling up the DagBag from /opt/airflow/dags/ml_03_oil_pipeline.py
[2026-09-08T07:31:47.246+0000] {processor.py:925} INFO - DAG(s) 'oil_price_pipeline_dag' retrieved from /opt/airflow/dags/ml_03_oil_pipeline.py
[2026-09-08T07:31:47.280+0000] {logging_mixin.py:190} INFO - [2026-09-08T07:31:47.279+0000] {dag.py:3239} INFO - Sync 1 DAGs
[2026-09-08T07:31:47.294+0000] {logging_mixin.py:190} INFO - [2026-09-08T07:31:47.293+0000] {dag.py:4180} INFO - Setting next_dagrun for oil_price_pipeline_dag to None, run_after=None
[2026-09-08T07:31:47.313+0000] {processor.py:208} INFO - Processing /opt/airflow/dags/ml_03_oil_pipeline.py took 0.395 seconds
[2026-09-08T07:32:18.196+0000] {processor.py:186} INFO - Started process (PID=1612) to work on /opt/airflow/dags/ml_03_oil_pipeline.py
[2026-09-08T07:32:18.197+0000] {processor.py:914} INFO - Processing file /opt/airflow/dags/ml_03_oil_pipeline.py for tasks to queue
[2026-09-08T07:32:18.201+0000] {logging_mixin.py:190} INFO - [2026-09-08T07:32:18.200+0000] {dagbag.py:588} INFO - Filling up the DagBag from /opt/airflow/dags/ml_03_oil_pipeline.py
[2026-09-08T07:32:18.627+0000] {processor.py:925} INFO - DAG(s) 'oil_price_pipeline_dag' retrieved from /opt/airflow/dags/ml_03_oil_pipeline.py
[2026-09-08T07:32:18.659+0000] {logging_mixin.py:190} INFO - [2026-09-08T07:32:18.659+0000] {dag.py:3239} INFO - Sync 1 DAGs
[2026-09-08T07:32:18.674+0000] {logging_mixin.py:190} INFO - [2026-09-08T07:32:18.673+0000] {dag.py:4180} INFO - Setting next_dagrun for oil_price_pipeline_dag to None, run_after=None
[2026-09-08T07:32:18.694+0000] {processor.py:208} INFO - Processing /opt/airflow/dags/ml_03_oil_pipeline.py took 0.514 seconds
[2026-09-08T07:32:49.424+0000] {processor.py:186} INFO - Started process (PID=1626) to work on /opt/airflow/dags/ml_03_oil_pipeline.py
[2026-09-08T07:32:49.425+0000] {processor.py:914} INFO - Processing file /opt/airflow/dags/ml_03_oil_pipeline.py for tasks to queue
[2026-09-08T07:32:49.427+0000] {logging_mixin.py:190} INFO - [2026-09-08T07:32:49.426+0000] {dagbag.py:588} INFO - Filling up the DagBag from /opt/airflow/dags/ml_03_oil_pipeline.py
[2026-09-08T07:32:49.770+0000] {processor.py:925} INFO - DAG(s) 'oil_price_pipeline_dag' retrieved from /opt/airflow/dags/ml_03_oil_pipeline.py
[2026-09-08T07:32:49.804+0000] {logging_mixin.py:190} INFO - [2026-09-08T07:32:49.803+0000] {dag.py:3239} INFO - Sync 1 DAGs
[2026-09-08T07:32:49.820+0000] {logging_mixin.py:190} INFO - [2026-09-08T07:32:49.819+0000] {dag.py:4180} INFO - Setting next_dagrun for oil_price_pipeline_dag to None, run_after=None
[2026-09-08T07:32:49.840+0000] {processor.py:208} INFO - Processing /opt/airflow/dags/ml_03_oil_pipeline.py took 0.423 seconds
[2026-09-08T07:33:20.741+0000] {processor.py:186} INFO - Started process (PID=1640) to work on /opt/airflow/dags/ml_03_oil_pipeline.py
[2026-09-08T07:33:20.742+0000] {processor.py:914} INFO - Processing file /opt/airflow/dags/ml_03_oil_pipeline.py for tasks to queue
[2026-09-08T07:33:20.744+0000] {logging_mixin.py:190} INFO - [2026-09-08T07:33:20.743+0000] {dagbag.py:588} INFO - Filling up the DagBag from /opt/airflow/dags/ml_03_oil_pipeline.py
[2026-09-08T07:33:21.073+0000] {processor.py:925} INFO - DAG(s) 'oil_price_pipeline_dag' retrieved from /opt/airflow/dags/ml_03_oil_pipeline.py
[2026-09-08T07:33:21.105+0000] {logging_mixin.py:190} INFO - [2026-09-08T07:33:21.104+0000] {dag.py:3239} INFO - Sync 1 DAGs
[2026-09-08T07:33:21.120+0000] {logging_mixin.py:190} INFO - [2026-09-08T07:33:21.120+0000] {dag.py:4180} INFO - Setting next_dagrun for oil_price_pipeline_dag to None, run_after=None
[2026-09-08T07:33:21.141+0000] {processor.py:208} INFO - Processing /opt/airflow/dags/ml_03_oil_pipeline.py took 0.407 seconds
[2026-09-08T07:33:52.011+0000] {processor.py:186} INFO - Started process (PID=1654) to work on /opt/airflow/dags/ml_03_oil_pipeline.py
[2026-09-08T07:33:52.012+0000] {processor.py:914} INFO - Processing file /opt/airflow/dags/ml_03_oil_pipeline.py for tasks to queue
[2026-09-08T07:33:52.014+0000] {logging_mixin.py:190} INFO - [2026-09-08T07:33:52.014+0000] {dagbag.py:588} INFO - Filling up the DagBag from /opt/airflow/dags/ml_03_oil_pipeline.py
[2026-09-08T07:33:52.457+0000] {processor.py:925} INFO - DAG(s) 'oil_price_pipeline_dag' retrieved from /opt/airflow/dags/ml_03_oil_pipeline.py
[2026-09-08T07:33:52.491+0000] {logging_mixin.py:190} INFO - [2026-09-08T07:33:52.491+0000] {dag.py:3239} INFO - Sync 1 DAGs
[2026-09-08T07:33:52.510+0000] {logging_mixin.py:190} INFO - [2026-09-08T07:33:52.510+0000] {dag.py:4180} INFO - Setting next_dagrun for oil_price_pipeline_dag to None, run_after=None
[2026-09-08T07:33:52.534+0000] {processor.py:208} INFO - Processing /opt/airflow/dags/ml_03_oil_pipeline.py took 0.530 seconds
[2026-09-08T07:34:23.290+0000] {processor.py:186} INFO - Started process (PID=1668) to work on /opt/airflow/dags/ml_03_oil_pipeline.py
[2026-09-08T07:34:23.291+0000] {processor.py:914} INFO - Processing file /opt/airflow/dags/ml_03_oil_pipeline.py for tasks to queue
[2026-09-08T07:34:23.294+0000] {logging_mixin.py:190} INFO - [2026-09-08T07:34:23.294+0000] {dagbag.py:588} INFO - Filling up the DagBag from /opt/airflow/dags/ml_03_oil_pipeline.py
[2026-09-08T07:34:23.657+0000] {processor.py:925} INFO - DAG(s) 'oil_price_pipeline_dag' retrieved from /opt/airflow/dags/ml_03_oil_pipeline.py
[2026-09-08T07:34:23.690+0000] {logging_mixin.py:190} INFO - [2026-09-08T07:34:23.689+0000] {dag.py:3239} INFO - Sync 1 DAGs
[2026-09-08T07:34:23.707+0000] {logging_mixin.py:190} INFO - [2026-09-08T07:34:23.707+0000] {dag.py:4180} INFO - Setting next_dagrun for oil_price_pipeline_dag to None, run_after=None
[2026-09-08T07:34:23.728+0000] {processor.py:208} INFO - Processing /opt/airflow/dags/ml_03_oil_pipeline.py took 0.448 seconds
[2026-09-08T07:34:54.612+0000] {processor.py:186} INFO - Started process (PID=1682) to work on /opt/airflow/dags/ml_03_oil_pipeline.py
[2026-09-08T07:34:54.613+0000] {processor.py:914} INFO - Processing file /opt/airflow/dags/ml_03_oil_pipeline.py for tasks to queue
[2026-09-08T07:34:54.615+0000] {logging_mixin.py:190} INFO - [2026-09-08T07:34:54.615+0000] {dagbag.py:588} INFO - Filling up the DagBag from /opt/airflow/dags/ml_03_oil_pipeline.py
[2026-09-08T07:34:54.963+0000] {processor.py:925} INFO - DAG(s) 'oil_price_pipeline_dag' retrieved from /opt/airflow/dags/ml_03_oil_pipeline.py
[2026-09-08T07:34:55.000+0000] {logging_mixin.py:190} INFO - [2026-09-08T07:34:54.999+0000] {dag.py:3239} INFO - Sync 1 DAGs
[2026-09-08T07:34:55.014+0000] {logging_mixin.py:190} INFO - [2026-09-08T07:34:55.014+0000] {dag.py:4180} INFO - Setting next_dagrun for oil_price_pipeline_dag to None, run_after=None
[2026-09-08T07:34:55.038+0000] {processor.py:208} INFO - Processing /opt/airflow/dags/ml_03_oil_pipeline.py took 0.434 seconds
[2026-09-08T07:35:25.815+0000] {processor.py:186} INFO - Started process (PID=1696) to work on /opt/airflow/dags/ml_03_oil_pipeline.py
[2026-09-08T07:35:25.816+0000] {processor.py:914} INFO - Processing file /opt/airflow/dags/ml_03_oil_pipeline.py for tasks to queue
[2026-09-08T07:35:25.818+0000] {logging_mixin.py:190} INFO - [2026-09-08T07:35:25.818+0000] {dagbag.py:588} INFO - Filling up the DagBag from /opt/airflow/dags/ml_03_oil_pipeline.py
[2026-09-08T07:35:26.147+0000] {processor.py:925} INFO - DAG(s) 'oil_price_pipeline_dag' retrieved from /opt/airflow/dags/ml_03_oil_pipeline.py
[2026-09-08T07:35:26.181+0000] {logging_mixin.py:190} INFO - [2026-09-08T07:35:26.181+0000] {dag.py:3239} INFO - Sync 1 DAGs
[2026-09-08T07:35:26.196+0000] {logging_mixin.py:190} INFO - [2026-09-08T07:35:26.195+0000] {dag.py:4180} INFO - Setting next_dagrun for oil_price_pipeline_dag to None, run_after=None
[2026-09-08T07:35:26.215+0000] {processor.py:208} INFO - Processing /opt/airflow/dags/ml_03_oil_pipeline.py took 0.406 seconds
[2026-09-08T07:35:56.629+0000] {processor.py:186} INFO - Started process (PID=1710) to work on /opt/airflow/dags/ml_03_oil_pipeline.py
[2026-09-08T07:35:56.630+0000] {processor.py:914} INFO - Processing file /opt/airflow/dags/ml_03_oil_pipeline.py for tasks to queue
[2026-09-08T07:35:56.632+0000] {logging_mixin.py:190} INFO - [2026-09-08T07:35:56.632+0000] {dagbag.py:588} INFO - Filling up the DagBag from /opt/airflow/dags/ml_03_oil_pipeline.py
[2026-09-08T07:35:56.985+0000] {processor.py:925} INFO - DAG(s) 'oil_price_pipeline_dag' retrieved from /opt/airflow/dags/ml_03_oil_pipeline.py
[2026-09-08T07:35:57.021+0000] {logging_mixin.py:190} INFO - [2026-09-08T07:35:57.021+0000] {dag.py:3239} INFO - Sync 1 DAGs
[2026-09-08T07:35:57.039+0000] {logging_mixin.py:190} INFO - [2026-09-08T07:35:57.038+0000] {dag.py:4180} INFO - Setting next_dagrun for oil_price_pipeline_dag to None, run_after=None
[2026-09-08T07:35:57.062+0000] {processor.py:208} INFO - Processing /opt/airflow/dags/ml_03_oil_pipeline.py took 0.439 seconds
[2026-09-08T07:36:27.807+0000] {processor.py:186} INFO - Started process (PID=1724) to work on /opt/airflow/dags/ml_03_oil_pipeline.py
[2026-09-08T07:36:27.808+0000] {processor.py:914} INFO - Processing file /opt/airflow/dags/ml_03_oil_pipeline.py for tasks to queue
[2026-09-08T07:36:27.811+0000] {logging_mixin.py:190} INFO - [2026-09-08T07:36:27.810+0000] {dagbag.py:588} INFO - Filling up the DagBag from /opt/airflow/dags/ml_03_oil_pipeline.py
[2026-09-08T07:36:28.307+0000] {processor.py:925} INFO - DAG(s) 'oil_price_pipeline_dag' retrieved from /opt/airflow/dags/ml_03_oil_pipeline.py
[2026-09-08T07:36:28.374+0000] {logging_mixin.py:190} INFO - [2026-09-08T07:36:28.373+0000] {dag.py:3239} INFO - Sync 1 DAGs
[2026-09-08T07:36:28.404+0000] {logging_mixin.py:190} INFO - [2026-09-08T07:36:28.403+0000] {dag.py:4180} INFO - Setting next_dagrun for oil_price_pipeline_dag to None, run_after=None
[2026-09-08T07:36:28.427+0000] {processor.py:208} INFO - Processing /opt/airflow/dags/ml_03_oil_pipeline.py took 0.627 seconds
[2026-09-08T07:36:59.147+0000] {processor.py:186} INFO - Started process (PID=1738) to work on /opt/airflow/dags/ml_03_oil_pipeline.py
[2026-09-08T07:36:59.148+0000] {processor.py:914} INFO - Processing file /opt/airflow/dags/ml_03_oil_pipeline.py for tasks to queue
[2026-09-08T07:36:59.150+0000] {logging_mixin.py:190} INFO - [2026-09-08T07:36:59.150+0000] {dagbag.py:588} INFO - Filling up the DagBag from /opt/airflow/dags/ml_03_oil_pipeline.py
[2026-09-08T07:36:59.471+0000] {processor.py:925} INFO - DAG(s) 'oil_price_pipeline_dag' retrieved from /opt/airflow/dags/ml_03_oil_pipeline.py
[2026-09-08T07:36:59.504+0000] {logging_mixin.py:190} INFO - [2026-09-08T07:36:59.503+0000] {dag.py:3239} INFO - Sync 1 DAGs
[2026-09-08T07:36:59.519+0000] {logging_mixin.py:190} INFO - [2026-09-08T07:36:59.519+0000] {dag.py:4180} INFO - Setting next_dagrun for oil_price_pipeline_dag to None, run_after=None
[2026-09-08T07:36:59.539+0000] {processor.py:208} INFO - Processing /opt/airflow/dags/ml_03_oil_pipeline.py took 0.398 seconds
[2026-09-08T07:37:29.845+0000] {processor.py:186} INFO - Started process (PID=1752) to work on /opt/airflow/dags/ml_03_oil_pipeline.py
[2026-09-08T07:37:29.846+0000] {processor.py:914} INFO - Processing file /opt/airflow/dags/ml_03_oil_pipeline.py for tasks to queue
[2026-09-08T07:37:29.847+0000] {logging_mixin.py:190} INFO - [2026-09-08T07:37:29.847+0000] {dagbag.py:588} INFO - Filling up the DagBag from /opt/airflow/dags/ml_03_oil_pipeline.py
[2026-09-08T07:37:30.187+0000] {processor.py:925} INFO - DAG(s) 'oil_price_pipeline_dag' retrieved from /opt/airflow/dags/ml_03_oil_pipeline.py
[2026-09-08T07:37:30.235+0000] {logging_mixin.py:190} INFO - [2026-09-08T07:37:30.235+0000] {dag.py:3239} INFO - Sync 1 DAGs
[2026-09-08T07:37:30.252+0000] {logging_mixin.py:190} INFO - [2026-09-08T07:37:30.252+0000] {dag.py:4180} INFO - Setting next_dagrun for oil_price_pipeline_dag to None, run_after=None
[2026-09-08T07:37:30.277+0000] {processor.py:208} INFO - Processing /opt/airflow/dags/ml_03_oil_pipeline.py took 0.440 seconds
[2026-09-08T07:38:00.347+0000] {processor.py:186} INFO - Started process (PID=1766) to work on /opt/airflow/dags/ml_03_oil_pipeline.py
[2026-09-08T07:38:00.348+0000] {processor.py:914} INFO - Processing file /opt/airflow/dags/ml_03_oil_pipeline.py for tasks to queue
[2026-09-08T07:38:00.351+0000] {logging_mixin.py:190} INFO - [2026-09-08T07:38:00.350+0000] {dagbag.py:588} INFO - Filling up the DagBag from /opt/airflow/dags/ml_03_oil_pipeline.py
[2026-09-08T07:38:00.681+0000] {processor.py:925} INFO - DAG(s) 'oil_price_pipeline_dag' retrieved from /opt/airflow/dags/ml_03_oil_pipeline.py
[2026-09-08T07:38:00.717+0000] {logging_mixin.py:190} INFO - [2026-09-08T07:38:00.716+0000] {dag.py:3239} INFO - Sync 1 DAGs
[2026-09-08T07:38:00.732+0000] {logging_mixin.py:190} INFO - [2026-09-08T07:38:00.731+0000] {dag.py:4180} INFO - Setting next_dagrun for oil_price_pipeline_dag to None, run_after=None
[2026-09-08T07:38:00.753+0000] {processor.py:208} INFO - Processing /opt/airflow/dags/ml_03_oil_pipeline.py took 0.416 seconds
[2026-09-08T07:38:31.501+0000] {processor.py:186} INFO - Started process (PID=1780) to work on /opt/airflow/dags/ml_03_oil_pipeline.py
[2026-09-08T07:38:31.502+0000] {processor.py:914} INFO - Processing file /opt/airflow/dags/ml_03_oil_pipeline.py for tasks to queue
[2026-09-08T07:38:31.504+0000] {logging_mixin.py:190} INFO - [2026-09-08T07:38:31.503+0000] {dagbag.py:588} INFO - Filling up the DagBag from /opt/airflow/dags/ml_03_oil_pipeline.py
[2026-09-08T07:38:31.820+0000] {processor.py:925} INFO - DAG(s) 'oil_price_pipeline_dag' retrieved from /opt/airflow/dags/ml_03_oil_pipeline.py
[2026-09-08T07:38:31.853+0000] {logging_mixin.py:190} INFO - [2026-09-08T07:38:31.853+0000] {dag.py:3239} INFO - Sync 1 DAGs
[2026-09-08T07:38:31.869+0000] {logging_mixin.py:190} INFO - [2026-09-08T07:38:31.869+0000] {dag.py:4180} INFO - Setting next_dagrun for oil_price_pipeline_dag to None, run_after=None
[2026-09-08T07:38:31.889+0000] {processor.py:208} INFO - Processing /opt/airflow/dags/ml_03_oil_pipeline.py took 0.395 seconds
[2026-09-08T07:39:02.310+0000] {processor.py:186} INFO - Started process (PID=1794) to work on /opt/airflow/dags/ml_03_oil_pipeline.py
[2026-09-08T07:39:02.311+0000] {processor.py:914} INFO - Processing file /opt/airflow/dags/ml_03_oil_pipeline.py for tasks to queue
[2026-09-08T07:39:02.314+0000] {logging_mixin.py:190} INFO - [2026-09-08T07:39:02.313+0000] {dagbag.py:588} INFO - Filling up the DagBag from /opt/airflow/dags/ml_03_oil_pipeline.py
[2026-09-08T07:39:02.625+0000] {processor.py:925} INFO - DAG(s) 'oil_price_pipeline_dag' retrieved from /opt/airflow/dags/ml_03_oil_pipeline.py
[2026-09-08T07:39:02.658+0000] {logging_mixin.py:190} INFO - [2026-09-08T07:39:02.657+0000] {dag.py:3239} INFO - Sync 1 DAGs
[2026-09-08T07:39:02.674+0000] {logging_mixin.py:190} INFO - [2026-09-08T07:39:02.674+0000] {dag.py:4180} INFO - Setting next_dagrun for oil_price_pipeline_dag to None, run_after=None
[2026-09-08T07:39:02.695+0000] {processor.py:208} INFO - Processing /opt/airflow/dags/ml_03_oil_pipeline.py took 0.392 seconds
[2026-09-08T07:39:33.561+0000] {processor.py:186} INFO - Started process (PID=1808) to work on /opt/airflow/dags/ml_03_oil_pipeline.py
[2026-09-08T07:39:33.562+0000] {processor.py:914} INFO - Processing file /opt/airflow/dags/ml_03_oil_pipeline.py for tasks to queue
[2026-09-08T07:39:33.565+0000] {logging_mixin.py:190} INFO - [2026-09-08T07:39:33.564+0000] {dagbag.py:588} INFO - Filling up the DagBag from /opt/airflow/dags/ml_03_oil_pipeline.py
[2026-09-08T07:39:33.939+0000] {processor.py:925} INFO - DAG(s) 'oil_price_pipeline_dag' retrieved from /opt/airflow/dags/ml_03_oil_pipeline.py
[2026-09-08T07:39:33.979+0000] {logging_mixin.py:190} INFO - [2026-09-08T07:39:33.979+0000] {dag.py:3239} INFO - Sync 1 DAGs
[2026-09-08T07:39:33.996+0000] {logging_mixin.py:190} INFO - [2026-09-08T07:39:33.995+0000] {dag.py:4180} INFO - Setting next_dagrun for oil_price_pipeline_dag to None, run_after=None
[2026-09-08T07:39:34.020+0000] {processor.py:208} INFO - Processing /opt/airflow/dags/ml_03_oil_pipeline.py took 0.467 seconds
[2026-09-08T07:40:04.753+0000] {processor.py:186} INFO - Started process (PID=1822) to work on /opt/airflow/dags/ml_03_oil_pipeline.py
[2026-09-08T07:40:04.754+0000] {processor.py:914} INFO - Processing file /opt/airflow/dags/ml_03_oil_pipeline.py for tasks to queue
[2026-09-08T07:40:04.756+0000] {logging_mixin.py:190} INFO - [2026-09-08T07:40:04.755+0000] {dagbag.py:588} INFO - Filling up the DagBag from /opt/airflow/dags/ml_03_oil_pipeline.py
[2026-09-08T07:40:05.105+0000] {processor.py:925} INFO - DAG(s) 'oil_price_pipeline_dag' retrieved from /opt/airflow/dags/ml_03_oil_pipeline.py
[2026-09-08T07:40:05.138+0000] {logging_mixin.py:190} INFO - [2026-09-08T07:40:05.138+0000] {dag.py:3239} INFO - Sync 1 DAGs
[2026-09-08T07:40:05.153+0000] {logging_mixin.py:190} INFO - [2026-09-08T07:40:05.153+0000] {dag.py:4180} INFO - Setting next_dagrun for oil_price_pipeline_dag to None, run_after=None
[2026-09-08T07:40:05.341+0000] {processor.py:208} INFO - Processing /opt/airflow/dags/ml_03_oil_pipeline.py took 0.595 seconds
[2026-09-08T07:40:35.627+0000] {processor.py:186} INFO - Started process (PID=1836) to work on /opt/airflow/dags/ml_03_oil_pipeline.py
[2026-09-08T07:40:35.628+0000] {processor.py:914} INFO - Processing file /opt/airflow/dags/ml_03_oil_pipeline.py for tasks to queue
[2026-09-08T07:40:35.629+0000] {logging_mixin.py:190} INFO - [2026-09-08T07:40:35.629+0000] {dagbag.py:588} INFO - Filling up the DagBag from /opt/airflow/dags/ml_03_oil_pipeline.py
[2026-09-08T07:40:35.969+0000] {processor.py:925} INFO - DAG(s) 'oil_price_pipeline_dag' retrieved from /opt/airflow/dags/ml_03_oil_pipeline.py
[2026-09-08T07:40:36.044+0000] {logging_mixin.py:190} INFO - [2026-09-08T07:40:36.043+0000] {dag.py:3239} INFO - Sync 1 DAGs
[2026-09-08T07:40:36.063+0000] {logging_mixin.py:190} INFO - [2026-09-08T07:40:36.062+0000] {dag.py:4180} INFO - Setting next_dagrun for oil_price_pipeline_dag to None, run_after=None
[2026-09-08T07:40:36.091+0000] {processor.py:208} INFO - Processing /opt/airflow/dags/ml_03_oil_pipeline.py took 0.473 seconds
[2026-09-08T07:41:06.948+0000] {processor.py:186} INFO - Started process (PID=1850) to work on /opt/airflow/dags/ml_03_oil_pipeline.py
[2026-09-08T07:41:06.949+0000] {processor.py:914} INFO - Processing file /opt/airflow/dags/ml_03_oil_pipeline.py for tasks to queue
[2026-09-08T07:41:06.951+0000] {logging_mixin.py:190} INFO - [2026-09-08T07:41:06.950+0000] {dagbag.py:588} INFO - Filling up the DagBag from /opt/airflow/dags/ml_03_oil_pipeline.py
[2026-09-08T07:41:07.279+0000] {processor.py:925} INFO - DAG(s) 'oil_price_pipeline_dag' retrieved from /opt/airflow/dags/ml_03_oil_pipeline.py
[2026-09-08T07:41:07.311+0000] {logging_mixin.py:190} INFO - [2026-09-08T07:41:07.311+0000] {dag.py:3239} INFO - Sync 1 DAGs
[2026-09-08T07:41:07.328+0000] {logging_mixin.py:190} INFO - [2026-09-08T07:41:07.328+0000] {dag.py:4180} INFO - Setting next_dagrun for oil_price_pipeline_dag to None, run_after=None
[2026-09-08T07:41:07.350+0000] {processor.py:208} INFO - Processing /opt/airflow/dags/ml_03_oil_pipeline.py took 0.409 seconds
[2026-09-08T07:41:37.445+0000] {processor.py:186} INFO - Started process (PID=1864) to work on /opt/airflow/dags/ml_03_oil_pipeline.py
[2026-09-08T07:41:37.446+0000] {processor.py:914} INFO - Processing file /opt/airflow/dags/ml_03_oil_pipeline.py for tasks to queue
[2026-09-08T07:41:37.448+0000] {logging_mixin.py:190} INFO - [2026-09-08T07:41:37.448+0000] {dagbag.py:588} INFO - Filling up the DagBag from /opt/airflow/dags/ml_03_oil_pipeline.py
[2026-09-08T07:41:37.927+0000] {processor.py:925} INFO - DAG(s) 'oil_price_pipeline_dag' retrieved from /opt/airflow/dags/ml_03_oil_pipeline.py
[2026-09-08T07:41:37.981+0000] {logging_mixin.py:190} INFO - [2026-09-08T07:41:37.981+0000] {dag.py:3239} INFO - Sync 1 DAGs
[2026-09-08T07:41:38.001+0000] {logging_mixin.py:190} INFO - [2026-09-08T07:41:38.001+0000] {dag.py:4180} INFO - Setting next_dagrun for oil_price_pipeline_dag to None, run_after=None
[2026-09-08T07:41:38.040+0000] {processor.py:208} INFO - Processing /opt/airflow/dags/ml_03_oil_pipeline.py took 0.602 seconds
[2026-09-08T07:42:08.151+0000] {processor.py:186} INFO - Started process (PID=1878) to work on /opt/airflow/dags/ml_03_oil_pipeline.py
[2026-09-08T07:42:08.153+0000] {processor.py:914} INFO - Processing file /opt/airflow/dags/ml_03_oil_pipeline.py for tasks to queue
[2026-09-08T07:42:08.157+0000] {logging_mixin.py:190} INFO - [2026-09-08T07:42:08.156+0000] {dagbag.py:588} INFO - Filling up the DagBag from /opt/airflow/dags/ml_03_oil_pipeline.py
[2026-09-08T07:42:08.749+0000] {processor.py:925} INFO - DAG(s) 'oil_price_pipeline_dag' retrieved from /opt/airflow/dags/ml_03_oil_pipeline.py
[2026-09-08T07:42:08.777+0000] {logging_mixin.py:190} INFO - [2026-09-08T07:42:08.776+0000] {dag.py:3239} INFO - Sync 1 DAGs
[2026-09-08T07:42:08.788+0000] {logging_mixin.py:190} INFO - [2026-09-08T07:42:08.788+0000] {dag.py:4180} INFO - Setting next_dagrun for oil_price_pipeline_dag to None, run_after=None
[2026-09-08T07:42:08.806+0000] {processor.py:208} INFO - Processing /opt/airflow/dags/ml_03_oil_pipeline.py took 0.671 seconds
[2026-09-08T07:42:39.533+0000] {processor.py:186} INFO - Started process (PID=1892) to work on /opt/airflow/dags/ml_03_oil_pipeline.py
[2026-09-08T07:42:39.535+0000] {processor.py:914} INFO - Processing file /opt/airflow/dags/ml_03_oil_pipeline.py for tasks to queue
[2026-09-08T07:42:39.536+0000] {logging_mixin.py:190} INFO - [2026-09-08T07:42:39.536+0000] {dagbag.py:588} INFO - Filling up the DagBag from /opt/airflow/dags/ml_03_oil_pipeline.py
[2026-09-08T07:42:40.032+0000] {processor.py:925} INFO - DAG(s) 'oil_price_pipeline_dag' retrieved from /opt/airflow/dags/ml_03_oil_pipeline.py
[2026-09-08T07:42:40.062+0000] {logging_mixin.py:190} INFO - [2026-09-08T07:42:40.061+0000] {dag.py:3239} INFO - Sync 1 DAGs
[2026-09-08T07:42:40.074+0000] {logging_mixin.py:190} INFO - [2026-09-08T07:42:40.074+0000] {dag.py:4180} INFO - Setting next_dagrun for oil_price_pipeline_dag to None, run_after=None
[2026-09-08T07:42:40.093+0000] {processor.py:208} INFO - Processing /opt/airflow/dags/ml_03_oil_pipeline.py took 0.567 seconds
[2026-09-08T07:43:10.992+0000] {processor.py:186} INFO - Started process (PID=1907) to work on /opt/airflow/dags/ml_03_oil_pipeline.py
[2026-09-08T07:43:10.993+0000] {processor.py:914} INFO - Processing file /opt/airflow/dags/ml_03_oil_pipeline.py for tasks to queue
[2026-09-08T07:43:10.995+0000] {logging_mixin.py:190} INFO - [2026-09-08T07:43:10.994+0000] {dagbag.py:588} INFO - Filling up the DagBag from /opt/airflow/dags/ml_03_oil_pipeline.py
[2026-09-08T07:43:11.525+0000] {processor.py:925} INFO - DAG(s) 'oil_price_pipeline_dag' retrieved from /opt/airflow/dags/ml_03_oil_pipeline.py
[2026-09-08T07:43:11.553+0000] {logging_mixin.py:190} INFO - [2026-09-08T07:43:11.552+0000] {dag.py:3239} INFO - Sync 1 DAGs
[2026-09-08T07:43:11.564+0000] {logging_mixin.py:190} INFO - [2026-09-08T07:43:11.564+0000] {dag.py:4180} INFO - Setting next_dagrun for oil_price_pipeline_dag to None, run_after=None
[2026-09-08T07:43:11.582+0000] {processor.py:208} INFO - Processing /opt/airflow/dags/ml_03_oil_pipeline.py took 0.598 seconds
[2026-09-08T07:43:42.110+0000] {processor.py:186} INFO - Started process (PID=1921) to work on /opt/airflow/dags/ml_03_oil_pipeline.py
[2026-09-08T07:43:42.111+0000] {processor.py:914} INFO - Processing file /opt/airflow/dags/ml_03_oil_pipeline.py for tasks to queue
[2026-09-08T07:43:42.114+0000] {logging_mixin.py:190} INFO - [2026-09-08T07:43:42.113+0000] {dagbag.py:588} INFO - Filling up the DagBag from /opt/airflow/dags/ml_03_oil_pipeline.py
[2026-09-08T07:43:42.612+0000] {processor.py:925} INFO - DAG(s) 'oil_price_pipeline_dag' retrieved from /opt/airflow/dags/ml_03_oil_pipeline.py
[2026-09-08T07:43:42.640+0000] {logging_mixin.py:190} INFO - [2026-09-08T07:43:42.639+0000] {dag.py:3239} INFO - Sync 1 DAGs
[2026-09-08T07:43:42.652+0000] {logging_mixin.py:190} INFO - [2026-09-08T07:43:42.652+0000] {dag.py:4180} INFO - Setting next_dagrun for oil_price_pipeline_dag to None, run_after=None
[2026-09-08T07:43:42.674+0000] {processor.py:208} INFO - Processing /opt/airflow/dags/ml_03_oil_pipeline.py took 0.571 seconds
[2026-09-08T07:44:13.200+0000] {processor.py:186} INFO - Started process (PID=1935) to work on /opt/airflow/dags/ml_03_oil_pipeline.py
[2026-09-08T07:44:13.201+0000] {processor.py:914} INFO - Processing file /opt/airflow/dags/ml_03_oil_pipeline.py for tasks to queue
[2026-09-08T07:44:13.202+0000] {logging_mixin.py:190} INFO - [2026-09-08T07:44:13.202+0000] {dagbag.py:588} INFO - Filling up the DagBag from /opt/airflow/dags/ml_03_oil_pipeline.py
[2026-09-08T07:44:13.907+0000] {processor.py:925} INFO - DAG(s) 'oil_price_pipeline_dag' retrieved from /opt/airflow/dags/ml_03_oil_pipeline.py
[2026-09-08T07:44:13.936+0000] {logging_mixin.py:190} INFO - [2026-09-08T07:44:13.936+0000] {dag.py:3239} INFO - Sync 1 DAGs
[2026-09-08T07:44:13.948+0000] {logging_mixin.py:190} INFO - [2026-09-08T07:44:13.948+0000] {dag.py:4180} INFO - Setting next_dagrun for oil_price_pipeline_dag to None, run_after=None
[2026-09-08T07:44:13.966+0000] {processor.py:208} INFO - Processing /opt/airflow/dags/ml_03_oil_pipeline.py took 0.772 seconds
[2026-09-08T07:44:44.713+0000] {processor.py:186} INFO - Started process (PID=1951) to work on /opt/airflow/dags/ml_03_oil_pipeline.py
[2026-09-08T07:44:44.714+0000] {processor.py:914} INFO - Processing file /opt/airflow/dags/ml_03_oil_pipeline.py for tasks to queue
[2026-09-08T07:44:44.716+0000] {logging_mixin.py:190} INFO - [2026-09-08T07:44:44.716+0000] {dagbag.py:588} INFO - Filling up the DagBag from /opt/airflow/dags/ml_03_oil_pipeline.py
[2026-09-08T07:44:45.205+0000] {processor.py:925} INFO - DAG(s) 'oil_price_pipeline_dag' retrieved from /opt/airflow/dags/ml_03_oil_pipeline.py
[2026-09-08T07:44:45.232+0000] {logging_mixin.py:190} INFO - [2026-09-08T07:44:45.231+0000] {dag.py:3239} INFO - Sync 1 DAGs
[2026-09-08T07:44:45.243+0000] {logging_mixin.py:190} INFO - [2026-09-08T07:44:45.243+0000] {dag.py:4180} INFO - Setting next_dagrun for oil_price_pipeline_dag to None, run_after=None
[2026-09-08T07:44:45.263+0000] {processor.py:208} INFO - Processing /opt/airflow/dags/ml_03_oil_pipeline.py took 0.557 seconds
[2026-09-08T07:45:16.065+0000] {processor.py:186} INFO - Started process (PID=1965) to work on /opt/airflow/dags/ml_03_oil_pipeline.py
[2026-09-08T07:45:16.066+0000] {processor.py:914} INFO - Processing file /opt/airflow/dags/ml_03_oil_pipeline.py for tasks to queue
[2026-09-08T07:45:16.068+0000] {logging_mixin.py:190} INFO - [2026-09-08T07:45:16.067+0000] {dagbag.py:588} INFO - Filling up the DagBag from /opt/airflow/dags/ml_03_oil_pipeline.py
[2026-09-08T07:45:16.606+0000] {processor.py:925} INFO - DAG(s) 'oil_price_pipeline_dag' retrieved from /opt/airflow/dags/ml_03_oil_pipeline.py
[2026-09-08T07:45:16.636+0000] {logging_mixin.py:190} INFO - [2026-09-08T07:45:16.635+0000] {dag.py:3239} INFO - Sync 1 DAGs
[2026-09-08T07:45:16.648+0000] {logging_mixin.py:190} INFO - [2026-09-08T07:45:16.648+0000] {dag.py:4180} INFO - Setting next_dagrun for oil_price_pipeline_dag to None, run_after=None
[2026-09-08T07:45:16.667+0000] {processor.py:208} INFO - Processing /opt/airflow/dags/ml_03_oil_pipeline.py took 0.610 seconds
[2026-09-08T07:45:47.378+0000] {processor.py:186} INFO - Started process (PID=1979) to work on /opt/airflow/dags/ml_03_oil_pipeline.py
[2026-09-08T07:45:47.379+0000] {processor.py:914} INFO - Processing file /opt/airflow/dags/ml_03_oil_pipeline.py for tasks to queue
[2026-09-08T07:45:47.381+0000] {logging_mixin.py:190} INFO - [2026-09-08T07:45:47.380+0000] {dagbag.py:588} INFO - Filling up the DagBag from /opt/airflow/dags/ml_03_oil_pipeline.py
[2026-09-08T07:45:47.948+0000] {processor.py:925} INFO - DAG(s) 'oil_price_pipeline_dag' retrieved from /opt/airflow/dags/ml_03_oil_pipeline.py
[2026-09-08T07:45:47.977+0000] {logging_mixin.py:190} INFO - [2026-09-08T07:45:47.976+0000] {dag.py:3239} INFO - Sync 1 DAGs
[2026-09-08T07:45:47.989+0000] {logging_mixin.py:190} INFO - [2026-09-08T07:45:47.989+0000] {dag.py:4180} INFO - Setting next_dagrun for oil_price_pipeline_dag to None, run_after=None
[2026-09-08T07:45:48.008+0000] {processor.py:208} INFO - Processing /opt/airflow/dags/ml_03_oil_pipeline.py took 0.638 seconds
[2026-09-08T07:46:18.753+0000] {processor.py:186} INFO - Started process (PID=1993) to work on /opt/airflow/dags/ml_03_oil_pipeline.py
[2026-09-08T07:46:18.754+0000] {processor.py:914} INFO - Processing file /opt/airflow/dags/ml_03_oil_pipeline.py for tasks to queue
[2026-09-08T07:46:18.756+0000] {logging_mixin.py:190} INFO - [2026-09-08T07:46:18.755+0000] {dagbag.py:588} INFO - Filling up the DagBag from /opt/airflow/dags/ml_03_oil_pipeline.py
[2026-09-08T07:46:19.263+0000] {processor.py:925} INFO - DAG(s) 'oil_price_pipeline_dag' retrieved from /opt/airflow/dags/ml_03_oil_pipeline.py
[2026-09-08T07:46:19.291+0000] {logging_mixin.py:190} INFO - [2026-09-08T07:46:19.290+0000] {dag.py:3239} INFO - Sync 1 DAGs
[2026-09-08T07:46:19.303+0000] {logging_mixin.py:190} INFO - [2026-09-08T07:46:19.303+0000] {dag.py:4180} INFO - Setting next_dagrun for oil_price_pipeline_dag to None, run_after=None
[2026-09-08T07:46:19.322+0000] {processor.py:208} INFO - Processing /opt/airflow/dags/ml_03_oil_pipeline.py took 0.578 seconds
[2026-09-08T07:46:50.167+0000] {processor.py:186} INFO - Started process (PID=2014) to work on /opt/airflow/dags/ml_03_oil_pipeline.py
[2026-09-08T07:46:50.168+0000] {processor.py:914} INFO - Processing file /opt/airflow/dags/ml_03_oil_pipeline.py for tasks to queue
[2026-09-08T07:46:50.170+0000] {logging_mixin.py:190} INFO - [2026-09-08T07:46:50.169+0000] {dagbag.py:588} INFO - Filling up the DagBag from /opt/airflow/dags/ml_03_oil_pipeline.py
[2026-09-08T07:46:50.685+0000] {processor.py:925} INFO - DAG(s) 'oil_price_pipeline_dag' retrieved from /opt/airflow/dags/ml_03_oil_pipeline.py
[2026-09-08T07:46:50.713+0000] {logging_mixin.py:190} INFO - [2026-09-08T07:46:50.712+0000] {dag.py:3239} INFO - Sync 1 DAGs
[2026-09-08T07:46:50.725+0000] {logging_mixin.py:190} INFO - [2026-09-08T07:46:50.725+0000] {dag.py:4180} INFO - Setting next_dagrun for oil_price_pipeline_dag to None, run_after=None
[2026-09-08T07:46:50.743+0000] {processor.py:208} INFO - Processing /opt/airflow/dags/ml_03_oil_pipeline.py took 0.583 seconds
[2026-09-08T07:47:21.494+0000] {processor.py:186} INFO - Started process (PID=2028) to work on /opt/airflow/dags/ml_03_oil_pipeline.py
[2026-09-08T07:47:21.495+0000] {processor.py:914} INFO - Processing file /opt/airflow/dags/ml_03_oil_pipeline.py for tasks to queue
[2026-09-08T07:47:21.497+0000] {logging_mixin.py:190} INFO - [2026-09-08T07:47:21.496+0000] {dagbag.py:588} INFO - Filling up the DagBag from /opt/airflow/dags/ml_03_oil_pipeline.py
[2026-09-08T07:47:21.991+0000] {processor.py:925} INFO - DAG(s) 'oil_price_pipeline_dag' retrieved from /opt/airflow/dags/ml_03_oil_pipeline.py
[2026-09-08T07:47:22.020+0000] {logging_mixin.py:190} INFO - [2026-09-08T07:47:22.019+0000] {dag.py:3239} INFO - Sync 1 DAGs
[2026-09-08T07:47:22.032+0000] {logging_mixin.py:190} INFO - [2026-09-08T07:47:22.032+0000] {dag.py:4180} INFO - Setting next_dagrun for oil_price_pipeline_dag to None, run_after=None
[2026-09-08T07:47:22.052+0000] {processor.py:208} INFO - Processing /opt/airflow/dags/ml_03_oil_pipeline.py took 0.565 seconds
[2026-09-08T07:47:52.913+0000] {processor.py:186} INFO - Started process (PID=2042) to work on /opt/airflow/dags/ml_03_oil_pipeline.py
[2026-09-08T07:47:52.914+0000] {processor.py:914} INFO - Processing file /opt/airflow/dags/ml_03_oil_pipeline.py for tasks to queue
[2026-09-08T07:47:52.917+0000] {logging_mixin.py:190} INFO - [2026-09-08T07:47:52.916+0000] {dagbag.py:588} INFO - Filling up the DagBag from /opt/airflow/dags/ml_03_oil_pipeline.py
[2026-09-08T07:47:53.448+0000] {processor.py:925} INFO - DAG(s) 'oil_price_pipeline_dag' retrieved from /opt/airflow/dags/ml_03_oil_pipeline.py
[2026-09-08T07:47:53.478+0000] {logging_mixin.py:190} INFO - [2026-09-08T07:47:53.478+0000] {dag.py:3239} INFO - Sync 1 DAGs
[2026-09-08T07:47:53.491+0000] {logging_mixin.py:190} INFO - [2026-09-08T07:47:53.491+0000] {dag.py:4180} INFO - Setting next_dagrun for oil_price_pipeline_dag to None, run_after=None
[2026-09-08T07:47:53.511+0000] {processor.py:208} INFO - Processing /opt/airflow/dags/ml_03_oil_pipeline.py took 0.606 seconds
[2026-09-08T07:48:24.346+0000] {processor.py:186} INFO - Started process (PID=2057) to work on /opt/airflow/dags/ml_03_oil_pipeline.py
[2026-09-08T07:48:24.348+0000] {processor.py:914} INFO - Processing file /opt/airflow/dags/ml_03_oil_pipeline.py for tasks to queue
[2026-09-08T07:48:24.350+0000] {logging_mixin.py:190} INFO - [2026-09-08T07:48:24.350+0000] {dagbag.py:588} INFO - Filling up the DagBag from /opt/airflow/dags/ml_03_oil_pipeline.py
[2026-09-08T07:48:24.898+0000] {processor.py:925} INFO - DAG(s) 'oil_price_pipeline_dag' retrieved from /opt/airflow/dags/ml_03_oil_pipeline.py
[2026-09-08T07:48:24.928+0000] {logging_mixin.py:190} INFO - [2026-09-08T07:48:24.928+0000] {dag.py:3239} INFO - Sync 1 DAGs
[2026-09-08T07:48:24.940+0000] {logging_mixin.py:190} INFO - [2026-09-08T07:48:24.940+0000] {dag.py:4180} INFO - Setting next_dagrun for oil_price_pipeline_dag to None, run_after=None
[2026-09-08T07:48:24.959+0000] {processor.py:208} INFO - Processing /opt/airflow/dags/ml_03_oil_pipeline.py took 0.621 seconds
[2026-09-08T07:51:00.710+0000] {processor.py:186} INFO - Started process (PID=101) to work on /opt/airflow/dags/ml_03_oil_pipeline.py
[2026-09-08T07:51:00.712+0000] {processor.py:914} INFO - Processing file /opt/airflow/dags/ml_03_oil_pipeline.py for tasks to queue
[2026-09-08T07:51:00.716+0000] {logging_mixin.py:190} INFO - [2026-09-08T07:51:00.715+0000] {dagbag.py:588} INFO - Filling up the DagBag from /opt/airflow/dags/ml_03_oil_pipeline.py
[2026-09-08T07:51:04.345+0000] {processor.py:925} INFO - DAG(s) 'oil_price_pipeline_dag' retrieved from /opt/airflow/dags/ml_03_oil_pipeline.py
[2026-09-08T07:51:04.403+0000] {logging_mixin.py:190} INFO - [2026-09-08T07:51:04.402+0000] {dag.py:3239} INFO - Sync 1 DAGs
[2026-09-08T07:51:04.421+0000] {logging_mixin.py:190} INFO - [2026-09-08T07:51:04.421+0000] {dag.py:4180} INFO - Setting next_dagrun for oil_price_pipeline_dag to None, run_after=None
[2026-09-08T07:51:04.448+0000] {processor.py:208} INFO - Processing /opt/airflow/dags/ml_03_oil_pipeline.py took 3.751 seconds
[2026-09-08T07:51:34.887+0000] {processor.py:186} INFO - Started process (PID=121) to work on /opt/airflow/dags/ml_03_oil_pipeline.py
[2026-09-08T07:51:34.888+0000] {processor.py:914} INFO - Processing file /opt/airflow/dags/ml_03_oil_pipeline.py for tasks to queue
[2026-09-08T07:51:34.890+0000] {logging_mixin.py:190} INFO - [2026-09-08T07:51:34.889+0000] {dagbag.py:588} INFO - Filling up the DagBag from /opt/airflow/dags/ml_03_oil_pipeline.py
[2026-09-08T07:51:36.831+0000] {processor.py:925} INFO - DAG(s) 'oil_price_pipeline_dag' retrieved from /opt/airflow/dags/ml_03_oil_pipeline.py
[2026-09-08T07:51:36.870+0000] {logging_mixin.py:190} INFO - [2026-09-08T07:51:36.870+0000] {dag.py:3239} INFO - Sync 1 DAGs
[2026-09-08T07:51:36.885+0000] {logging_mixin.py:190} INFO - [2026-09-08T07:51:36.884+0000] {dag.py:4180} INFO - Setting next_dagrun for oil_price_pipeline_dag to None, run_after=None
[2026-09-08T07:51:36.906+0000] {processor.py:208} INFO - Processing /opt/airflow/dags/ml_03_oil_pipeline.py took 2.026 seconds
[2026-09-08T07:52:07.377+0000] {processor.py:186} INFO - Started process (PID=135) to work on /opt/airflow/dags/ml_03_oil_pipeline.py
[2026-09-08T07:52:07.378+0000] {processor.py:914} INFO - Processing file /opt/airflow/dags/ml_03_oil_pipeline.py for tasks to queue
[2026-09-08T07:52:07.380+0000] {logging_mixin.py:190} INFO - [2026-09-08T07:52:07.380+0000] {dagbag.py:588} INFO - Filling up the DagBag from /opt/airflow/dags/ml_03_oil_pipeline.py
[2026-09-08T07:52:08.855+0000] {processor.py:925} INFO - DAG(s) 'oil_price_pipeline_dag' retrieved from /opt/airflow/dags/ml_03_oil_pipeline.py
[2026-09-08T07:52:09.895+0000] {logging_mixin.py:190} INFO - [2026-09-08T07:52:09.894+0000] {dag.py:3239} INFO - Sync 1 DAGs
[2026-09-08T07:52:10.092+0000] {logging_mixin.py:190} INFO - [2026-09-08T07:52:10.092+0000] {dag.py:4180} INFO - Setting next_dagrun for oil_price_pipeline_dag to None, run_after=None
[2026-09-08T07:52:10.133+0000] {processor.py:208} INFO - Processing /opt/airflow/dags/ml_03_oil_pipeline.py took 2.764 seconds
[2026-09-08T07:52:40.249+0000] {processor.py:186} INFO - Started process (PID=149) to work on /opt/airflow/dags/ml_03_oil_pipeline.py
[2026-09-08T07:52:40.250+0000] {processor.py:914} INFO - Processing file /opt/airflow/dags/ml_03_oil_pipeline.py for tasks to queue
[2026-09-08T07:52:40.251+0000] {logging_mixin.py:190} INFO - [2026-09-08T07:52:40.251+0000] {dagbag.py:588} INFO - Filling up the DagBag from /opt/airflow/dags/ml_03_oil_pipeline.py
[2026-09-08T07:52:41.967+0000] {processor.py:925} INFO - DAG(s) 'oil_price_pipeline_dag' retrieved from /opt/airflow/dags/ml_03_oil_pipeline.py
[2026-09-08T07:52:42.010+0000] {logging_mixin.py:190} INFO - [2026-09-08T07:52:42.010+0000] {dag.py:3239} INFO - Sync 1 DAGs
[2026-09-08T07:52:42.133+0000] {logging_mixin.py:190} INFO - [2026-09-08T07:52:42.133+0000] {dag.py:4180} INFO - Setting next_dagrun for oil_price_pipeline_dag to None, run_after=None
[2026-09-08T07:52:42.364+0000] {processor.py:208} INFO - Processing /opt/airflow/dags/ml_03_oil_pipeline.py took 2.122 seconds
[2026-09-08T07:53:12.538+0000] {processor.py:186} INFO - Started process (PID=163) to work on /opt/airflow/dags/ml_03_oil_pipeline.py
[2026-09-08T07:53:12.539+0000] {processor.py:914} INFO - Processing file /opt/airflow/dags/ml_03_oil_pipeline.py for tasks to queue
[2026-09-08T07:53:12.542+0000] {logging_mixin.py:190} INFO - [2026-09-08T07:53:12.541+0000] {dagbag.py:588} INFO - Filling up the DagBag from /opt/airflow/dags/ml_03_oil_pipeline.py
[2026-09-08T07:53:13.111+0000] {processor.py:925} INFO - DAG(s) 'oil_price_pipeline_dag' retrieved from /opt/airflow/dags/ml_03_oil_pipeline.py
[2026-09-08T07:53:13.141+0000] {logging_mixin.py:190} INFO - [2026-09-08T07:53:13.141+0000] {dag.py:3239} INFO - Sync 1 DAGs
[2026-09-08T07:53:13.154+0000] {logging_mixin.py:190} INFO - [2026-09-08T07:53:13.154+0000] {dag.py:4180} INFO - Setting next_dagrun for oil_price_pipeline_dag to None, run_after=None
[2026-09-08T07:53:13.175+0000] {processor.py:208} INFO - Processing /opt/airflow/dags/ml_03_oil_pipeline.py took 0.643 seconds
[2026-09-08T07:53:43.562+0000] {processor.py:186} INFO - Started process (PID=177) to work on /opt/airflow/dags/ml_03_oil_pipeline.py
[2026-09-08T07:53:43.563+0000] {processor.py:914} INFO - Processing file /opt/airflow/dags/ml_03_oil_pipeline.py for tasks to queue
[2026-09-08T07:53:43.565+0000] {logging_mixin.py:190} INFO - [2026-09-08T07:53:43.565+0000] {dagbag.py:588} INFO - Filling up the DagBag from /opt/airflow/dags/ml_03_oil_pipeline.py
[2026-09-08T07:53:44.105+0000] {processor.py:925} INFO - DAG(s) 'oil_price_pipeline_dag' retrieved from /opt/airflow/dags/ml_03_oil_pipeline.py
[2026-09-08T07:53:44.134+0000] {logging_mixin.py:190} INFO - [2026-09-08T07:53:44.134+0000] {dag.py:3239} INFO - Sync 1 DAGs
[2026-09-08T07:53:44.149+0000] {logging_mixin.py:190} INFO - [2026-09-08T07:53:44.149+0000] {dag.py:4180} INFO - Setting next_dagrun for oil_price_pipeline_dag to None, run_after=None
[2026-09-08T07:53:44.167+0000] {processor.py:208} INFO - Processing /opt/airflow/dags/ml_03_oil_pipeline.py took 0.611 seconds
[2026-09-08T07:54:14.305+0000] {processor.py:186} INFO - Started process (PID=191) to work on /opt/airflow/dags/ml_03_oil_pipeline.py
[2026-09-08T07:54:14.306+0000] {processor.py:914} INFO - Processing file /opt/airflow/dags/ml_03_oil_pipeline.py for tasks to queue
[2026-09-08T07:54:14.309+0000] {logging_mixin.py:190} INFO - [2026-09-08T07:54:14.308+0000] {dagbag.py:588} INFO - Filling up the DagBag from /opt/airflow/dags/ml_03_oil_pipeline.py
[2026-09-08T07:54:14.631+0000] {processor.py:925} INFO - DAG(s) 'oil_price_pipeline_dag' retrieved from /opt/airflow/dags/ml_03_oil_pipeline.py
[2026-09-08T07:54:14.664+0000] {logging_mixin.py:190} INFO - [2026-09-08T07:54:14.663+0000] {dag.py:3239} INFO - Sync 1 DAGs
[2026-09-08T07:54:14.679+0000] {logging_mixin.py:190} INFO - [2026-09-08T07:54:14.679+0000] {dag.py:4180} INFO - Setting next_dagrun for oil_price_pipeline_dag to None, run_after=None
[2026-09-08T07:54:14.699+0000] {processor.py:208} INFO - Processing /opt/airflow/dags/ml_03_oil_pipeline.py took 0.403 seconds
[2026-09-08T07:54:45.425+0000] {processor.py:186} INFO - Started process (PID=205) to work on /opt/airflow/dags/ml_03_oil_pipeline.py
[2026-09-08T07:54:45.427+0000] {processor.py:914} INFO - Processing file /opt/airflow/dags/ml_03_oil_pipeline.py for tasks to queue
[2026-09-08T07:54:45.428+0000] {logging_mixin.py:190} INFO - [2026-09-08T07:54:45.428+0000] {dagbag.py:588} INFO - Filling up the DagBag from /opt/airflow/dags/ml_03_oil_pipeline.py
[2026-09-08T07:54:45.805+0000] {processor.py:925} INFO - DAG(s) 'oil_price_pipeline_dag' retrieved from /opt/airflow/dags/ml_03_oil_pipeline.py
[2026-09-08T07:54:45.842+0000] {logging_mixin.py:190} INFO - [2026-09-08T07:54:45.842+0000] {dag.py:3239} INFO - Sync 1 DAGs
[2026-09-08T07:54:45.858+0000] {logging_mixin.py:190} INFO - [2026-09-08T07:54:45.858+0000] {dag.py:4180} INFO - Setting next_dagrun for oil_price_pipeline_dag to None, run_after=None
[2026-09-08T07:54:45.879+0000] {processor.py:208} INFO - Processing /opt/airflow/dags/ml_03_oil_pipeline.py took 0.461 seconds
[2026-09-08T07:55:16.640+0000] {processor.py:186} INFO - Started process (PID=219) to work on /opt/airflow/dags/ml_03_oil_pipeline.py
[2026-09-08T07:55:16.641+0000] {processor.py:914} INFO - Processing file /opt/airflow/dags/ml_03_oil_pipeline.py for tasks to queue
[2026-09-08T07:55:16.643+0000] {logging_mixin.py:190} INFO - [2026-09-08T07:55:16.642+0000] {dagbag.py:588} INFO - Filling up the DagBag from /opt/airflow/dags/ml_03_oil_pipeline.py
[2026-09-08T07:55:16.982+0000] {processor.py:925} INFO - DAG(s) 'oil_price_pipeline_dag' retrieved from /opt/airflow/dags/ml_03_oil_pipeline.py
[2026-09-08T07:55:17.018+0000] {logging_mixin.py:190} INFO - [2026-09-08T07:55:17.018+0000] {dag.py:3239} INFO - Sync 1 DAGs
[2026-09-08T07:55:17.035+0000] {logging_mixin.py:190} INFO - [2026-09-08T07:55:17.035+0000] {dag.py:4180} INFO - Setting next_dagrun for oil_price_pipeline_dag to None, run_after=None
[2026-09-08T07:55:17.060+0000] {processor.py:208} INFO - Processing /opt/airflow/dags/ml_03_oil_pipeline.py took 0.427 seconds
[2026-09-08T07:55:47.415+0000] {processor.py:186} INFO - Started process (PID=233) to work on /opt/airflow/dags/ml_03_oil_pipeline.py
[2026-09-08T07:55:47.416+0000] {processor.py:914} INFO - Processing file /opt/airflow/dags/ml_03_oil_pipeline.py for tasks to queue
[2026-09-08T07:55:47.418+0000] {logging_mixin.py:190} INFO - [2026-09-08T07:55:47.417+0000] {dagbag.py:588} INFO - Filling up the DagBag from /opt/airflow/dags/ml_03_oil_pipeline.py
[2026-09-08T07:55:47.866+0000] {processor.py:925} INFO - DAG(s) 'oil_price_pipeline_dag' retrieved from /opt/airflow/dags/ml_03_oil_pipeline.py
[2026-09-08T07:55:47.943+0000] {logging_mixin.py:190} INFO - [2026-09-08T07:55:47.943+0000] {dag.py:3239} INFO - Sync 1 DAGs
[2026-09-08T07:55:47.959+0000] {logging_mixin.py:190} INFO - [2026-09-08T07:55:47.959+0000] {dag.py:4180} INFO - Setting next_dagrun for oil_price_pipeline_dag to None, run_after=None
[2026-09-08T07:55:47.987+0000] {processor.py:208} INFO - Processing /opt/airflow/dags/ml_03_oil_pipeline.py took 0.579 seconds
[2026-09-08T07:56:18.317+0000] {processor.py:186} INFO - Started process (PID=253) to work on /opt/airflow/dags/ml_03_oil_pipeline.py
[2026-09-08T07:56:18.318+0000] {processor.py:914} INFO - Processing file /opt/airflow/dags/ml_03_oil_pipeline.py for tasks to queue
[2026-09-08T07:56:18.320+0000] {logging_mixin.py:190} INFO - [2026-09-08T07:56:18.320+0000] {dagbag.py:588} INFO - Filling up the DagBag from /opt/airflow/dags/ml_03_oil_pipeline.py
[2026-09-08T07:56:18.655+0000] {processor.py:925} INFO - DAG(s) 'oil_price_pipeline_dag' retrieved from /opt/airflow/dags/ml_03_oil_pipeline.py
[2026-09-08T07:56:18.690+0000] {logging_mixin.py:190} INFO - [2026-09-08T07:56:18.690+0000] {dag.py:3239} INFO - Sync 1 DAGs
[2026-09-08T07:56:18.706+0000] {logging_mixin.py:190} INFO - [2026-09-08T07:56:18.706+0000] {dag.py:4180} INFO - Setting next_dagrun for oil_price_pipeline_dag to None, run_after=None
[2026-09-08T07:56:18.736+0000] {processor.py:208} INFO - Processing /opt/airflow/dags/ml_03_oil_pipeline.py took 0.429 seconds
[2026-09-08T07:56:49.371+0000] {processor.py:186} INFO - Started process (PID=267) to work on /opt/airflow/dags/ml_03_oil_pipeline.py
[2026-09-08T07:56:49.372+0000] {processor.py:914} INFO - Processing file /opt/airflow/dags/ml_03_oil_pipeline.py for tasks to queue
[2026-09-08T07:56:49.374+0000] {logging_mixin.py:190} INFO - [2026-09-08T07:56:49.373+0000] {dagbag.py:588} INFO - Filling up the DagBag from /opt/airflow/dags/ml_03_oil_pipeline.py
[2026-09-08T07:56:49.684+0000] {processor.py:925} INFO - DAG(s) 'oil_price_pipeline_dag' retrieved from /opt/airflow/dags/ml_03_oil_pipeline.py
[2026-09-08T07:56:49.722+0000] {logging_mixin.py:190} INFO - [2026-09-08T07:56:49.722+0000] {dag.py:3239} INFO - Sync 1 DAGs
[2026-09-08T07:56:49.750+0000] {logging_mixin.py:190} INFO - [2026-09-08T07:56:49.750+0000] {dag.py:4180} INFO - Setting next_dagrun for oil_price_pipeline_dag to None, run_after=None
[2026-09-08T07:56:49.777+0000] {processor.py:208} INFO - Processing /opt/airflow/dags/ml_03_oil_pipeline.py took 0.412 seconds
[2026-09-08T07:57:20.706+0000] {processor.py:186} INFO - Started process (PID=281) to work on /opt/airflow/dags/ml_03_oil_pipeline.py
[2026-09-08T07:57:20.707+0000] {processor.py:914} INFO - Processing file /opt/airflow/dags/ml_03_oil_pipeline.py for tasks to queue
[2026-09-08T07:57:20.709+0000] {logging_mixin.py:190} INFO - [2026-09-08T07:57:20.709+0000] {dagbag.py:588} INFO - Filling up the DagBag from /opt/airflow/dags/ml_03_oil_pipeline.py
[2026-09-08T07:57:21.062+0000] {processor.py:925} INFO - DAG(s) 'oil_price_pipeline_dag' retrieved from /opt/airflow/dags/ml_03_oil_pipeline.py
[2026-09-08T07:57:21.094+0000] {logging_mixin.py:190} INFO - [2026-09-08T07:57:21.093+0000] {dag.py:3239} INFO - Sync 1 DAGs
[2026-09-08T07:57:21.110+0000] {logging_mixin.py:190} INFO - [2026-09-08T07:57:21.109+0000] {dag.py:4180} INFO - Setting next_dagrun for oil_price_pipeline_dag to None, run_after=None
[2026-09-08T07:57:21.130+0000] {processor.py:208} INFO - Processing /opt/airflow/dags/ml_03_oil_pipeline.py took 0.432 seconds
[2026-09-08T07:57:51.966+0000] {processor.py:186} INFO - Started process (PID=295) to work on /opt/airflow/dags/ml_03_oil_pipeline.py
[2026-09-08T07:57:51.967+0000] {processor.py:914} INFO - Processing file /opt/airflow/dags/ml_03_oil_pipeline.py for tasks to queue
[2026-09-08T07:57:51.969+0000] {logging_mixin.py:190} INFO - [2026-09-08T07:57:51.969+0000] {dagbag.py:588} INFO - Filling up the DagBag from /opt/airflow/dags/ml_03_oil_pipeline.py
[2026-09-08T07:57:52.287+0000] {processor.py:925} INFO - DAG(s) 'oil_price_pipeline_dag' retrieved from /opt/airflow/dags/ml_03_oil_pipeline.py
[2026-09-08T07:57:52.321+0000] {logging_mixin.py:190} INFO - [2026-09-08T07:57:52.320+0000] {dag.py:3239} INFO - Sync 1 DAGs
[2026-09-08T07:57:52.335+0000] {logging_mixin.py:190} INFO - [2026-09-08T07:57:52.334+0000] {dag.py:4180} INFO - Setting next_dagrun for oil_price_pipeline_dag to None, run_after=None
[2026-09-08T07:57:52.355+0000] {processor.py:208} INFO - Processing /opt/airflow/dags/ml_03_oil_pipeline.py took 0.395 seconds
[2026-09-08T07:58:23.186+0000] {processor.py:186} INFO - Started process (PID=309) to work on /opt/airflow/dags/ml_03_oil_pipeline.py
[2026-09-08T07:58:23.187+0000] {processor.py:914} INFO - Processing file /opt/airflow/dags/ml_03_oil_pipeline.py for tasks to queue
[2026-09-08T07:58:23.189+0000] {logging_mixin.py:190} INFO - [2026-09-08T07:58:23.189+0000] {dagbag.py:588} INFO - Filling up the DagBag from /opt/airflow/dags/ml_03_oil_pipeline.py
[2026-09-08T07:58:23.503+0000] {processor.py:925} INFO - DAG(s) 'oil_price_pipeline_dag' retrieved from /opt/airflow/dags/ml_03_oil_pipeline.py
[2026-09-08T07:58:23.540+0000] {logging_mixin.py:190} INFO - [2026-09-08T07:58:23.539+0000] {dag.py:3239} INFO - Sync 1 DAGs
[2026-09-08T07:58:23.555+0000] {logging_mixin.py:190} INFO - [2026-09-08T07:58:23.555+0000] {dag.py:4180} INFO - Setting next_dagrun for oil_price_pipeline_dag to None, run_after=None
[2026-09-08T07:58:23.577+0000] {processor.py:208} INFO - Processing /opt/airflow/dags/ml_03_oil_pipeline.py took 0.397 seconds
[2026-09-08T07:58:54.413+0000] {processor.py:186} INFO - Started process (PID=323) to work on /opt/airflow/dags/ml_03_oil_pipeline.py
[2026-09-08T07:58:54.414+0000] {processor.py:914} INFO - Processing file /opt/airflow/dags/ml_03_oil_pipeline.py for tasks to queue
[2026-09-08T07:58:54.416+0000] {logging_mixin.py:190} INFO - [2026-09-08T07:58:54.415+0000] {dagbag.py:588} INFO - Filling up the DagBag from /opt/airflow/dags/ml_03_oil_pipeline.py
[2026-09-08T07:58:54.782+0000] {processor.py:925} INFO - DAG(s) 'oil_price_pipeline_dag' retrieved from /opt/airflow/dags/ml_03_oil_pipeline.py
[2026-09-08T07:58:54.818+0000] {logging_mixin.py:190} INFO - [2026-09-08T07:58:54.818+0000] {dag.py:3239} INFO - Sync 1 DAGs
[2026-09-08T07:58:54.833+0000] {logging_mixin.py:190} INFO - [2026-09-08T07:58:54.833+0000] {dag.py:4180} INFO - Setting next_dagrun for oil_price_pipeline_dag to None, run_after=None
[2026-09-08T07:58:54.854+0000] {processor.py:208} INFO - Processing /opt/airflow/dags/ml_03_oil_pipeline.py took 0.449 seconds
[2026-09-08T07:59:25.693+0000] {processor.py:186} INFO - Started process (PID=337) to work on /opt/airflow/dags/ml_03_oil_pipeline.py
[2026-09-08T07:59:25.694+0000] {processor.py:914} INFO - Processing file /opt/airflow/dags/ml_03_oil_pipeline.py for tasks to queue
[2026-09-08T07:59:25.696+0000] {logging_mixin.py:190} INFO - [2026-09-08T07:59:25.695+0000] {dagbag.py:588} INFO - Filling up the DagBag from /opt/airflow/dags/ml_03_oil_pipeline.py
[2026-09-08T07:59:26.043+0000] {processor.py:925} INFO - DAG(s) 'oil_price_pipeline_dag' retrieved from /opt/airflow/dags/ml_03_oil_pipeline.py
[2026-09-08T07:59:26.077+0000] {logging_mixin.py:190} INFO - [2026-09-08T07:59:26.077+0000] {dag.py:3239} INFO - Sync 1 DAGs
[2026-09-08T07:59:26.093+0000] {logging_mixin.py:190} INFO - [2026-09-08T07:59:26.092+0000] {dag.py:4180} INFO - Setting next_dagrun for oil_price_pipeline_dag to None, run_after=None
[2026-09-08T07:59:26.115+0000] {processor.py:208} INFO - Processing /opt/airflow/dags/ml_03_oil_pipeline.py took 0.429 seconds
[2026-09-08T07:59:56.194+0000] {processor.py:186} INFO - Started process (PID=351) to work on /opt/airflow/dags/ml_03_oil_pipeline.py
[2026-09-08T07:59:56.195+0000] {processor.py:914} INFO - Processing file /opt/airflow/dags/ml_03_oil_pipeline.py for tasks to queue
[2026-09-08T07:59:56.197+0000] {logging_mixin.py:190} INFO - [2026-09-08T07:59:56.197+0000] {dagbag.py:588} INFO - Filling up the DagBag from /opt/airflow/dags/ml_03_oil_pipeline.py
[2026-09-08T07:59:56.586+0000] {processor.py:925} INFO - DAG(s) 'oil_price_pipeline_dag' retrieved from /opt/airflow/dags/ml_03_oil_pipeline.py
[2026-09-08T07:59:56.626+0000] {logging_mixin.py:190} INFO - [2026-09-08T07:59:56.626+0000] {dag.py:3239} INFO - Sync 1 DAGs
[2026-09-08T07:59:56.644+0000] {logging_mixin.py:190} INFO - [2026-09-08T07:59:56.644+0000] {dag.py:4180} INFO - Setting next_dagrun for oil_price_pipeline_dag to None, run_after=None
[2026-09-08T07:59:56.672+0000] {processor.py:208} INFO - Processing /opt/airflow/dags/ml_03_oil_pipeline.py took 0.485 seconds
[2026-09-08T08:00:27.395+0000] {processor.py:186} INFO - Started process (PID=365) to work on /opt/airflow/dags/ml_03_oil_pipeline.py
[2026-09-08T08:00:27.396+0000] {processor.py:914} INFO - Processing file /opt/airflow/dags/ml_03_oil_pipeline.py for tasks to queue
[2026-09-08T08:00:27.398+0000] {logging_mixin.py:190} INFO - [2026-09-08T08:00:27.398+0000] {dagbag.py:588} INFO - Filling up the DagBag from /opt/airflow/dags/ml_03_oil_pipeline.py
[2026-09-08T08:00:27.902+0000] {processor.py:925} INFO - DAG(s) 'oil_price_pipeline_dag' retrieved from /opt/airflow/dags/ml_03_oil_pipeline.py
[2026-09-08T08:00:27.945+0000] {logging_mixin.py:190} INFO - [2026-09-08T08:00:27.945+0000] {dag.py:3239} INFO - Sync 1 DAGs
[2026-09-08T08:00:27.965+0000] {logging_mixin.py:190} INFO - [2026-09-08T08:00:27.964+0000] {dag.py:4180} INFO - Setting next_dagrun for oil_price_pipeline_dag to None, run_after=None
[2026-09-08T08:00:27.991+0000] {processor.py:208} INFO - Processing /opt/airflow/dags/ml_03_oil_pipeline.py took 0.602 seconds
[2026-09-08T08:00:58.704+0000] {processor.py:186} INFO - Started process (PID=379) to work on /opt/airflow/dags/ml_03_oil_pipeline.py
[2026-09-08T08:00:58.705+0000] {processor.py:914} INFO - Processing file /opt/airflow/dags/ml_03_oil_pipeline.py for tasks to queue
[2026-09-08T08:00:58.707+0000] {logging_mixin.py:190} INFO - [2026-09-08T08:00:58.707+0000] {dagbag.py:588} INFO - Filling up the DagBag from /opt/airflow/dags/ml_03_oil_pipeline.py
[2026-09-08T08:00:59.030+0000] {processor.py:925} INFO - DAG(s) 'oil_price_pipeline_dag' retrieved from /opt/airflow/dags/ml_03_oil_pipeline.py
[2026-09-08T08:00:59.063+0000] {logging_mixin.py:190} INFO - [2026-09-08T08:00:59.062+0000] {dag.py:3239} INFO - Sync 1 DAGs
[2026-09-08T08:00:59.078+0000] {logging_mixin.py:190} INFO - [2026-09-08T08:00:59.078+0000] {dag.py:4180} INFO - Setting next_dagrun for oil_price_pipeline_dag to None, run_after=None
[2026-09-08T08:00:59.099+0000] {processor.py:208} INFO - Processing /opt/airflow/dags/ml_03_oil_pipeline.py took 0.401 seconds
[2026-09-08T08:01:29.384+0000] {processor.py:186} INFO - Started process (PID=393) to work on /opt/airflow/dags/ml_03_oil_pipeline.py
[2026-09-08T08:01:29.386+0000] {processor.py:914} INFO - Processing file /opt/airflow/dags/ml_03_oil_pipeline.py for tasks to queue
[2026-09-08T08:01:29.389+0000] {logging_mixin.py:190} INFO - [2026-09-08T08:01:29.388+0000] {dagbag.py:588} INFO - Filling up the DagBag from /opt/airflow/dags/ml_03_oil_pipeline.py
[2026-09-08T08:01:29.965+0000] {processor.py:925} INFO - DAG(s) 'oil_price_pipeline_dag' retrieved from /opt/airflow/dags/ml_03_oil_pipeline.py
[2026-09-08T08:01:30.019+0000] {logging_mixin.py:190} INFO - [2026-09-08T08:01:30.018+0000] {dag.py:3239} INFO - Sync 1 DAGs
[2026-09-08T08:01:30.045+0000] {logging_mixin.py:190} INFO - [2026-09-08T08:01:30.044+0000] {dag.py:4180} INFO - Setting next_dagrun for oil_price_pipeline_dag to None, run_after=None
[2026-09-08T08:01:30.087+0000] {processor.py:208} INFO - Processing /opt/airflow/dags/ml_03_oil_pipeline.py took 0.714 seconds
[2026-09-08T08:02:00.835+0000] {processor.py:186} INFO - Started process (PID=407) to work on /opt/airflow/dags/ml_03_oil_pipeline.py
[2026-09-08T08:02:00.836+0000] {processor.py:914} INFO - Processing file /opt/airflow/dags/ml_03_oil_pipeline.py for tasks to queue
[2026-09-08T08:02:00.839+0000] {logging_mixin.py:190} INFO - [2026-09-08T08:02:00.839+0000] {dagbag.py:588} INFO - Filling up the DagBag from /opt/airflow/dags/ml_03_oil_pipeline.py
[2026-09-08T08:02:01.400+0000] {processor.py:925} INFO - DAG(s) 'oil_price_pipeline_dag' retrieved from /opt/airflow/dags/ml_03_oil_pipeline.py
[2026-09-08T08:02:01.449+0000] {logging_mixin.py:190} INFO - [2026-09-08T08:02:01.449+0000] {dag.py:3239} INFO - Sync 1 DAGs
[2026-09-08T08:02:01.477+0000] {logging_mixin.py:190} INFO - [2026-09-08T08:02:01.476+0000] {dag.py:4180} INFO - Setting next_dagrun for oil_price_pipeline_dag to None, run_after=None
[2026-09-08T08:02:01.520+0000] {processor.py:208} INFO - Processing /opt/airflow/dags/ml_03_oil_pipeline.py took 0.696 seconds
[2026-09-08T08:02:32.171+0000] {processor.py:186} INFO - Started process (PID=421) to work on /opt/airflow/dags/ml_03_oil_pipeline.py
[2026-09-08T08:02:32.173+0000] {processor.py:914} INFO - Processing file /opt/airflow/dags/ml_03_oil_pipeline.py for tasks to queue
[2026-09-08T08:02:32.176+0000] {logging_mixin.py:190} INFO - [2026-09-08T08:02:32.176+0000] {dagbag.py:588} INFO - Filling up the DagBag from /opt/airflow/dags/ml_03_oil_pipeline.py
[2026-09-08T08:02:32.679+0000] {processor.py:925} INFO - DAG(s) 'oil_price_pipeline_dag' retrieved from /opt/airflow/dags/ml_03_oil_pipeline.py
[2026-09-08T08:02:32.731+0000] {logging_mixin.py:190} INFO - [2026-09-08T08:02:32.731+0000] {dag.py:3239} INFO - Sync 1 DAGs
[2026-09-08T08:02:32.756+0000] {logging_mixin.py:190} INFO - [2026-09-08T08:02:32.756+0000] {dag.py:4180} INFO - Setting next_dagrun for oil_price_pipeline_dag to None, run_after=None
[2026-09-08T08:02:32.795+0000] {processor.py:208} INFO - Processing /opt/airflow/dags/ml_03_oil_pipeline.py took 0.634 seconds
[2026-09-08T08:03:03.625+0000] {processor.py:186} INFO - Started process (PID=435) to work on /opt/airflow/dags/ml_03_oil_pipeline.py
[2026-09-08T08:03:03.627+0000] {processor.py:914} INFO - Processing file /opt/airflow/dags/ml_03_oil_pipeline.py for tasks to queue
[2026-09-08T08:03:03.630+0000] {logging_mixin.py:190} INFO - [2026-09-08T08:03:03.629+0000] {dagbag.py:588} INFO - Filling up the DagBag from /opt/airflow/dags/ml_03_oil_pipeline.py
[2026-09-08T08:03:04.141+0000] {processor.py:925} INFO - DAG(s) 'oil_price_pipeline_dag' retrieved from /opt/airflow/dags/ml_03_oil_pipeline.py
[2026-09-08T08:03:04.191+0000] {logging_mixin.py:190} INFO - [2026-09-08T08:03:04.191+0000] {dag.py:3239} INFO - Sync 1 DAGs
[2026-09-08T08:03:04.216+0000] {logging_mixin.py:190} INFO - [2026-09-08T08:03:04.215+0000] {dag.py:4180} INFO - Setting next_dagrun for oil_price_pipeline_dag to None, run_after=None
[2026-09-08T08:03:04.256+0000] {processor.py:208} INFO - Processing /opt/airflow/dags/ml_03_oil_pipeline.py took 0.642 seconds
[2026-09-08T08:03:34.965+0000] {processor.py:186} INFO - Started process (PID=449) to work on /opt/airflow/dags/ml_03_oil_pipeline.py
[2026-09-08T08:03:34.967+0000] {processor.py:914} INFO - Processing file /opt/airflow/dags/ml_03_oil_pipeline.py for tasks to queue
[2026-09-08T08:03:34.970+0000] {logging_mixin.py:190} INFO - [2026-09-08T08:03:34.969+0000] {dagbag.py:588} INFO - Filling up the DagBag from /opt/airflow/dags/ml_03_oil_pipeline.py
[2026-09-08T08:03:35.472+0000] {processor.py:925} INFO - DAG(s) 'oil_price_pipeline_dag' retrieved from /opt/airflow/dags/ml_03_oil_pipeline.py
[2026-09-08T08:03:35.529+0000] {logging_mixin.py:190} INFO - [2026-09-08T08:03:35.529+0000] {dag.py:3239} INFO - Sync 1 DAGs
[2026-09-08T08:03:35.552+0000] {logging_mixin.py:190} INFO - [2026-09-08T08:03:35.552+0000] {dag.py:4180} INFO - Setting next_dagrun for oil_price_pipeline_dag to None, run_after=None
[2026-09-08T08:03:35.591+0000] {processor.py:208} INFO - Processing /opt/airflow/dags/ml_03_oil_pipeline.py took 0.637 seconds
[2026-09-08T08:04:06.307+0000] {processor.py:186} INFO - Started process (PID=463) to work on /opt/airflow/dags/ml_03_oil_pipeline.py
[2026-09-08T08:04:06.309+0000] {processor.py:914} INFO - Processing file /opt/airflow/dags/ml_03_oil_pipeline.py for tasks to queue
[2026-09-08T08:04:06.312+0000] {logging_mixin.py:190} INFO - [2026-09-08T08:04:06.311+0000] {dagbag.py:588} INFO - Filling up the DagBag from /opt/airflow/dags/ml_03_oil_pipeline.py
[2026-09-08T08:04:06.792+0000] {processor.py:925} INFO - DAG(s) 'oil_price_pipeline_dag' retrieved from /opt/airflow/dags/ml_03_oil_pipeline.py
[2026-09-08T08:04:06.839+0000] {logging_mixin.py:190} INFO - [2026-09-08T08:04:06.839+0000] {dag.py:3239} INFO - Sync 1 DAGs
[2026-09-08T08:04:06.859+0000] {logging_mixin.py:190} INFO - [2026-09-08T08:04:06.859+0000] {dag.py:4180} INFO - Setting next_dagrun for oil_price_pipeline_dag to None, run_after=None
[2026-09-08T08:04:06.898+0000] {processor.py:208} INFO - Processing /opt/airflow/dags/ml_03_oil_pipeline.py took 0.604 seconds
[2026-09-08T08:04:37.702+0000] {processor.py:186} INFO - Started process (PID=477) to work on /opt/airflow/dags/ml_03_oil_pipeline.py
[2026-09-08T08:04:37.706+0000] {processor.py:914} INFO - Processing file /opt/airflow/dags/ml_03_oil_pipeline.py for tasks to queue
[2026-09-08T08:04:37.713+0000] {logging_mixin.py:190} INFO - [2026-09-08T08:04:37.712+0000] {dagbag.py:588} INFO - Filling up the DagBag from /opt/airflow/dags/ml_03_oil_pipeline.py
[2026-09-08T08:04:38.374+0000] {processor.py:925} INFO - DAG(s) 'oil_price_pipeline_dag' retrieved from /opt/airflow/dags/ml_03_oil_pipeline.py
[2026-09-08T08:04:38.429+0000] {logging_mixin.py:190} INFO - [2026-09-08T08:04:38.428+0000] {dag.py:3239} INFO - Sync 1 DAGs
[2026-09-08T08:04:38.461+0000] {logging_mixin.py:190} INFO - [2026-09-08T08:04:38.461+0000] {dag.py:4180} INFO - Setting next_dagrun for oil_price_pipeline_dag to None, run_after=None
[2026-09-08T08:04:38.493+0000] {processor.py:208} INFO - Processing /opt/airflow/dags/ml_03_oil_pipeline.py took 0.820 seconds
[2026-09-08T08:05:09.056+0000] {processor.py:186} INFO - Started process (PID=491) to work on /opt/airflow/dags/ml_03_oil_pipeline.py
[2026-09-08T08:05:09.057+0000] {processor.py:914} INFO - Processing file /opt/airflow/dags/ml_03_oil_pipeline.py for tasks to queue
[2026-09-08T08:05:09.061+0000] {logging_mixin.py:190} INFO - [2026-09-08T08:05:09.060+0000] {dagbag.py:588} INFO - Filling up the DagBag from /opt/airflow/dags/ml_03_oil_pipeline.py
[2026-09-08T08:05:09.634+0000] {processor.py:925} INFO - DAG(s) 'oil_price_pipeline_dag' retrieved from /opt/airflow/dags/ml_03_oil_pipeline.py
[2026-09-08T08:05:09.688+0000] {logging_mixin.py:190} INFO - [2026-09-08T08:05:09.687+0000] {dag.py:3239} INFO - Sync 1 DAGs
[2026-09-08T08:05:09.717+0000] {logging_mixin.py:190} INFO - [2026-09-08T08:05:09.716+0000] {dag.py:4180} INFO - Setting next_dagrun for oil_price_pipeline_dag to None, run_after=None
[2026-09-08T08:05:09.761+0000] {processor.py:208} INFO - Processing /opt/airflow/dags/ml_03_oil_pipeline.py took 0.715 seconds
[2026-09-08T08:05:40.387+0000] {processor.py:186} INFO - Started process (PID=505) to work on /opt/airflow/dags/ml_03_oil_pipeline.py
[2026-09-08T08:05:40.389+0000] {processor.py:914} INFO - Processing file /opt/airflow/dags/ml_03_oil_pipeline.py for tasks to queue
[2026-09-08T08:05:40.392+0000] {logging_mixin.py:190} INFO - [2026-09-08T08:05:40.392+0000] {dagbag.py:588} INFO - Filling up the DagBag from /opt/airflow/dags/ml_03_oil_pipeline.py
[2026-09-08T08:05:40.903+0000] {processor.py:925} INFO - DAG(s) 'oil_price_pipeline_dag' retrieved from /opt/airflow/dags/ml_03_oil_pipeline.py
[2026-09-08T08:05:40.955+0000] {logging_mixin.py:190} INFO - [2026-09-08T08:05:40.954+0000] {dag.py:3239} INFO - Sync 1 DAGs
[2026-09-08T08:05:40.982+0000] {logging_mixin.py:190} INFO - [2026-09-08T08:05:40.981+0000] {dag.py:4180} INFO - Setting next_dagrun for oil_price_pipeline_dag to None, run_after=None
[2026-09-08T08:05:41.022+0000] {processor.py:208} INFO - Processing /opt/airflow/dags/ml_03_oil_pipeline.py took 0.645 seconds
[2026-09-08T08:06:11.329+0000] {processor.py:186} INFO - Started process (PID=520) to work on /opt/airflow/dags/ml_03_oil_pipeline.py
[2026-09-08T08:06:11.331+0000] {processor.py:914} INFO - Processing file /opt/airflow/dags/ml_03_oil_pipeline.py for tasks to queue
[2026-09-08T08:06:11.334+0000] {logging_mixin.py:190} INFO - [2026-09-08T08:06:11.334+0000] {dagbag.py:588} INFO - Filling up the DagBag from /opt/airflow/dags/ml_03_oil_pipeline.py
[2026-09-08T08:06:12.029+0000] {processor.py:925} INFO - DAG(s) 'oil_price_pipeline_dag' retrieved from /opt/airflow/dags/ml_03_oil_pipeline.py
[2026-09-08T08:06:12.082+0000] {logging_mixin.py:190} INFO - [2026-09-08T08:06:12.081+0000] {dag.py:3239} INFO - Sync 1 DAGs
[2026-09-08T08:06:12.107+0000] {logging_mixin.py:190} INFO - [2026-09-08T08:06:12.106+0000] {dag.py:4180} INFO - Setting next_dagrun for oil_price_pipeline_dag to None, run_after=None
[2026-09-08T08:06:12.147+0000] {processor.py:208} INFO - Processing /opt/airflow/dags/ml_03_oil_pipeline.py took 0.828 seconds
[2026-09-08T08:06:42.554+0000] {processor.py:186} INFO - Started process (PID=534) to work on /opt/airflow/dags/ml_03_oil_pipeline.py
[2026-09-08T08:06:42.556+0000] {processor.py:914} INFO - Processing file /opt/airflow/dags/ml_03_oil_pipeline.py for tasks to queue
[2026-09-08T08:06:42.559+0000] {logging_mixin.py:190} INFO - [2026-09-08T08:06:42.558+0000] {dagbag.py:588} INFO - Filling up the DagBag from /opt/airflow/dags/ml_03_oil_pipeline.py
[2026-09-08T08:06:43.079+0000] {processor.py:925} INFO - DAG(s) 'oil_price_pipeline_dag' retrieved from /opt/airflow/dags/ml_03_oil_pipeline.py
[2026-09-08T08:06:43.133+0000] {logging_mixin.py:190} INFO - [2026-09-08T08:06:43.132+0000] {dag.py:3239} INFO - Sync 1 DAGs
[2026-09-08T08:06:43.160+0000] {logging_mixin.py:190} INFO - [2026-09-08T08:06:43.159+0000] {dag.py:4180} INFO - Setting next_dagrun for oil_price_pipeline_dag to None, run_after=None
[2026-09-08T08:06:43.208+0000] {processor.py:208} INFO - Processing /opt/airflow/dags/ml_03_oil_pipeline.py took 0.665 seconds
[2026-09-08T08:07:14.038+0000] {processor.py:186} INFO - Started process (PID=548) to work on /opt/airflow/dags/ml_03_oil_pipeline.py
[2026-09-08T08:07:14.039+0000] {processor.py:914} INFO - Processing file /opt/airflow/dags/ml_03_oil_pipeline.py for tasks to queue
[2026-09-08T08:07:14.043+0000] {logging_mixin.py:190} INFO - [2026-09-08T08:07:14.042+0000] {dagbag.py:588} INFO - Filling up the DagBag from /opt/airflow/dags/ml_03_oil_pipeline.py
[2026-09-08T08:07:14.560+0000] {processor.py:925} INFO - DAG(s) 'oil_price_pipeline_dag' retrieved from /opt/airflow/dags/ml_03_oil_pipeline.py
[2026-09-08T08:07:14.613+0000] {logging_mixin.py:190} INFO - [2026-09-08T08:07:14.613+0000] {dag.py:3239} INFO - Sync 1 DAGs
[2026-09-08T08:07:14.744+0000] {logging_mixin.py:190} INFO - [2026-09-08T08:07:14.744+0000] {dag.py:4180} INFO - Setting next_dagrun for oil_price_pipeline_dag to None, run_after=None
[2026-09-08T08:07:14.783+0000] {processor.py:208} INFO - Processing /opt/airflow/dags/ml_03_oil_pipeline.py took 0.755 seconds
[2026-09-08T08:07:45.594+0000] {processor.py:186} INFO - Started process (PID=562) to work on /opt/airflow/dags/ml_03_oil_pipeline.py
[2026-09-08T08:07:45.596+0000] {processor.py:914} INFO - Processing file /opt/airflow/dags/ml_03_oil_pipeline.py for tasks to queue
[2026-09-08T08:07:45.600+0000] {logging_mixin.py:190} INFO - [2026-09-08T08:07:45.599+0000] {dagbag.py:588} INFO - Filling up the DagBag from /opt/airflow/dags/ml_03_oil_pipeline.py
[2026-09-08T08:07:46.199+0000] {processor.py:925} INFO - DAG(s) 'oil_price_pipeline_dag' retrieved from /opt/airflow/dags/ml_03_oil_pipeline.py
[2026-09-08T08:07:46.254+0000] {logging_mixin.py:190} INFO - [2026-09-08T08:07:46.254+0000] {dag.py:3239} INFO - Sync 1 DAGs
[2026-09-08T08:07:46.279+0000] {logging_mixin.py:190} INFO - [2026-09-08T08:07:46.278+0000] {dag.py:4180} INFO - Setting next_dagrun for oil_price_pipeline_dag to None, run_after=None
[2026-09-08T08:07:46.316+0000] {processor.py:208} INFO - Processing /opt/airflow/dags/ml_03_oil_pipeline.py took 0.736 seconds
[2026-09-08T08:08:16.963+0000] {processor.py:186} INFO - Started process (PID=576) to work on /opt/airflow/dags/ml_03_oil_pipeline.py
[2026-09-08T08:08:16.965+0000] {processor.py:914} INFO - Processing file /opt/airflow/dags/ml_03_oil_pipeline.py for tasks to queue
[2026-09-08T08:08:16.968+0000] {logging_mixin.py:190} INFO - [2026-09-08T08:08:16.968+0000] {dagbag.py:588} INFO - Filling up the DagBag from /opt/airflow/dags/ml_03_oil_pipeline.py
[2026-09-08T08:08:17.586+0000] {processor.py:925} INFO - DAG(s) 'oil_price_pipeline_dag' retrieved from /opt/airflow/dags/ml_03_oil_pipeline.py
[2026-09-08T08:08:17.669+0000] {logging_mixin.py:190} INFO - [2026-09-08T08:08:17.668+0000] {dag.py:3239} INFO - Sync 1 DAGs
[2026-09-08T08:08:17.727+0000] {logging_mixin.py:190} INFO - [2026-09-08T08:08:17.727+0000] {dag.py:4180} INFO - Setting next_dagrun for oil_price_pipeline_dag to None, run_after=None
[2026-09-08T08:08:17.787+0000] {processor.py:208} INFO - Processing /opt/airflow/dags/ml_03_oil_pipeline.py took 0.836 seconds
[2026-09-08T08:08:48.382+0000] {processor.py:186} INFO - Started process (PID=590) to work on /opt/airflow/dags/ml_03_oil_pipeline.py
[2026-09-08T08:08:48.384+0000] {processor.py:914} INFO - Processing file /opt/airflow/dags/ml_03_oil_pipeline.py for tasks to queue
[2026-09-08T08:08:48.387+0000] {logging_mixin.py:190} INFO - [2026-09-08T08:08:48.387+0000] {dagbag.py:588} INFO - Filling up the DagBag from /opt/airflow/dags/ml_03_oil_pipeline.py
[2026-09-08T08:08:49.045+0000] {processor.py:925} INFO - DAG(s) 'oil_price_pipeline_dag' retrieved from /opt/airflow/dags/ml_03_oil_pipeline.py
[2026-09-08T08:08:49.107+0000] {logging_mixin.py:190} INFO - [2026-09-08T08:08:49.106+0000] {dag.py:3239} INFO - Sync 1 DAGs
[2026-09-08T08:08:49.135+0000] {logging_mixin.py:190} INFO - [2026-09-08T08:08:49.135+0000] {dag.py:4180} INFO - Setting next_dagrun for oil_price_pipeline_dag to None, run_after=None
[2026-09-08T08:08:49.177+0000] {processor.py:208} INFO - Processing /opt/airflow/dags/ml_03_oil_pipeline.py took 0.803 seconds
[2026-09-08T08:09:19.410+0000] {processor.py:186} INFO - Started process (PID=605) to work on /opt/airflow/dags/ml_03_oil_pipeline.py
[2026-09-08T08:09:19.412+0000] {processor.py:914} INFO - Processing file /opt/airflow/dags/ml_03_oil_pipeline.py for tasks to queue
[2026-09-08T08:09:19.415+0000] {logging_mixin.py:190} INFO - [2026-09-08T08:09:19.414+0000] {dagbag.py:588} INFO - Filling up the DagBag from /opt/airflow/dags/ml_03_oil_pipeline.py
[2026-09-08T08:09:20.040+0000] {processor.py:925} INFO - DAG(s) 'oil_price_pipeline_dag' retrieved from /opt/airflow/dags/ml_03_oil_pipeline.py
[2026-09-08T08:09:20.101+0000] {logging_mixin.py:190} INFO - [2026-09-08T08:09:20.101+0000] {dag.py:3239} INFO - Sync 1 DAGs
[2026-09-08T08:09:20.130+0000] {logging_mixin.py:190} INFO - [2026-09-08T08:09:20.129+0000] {dag.py:4180} INFO - Setting next_dagrun for oil_price_pipeline_dag to None, run_after=None
[2026-09-08T08:09:20.165+0000] {processor.py:208} INFO - Processing /opt/airflow/dags/ml_03_oil_pipeline.py took 0.768 seconds
[2026-09-08T08:09:50.675+0000] {processor.py:186} INFO - Started process (PID=627) to work on /opt/airflow/dags/ml_03_oil_pipeline.py
[2026-09-08T08:09:50.678+0000] {processor.py:914} INFO - Processing file /opt/airflow/dags/ml_03_oil_pipeline.py for tasks to queue
[2026-09-08T08:09:50.683+0000] {logging_mixin.py:190} INFO - [2026-09-08T08:09:50.681+0000] {dagbag.py:588} INFO - Filling up the DagBag from /opt/airflow/dags/ml_03_oil_pipeline.py
[2026-09-08T08:09:51.298+0000] {processor.py:925} INFO - DAG(s) 'oil_price_pipeline_dag' retrieved from /opt/airflow/dags/ml_03_oil_pipeline.py
[2026-09-08T08:09:51.360+0000] {logging_mixin.py:190} INFO - [2026-09-08T08:09:51.359+0000] {dag.py:3239} INFO - Sync 1 DAGs
[2026-09-08T08:09:51.386+0000] {logging_mixin.py:190} INFO - [2026-09-08T08:09:51.385+0000] {dag.py:4180} INFO - Setting next_dagrun for oil_price_pipeline_dag to None, run_after=None
[2026-09-08T08:09:51.422+0000] {processor.py:208} INFO - Processing /opt/airflow/dags/ml_03_oil_pipeline.py took 0.773 seconds
[2026-09-08T08:10:21.988+0000] {processor.py:186} INFO - Started process (PID=641) to work on /opt/airflow/dags/ml_03_oil_pipeline.py
[2026-09-08T08:10:21.990+0000] {processor.py:914} INFO - Processing file /opt/airflow/dags/ml_03_oil_pipeline.py for tasks to queue
[2026-09-08T08:10:21.994+0000] {logging_mixin.py:190} INFO - [2026-09-08T08:10:21.993+0000] {dagbag.py:588} INFO - Filling up the DagBag from /opt/airflow/dags/ml_03_oil_pipeline.py
[2026-09-08T08:10:22.584+0000] {processor.py:925} INFO - DAG(s) 'oil_price_pipeline_dag' retrieved from /opt/airflow/dags/ml_03_oil_pipeline.py
[2026-09-08T08:10:22.651+0000] {logging_mixin.py:190} INFO - [2026-09-08T08:10:22.650+0000] {dag.py:3239} INFO - Sync 1 DAGs
[2026-09-08T08:10:22.680+0000] {logging_mixin.py:190} INFO - [2026-09-08T08:10:22.680+0000] {dag.py:4180} INFO - Setting next_dagrun for oil_price_pipeline_dag to None, run_after=None
[2026-09-08T08:10:22.713+0000] {processor.py:208} INFO - Processing /opt/airflow/dags/ml_03_oil_pipeline.py took 0.740 seconds
[2026-09-08T08:10:52.906+0000] {processor.py:186} INFO - Started process (PID=657) to work on /opt/airflow/dags/ml_03_oil_pipeline.py
[2026-09-08T08:10:52.908+0000] {processor.py:914} INFO - Processing file /opt/airflow/dags/ml_03_oil_pipeline.py for tasks to queue
[2026-09-08T08:10:52.911+0000] {logging_mixin.py:190} INFO - [2026-09-08T08:10:52.910+0000] {dagbag.py:588} INFO - Filling up the DagBag from /opt/airflow/dags/ml_03_oil_pipeline.py
[2026-09-08T08:10:53.485+0000] {processor.py:925} INFO - DAG(s) 'oil_price_pipeline_dag' retrieved from /opt/airflow/dags/ml_03_oil_pipeline.py
[2026-09-08T08:10:53.546+0000] {logging_mixin.py:190} INFO - [2026-09-08T08:10:53.545+0000] {dag.py:3239} INFO - Sync 1 DAGs
[2026-09-08T08:10:53.567+0000] {logging_mixin.py:190} INFO - [2026-09-08T08:10:53.566+0000] {dag.py:4180} INFO - Setting next_dagrun for oil_price_pipeline_dag to None, run_after=None
[2026-09-08T08:10:53.599+0000] {processor.py:208} INFO - Processing /opt/airflow/dags/ml_03_oil_pipeline.py took 0.704 seconds
[2026-09-08T08:11:23.982+0000] {processor.py:186} INFO - Started process (PID=672) to work on /opt/airflow/dags/ml_03_oil_pipeline.py
[2026-09-08T08:11:23.983+0000] {processor.py:914} INFO - Processing file /opt/airflow/dags/ml_03_oil_pipeline.py for tasks to queue
[2026-09-08T08:11:23.987+0000] {logging_mixin.py:190} INFO - [2026-09-08T08:11:23.986+0000] {dagbag.py:588} INFO - Filling up the DagBag from /opt/airflow/dags/ml_03_oil_pipeline.py
[2026-09-08T08:11:24.504+0000] {processor.py:925} INFO - DAG(s) 'oil_price_pipeline_dag' retrieved from /opt/airflow/dags/ml_03_oil_pipeline.py
[2026-09-08T08:11:24.557+0000] {logging_mixin.py:190} INFO - [2026-09-08T08:11:24.557+0000] {dag.py:3239} INFO - Sync 1 DAGs
[2026-09-08T08:11:24.585+0000] {logging_mixin.py:190} INFO - [2026-09-08T08:11:24.585+0000] {dag.py:4180} INFO - Setting next_dagrun for oil_price_pipeline_dag to None, run_after=None
[2026-09-08T08:11:24.621+0000] {processor.py:208} INFO - Processing /opt/airflow/dags/ml_03_oil_pipeline.py took 0.651 seconds
[2026-09-08T08:11:55.103+0000] {processor.py:186} INFO - Started process (PID=686) to work on /opt/airflow/dags/ml_03_oil_pipeline.py
[2026-09-08T08:11:55.105+0000] {processor.py:914} INFO - Processing file /opt/airflow/dags/ml_03_oil_pipeline.py for tasks to queue
[2026-09-08T08:11:55.108+0000] {logging_mixin.py:190} INFO - [2026-09-08T08:11:55.107+0000] {dagbag.py:588} INFO - Filling up the DagBag from /opt/airflow/dags/ml_03_oil_pipeline.py
[2026-09-08T08:11:55.649+0000] {processor.py:925} INFO - DAG(s) 'oil_price_pipeline_dag' retrieved from /opt/airflow/dags/ml_03_oil_pipeline.py
[2026-09-08T08:11:55.700+0000] {logging_mixin.py:190} INFO - [2026-09-08T08:11:55.700+0000] {dag.py:3239} INFO - Sync 1 DAGs
[2026-09-08T08:11:55.726+0000] {logging_mixin.py:190} INFO - [2026-09-08T08:11:55.725+0000] {dag.py:4180} INFO - Setting next_dagrun for oil_price_pipeline_dag to None, run_after=None
[2026-09-08T08:11:55.766+0000] {processor.py:208} INFO - Processing /opt/airflow/dags/ml_03_oil_pipeline.py took 0.675 seconds
[2026-09-08T08:12:26.447+0000] {processor.py:186} INFO - Started process (PID=700) to work on /opt/airflow/dags/ml_03_oil_pipeline.py
[2026-09-08T08:12:26.449+0000] {processor.py:914} INFO - Processing file /opt/airflow/dags/ml_03_oil_pipeline.py for tasks to queue
[2026-09-08T08:12:26.452+0000] {logging_mixin.py:190} INFO - [2026-09-08T08:12:26.452+0000] {dagbag.py:588} INFO - Filling up the DagBag from /opt/airflow/dags/ml_03_oil_pipeline.py
[2026-09-08T08:12:26.951+0000] {processor.py:925} INFO - DAG(s) 'oil_price_pipeline_dag' retrieved from /opt/airflow/dags/ml_03_oil_pipeline.py
[2026-09-08T08:12:26.997+0000] {logging_mixin.py:190} INFO - [2026-09-08T08:12:26.997+0000] {dag.py:3239} INFO - Sync 1 DAGs
[2026-09-08T08:12:27.018+0000] {logging_mixin.py:190} INFO - [2026-09-08T08:12:27.017+0000] {dag.py:4180} INFO - Setting next_dagrun for oil_price_pipeline_dag to None, run_after=None
[2026-09-08T08:12:27.058+0000] {processor.py:208} INFO - Processing /opt/airflow/dags/ml_03_oil_pipeline.py took 0.622 seconds
[2026-09-08T08:12:57.838+0000] {processor.py:186} INFO - Started process (PID=714) to work on /opt/airflow/dags/ml_03_oil_pipeline.py
[2026-09-08T08:12:57.840+0000] {processor.py:914} INFO - Processing file /opt/airflow/dags/ml_03_oil_pipeline.py for tasks to queue
[2026-09-08T08:12:57.847+0000] {logging_mixin.py:190} INFO - [2026-09-08T08:12:57.845+0000] {dagbag.py:588} INFO - Filling up the DagBag from /opt/airflow/dags/ml_03_oil_pipeline.py
[2026-09-08T08:12:58.395+0000] {processor.py:925} INFO - DAG(s) 'oil_price_pipeline_dag' retrieved from /opt/airflow/dags/ml_03_oil_pipeline.py
[2026-09-08T08:12:58.444+0000] {logging_mixin.py:190} INFO - [2026-09-08T08:12:58.443+0000] {dag.py:3239} INFO - Sync 1 DAGs
[2026-09-08T08:12:58.468+0000] {logging_mixin.py:190} INFO - [2026-09-08T08:12:58.468+0000] {dag.py:4180} INFO - Setting next_dagrun for oil_price_pipeline_dag to None, run_after=None
[2026-09-08T08:12:58.498+0000] {processor.py:208} INFO - Processing /opt/airflow/dags/ml_03_oil_pipeline.py took 0.688 seconds
[2026-09-08T08:13:28.942+0000] {processor.py:186} INFO - Started process (PID=728) to work on /opt/airflow/dags/ml_03_oil_pipeline.py
[2026-09-08T08:13:28.944+0000] {processor.py:914} INFO - Processing file /opt/airflow/dags/ml_03_oil_pipeline.py for tasks to queue
[2026-09-08T08:13:28.947+0000] {logging_mixin.py:190} INFO - [2026-09-08T08:13:28.946+0000] {dagbag.py:588} INFO - Filling up the DagBag from /opt/airflow/dags/ml_03_oil_pipeline.py
[2026-09-08T08:13:29.468+0000] {processor.py:925} INFO - DAG(s) 'oil_price_pipeline_dag' retrieved from /opt/airflow/dags/ml_03_oil_pipeline.py
[2026-09-08T08:13:29.515+0000] {logging_mixin.py:190} INFO - [2026-09-08T08:13:29.514+0000] {dag.py:3239} INFO - Sync 1 DAGs
[2026-09-08T08:13:29.535+0000] {logging_mixin.py:190} INFO - [2026-09-08T08:13:29.534+0000] {dag.py:4180} INFO - Setting next_dagrun for oil_price_pipeline_dag to None, run_after=None
[2026-09-08T08:13:29.576+0000] {processor.py:208} INFO - Processing /opt/airflow/dags/ml_03_oil_pipeline.py took 0.644 seconds
[2026-09-08T08:13:59.678+0000] {processor.py:186} INFO - Started process (PID=742) to work on /opt/airflow/dags/ml_03_oil_pipeline.py
[2026-09-08T08:13:59.680+0000] {processor.py:914} INFO - Processing file /opt/airflow/dags/ml_03_oil_pipeline.py for tasks to queue
[2026-09-08T08:13:59.683+0000] {logging_mixin.py:190} INFO - [2026-09-08T08:13:59.683+0000] {dagbag.py:588} INFO - Filling up the DagBag from /opt/airflow/dags/ml_03_oil_pipeline.py
[2026-09-08T08:14:00.302+0000] {processor.py:925} INFO - DAG(s) 'oil_price_pipeline_dag' retrieved from /opt/airflow/dags/ml_03_oil_pipeline.py
[2026-09-08T08:14:00.363+0000] {logging_mixin.py:190} INFO - [2026-09-08T08:14:00.363+0000] {dag.py:3239} INFO - Sync 1 DAGs
[2026-09-08T08:14:00.389+0000] {logging_mixin.py:190} INFO - [2026-09-08T08:14:00.389+0000] {dag.py:4180} INFO - Setting next_dagrun for oil_price_pipeline_dag to None, run_after=None
[2026-09-08T08:14:00.437+0000] {processor.py:208} INFO - Processing /opt/airflow/dags/ml_03_oil_pipeline.py took 0.771 seconds
[2026-09-08T08:14:31.045+0000] {processor.py:186} INFO - Started process (PID=756) to work on /opt/airflow/dags/ml_03_oil_pipeline.py
[2026-09-08T08:14:31.046+0000] {processor.py:914} INFO - Processing file /opt/airflow/dags/ml_03_oil_pipeline.py for tasks to queue
[2026-09-08T08:14:31.049+0000] {logging_mixin.py:190} INFO - [2026-09-08T08:14:31.049+0000] {dagbag.py:588} INFO - Filling up the DagBag from /opt/airflow/dags/ml_03_oil_pipeline.py
[2026-09-08T08:14:31.531+0000] {processor.py:925} INFO - DAG(s) 'oil_price_pipeline_dag' retrieved from /opt/airflow/dags/ml_03_oil_pipeline.py
[2026-09-08T08:14:31.582+0000] {logging_mixin.py:190} INFO - [2026-09-08T08:14:31.582+0000] {dag.py:3239} INFO - Sync 1 DAGs
[2026-09-08T08:14:31.608+0000] {logging_mixin.py:190} INFO - [2026-09-08T08:14:31.608+0000] {dag.py:4180} INFO - Setting next_dagrun for oil_price_pipeline_dag to None, run_after=None
[2026-09-08T08:14:31.650+0000] {processor.py:208} INFO - Processing /opt/airflow/dags/ml_03_oil_pipeline.py took 0.616 seconds
[2026-09-08T08:15:02.383+0000] {processor.py:186} INFO - Started process (PID=770) to work on /opt/airflow/dags/ml_03_oil_pipeline.py
[2026-09-08T08:15:02.385+0000] {processor.py:914} INFO - Processing file /opt/airflow/dags/ml_03_oil_pipeline.py for tasks to queue
[2026-09-08T08:15:02.389+0000] {logging_mixin.py:190} INFO - [2026-09-08T08:15:02.388+0000] {dagbag.py:588} INFO - Filling up the DagBag from /opt/airflow/dags/ml_03_oil_pipeline.py
[2026-09-08T08:15:03.001+0000] {processor.py:925} INFO - DAG(s) 'oil_price_pipeline_dag' retrieved from /opt/airflow/dags/ml_03_oil_pipeline.py
[2026-09-08T08:15:03.056+0000] {logging_mixin.py:190} INFO - [2026-09-08T08:15:03.055+0000] {dag.py:3239} INFO - Sync 1 DAGs
[2026-09-08T08:15:03.085+0000] {logging_mixin.py:190} INFO - [2026-09-08T08:15:03.085+0000] {dag.py:4180} INFO - Setting next_dagrun for oil_price_pipeline_dag to None, run_after=None
[2026-09-08T08:15:03.128+0000] {processor.py:208} INFO - Processing /opt/airflow/dags/ml_03_oil_pipeline.py took 0.759 seconds
[2026-09-08T08:15:33.932+0000] {processor.py:186} INFO - Started process (PID=784) to work on /opt/airflow/dags/ml_03_oil_pipeline.py
[2026-09-08T08:15:33.933+0000] {processor.py:914} INFO - Processing file /opt/airflow/dags/ml_03_oil_pipeline.py for tasks to queue
[2026-09-08T08:15:33.937+0000] {logging_mixin.py:190} INFO - [2026-09-08T08:15:33.936+0000] {dagbag.py:588} INFO - Filling up the DagBag from /opt/airflow/dags/ml_03_oil_pipeline.py
[2026-09-08T08:15:34.485+0000] {processor.py:925} INFO - DAG(s) 'oil_price_pipeline_dag' retrieved from /opt/airflow/dags/ml_03_oil_pipeline.py
[2026-09-08T08:15:34.748+0000] {logging_mixin.py:190} INFO - [2026-09-08T08:15:34.748+0000] {dag.py:3239} INFO - Sync 1 DAGs
[2026-09-08T08:15:34.772+0000] {logging_mixin.py:190} INFO - [2026-09-08T08:15:34.772+0000] {dag.py:4180} INFO - Setting next_dagrun for oil_price_pipeline_dag to None, run_after=None
[2026-09-08T08:15:34.818+0000] {processor.py:208} INFO - Processing /opt/airflow/dags/ml_03_oil_pipeline.py took 0.897 seconds
[2026-09-08T08:16:05.735+0000] {processor.py:186} INFO - Started process (PID=798) to work on /opt/airflow/dags/ml_03_oil_pipeline.py
[2026-09-08T08:16:05.737+0000] {processor.py:914} INFO - Processing file /opt/airflow/dags/ml_03_oil_pipeline.py for tasks to queue
[2026-09-08T08:16:05.741+0000] {logging_mixin.py:190} INFO - [2026-09-08T08:16:05.740+0000] {dagbag.py:588} INFO - Filling up the DagBag from /opt/airflow/dags/ml_03_oil_pipeline.py
[2026-09-08T08:16:06.255+0000] {processor.py:925} INFO - DAG(s) 'oil_price_pipeline_dag' retrieved from /opt/airflow/dags/ml_03_oil_pipeline.py
[2026-09-08T08:16:06.309+0000] {logging_mixin.py:190} INFO - [2026-09-08T08:16:06.309+0000] {dag.py:3239} INFO - Sync 1 DAGs
[2026-09-08T08:16:06.329+0000] {logging_mixin.py:190} INFO - [2026-09-08T08:16:06.329+0000] {dag.py:4180} INFO - Setting next_dagrun for oil_price_pipeline_dag to None, run_after=None
[2026-09-08T08:16:06.365+0000] {processor.py:208} INFO - Processing /opt/airflow/dags/ml_03_oil_pipeline.py took 0.642 seconds
[2026-09-08T08:16:37.010+0000] {processor.py:186} INFO - Started process (PID=812) to work on /opt/airflow/dags/ml_03_oil_pipeline.py
[2026-09-08T08:16:37.012+0000] {processor.py:914} INFO - Processing file /opt/airflow/dags/ml_03_oil_pipeline.py for tasks to queue
[2026-09-08T08:16:37.016+0000] {logging_mixin.py:190} INFO - [2026-09-08T08:16:37.015+0000] {dagbag.py:588} INFO - Filling up the DagBag from /opt/airflow/dags/ml_03_oil_pipeline.py
[2026-09-08T08:16:37.508+0000] {processor.py:925} INFO - DAG(s) 'oil_price_pipeline_dag' retrieved from /opt/airflow/dags/ml_03_oil_pipeline.py
[2026-09-08T08:16:37.554+0000] {logging_mixin.py:190} INFO - [2026-09-08T08:16:37.553+0000] {dag.py:3239} INFO - Sync 1 DAGs
[2026-09-08T08:16:37.576+0000] {logging_mixin.py:190} INFO - [2026-09-08T08:16:37.575+0000] {dag.py:4180} INFO - Setting next_dagrun for oil_price_pipeline_dag to None, run_after=None
[2026-09-08T08:16:37.616+0000] {processor.py:208} INFO - Processing /opt/airflow/dags/ml_03_oil_pipeline.py took 0.617 seconds
[2026-09-08T08:17:08.373+0000] {processor.py:186} INFO - Started process (PID=826) to work on /opt/airflow/dags/ml_03_oil_pipeline.py
[2026-09-08T08:17:08.374+0000] {processor.py:914} INFO - Processing file /opt/airflow/dags/ml_03_oil_pipeline.py for tasks to queue
[2026-09-08T08:17:08.378+0000] {logging_mixin.py:190} INFO - [2026-09-08T08:17:08.377+0000] {dagbag.py:588} INFO - Filling up the DagBag from /opt/airflow/dags/ml_03_oil_pipeline.py
[2026-09-08T08:17:08.895+0000] {processor.py:925} INFO - DAG(s) 'oil_price_pipeline_dag' retrieved from /opt/airflow/dags/ml_03_oil_pipeline.py
[2026-09-08T08:17:08.946+0000] {logging_mixin.py:190} INFO - [2026-09-08T08:17:08.946+0000] {dag.py:3239} INFO - Sync 1 DAGs
[2026-09-08T08:17:08.970+0000] {logging_mixin.py:190} INFO - [2026-09-08T08:17:08.969+0000] {dag.py:4180} INFO - Setting next_dagrun for oil_price_pipeline_dag to None, run_after=None
[2026-09-08T08:17:09.254+0000] {processor.py:208} INFO - Processing /opt/airflow/dags/ml_03_oil_pipeline.py took 0.893 seconds
[2026-09-08T08:17:39.945+0000] {processor.py:186} INFO - Started process (PID=840) to work on /opt/airflow/dags/ml_03_oil_pipeline.py
[2026-09-08T08:17:39.948+0000] {processor.py:914} INFO - Processing file /opt/airflow/dags/ml_03_oil_pipeline.py for tasks to queue
[2026-09-08T08:17:39.953+0000] {logging_mixin.py:190} INFO - [2026-09-08T08:17:39.952+0000] {dagbag.py:588} INFO - Filling up the DagBag from /opt/airflow/dags/ml_03_oil_pipeline.py
[2026-09-08T08:17:40.542+0000] {processor.py:925} INFO - DAG(s) 'oil_price_pipeline_dag' retrieved from /opt/airflow/dags/ml_03_oil_pipeline.py
[2026-09-08T08:17:40.594+0000] {logging_mixin.py:190} INFO - [2026-09-08T08:17:40.594+0000] {dag.py:3239} INFO - Sync 1 DAGs
[2026-09-08T08:17:40.616+0000] {logging_mixin.py:190} INFO - [2026-09-08T08:17:40.615+0000] {dag.py:4180} INFO - Setting next_dagrun for oil_price_pipeline_dag to None, run_after=None
[2026-09-08T08:17:40.654+0000] {processor.py:208} INFO - Processing /opt/airflow/dags/ml_03_oil_pipeline.py took 0.740 seconds
[2026-09-08T08:18:11.486+0000] {processor.py:186} INFO - Started process (PID=854) to work on /opt/airflow/dags/ml_03_oil_pipeline.py
[2026-09-08T08:18:11.488+0000] {processor.py:914} INFO - Processing file /opt/airflow/dags/ml_03_oil_pipeline.py for tasks to queue
[2026-09-08T08:18:11.491+0000] {logging_mixin.py:190} INFO - [2026-09-08T08:18:11.490+0000] {dagbag.py:588} INFO - Filling up the DagBag from /opt/airflow/dags/ml_03_oil_pipeline.py
[2026-09-08T08:18:13.104+0000] {processor.py:925} INFO - DAG(s) 'oil_price_pipeline_dag' retrieved from /opt/airflow/dags/ml_03_oil_pipeline.py
[2026-09-08T08:18:13.159+0000] {logging_mixin.py:190} INFO - [2026-09-08T08:18:13.158+0000] {dag.py:3239} INFO - Sync 1 DAGs
[2026-09-08T08:18:13.179+0000] {logging_mixin.py:190} INFO - [2026-09-08T08:18:13.179+0000] {dag.py:4180} INFO - Setting next_dagrun for oil_price_pipeline_dag to None, run_after=None
[2026-09-08T08:18:13.218+0000] {processor.py:208} INFO - Processing /opt/airflow/dags/ml_03_oil_pipeline.py took 1.747 seconds
[2026-09-08T08:18:44.048+0000] {processor.py:186} INFO - Started process (PID=868) to work on /opt/airflow/dags/ml_03_oil_pipeline.py
[2026-09-08T08:18:44.050+0000] {processor.py:914} INFO - Processing file /opt/airflow/dags/ml_03_oil_pipeline.py for tasks to queue
[2026-09-08T08:18:44.053+0000] {logging_mixin.py:190} INFO - [2026-09-08T08:18:44.053+0000] {dagbag.py:588} INFO - Filling up the DagBag from /opt/airflow/dags/ml_03_oil_pipeline.py
[2026-09-08T08:18:44.876+0000] {processor.py:925} INFO - DAG(s) 'oil_price_pipeline_dag' retrieved from /opt/airflow/dags/ml_03_oil_pipeline.py
[2026-09-08T08:18:44.920+0000] {logging_mixin.py:190} INFO - [2026-09-08T08:18:44.920+0000] {dag.py:3239} INFO - Sync 1 DAGs
[2026-09-08T08:18:44.941+0000] {logging_mixin.py:190} INFO - [2026-09-08T08:18:44.941+0000] {dag.py:4180} INFO - Setting next_dagrun for oil_price_pipeline_dag to None, run_after=None
[2026-09-08T08:18:44.968+0000] {processor.py:208} INFO - Processing /opt/airflow/dags/ml_03_oil_pipeline.py took 0.931 seconds
[2026-09-08T08:19:15.643+0000] {processor.py:186} INFO - Started process (PID=882) to work on /opt/airflow/dags/ml_03_oil_pipeline.py
[2026-09-08T08:19:15.645+0000] {processor.py:914} INFO - Processing file /opt/airflow/dags/ml_03_oil_pipeline.py for tasks to queue
[2026-09-08T08:19:15.648+0000] {logging_mixin.py:190} INFO - [2026-09-08T08:19:15.647+0000] {dagbag.py:588} INFO - Filling up the DagBag from /opt/airflow/dags/ml_03_oil_pipeline.py
[2026-09-08T08:19:16.149+0000] {processor.py:925} INFO - DAG(s) 'oil_price_pipeline_dag' retrieved from /opt/airflow/dags/ml_03_oil_pipeline.py
[2026-09-08T08:19:16.645+0000] {logging_mixin.py:190} INFO - [2026-09-08T08:19:16.645+0000] {dag.py:3239} INFO - Sync 1 DAGs
[2026-09-08T08:19:16.665+0000] {logging_mixin.py:190} INFO - [2026-09-08T08:19:16.664+0000] {dag.py:4180} INFO - Setting next_dagrun for oil_price_pipeline_dag to None, run_after=None
[2026-09-08T08:19:16.703+0000] {processor.py:208} INFO - Processing /opt/airflow/dags/ml_03_oil_pipeline.py took 1.072 seconds
[2026-09-08T08:19:47.152+0000] {processor.py:186} INFO - Started process (PID=896) to work on /opt/airflow/dags/ml_03_oil_pipeline.py
[2026-09-08T08:19:47.153+0000] {processor.py:914} INFO - Processing file /opt/airflow/dags/ml_03_oil_pipeline.py for tasks to queue
[2026-09-08T08:19:47.156+0000] {logging_mixin.py:190} INFO - [2026-09-08T08:19:47.156+0000] {dagbag.py:588} INFO - Filling up the DagBag from /opt/airflow/dags/ml_03_oil_pipeline.py
[2026-09-08T08:19:48.064+0000] {processor.py:925} INFO - DAG(s) 'oil_price_pipeline_dag' retrieved from /opt/airflow/dags/ml_03_oil_pipeline.py
[2026-09-08T08:19:48.106+0000] {logging_mixin.py:190} INFO - [2026-09-08T08:19:48.106+0000] {dag.py:3239} INFO - Sync 1 DAGs
[2026-09-08T08:19:48.125+0000] {logging_mixin.py:190} INFO - [2026-09-08T08:19:48.125+0000] {dag.py:4180} INFO - Setting next_dagrun for oil_price_pipeline_dag to None, run_after=None
[2026-09-08T08:19:48.157+0000] {processor.py:208} INFO - Processing /opt/airflow/dags/ml_03_oil_pipeline.py took 1.017 seconds
[2026-09-08T08:20:18.534+0000] {processor.py:186} INFO - Started process (PID=910) to work on /opt/airflow/dags/ml_03_oil_pipeline.py
[2026-09-08T08:20:18.536+0000] {processor.py:914} INFO - Processing file /opt/airflow/dags/ml_03_oil_pipeline.py for tasks to queue
[2026-09-08T08:20:18.539+0000] {logging_mixin.py:190} INFO - [2026-09-08T08:20:18.538+0000] {dagbag.py:588} INFO - Filling up the DagBag from /opt/airflow/dags/ml_03_oil_pipeline.py
[2026-09-08T08:20:19.280+0000] {processor.py:925} INFO - DAG(s) 'oil_price_pipeline_dag' retrieved from /opt/airflow/dags/ml_03_oil_pipeline.py
[2026-09-08T08:20:19.320+0000] {logging_mixin.py:190} INFO - [2026-09-08T08:20:19.319+0000] {dag.py:3239} INFO - Sync 1 DAGs
[2026-09-08T08:20:19.339+0000] {logging_mixin.py:190} INFO - [2026-09-08T08:20:19.339+0000] {dag.py:4180} INFO - Setting next_dagrun for oil_price_pipeline_dag to None, run_after=None
[2026-09-08T08:20:19.380+0000] {processor.py:208} INFO - Processing /opt/airflow/dags/ml_03_oil_pipeline.py took 0.858 seconds
[2026-09-08T08:20:50.213+0000] {processor.py:186} INFO - Started process (PID=924) to work on /opt/airflow/dags/ml_03_oil_pipeline.py
[2026-09-08T08:20:50.215+0000] {processor.py:914} INFO - Processing file /opt/airflow/dags/ml_03_oil_pipeline.py for tasks to queue
[2026-09-08T08:20:50.219+0000] {logging_mixin.py:190} INFO - [2026-09-08T08:20:50.218+0000] {dagbag.py:588} INFO - Filling up the DagBag from /opt/airflow/dags/ml_03_oil_pipeline.py
[2026-09-08T08:20:51.340+0000] {processor.py:925} INFO - DAG(s) 'oil_price_pipeline_dag' retrieved from /opt/airflow/dags/ml_03_oil_pipeline.py
[2026-09-08T08:20:51.398+0000] {logging_mixin.py:190} INFO - [2026-09-08T08:20:51.397+0000] {dag.py:3239} INFO - Sync 1 DAGs
[2026-09-08T08:20:51.419+0000] {logging_mixin.py:190} INFO - [2026-09-08T08:20:51.418+0000] {dag.py:4180} INFO - Setting next_dagrun for oil_price_pipeline_dag to None, run_after=None
[2026-09-08T08:20:51.449+0000] {processor.py:208} INFO - Processing /opt/airflow/dags/ml_03_oil_pipeline.py took 1.254 seconds
[2026-09-08T08:21:22.007+0000] {processor.py:186} INFO - Started process (PID=938) to work on /opt/airflow/dags/ml_03_oil_pipeline.py
[2026-09-08T08:21:22.009+0000] {processor.py:914} INFO - Processing file /opt/airflow/dags/ml_03_oil_pipeline.py for tasks to queue
[2026-09-08T08:21:22.012+0000] {logging_mixin.py:190} INFO - [2026-09-08T08:21:22.012+0000] {dagbag.py:588} INFO - Filling up the DagBag from /opt/airflow/dags/ml_03_oil_pipeline.py
[2026-09-08T08:21:22.917+0000] {processor.py:925} INFO - DAG(s) 'oil_price_pipeline_dag' retrieved from /opt/airflow/dags/ml_03_oil_pipeline.py
[2026-09-08T08:21:22.970+0000] {logging_mixin.py:190} INFO - [2026-09-08T08:21:22.969+0000] {dag.py:3239} INFO - Sync 1 DAGs
[2026-09-08T08:21:22.991+0000] {logging_mixin.py:190} INFO - [2026-09-08T08:21:22.991+0000] {dag.py:4180} INFO - Setting next_dagrun for oil_price_pipeline_dag to None, run_after=None
[2026-09-08T08:21:23.031+0000] {processor.py:208} INFO - Processing /opt/airflow/dags/ml_03_oil_pipeline.py took 1.038 seconds
[2026-09-08T08:21:53.454+0000] {processor.py:186} INFO - Started process (PID=959) to work on /opt/airflow/dags/ml_03_oil_pipeline.py
[2026-09-08T08:21:53.456+0000] {processor.py:914} INFO - Processing file /opt/airflow/dags/ml_03_oil_pipeline.py for tasks to queue
[2026-09-08T08:21:53.459+0000] {logging_mixin.py:190} INFO - [2026-09-08T08:21:53.458+0000] {dagbag.py:588} INFO - Filling up the DagBag from /opt/airflow/dags/ml_03_oil_pipeline.py
[2026-09-08T08:21:54.779+0000] {processor.py:925} INFO - DAG(s) 'oil_price_pipeline_dag' retrieved from /opt/airflow/dags/ml_03_oil_pipeline.py
[2026-09-08T08:21:54.826+0000] {logging_mixin.py:190} INFO - [2026-09-08T08:21:54.826+0000] {dag.py:3239} INFO - Sync 1 DAGs
[2026-09-08T08:21:54.853+0000] {logging_mixin.py:190} INFO - [2026-09-08T08:21:54.853+0000] {dag.py:4180} INFO - Setting next_dagrun for oil_price_pipeline_dag to None, run_after=None
[2026-09-08T08:21:54.884+0000] {processor.py:208} INFO - Processing /opt/airflow/dags/ml_03_oil_pipeline.py took 1.441 seconds
[2026-09-08T08:22:25.196+0000] {processor.py:186} INFO - Started process (PID=973) to work on /opt/airflow/dags/ml_03_oil_pipeline.py
[2026-09-08T08:22:25.197+0000] {processor.py:914} INFO - Processing file /opt/airflow/dags/ml_03_oil_pipeline.py for tasks to queue
[2026-09-08T08:22:25.201+0000] {logging_mixin.py:190} INFO - [2026-09-08T08:22:25.200+0000] {dagbag.py:588} INFO - Filling up the DagBag from /opt/airflow/dags/ml_03_oil_pipeline.py
[2026-09-08T08:22:25.993+0000] {processor.py:925} INFO - DAG(s) 'oil_price_pipeline_dag' retrieved from /opt/airflow/dags/ml_03_oil_pipeline.py
[2026-09-08T08:22:26.040+0000] {logging_mixin.py:190} INFO - [2026-09-08T08:22:26.040+0000] {dag.py:3239} INFO - Sync 1 DAGs
[2026-09-08T08:22:26.060+0000] {logging_mixin.py:190} INFO - [2026-09-08T08:22:26.059+0000] {dag.py:4180} INFO - Setting next_dagrun for oil_price_pipeline_dag to None, run_after=None
[2026-09-08T08:22:26.089+0000] {processor.py:208} INFO - Processing /opt/airflow/dags/ml_03_oil_pipeline.py took 0.903 seconds
[2026-09-08T08:22:56.541+0000] {processor.py:186} INFO - Started process (PID=987) to work on /opt/airflow/dags/ml_03_oil_pipeline.py
[2026-09-08T08:22:56.543+0000] {processor.py:914} INFO - Processing file /opt/airflow/dags/ml_03_oil_pipeline.py for tasks to queue
[2026-09-08T08:22:56.546+0000] {logging_mixin.py:190} INFO - [2026-09-08T08:22:56.545+0000] {dagbag.py:588} INFO - Filling up the DagBag from /opt/airflow/dags/ml_03_oil_pipeline.py
[2026-09-08T08:22:57.631+0000] {processor.py:925} INFO - DAG(s) 'oil_price_pipeline_dag' retrieved from /opt/airflow/dags/ml_03_oil_pipeline.py
[2026-09-08T08:22:57.749+0000] {logging_mixin.py:190} INFO - [2026-09-08T08:22:57.748+0000] {dag.py:3239} INFO - Sync 1 DAGs
[2026-09-08T08:22:57.809+0000] {logging_mixin.py:190} INFO - [2026-09-08T08:22:57.808+0000] {dag.py:4180} INFO - Setting next_dagrun for oil_price_pipeline_dag to None, run_after=None
[2026-09-08T08:22:57.887+0000] {processor.py:208} INFO - Processing /opt/airflow/dags/ml_03_oil_pipeline.py took 1.359 seconds
