[2026-09-08T04:31:55.938+0000] {processor.py:186} INFO - Started process (PID=103) to work on /opt/airflow/dags/ml_01_iris_pipeline-3.py
[2026-09-08T04:31:55.941+0000] {processor.py:914} INFO - Processing file /opt/airflow/dags/ml_01_iris_pipeline-3.py for tasks to queue
[2026-09-08T04:31:55.942+0000] {logging_mixin.py:190} INFO - [2026-09-08T04:31:55.942+0000] {dagbag.py:588} INFO - Filling up the DagBag from /opt/airflow/dags/ml_01_iris_pipeline-3.py
[2026-09-08T04:31:55.961+0000] {processor.py:925} INFO - DAG(s) 'iris_pipeline_dag' retrieved from /opt/airflow/dags/ml_01_iris_pipeline-3.py
[2026-09-08T04:31:55.985+0000] {logging_mixin.py:190} INFO - [2026-09-08T04:31:55.985+0000] {dag.py:3239} INFO - Sync 1 DAGs
[2026-09-08T04:31:55.998+0000] {logging_mixin.py:190} INFO - [2026-09-08T04:31:55.998+0000] {dag.py:4180} INFO - Setting next_dagrun for iris_pipeline_dag to None, run_after=None
[2026-09-08T04:31:56.020+0000] {processor.py:208} INFO - Processing /opt/airflow/dags/ml_01_iris_pipeline-3.py took 0.087 seconds
[2026-09-08T04:32:26.594+0000] {processor.py:186} INFO - Started process (PID=117) to work on /opt/airflow/dags/ml_01_iris_pipeline-3.py
[2026-09-08T04:32:26.595+0000] {processor.py:914} INFO - Processing file /opt/airflow/dags/ml_01_iris_pipeline-3.py for tasks to queue
[2026-09-08T04:32:26.596+0000] {logging_mixin.py:190} INFO - [2026-09-08T04:32:26.596+0000] {dagbag.py:588} INFO - Filling up the DagBag from /opt/airflow/dags/ml_01_iris_pipeline-3.py
[2026-09-08T04:32:26.614+0000] {processor.py:925} INFO - DAG(s) 'iris_pipeline_dag' retrieved from /opt/airflow/dags/ml_01_iris_pipeline-3.py
[2026-09-08T04:32:26.658+0000] {logging_mixin.py:190} INFO - [2026-09-08T04:32:26.657+0000] {dag.py:3239} INFO - Sync 1 DAGs
[2026-09-08T04:32:26.669+0000] {logging_mixin.py:190} INFO - [2026-09-08T04:32:26.669+0000] {dag.py:4180} INFO - Setting next_dagrun for iris_pipeline_dag to None, run_after=None
[2026-09-08T04:32:26.690+0000] {processor.py:208} INFO - Processing /opt/airflow/dags/ml_01_iris_pipeline-3.py took 0.100 seconds
[2026-09-08T04:32:57.198+0000] {processor.py:186} INFO - Started process (PID=131) to work on /opt/airflow/dags/ml_01_iris_pipeline-3.py
[2026-09-08T04:32:57.198+0000] {processor.py:914} INFO - Processing file /opt/airflow/dags/ml_01_iris_pipeline-3.py for tasks to queue
[2026-09-08T04:32:57.200+0000] {logging_mixin.py:190} INFO - [2026-09-08T04:32:57.200+0000] {dagbag.py:588} INFO - Filling up the DagBag from /opt/airflow/dags/ml_01_iris_pipeline-3.py
[2026-09-08T04:32:57.216+0000] {processor.py:925} INFO - DAG(s) 'iris_pipeline_dag' retrieved from /opt/airflow/dags/ml_01_iris_pipeline-3.py
[2026-09-08T04:32:57.242+0000] {logging_mixin.py:190} INFO - [2026-09-08T04:32:57.242+0000] {dag.py:3239} INFO - Sync 1 DAGs
[2026-09-08T04:32:57.257+0000] {logging_mixin.py:190} INFO - [2026-09-08T04:32:57.257+0000] {dag.py:4180} INFO - Setting next_dagrun for iris_pipeline_dag to None, run_after=None
[2026-09-08T04:32:57.276+0000] {processor.py:208} INFO - Processing /opt/airflow/dags/ml_01_iris_pipeline-3.py took 0.085 seconds
[2026-09-08T04:33:27.820+0000] {processor.py:186} INFO - Started process (PID=145) to work on /opt/airflow/dags/ml_01_iris_pipeline-3.py
[2026-09-08T04:33:27.821+0000] {processor.py:914} INFO - Processing file /opt/airflow/dags/ml_01_iris_pipeline-3.py for tasks to queue
[2026-09-08T04:33:27.822+0000] {logging_mixin.py:190} INFO - [2026-09-08T04:33:27.821+0000] {dagbag.py:588} INFO - Filling up the DagBag from /opt/airflow/dags/ml_01_iris_pipeline-3.py
[2026-09-08T04:33:27.834+0000] {processor.py:925} INFO - DAG(s) 'iris_pipeline_dag' retrieved from /opt/airflow/dags/ml_01_iris_pipeline-3.py
[2026-09-08T04:33:27.855+0000] {logging_mixin.py:190} INFO - [2026-09-08T04:33:27.855+0000] {dag.py:3239} INFO - Sync 1 DAGs
[2026-09-08T04:33:27.866+0000] {logging_mixin.py:190} INFO - [2026-09-08T04:33:27.866+0000] {dag.py:4180} INFO - Setting next_dagrun for iris_pipeline_dag to None, run_after=None
[2026-09-08T04:33:28.017+0000] {processor.py:208} INFO - Processing /opt/airflow/dags/ml_01_iris_pipeline-3.py took 0.201 seconds
[2026-09-08T04:33:58.910+0000] {processor.py:186} INFO - Started process (PID=160) to work on /opt/airflow/dags/ml_01_iris_pipeline-3.py
[2026-09-08T04:33:58.910+0000] {processor.py:914} INFO - Processing file /opt/airflow/dags/ml_01_iris_pipeline-3.py for tasks to queue
[2026-09-08T04:33:58.912+0000] {logging_mixin.py:190} INFO - [2026-09-08T04:33:58.911+0000] {dagbag.py:588} INFO - Filling up the DagBag from /opt/airflow/dags/ml_01_iris_pipeline-3.py
[2026-09-08T04:33:58.925+0000] {processor.py:925} INFO - DAG(s) 'iris_pipeline_dag' retrieved from /opt/airflow/dags/ml_01_iris_pipeline-3.py
[2026-09-08T04:33:59.051+0000] {logging_mixin.py:190} INFO - [2026-09-08T04:33:59.051+0000] {dag.py:3239} INFO - Sync 1 DAGs
[2026-09-08T04:33:59.061+0000] {logging_mixin.py:190} INFO - [2026-09-08T04:33:59.061+0000] {dag.py:4180} INFO - Setting next_dagrun for iris_pipeline_dag to None, run_after=None
[2026-09-08T04:33:59.085+0000] {processor.py:208} INFO - Processing /opt/airflow/dags/ml_01_iris_pipeline-3.py took 0.180 seconds
[2026-09-08T04:34:29.839+0000] {processor.py:186} INFO - Started process (PID=174) to work on /opt/airflow/dags/ml_01_iris_pipeline-3.py
[2026-09-08T04:34:29.839+0000] {processor.py:914} INFO - Processing file /opt/airflow/dags/ml_01_iris_pipeline-3.py for tasks to queue
[2026-09-08T04:34:29.840+0000] {logging_mixin.py:190} INFO - [2026-09-08T04:34:29.840+0000] {dagbag.py:588} INFO - Filling up the DagBag from /opt/airflow/dags/ml_01_iris_pipeline-3.py
[2026-09-08T04:34:29.854+0000] {processor.py:925} INFO - DAG(s) 'iris_pipeline_dag' retrieved from /opt/airflow/dags/ml_01_iris_pipeline-3.py
[2026-09-08T04:34:29.874+0000] {logging_mixin.py:190} INFO - [2026-09-08T04:34:29.874+0000] {dag.py:3239} INFO - Sync 1 DAGs
[2026-09-08T04:34:29.885+0000] {logging_mixin.py:190} INFO - [2026-09-08T04:34:29.885+0000] {dag.py:4180} INFO - Setting next_dagrun for iris_pipeline_dag to None, run_after=None
[2026-09-08T04:34:29.903+0000] {processor.py:208} INFO - Processing /opt/airflow/dags/ml_01_iris_pipeline-3.py took 0.068 seconds
[2026-09-08T04:35:00.427+0000] {processor.py:186} INFO - Started process (PID=188) to work on /opt/airflow/dags/ml_01_iris_pipeline-3.py
[2026-09-08T04:35:00.427+0000] {processor.py:914} INFO - Processing file /opt/airflow/dags/ml_01_iris_pipeline-3.py for tasks to queue
[2026-09-08T04:35:00.429+0000] {logging_mixin.py:190} INFO - [2026-09-08T04:35:00.428+0000] {dagbag.py:588} INFO - Filling up the DagBag from /opt/airflow/dags/ml_01_iris_pipeline-3.py
[2026-09-08T04:35:00.443+0000] {processor.py:925} INFO - DAG(s) 'iris_pipeline_dag' retrieved from /opt/airflow/dags/ml_01_iris_pipeline-3.py
[2026-09-08T04:35:00.468+0000] {logging_mixin.py:190} INFO - [2026-09-08T04:35:00.468+0000] {dag.py:3239} INFO - Sync 1 DAGs
[2026-09-08T04:35:00.482+0000] {logging_mixin.py:190} INFO - [2026-09-08T04:35:00.482+0000] {dag.py:4180} INFO - Setting next_dagrun for iris_pipeline_dag to None, run_after=None
[2026-09-08T04:35:00.500+0000] {processor.py:208} INFO - Processing /opt/airflow/dags/ml_01_iris_pipeline-3.py took 0.078 seconds
[2026-09-08T04:35:30.926+0000] {processor.py:186} INFO - Started process (PID=202) to work on /opt/airflow/dags/ml_01_iris_pipeline-3.py
[2026-09-08T04:35:30.927+0000] {processor.py:914} INFO - Processing file /opt/airflow/dags/ml_01_iris_pipeline-3.py for tasks to queue
[2026-09-08T04:35:30.929+0000] {logging_mixin.py:190} INFO - [2026-09-08T04:35:30.928+0000] {dagbag.py:588} INFO - Filling up the DagBag from /opt/airflow/dags/ml_01_iris_pipeline-3.py
[2026-09-08T04:35:30.944+0000] {processor.py:925} INFO - DAG(s) 'iris_pipeline_dag' retrieved from /opt/airflow/dags/ml_01_iris_pipeline-3.py
[2026-09-08T04:35:30.974+0000] {logging_mixin.py:190} INFO - [2026-09-08T04:35:30.974+0000] {dag.py:3239} INFO - Sync 1 DAGs
[2026-09-08T04:35:30.989+0000] {logging_mixin.py:190} INFO - [2026-09-08T04:35:30.989+0000] {dag.py:4180} INFO - Setting next_dagrun for iris_pipeline_dag to None, run_after=None
[2026-09-08T04:35:31.006+0000] {processor.py:208} INFO - Processing /opt/airflow/dags/ml_01_iris_pipeline-3.py took 0.087 seconds
[2026-09-08T04:36:01.581+0000] {processor.py:186} INFO - Started process (PID=217) to work on /opt/airflow/dags/ml_01_iris_pipeline-3.py
[2026-09-08T04:36:01.582+0000] {processor.py:914} INFO - Processing file /opt/airflow/dags/ml_01_iris_pipeline-3.py for tasks to queue
[2026-09-08T04:36:01.583+0000] {logging_mixin.py:190} INFO - [2026-09-08T04:36:01.583+0000] {dagbag.py:588} INFO - Filling up the DagBag from /opt/airflow/dags/ml_01_iris_pipeline-3.py
[2026-09-08T04:36:01.599+0000] {processor.py:925} INFO - DAG(s) 'iris_pipeline_dag' retrieved from /opt/airflow/dags/ml_01_iris_pipeline-3.py
[2026-09-08T04:36:01.624+0000] {logging_mixin.py:190} INFO - [2026-09-08T04:36:01.624+0000] {dag.py:3239} INFO - Sync 1 DAGs
[2026-09-08T04:36:01.636+0000] {logging_mixin.py:190} INFO - [2026-09-08T04:36:01.636+0000] {dag.py:4180} INFO - Setting next_dagrun for iris_pipeline_dag to None, run_after=None
[2026-09-08T04:36:01.656+0000] {processor.py:208} INFO - Processing /opt/airflow/dags/ml_01_iris_pipeline-3.py took 0.080 seconds
[2026-09-08T04:36:32.355+0000] {processor.py:186} INFO - Started process (PID=231) to work on /opt/airflow/dags/ml_01_iris_pipeline-3.py
[2026-09-08T04:36:32.356+0000] {processor.py:914} INFO - Processing file /opt/airflow/dags/ml_01_iris_pipeline-3.py for tasks to queue
[2026-09-08T04:36:32.357+0000] {logging_mixin.py:190} INFO - [2026-09-08T04:36:32.357+0000] {dagbag.py:588} INFO - Filling up the DagBag from /opt/airflow/dags/ml_01_iris_pipeline-3.py
[2026-09-08T04:36:32.372+0000] {processor.py:925} INFO - DAG(s) 'iris_pipeline_dag' retrieved from /opt/airflow/dags/ml_01_iris_pipeline-3.py
[2026-09-08T04:36:32.396+0000] {logging_mixin.py:190} INFO - [2026-09-08T04:36:32.396+0000] {dag.py:3239} INFO - Sync 1 DAGs
[2026-09-08T04:36:32.408+0000] {logging_mixin.py:190} INFO - [2026-09-08T04:36:32.407+0000] {dag.py:4180} INFO - Setting next_dagrun for iris_pipeline_dag to None, run_after=None
[2026-09-08T04:36:32.434+0000] {processor.py:208} INFO - Processing /opt/airflow/dags/ml_01_iris_pipeline-3.py took 0.083 seconds
[2026-09-08T04:37:02.965+0000] {processor.py:186} INFO - Started process (PID=245) to work on /opt/airflow/dags/ml_01_iris_pipeline-3.py
[2026-09-08T04:37:02.965+0000] {processor.py:914} INFO - Processing file /opt/airflow/dags/ml_01_iris_pipeline-3.py for tasks to queue
[2026-09-08T04:37:02.966+0000] {logging_mixin.py:190} INFO - [2026-09-08T04:37:02.966+0000] {dagbag.py:588} INFO - Filling up the DagBag from /opt/airflow/dags/ml_01_iris_pipeline-3.py
[2026-09-08T04:37:02.979+0000] {processor.py:925} INFO - DAG(s) 'iris_pipeline_dag' retrieved from /opt/airflow/dags/ml_01_iris_pipeline-3.py
[2026-09-08T04:37:03.002+0000] {logging_mixin.py:190} INFO - [2026-09-08T04:37:03.002+0000] {dag.py:3239} INFO - Sync 1 DAGs
[2026-09-08T04:37:03.015+0000] {logging_mixin.py:190} INFO - [2026-09-08T04:37:03.014+0000] {dag.py:4180} INFO - Setting next_dagrun for iris_pipeline_dag to None, run_after=None
[2026-09-08T04:37:03.030+0000] {processor.py:208} INFO - Processing /opt/airflow/dags/ml_01_iris_pipeline-3.py took 0.070 seconds
[2026-09-08T04:37:33.516+0000] {processor.py:186} INFO - Started process (PID=259) to work on /opt/airflow/dags/ml_01_iris_pipeline-3.py
[2026-09-08T04:37:33.517+0000] {processor.py:914} INFO - Processing file /opt/airflow/dags/ml_01_iris_pipeline-3.py for tasks to queue
[2026-09-08T04:37:33.518+0000] {logging_mixin.py:190} INFO - [2026-09-08T04:37:33.517+0000] {dagbag.py:588} INFO - Filling up the DagBag from /opt/airflow/dags/ml_01_iris_pipeline-3.py
[2026-09-08T04:37:33.530+0000] {processor.py:925} INFO - DAG(s) 'iris_pipeline_dag' retrieved from /opt/airflow/dags/ml_01_iris_pipeline-3.py
[2026-09-08T04:37:33.559+0000] {logging_mixin.py:190} INFO - [2026-09-08T04:37:33.559+0000] {dag.py:3239} INFO - Sync 1 DAGs
[2026-09-08T04:37:33.575+0000] {logging_mixin.py:190} INFO - [2026-09-08T04:37:33.573+0000] {dag.py:4180} INFO - Setting next_dagrun for iris_pipeline_dag to None, run_after=None
[2026-09-08T04:37:33.595+0000] {processor.py:208} INFO - Processing /opt/airflow/dags/ml_01_iris_pipeline-3.py took 0.083 seconds
[2026-09-08T04:38:04.160+0000] {processor.py:186} INFO - Started process (PID=273) to work on /opt/airflow/dags/ml_01_iris_pipeline-3.py
[2026-09-08T04:38:04.160+0000] {processor.py:914} INFO - Processing file /opt/airflow/dags/ml_01_iris_pipeline-3.py for tasks to queue
[2026-09-08T04:38:04.161+0000] {logging_mixin.py:190} INFO - [2026-09-08T04:38:04.161+0000] {dagbag.py:588} INFO - Filling up the DagBag from /opt/airflow/dags/ml_01_iris_pipeline-3.py
[2026-09-08T04:38:04.175+0000] {processor.py:925} INFO - DAG(s) 'iris_pipeline_dag' retrieved from /opt/airflow/dags/ml_01_iris_pipeline-3.py
[2026-09-08T04:38:04.195+0000] {logging_mixin.py:190} INFO - [2026-09-08T04:38:04.195+0000] {dag.py:3239} INFO - Sync 1 DAGs
[2026-09-08T04:38:04.205+0000] {logging_mixin.py:190} INFO - [2026-09-08T04:38:04.205+0000] {dag.py:4180} INFO - Setting next_dagrun for iris_pipeline_dag to None, run_after=None
[2026-09-08T04:38:04.222+0000] {processor.py:208} INFO - Processing /opt/airflow/dags/ml_01_iris_pipeline-3.py took 0.066 seconds
[2026-09-08T04:38:34.716+0000] {processor.py:186} INFO - Started process (PID=287) to work on /opt/airflow/dags/ml_01_iris_pipeline-3.py
[2026-09-08T04:38:34.716+0000] {processor.py:914} INFO - Processing file /opt/airflow/dags/ml_01_iris_pipeline-3.py for tasks to queue
[2026-09-08T04:38:34.717+0000] {logging_mixin.py:190} INFO - [2026-09-08T04:38:34.717+0000] {dagbag.py:588} INFO - Filling up the DagBag from /opt/airflow/dags/ml_01_iris_pipeline-3.py
[2026-09-08T04:38:34.730+0000] {processor.py:925} INFO - DAG(s) 'iris_pipeline_dag' retrieved from /opt/airflow/dags/ml_01_iris_pipeline-3.py
[2026-09-08T04:38:34.751+0000] {logging_mixin.py:190} INFO - [2026-09-08T04:38:34.751+0000] {dag.py:3239} INFO - Sync 1 DAGs
[2026-09-08T04:38:34.762+0000] {logging_mixin.py:190} INFO - [2026-09-08T04:38:34.761+0000] {dag.py:4180} INFO - Setting next_dagrun for iris_pipeline_dag to None, run_after=None
[2026-09-08T04:38:34.778+0000] {processor.py:208} INFO - Processing /opt/airflow/dags/ml_01_iris_pipeline-3.py took 0.066 seconds
[2026-09-08T04:39:05.303+0000] {processor.py:186} INFO - Started process (PID=301) to work on /opt/airflow/dags/ml_01_iris_pipeline-3.py
[2026-09-08T04:39:05.304+0000] {processor.py:914} INFO - Processing file /opt/airflow/dags/ml_01_iris_pipeline-3.py for tasks to queue
[2026-09-08T04:39:05.305+0000] {logging_mixin.py:190} INFO - [2026-09-08T04:39:05.305+0000] {dagbag.py:588} INFO - Filling up the DagBag from /opt/airflow/dags/ml_01_iris_pipeline-3.py
[2026-09-08T04:39:05.320+0000] {processor.py:925} INFO - DAG(s) 'iris_pipeline_dag' retrieved from /opt/airflow/dags/ml_01_iris_pipeline-3.py
[2026-09-08T04:39:05.344+0000] {logging_mixin.py:190} INFO - [2026-09-08T04:39:05.344+0000] {dag.py:3239} INFO - Sync 1 DAGs
[2026-09-08T04:39:05.356+0000] {logging_mixin.py:190} INFO - [2026-09-08T04:39:05.356+0000] {dag.py:4180} INFO - Setting next_dagrun for iris_pipeline_dag to None, run_after=None
[2026-09-08T04:39:05.379+0000] {processor.py:208} INFO - Processing /opt/airflow/dags/ml_01_iris_pipeline-3.py took 0.082 seconds
[2026-09-08T04:39:35.909+0000] {processor.py:186} INFO - Started process (PID=315) to work on /opt/airflow/dags/ml_01_iris_pipeline-3.py
[2026-09-08T04:39:35.910+0000] {processor.py:914} INFO - Processing file /opt/airflow/dags/ml_01_iris_pipeline-3.py for tasks to queue
[2026-09-08T04:39:35.911+0000] {logging_mixin.py:190} INFO - [2026-09-08T04:39:35.911+0000] {dagbag.py:588} INFO - Filling up the DagBag from /opt/airflow/dags/ml_01_iris_pipeline-3.py
[2026-09-08T04:39:35.930+0000] {processor.py:925} INFO - DAG(s) 'iris_pipeline_dag' retrieved from /opt/airflow/dags/ml_01_iris_pipeline-3.py
[2026-09-08T04:39:35.953+0000] {logging_mixin.py:190} INFO - [2026-09-08T04:39:35.953+0000] {dag.py:3239} INFO - Sync 1 DAGs
[2026-09-08T04:39:35.966+0000] {logging_mixin.py:190} INFO - [2026-09-08T04:39:35.966+0000] {dag.py:4180} INFO - Setting next_dagrun for iris_pipeline_dag to None, run_after=None
[2026-09-08T04:39:35.986+0000] {processor.py:208} INFO - Processing /opt/airflow/dags/ml_01_iris_pipeline-3.py took 0.082 seconds
[2026-09-08T04:40:06.456+0000] {processor.py:186} INFO - Started process (PID=329) to work on /opt/airflow/dags/ml_01_iris_pipeline-3.py
[2026-09-08T04:40:06.457+0000] {processor.py:914} INFO - Processing file /opt/airflow/dags/ml_01_iris_pipeline-3.py for tasks to queue
[2026-09-08T04:40:06.458+0000] {logging_mixin.py:190} INFO - [2026-09-08T04:40:06.457+0000] {dagbag.py:588} INFO - Filling up the DagBag from /opt/airflow/dags/ml_01_iris_pipeline-3.py
[2026-09-08T04:40:06.471+0000] {processor.py:925} INFO - DAG(s) 'iris_pipeline_dag' retrieved from /opt/airflow/dags/ml_01_iris_pipeline-3.py
[2026-09-08T04:40:06.494+0000] {logging_mixin.py:190} INFO - [2026-09-08T04:40:06.493+0000] {dag.py:3239} INFO - Sync 1 DAGs
[2026-09-08T04:40:06.505+0000] {logging_mixin.py:190} INFO - [2026-09-08T04:40:06.505+0000] {dag.py:4180} INFO - Setting next_dagrun for iris_pipeline_dag to None, run_after=None
[2026-09-08T04:40:06.521+0000] {processor.py:208} INFO - Processing /opt/airflow/dags/ml_01_iris_pipeline-3.py took 0.069 seconds
[2026-09-08T04:40:37.144+0000] {processor.py:186} INFO - Started process (PID=343) to work on /opt/airflow/dags/ml_01_iris_pipeline-3.py
[2026-09-08T04:40:37.145+0000] {processor.py:914} INFO - Processing file /opt/airflow/dags/ml_01_iris_pipeline-3.py for tasks to queue
[2026-09-08T04:40:37.147+0000] {logging_mixin.py:190} INFO - [2026-09-08T04:40:37.146+0000] {dagbag.py:588} INFO - Filling up the DagBag from /opt/airflow/dags/ml_01_iris_pipeline-3.py
[2026-09-08T04:40:37.162+0000] {processor.py:925} INFO - DAG(s) 'iris_pipeline_dag' retrieved from /opt/airflow/dags/ml_01_iris_pipeline-3.py
[2026-09-08T04:40:37.186+0000] {logging_mixin.py:190} INFO - [2026-09-08T04:40:37.186+0000] {dag.py:3239} INFO - Sync 1 DAGs
[2026-09-08T04:40:37.202+0000] {logging_mixin.py:190} INFO - [2026-09-08T04:40:37.202+0000] {dag.py:4180} INFO - Setting next_dagrun for iris_pipeline_dag to None, run_after=None
[2026-09-08T04:40:37.220+0000] {processor.py:208} INFO - Processing /opt/airflow/dags/ml_01_iris_pipeline-3.py took 0.083 seconds
[2026-09-08T04:41:07.865+0000] {processor.py:186} INFO - Started process (PID=357) to work on /opt/airflow/dags/ml_01_iris_pipeline-3.py
[2026-09-08T04:41:07.866+0000] {processor.py:914} INFO - Processing file /opt/airflow/dags/ml_01_iris_pipeline-3.py for tasks to queue
[2026-09-08T04:41:07.867+0000] {logging_mixin.py:190} INFO - [2026-09-08T04:41:07.867+0000] {dagbag.py:588} INFO - Filling up the DagBag from /opt/airflow/dags/ml_01_iris_pipeline-3.py
[2026-09-08T04:41:07.882+0000] {processor.py:925} INFO - DAG(s) 'iris_pipeline_dag' retrieved from /opt/airflow/dags/ml_01_iris_pipeline-3.py
[2026-09-08T04:41:07.906+0000] {logging_mixin.py:190} INFO - [2026-09-08T04:41:07.905+0000] {dag.py:3239} INFO - Sync 1 DAGs
[2026-09-08T04:41:07.918+0000] {logging_mixin.py:190} INFO - [2026-09-08T04:41:07.917+0000] {dag.py:4180} INFO - Setting next_dagrun for iris_pipeline_dag to None, run_after=None
[2026-09-08T04:41:07.936+0000] {processor.py:208} INFO - Processing /opt/airflow/dags/ml_01_iris_pipeline-3.py took 0.076 seconds
[2026-09-08T04:41:38.446+0000] {processor.py:186} INFO - Started process (PID=371) to work on /opt/airflow/dags/ml_01_iris_pipeline-3.py
[2026-09-08T04:41:38.447+0000] {processor.py:914} INFO - Processing file /opt/airflow/dags/ml_01_iris_pipeline-3.py for tasks to queue
[2026-09-08T04:41:38.448+0000] {logging_mixin.py:190} INFO - [2026-09-08T04:41:38.448+0000] {dagbag.py:588} INFO - Filling up the DagBag from /opt/airflow/dags/ml_01_iris_pipeline-3.py
[2026-09-08T04:41:38.463+0000] {processor.py:925} INFO - DAG(s) 'iris_pipeline_dag' retrieved from /opt/airflow/dags/ml_01_iris_pipeline-3.py
[2026-09-08T04:41:38.487+0000] {logging_mixin.py:190} INFO - [2026-09-08T04:41:38.487+0000] {dag.py:3239} INFO - Sync 1 DAGs
[2026-09-08T04:41:38.498+0000] {logging_mixin.py:190} INFO - [2026-09-08T04:41:38.498+0000] {dag.py:4180} INFO - Setting next_dagrun for iris_pipeline_dag to None, run_after=None
[2026-09-08T04:41:38.521+0000] {processor.py:208} INFO - Processing /opt/airflow/dags/ml_01_iris_pipeline-3.py took 0.079 seconds
[2026-09-08T04:42:09.119+0000] {processor.py:186} INFO - Started process (PID=385) to work on /opt/airflow/dags/ml_01_iris_pipeline-3.py
[2026-09-08T04:42:09.120+0000] {processor.py:914} INFO - Processing file /opt/airflow/dags/ml_01_iris_pipeline-3.py for tasks to queue
[2026-09-08T04:42:09.121+0000] {logging_mixin.py:190} INFO - [2026-09-08T04:42:09.120+0000] {dagbag.py:588} INFO - Filling up the DagBag from /opt/airflow/dags/ml_01_iris_pipeline-3.py
[2026-09-08T04:42:09.134+0000] {processor.py:925} INFO - DAG(s) 'iris_pipeline_dag' retrieved from /opt/airflow/dags/ml_01_iris_pipeline-3.py
[2026-09-08T04:42:09.158+0000] {logging_mixin.py:190} INFO - [2026-09-08T04:42:09.158+0000] {dag.py:3239} INFO - Sync 1 DAGs
[2026-09-08T04:42:09.169+0000] {logging_mixin.py:190} INFO - [2026-09-08T04:42:09.169+0000] {dag.py:4180} INFO - Setting next_dagrun for iris_pipeline_dag to None, run_after=None
[2026-09-08T04:42:09.188+0000] {processor.py:208} INFO - Processing /opt/airflow/dags/ml_01_iris_pipeline-3.py took 0.075 seconds
[2026-09-08T04:42:39.679+0000] {processor.py:186} INFO - Started process (PID=399) to work on /opt/airflow/dags/ml_01_iris_pipeline-3.py
[2026-09-08T04:42:39.680+0000] {processor.py:914} INFO - Processing file /opt/airflow/dags/ml_01_iris_pipeline-3.py for tasks to queue
[2026-09-08T04:42:39.681+0000] {logging_mixin.py:190} INFO - [2026-09-08T04:42:39.681+0000] {dagbag.py:588} INFO - Filling up the DagBag from /opt/airflow/dags/ml_01_iris_pipeline-3.py
[2026-09-08T04:42:39.696+0000] {processor.py:925} INFO - DAG(s) 'iris_pipeline_dag' retrieved from /opt/airflow/dags/ml_01_iris_pipeline-3.py
[2026-09-08T04:42:39.721+0000] {logging_mixin.py:190} INFO - [2026-09-08T04:42:39.721+0000] {dag.py:3239} INFO - Sync 1 DAGs
[2026-09-08T04:42:39.732+0000] {logging_mixin.py:190} INFO - [2026-09-08T04:42:39.731+0000] {dag.py:4180} INFO - Setting next_dagrun for iris_pipeline_dag to None, run_after=None
[2026-09-08T04:42:39.749+0000] {processor.py:208} INFO - Processing /opt/airflow/dags/ml_01_iris_pipeline-3.py took 0.076 seconds
[2026-09-08T04:43:10.313+0000] {processor.py:186} INFO - Started process (PID=413) to work on /opt/airflow/dags/ml_01_iris_pipeline-3.py
[2026-09-08T04:43:10.314+0000] {processor.py:914} INFO - Processing file /opt/airflow/dags/ml_01_iris_pipeline-3.py for tasks to queue
[2026-09-08T04:43:10.315+0000] {logging_mixin.py:190} INFO - [2026-09-08T04:43:10.315+0000] {dagbag.py:588} INFO - Filling up the DagBag from /opt/airflow/dags/ml_01_iris_pipeline-3.py
[2026-09-08T04:43:10.327+0000] {processor.py:925} INFO - DAG(s) 'iris_pipeline_dag' retrieved from /opt/airflow/dags/ml_01_iris_pipeline-3.py
[2026-09-08T04:43:10.347+0000] {logging_mixin.py:190} INFO - [2026-09-08T04:43:10.347+0000] {dag.py:3239} INFO - Sync 1 DAGs
[2026-09-08T04:43:10.357+0000] {logging_mixin.py:190} INFO - [2026-09-08T04:43:10.357+0000] {dag.py:4180} INFO - Setting next_dagrun for iris_pipeline_dag to None, run_after=None
[2026-09-08T04:43:10.373+0000] {processor.py:208} INFO - Processing /opt/airflow/dags/ml_01_iris_pipeline-3.py took 0.064 seconds
[2026-09-08T04:43:40.849+0000] {processor.py:186} INFO - Started process (PID=427) to work on /opt/airflow/dags/ml_01_iris_pipeline-3.py
[2026-09-08T04:43:40.850+0000] {processor.py:914} INFO - Processing file /opt/airflow/dags/ml_01_iris_pipeline-3.py for tasks to queue
[2026-09-08T04:43:40.851+0000] {logging_mixin.py:190} INFO - [2026-09-08T04:43:40.850+0000] {dagbag.py:588} INFO - Filling up the DagBag from /opt/airflow/dags/ml_01_iris_pipeline-3.py
[2026-09-08T04:43:40.864+0000] {processor.py:925} INFO - DAG(s) 'iris_pipeline_dag' retrieved from /opt/airflow/dags/ml_01_iris_pipeline-3.py
[2026-09-08T04:43:40.890+0000] {logging_mixin.py:190} INFO - [2026-09-08T04:43:40.890+0000] {dag.py:3239} INFO - Sync 1 DAGs
[2026-09-08T04:43:40.900+0000] {logging_mixin.py:190} INFO - [2026-09-08T04:43:40.900+0000] {dag.py:4180} INFO - Setting next_dagrun for iris_pipeline_dag to None, run_after=None
[2026-09-08T04:43:40.915+0000] {processor.py:208} INFO - Processing /opt/airflow/dags/ml_01_iris_pipeline-3.py took 0.071 seconds
[2026-09-08T04:44:11.461+0000] {processor.py:186} INFO - Started process (PID=441) to work on /opt/airflow/dags/ml_01_iris_pipeline-3.py
[2026-09-08T04:44:11.462+0000] {processor.py:914} INFO - Processing file /opt/airflow/dags/ml_01_iris_pipeline-3.py for tasks to queue
[2026-09-08T04:44:11.463+0000] {logging_mixin.py:190} INFO - [2026-09-08T04:44:11.463+0000] {dagbag.py:588} INFO - Filling up the DagBag from /opt/airflow/dags/ml_01_iris_pipeline-3.py
[2026-09-08T04:44:11.476+0000] {processor.py:925} INFO - DAG(s) 'iris_pipeline_dag' retrieved from /opt/airflow/dags/ml_01_iris_pipeline-3.py
[2026-09-08T04:44:11.498+0000] {logging_mixin.py:190} INFO - [2026-09-08T04:44:11.497+0000] {dag.py:3239} INFO - Sync 1 DAGs
[2026-09-08T04:44:11.509+0000] {logging_mixin.py:190} INFO - [2026-09-08T04:44:11.508+0000] {dag.py:4180} INFO - Setting next_dagrun for iris_pipeline_dag to None, run_after=None
[2026-09-08T04:44:11.525+0000] {processor.py:208} INFO - Processing /opt/airflow/dags/ml_01_iris_pipeline-3.py took 0.068 seconds
[2026-09-08T04:44:41.905+0000] {processor.py:186} INFO - Started process (PID=455) to work on /opt/airflow/dags/ml_01_iris_pipeline-3.py
[2026-09-08T04:44:41.905+0000] {processor.py:914} INFO - Processing file /opt/airflow/dags/ml_01_iris_pipeline-3.py for tasks to queue
[2026-09-08T04:44:41.907+0000] {logging_mixin.py:190} INFO - [2026-09-08T04:44:41.906+0000] {dagbag.py:588} INFO - Filling up the DagBag from /opt/airflow/dags/ml_01_iris_pipeline-3.py
[2026-09-08T04:44:41.921+0000] {processor.py:925} INFO - DAG(s) 'iris_pipeline_dag' retrieved from /opt/airflow/dags/ml_01_iris_pipeline-3.py
[2026-09-08T04:44:41.945+0000] {logging_mixin.py:190} INFO - [2026-09-08T04:44:41.945+0000] {dag.py:3239} INFO - Sync 1 DAGs
[2026-09-08T04:44:41.971+0000] {logging_mixin.py:190} INFO - [2026-09-08T04:44:41.970+0000] {dag.py:4180} INFO - Setting next_dagrun for iris_pipeline_dag to None, run_after=None
[2026-09-08T04:44:41.998+0000] {processor.py:208} INFO - Processing /opt/airflow/dags/ml_01_iris_pipeline-3.py took 0.099 seconds
[2026-09-08T04:45:12.479+0000] {processor.py:186} INFO - Started process (PID=469) to work on /opt/airflow/dags/ml_01_iris_pipeline-3.py
[2026-09-08T04:45:12.480+0000] {processor.py:914} INFO - Processing file /opt/airflow/dags/ml_01_iris_pipeline-3.py for tasks to queue
[2026-09-08T04:45:12.481+0000] {logging_mixin.py:190} INFO - [2026-09-08T04:45:12.481+0000] {dagbag.py:588} INFO - Filling up the DagBag from /opt/airflow/dags/ml_01_iris_pipeline-3.py
[2026-09-08T04:45:12.499+0000] {processor.py:925} INFO - DAG(s) 'iris_pipeline_dag' retrieved from /opt/airflow/dags/ml_01_iris_pipeline-3.py
[2026-09-08T04:45:12.530+0000] {logging_mixin.py:190} INFO - [2026-09-08T04:45:12.529+0000] {dag.py:3239} INFO - Sync 1 DAGs
[2026-09-08T04:45:12.548+0000] {logging_mixin.py:190} INFO - [2026-09-08T04:45:12.547+0000] {dag.py:4180} INFO - Setting next_dagrun for iris_pipeline_dag to None, run_after=None
[2026-09-08T04:45:12.578+0000] {processor.py:208} INFO - Processing /opt/airflow/dags/ml_01_iris_pipeline-3.py took 0.104 seconds
[2026-09-08T04:45:43.070+0000] {processor.py:186} INFO - Started process (PID=483) to work on /opt/airflow/dags/ml_01_iris_pipeline-3.py
[2026-09-08T04:45:43.070+0000] {processor.py:914} INFO - Processing file /opt/airflow/dags/ml_01_iris_pipeline-3.py for tasks to queue
[2026-09-08T04:45:43.071+0000] {logging_mixin.py:190} INFO - [2026-09-08T04:45:43.071+0000] {dagbag.py:588} INFO - Filling up the DagBag from /opt/airflow/dags/ml_01_iris_pipeline-3.py
[2026-09-08T04:45:43.085+0000] {processor.py:925} INFO - DAG(s) 'iris_pipeline_dag' retrieved from /opt/airflow/dags/ml_01_iris_pipeline-3.py
[2026-09-08T04:45:43.112+0000] {logging_mixin.py:190} INFO - [2026-09-08T04:45:43.112+0000] {dag.py:3239} INFO - Sync 1 DAGs
[2026-09-08T04:45:43.126+0000] {logging_mixin.py:190} INFO - [2026-09-08T04:45:43.126+0000] {dag.py:4180} INFO - Setting next_dagrun for iris_pipeline_dag to None, run_after=None
[2026-09-08T04:45:43.151+0000] {processor.py:208} INFO - Processing /opt/airflow/dags/ml_01_iris_pipeline-3.py took 0.087 seconds
[2026-09-08T04:46:13.659+0000] {processor.py:186} INFO - Started process (PID=497) to work on /opt/airflow/dags/ml_01_iris_pipeline-3.py
[2026-09-08T04:46:13.660+0000] {processor.py:914} INFO - Processing file /opt/airflow/dags/ml_01_iris_pipeline-3.py for tasks to queue
[2026-09-08T04:46:13.661+0000] {logging_mixin.py:190} INFO - [2026-09-08T04:46:13.661+0000] {dagbag.py:588} INFO - Filling up the DagBag from /opt/airflow/dags/ml_01_iris_pipeline-3.py
[2026-09-08T04:46:13.675+0000] {processor.py:925} INFO - DAG(s) 'iris_pipeline_dag' retrieved from /opt/airflow/dags/ml_01_iris_pipeline-3.py
[2026-09-08T04:46:13.701+0000] {logging_mixin.py:190} INFO - [2026-09-08T04:46:13.700+0000] {dag.py:3239} INFO - Sync 1 DAGs
[2026-09-08T04:46:13.713+0000] {logging_mixin.py:190} INFO - [2026-09-08T04:46:13.713+0000] {dag.py:4180} INFO - Setting next_dagrun for iris_pipeline_dag to None, run_after=None
[2026-09-08T04:46:13.731+0000] {processor.py:208} INFO - Processing /opt/airflow/dags/ml_01_iris_pipeline-3.py took 0.077 seconds
[2026-09-08T04:46:44.355+0000] {processor.py:186} INFO - Started process (PID=511) to work on /opt/airflow/dags/ml_01_iris_pipeline-3.py
[2026-09-08T04:46:44.356+0000] {processor.py:914} INFO - Processing file /opt/airflow/dags/ml_01_iris_pipeline-3.py for tasks to queue
[2026-09-08T04:46:44.357+0000] {logging_mixin.py:190} INFO - [2026-09-08T04:46:44.357+0000] {dagbag.py:588} INFO - Filling up the DagBag from /opt/airflow/dags/ml_01_iris_pipeline-3.py
[2026-09-08T04:46:44.370+0000] {processor.py:925} INFO - DAG(s) 'iris_pipeline_dag' retrieved from /opt/airflow/dags/ml_01_iris_pipeline-3.py
[2026-09-08T04:46:44.393+0000] {logging_mixin.py:190} INFO - [2026-09-08T04:46:44.393+0000] {dag.py:3239} INFO - Sync 1 DAGs
[2026-09-08T04:46:44.405+0000] {logging_mixin.py:190} INFO - [2026-09-08T04:46:44.405+0000] {dag.py:4180} INFO - Setting next_dagrun for iris_pipeline_dag to None, run_after=None
[2026-09-08T04:46:44.430+0000] {processor.py:208} INFO - Processing /opt/airflow/dags/ml_01_iris_pipeline-3.py took 0.079 seconds
[2026-09-08T04:47:14.909+0000] {processor.py:186} INFO - Started process (PID=525) to work on /opt/airflow/dags/ml_01_iris_pipeline-3.py
[2026-09-08T04:47:14.909+0000] {processor.py:914} INFO - Processing file /opt/airflow/dags/ml_01_iris_pipeline-3.py for tasks to queue
[2026-09-08T04:47:14.910+0000] {logging_mixin.py:190} INFO - [2026-09-08T04:47:14.910+0000] {dagbag.py:588} INFO - Filling up the DagBag from /opt/airflow/dags/ml_01_iris_pipeline-3.py
[2026-09-08T04:47:14.923+0000] {processor.py:925} INFO - DAG(s) 'iris_pipeline_dag' retrieved from /opt/airflow/dags/ml_01_iris_pipeline-3.py
[2026-09-08T04:47:14.945+0000] {logging_mixin.py:190} INFO - [2026-09-08T04:47:14.945+0000] {dag.py:3239} INFO - Sync 1 DAGs
[2026-09-08T04:47:14.956+0000] {logging_mixin.py:190} INFO - [2026-09-08T04:47:14.956+0000] {dag.py:4180} INFO - Setting next_dagrun for iris_pipeline_dag to None, run_after=None
[2026-09-08T04:47:14.974+0000] {processor.py:208} INFO - Processing /opt/airflow/dags/ml_01_iris_pipeline-3.py took 0.070 seconds
[2026-09-08T04:47:45.693+0000] {processor.py:186} INFO - Started process (PID=540) to work on /opt/airflow/dags/ml_01_iris_pipeline-3.py
[2026-09-08T04:47:45.694+0000] {processor.py:914} INFO - Processing file /opt/airflow/dags/ml_01_iris_pipeline-3.py for tasks to queue
[2026-09-08T04:47:45.695+0000] {logging_mixin.py:190} INFO - [2026-09-08T04:47:45.695+0000] {dagbag.py:588} INFO - Filling up the DagBag from /opt/airflow/dags/ml_01_iris_pipeline-3.py
[2026-09-08T04:47:45.710+0000] {processor.py:925} INFO - DAG(s) 'iris_pipeline_dag' retrieved from /opt/airflow/dags/ml_01_iris_pipeline-3.py
[2026-09-08T04:47:45.733+0000] {logging_mixin.py:190} INFO - [2026-09-08T04:47:45.733+0000] {dag.py:3239} INFO - Sync 1 DAGs
[2026-09-08T04:47:45.746+0000] {logging_mixin.py:190} INFO - [2026-09-08T04:47:45.746+0000] {dag.py:4180} INFO - Setting next_dagrun for iris_pipeline_dag to None, run_after=None
[2026-09-08T04:47:45.765+0000] {processor.py:208} INFO - Processing /opt/airflow/dags/ml_01_iris_pipeline-3.py took 0.077 seconds
[2026-09-08T04:48:16.295+0000] {processor.py:186} INFO - Started process (PID=554) to work on /opt/airflow/dags/ml_01_iris_pipeline-3.py
[2026-09-08T04:48:16.296+0000] {processor.py:914} INFO - Processing file /opt/airflow/dags/ml_01_iris_pipeline-3.py for tasks to queue
[2026-09-08T04:48:16.297+0000] {logging_mixin.py:190} INFO - [2026-09-08T04:48:16.297+0000] {dagbag.py:588} INFO - Filling up the DagBag from /opt/airflow/dags/ml_01_iris_pipeline-3.py
[2026-09-08T04:48:16.315+0000] {processor.py:925} INFO - DAG(s) 'iris_pipeline_dag' retrieved from /opt/airflow/dags/ml_01_iris_pipeline-3.py
[2026-09-08T04:48:16.338+0000] {logging_mixin.py:190} INFO - [2026-09-08T04:48:16.338+0000] {dag.py:3239} INFO - Sync 1 DAGs
[2026-09-08T04:48:16.350+0000] {logging_mixin.py:190} INFO - [2026-09-08T04:48:16.350+0000] {dag.py:4180} INFO - Setting next_dagrun for iris_pipeline_dag to None, run_after=None
[2026-09-08T04:48:16.373+0000] {processor.py:208} INFO - Processing /opt/airflow/dags/ml_01_iris_pipeline-3.py took 0.085 seconds
[2026-09-08T04:48:46.808+0000] {processor.py:186} INFO - Started process (PID=568) to work on /opt/airflow/dags/ml_01_iris_pipeline-3.py
[2026-09-08T04:48:46.809+0000] {processor.py:914} INFO - Processing file /opt/airflow/dags/ml_01_iris_pipeline-3.py for tasks to queue
[2026-09-08T04:48:46.810+0000] {logging_mixin.py:190} INFO - [2026-09-08T04:48:46.809+0000] {dagbag.py:588} INFO - Filling up the DagBag from /opt/airflow/dags/ml_01_iris_pipeline-3.py
[2026-09-08T04:48:46.826+0000] {processor.py:925} INFO - DAG(s) 'iris_pipeline_dag' retrieved from /opt/airflow/dags/ml_01_iris_pipeline-3.py
[2026-09-08T04:48:46.848+0000] {logging_mixin.py:190} INFO - [2026-09-08T04:48:46.848+0000] {dag.py:3239} INFO - Sync 1 DAGs
[2026-09-08T04:48:46.860+0000] {logging_mixin.py:190} INFO - [2026-09-08T04:48:46.860+0000] {dag.py:4180} INFO - Setting next_dagrun for iris_pipeline_dag to None, run_after=None
[2026-09-08T04:48:46.879+0000] {processor.py:208} INFO - Processing /opt/airflow/dags/ml_01_iris_pipeline-3.py took 0.075 seconds
[2026-09-08T04:49:17.366+0000] {processor.py:186} INFO - Started process (PID=582) to work on /opt/airflow/dags/ml_01_iris_pipeline-3.py
[2026-09-08T04:49:17.367+0000] {processor.py:914} INFO - Processing file /opt/airflow/dags/ml_01_iris_pipeline-3.py for tasks to queue
[2026-09-08T04:49:17.368+0000] {logging_mixin.py:190} INFO - [2026-09-08T04:49:17.368+0000] {dagbag.py:588} INFO - Filling up the DagBag from /opt/airflow/dags/ml_01_iris_pipeline-3.py
[2026-09-08T04:49:17.381+0000] {processor.py:925} INFO - DAG(s) 'iris_pipeline_dag' retrieved from /opt/airflow/dags/ml_01_iris_pipeline-3.py
[2026-09-08T04:49:17.405+0000] {logging_mixin.py:190} INFO - [2026-09-08T04:49:17.405+0000] {dag.py:3239} INFO - Sync 1 DAGs
[2026-09-08T04:49:17.416+0000] {logging_mixin.py:190} INFO - [2026-09-08T04:49:17.416+0000] {dag.py:4180} INFO - Setting next_dagrun for iris_pipeline_dag to None, run_after=None
[2026-09-08T04:49:17.431+0000] {processor.py:208} INFO - Processing /opt/airflow/dags/ml_01_iris_pipeline-3.py took 0.069 seconds
[2026-09-08T04:49:47.939+0000] {processor.py:186} INFO - Started process (PID=597) to work on /opt/airflow/dags/ml_01_iris_pipeline-3.py
[2026-09-08T04:49:47.940+0000] {processor.py:914} INFO - Processing file /opt/airflow/dags/ml_01_iris_pipeline-3.py for tasks to queue
[2026-09-08T04:49:47.941+0000] {logging_mixin.py:190} INFO - [2026-09-08T04:49:47.941+0000] {dagbag.py:588} INFO - Filling up the DagBag from /opt/airflow/dags/ml_01_iris_pipeline-3.py
[2026-09-08T04:49:47.956+0000] {processor.py:925} INFO - DAG(s) 'iris_pipeline_dag' retrieved from /opt/airflow/dags/ml_01_iris_pipeline-3.py
[2026-09-08T04:49:47.981+0000] {logging_mixin.py:190} INFO - [2026-09-08T04:49:47.981+0000] {dag.py:3239} INFO - Sync 1 DAGs
[2026-09-08T04:49:47.994+0000] {logging_mixin.py:190} INFO - [2026-09-08T04:49:47.994+0000] {dag.py:4180} INFO - Setting next_dagrun for iris_pipeline_dag to None, run_after=None
[2026-09-08T04:49:48.031+0000] {processor.py:208} INFO - Processing /opt/airflow/dags/ml_01_iris_pipeline-3.py took 0.099 seconds
[2026-09-08T04:50:18.695+0000] {processor.py:186} INFO - Started process (PID=611) to work on /opt/airflow/dags/ml_01_iris_pipeline-3.py
[2026-09-08T04:50:18.696+0000] {processor.py:914} INFO - Processing file /opt/airflow/dags/ml_01_iris_pipeline-3.py for tasks to queue
[2026-09-08T04:50:18.698+0000] {logging_mixin.py:190} INFO - [2026-09-08T04:50:18.697+0000] {dagbag.py:588} INFO - Filling up the DagBag from /opt/airflow/dags/ml_01_iris_pipeline-3.py
[2026-09-08T04:50:18.712+0000] {processor.py:925} INFO - DAG(s) 'iris_pipeline_dag' retrieved from /opt/airflow/dags/ml_01_iris_pipeline-3.py
[2026-09-08T04:50:18.738+0000] {logging_mixin.py:190} INFO - [2026-09-08T04:50:18.738+0000] {dag.py:3239} INFO - Sync 1 DAGs
[2026-09-08T04:50:18.752+0000] {logging_mixin.py:190} INFO - [2026-09-08T04:50:18.751+0000] {dag.py:4180} INFO - Setting next_dagrun for iris_pipeline_dag to None, run_after=None
[2026-09-08T04:50:18.771+0000] {processor.py:208} INFO - Processing /opt/airflow/dags/ml_01_iris_pipeline-3.py took 0.082 seconds
[2026-09-08T04:50:49.289+0000] {processor.py:186} INFO - Started process (PID=625) to work on /opt/airflow/dags/ml_01_iris_pipeline-3.py
[2026-09-08T04:50:49.289+0000] {processor.py:914} INFO - Processing file /opt/airflow/dags/ml_01_iris_pipeline-3.py for tasks to queue
[2026-09-08T04:50:49.290+0000] {logging_mixin.py:190} INFO - [2026-09-08T04:50:49.290+0000] {dagbag.py:588} INFO - Filling up the DagBag from /opt/airflow/dags/ml_01_iris_pipeline-3.py
[2026-09-08T04:50:49.305+0000] {processor.py:925} INFO - DAG(s) 'iris_pipeline_dag' retrieved from /opt/airflow/dags/ml_01_iris_pipeline-3.py
[2026-09-08T04:50:49.332+0000] {logging_mixin.py:190} INFO - [2026-09-08T04:50:49.332+0000] {dag.py:3239} INFO - Sync 1 DAGs
[2026-09-08T04:50:49.343+0000] {logging_mixin.py:190} INFO - [2026-09-08T04:50:49.343+0000] {dag.py:4180} INFO - Setting next_dagrun for iris_pipeline_dag to None, run_after=None
[2026-09-08T04:50:49.360+0000] {processor.py:208} INFO - Processing /opt/airflow/dags/ml_01_iris_pipeline-3.py took 0.076 seconds
[2026-09-08T04:51:19.882+0000] {processor.py:186} INFO - Started process (PID=639) to work on /opt/airflow/dags/ml_01_iris_pipeline-3.py
[2026-09-08T04:51:19.883+0000] {processor.py:914} INFO - Processing file /opt/airflow/dags/ml_01_iris_pipeline-3.py for tasks to queue
[2026-09-08T04:51:19.884+0000] {logging_mixin.py:190} INFO - [2026-09-08T04:51:19.884+0000] {dagbag.py:588} INFO - Filling up the DagBag from /opt/airflow/dags/ml_01_iris_pipeline-3.py
[2026-09-08T04:51:19.895+0000] {processor.py:925} INFO - DAG(s) 'iris_pipeline_dag' retrieved from /opt/airflow/dags/ml_01_iris_pipeline-3.py
[2026-09-08T04:51:19.919+0000] {logging_mixin.py:190} INFO - [2026-09-08T04:51:19.919+0000] {dag.py:3239} INFO - Sync 1 DAGs
[2026-09-08T04:51:19.930+0000] {logging_mixin.py:190} INFO - [2026-09-08T04:51:19.930+0000] {dag.py:4180} INFO - Setting next_dagrun for iris_pipeline_dag to None, run_after=None
[2026-09-08T04:51:19.946+0000] {processor.py:208} INFO - Processing /opt/airflow/dags/ml_01_iris_pipeline-3.py took 0.069 seconds
[2026-09-08T04:51:50.447+0000] {processor.py:186} INFO - Started process (PID=653) to work on /opt/airflow/dags/ml_01_iris_pipeline-3.py
[2026-09-08T04:51:50.447+0000] {processor.py:914} INFO - Processing file /opt/airflow/dags/ml_01_iris_pipeline-3.py for tasks to queue
[2026-09-08T04:51:50.448+0000] {logging_mixin.py:190} INFO - [2026-09-08T04:51:50.448+0000] {dagbag.py:588} INFO - Filling up the DagBag from /opt/airflow/dags/ml_01_iris_pipeline-3.py
[2026-09-08T04:51:50.460+0000] {processor.py:925} INFO - DAG(s) 'iris_pipeline_dag' retrieved from /opt/airflow/dags/ml_01_iris_pipeline-3.py
[2026-09-08T04:51:50.486+0000] {logging_mixin.py:190} INFO - [2026-09-08T04:51:50.485+0000] {dag.py:3239} INFO - Sync 1 DAGs
[2026-09-08T04:51:50.498+0000] {logging_mixin.py:190} INFO - [2026-09-08T04:51:50.498+0000] {dag.py:4180} INFO - Setting next_dagrun for iris_pipeline_dag to None, run_after=None
[2026-09-08T04:51:50.516+0000] {processor.py:208} INFO - Processing /opt/airflow/dags/ml_01_iris_pipeline-3.py took 0.074 seconds
[2026-09-08T04:52:21.008+0000] {processor.py:186} INFO - Started process (PID=667) to work on /opt/airflow/dags/ml_01_iris_pipeline-3.py
[2026-09-08T04:52:21.009+0000] {processor.py:914} INFO - Processing file /opt/airflow/dags/ml_01_iris_pipeline-3.py for tasks to queue
[2026-09-08T04:52:21.010+0000] {logging_mixin.py:190} INFO - [2026-09-08T04:52:21.009+0000] {dagbag.py:588} INFO - Filling up the DagBag from /opt/airflow/dags/ml_01_iris_pipeline-3.py
[2026-09-08T04:52:21.022+0000] {processor.py:925} INFO - DAG(s) 'iris_pipeline_dag' retrieved from /opt/airflow/dags/ml_01_iris_pipeline-3.py
[2026-09-08T04:52:21.044+0000] {logging_mixin.py:190} INFO - [2026-09-08T04:52:21.043+0000] {dag.py:3239} INFO - Sync 1 DAGs
[2026-09-08T04:52:21.056+0000] {logging_mixin.py:190} INFO - [2026-09-08T04:52:21.056+0000] {dag.py:4180} INFO - Setting next_dagrun for iris_pipeline_dag to None, run_after=None
[2026-09-08T04:52:21.078+0000] {processor.py:208} INFO - Processing /opt/airflow/dags/ml_01_iris_pipeline-3.py took 0.074 seconds
[2026-09-08T04:52:51.556+0000] {processor.py:186} INFO - Started process (PID=681) to work on /opt/airflow/dags/ml_01_iris_pipeline-3.py
[2026-09-08T04:52:51.557+0000] {processor.py:914} INFO - Processing file /opt/airflow/dags/ml_01_iris_pipeline-3.py for tasks to queue
[2026-09-08T04:52:51.558+0000] {logging_mixin.py:190} INFO - [2026-09-08T04:52:51.558+0000] {dagbag.py:588} INFO - Filling up the DagBag from /opt/airflow/dags/ml_01_iris_pipeline-3.py
[2026-09-08T04:52:51.571+0000] {processor.py:925} INFO - DAG(s) 'iris_pipeline_dag' retrieved from /opt/airflow/dags/ml_01_iris_pipeline-3.py
[2026-09-08T04:52:51.593+0000] {logging_mixin.py:190} INFO - [2026-09-08T04:52:51.593+0000] {dag.py:3239} INFO - Sync 1 DAGs
[2026-09-08T04:52:51.604+0000] {logging_mixin.py:190} INFO - [2026-09-08T04:52:51.604+0000] {dag.py:4180} INFO - Setting next_dagrun for iris_pipeline_dag to None, run_after=None
[2026-09-08T04:52:51.622+0000] {processor.py:208} INFO - Processing /opt/airflow/dags/ml_01_iris_pipeline-3.py took 0.070 seconds
[2026-09-08T04:53:22.226+0000] {processor.py:186} INFO - Started process (PID=695) to work on /opt/airflow/dags/ml_01_iris_pipeline-3.py
[2026-09-08T04:53:22.227+0000] {processor.py:914} INFO - Processing file /opt/airflow/dags/ml_01_iris_pipeline-3.py for tasks to queue
[2026-09-08T04:53:22.229+0000] {logging_mixin.py:190} INFO - [2026-09-08T04:53:22.228+0000] {dagbag.py:588} INFO - Filling up the DagBag from /opt/airflow/dags/ml_01_iris_pipeline-3.py
[2026-09-08T04:53:22.250+0000] {processor.py:925} INFO - DAG(s) 'iris_pipeline_dag' retrieved from /opt/airflow/dags/ml_01_iris_pipeline-3.py
[2026-09-08T04:53:22.274+0000] {logging_mixin.py:190} INFO - [2026-09-08T04:53:22.274+0000] {dag.py:3239} INFO - Sync 1 DAGs
[2026-09-08T04:53:22.285+0000] {logging_mixin.py:190} INFO - [2026-09-08T04:53:22.285+0000] {dag.py:4180} INFO - Setting next_dagrun for iris_pipeline_dag to None, run_after=None
[2026-09-08T04:53:22.309+0000] {processor.py:208} INFO - Processing /opt/airflow/dags/ml_01_iris_pipeline-3.py took 0.092 seconds
[2026-09-08T04:53:52.783+0000] {processor.py:186} INFO - Started process (PID=709) to work on /opt/airflow/dags/ml_01_iris_pipeline-3.py
[2026-09-08T04:53:52.783+0000] {processor.py:914} INFO - Processing file /opt/airflow/dags/ml_01_iris_pipeline-3.py for tasks to queue
[2026-09-08T04:53:52.788+0000] {logging_mixin.py:190} INFO - [2026-09-08T04:53:52.788+0000] {dagbag.py:588} INFO - Filling up the DagBag from /opt/airflow/dags/ml_01_iris_pipeline-3.py
[2026-09-08T04:53:52.810+0000] {processor.py:925} INFO - DAG(s) 'iris_pipeline_dag' retrieved from /opt/airflow/dags/ml_01_iris_pipeline-3.py
[2026-09-08T04:53:52.836+0000] {logging_mixin.py:190} INFO - [2026-09-08T04:53:52.836+0000] {dag.py:3239} INFO - Sync 1 DAGs
[2026-09-08T04:53:52.850+0000] {logging_mixin.py:190} INFO - [2026-09-08T04:53:52.850+0000] {dag.py:4180} INFO - Setting next_dagrun for iris_pipeline_dag to None, run_after=None
[2026-09-08T04:53:52.878+0000] {processor.py:208} INFO - Processing /opt/airflow/dags/ml_01_iris_pipeline-3.py took 0.101 seconds
[2026-09-08T04:54:23.395+0000] {processor.py:186} INFO - Started process (PID=723) to work on /opt/airflow/dags/ml_01_iris_pipeline-3.py
[2026-09-08T04:54:23.396+0000] {processor.py:914} INFO - Processing file /opt/airflow/dags/ml_01_iris_pipeline-3.py for tasks to queue
[2026-09-08T04:54:23.397+0000] {logging_mixin.py:190} INFO - [2026-09-08T04:54:23.397+0000] {dagbag.py:588} INFO - Filling up the DagBag from /opt/airflow/dags/ml_01_iris_pipeline-3.py
[2026-09-08T04:54:23.410+0000] {processor.py:925} INFO - DAG(s) 'iris_pipeline_dag' retrieved from /opt/airflow/dags/ml_01_iris_pipeline-3.py
[2026-09-08T04:54:23.432+0000] {logging_mixin.py:190} INFO - [2026-09-08T04:54:23.432+0000] {dag.py:3239} INFO - Sync 1 DAGs
[2026-09-08T04:54:23.443+0000] {logging_mixin.py:190} INFO - [2026-09-08T04:54:23.443+0000] {dag.py:4180} INFO - Setting next_dagrun for iris_pipeline_dag to None, run_after=None
[2026-09-08T04:54:23.459+0000] {processor.py:208} INFO - Processing /opt/airflow/dags/ml_01_iris_pipeline-3.py took 0.069 seconds
[2026-09-08T04:54:53.928+0000] {processor.py:186} INFO - Started process (PID=737) to work on /opt/airflow/dags/ml_01_iris_pipeline-3.py
[2026-09-08T04:54:53.929+0000] {processor.py:914} INFO - Processing file /opt/airflow/dags/ml_01_iris_pipeline-3.py for tasks to queue
[2026-09-08T04:54:53.930+0000] {logging_mixin.py:190} INFO - [2026-09-08T04:54:53.930+0000] {dagbag.py:588} INFO - Filling up the DagBag from /opt/airflow/dags/ml_01_iris_pipeline-3.py
[2026-09-08T04:54:53.943+0000] {processor.py:925} INFO - DAG(s) 'iris_pipeline_dag' retrieved from /opt/airflow/dags/ml_01_iris_pipeline-3.py
[2026-09-08T04:54:53.966+0000] {logging_mixin.py:190} INFO - [2026-09-08T04:54:53.965+0000] {dag.py:3239} INFO - Sync 1 DAGs
[2026-09-08T04:54:53.976+0000] {logging_mixin.py:190} INFO - [2026-09-08T04:54:53.976+0000] {dag.py:4180} INFO - Setting next_dagrun for iris_pipeline_dag to None, run_after=None
[2026-09-08T04:54:53.993+0000] {processor.py:208} INFO - Processing /opt/airflow/dags/ml_01_iris_pipeline-3.py took 0.069 seconds
[2026-09-08T04:55:24.509+0000] {processor.py:186} INFO - Started process (PID=751) to work on /opt/airflow/dags/ml_01_iris_pipeline-3.py
[2026-09-08T04:55:24.510+0000] {processor.py:914} INFO - Processing file /opt/airflow/dags/ml_01_iris_pipeline-3.py for tasks to queue
[2026-09-08T04:55:24.511+0000] {logging_mixin.py:190} INFO - [2026-09-08T04:55:24.510+0000] {dagbag.py:588} INFO - Filling up the DagBag from /opt/airflow/dags/ml_01_iris_pipeline-3.py
[2026-09-08T04:55:24.526+0000] {processor.py:925} INFO - DAG(s) 'iris_pipeline_dag' retrieved from /opt/airflow/dags/ml_01_iris_pipeline-3.py
[2026-09-08T04:55:24.549+0000] {logging_mixin.py:190} INFO - [2026-09-08T04:55:24.548+0000] {dag.py:3239} INFO - Sync 1 DAGs
[2026-09-08T04:55:24.560+0000] {logging_mixin.py:190} INFO - [2026-09-08T04:55:24.560+0000] {dag.py:4180} INFO - Setting next_dagrun for iris_pipeline_dag to None, run_after=None
[2026-09-08T04:55:24.579+0000] {processor.py:208} INFO - Processing /opt/airflow/dags/ml_01_iris_pipeline-3.py took 0.075 seconds
[2026-09-08T04:55:55.146+0000] {processor.py:186} INFO - Started process (PID=765) to work on /opt/airflow/dags/ml_01_iris_pipeline-3.py
[2026-09-08T04:55:55.146+0000] {processor.py:914} INFO - Processing file /opt/airflow/dags/ml_01_iris_pipeline-3.py for tasks to queue
[2026-09-08T04:55:55.148+0000] {logging_mixin.py:190} INFO - [2026-09-08T04:55:55.147+0000] {dagbag.py:588} INFO - Filling up the DagBag from /opt/airflow/dags/ml_01_iris_pipeline-3.py
[2026-09-08T04:55:55.178+0000] {processor.py:925} INFO - DAG(s) 'iris_pipeline_dag' retrieved from /opt/airflow/dags/ml_01_iris_pipeline-3.py
[2026-09-08T04:55:55.202+0000] {logging_mixin.py:190} INFO - [2026-09-08T04:55:55.202+0000] {dag.py:3239} INFO - Sync 1 DAGs
[2026-09-08T04:55:55.216+0000] {logging_mixin.py:190} INFO - [2026-09-08T04:55:55.216+0000] {dag.py:4180} INFO - Setting next_dagrun for iris_pipeline_dag to None, run_after=None
[2026-09-08T04:55:55.233+0000] {processor.py:208} INFO - Processing /opt/airflow/dags/ml_01_iris_pipeline-3.py took 0.093 seconds
[2026-09-08T04:56:25.674+0000] {processor.py:186} INFO - Started process (PID=777) to work on /opt/airflow/dags/ml_01_iris_pipeline-3.py
[2026-09-08T04:56:25.675+0000] {processor.py:914} INFO - Processing file /opt/airflow/dags/ml_01_iris_pipeline-3.py for tasks to queue
[2026-09-08T04:56:25.677+0000] {logging_mixin.py:190} INFO - [2026-09-08T04:56:25.676+0000] {dagbag.py:588} INFO - Filling up the DagBag from /opt/airflow/dags/ml_01_iris_pipeline-3.py
[2026-09-08T04:56:25.691+0000] {processor.py:925} INFO - DAG(s) 'iris_pipeline_dag' retrieved from /opt/airflow/dags/ml_01_iris_pipeline-3.py
[2026-09-08T04:56:25.715+0000] {logging_mixin.py:190} INFO - [2026-09-08T04:56:25.715+0000] {dag.py:3239} INFO - Sync 1 DAGs
[2026-09-08T04:56:25.732+0000] {logging_mixin.py:190} INFO - [2026-09-08T04:56:25.731+0000] {dag.py:4180} INFO - Setting next_dagrun for iris_pipeline_dag to None, run_after=None
[2026-09-08T04:56:25.753+0000] {processor.py:208} INFO - Processing /opt/airflow/dags/ml_01_iris_pipeline-3.py took 0.085 seconds
[2026-09-08T04:56:56.356+0000] {processor.py:186} INFO - Started process (PID=797) to work on /opt/airflow/dags/ml_01_iris_pipeline-3.py
[2026-09-08T04:56:56.356+0000] {processor.py:914} INFO - Processing file /opt/airflow/dags/ml_01_iris_pipeline-3.py for tasks to queue
[2026-09-08T04:56:56.358+0000] {logging_mixin.py:190} INFO - [2026-09-08T04:56:56.357+0000] {dagbag.py:588} INFO - Filling up the DagBag from /opt/airflow/dags/ml_01_iris_pipeline-3.py
[2026-09-08T04:56:56.373+0000] {processor.py:925} INFO - DAG(s) 'iris_pipeline_dag' retrieved from /opt/airflow/dags/ml_01_iris_pipeline-3.py
[2026-09-08T04:56:56.395+0000] {logging_mixin.py:190} INFO - [2026-09-08T04:56:56.394+0000] {dag.py:3239} INFO - Sync 1 DAGs
[2026-09-08T04:56:56.405+0000] {logging_mixin.py:190} INFO - [2026-09-08T04:56:56.405+0000] {dag.py:4180} INFO - Setting next_dagrun for iris_pipeline_dag to None, run_after=None
[2026-09-08T04:56:56.420+0000] {processor.py:208} INFO - Processing /opt/airflow/dags/ml_01_iris_pipeline-3.py took 0.069 seconds
[2026-09-08T04:57:27.197+0000] {processor.py:186} INFO - Started process (PID=811) to work on /opt/airflow/dags/ml_01_iris_pipeline-3.py
[2026-09-08T04:57:27.197+0000] {processor.py:914} INFO - Processing file /opt/airflow/dags/ml_01_iris_pipeline-3.py for tasks to queue
[2026-09-08T04:57:27.198+0000] {logging_mixin.py:190} INFO - [2026-09-08T04:57:27.198+0000] {dagbag.py:588} INFO - Filling up the DagBag from /opt/airflow/dags/ml_01_iris_pipeline-3.py
[2026-09-08T04:57:27.212+0000] {processor.py:925} INFO - DAG(s) 'iris_pipeline_dag' retrieved from /opt/airflow/dags/ml_01_iris_pipeline-3.py
[2026-09-08T04:57:27.237+0000] {logging_mixin.py:190} INFO - [2026-09-08T04:57:27.236+0000] {dag.py:3239} INFO - Sync 1 DAGs
[2026-09-08T04:57:27.250+0000] {logging_mixin.py:190} INFO - [2026-09-08T04:57:27.250+0000] {dag.py:4180} INFO - Setting next_dagrun for iris_pipeline_dag to None, run_after=None
[2026-09-08T04:57:27.273+0000] {processor.py:208} INFO - Processing /opt/airflow/dags/ml_01_iris_pipeline-3.py took 0.082 seconds
[2026-09-08T04:57:57.824+0000] {processor.py:186} INFO - Started process (PID=825) to work on /opt/airflow/dags/ml_01_iris_pipeline-3.py
[2026-09-08T04:57:57.825+0000] {processor.py:914} INFO - Processing file /opt/airflow/dags/ml_01_iris_pipeline-3.py for tasks to queue
[2026-09-08T04:57:57.827+0000] {logging_mixin.py:190} INFO - [2026-09-08T04:57:57.826+0000] {dagbag.py:588} INFO - Filling up the DagBag from /opt/airflow/dags/ml_01_iris_pipeline-3.py
[2026-09-08T04:57:57.844+0000] {processor.py:925} INFO - DAG(s) 'iris_pipeline_dag' retrieved from /opt/airflow/dags/ml_01_iris_pipeline-3.py
[2026-09-08T04:57:57.872+0000] {logging_mixin.py:190} INFO - [2026-09-08T04:57:57.872+0000] {dag.py:3239} INFO - Sync 1 DAGs
[2026-09-08T04:57:57.890+0000] {logging_mixin.py:190} INFO - [2026-09-08T04:57:57.889+0000] {dag.py:4180} INFO - Setting next_dagrun for iris_pipeline_dag to None, run_after=None
[2026-09-08T04:57:57.909+0000] {processor.py:208} INFO - Processing /opt/airflow/dags/ml_01_iris_pipeline-3.py took 0.090 seconds
[2026-09-08T04:58:28.614+0000] {processor.py:186} INFO - Started process (PID=839) to work on /opt/airflow/dags/ml_01_iris_pipeline-3.py
[2026-09-08T04:58:28.615+0000] {processor.py:914} INFO - Processing file /opt/airflow/dags/ml_01_iris_pipeline-3.py for tasks to queue
[2026-09-08T04:58:28.617+0000] {logging_mixin.py:190} INFO - [2026-09-08T04:58:28.616+0000] {dagbag.py:588} INFO - Filling up the DagBag from /opt/airflow/dags/ml_01_iris_pipeline-3.py
[2026-09-08T04:58:28.632+0000] {processor.py:925} INFO - DAG(s) 'iris_pipeline_dag' retrieved from /opt/airflow/dags/ml_01_iris_pipeline-3.py
[2026-09-08T04:58:28.656+0000] {logging_mixin.py:190} INFO - [2026-09-08T04:58:28.655+0000] {dag.py:3239} INFO - Sync 1 DAGs
[2026-09-08T04:58:28.668+0000] {logging_mixin.py:190} INFO - [2026-09-08T04:58:28.668+0000] {dag.py:4180} INFO - Setting next_dagrun for iris_pipeline_dag to None, run_after=None
[2026-09-08T04:58:28.686+0000] {processor.py:208} INFO - Processing /opt/airflow/dags/ml_01_iris_pipeline-3.py took 0.077 seconds
[2026-09-08T04:58:59.287+0000] {processor.py:186} INFO - Started process (PID=853) to work on /opt/airflow/dags/ml_01_iris_pipeline-3.py
[2026-09-08T04:58:59.289+0000] {processor.py:914} INFO - Processing file /opt/airflow/dags/ml_01_iris_pipeline-3.py for tasks to queue
[2026-09-08T04:58:59.291+0000] {logging_mixin.py:190} INFO - [2026-09-08T04:58:59.290+0000] {dagbag.py:588} INFO - Filling up the DagBag from /opt/airflow/dags/ml_01_iris_pipeline-3.py
[2026-09-08T04:58:59.310+0000] {processor.py:925} INFO - DAG(s) 'iris_pipeline_dag' retrieved from /opt/airflow/dags/ml_01_iris_pipeline-3.py
[2026-09-08T04:58:59.342+0000] {logging_mixin.py:190} INFO - [2026-09-08T04:58:59.342+0000] {dag.py:3239} INFO - Sync 1 DAGs
[2026-09-08T04:58:59.358+0000] {logging_mixin.py:190} INFO - [2026-09-08T04:58:59.357+0000] {dag.py:4180} INFO - Setting next_dagrun for iris_pipeline_dag to None, run_after=None
[2026-09-08T04:58:59.379+0000] {processor.py:208} INFO - Processing /opt/airflow/dags/ml_01_iris_pipeline-3.py took 0.098 seconds
[2026-09-08T04:59:30.143+0000] {processor.py:186} INFO - Started process (PID=866) to work on /opt/airflow/dags/ml_01_iris_pipeline-3.py
[2026-09-08T04:59:30.144+0000] {processor.py:914} INFO - Processing file /opt/airflow/dags/ml_01_iris_pipeline-3.py for tasks to queue
[2026-09-08T04:59:30.145+0000] {logging_mixin.py:190} INFO - [2026-09-08T04:59:30.145+0000] {dagbag.py:588} INFO - Filling up the DagBag from /opt/airflow/dags/ml_01_iris_pipeline-3.py
[2026-09-08T04:59:30.159+0000] {processor.py:925} INFO - DAG(s) 'iris_pipeline_dag' retrieved from /opt/airflow/dags/ml_01_iris_pipeline-3.py
[2026-09-08T04:59:30.181+0000] {logging_mixin.py:190} INFO - [2026-09-08T04:59:30.181+0000] {dag.py:3239} INFO - Sync 1 DAGs
[2026-09-08T04:59:30.194+0000] {logging_mixin.py:190} INFO - [2026-09-08T04:59:30.193+0000] {dag.py:4180} INFO - Setting next_dagrun for iris_pipeline_dag to None, run_after=None
[2026-09-08T04:59:30.218+0000] {processor.py:208} INFO - Processing /opt/airflow/dags/ml_01_iris_pipeline-3.py took 0.081 seconds
[2026-09-08T05:00:00.847+0000] {processor.py:186} INFO - Started process (PID=880) to work on /opt/airflow/dags/ml_01_iris_pipeline-3.py
[2026-09-08T05:00:00.848+0000] {processor.py:914} INFO - Processing file /opt/airflow/dags/ml_01_iris_pipeline-3.py for tasks to queue
[2026-09-08T05:00:00.849+0000] {logging_mixin.py:190} INFO - [2026-09-08T05:00:00.849+0000] {dagbag.py:588} INFO - Filling up the DagBag from /opt/airflow/dags/ml_01_iris_pipeline-3.py
[2026-09-08T05:00:00.869+0000] {processor.py:925} INFO - DAG(s) 'iris_pipeline_dag' retrieved from /opt/airflow/dags/ml_01_iris_pipeline-3.py
[2026-09-08T05:00:00.895+0000] {logging_mixin.py:190} INFO - [2026-09-08T05:00:00.895+0000] {dag.py:3239} INFO - Sync 1 DAGs
[2026-09-08T05:00:00.911+0000] {logging_mixin.py:190} INFO - [2026-09-08T05:00:00.910+0000] {dag.py:4180} INFO - Setting next_dagrun for iris_pipeline_dag to None, run_after=None
[2026-09-08T05:00:00.931+0000] {processor.py:208} INFO - Processing /opt/airflow/dags/ml_01_iris_pipeline-3.py took 0.090 seconds
[2026-09-08T05:00:31.578+0000] {processor.py:186} INFO - Started process (PID=894) to work on /opt/airflow/dags/ml_01_iris_pipeline-3.py
[2026-09-08T05:00:31.579+0000] {processor.py:914} INFO - Processing file /opt/airflow/dags/ml_01_iris_pipeline-3.py for tasks to queue
[2026-09-08T05:00:31.581+0000] {logging_mixin.py:190} INFO - [2026-09-08T05:00:31.580+0000] {dagbag.py:588} INFO - Filling up the DagBag from /opt/airflow/dags/ml_01_iris_pipeline-3.py
[2026-09-08T05:00:31.601+0000] {processor.py:925} INFO - DAG(s) 'iris_pipeline_dag' retrieved from /opt/airflow/dags/ml_01_iris_pipeline-3.py
[2026-09-08T05:00:31.638+0000] {logging_mixin.py:190} INFO - [2026-09-08T05:00:31.638+0000] {dag.py:3239} INFO - Sync 1 DAGs
[2026-09-08T05:00:31.654+0000] {logging_mixin.py:190} INFO - [2026-09-08T05:00:31.654+0000] {dag.py:4180} INFO - Setting next_dagrun for iris_pipeline_dag to None, run_after=None
[2026-09-08T05:00:31.681+0000] {processor.py:208} INFO - Processing /opt/airflow/dags/ml_01_iris_pipeline-3.py took 0.111 seconds
[2026-09-08T05:01:02.279+0000] {processor.py:186} INFO - Started process (PID=908) to work on /opt/airflow/dags/ml_01_iris_pipeline-3.py
[2026-09-08T05:01:02.279+0000] {processor.py:914} INFO - Processing file /opt/airflow/dags/ml_01_iris_pipeline-3.py for tasks to queue
[2026-09-08T05:01:02.281+0000] {logging_mixin.py:190} INFO - [2026-09-08T05:01:02.280+0000] {dagbag.py:588} INFO - Filling up the DagBag from /opt/airflow/dags/ml_01_iris_pipeline-3.py
[2026-09-08T05:01:02.296+0000] {processor.py:925} INFO - DAG(s) 'iris_pipeline_dag' retrieved from /opt/airflow/dags/ml_01_iris_pipeline-3.py
[2026-09-08T05:01:02.317+0000] {logging_mixin.py:190} INFO - [2026-09-08T05:01:02.317+0000] {dag.py:3239} INFO - Sync 1 DAGs
[2026-09-08T05:01:02.329+0000] {logging_mixin.py:190} INFO - [2026-09-08T05:01:02.329+0000] {dag.py:4180} INFO - Setting next_dagrun for iris_pipeline_dag to None, run_after=None
[2026-09-08T05:01:02.347+0000] {processor.py:208} INFO - Processing /opt/airflow/dags/ml_01_iris_pipeline-3.py took 0.073 seconds
[2026-09-08T05:01:32.889+0000] {processor.py:186} INFO - Started process (PID=922) to work on /opt/airflow/dags/ml_01_iris_pipeline-3.py
[2026-09-08T05:01:32.890+0000] {processor.py:914} INFO - Processing file /opt/airflow/dags/ml_01_iris_pipeline-3.py for tasks to queue
[2026-09-08T05:01:32.891+0000] {logging_mixin.py:190} INFO - [2026-09-08T05:01:32.891+0000] {dagbag.py:588} INFO - Filling up the DagBag from /opt/airflow/dags/ml_01_iris_pipeline-3.py
[2026-09-08T05:01:32.909+0000] {processor.py:925} INFO - DAG(s) 'iris_pipeline_dag' retrieved from /opt/airflow/dags/ml_01_iris_pipeline-3.py
[2026-09-08T05:01:32.937+0000] {logging_mixin.py:190} INFO - [2026-09-08T05:01:32.937+0000] {dag.py:3239} INFO - Sync 1 DAGs
[2026-09-08T05:01:32.954+0000] {logging_mixin.py:190} INFO - [2026-09-08T05:01:32.953+0000] {dag.py:4180} INFO - Setting next_dagrun for iris_pipeline_dag to None, run_after=None
[2026-09-08T05:01:32.975+0000] {processor.py:208} INFO - Processing /opt/airflow/dags/ml_01_iris_pipeline-3.py took 0.092 seconds
[2026-09-08T05:02:03.752+0000] {processor.py:186} INFO - Started process (PID=936) to work on /opt/airflow/dags/ml_01_iris_pipeline-3.py
[2026-09-08T05:02:03.753+0000] {processor.py:914} INFO - Processing file /opt/airflow/dags/ml_01_iris_pipeline-3.py for tasks to queue
[2026-09-08T05:02:03.754+0000] {logging_mixin.py:190} INFO - [2026-09-08T05:02:03.754+0000] {dagbag.py:588} INFO - Filling up the DagBag from /opt/airflow/dags/ml_01_iris_pipeline-3.py
[2026-09-08T05:02:03.769+0000] {processor.py:925} INFO - DAG(s) 'iris_pipeline_dag' retrieved from /opt/airflow/dags/ml_01_iris_pipeline-3.py
[2026-09-08T05:02:03.794+0000] {logging_mixin.py:190} INFO - [2026-09-08T05:02:03.793+0000] {dag.py:3239} INFO - Sync 1 DAGs
[2026-09-08T05:02:03.805+0000] {logging_mixin.py:190} INFO - [2026-09-08T05:02:03.805+0000] {dag.py:4180} INFO - Setting next_dagrun for iris_pipeline_dag to None, run_after=None
[2026-09-08T05:02:03.822+0000] {processor.py:208} INFO - Processing /opt/airflow/dags/ml_01_iris_pipeline-3.py took 0.074 seconds
[2026-09-08T05:02:34.490+0000] {processor.py:186} INFO - Started process (PID=950) to work on /opt/airflow/dags/ml_01_iris_pipeline-3.py
[2026-09-08T05:02:34.491+0000] {processor.py:914} INFO - Processing file /opt/airflow/dags/ml_01_iris_pipeline-3.py for tasks to queue
[2026-09-08T05:02:34.492+0000] {logging_mixin.py:190} INFO - [2026-09-08T05:02:34.492+0000] {dagbag.py:588} INFO - Filling up the DagBag from /opt/airflow/dags/ml_01_iris_pipeline-3.py
[2026-09-08T05:02:34.512+0000] {processor.py:925} INFO - DAG(s) 'iris_pipeline_dag' retrieved from /opt/airflow/dags/ml_01_iris_pipeline-3.py
[2026-09-08T05:02:34.553+0000] {logging_mixin.py:190} INFO - [2026-09-08T05:02:34.553+0000] {dag.py:3239} INFO - Sync 1 DAGs
[2026-09-08T05:02:34.570+0000] {logging_mixin.py:190} INFO - [2026-09-08T05:02:34.570+0000] {dag.py:4180} INFO - Setting next_dagrun for iris_pipeline_dag to None, run_after=None
[2026-09-08T05:02:34.591+0000] {processor.py:208} INFO - Processing /opt/airflow/dags/ml_01_iris_pipeline-3.py took 0.108 seconds
[2026-09-08T05:03:05.259+0000] {processor.py:186} INFO - Started process (PID=964) to work on /opt/airflow/dags/ml_01_iris_pipeline-3.py
[2026-09-08T05:03:05.260+0000] {processor.py:914} INFO - Processing file /opt/airflow/dags/ml_01_iris_pipeline-3.py for tasks to queue
[2026-09-08T05:03:05.261+0000] {logging_mixin.py:190} INFO - [2026-09-08T05:03:05.261+0000] {dagbag.py:588} INFO - Filling up the DagBag from /opt/airflow/dags/ml_01_iris_pipeline-3.py
[2026-09-08T05:03:05.281+0000] {processor.py:925} INFO - DAG(s) 'iris_pipeline_dag' retrieved from /opt/airflow/dags/ml_01_iris_pipeline-3.py
[2026-09-08T05:03:05.312+0000] {logging_mixin.py:190} INFO - [2026-09-08T05:03:05.312+0000] {dag.py:3239} INFO - Sync 1 DAGs
[2026-09-08T05:03:05.327+0000] {logging_mixin.py:190} INFO - [2026-09-08T05:03:05.326+0000] {dag.py:4180} INFO - Setting next_dagrun for iris_pipeline_dag to None, run_after=None
[2026-09-08T05:03:05.350+0000] {processor.py:208} INFO - Processing /opt/airflow/dags/ml_01_iris_pipeline-3.py took 0.096 seconds
[2026-09-08T05:03:36.142+0000] {processor.py:186} INFO - Started process (PID=977) to work on /opt/airflow/dags/ml_01_iris_pipeline-3.py
[2026-09-08T05:03:36.143+0000] {processor.py:914} INFO - Processing file /opt/airflow/dags/ml_01_iris_pipeline-3.py for tasks to queue
[2026-09-08T05:03:36.146+0000] {logging_mixin.py:190} INFO - [2026-09-08T05:03:36.145+0000] {dagbag.py:588} INFO - Filling up the DagBag from /opt/airflow/dags/ml_01_iris_pipeline-3.py
[2026-09-08T05:03:36.178+0000] {processor.py:925} INFO - DAG(s) 'iris_pipeline_dag' retrieved from /opt/airflow/dags/ml_01_iris_pipeline-3.py
[2026-09-08T05:03:36.221+0000] {logging_mixin.py:190} INFO - [2026-09-08T05:03:36.220+0000] {dag.py:3239} INFO - Sync 1 DAGs
[2026-09-08T05:03:36.237+0000] {logging_mixin.py:190} INFO - [2026-09-08T05:03:36.237+0000] {dag.py:4180} INFO - Setting next_dagrun for iris_pipeline_dag to None, run_after=None
[2026-09-08T05:03:36.262+0000] {processor.py:208} INFO - Processing /opt/airflow/dags/ml_01_iris_pipeline-3.py took 0.125 seconds
[2026-09-08T05:04:07.089+0000] {processor.py:186} INFO - Started process (PID=991) to work on /opt/airflow/dags/ml_01_iris_pipeline-3.py
[2026-09-08T05:04:07.090+0000] {processor.py:914} INFO - Processing file /opt/airflow/dags/ml_01_iris_pipeline-3.py for tasks to queue
[2026-09-08T05:04:07.095+0000] {logging_mixin.py:190} INFO - [2026-09-08T05:04:07.092+0000] {dagbag.py:588} INFO - Filling up the DagBag from /opt/airflow/dags/ml_01_iris_pipeline-3.py
[2026-09-08T05:04:07.115+0000] {processor.py:925} INFO - DAG(s) 'iris_pipeline_dag' retrieved from /opt/airflow/dags/ml_01_iris_pipeline-3.py
[2026-09-08T05:04:07.146+0000] {logging_mixin.py:190} INFO - [2026-09-08T05:04:07.146+0000] {dag.py:3239} INFO - Sync 1 DAGs
[2026-09-08T05:04:07.160+0000] {logging_mixin.py:190} INFO - [2026-09-08T05:04:07.159+0000] {dag.py:4180} INFO - Setting next_dagrun for iris_pipeline_dag to None, run_after=None
[2026-09-08T05:04:07.186+0000] {processor.py:208} INFO - Processing /opt/airflow/dags/ml_01_iris_pipeline-3.py took 0.102 seconds
[2026-09-08T05:04:38.120+0000] {processor.py:186} INFO - Started process (PID=1005) to work on /opt/airflow/dags/ml_01_iris_pipeline-3.py
[2026-09-08T05:04:38.121+0000] {processor.py:914} INFO - Processing file /opt/airflow/dags/ml_01_iris_pipeline-3.py for tasks to queue
[2026-09-08T05:04:38.123+0000] {logging_mixin.py:190} INFO - [2026-09-08T05:04:38.122+0000] {dagbag.py:588} INFO - Filling up the DagBag from /opt/airflow/dags/ml_01_iris_pipeline-3.py
[2026-09-08T05:04:38.146+0000] {processor.py:925} INFO - DAG(s) 'iris_pipeline_dag' retrieved from /opt/airflow/dags/ml_01_iris_pipeline-3.py
[2026-09-08T05:04:38.180+0000] {logging_mixin.py:190} INFO - [2026-09-08T05:04:38.180+0000] {dag.py:3239} INFO - Sync 1 DAGs
[2026-09-08T05:04:38.197+0000] {logging_mixin.py:190} INFO - [2026-09-08T05:04:38.197+0000] {dag.py:4180} INFO - Setting next_dagrun for iris_pipeline_dag to None, run_after=None
[2026-09-08T05:04:38.239+0000] {processor.py:208} INFO - Processing /opt/airflow/dags/ml_01_iris_pipeline-3.py took 0.126 seconds
[2026-09-08T05:05:09.173+0000] {processor.py:186} INFO - Started process (PID=1019) to work on /opt/airflow/dags/ml_01_iris_pipeline-3.py
[2026-09-08T05:05:09.174+0000] {processor.py:914} INFO - Processing file /opt/airflow/dags/ml_01_iris_pipeline-3.py for tasks to queue
[2026-09-08T05:05:09.175+0000] {logging_mixin.py:190} INFO - [2026-09-08T05:05:09.175+0000] {dagbag.py:588} INFO - Filling up the DagBag from /opt/airflow/dags/ml_01_iris_pipeline-3.py
[2026-09-08T05:05:09.190+0000] {processor.py:925} INFO - DAG(s) 'iris_pipeline_dag' retrieved from /opt/airflow/dags/ml_01_iris_pipeline-3.py
[2026-09-08T05:05:09.231+0000] {logging_mixin.py:190} INFO - [2026-09-08T05:05:09.230+0000] {dag.py:3239} INFO - Sync 1 DAGs
[2026-09-08T05:05:09.254+0000] {logging_mixin.py:190} INFO - [2026-09-08T05:05:09.254+0000] {dag.py:4180} INFO - Setting next_dagrun for iris_pipeline_dag to None, run_after=None
[2026-09-08T05:05:09.284+0000] {processor.py:208} INFO - Processing /opt/airflow/dags/ml_01_iris_pipeline-3.py took 0.118 seconds
[2026-09-08T05:05:39.346+0000] {processor.py:186} INFO - Started process (PID=1031) to work on /opt/airflow/dags/ml_01_iris_pipeline-3.py
[2026-09-08T05:05:39.347+0000] {processor.py:914} INFO - Processing file /opt/airflow/dags/ml_01_iris_pipeline-3.py for tasks to queue
[2026-09-08T05:05:39.349+0000] {logging_mixin.py:190} INFO - [2026-09-08T05:05:39.349+0000] {dagbag.py:588} INFO - Filling up the DagBag from /opt/airflow/dags/ml_01_iris_pipeline-3.py
[2026-09-08T05:05:39.371+0000] {processor.py:925} INFO - DAG(s) 'iris_pipeline_dag' retrieved from /opt/airflow/dags/ml_01_iris_pipeline-3.py
[2026-09-08T05:05:39.402+0000] {logging_mixin.py:190} INFO - [2026-09-08T05:05:39.402+0000] {dag.py:3239} INFO - Sync 1 DAGs
[2026-09-08T05:05:39.417+0000] {logging_mixin.py:190} INFO - [2026-09-08T05:05:39.417+0000] {dag.py:4180} INFO - Setting next_dagrun for iris_pipeline_dag to None, run_after=None
[2026-09-08T05:05:39.443+0000] {processor.py:208} INFO - Processing /opt/airflow/dags/ml_01_iris_pipeline-3.py took 0.103 seconds
[2026-09-08T05:06:09.559+0000] {processor.py:186} INFO - Started process (PID=1045) to work on /opt/airflow/dags/ml_01_iris_pipeline-3.py
[2026-09-08T05:06:09.561+0000] {processor.py:914} INFO - Processing file /opt/airflow/dags/ml_01_iris_pipeline-3.py for tasks to queue
[2026-09-08T05:06:09.563+0000] {logging_mixin.py:190} INFO - [2026-09-08T05:06:09.563+0000] {dagbag.py:588} INFO - Filling up the DagBag from /opt/airflow/dags/ml_01_iris_pipeline-3.py
[2026-09-08T05:06:09.582+0000] {processor.py:925} INFO - DAG(s) 'iris_pipeline_dag' retrieved from /opt/airflow/dags/ml_01_iris_pipeline-3.py
[2026-09-08T05:06:09.616+0000] {logging_mixin.py:190} INFO - [2026-09-08T05:06:09.616+0000] {dag.py:3239} INFO - Sync 1 DAGs
[2026-09-08T05:06:09.630+0000] {logging_mixin.py:190} INFO - [2026-09-08T05:06:09.630+0000] {dag.py:4180} INFO - Setting next_dagrun for iris_pipeline_dag to None, run_after=None
[2026-09-08T05:06:09.659+0000] {processor.py:208} INFO - Processing /opt/airflow/dags/ml_01_iris_pipeline-3.py took 0.106 seconds
[2026-09-08T05:06:40.464+0000] {processor.py:186} INFO - Started process (PID=1059) to work on /opt/airflow/dags/ml_01_iris_pipeline-3.py
[2026-09-08T05:06:40.468+0000] {processor.py:914} INFO - Processing file /opt/airflow/dags/ml_01_iris_pipeline-3.py for tasks to queue
[2026-09-08T05:06:40.470+0000] {logging_mixin.py:190} INFO - [2026-09-08T05:06:40.469+0000] {dagbag.py:588} INFO - Filling up the DagBag from /opt/airflow/dags/ml_01_iris_pipeline-3.py
[2026-09-08T05:06:40.489+0000] {processor.py:925} INFO - DAG(s) 'iris_pipeline_dag' retrieved from /opt/airflow/dags/ml_01_iris_pipeline-3.py
[2026-09-08T05:06:40.534+0000] {logging_mixin.py:190} INFO - [2026-09-08T05:06:40.534+0000] {dag.py:3239} INFO - Sync 1 DAGs
[2026-09-08T05:06:40.550+0000] {logging_mixin.py:190} INFO - [2026-09-08T05:06:40.550+0000] {dag.py:4180} INFO - Setting next_dagrun for iris_pipeline_dag to None, run_after=None
[2026-09-08T05:06:40.581+0000] {processor.py:208} INFO - Processing /opt/airflow/dags/ml_01_iris_pipeline-3.py took 0.127 seconds
[2026-09-08T05:07:11.238+0000] {processor.py:186} INFO - Started process (PID=1074) to work on /opt/airflow/dags/ml_01_iris_pipeline-3.py
[2026-09-08T05:07:11.239+0000] {processor.py:914} INFO - Processing file /opt/airflow/dags/ml_01_iris_pipeline-3.py for tasks to queue
[2026-09-08T05:07:11.240+0000] {logging_mixin.py:190} INFO - [2026-09-08T05:07:11.240+0000] {dagbag.py:588} INFO - Filling up the DagBag from /opt/airflow/dags/ml_01_iris_pipeline-3.py
[2026-09-08T05:07:11.262+0000] {processor.py:925} INFO - DAG(s) 'iris_pipeline_dag' retrieved from /opt/airflow/dags/ml_01_iris_pipeline-3.py
[2026-09-08T05:07:11.293+0000] {logging_mixin.py:190} INFO - [2026-09-08T05:07:11.293+0000] {dag.py:3239} INFO - Sync 1 DAGs
[2026-09-08T05:07:11.316+0000] {logging_mixin.py:190} INFO - [2026-09-08T05:07:11.316+0000] {dag.py:4180} INFO - Setting next_dagrun for iris_pipeline_dag to None, run_after=None
[2026-09-08T05:07:11.346+0000] {processor.py:208} INFO - Processing /opt/airflow/dags/ml_01_iris_pipeline-3.py took 0.115 seconds
[2026-09-08T05:07:41.805+0000] {processor.py:186} INFO - Started process (PID=1088) to work on /opt/airflow/dags/ml_01_iris_pipeline-3.py
[2026-09-08T05:07:41.805+0000] {processor.py:914} INFO - Processing file /opt/airflow/dags/ml_01_iris_pipeline-3.py for tasks to queue
[2026-09-08T05:07:41.807+0000] {logging_mixin.py:190} INFO - [2026-09-08T05:07:41.806+0000] {dagbag.py:588} INFO - Filling up the DagBag from /opt/airflow/dags/ml_01_iris_pipeline-3.py
[2026-09-08T05:07:41.827+0000] {processor.py:925} INFO - DAG(s) 'iris_pipeline_dag' retrieved from /opt/airflow/dags/ml_01_iris_pipeline-3.py
[2026-09-08T05:07:41.866+0000] {logging_mixin.py:190} INFO - [2026-09-08T05:07:41.865+0000] {dag.py:3239} INFO - Sync 1 DAGs
[2026-09-08T05:07:41.881+0000] {logging_mixin.py:190} INFO - [2026-09-08T05:07:41.881+0000] {dag.py:4180} INFO - Setting next_dagrun for iris_pipeline_dag to None, run_after=None
[2026-09-08T05:07:41.914+0000] {processor.py:208} INFO - Processing /opt/airflow/dags/ml_01_iris_pipeline-3.py took 0.116 seconds
[2026-09-08T05:08:12.313+0000] {processor.py:186} INFO - Started process (PID=1102) to work on /opt/airflow/dags/ml_01_iris_pipeline-3.py
[2026-09-08T05:08:12.315+0000] {processor.py:914} INFO - Processing file /opt/airflow/dags/ml_01_iris_pipeline-3.py for tasks to queue
[2026-09-08T05:08:12.317+0000] {logging_mixin.py:190} INFO - [2026-09-08T05:08:12.316+0000] {dagbag.py:588} INFO - Filling up the DagBag from /opt/airflow/dags/ml_01_iris_pipeline-3.py
[2026-09-08T05:08:12.347+0000] {processor.py:925} INFO - DAG(s) 'iris_pipeline_dag' retrieved from /opt/airflow/dags/ml_01_iris_pipeline-3.py
[2026-09-08T05:08:12.404+0000] {logging_mixin.py:190} INFO - [2026-09-08T05:08:12.403+0000] {dag.py:3239} INFO - Sync 1 DAGs
[2026-09-08T05:08:12.435+0000] {logging_mixin.py:190} INFO - [2026-09-08T05:08:12.435+0000] {dag.py:4180} INFO - Setting next_dagrun for iris_pipeline_dag to None, run_after=None
[2026-09-08T05:08:12.475+0000] {processor.py:208} INFO - Processing /opt/airflow/dags/ml_01_iris_pipeline-3.py took 0.167 seconds
[2026-09-08T05:08:42.803+0000] {processor.py:186} INFO - Started process (PID=1116) to work on /opt/airflow/dags/ml_01_iris_pipeline-3.py
[2026-09-08T05:08:42.804+0000] {processor.py:914} INFO - Processing file /opt/airflow/dags/ml_01_iris_pipeline-3.py for tasks to queue
[2026-09-08T05:08:42.807+0000] {logging_mixin.py:190} INFO - [2026-09-08T05:08:42.807+0000] {dagbag.py:588} INFO - Filling up the DagBag from /opt/airflow/dags/ml_01_iris_pipeline-3.py
[2026-09-08T05:08:42.834+0000] {processor.py:925} INFO - DAG(s) 'iris_pipeline_dag' retrieved from /opt/airflow/dags/ml_01_iris_pipeline-3.py
[2026-09-08T05:08:42.868+0000] {logging_mixin.py:190} INFO - [2026-09-08T05:08:42.868+0000] {dag.py:3239} INFO - Sync 1 DAGs
[2026-09-08T05:08:42.891+0000] {logging_mixin.py:190} INFO - [2026-09-08T05:08:42.891+0000] {dag.py:4180} INFO - Setting next_dagrun for iris_pipeline_dag to None, run_after=None
[2026-09-08T05:08:42.938+0000] {processor.py:208} INFO - Processing /opt/airflow/dags/ml_01_iris_pipeline-3.py took 0.144 seconds
[2026-09-08T05:09:13.694+0000] {processor.py:186} INFO - Started process (PID=1130) to work on /opt/airflow/dags/ml_01_iris_pipeline-3.py
[2026-09-08T05:09:13.696+0000] {processor.py:914} INFO - Processing file /opt/airflow/dags/ml_01_iris_pipeline-3.py for tasks to queue
[2026-09-08T05:09:13.698+0000] {logging_mixin.py:190} INFO - [2026-09-08T05:09:13.698+0000] {dagbag.py:588} INFO - Filling up the DagBag from /opt/airflow/dags/ml_01_iris_pipeline-3.py
[2026-09-08T05:09:13.793+0000] {processor.py:925} INFO - DAG(s) 'iris_pipeline_dag' retrieved from /opt/airflow/dags/ml_01_iris_pipeline-3.py
[2026-09-08T05:09:13.855+0000] {logging_mixin.py:190} INFO - [2026-09-08T05:09:13.855+0000] {dag.py:3239} INFO - Sync 1 DAGs
[2026-09-08T05:09:13.898+0000] {logging_mixin.py:190} INFO - [2026-09-08T05:09:13.898+0000] {dag.py:4180} INFO - Setting next_dagrun for iris_pipeline_dag to None, run_after=None
[2026-09-08T05:09:13.985+0000] {processor.py:208} INFO - Processing /opt/airflow/dags/ml_01_iris_pipeline-3.py took 0.309 seconds
[2026-09-08T05:09:44.171+0000] {processor.py:186} INFO - Started process (PID=1144) to work on /opt/airflow/dags/ml_01_iris_pipeline-3.py
[2026-09-08T05:09:44.172+0000] {processor.py:914} INFO - Processing file /opt/airflow/dags/ml_01_iris_pipeline-3.py for tasks to queue
[2026-09-08T05:09:44.173+0000] {logging_mixin.py:190} INFO - [2026-09-08T05:09:44.173+0000] {dagbag.py:588} INFO - Filling up the DagBag from /opt/airflow/dags/ml_01_iris_pipeline-3.py
[2026-09-08T05:09:44.192+0000] {processor.py:925} INFO - DAG(s) 'iris_pipeline_dag' retrieved from /opt/airflow/dags/ml_01_iris_pipeline-3.py
[2026-09-08T05:09:44.222+0000] {logging_mixin.py:190} INFO - [2026-09-08T05:09:44.222+0000] {dag.py:3239} INFO - Sync 1 DAGs
[2026-09-08T05:09:44.237+0000] {logging_mixin.py:190} INFO - [2026-09-08T05:09:44.237+0000] {dag.py:4180} INFO - Setting next_dagrun for iris_pipeline_dag to None, run_after=None
[2026-09-08T05:09:44.263+0000] {processor.py:208} INFO - Processing /opt/airflow/dags/ml_01_iris_pipeline-3.py took 0.098 seconds
[2026-09-08T05:10:14.429+0000] {processor.py:186} INFO - Started process (PID=1158) to work on /opt/airflow/dags/ml_01_iris_pipeline-3.py
[2026-09-08T05:10:14.430+0000] {processor.py:914} INFO - Processing file /opt/airflow/dags/ml_01_iris_pipeline-3.py for tasks to queue
[2026-09-08T05:10:14.432+0000] {logging_mixin.py:190} INFO - [2026-09-08T05:10:14.432+0000] {dagbag.py:588} INFO - Filling up the DagBag from /opt/airflow/dags/ml_01_iris_pipeline-3.py
[2026-09-08T05:10:14.453+0000] {processor.py:925} INFO - DAG(s) 'iris_pipeline_dag' retrieved from /opt/airflow/dags/ml_01_iris_pipeline-3.py
[2026-09-08T05:10:14.497+0000] {logging_mixin.py:190} INFO - [2026-09-08T05:10:14.496+0000] {dag.py:3239} INFO - Sync 1 DAGs
[2026-09-08T05:10:14.524+0000] {logging_mixin.py:190} INFO - [2026-09-08T05:10:14.524+0000] {dag.py:4180} INFO - Setting next_dagrun for iris_pipeline_dag to None, run_after=None
[2026-09-08T05:10:14.557+0000] {processor.py:208} INFO - Processing /opt/airflow/dags/ml_01_iris_pipeline-3.py took 0.138 seconds
[2026-09-08T05:10:44.729+0000] {processor.py:186} INFO - Started process (PID=1172) to work on /opt/airflow/dags/ml_01_iris_pipeline-3.py
[2026-09-08T05:10:44.729+0000] {processor.py:914} INFO - Processing file /opt/airflow/dags/ml_01_iris_pipeline-3.py for tasks to queue
[2026-09-08T05:10:44.732+0000] {logging_mixin.py:190} INFO - [2026-09-08T05:10:44.732+0000] {dagbag.py:588} INFO - Filling up the DagBag from /opt/airflow/dags/ml_01_iris_pipeline-3.py
[2026-09-08T05:10:44.762+0000] {processor.py:925} INFO - DAG(s) 'iris_pipeline_dag' retrieved from /opt/airflow/dags/ml_01_iris_pipeline-3.py
[2026-09-08T05:10:44.807+0000] {logging_mixin.py:190} INFO - [2026-09-08T05:10:44.807+0000] {dag.py:3239} INFO - Sync 1 DAGs
[2026-09-08T05:10:44.826+0000] {logging_mixin.py:190} INFO - [2026-09-08T05:10:44.826+0000] {dag.py:4180} INFO - Setting next_dagrun for iris_pipeline_dag to None, run_after=None
[2026-09-08T05:10:44.859+0000] {processor.py:208} INFO - Processing /opt/airflow/dags/ml_01_iris_pipeline-3.py took 0.137 seconds
[2026-09-08T05:11:15.059+0000] {processor.py:186} INFO - Started process (PID=1186) to work on /opt/airflow/dags/ml_01_iris_pipeline-3.py
[2026-09-08T05:11:15.060+0000] {processor.py:914} INFO - Processing file /opt/airflow/dags/ml_01_iris_pipeline-3.py for tasks to queue
[2026-09-08T05:11:15.062+0000] {logging_mixin.py:190} INFO - [2026-09-08T05:11:15.061+0000] {dagbag.py:588} INFO - Filling up the DagBag from /opt/airflow/dags/ml_01_iris_pipeline-3.py
[2026-09-08T05:11:15.082+0000] {processor.py:925} INFO - DAG(s) 'iris_pipeline_dag' retrieved from /opt/airflow/dags/ml_01_iris_pipeline-3.py
[2026-09-08T05:11:15.118+0000] {logging_mixin.py:190} INFO - [2026-09-08T05:11:15.117+0000] {dag.py:3239} INFO - Sync 1 DAGs
[2026-09-08T05:11:15.136+0000] {logging_mixin.py:190} INFO - [2026-09-08T05:11:15.135+0000] {dag.py:4180} INFO - Setting next_dagrun for iris_pipeline_dag to None, run_after=None
[2026-09-08T05:11:15.167+0000] {processor.py:208} INFO - Processing /opt/airflow/dags/ml_01_iris_pipeline-3.py took 0.114 seconds
[2026-09-08T05:11:45.836+0000] {processor.py:186} INFO - Started process (PID=1200) to work on /opt/airflow/dags/ml_01_iris_pipeline-3.py
[2026-09-08T05:11:45.836+0000] {processor.py:914} INFO - Processing file /opt/airflow/dags/ml_01_iris_pipeline-3.py for tasks to queue
[2026-09-08T05:11:45.838+0000] {logging_mixin.py:190} INFO - [2026-09-08T05:11:45.837+0000] {dagbag.py:588} INFO - Filling up the DagBag from /opt/airflow/dags/ml_01_iris_pipeline-3.py
[2026-09-08T05:11:45.865+0000] {processor.py:925} INFO - DAG(s) 'iris_pipeline_dag' retrieved from /opt/airflow/dags/ml_01_iris_pipeline-3.py
[2026-09-08T05:11:45.908+0000] {logging_mixin.py:190} INFO - [2026-09-08T05:11:45.907+0000] {dag.py:3239} INFO - Sync 1 DAGs
[2026-09-08T05:11:45.930+0000] {logging_mixin.py:190} INFO - [2026-09-08T05:11:45.929+0000] {dag.py:4180} INFO - Setting next_dagrun for iris_pipeline_dag to None, run_after=None
[2026-09-08T05:11:45.960+0000] {processor.py:208} INFO - Processing /opt/airflow/dags/ml_01_iris_pipeline-3.py took 0.130 seconds
[2026-09-08T05:12:16.929+0000] {processor.py:186} INFO - Started process (PID=1213) to work on /opt/airflow/dags/ml_01_iris_pipeline-3.py
[2026-09-08T05:12:16.930+0000] {processor.py:914} INFO - Processing file /opt/airflow/dags/ml_01_iris_pipeline-3.py for tasks to queue
[2026-09-08T05:12:16.931+0000] {logging_mixin.py:190} INFO - [2026-09-08T05:12:16.931+0000] {dagbag.py:588} INFO - Filling up the DagBag from /opt/airflow/dags/ml_01_iris_pipeline-3.py
[2026-09-08T05:12:16.959+0000] {processor.py:925} INFO - DAG(s) 'iris_pipeline_dag' retrieved from /opt/airflow/dags/ml_01_iris_pipeline-3.py
[2026-09-08T05:12:16.993+0000] {logging_mixin.py:190} INFO - [2026-09-08T05:12:16.993+0000] {dag.py:3239} INFO - Sync 1 DAGs
[2026-09-08T05:12:17.015+0000] {logging_mixin.py:190} INFO - [2026-09-08T05:12:17.015+0000] {dag.py:4180} INFO - Setting next_dagrun for iris_pipeline_dag to None, run_after=None
[2026-09-08T05:12:17.039+0000] {processor.py:208} INFO - Processing /opt/airflow/dags/ml_01_iris_pipeline-3.py took 0.115 seconds
[2026-09-08T05:12:47.492+0000] {processor.py:186} INFO - Started process (PID=1227) to work on /opt/airflow/dags/ml_01_iris_pipeline-3.py
[2026-09-08T05:12:47.493+0000] {processor.py:914} INFO - Processing file /opt/airflow/dags/ml_01_iris_pipeline-3.py for tasks to queue
[2026-09-08T05:12:47.494+0000] {logging_mixin.py:190} INFO - [2026-09-08T05:12:47.494+0000] {dagbag.py:588} INFO - Filling up the DagBag from /opt/airflow/dags/ml_01_iris_pipeline-3.py
[2026-09-08T05:12:47.518+0000] {processor.py:925} INFO - DAG(s) 'iris_pipeline_dag' retrieved from /opt/airflow/dags/ml_01_iris_pipeline-3.py
[2026-09-08T05:12:47.549+0000] {logging_mixin.py:190} INFO - [2026-09-08T05:12:47.549+0000] {dag.py:3239} INFO - Sync 1 DAGs
[2026-09-08T05:12:47.565+0000] {logging_mixin.py:190} INFO - [2026-09-08T05:12:47.565+0000] {dag.py:4180} INFO - Setting next_dagrun for iris_pipeline_dag to None, run_after=None
[2026-09-08T05:12:47.597+0000] {processor.py:208} INFO - Processing /opt/airflow/dags/ml_01_iris_pipeline-3.py took 0.112 seconds
[2026-09-08T05:13:18.090+0000] {processor.py:186} INFO - Started process (PID=1241) to work on /opt/airflow/dags/ml_01_iris_pipeline-3.py
[2026-09-08T05:13:18.091+0000] {processor.py:914} INFO - Processing file /opt/airflow/dags/ml_01_iris_pipeline-3.py for tasks to queue
[2026-09-08T05:13:18.093+0000] {logging_mixin.py:190} INFO - [2026-09-08T05:13:18.092+0000] {dagbag.py:588} INFO - Filling up the DagBag from /opt/airflow/dags/ml_01_iris_pipeline-3.py
[2026-09-08T05:13:18.116+0000] {processor.py:925} INFO - DAG(s) 'iris_pipeline_dag' retrieved from /opt/airflow/dags/ml_01_iris_pipeline-3.py
[2026-09-08T05:13:18.149+0000] {logging_mixin.py:190} INFO - [2026-09-08T05:13:18.148+0000] {dag.py:3239} INFO - Sync 1 DAGs
[2026-09-08T05:13:18.162+0000] {logging_mixin.py:190} INFO - [2026-09-08T05:13:18.162+0000] {dag.py:4180} INFO - Setting next_dagrun for iris_pipeline_dag to None, run_after=None
[2026-09-08T05:13:18.190+0000] {processor.py:208} INFO - Processing /opt/airflow/dags/ml_01_iris_pipeline-3.py took 0.105 seconds
[2026-09-08T05:13:48.583+0000] {processor.py:186} INFO - Started process (PID=1255) to work on /opt/airflow/dags/ml_01_iris_pipeline-3.py
[2026-09-08T05:13:48.583+0000] {processor.py:914} INFO - Processing file /opt/airflow/dags/ml_01_iris_pipeline-3.py for tasks to queue
[2026-09-08T05:13:48.585+0000] {logging_mixin.py:190} INFO - [2026-09-08T05:13:48.585+0000] {dagbag.py:588} INFO - Filling up the DagBag from /opt/airflow/dags/ml_01_iris_pipeline-3.py
[2026-09-08T05:13:48.614+0000] {processor.py:925} INFO - DAG(s) 'iris_pipeline_dag' retrieved from /opt/airflow/dags/ml_01_iris_pipeline-3.py
[2026-09-08T05:13:48.660+0000] {logging_mixin.py:190} INFO - [2026-09-08T05:13:48.660+0000] {dag.py:3239} INFO - Sync 1 DAGs
[2026-09-08T05:13:48.684+0000] {logging_mixin.py:190} INFO - [2026-09-08T05:13:48.684+0000] {dag.py:4180} INFO - Setting next_dagrun for iris_pipeline_dag to None, run_after=None
[2026-09-08T05:13:48.721+0000] {processor.py:208} INFO - Processing /opt/airflow/dags/ml_01_iris_pipeline-3.py took 0.149 seconds
[2026-09-08T05:14:19.146+0000] {processor.py:186} INFO - Started process (PID=1269) to work on /opt/airflow/dags/ml_01_iris_pipeline-3.py
[2026-09-08T05:14:19.146+0000] {processor.py:914} INFO - Processing file /opt/airflow/dags/ml_01_iris_pipeline-3.py for tasks to queue
[2026-09-08T05:14:19.148+0000] {logging_mixin.py:190} INFO - [2026-09-08T05:14:19.148+0000] {dagbag.py:588} INFO - Filling up the DagBag from /opt/airflow/dags/ml_01_iris_pipeline-3.py
[2026-09-08T05:14:19.165+0000] {processor.py:925} INFO - DAG(s) 'iris_pipeline_dag' retrieved from /opt/airflow/dags/ml_01_iris_pipeline-3.py
[2026-09-08T05:14:19.199+0000] {logging_mixin.py:190} INFO - [2026-09-08T05:14:19.199+0000] {dag.py:3239} INFO - Sync 1 DAGs
[2026-09-08T05:14:19.220+0000] {logging_mixin.py:190} INFO - [2026-09-08T05:14:19.220+0000] {dag.py:4180} INFO - Setting next_dagrun for iris_pipeline_dag to None, run_after=None
[2026-09-08T05:14:19.245+0000] {processor.py:208} INFO - Processing /opt/airflow/dags/ml_01_iris_pipeline-3.py took 0.110 seconds
[2026-09-08T05:14:49.429+0000] {processor.py:186} INFO - Started process (PID=1282) to work on /opt/airflow/dags/ml_01_iris_pipeline-3.py
[2026-09-08T05:14:49.430+0000] {processor.py:914} INFO - Processing file /opt/airflow/dags/ml_01_iris_pipeline-3.py for tasks to queue
[2026-09-08T05:14:49.431+0000] {logging_mixin.py:190} INFO - [2026-09-08T05:14:49.431+0000] {dagbag.py:588} INFO - Filling up the DagBag from /opt/airflow/dags/ml_01_iris_pipeline-3.py
[2026-09-08T05:14:49.450+0000] {processor.py:925} INFO - DAG(s) 'iris_pipeline_dag' retrieved from /opt/airflow/dags/ml_01_iris_pipeline-3.py
[2026-09-08T05:14:49.478+0000] {logging_mixin.py:190} INFO - [2026-09-08T05:14:49.477+0000] {dag.py:3239} INFO - Sync 1 DAGs
[2026-09-08T05:14:49.493+0000] {logging_mixin.py:190} INFO - [2026-09-08T05:14:49.493+0000] {dag.py:4180} INFO - Setting next_dagrun for iris_pipeline_dag to None, run_after=None
[2026-09-08T05:14:49.530+0000] {processor.py:208} INFO - Processing /opt/airflow/dags/ml_01_iris_pipeline-3.py took 0.108 seconds
[2026-09-08T05:15:19.569+0000] {processor.py:186} INFO - Started process (PID=1296) to work on /opt/airflow/dags/ml_01_iris_pipeline-3.py
[2026-09-08T05:15:19.569+0000] {processor.py:914} INFO - Processing file /opt/airflow/dags/ml_01_iris_pipeline-3.py for tasks to queue
[2026-09-08T05:15:19.570+0000] {logging_mixin.py:190} INFO - [2026-09-08T05:15:19.570+0000] {dagbag.py:588} INFO - Filling up the DagBag from /opt/airflow/dags/ml_01_iris_pipeline-3.py
[2026-09-08T05:15:19.585+0000] {processor.py:925} INFO - DAG(s) 'iris_pipeline_dag' retrieved from /opt/airflow/dags/ml_01_iris_pipeline-3.py
[2026-09-08T05:15:19.608+0000] {logging_mixin.py:190} INFO - [2026-09-08T05:15:19.608+0000] {dag.py:3239} INFO - Sync 1 DAGs
[2026-09-08T05:15:19.622+0000] {logging_mixin.py:190} INFO - [2026-09-08T05:15:19.621+0000] {dag.py:4180} INFO - Setting next_dagrun for iris_pipeline_dag to None, run_after=None
[2026-09-08T05:15:19.640+0000] {processor.py:208} INFO - Processing /opt/airflow/dags/ml_01_iris_pipeline-3.py took 0.077 seconds
[2026-09-08T05:15:50.214+0000] {processor.py:186} INFO - Started process (PID=1311) to work on /opt/airflow/dags/ml_01_iris_pipeline-3.py
[2026-09-08T05:15:50.215+0000] {processor.py:914} INFO - Processing file /opt/airflow/dags/ml_01_iris_pipeline-3.py for tasks to queue
[2026-09-08T05:15:50.216+0000] {logging_mixin.py:190} INFO - [2026-09-08T05:15:50.216+0000] {dagbag.py:588} INFO - Filling up the DagBag from /opt/airflow/dags/ml_01_iris_pipeline-3.py
[2026-09-08T05:15:50.230+0000] {processor.py:925} INFO - DAG(s) 'iris_pipeline_dag' retrieved from /opt/airflow/dags/ml_01_iris_pipeline-3.py
[2026-09-08T05:15:50.255+0000] {logging_mixin.py:190} INFO - [2026-09-08T05:15:50.255+0000] {dag.py:3239} INFO - Sync 1 DAGs
[2026-09-08T05:15:50.267+0000] {logging_mixin.py:190} INFO - [2026-09-08T05:15:50.267+0000] {dag.py:4180} INFO - Setting next_dagrun for iris_pipeline_dag to None, run_after=None
[2026-09-08T05:15:50.286+0000] {processor.py:208} INFO - Processing /opt/airflow/dags/ml_01_iris_pipeline-3.py took 0.076 seconds
[2026-09-08T05:16:20.764+0000] {processor.py:186} INFO - Started process (PID=1325) to work on /opt/airflow/dags/ml_01_iris_pipeline-3.py
[2026-09-08T05:16:20.765+0000] {processor.py:914} INFO - Processing file /opt/airflow/dags/ml_01_iris_pipeline-3.py for tasks to queue
[2026-09-08T05:16:20.767+0000] {logging_mixin.py:190} INFO - [2026-09-08T05:16:20.766+0000] {dagbag.py:588} INFO - Filling up the DagBag from /opt/airflow/dags/ml_01_iris_pipeline-3.py
[2026-09-08T05:16:20.788+0000] {processor.py:925} INFO - DAG(s) 'iris_pipeline_dag' retrieved from /opt/airflow/dags/ml_01_iris_pipeline-3.py
[2026-09-08T05:16:20.824+0000] {logging_mixin.py:190} INFO - [2026-09-08T05:16:20.824+0000] {dag.py:3239} INFO - Sync 1 DAGs
[2026-09-08T05:16:20.836+0000] {logging_mixin.py:190} INFO - [2026-09-08T05:16:20.835+0000] {dag.py:4180} INFO - Setting next_dagrun for iris_pipeline_dag to None, run_after=None
[2026-09-08T05:16:20.856+0000] {processor.py:208} INFO - Processing /opt/airflow/dags/ml_01_iris_pipeline-3.py took 0.096 seconds
[2026-09-08T05:16:51.306+0000] {processor.py:186} INFO - Started process (PID=1339) to work on /opt/airflow/dags/ml_01_iris_pipeline-3.py
[2026-09-08T05:16:51.307+0000] {processor.py:914} INFO - Processing file /opt/airflow/dags/ml_01_iris_pipeline-3.py for tasks to queue
[2026-09-08T05:16:51.308+0000] {logging_mixin.py:190} INFO - [2026-09-08T05:16:51.308+0000] {dagbag.py:588} INFO - Filling up the DagBag from /opt/airflow/dags/ml_01_iris_pipeline-3.py
[2026-09-08T05:16:51.331+0000] {processor.py:925} INFO - DAG(s) 'iris_pipeline_dag' retrieved from /opt/airflow/dags/ml_01_iris_pipeline-3.py
[2026-09-08T05:16:51.360+0000] {logging_mixin.py:190} INFO - [2026-09-08T05:16:51.359+0000] {dag.py:3239} INFO - Sync 1 DAGs
[2026-09-08T05:16:51.374+0000] {logging_mixin.py:190} INFO - [2026-09-08T05:16:51.373+0000] {dag.py:4180} INFO - Setting next_dagrun for iris_pipeline_dag to None, run_after=None
[2026-09-08T05:16:51.396+0000] {processor.py:208} INFO - Processing /opt/airflow/dags/ml_01_iris_pipeline-3.py took 0.095 seconds
[2026-09-08T05:17:21.694+0000] {processor.py:186} INFO - Started process (PID=1354) to work on /opt/airflow/dags/ml_01_iris_pipeline-3.py
[2026-09-08T05:17:21.695+0000] {processor.py:914} INFO - Processing file /opt/airflow/dags/ml_01_iris_pipeline-3.py for tasks to queue
[2026-09-08T05:17:21.697+0000] {logging_mixin.py:190} INFO - [2026-09-08T05:17:21.696+0000] {dagbag.py:588} INFO - Filling up the DagBag from /opt/airflow/dags/ml_01_iris_pipeline-3.py
[2026-09-08T05:17:21.719+0000] {processor.py:925} INFO - DAG(s) 'iris_pipeline_dag' retrieved from /opt/airflow/dags/ml_01_iris_pipeline-3.py
[2026-09-08T05:17:21.750+0000] {logging_mixin.py:190} INFO - [2026-09-08T05:17:21.749+0000] {dag.py:3239} INFO - Sync 1 DAGs
[2026-09-08T05:17:21.765+0000] {logging_mixin.py:190} INFO - [2026-09-08T05:17:21.765+0000] {dag.py:4180} INFO - Setting next_dagrun for iris_pipeline_dag to None, run_after=None
[2026-09-08T05:17:21.787+0000] {processor.py:208} INFO - Processing /opt/airflow/dags/ml_01_iris_pipeline-3.py took 0.100 seconds
[2026-09-08T05:17:51.906+0000] {processor.py:186} INFO - Started process (PID=1368) to work on /opt/airflow/dags/ml_01_iris_pipeline-3.py
[2026-09-08T05:17:51.907+0000] {processor.py:914} INFO - Processing file /opt/airflow/dags/ml_01_iris_pipeline-3.py for tasks to queue
[2026-09-08T05:17:51.909+0000] {logging_mixin.py:190} INFO - [2026-09-08T05:17:51.908+0000] {dagbag.py:588} INFO - Filling up the DagBag from /opt/airflow/dags/ml_01_iris_pipeline-3.py
[2026-09-08T05:17:51.928+0000] {processor.py:925} INFO - DAG(s) 'iris_pipeline_dag' retrieved from /opt/airflow/dags/ml_01_iris_pipeline-3.py
[2026-09-08T05:17:51.954+0000] {logging_mixin.py:190} INFO - [2026-09-08T05:17:51.953+0000] {dag.py:3239} INFO - Sync 1 DAGs
[2026-09-08T05:17:51.966+0000] {logging_mixin.py:190} INFO - [2026-09-08T05:17:51.966+0000] {dag.py:4180} INFO - Setting next_dagrun for iris_pipeline_dag to None, run_after=None
[2026-09-08T05:17:51.987+0000] {processor.py:208} INFO - Processing /opt/airflow/dags/ml_01_iris_pipeline-3.py took 0.087 seconds
[2026-09-08T05:18:22.564+0000] {processor.py:186} INFO - Started process (PID=1382) to work on /opt/airflow/dags/ml_01_iris_pipeline-3.py
[2026-09-08T05:18:22.564+0000] {processor.py:914} INFO - Processing file /opt/airflow/dags/ml_01_iris_pipeline-3.py for tasks to queue
[2026-09-08T05:18:22.566+0000] {logging_mixin.py:190} INFO - [2026-09-08T05:18:22.566+0000] {dagbag.py:588} INFO - Filling up the DagBag from /opt/airflow/dags/ml_01_iris_pipeline-3.py
[2026-09-08T05:18:22.582+0000] {processor.py:925} INFO - DAG(s) 'iris_pipeline_dag' retrieved from /opt/airflow/dags/ml_01_iris_pipeline-3.py
[2026-09-08T05:18:22.604+0000] {logging_mixin.py:190} INFO - [2026-09-08T05:18:22.604+0000] {dag.py:3239} INFO - Sync 1 DAGs
[2026-09-08T05:18:22.616+0000] {logging_mixin.py:190} INFO - [2026-09-08T05:18:22.616+0000] {dag.py:4180} INFO - Setting next_dagrun for iris_pipeline_dag to None, run_after=None
[2026-09-08T05:18:22.635+0000] {processor.py:208} INFO - Processing /opt/airflow/dags/ml_01_iris_pipeline-3.py took 0.075 seconds
[2026-09-08T05:18:53.025+0000] {processor.py:186} INFO - Started process (PID=1396) to work on /opt/airflow/dags/ml_01_iris_pipeline-3.py
[2026-09-08T05:18:53.026+0000] {processor.py:914} INFO - Processing file /opt/airflow/dags/ml_01_iris_pipeline-3.py for tasks to queue
[2026-09-08T05:18:53.027+0000] {logging_mixin.py:190} INFO - [2026-09-08T05:18:53.027+0000] {dagbag.py:588} INFO - Filling up the DagBag from /opt/airflow/dags/ml_01_iris_pipeline-3.py
[2026-09-08T05:18:53.043+0000] {processor.py:925} INFO - DAG(s) 'iris_pipeline_dag' retrieved from /opt/airflow/dags/ml_01_iris_pipeline-3.py
[2026-09-08T05:18:53.070+0000] {logging_mixin.py:190} INFO - [2026-09-08T05:18:53.070+0000] {dag.py:3239} INFO - Sync 1 DAGs
[2026-09-08T05:18:53.084+0000] {logging_mixin.py:190} INFO - [2026-09-08T05:18:53.084+0000] {dag.py:4180} INFO - Setting next_dagrun for iris_pipeline_dag to None, run_after=None
[2026-09-08T05:18:53.103+0000] {processor.py:208} INFO - Processing /opt/airflow/dags/ml_01_iris_pipeline-3.py took 0.082 seconds
[2026-09-08T05:19:23.599+0000] {processor.py:186} INFO - Started process (PID=1410) to work on /opt/airflow/dags/ml_01_iris_pipeline-3.py
[2026-09-08T05:19:23.600+0000] {processor.py:914} INFO - Processing file /opt/airflow/dags/ml_01_iris_pipeline-3.py for tasks to queue
[2026-09-08T05:19:23.601+0000] {logging_mixin.py:190} INFO - [2026-09-08T05:19:23.600+0000] {dagbag.py:588} INFO - Filling up the DagBag from /opt/airflow/dags/ml_01_iris_pipeline-3.py
[2026-09-08T05:19:23.614+0000] {processor.py:925} INFO - DAG(s) 'iris_pipeline_dag' retrieved from /opt/airflow/dags/ml_01_iris_pipeline-3.py
[2026-09-08T05:19:23.639+0000] {logging_mixin.py:190} INFO - [2026-09-08T05:19:23.639+0000] {dag.py:3239} INFO - Sync 1 DAGs
[2026-09-08T05:19:23.652+0000] {logging_mixin.py:190} INFO - [2026-09-08T05:19:23.651+0000] {dag.py:4180} INFO - Setting next_dagrun for iris_pipeline_dag to None, run_after=None
[2026-09-08T05:19:23.669+0000] {processor.py:208} INFO - Processing /opt/airflow/dags/ml_01_iris_pipeline-3.py took 0.075 seconds
[2026-09-08T05:19:54.551+0000] {processor.py:186} INFO - Started process (PID=1424) to work on /opt/airflow/dags/ml_01_iris_pipeline-3.py
[2026-09-08T05:19:54.551+0000] {processor.py:914} INFO - Processing file /opt/airflow/dags/ml_01_iris_pipeline-3.py for tasks to queue
[2026-09-08T05:19:54.553+0000] {logging_mixin.py:190} INFO - [2026-09-08T05:19:54.552+0000] {dagbag.py:588} INFO - Filling up the DagBag from /opt/airflow/dags/ml_01_iris_pipeline-3.py
[2026-09-08T05:19:54.565+0000] {processor.py:925} INFO - DAG(s) 'iris_pipeline_dag' retrieved from /opt/airflow/dags/ml_01_iris_pipeline-3.py
[2026-09-08T05:19:54.589+0000] {logging_mixin.py:190} INFO - [2026-09-08T05:19:54.589+0000] {dag.py:3239} INFO - Sync 1 DAGs
[2026-09-08T05:19:54.601+0000] {logging_mixin.py:190} INFO - [2026-09-08T05:19:54.601+0000] {dag.py:4180} INFO - Setting next_dagrun for iris_pipeline_dag to None, run_after=None
[2026-09-08T05:19:54.618+0000] {processor.py:208} INFO - Processing /opt/airflow/dags/ml_01_iris_pipeline-3.py took 0.073 seconds
[2026-09-08T05:20:25.406+0000] {processor.py:186} INFO - Started process (PID=1438) to work on /opt/airflow/dags/ml_01_iris_pipeline-3.py
[2026-09-08T05:20:25.407+0000] {processor.py:914} INFO - Processing file /opt/airflow/dags/ml_01_iris_pipeline-3.py for tasks to queue
[2026-09-08T05:20:25.408+0000] {logging_mixin.py:190} INFO - [2026-09-08T05:20:25.408+0000] {dagbag.py:588} INFO - Filling up the DagBag from /opt/airflow/dags/ml_01_iris_pipeline-3.py
[2026-09-08T05:20:25.427+0000] {processor.py:925} INFO - DAG(s) 'iris_pipeline_dag' retrieved from /opt/airflow/dags/ml_01_iris_pipeline-3.py
[2026-09-08T05:20:25.458+0000] {logging_mixin.py:190} INFO - [2026-09-08T05:20:25.457+0000] {dag.py:3239} INFO - Sync 1 DAGs
[2026-09-08T05:20:25.471+0000] {logging_mixin.py:190} INFO - [2026-09-08T05:20:25.470+0000] {dag.py:4180} INFO - Setting next_dagrun for iris_pipeline_dag to None, run_after=None
[2026-09-08T05:20:25.490+0000] {processor.py:208} INFO - Processing /opt/airflow/dags/ml_01_iris_pipeline-3.py took 0.090 seconds
[2026-09-08T05:20:55.871+0000] {processor.py:186} INFO - Started process (PID=1452) to work on /opt/airflow/dags/ml_01_iris_pipeline-3.py
[2026-09-08T05:20:55.872+0000] {processor.py:914} INFO - Processing file /opt/airflow/dags/ml_01_iris_pipeline-3.py for tasks to queue
[2026-09-08T05:20:55.873+0000] {logging_mixin.py:190} INFO - [2026-09-08T05:20:55.873+0000] {dagbag.py:588} INFO - Filling up the DagBag from /opt/airflow/dags/ml_01_iris_pipeline-3.py
[2026-09-08T05:20:55.888+0000] {processor.py:925} INFO - DAG(s) 'iris_pipeline_dag' retrieved from /opt/airflow/dags/ml_01_iris_pipeline-3.py
[2026-09-08T05:20:55.915+0000] {logging_mixin.py:190} INFO - [2026-09-08T05:20:55.915+0000] {dag.py:3239} INFO - Sync 1 DAGs
[2026-09-08T05:20:55.935+0000] {logging_mixin.py:190} INFO - [2026-09-08T05:20:55.934+0000] {dag.py:4180} INFO - Setting next_dagrun for iris_pipeline_dag to None, run_after=None
[2026-09-08T05:20:56.101+0000] {processor.py:208} INFO - Processing /opt/airflow/dags/ml_01_iris_pipeline-3.py took 0.235 seconds
[2026-09-08T05:21:26.451+0000] {processor.py:186} INFO - Started process (PID=1466) to work on /opt/airflow/dags/ml_01_iris_pipeline-3.py
[2026-09-08T05:21:26.452+0000] {processor.py:914} INFO - Processing file /opt/airflow/dags/ml_01_iris_pipeline-3.py for tasks to queue
[2026-09-08T05:21:26.453+0000] {logging_mixin.py:190} INFO - [2026-09-08T05:21:26.453+0000] {dagbag.py:588} INFO - Filling up the DagBag from /opt/airflow/dags/ml_01_iris_pipeline-3.py
[2026-09-08T05:21:26.470+0000] {processor.py:925} INFO - DAG(s) 'iris_pipeline_dag' retrieved from /opt/airflow/dags/ml_01_iris_pipeline-3.py
[2026-09-08T05:21:26.497+0000] {logging_mixin.py:190} INFO - [2026-09-08T05:21:26.497+0000] {dag.py:3239} INFO - Sync 1 DAGs
[2026-09-08T05:21:26.509+0000] {logging_mixin.py:190} INFO - [2026-09-08T05:21:26.508+0000] {dag.py:4180} INFO - Setting next_dagrun for iris_pipeline_dag to None, run_after=None
[2026-09-08T05:21:26.531+0000] {processor.py:208} INFO - Processing /opt/airflow/dags/ml_01_iris_pipeline-3.py took 0.085 seconds
[2026-09-08T05:21:56.964+0000] {processor.py:186} INFO - Started process (PID=1480) to work on /opt/airflow/dags/ml_01_iris_pipeline-3.py
[2026-09-08T05:21:56.964+0000] {processor.py:914} INFO - Processing file /opt/airflow/dags/ml_01_iris_pipeline-3.py for tasks to queue
[2026-09-08T05:21:56.966+0000] {logging_mixin.py:190} INFO - [2026-09-08T05:21:56.966+0000] {dagbag.py:588} INFO - Filling up the DagBag from /opt/airflow/dags/ml_01_iris_pipeline-3.py
[2026-09-08T05:21:56.984+0000] {processor.py:925} INFO - DAG(s) 'iris_pipeline_dag' retrieved from /opt/airflow/dags/ml_01_iris_pipeline-3.py
[2026-09-08T05:21:57.016+0000] {logging_mixin.py:190} INFO - [2026-09-08T05:21:57.015+0000] {dag.py:3239} INFO - Sync 1 DAGs
[2026-09-08T05:21:57.030+0000] {logging_mixin.py:190} INFO - [2026-09-08T05:21:57.030+0000] {dag.py:4180} INFO - Setting next_dagrun for iris_pipeline_dag to None, run_after=None
[2026-09-08T05:21:57.054+0000] {processor.py:208} INFO - Processing /opt/airflow/dags/ml_01_iris_pipeline-3.py took 0.096 seconds
[2026-09-08T05:22:27.637+0000] {processor.py:186} INFO - Started process (PID=1494) to work on /opt/airflow/dags/ml_01_iris_pipeline-3.py
[2026-09-08T05:22:27.638+0000] {processor.py:914} INFO - Processing file /opt/airflow/dags/ml_01_iris_pipeline-3.py for tasks to queue
[2026-09-08T05:22:27.639+0000] {logging_mixin.py:190} INFO - [2026-09-08T05:22:27.639+0000] {dagbag.py:588} INFO - Filling up the DagBag from /opt/airflow/dags/ml_01_iris_pipeline-3.py
[2026-09-08T05:22:27.657+0000] {processor.py:925} INFO - DAG(s) 'iris_pipeline_dag' retrieved from /opt/airflow/dags/ml_01_iris_pipeline-3.py
[2026-09-08T05:22:27.807+0000] {logging_mixin.py:190} INFO - [2026-09-08T05:22:27.806+0000] {dag.py:3239} INFO - Sync 1 DAGs
[2026-09-08T05:22:27.818+0000] {logging_mixin.py:190} INFO - [2026-09-08T05:22:27.818+0000] {dag.py:4180} INFO - Setting next_dagrun for iris_pipeline_dag to None, run_after=None
[2026-09-08T05:22:27.843+0000] {processor.py:208} INFO - Processing /opt/airflow/dags/ml_01_iris_pipeline-3.py took 0.211 seconds
[2026-09-08T05:22:58.202+0000] {processor.py:186} INFO - Started process (PID=1514) to work on /opt/airflow/dags/ml_01_iris_pipeline-3.py
[2026-09-08T05:22:58.202+0000] {processor.py:914} INFO - Processing file /opt/airflow/dags/ml_01_iris_pipeline-3.py for tasks to queue
[2026-09-08T05:22:58.203+0000] {logging_mixin.py:190} INFO - [2026-09-08T05:22:58.203+0000] {dagbag.py:588} INFO - Filling up the DagBag from /opt/airflow/dags/ml_01_iris_pipeline-3.py
[2026-09-08T05:22:58.220+0000] {processor.py:925} INFO - DAG(s) 'iris_pipeline_dag' retrieved from /opt/airflow/dags/ml_01_iris_pipeline-3.py
[2026-09-08T05:22:58.242+0000] {logging_mixin.py:190} INFO - [2026-09-08T05:22:58.242+0000] {dag.py:3239} INFO - Sync 1 DAGs
[2026-09-08T05:22:58.256+0000] {logging_mixin.py:190} INFO - [2026-09-08T05:22:58.255+0000] {dag.py:4180} INFO - Setting next_dagrun for iris_pipeline_dag to None, run_after=None
[2026-09-08T05:22:58.274+0000] {processor.py:208} INFO - Processing /opt/airflow/dags/ml_01_iris_pipeline-3.py took 0.077 seconds
[2026-09-08T05:23:28.771+0000] {processor.py:186} INFO - Started process (PID=1528) to work on /opt/airflow/dags/ml_01_iris_pipeline-3.py
[2026-09-08T05:23:28.771+0000] {processor.py:914} INFO - Processing file /opt/airflow/dags/ml_01_iris_pipeline-3.py for tasks to queue
[2026-09-08T05:23:28.773+0000] {logging_mixin.py:190} INFO - [2026-09-08T05:23:28.773+0000] {dagbag.py:588} INFO - Filling up the DagBag from /opt/airflow/dags/ml_01_iris_pipeline-3.py
[2026-09-08T05:23:28.796+0000] {processor.py:925} INFO - DAG(s) 'iris_pipeline_dag' retrieved from /opt/airflow/dags/ml_01_iris_pipeline-3.py
[2026-09-08T05:23:28.830+0000] {logging_mixin.py:190} INFO - [2026-09-08T05:23:28.829+0000] {dag.py:3239} INFO - Sync 1 DAGs
[2026-09-08T05:23:28.976+0000] {logging_mixin.py:190} INFO - [2026-09-08T05:23:28.976+0000] {dag.py:4180} INFO - Setting next_dagrun for iris_pipeline_dag to None, run_after=None
[2026-09-08T05:23:28.994+0000] {processor.py:208} INFO - Processing /opt/airflow/dags/ml_01_iris_pipeline-3.py took 0.232 seconds
[2026-09-08T05:23:59.535+0000] {processor.py:186} INFO - Started process (PID=1542) to work on /opt/airflow/dags/ml_01_iris_pipeline-3.py
[2026-09-08T05:23:59.537+0000] {processor.py:914} INFO - Processing file /opt/airflow/dags/ml_01_iris_pipeline-3.py for tasks to queue
[2026-09-08T05:23:59.539+0000] {logging_mixin.py:190} INFO - [2026-09-08T05:23:59.538+0000] {dagbag.py:588} INFO - Filling up the DagBag from /opt/airflow/dags/ml_01_iris_pipeline-3.py
[2026-09-08T05:23:59.690+0000] {processor.py:925} INFO - DAG(s) 'iris_pipeline_dag' retrieved from /opt/airflow/dags/ml_01_iris_pipeline-3.py
[2026-09-08T05:23:59.727+0000] {logging_mixin.py:190} INFO - [2026-09-08T05:23:59.727+0000] {dag.py:3239} INFO - Sync 1 DAGs
[2026-09-08T05:23:59.742+0000] {logging_mixin.py:190} INFO - [2026-09-08T05:23:59.742+0000] {dag.py:4180} INFO - Setting next_dagrun for iris_pipeline_dag to None, run_after=None
[2026-09-08T05:23:59.777+0000] {processor.py:208} INFO - Processing /opt/airflow/dags/ml_01_iris_pipeline-3.py took 0.252 seconds
[2026-09-08T05:24:30.178+0000] {processor.py:186} INFO - Started process (PID=1556) to work on /opt/airflow/dags/ml_01_iris_pipeline-3.py
[2026-09-08T05:24:30.179+0000] {processor.py:914} INFO - Processing file /opt/airflow/dags/ml_01_iris_pipeline-3.py for tasks to queue
[2026-09-08T05:24:30.181+0000] {logging_mixin.py:190} INFO - [2026-09-08T05:24:30.180+0000] {dagbag.py:588} INFO - Filling up the DagBag from /opt/airflow/dags/ml_01_iris_pipeline-3.py
[2026-09-08T05:24:30.198+0000] {processor.py:925} INFO - DAG(s) 'iris_pipeline_dag' retrieved from /opt/airflow/dags/ml_01_iris_pipeline-3.py
[2026-09-08T05:24:30.225+0000] {logging_mixin.py:190} INFO - [2026-09-08T05:24:30.224+0000] {dag.py:3239} INFO - Sync 1 DAGs
[2026-09-08T05:24:30.237+0000] {logging_mixin.py:190} INFO - [2026-09-08T05:24:30.237+0000] {dag.py:4180} INFO - Setting next_dagrun for iris_pipeline_dag to None, run_after=None
[2026-09-08T05:24:30.255+0000] {processor.py:208} INFO - Processing /opt/airflow/dags/ml_01_iris_pipeline-3.py took 0.082 seconds
[2026-09-08T05:25:00.639+0000] {processor.py:186} INFO - Started process (PID=1570) to work on /opt/airflow/dags/ml_01_iris_pipeline-3.py
[2026-09-08T05:25:00.639+0000] {processor.py:914} INFO - Processing file /opt/airflow/dags/ml_01_iris_pipeline-3.py for tasks to queue
[2026-09-08T05:25:00.640+0000] {logging_mixin.py:190} INFO - [2026-09-08T05:25:00.640+0000] {dagbag.py:588} INFO - Filling up the DagBag from /opt/airflow/dags/ml_01_iris_pipeline-3.py
[2026-09-08T05:25:00.656+0000] {processor.py:925} INFO - DAG(s) 'iris_pipeline_dag' retrieved from /opt/airflow/dags/ml_01_iris_pipeline-3.py
[2026-09-08T05:25:00.679+0000] {logging_mixin.py:190} INFO - [2026-09-08T05:25:00.679+0000] {dag.py:3239} INFO - Sync 1 DAGs
[2026-09-08T05:25:00.693+0000] {logging_mixin.py:190} INFO - [2026-09-08T05:25:00.692+0000] {dag.py:4180} INFO - Setting next_dagrun for iris_pipeline_dag to None, run_after=None
[2026-09-08T05:25:00.711+0000] {processor.py:208} INFO - Processing /opt/airflow/dags/ml_01_iris_pipeline-3.py took 0.077 seconds
[2026-09-08T05:25:31.107+0000] {processor.py:186} INFO - Started process (PID=1584) to work on /opt/airflow/dags/ml_01_iris_pipeline-3.py
[2026-09-08T05:25:31.108+0000] {processor.py:914} INFO - Processing file /opt/airflow/dags/ml_01_iris_pipeline-3.py for tasks to queue
[2026-09-08T05:25:31.110+0000] {logging_mixin.py:190} INFO - [2026-09-08T05:25:31.109+0000] {dagbag.py:588} INFO - Filling up the DagBag from /opt/airflow/dags/ml_01_iris_pipeline-3.py
[2026-09-08T05:25:31.127+0000] {processor.py:925} INFO - DAG(s) 'iris_pipeline_dag' retrieved from /opt/airflow/dags/ml_01_iris_pipeline-3.py
[2026-09-08T05:25:31.154+0000] {logging_mixin.py:190} INFO - [2026-09-08T05:25:31.154+0000] {dag.py:3239} INFO - Sync 1 DAGs
[2026-09-08T05:25:31.168+0000] {logging_mixin.py:190} INFO - [2026-09-08T05:25:31.168+0000] {dag.py:4180} INFO - Setting next_dagrun for iris_pipeline_dag to None, run_after=None
[2026-09-08T05:25:31.203+0000] {processor.py:208} INFO - Processing /opt/airflow/dags/ml_01_iris_pipeline-3.py took 0.101 seconds
[2026-09-08T05:26:01.578+0000] {processor.py:186} INFO - Started process (PID=1598) to work on /opt/airflow/dags/ml_01_iris_pipeline-3.py
[2026-09-08T05:26:01.579+0000] {processor.py:914} INFO - Processing file /opt/airflow/dags/ml_01_iris_pipeline-3.py for tasks to queue
[2026-09-08T05:26:01.580+0000] {logging_mixin.py:190} INFO - [2026-09-08T05:26:01.580+0000] {dagbag.py:588} INFO - Filling up the DagBag from /opt/airflow/dags/ml_01_iris_pipeline-3.py
[2026-09-08T05:26:01.594+0000] {processor.py:925} INFO - DAG(s) 'iris_pipeline_dag' retrieved from /opt/airflow/dags/ml_01_iris_pipeline-3.py
[2026-09-08T05:26:01.618+0000] {logging_mixin.py:190} INFO - [2026-09-08T05:26:01.617+0000] {dag.py:3239} INFO - Sync 1 DAGs
[2026-09-08T05:26:01.630+0000] {logging_mixin.py:190} INFO - [2026-09-08T05:26:01.630+0000] {dag.py:4180} INFO - Setting next_dagrun for iris_pipeline_dag to None, run_after=None
[2026-09-08T05:26:01.649+0000] {processor.py:208} INFO - Processing /opt/airflow/dags/ml_01_iris_pipeline-3.py took 0.077 seconds
[2026-09-08T05:26:32.045+0000] {processor.py:186} INFO - Started process (PID=1612) to work on /opt/airflow/dags/ml_01_iris_pipeline-3.py
[2026-09-08T05:26:32.046+0000] {processor.py:914} INFO - Processing file /opt/airflow/dags/ml_01_iris_pipeline-3.py for tasks to queue
[2026-09-08T05:26:32.047+0000] {logging_mixin.py:190} INFO - [2026-09-08T05:26:32.047+0000] {dagbag.py:588} INFO - Filling up the DagBag from /opt/airflow/dags/ml_01_iris_pipeline-3.py
[2026-09-08T05:26:32.064+0000] {processor.py:925} INFO - DAG(s) 'iris_pipeline_dag' retrieved from /opt/airflow/dags/ml_01_iris_pipeline-3.py
[2026-09-08T05:26:32.093+0000] {logging_mixin.py:190} INFO - [2026-09-08T05:26:32.092+0000] {dag.py:3239} INFO - Sync 1 DAGs
[2026-09-08T05:26:32.105+0000] {logging_mixin.py:190} INFO - [2026-09-08T05:26:32.105+0000] {dag.py:4180} INFO - Setting next_dagrun for iris_pipeline_dag to None, run_after=None
[2026-09-08T05:26:32.125+0000] {processor.py:208} INFO - Processing /opt/airflow/dags/ml_01_iris_pipeline-3.py took 0.085 seconds
[2026-09-08T05:27:02.581+0000] {processor.py:186} INFO - Started process (PID=1626) to work on /opt/airflow/dags/ml_01_iris_pipeline-3.py
[2026-09-08T05:27:02.581+0000] {processor.py:914} INFO - Processing file /opt/airflow/dags/ml_01_iris_pipeline-3.py for tasks to queue
[2026-09-08T05:27:02.582+0000] {logging_mixin.py:190} INFO - [2026-09-08T05:27:02.582+0000] {dagbag.py:588} INFO - Filling up the DagBag from /opt/airflow/dags/ml_01_iris_pipeline-3.py
[2026-09-08T05:27:02.599+0000] {processor.py:925} INFO - DAG(s) 'iris_pipeline_dag' retrieved from /opt/airflow/dags/ml_01_iris_pipeline-3.py
[2026-09-08T05:27:02.625+0000] {logging_mixin.py:190} INFO - [2026-09-08T05:27:02.625+0000] {dag.py:3239} INFO - Sync 1 DAGs
[2026-09-08T05:27:02.638+0000] {logging_mixin.py:190} INFO - [2026-09-08T05:27:02.638+0000] {dag.py:4180} INFO - Setting next_dagrun for iris_pipeline_dag to None, run_after=None
[2026-09-08T05:27:02.658+0000] {processor.py:208} INFO - Processing /opt/airflow/dags/ml_01_iris_pipeline-3.py took 0.083 seconds
[2026-09-08T05:27:33.119+0000] {processor.py:186} INFO - Started process (PID=1640) to work on /opt/airflow/dags/ml_01_iris_pipeline-3.py
[2026-09-08T05:27:33.120+0000] {processor.py:914} INFO - Processing file /opt/airflow/dags/ml_01_iris_pipeline-3.py for tasks to queue
[2026-09-08T05:27:33.122+0000] {logging_mixin.py:190} INFO - [2026-09-08T05:27:33.121+0000] {dagbag.py:588} INFO - Filling up the DagBag from /opt/airflow/dags/ml_01_iris_pipeline-3.py
[2026-09-08T05:27:33.139+0000] {processor.py:925} INFO - DAG(s) 'iris_pipeline_dag' retrieved from /opt/airflow/dags/ml_01_iris_pipeline-3.py
[2026-09-08T05:27:33.166+0000] {logging_mixin.py:190} INFO - [2026-09-08T05:27:33.166+0000] {dag.py:3239} INFO - Sync 1 DAGs
[2026-09-08T05:27:33.181+0000] {logging_mixin.py:190} INFO - [2026-09-08T05:27:33.181+0000] {dag.py:4180} INFO - Setting next_dagrun for iris_pipeline_dag to None, run_after=None
[2026-09-08T05:27:33.209+0000] {processor.py:208} INFO - Processing /opt/airflow/dags/ml_01_iris_pipeline-3.py took 0.098 seconds
[2026-09-08T05:28:03.724+0000] {processor.py:186} INFO - Started process (PID=1654) to work on /opt/airflow/dags/ml_01_iris_pipeline-3.py
[2026-09-08T05:28:03.725+0000] {processor.py:914} INFO - Processing file /opt/airflow/dags/ml_01_iris_pipeline-3.py for tasks to queue
[2026-09-08T05:28:03.726+0000] {logging_mixin.py:190} INFO - [2026-09-08T05:28:03.726+0000] {dagbag.py:588} INFO - Filling up the DagBag from /opt/airflow/dags/ml_01_iris_pipeline-3.py
[2026-09-08T05:28:03.753+0000] {processor.py:925} INFO - DAG(s) 'iris_pipeline_dag' retrieved from /opt/airflow/dags/ml_01_iris_pipeline-3.py
[2026-09-08T05:28:03.789+0000] {logging_mixin.py:190} INFO - [2026-09-08T05:28:03.789+0000] {dag.py:3239} INFO - Sync 1 DAGs
[2026-09-08T05:28:03.805+0000] {logging_mixin.py:190} INFO - [2026-09-08T05:28:03.805+0000] {dag.py:4180} INFO - Setting next_dagrun for iris_pipeline_dag to None, run_after=None
[2026-09-08T05:28:03.833+0000] {processor.py:208} INFO - Processing /opt/airflow/dags/ml_01_iris_pipeline-3.py took 0.116 seconds
[2026-09-08T05:28:33.961+0000] {processor.py:186} INFO - Started process (PID=1668) to work on /opt/airflow/dags/ml_01_iris_pipeline-3.py
[2026-09-08T05:28:33.961+0000] {processor.py:914} INFO - Processing file /opt/airflow/dags/ml_01_iris_pipeline-3.py for tasks to queue
[2026-09-08T05:28:33.963+0000] {logging_mixin.py:190} INFO - [2026-09-08T05:28:33.962+0000] {dagbag.py:588} INFO - Filling up the DagBag from /opt/airflow/dags/ml_01_iris_pipeline-3.py
[2026-09-08T05:28:33.987+0000] {processor.py:925} INFO - DAG(s) 'iris_pipeline_dag' retrieved from /opt/airflow/dags/ml_01_iris_pipeline-3.py
[2026-09-08T05:28:34.021+0000] {logging_mixin.py:190} INFO - [2026-09-08T05:28:34.021+0000] {dag.py:3239} INFO - Sync 1 DAGs
[2026-09-08T05:28:34.035+0000] {logging_mixin.py:190} INFO - [2026-09-08T05:28:34.034+0000] {dag.py:4180} INFO - Setting next_dagrun for iris_pipeline_dag to None, run_after=None
[2026-09-08T05:28:34.062+0000] {processor.py:208} INFO - Processing /opt/airflow/dags/ml_01_iris_pipeline-3.py took 0.108 seconds
[2026-09-08T05:29:04.405+0000] {processor.py:186} INFO - Started process (PID=1682) to work on /opt/airflow/dags/ml_01_iris_pipeline-3.py
[2026-09-08T05:29:04.417+0000] {processor.py:914} INFO - Processing file /opt/airflow/dags/ml_01_iris_pipeline-3.py for tasks to queue
[2026-09-08T05:29:04.419+0000] {logging_mixin.py:190} INFO - [2026-09-08T05:29:04.418+0000] {dagbag.py:588} INFO - Filling up the DagBag from /opt/airflow/dags/ml_01_iris_pipeline-3.py
[2026-09-08T05:29:04.455+0000] {processor.py:925} INFO - DAG(s) 'iris_pipeline_dag' retrieved from /opt/airflow/dags/ml_01_iris_pipeline-3.py
[2026-09-08T05:29:04.492+0000] {logging_mixin.py:190} INFO - [2026-09-08T05:29:04.492+0000] {dag.py:3239} INFO - Sync 1 DAGs
[2026-09-08T05:29:04.513+0000] {logging_mixin.py:190} INFO - [2026-09-08T05:29:04.513+0000] {dag.py:4180} INFO - Setting next_dagrun for iris_pipeline_dag to None, run_after=None
[2026-09-08T05:29:04.541+0000] {processor.py:208} INFO - Processing /opt/airflow/dags/ml_01_iris_pipeline-3.py took 0.143 seconds
[2026-09-08T05:29:34.756+0000] {processor.py:186} INFO - Started process (PID=1696) to work on /opt/airflow/dags/ml_01_iris_pipeline-3.py
[2026-09-08T05:29:34.757+0000] {processor.py:914} INFO - Processing file /opt/airflow/dags/ml_01_iris_pipeline-3.py for tasks to queue
[2026-09-08T05:29:34.762+0000] {logging_mixin.py:190} INFO - [2026-09-08T05:29:34.761+0000] {dagbag.py:588} INFO - Filling up the DagBag from /opt/airflow/dags/ml_01_iris_pipeline-3.py
[2026-09-08T05:29:34.809+0000] {processor.py:925} INFO - DAG(s) 'iris_pipeline_dag' retrieved from /opt/airflow/dags/ml_01_iris_pipeline-3.py
[2026-09-08T05:29:34.858+0000] {logging_mixin.py:190} INFO - [2026-09-08T05:29:34.857+0000] {dag.py:3239} INFO - Sync 1 DAGs
[2026-09-08T05:29:34.912+0000] {logging_mixin.py:190} INFO - [2026-09-08T05:29:34.912+0000] {dag.py:4180} INFO - Setting next_dagrun for iris_pipeline_dag to None, run_after=None
[2026-09-08T05:29:34.964+0000] {processor.py:208} INFO - Processing /opt/airflow/dags/ml_01_iris_pipeline-3.py took 0.221 seconds
[2026-09-08T05:30:05.866+0000] {processor.py:186} INFO - Started process (PID=1710) to work on /opt/airflow/dags/ml_01_iris_pipeline-3.py
[2026-09-08T05:30:05.867+0000] {processor.py:914} INFO - Processing file /opt/airflow/dags/ml_01_iris_pipeline-3.py for tasks to queue
[2026-09-08T05:30:05.870+0000] {logging_mixin.py:190} INFO - [2026-09-08T05:30:05.869+0000] {dagbag.py:588} INFO - Filling up the DagBag from /opt/airflow/dags/ml_01_iris_pipeline-3.py
[2026-09-08T05:30:05.913+0000] {processor.py:925} INFO - DAG(s) 'iris_pipeline_dag' retrieved from /opt/airflow/dags/ml_01_iris_pipeline-3.py
[2026-09-08T05:30:05.963+0000] {logging_mixin.py:190} INFO - [2026-09-08T05:30:05.963+0000] {dag.py:3239} INFO - Sync 1 DAGs
[2026-09-08T05:30:05.993+0000] {logging_mixin.py:190} INFO - [2026-09-08T05:30:05.991+0000] {dag.py:4180} INFO - Setting next_dagrun for iris_pipeline_dag to None, run_after=None
[2026-09-08T05:30:06.032+0000] {processor.py:208} INFO - Processing /opt/airflow/dags/ml_01_iris_pipeline-3.py took 0.173 seconds
[2026-09-08T05:30:36.171+0000] {processor.py:186} INFO - Started process (PID=1724) to work on /opt/airflow/dags/ml_01_iris_pipeline-3.py
[2026-09-08T05:30:36.174+0000] {processor.py:914} INFO - Processing file /opt/airflow/dags/ml_01_iris_pipeline-3.py for tasks to queue
[2026-09-08T05:30:36.176+0000] {logging_mixin.py:190} INFO - [2026-09-08T05:30:36.175+0000] {dagbag.py:588} INFO - Filling up the DagBag from /opt/airflow/dags/ml_01_iris_pipeline-3.py
[2026-09-08T05:30:36.203+0000] {processor.py:925} INFO - DAG(s) 'iris_pipeline_dag' retrieved from /opt/airflow/dags/ml_01_iris_pipeline-3.py
[2026-09-08T05:30:36.238+0000] {logging_mixin.py:190} INFO - [2026-09-08T05:30:36.237+0000] {dag.py:3239} INFO - Sync 1 DAGs
[2026-09-08T05:30:36.253+0000] {logging_mixin.py:190} INFO - [2026-09-08T05:30:36.253+0000] {dag.py:4180} INFO - Setting next_dagrun for iris_pipeline_dag to None, run_after=None
[2026-09-08T05:30:36.284+0000] {processor.py:208} INFO - Processing /opt/airflow/dags/ml_01_iris_pipeline-3.py took 0.121 seconds
[2026-09-08T05:31:06.461+0000] {processor.py:186} INFO - Started process (PID=1738) to work on /opt/airflow/dags/ml_01_iris_pipeline-3.py
[2026-09-08T05:31:06.462+0000] {processor.py:914} INFO - Processing file /opt/airflow/dags/ml_01_iris_pipeline-3.py for tasks to queue
[2026-09-08T05:31:06.464+0000] {logging_mixin.py:190} INFO - [2026-09-08T05:31:06.464+0000] {dagbag.py:588} INFO - Filling up the DagBag from /opt/airflow/dags/ml_01_iris_pipeline-3.py
[2026-09-08T05:31:06.488+0000] {processor.py:925} INFO - DAG(s) 'iris_pipeline_dag' retrieved from /opt/airflow/dags/ml_01_iris_pipeline-3.py
[2026-09-08T05:31:06.533+0000] {logging_mixin.py:190} INFO - [2026-09-08T05:31:06.533+0000] {dag.py:3239} INFO - Sync 1 DAGs
[2026-09-08T05:31:06.551+0000] {logging_mixin.py:190} INFO - [2026-09-08T05:31:06.551+0000] {dag.py:4180} INFO - Setting next_dagrun for iris_pipeline_dag to None, run_after=None
[2026-09-08T05:31:06.580+0000] {processor.py:208} INFO - Processing /opt/airflow/dags/ml_01_iris_pipeline-3.py took 0.131 seconds
[2026-09-08T05:31:36.687+0000] {processor.py:186} INFO - Started process (PID=1752) to work on /opt/airflow/dags/ml_01_iris_pipeline-3.py
[2026-09-08T05:31:36.687+0000] {processor.py:914} INFO - Processing file /opt/airflow/dags/ml_01_iris_pipeline-3.py for tasks to queue
[2026-09-08T05:31:36.690+0000] {logging_mixin.py:190} INFO - [2026-09-08T05:31:36.689+0000] {dagbag.py:588} INFO - Filling up the DagBag from /opt/airflow/dags/ml_01_iris_pipeline-3.py
[2026-09-08T05:31:36.717+0000] {processor.py:925} INFO - DAG(s) 'iris_pipeline_dag' retrieved from /opt/airflow/dags/ml_01_iris_pipeline-3.py
[2026-09-08T05:31:36.753+0000] {logging_mixin.py:190} INFO - [2026-09-08T05:31:36.752+0000] {dag.py:3239} INFO - Sync 1 DAGs
[2026-09-08T05:31:36.779+0000] {logging_mixin.py:190} INFO - [2026-09-08T05:31:36.778+0000] {dag.py:4180} INFO - Setting next_dagrun for iris_pipeline_dag to None, run_after=None
[2026-09-08T05:31:36.810+0000] {processor.py:208} INFO - Processing /opt/airflow/dags/ml_01_iris_pipeline-3.py took 0.129 seconds
[2026-09-08T05:32:07.279+0000] {processor.py:186} INFO - Started process (PID=1766) to work on /opt/airflow/dags/ml_01_iris_pipeline-3.py
[2026-09-08T05:32:07.280+0000] {processor.py:914} INFO - Processing file /opt/airflow/dags/ml_01_iris_pipeline-3.py for tasks to queue
[2026-09-08T05:32:07.281+0000] {logging_mixin.py:190} INFO - [2026-09-08T05:32:07.281+0000] {dagbag.py:588} INFO - Filling up the DagBag from /opt/airflow/dags/ml_01_iris_pipeline-3.py
[2026-09-08T05:32:07.300+0000] {processor.py:925} INFO - DAG(s) 'iris_pipeline_dag' retrieved from /opt/airflow/dags/ml_01_iris_pipeline-3.py
[2026-09-08T05:32:07.341+0000] {logging_mixin.py:190} INFO - [2026-09-08T05:32:07.341+0000] {dag.py:3239} INFO - Sync 1 DAGs
[2026-09-08T05:32:07.357+0000] {logging_mixin.py:190} INFO - [2026-09-08T05:32:07.357+0000] {dag.py:4180} INFO - Setting next_dagrun for iris_pipeline_dag to None, run_after=None
[2026-09-08T05:32:07.383+0000] {processor.py:208} INFO - Processing /opt/airflow/dags/ml_01_iris_pipeline-3.py took 0.110 seconds
[2026-09-08T05:32:37.586+0000] {processor.py:186} INFO - Started process (PID=1780) to work on /opt/airflow/dags/ml_01_iris_pipeline-3.py
[2026-09-08T05:32:37.587+0000] {processor.py:914} INFO - Processing file /opt/airflow/dags/ml_01_iris_pipeline-3.py for tasks to queue
[2026-09-08T05:32:37.598+0000] {logging_mixin.py:190} INFO - [2026-09-08T05:32:37.589+0000] {dagbag.py:588} INFO - Filling up the DagBag from /opt/airflow/dags/ml_01_iris_pipeline-3.py
[2026-09-08T05:32:37.689+0000] {processor.py:925} INFO - DAG(s) 'iris_pipeline_dag' retrieved from /opt/airflow/dags/ml_01_iris_pipeline-3.py
[2026-09-08T05:32:37.748+0000] {logging_mixin.py:190} INFO - [2026-09-08T05:32:37.748+0000] {dag.py:3239} INFO - Sync 1 DAGs
[2026-09-08T05:32:37.781+0000] {logging_mixin.py:190} INFO - [2026-09-08T05:32:37.780+0000] {dag.py:4180} INFO - Setting next_dagrun for iris_pipeline_dag to None, run_after=None
[2026-09-08T05:32:37.828+0000] {processor.py:208} INFO - Processing /opt/airflow/dags/ml_01_iris_pipeline-3.py took 0.251 seconds
[2026-09-08T05:33:08.805+0000] {processor.py:186} INFO - Started process (PID=1794) to work on /opt/airflow/dags/ml_01_iris_pipeline-3.py
[2026-09-08T05:33:08.807+0000] {processor.py:914} INFO - Processing file /opt/airflow/dags/ml_01_iris_pipeline-3.py for tasks to queue
[2026-09-08T05:33:08.809+0000] {logging_mixin.py:190} INFO - [2026-09-08T05:33:08.808+0000] {dagbag.py:588} INFO - Filling up the DagBag from /opt/airflow/dags/ml_01_iris_pipeline-3.py
[2026-09-08T05:33:08.839+0000] {processor.py:925} INFO - DAG(s) 'iris_pipeline_dag' retrieved from /opt/airflow/dags/ml_01_iris_pipeline-3.py
[2026-09-08T05:33:08.881+0000] {logging_mixin.py:190} INFO - [2026-09-08T05:33:08.881+0000] {dag.py:3239} INFO - Sync 1 DAGs
[2026-09-08T05:33:08.905+0000] {logging_mixin.py:190} INFO - [2026-09-08T05:33:08.904+0000] {dag.py:4180} INFO - Setting next_dagrun for iris_pipeline_dag to None, run_after=None
[2026-09-08T05:33:08.936+0000] {processor.py:208} INFO - Processing /opt/airflow/dags/ml_01_iris_pipeline-3.py took 0.138 seconds
[2026-09-08T05:33:39.579+0000] {processor.py:186} INFO - Started process (PID=1808) to work on /opt/airflow/dags/ml_01_iris_pipeline-3.py
[2026-09-08T05:33:39.580+0000] {processor.py:914} INFO - Processing file /opt/airflow/dags/ml_01_iris_pipeline-3.py for tasks to queue
[2026-09-08T05:33:39.582+0000] {logging_mixin.py:190} INFO - [2026-09-08T05:33:39.582+0000] {dagbag.py:588} INFO - Filling up the DagBag from /opt/airflow/dags/ml_01_iris_pipeline-3.py
[2026-09-08T05:33:39.616+0000] {processor.py:925} INFO - DAG(s) 'iris_pipeline_dag' retrieved from /opt/airflow/dags/ml_01_iris_pipeline-3.py
[2026-09-08T05:33:39.667+0000] {logging_mixin.py:190} INFO - [2026-09-08T05:33:39.667+0000] {dag.py:3239} INFO - Sync 1 DAGs
[2026-09-08T05:33:39.685+0000] {logging_mixin.py:190} INFO - [2026-09-08T05:33:39.685+0000] {dag.py:4180} INFO - Setting next_dagrun for iris_pipeline_dag to None, run_after=None
[2026-09-08T05:33:39.717+0000] {processor.py:208} INFO - Processing /opt/airflow/dags/ml_01_iris_pipeline-3.py took 0.145 seconds
[2026-09-08T05:34:10.048+0000] {processor.py:186} INFO - Started process (PID=1822) to work on /opt/airflow/dags/ml_01_iris_pipeline-3.py
[2026-09-08T05:34:10.049+0000] {processor.py:914} INFO - Processing file /opt/airflow/dags/ml_01_iris_pipeline-3.py for tasks to queue
[2026-09-08T05:34:10.062+0000] {logging_mixin.py:190} INFO - [2026-09-08T05:34:10.052+0000] {dagbag.py:588} INFO - Filling up the DagBag from /opt/airflow/dags/ml_01_iris_pipeline-3.py
[2026-09-08T05:34:10.104+0000] {processor.py:925} INFO - DAG(s) 'iris_pipeline_dag' retrieved from /opt/airflow/dags/ml_01_iris_pipeline-3.py
[2026-09-08T05:34:10.152+0000] {logging_mixin.py:190} INFO - [2026-09-08T05:34:10.152+0000] {dag.py:3239} INFO - Sync 1 DAGs
[2026-09-08T05:34:10.178+0000] {logging_mixin.py:190} INFO - [2026-09-08T05:34:10.178+0000] {dag.py:4180} INFO - Setting next_dagrun for iris_pipeline_dag to None, run_after=None
[2026-09-08T05:34:10.211+0000] {processor.py:208} INFO - Processing /opt/airflow/dags/ml_01_iris_pipeline-3.py took 0.174 seconds
[2026-09-08T05:34:40.344+0000] {processor.py:186} INFO - Started process (PID=1837) to work on /opt/airflow/dags/ml_01_iris_pipeline-3.py
[2026-09-08T05:34:40.345+0000] {processor.py:914} INFO - Processing file /opt/airflow/dags/ml_01_iris_pipeline-3.py for tasks to queue
[2026-09-08T05:34:40.349+0000] {logging_mixin.py:190} INFO - [2026-09-08T05:34:40.348+0000] {dagbag.py:588} INFO - Filling up the DagBag from /opt/airflow/dags/ml_01_iris_pipeline-3.py
[2026-09-08T05:34:40.388+0000] {processor.py:925} INFO - DAG(s) 'iris_pipeline_dag' retrieved from /opt/airflow/dags/ml_01_iris_pipeline-3.py
[2026-09-08T05:34:40.435+0000] {logging_mixin.py:190} INFO - [2026-09-08T05:34:40.435+0000] {dag.py:3239} INFO - Sync 1 DAGs
[2026-09-08T05:34:40.451+0000] {logging_mixin.py:190} INFO - [2026-09-08T05:34:40.451+0000] {dag.py:4180} INFO - Setting next_dagrun for iris_pipeline_dag to None, run_after=None
[2026-09-08T05:34:40.477+0000] {processor.py:208} INFO - Processing /opt/airflow/dags/ml_01_iris_pipeline-3.py took 0.145 seconds
[2026-09-08T05:35:10.717+0000] {processor.py:186} INFO - Started process (PID=1851) to work on /opt/airflow/dags/ml_01_iris_pipeline-3.py
[2026-09-08T05:35:10.718+0000] {processor.py:914} INFO - Processing file /opt/airflow/dags/ml_01_iris_pipeline-3.py for tasks to queue
[2026-09-08T05:35:10.719+0000] {logging_mixin.py:190} INFO - [2026-09-08T05:35:10.719+0000] {dagbag.py:588} INFO - Filling up the DagBag from /opt/airflow/dags/ml_01_iris_pipeline-3.py
[2026-09-08T05:35:10.747+0000] {processor.py:925} INFO - DAG(s) 'iris_pipeline_dag' retrieved from /opt/airflow/dags/ml_01_iris_pipeline-3.py
[2026-09-08T05:35:10.785+0000] {logging_mixin.py:190} INFO - [2026-09-08T05:35:10.784+0000] {dag.py:3239} INFO - Sync 1 DAGs
[2026-09-08T05:35:10.806+0000] {logging_mixin.py:190} INFO - [2026-09-08T05:35:10.806+0000] {dag.py:4180} INFO - Setting next_dagrun for iris_pipeline_dag to None, run_after=None
[2026-09-08T05:35:10.843+0000] {processor.py:208} INFO - Processing /opt/airflow/dags/ml_01_iris_pipeline-3.py took 0.135 seconds
[2026-09-08T05:35:41.218+0000] {processor.py:186} INFO - Started process (PID=1865) to work on /opt/airflow/dags/ml_01_iris_pipeline-3.py
[2026-09-08T05:35:41.218+0000] {processor.py:914} INFO - Processing file /opt/airflow/dags/ml_01_iris_pipeline-3.py for tasks to queue
[2026-09-08T05:35:41.220+0000] {logging_mixin.py:190} INFO - [2026-09-08T05:35:41.219+0000] {dagbag.py:588} INFO - Filling up the DagBag from /opt/airflow/dags/ml_01_iris_pipeline-3.py
[2026-09-08T05:35:41.243+0000] {processor.py:925} INFO - DAG(s) 'iris_pipeline_dag' retrieved from /opt/airflow/dags/ml_01_iris_pipeline-3.py
[2026-09-08T05:35:41.274+0000] {logging_mixin.py:190} INFO - [2026-09-08T05:35:41.274+0000] {dag.py:3239} INFO - Sync 1 DAGs
[2026-09-08T05:35:41.298+0000] {logging_mixin.py:190} INFO - [2026-09-08T05:35:41.296+0000] {dag.py:4180} INFO - Setting next_dagrun for iris_pipeline_dag to None, run_after=None
[2026-09-08T05:35:41.319+0000] {processor.py:208} INFO - Processing /opt/airflow/dags/ml_01_iris_pipeline-3.py took 0.108 seconds
[2026-09-08T05:36:11.598+0000] {processor.py:186} INFO - Started process (PID=1879) to work on /opt/airflow/dags/ml_01_iris_pipeline-3.py
[2026-09-08T05:36:11.599+0000] {processor.py:914} INFO - Processing file /opt/airflow/dags/ml_01_iris_pipeline-3.py for tasks to queue
[2026-09-08T05:36:11.601+0000] {logging_mixin.py:190} INFO - [2026-09-08T05:36:11.600+0000] {dagbag.py:588} INFO - Filling up the DagBag from /opt/airflow/dags/ml_01_iris_pipeline-3.py
[2026-09-08T05:36:11.623+0000] {processor.py:925} INFO - DAG(s) 'iris_pipeline_dag' retrieved from /opt/airflow/dags/ml_01_iris_pipeline-3.py
[2026-09-08T05:36:11.655+0000] {logging_mixin.py:190} INFO - [2026-09-08T05:36:11.655+0000] {dag.py:3239} INFO - Sync 1 DAGs
[2026-09-08T05:36:11.675+0000] {logging_mixin.py:190} INFO - [2026-09-08T05:36:11.674+0000] {dag.py:4180} INFO - Setting next_dagrun for iris_pipeline_dag to None, run_after=None
[2026-09-08T05:36:11.701+0000] {processor.py:208} INFO - Processing /opt/airflow/dags/ml_01_iris_pipeline-3.py took 0.115 seconds
[2026-09-08T05:36:42.141+0000] {processor.py:186} INFO - Started process (PID=1893) to work on /opt/airflow/dags/ml_01_iris_pipeline-3.py
[2026-09-08T05:36:42.142+0000] {processor.py:914} INFO - Processing file /opt/airflow/dags/ml_01_iris_pipeline-3.py for tasks to queue
[2026-09-08T05:36:42.143+0000] {logging_mixin.py:190} INFO - [2026-09-08T05:36:42.143+0000] {dagbag.py:588} INFO - Filling up the DagBag from /opt/airflow/dags/ml_01_iris_pipeline-3.py
[2026-09-08T05:36:42.165+0000] {processor.py:925} INFO - DAG(s) 'iris_pipeline_dag' retrieved from /opt/airflow/dags/ml_01_iris_pipeline-3.py
[2026-09-08T05:36:42.194+0000] {logging_mixin.py:190} INFO - [2026-09-08T05:36:42.194+0000] {dag.py:3239} INFO - Sync 1 DAGs
[2026-09-08T05:36:42.210+0000] {logging_mixin.py:190} INFO - [2026-09-08T05:36:42.210+0000] {dag.py:4180} INFO - Setting next_dagrun for iris_pipeline_dag to None, run_after=None
[2026-09-08T05:36:42.238+0000] {processor.py:208} INFO - Processing /opt/airflow/dags/ml_01_iris_pipeline-3.py took 0.103 seconds
[2026-09-08T05:37:12.636+0000] {processor.py:186} INFO - Started process (PID=1908) to work on /opt/airflow/dags/ml_01_iris_pipeline-3.py
[2026-09-08T05:37:12.637+0000] {processor.py:914} INFO - Processing file /opt/airflow/dags/ml_01_iris_pipeline-3.py for tasks to queue
[2026-09-08T05:37:12.639+0000] {logging_mixin.py:190} INFO - [2026-09-08T05:37:12.638+0000] {dagbag.py:588} INFO - Filling up the DagBag from /opt/airflow/dags/ml_01_iris_pipeline-3.py
[2026-09-08T05:37:12.665+0000] {processor.py:925} INFO - DAG(s) 'iris_pipeline_dag' retrieved from /opt/airflow/dags/ml_01_iris_pipeline-3.py
[2026-09-08T05:37:12.702+0000] {logging_mixin.py:190} INFO - [2026-09-08T05:37:12.701+0000] {dag.py:3239} INFO - Sync 1 DAGs
[2026-09-08T05:37:12.720+0000] {logging_mixin.py:190} INFO - [2026-09-08T05:37:12.720+0000] {dag.py:4180} INFO - Setting next_dagrun for iris_pipeline_dag to None, run_after=None
[2026-09-08T05:37:12.744+0000] {processor.py:208} INFO - Processing /opt/airflow/dags/ml_01_iris_pipeline-3.py took 0.115 seconds
[2026-09-08T05:37:42.824+0000] {processor.py:186} INFO - Started process (PID=1922) to work on /opt/airflow/dags/ml_01_iris_pipeline-3.py
[2026-09-08T05:37:42.825+0000] {processor.py:914} INFO - Processing file /opt/airflow/dags/ml_01_iris_pipeline-3.py for tasks to queue
[2026-09-08T05:37:42.830+0000] {logging_mixin.py:190} INFO - [2026-09-08T05:37:42.829+0000] {dagbag.py:588} INFO - Filling up the DagBag from /opt/airflow/dags/ml_01_iris_pipeline-3.py
[2026-09-08T05:37:42.854+0000] {processor.py:925} INFO - DAG(s) 'iris_pipeline_dag' retrieved from /opt/airflow/dags/ml_01_iris_pipeline-3.py
[2026-09-08T05:37:42.889+0000] {logging_mixin.py:190} INFO - [2026-09-08T05:37:42.889+0000] {dag.py:3239} INFO - Sync 1 DAGs
[2026-09-08T05:37:42.911+0000] {logging_mixin.py:190} INFO - [2026-09-08T05:37:42.911+0000] {dag.py:4180} INFO - Setting next_dagrun for iris_pipeline_dag to None, run_after=None
[2026-09-08T05:37:42.945+0000] {processor.py:208} INFO - Processing /opt/airflow/dags/ml_01_iris_pipeline-3.py took 0.127 seconds
[2026-09-08T05:38:13.644+0000] {processor.py:186} INFO - Started process (PID=1936) to work on /opt/airflow/dags/ml_01_iris_pipeline-3.py
[2026-09-08T05:38:13.645+0000] {processor.py:914} INFO - Processing file /opt/airflow/dags/ml_01_iris_pipeline-3.py for tasks to queue
[2026-09-08T05:38:13.647+0000] {logging_mixin.py:190} INFO - [2026-09-08T05:38:13.647+0000] {dagbag.py:588} INFO - Filling up the DagBag from /opt/airflow/dags/ml_01_iris_pipeline-3.py
[2026-09-08T05:38:13.663+0000] {processor.py:925} INFO - DAG(s) 'iris_pipeline_dag' retrieved from /opt/airflow/dags/ml_01_iris_pipeline-3.py
[2026-09-08T05:38:13.690+0000] {logging_mixin.py:190} INFO - [2026-09-08T05:38:13.690+0000] {dag.py:3239} INFO - Sync 1 DAGs
[2026-09-08T05:38:13.704+0000] {logging_mixin.py:190} INFO - [2026-09-08T05:38:13.704+0000] {dag.py:4180} INFO - Setting next_dagrun for iris_pipeline_dag to None, run_after=None
[2026-09-08T05:38:13.731+0000] {processor.py:208} INFO - Processing /opt/airflow/dags/ml_01_iris_pipeline-3.py took 0.091 seconds
[2026-09-08T06:18:31.372+0000] {processor.py:186} INFO - Started process (PID=114) to work on /opt/airflow/dags/ml_01_iris_pipeline-3.py
[2026-09-08T06:18:31.375+0000] {processor.py:914} INFO - Processing file /opt/airflow/dags/ml_01_iris_pipeline-3.py for tasks to queue
[2026-09-08T06:18:31.380+0000] {logging_mixin.py:190} INFO - [2026-09-08T06:18:31.379+0000] {dagbag.py:588} INFO - Filling up the DagBag from /opt/airflow/dags/ml_01_iris_pipeline-3.py
[2026-09-08T06:18:32.643+0000] {processor.py:925} INFO - DAG(s) 'iris_pipeline_dag' retrieved from /opt/airflow/dags/ml_01_iris_pipeline-3.py
[2026-09-08T06:18:33.531+0000] {logging_mixin.py:190} INFO - [2026-09-08T06:18:33.530+0000] {dag.py:3239} INFO - Sync 1 DAGs
[2026-09-08T06:18:33.630+0000] {logging_mixin.py:190} INFO - [2026-09-08T06:18:33.629+0000] {dag.py:4180} INFO - Setting next_dagrun for iris_pipeline_dag to None, run_after=None
[2026-09-08T06:18:33.750+0000] {processor.py:208} INFO - Processing /opt/airflow/dags/ml_01_iris_pipeline-3.py took 2.402 seconds
[2026-09-08T06:19:05.782+0000] {processor.py:186} INFO - Started process (PID=127) to work on /opt/airflow/dags/ml_01_iris_pipeline-3.py
[2026-09-08T06:19:05.855+0000] {processor.py:914} INFO - Processing file /opt/airflow/dags/ml_01_iris_pipeline-3.py for tasks to queue
[2026-09-08T06:19:05.859+0000] {logging_mixin.py:190} INFO - [2026-09-08T06:19:05.859+0000] {dagbag.py:588} INFO - Filling up the DagBag from /opt/airflow/dags/ml_01_iris_pipeline-3.py
[2026-09-08T06:19:05.932+0000] {processor.py:925} INFO - DAG(s) 'iris_pipeline_dag' retrieved from /opt/airflow/dags/ml_01_iris_pipeline-3.py
[2026-09-08T06:19:06.441+0000] {logging_mixin.py:190} INFO - [2026-09-08T06:19:06.440+0000] {dag.py:3239} INFO - Sync 1 DAGs
[2026-09-08T06:19:06.672+0000] {logging_mixin.py:190} INFO - [2026-09-08T06:19:06.672+0000] {dag.py:4180} INFO - Setting next_dagrun for iris_pipeline_dag to None, run_after=None
[2026-09-08T06:19:07.256+0000] {processor.py:208} INFO - Processing /opt/airflow/dags/ml_01_iris_pipeline-3.py took 1.496 seconds
[2026-09-08T06:19:38.071+0000] {processor.py:186} INFO - Started process (PID=141) to work on /opt/airflow/dags/ml_01_iris_pipeline-3.py
[2026-09-08T06:19:38.117+0000] {processor.py:914} INFO - Processing file /opt/airflow/dags/ml_01_iris_pipeline-3.py for tasks to queue
[2026-09-08T06:19:38.122+0000] {logging_mixin.py:190} INFO - [2026-09-08T06:19:38.121+0000] {dagbag.py:588} INFO - Filling up the DagBag from /opt/airflow/dags/ml_01_iris_pipeline-3.py
[2026-09-08T06:19:38.203+0000] {processor.py:925} INFO - DAG(s) 'iris_pipeline_dag' retrieved from /opt/airflow/dags/ml_01_iris_pipeline-3.py
[2026-09-08T06:19:38.280+0000] {logging_mixin.py:190} INFO - [2026-09-08T06:19:38.280+0000] {dag.py:3239} INFO - Sync 1 DAGs
[2026-09-08T06:19:38.313+0000] {logging_mixin.py:190} INFO - [2026-09-08T06:19:38.313+0000] {dag.py:4180} INFO - Setting next_dagrun for iris_pipeline_dag to None, run_after=None
[2026-09-08T06:19:38.353+0000] {processor.py:208} INFO - Processing /opt/airflow/dags/ml_01_iris_pipeline-3.py took 0.301 seconds
[2026-09-08T06:20:08.812+0000] {processor.py:186} INFO - Started process (PID=155) to work on /opt/airflow/dags/ml_01_iris_pipeline-3.py
[2026-09-08T06:20:08.989+0000] {processor.py:914} INFO - Processing file /opt/airflow/dags/ml_01_iris_pipeline-3.py for tasks to queue
[2026-09-08T06:20:08.993+0000] {logging_mixin.py:190} INFO - [2026-09-08T06:20:08.992+0000] {dagbag.py:588} INFO - Filling up the DagBag from /opt/airflow/dags/ml_01_iris_pipeline-3.py
[2026-09-08T06:20:09.304+0000] {processor.py:925} INFO - DAG(s) 'iris_pipeline_dag' retrieved from /opt/airflow/dags/ml_01_iris_pipeline-3.py
[2026-09-08T06:20:09.377+0000] {logging_mixin.py:190} INFO - [2026-09-08T06:20:09.377+0000] {dag.py:3239} INFO - Sync 1 DAGs
[2026-09-08T06:20:09.415+0000] {logging_mixin.py:190} INFO - [2026-09-08T06:20:09.415+0000] {dag.py:4180} INFO - Setting next_dagrun for iris_pipeline_dag to None, run_after=None
[2026-09-08T06:20:09.785+0000] {processor.py:208} INFO - Processing /opt/airflow/dags/ml_01_iris_pipeline-3.py took 0.988 seconds
[2026-09-08T06:24:35.070+0000] {processor.py:186} INFO - Started process (PID=93) to work on /opt/airflow/dags/ml_01_iris_pipeline-3.py
[2026-09-08T06:24:35.073+0000] {processor.py:914} INFO - Processing file /opt/airflow/dags/ml_01_iris_pipeline-3.py for tasks to queue
[2026-09-08T06:24:35.078+0000] {logging_mixin.py:190} INFO - [2026-09-08T06:24:35.077+0000] {dagbag.py:588} INFO - Filling up the DagBag from /opt/airflow/dags/ml_01_iris_pipeline-3.py
[2026-09-08T06:24:35.149+0000] {processor.py:925} INFO - DAG(s) 'iris_pipeline_dag' retrieved from /opt/airflow/dags/ml_01_iris_pipeline-3.py
[2026-09-08T06:24:35.266+0000] {logging_mixin.py:190} INFO - [2026-09-08T06:24:35.266+0000] {dag.py:3239} INFO - Sync 1 DAGs
[2026-09-08T06:24:35.328+0000] {logging_mixin.py:190} INFO - [2026-09-08T06:24:35.328+0000] {dag.py:4180} INFO - Setting next_dagrun for iris_pipeline_dag to None, run_after=None
[2026-09-08T06:24:35.388+0000] {processor.py:208} INFO - Processing /opt/airflow/dags/ml_01_iris_pipeline-3.py took 0.343 seconds
[2026-09-08T06:25:06.093+0000] {processor.py:186} INFO - Started process (PID=106) to work on /opt/airflow/dags/ml_01_iris_pipeline-3.py
[2026-09-08T06:25:06.095+0000] {processor.py:914} INFO - Processing file /opt/airflow/dags/ml_01_iris_pipeline-3.py for tasks to queue
[2026-09-08T06:25:06.099+0000] {logging_mixin.py:190} INFO - [2026-09-08T06:25:06.098+0000] {dagbag.py:588} INFO - Filling up the DagBag from /opt/airflow/dags/ml_01_iris_pipeline-3.py
[2026-09-08T06:25:06.147+0000] {processor.py:925} INFO - DAG(s) 'iris_pipeline_dag' retrieved from /opt/airflow/dags/ml_01_iris_pipeline-3.py
[2026-09-08T06:25:06.207+0000] {logging_mixin.py:190} INFO - [2026-09-08T06:25:06.206+0000] {dag.py:3239} INFO - Sync 1 DAGs
[2026-09-08T06:25:06.235+0000] {logging_mixin.py:190} INFO - [2026-09-08T06:25:06.235+0000] {dag.py:4180} INFO - Setting next_dagrun for iris_pipeline_dag to None, run_after=None
[2026-09-08T06:25:06.269+0000] {processor.py:208} INFO - Processing /opt/airflow/dags/ml_01_iris_pipeline-3.py took 0.189 seconds
[2026-09-08T06:25:38.136+0000] {processor.py:186} INFO - Started process (PID=120) to work on /opt/airflow/dags/ml_01_iris_pipeline-3.py
[2026-09-08T06:25:38.198+0000] {processor.py:914} INFO - Processing file /opt/airflow/dags/ml_01_iris_pipeline-3.py for tasks to queue
[2026-09-08T06:25:38.205+0000] {logging_mixin.py:190} INFO - [2026-09-08T06:25:38.204+0000] {dagbag.py:588} INFO - Filling up the DagBag from /opt/airflow/dags/ml_01_iris_pipeline-3.py
[2026-09-08T06:25:38.342+0000] {processor.py:925} INFO - DAG(s) 'iris_pipeline_dag' retrieved from /opt/airflow/dags/ml_01_iris_pipeline-3.py
[2026-09-08T06:25:38.452+0000] {logging_mixin.py:190} INFO - [2026-09-08T06:25:38.451+0000] {dag.py:3239} INFO - Sync 1 DAGs
[2026-09-08T06:25:38.494+0000] {logging_mixin.py:190} INFO - [2026-09-08T06:25:38.494+0000] {dag.py:4180} INFO - Setting next_dagrun for iris_pipeline_dag to None, run_after=None
[2026-09-08T06:25:38.718+0000] {processor.py:208} INFO - Processing /opt/airflow/dags/ml_01_iris_pipeline-3.py took 1.476 seconds
[2026-09-08T06:26:09.568+0000] {processor.py:186} INFO - Started process (PID=134) to work on /opt/airflow/dags/ml_01_iris_pipeline-3.py
[2026-09-08T06:26:09.569+0000] {processor.py:914} INFO - Processing file /opt/airflow/dags/ml_01_iris_pipeline-3.py for tasks to queue
[2026-09-08T06:26:09.572+0000] {logging_mixin.py:190} INFO - [2026-09-08T06:26:09.572+0000] {dagbag.py:588} INFO - Filling up the DagBag from /opt/airflow/dags/ml_01_iris_pipeline-3.py
[2026-09-08T06:26:09.615+0000] {processor.py:925} INFO - DAG(s) 'iris_pipeline_dag' retrieved from /opt/airflow/dags/ml_01_iris_pipeline-3.py
[2026-09-08T06:26:09.954+0000] {logging_mixin.py:190} INFO - [2026-09-08T06:26:09.953+0000] {dag.py:3239} INFO - Sync 1 DAGs
[2026-09-08T06:26:09.991+0000] {logging_mixin.py:190} INFO - [2026-09-08T06:26:09.990+0000] {dag.py:4180} INFO - Setting next_dagrun for iris_pipeline_dag to None, run_after=None
[2026-09-08T06:26:10.039+0000] {processor.py:208} INFO - Processing /opt/airflow/dags/ml_01_iris_pipeline-3.py took 0.482 seconds
[2026-09-08T06:26:40.751+0000] {processor.py:186} INFO - Started process (PID=148) to work on /opt/airflow/dags/ml_01_iris_pipeline-3.py
[2026-09-08T06:26:40.752+0000] {processor.py:914} INFO - Processing file /opt/airflow/dags/ml_01_iris_pipeline-3.py for tasks to queue
[2026-09-08T06:26:40.756+0000] {logging_mixin.py:190} INFO - [2026-09-08T06:26:40.755+0000] {dagbag.py:588} INFO - Filling up the DagBag from /opt/airflow/dags/ml_01_iris_pipeline-3.py
[2026-09-08T06:26:40.801+0000] {processor.py:925} INFO - DAG(s) 'iris_pipeline_dag' retrieved from /opt/airflow/dags/ml_01_iris_pipeline-3.py
[2026-09-08T06:26:40.861+0000] {logging_mixin.py:190} INFO - [2026-09-08T06:26:40.860+0000] {dag.py:3239} INFO - Sync 1 DAGs
[2026-09-08T06:26:40.888+0000] {logging_mixin.py:190} INFO - [2026-09-08T06:26:40.887+0000] {dag.py:4180} INFO - Setting next_dagrun for iris_pipeline_dag to None, run_after=None
[2026-09-08T06:26:40.935+0000] {processor.py:208} INFO - Processing /opt/airflow/dags/ml_01_iris_pipeline-3.py took 0.194 seconds
[2026-09-08T06:27:11.212+0000] {processor.py:186} INFO - Started process (PID=162) to work on /opt/airflow/dags/ml_01_iris_pipeline-3.py
[2026-09-08T06:27:11.214+0000] {processor.py:914} INFO - Processing file /opt/airflow/dags/ml_01_iris_pipeline-3.py for tasks to queue
[2026-09-08T06:27:11.217+0000] {logging_mixin.py:190} INFO - [2026-09-08T06:27:11.217+0000] {dagbag.py:588} INFO - Filling up the DagBag from /opt/airflow/dags/ml_01_iris_pipeline-3.py
[2026-09-08T06:27:11.258+0000] {processor.py:925} INFO - DAG(s) 'iris_pipeline_dag' retrieved from /opt/airflow/dags/ml_01_iris_pipeline-3.py
[2026-09-08T06:27:11.321+0000] {logging_mixin.py:190} INFO - [2026-09-08T06:27:11.321+0000] {dag.py:3239} INFO - Sync 1 DAGs
[2026-09-08T06:27:11.351+0000] {logging_mixin.py:190} INFO - [2026-09-08T06:27:11.351+0000] {dag.py:4180} INFO - Setting next_dagrun for iris_pipeline_dag to None, run_after=None
[2026-09-08T06:27:11.393+0000] {processor.py:208} INFO - Processing /opt/airflow/dags/ml_01_iris_pipeline-3.py took 0.196 seconds
[2026-09-08T06:27:41.644+0000] {processor.py:186} INFO - Started process (PID=176) to work on /opt/airflow/dags/ml_01_iris_pipeline-3.py
[2026-09-08T06:27:41.647+0000] {processor.py:914} INFO - Processing file /opt/airflow/dags/ml_01_iris_pipeline-3.py for tasks to queue
[2026-09-08T06:27:41.650+0000] {logging_mixin.py:190} INFO - [2026-09-08T06:27:41.650+0000] {dagbag.py:588} INFO - Filling up the DagBag from /opt/airflow/dags/ml_01_iris_pipeline-3.py
[2026-09-08T06:27:41.692+0000] {processor.py:925} INFO - DAG(s) 'iris_pipeline_dag' retrieved from /opt/airflow/dags/ml_01_iris_pipeline-3.py
[2026-09-08T06:27:41.768+0000] {logging_mixin.py:190} INFO - [2026-09-08T06:27:41.768+0000] {dag.py:3239} INFO - Sync 1 DAGs
[2026-09-08T06:27:41.804+0000] {logging_mixin.py:190} INFO - [2026-09-08T06:27:41.804+0000] {dag.py:4180} INFO - Setting next_dagrun for iris_pipeline_dag to None, run_after=None
[2026-09-08T06:27:41.856+0000] {processor.py:208} INFO - Processing /opt/airflow/dags/ml_01_iris_pipeline-3.py took 0.226 seconds
[2026-09-08T06:28:12.308+0000] {processor.py:186} INFO - Started process (PID=194) to work on /opt/airflow/dags/ml_01_iris_pipeline-3.py
[2026-09-08T06:28:12.310+0000] {processor.py:914} INFO - Processing file /opt/airflow/dags/ml_01_iris_pipeline-3.py for tasks to queue
[2026-09-08T06:28:12.313+0000] {logging_mixin.py:190} INFO - [2026-09-08T06:28:12.313+0000] {dagbag.py:588} INFO - Filling up the DagBag from /opt/airflow/dags/ml_01_iris_pipeline-3.py
[2026-09-08T06:28:12.356+0000] {processor.py:925} INFO - DAG(s) 'iris_pipeline_dag' retrieved from /opt/airflow/dags/ml_01_iris_pipeline-3.py
[2026-09-08T06:28:12.418+0000] {logging_mixin.py:190} INFO - [2026-09-08T06:28:12.417+0000] {dag.py:3239} INFO - Sync 1 DAGs
[2026-09-08T06:28:12.445+0000] {logging_mixin.py:190} INFO - [2026-09-08T06:28:12.445+0000] {dag.py:4180} INFO - Setting next_dagrun for iris_pipeline_dag to None, run_after=None
[2026-09-08T06:28:12.494+0000] {processor.py:208} INFO - Processing /opt/airflow/dags/ml_01_iris_pipeline-3.py took 0.196 seconds
[2026-09-08T06:37:46.640+0000] {processor.py:186} INFO - Started process (PID=109) to work on /opt/airflow/dags/ml_01_iris_pipeline-3.py
[2026-09-08T06:37:46.672+0000] {processor.py:914} INFO - Processing file /opt/airflow/dags/ml_01_iris_pipeline-3.py for tasks to queue
[2026-09-08T06:37:46.676+0000] {logging_mixin.py:190} INFO - [2026-09-08T06:37:46.675+0000] {dagbag.py:588} INFO - Filling up the DagBag from /opt/airflow/dags/ml_01_iris_pipeline-3.py
[2026-09-08T06:37:47.241+0000] {processor.py:925} INFO - DAG(s) 'iris_pipeline_dag' retrieved from /opt/airflow/dags/ml_01_iris_pipeline-3.py
[2026-09-08T06:37:49.682+0000] {logging_mixin.py:190} INFO - [2026-09-08T06:37:49.680+0000] {override.py:1911} INFO - Created Permission View: can edit on DAG:iris_pipeline_dag
[2026-09-08T06:37:49.843+0000] {logging_mixin.py:190} INFO - [2026-09-08T06:37:49.842+0000] {override.py:1911} INFO - Created Permission View: can read on DAG:iris_pipeline_dag
[2026-09-08T06:37:49.856+0000] {logging_mixin.py:190} INFO - [2026-09-08T06:37:49.856+0000] {override.py:1911} INFO - Created Permission View: can delete on DAG:iris_pipeline_dag
[2026-09-08T06:37:49.881+0000] {logging_mixin.py:190} INFO - [2026-09-08T06:37:49.880+0000] {override.py:1911} INFO - Created Permission View: can create on DAG Run:iris_pipeline_dag
[2026-09-08T06:37:49.894+0000] {logging_mixin.py:190} INFO - [2026-09-08T06:37:49.894+0000] {override.py:1911} INFO - Created Permission View: menu access on DAG Run:iris_pipeline_dag
[2026-09-08T06:37:49.908+0000] {logging_mixin.py:190} INFO - [2026-09-08T06:37:49.908+0000] {override.py:1911} INFO - Created Permission View: can read on DAG Run:iris_pipeline_dag
[2026-09-08T06:37:49.922+0000] {logging_mixin.py:190} INFO - [2026-09-08T06:37:49.922+0000] {override.py:1911} INFO - Created Permission View: can delete on DAG Run:iris_pipeline_dag
[2026-09-08T06:37:49.924+0000] {logging_mixin.py:190} INFO - [2026-09-08T06:37:49.924+0000] {dag.py:3239} INFO - Sync 1 DAGs
[2026-09-08T06:37:50.160+0000] {logging_mixin.py:190} INFO - [2026-09-08T06:37:50.160+0000] {dag.py:3262} INFO - Creating ORM DAG for iris_pipeline_dag
[2026-09-08T06:37:50.163+0000] {logging_mixin.py:190} INFO - [2026-09-08T06:37:50.162+0000] {dag.py:4180} INFO - Setting next_dagrun for iris_pipeline_dag to None, run_after=None
[2026-09-08T06:37:50.971+0000] {processor.py:208} INFO - Processing /opt/airflow/dags/ml_01_iris_pipeline-3.py took 4.502 seconds
[2026-09-08T06:38:25.043+0000] {processor.py:186} INFO - Started process (PID=122) to work on /opt/airflow/dags/ml_01_iris_pipeline-3.py
[2026-09-08T06:38:25.696+0000] {processor.py:914} INFO - Processing file /opt/airflow/dags/ml_01_iris_pipeline-3.py for tasks to queue
[2026-09-08T06:38:25.712+0000] {logging_mixin.py:190} INFO - [2026-09-08T06:38:25.711+0000] {dagbag.py:588} INFO - Filling up the DagBag from /opt/airflow/dags/ml_01_iris_pipeline-3.py
[2026-09-08T06:38:27.029+0000] {processor.py:925} INFO - DAG(s) 'iris_pipeline_dag' retrieved from /opt/airflow/dags/ml_01_iris_pipeline-3.py
[2026-09-08T06:38:28.770+0000] {logging_mixin.py:190} INFO - [2026-09-08T06:38:28.768+0000] {dag.py:3239} INFO - Sync 1 DAGs
[2026-09-08T06:38:28.936+0000] {logging_mixin.py:190} INFO - [2026-09-08T06:38:28.935+0000] {dag.py:4180} INFO - Setting next_dagrun for iris_pipeline_dag to None, run_after=None
[2026-09-08T06:38:29.333+0000] {processor.py:208} INFO - Processing /opt/airflow/dags/ml_01_iris_pipeline-3.py took 6.525 seconds
[2026-09-08T06:38:59.496+0000] {processor.py:186} INFO - Started process (PID=136) to work on /opt/airflow/dags/ml_01_iris_pipeline-3.py
[2026-09-08T06:38:59.498+0000] {processor.py:914} INFO - Processing file /opt/airflow/dags/ml_01_iris_pipeline-3.py for tasks to queue
[2026-09-08T06:38:59.501+0000] {logging_mixin.py:190} INFO - [2026-09-08T06:38:59.501+0000] {dagbag.py:588} INFO - Filling up the DagBag from /opt/airflow/dags/ml_01_iris_pipeline-3.py
[2026-09-08T06:38:59.547+0000] {processor.py:925} INFO - DAG(s) 'iris_pipeline_dag' retrieved from /opt/airflow/dags/ml_01_iris_pipeline-3.py
[2026-09-08T06:38:59.606+0000] {logging_mixin.py:190} INFO - [2026-09-08T06:38:59.606+0000] {dag.py:3239} INFO - Sync 1 DAGs
[2026-09-08T06:38:59.632+0000] {logging_mixin.py:190} INFO - [2026-09-08T06:38:59.632+0000] {dag.py:4180} INFO - Setting next_dagrun for iris_pipeline_dag to None, run_after=None
[2026-09-08T06:38:59.662+0000] {processor.py:208} INFO - Processing /opt/airflow/dags/ml_01_iris_pipeline-3.py took 0.177 seconds
[2026-09-08T06:39:30.425+0000] {processor.py:186} INFO - Started process (PID=150) to work on /opt/airflow/dags/ml_01_iris_pipeline-3.py
[2026-09-08T06:39:30.426+0000] {processor.py:914} INFO - Processing file /opt/airflow/dags/ml_01_iris_pipeline-3.py for tasks to queue
[2026-09-08T06:39:30.430+0000] {logging_mixin.py:190} INFO - [2026-09-08T06:39:30.429+0000] {dagbag.py:588} INFO - Filling up the DagBag from /opt/airflow/dags/ml_01_iris_pipeline-3.py
[2026-09-08T06:39:31.123+0000] {processor.py:925} INFO - DAG(s) 'iris_pipeline_dag' retrieved from /opt/airflow/dags/ml_01_iris_pipeline-3.py
[2026-09-08T06:39:32.907+0000] {logging_mixin.py:190} INFO - [2026-09-08T06:39:32.906+0000] {dag.py:3239} INFO - Sync 1 DAGs
[2026-09-08T06:39:33.057+0000] {logging_mixin.py:190} INFO - [2026-09-08T06:39:33.056+0000] {dag.py:4180} INFO - Setting next_dagrun for iris_pipeline_dag to None, run_after=None
[2026-09-08T06:39:33.097+0000] {processor.py:208} INFO - Processing /opt/airflow/dags/ml_01_iris_pipeline-3.py took 3.177 seconds
[2026-09-08T06:40:04.190+0000] {processor.py:186} INFO - Started process (PID=163) to work on /opt/airflow/dags/ml_01_iris_pipeline-3.py
[2026-09-08T06:40:04.192+0000] {processor.py:914} INFO - Processing file /opt/airflow/dags/ml_01_iris_pipeline-3.py for tasks to queue
[2026-09-08T06:40:04.196+0000] {logging_mixin.py:190} INFO - [2026-09-08T06:40:04.195+0000] {dagbag.py:588} INFO - Filling up the DagBag from /opt/airflow/dags/ml_01_iris_pipeline-3.py
[2026-09-08T06:40:04.378+0000] {processor.py:925} INFO - DAG(s) 'iris_pipeline_dag' retrieved from /opt/airflow/dags/ml_01_iris_pipeline-3.py
[2026-09-08T06:40:04.655+0000] {logging_mixin.py:190} INFO - [2026-09-08T06:40:04.655+0000] {dag.py:3239} INFO - Sync 1 DAGs
[2026-09-08T06:40:05.618+0000] {logging_mixin.py:190} INFO - [2026-09-08T06:40:05.618+0000] {dag.py:4180} INFO - Setting next_dagrun for iris_pipeline_dag to None, run_after=None
[2026-09-08T06:40:05.860+0000] {processor.py:208} INFO - Processing /opt/airflow/dags/ml_01_iris_pipeline-3.py took 2.336 seconds
[2026-09-08T06:40:36.032+0000] {processor.py:186} INFO - Started process (PID=176) to work on /opt/airflow/dags/ml_01_iris_pipeline-3.py
[2026-09-08T06:40:36.034+0000] {processor.py:914} INFO - Processing file /opt/airflow/dags/ml_01_iris_pipeline-3.py for tasks to queue
[2026-09-08T06:40:36.039+0000] {logging_mixin.py:190} INFO - [2026-09-08T06:40:36.038+0000] {dagbag.py:588} INFO - Filling up the DagBag from /opt/airflow/dags/ml_01_iris_pipeline-3.py
[2026-09-08T06:40:36.462+0000] {processor.py:925} INFO - DAG(s) 'iris_pipeline_dag' retrieved from /opt/airflow/dags/ml_01_iris_pipeline-3.py
[2026-09-08T06:40:36.528+0000] {logging_mixin.py:190} INFO - [2026-09-08T06:40:36.528+0000] {dag.py:3239} INFO - Sync 1 DAGs
[2026-09-08T06:40:36.559+0000] {logging_mixin.py:190} INFO - [2026-09-08T06:40:36.558+0000] {dag.py:4180} INFO - Setting next_dagrun for iris_pipeline_dag to None, run_after=None
[2026-09-08T06:40:36.609+0000] {processor.py:208} INFO - Processing /opt/airflow/dags/ml_01_iris_pipeline-3.py took 0.589 seconds
[2026-09-08T06:41:07.111+0000] {processor.py:186} INFO - Started process (PID=190) to work on /opt/airflow/dags/ml_01_iris_pipeline-3.py
[2026-09-08T06:41:07.113+0000] {processor.py:914} INFO - Processing file /opt/airflow/dags/ml_01_iris_pipeline-3.py for tasks to queue
[2026-09-08T06:41:07.117+0000] {logging_mixin.py:190} INFO - [2026-09-08T06:41:07.116+0000] {dagbag.py:588} INFO - Filling up the DagBag from /opt/airflow/dags/ml_01_iris_pipeline-3.py
[2026-09-08T06:41:07.159+0000] {processor.py:925} INFO - DAG(s) 'iris_pipeline_dag' retrieved from /opt/airflow/dags/ml_01_iris_pipeline-3.py
[2026-09-08T06:41:07.222+0000] {logging_mixin.py:190} INFO - [2026-09-08T06:41:07.222+0000] {dag.py:3239} INFO - Sync 1 DAGs
[2026-09-08T06:41:07.255+0000] {logging_mixin.py:190} INFO - [2026-09-08T06:41:07.254+0000] {dag.py:4180} INFO - Setting next_dagrun for iris_pipeline_dag to None, run_after=None
[2026-09-08T06:41:07.302+0000] {processor.py:208} INFO - Processing /opt/airflow/dags/ml_01_iris_pipeline-3.py took 0.202 seconds
[2026-09-08T06:41:37.725+0000] {processor.py:186} INFO - Started process (PID=204) to work on /opt/airflow/dags/ml_01_iris_pipeline-3.py
[2026-09-08T06:41:37.727+0000] {processor.py:914} INFO - Processing file /opt/airflow/dags/ml_01_iris_pipeline-3.py for tasks to queue
[2026-09-08T06:41:37.733+0000] {logging_mixin.py:190} INFO - [2026-09-08T06:41:37.732+0000] {dagbag.py:588} INFO - Filling up the DagBag from /opt/airflow/dags/ml_01_iris_pipeline-3.py
[2026-09-08T06:41:37.796+0000] {processor.py:925} INFO - DAG(s) 'iris_pipeline_dag' retrieved from /opt/airflow/dags/ml_01_iris_pipeline-3.py
[2026-09-08T06:41:37.909+0000] {logging_mixin.py:190} INFO - [2026-09-08T06:41:37.908+0000] {dag.py:3239} INFO - Sync 1 DAGs
[2026-09-08T06:41:37.964+0000] {logging_mixin.py:190} INFO - [2026-09-08T06:41:37.963+0000] {dag.py:4180} INFO - Setting next_dagrun for iris_pipeline_dag to None, run_after=None
[2026-09-08T06:41:38.028+0000] {processor.py:208} INFO - Processing /opt/airflow/dags/ml_01_iris_pipeline-3.py took 0.322 seconds
[2026-09-08T06:42:08.238+0000] {processor.py:186} INFO - Started process (PID=218) to work on /opt/airflow/dags/ml_01_iris_pipeline-3.py
[2026-09-08T06:42:08.240+0000] {processor.py:914} INFO - Processing file /opt/airflow/dags/ml_01_iris_pipeline-3.py for tasks to queue
[2026-09-08T06:42:08.244+0000] {logging_mixin.py:190} INFO - [2026-09-08T06:42:08.243+0000] {dagbag.py:588} INFO - Filling up the DagBag from /opt/airflow/dags/ml_01_iris_pipeline-3.py
[2026-09-08T06:42:09.731+0000] {processor.py:925} INFO - DAG(s) 'iris_pipeline_dag' retrieved from /opt/airflow/dags/ml_01_iris_pipeline-3.py
[2026-09-08T06:42:09.826+0000] {logging_mixin.py:190} INFO - [2026-09-08T06:42:09.826+0000] {dag.py:3239} INFO - Sync 1 DAGs
[2026-09-08T06:42:10.771+0000] {logging_mixin.py:190} INFO - [2026-09-08T06:42:10.771+0000] {dag.py:4180} INFO - Setting next_dagrun for iris_pipeline_dag to None, run_after=None
[2026-09-08T06:42:11.122+0000] {processor.py:208} INFO - Processing /opt/airflow/dags/ml_01_iris_pipeline-3.py took 2.899 seconds
[2026-09-08T06:42:41.256+0000] {processor.py:186} INFO - Started process (PID=238) to work on /opt/airflow/dags/ml_01_iris_pipeline-3.py
[2026-09-08T06:42:41.258+0000] {processor.py:914} INFO - Processing file /opt/airflow/dags/ml_01_iris_pipeline-3.py for tasks to queue
[2026-09-08T06:42:41.262+0000] {logging_mixin.py:190} INFO - [2026-09-08T06:42:41.261+0000] {dagbag.py:588} INFO - Filling up the DagBag from /opt/airflow/dags/ml_01_iris_pipeline-3.py
[2026-09-08T06:42:41.312+0000] {processor.py:925} INFO - DAG(s) 'iris_pipeline_dag' retrieved from /opt/airflow/dags/ml_01_iris_pipeline-3.py
[2026-09-08T06:42:41.372+0000] {logging_mixin.py:190} INFO - [2026-09-08T06:42:41.372+0000] {dag.py:3239} INFO - Sync 1 DAGs
[2026-09-08T06:42:41.400+0000] {logging_mixin.py:190} INFO - [2026-09-08T06:42:41.400+0000] {dag.py:4180} INFO - Setting next_dagrun for iris_pipeline_dag to None, run_after=None
[2026-09-08T06:42:41.442+0000] {processor.py:208} INFO - Processing /opt/airflow/dags/ml_01_iris_pipeline-3.py took 0.200 seconds
[2026-09-08T06:43:11.986+0000] {processor.py:186} INFO - Started process (PID=252) to work on /opt/airflow/dags/ml_01_iris_pipeline-3.py
[2026-09-08T06:43:11.988+0000] {processor.py:914} INFO - Processing file /opt/airflow/dags/ml_01_iris_pipeline-3.py for tasks to queue
[2026-09-08T06:43:11.993+0000] {logging_mixin.py:190} INFO - [2026-09-08T06:43:11.992+0000] {dagbag.py:588} INFO - Filling up the DagBag from /opt/airflow/dags/ml_01_iris_pipeline-3.py
[2026-09-08T06:43:12.044+0000] {processor.py:925} INFO - DAG(s) 'iris_pipeline_dag' retrieved from /opt/airflow/dags/ml_01_iris_pipeline-3.py
[2026-09-08T06:43:12.116+0000] {logging_mixin.py:190} INFO - [2026-09-08T06:43:12.115+0000] {dag.py:3239} INFO - Sync 1 DAGs
[2026-09-08T06:43:12.151+0000] {logging_mixin.py:190} INFO - [2026-09-08T06:43:12.151+0000] {dag.py:4180} INFO - Setting next_dagrun for iris_pipeline_dag to None, run_after=None
[2026-09-08T06:43:12.199+0000] {processor.py:208} INFO - Processing /opt/airflow/dags/ml_01_iris_pipeline-3.py took 0.234 seconds
[2026-09-08T06:43:42.529+0000] {processor.py:186} INFO - Started process (PID=266) to work on /opt/airflow/dags/ml_01_iris_pipeline-3.py
[2026-09-08T06:43:42.532+0000] {processor.py:914} INFO - Processing file /opt/airflow/dags/ml_01_iris_pipeline-3.py for tasks to queue
[2026-09-08T06:43:42.536+0000] {logging_mixin.py:190} INFO - [2026-09-08T06:43:42.535+0000] {dagbag.py:588} INFO - Filling up the DagBag from /opt/airflow/dags/ml_01_iris_pipeline-3.py
[2026-09-08T06:43:42.592+0000] {processor.py:925} INFO - DAG(s) 'iris_pipeline_dag' retrieved from /opt/airflow/dags/ml_01_iris_pipeline-3.py
[2026-09-08T06:43:42.683+0000] {logging_mixin.py:190} INFO - [2026-09-08T06:43:42.683+0000] {dag.py:3239} INFO - Sync 1 DAGs
[2026-09-08T06:43:42.737+0000] {logging_mixin.py:190} INFO - [2026-09-08T06:43:42.737+0000] {dag.py:4180} INFO - Setting next_dagrun for iris_pipeline_dag to None, run_after=None
[2026-09-08T06:43:42.800+0000] {processor.py:208} INFO - Processing /opt/airflow/dags/ml_01_iris_pipeline-3.py took 0.293 seconds
[2026-09-08T06:44:13.508+0000] {processor.py:186} INFO - Started process (PID=280) to work on /opt/airflow/dags/ml_01_iris_pipeline-3.py
[2026-09-08T06:44:13.510+0000] {processor.py:914} INFO - Processing file /opt/airflow/dags/ml_01_iris_pipeline-3.py for tasks to queue
[2026-09-08T06:44:13.515+0000] {logging_mixin.py:190} INFO - [2026-09-08T06:44:13.514+0000] {dagbag.py:588} INFO - Filling up the DagBag from /opt/airflow/dags/ml_01_iris_pipeline-3.py
[2026-09-08T06:44:13.574+0000] {processor.py:925} INFO - DAG(s) 'iris_pipeline_dag' retrieved from /opt/airflow/dags/ml_01_iris_pipeline-3.py
[2026-09-08T06:44:13.655+0000] {logging_mixin.py:190} INFO - [2026-09-08T06:44:13.655+0000] {dag.py:3239} INFO - Sync 1 DAGs
[2026-09-08T06:44:13.695+0000] {logging_mixin.py:190} INFO - [2026-09-08T06:44:13.694+0000] {dag.py:4180} INFO - Setting next_dagrun for iris_pipeline_dag to None, run_after=None
[2026-09-08T06:44:13.752+0000] {processor.py:208} INFO - Processing /opt/airflow/dags/ml_01_iris_pipeline-3.py took 0.262 seconds
[2026-09-08T06:44:44.188+0000] {processor.py:186} INFO - Started process (PID=294) to work on /opt/airflow/dags/ml_01_iris_pipeline-3.py
[2026-09-08T06:44:44.190+0000] {processor.py:914} INFO - Processing file /opt/airflow/dags/ml_01_iris_pipeline-3.py for tasks to queue
[2026-09-08T06:44:44.194+0000] {logging_mixin.py:190} INFO - [2026-09-08T06:44:44.193+0000] {dagbag.py:588} INFO - Filling up the DagBag from /opt/airflow/dags/ml_01_iris_pipeline-3.py
[2026-09-08T06:44:44.252+0000] {processor.py:925} INFO - DAG(s) 'iris_pipeline_dag' retrieved from /opt/airflow/dags/ml_01_iris_pipeline-3.py
[2026-09-08T06:44:44.337+0000] {logging_mixin.py:190} INFO - [2026-09-08T06:44:44.336+0000] {dag.py:3239} INFO - Sync 1 DAGs
[2026-09-08T06:44:44.379+0000] {logging_mixin.py:190} INFO - [2026-09-08T06:44:44.379+0000] {dag.py:4180} INFO - Setting next_dagrun for iris_pipeline_dag to None, run_after=None
[2026-09-08T06:44:44.437+0000] {processor.py:208} INFO - Processing /opt/airflow/dags/ml_01_iris_pipeline-3.py took 0.425 seconds
[2026-09-08T06:45:15.124+0000] {processor.py:186} INFO - Started process (PID=308) to work on /opt/airflow/dags/ml_01_iris_pipeline-3.py
[2026-09-08T06:45:15.126+0000] {processor.py:914} INFO - Processing file /opt/airflow/dags/ml_01_iris_pipeline-3.py for tasks to queue
[2026-09-08T06:45:15.131+0000] {logging_mixin.py:190} INFO - [2026-09-08T06:45:15.130+0000] {dagbag.py:588} INFO - Filling up the DagBag from /opt/airflow/dags/ml_01_iris_pipeline-3.py
[2026-09-08T06:45:15.187+0000] {processor.py:925} INFO - DAG(s) 'iris_pipeline_dag' retrieved from /opt/airflow/dags/ml_01_iris_pipeline-3.py
[2026-09-08T06:45:15.264+0000] {logging_mixin.py:190} INFO - [2026-09-08T06:45:15.264+0000] {dag.py:3239} INFO - Sync 1 DAGs
[2026-09-08T06:45:15.304+0000] {logging_mixin.py:190} INFO - [2026-09-08T06:45:15.304+0000] {dag.py:4180} INFO - Setting next_dagrun for iris_pipeline_dag to None, run_after=None
[2026-09-08T06:45:15.348+0000] {processor.py:208} INFO - Processing /opt/airflow/dags/ml_01_iris_pipeline-3.py took 0.239 seconds
[2026-09-08T06:45:46.046+0000] {processor.py:186} INFO - Started process (PID=322) to work on /opt/airflow/dags/ml_01_iris_pipeline-3.py
[2026-09-08T06:45:46.049+0000] {processor.py:914} INFO - Processing file /opt/airflow/dags/ml_01_iris_pipeline-3.py for tasks to queue
[2026-09-08T06:45:46.053+0000] {logging_mixin.py:190} INFO - [2026-09-08T06:45:46.052+0000] {dagbag.py:588} INFO - Filling up the DagBag from /opt/airflow/dags/ml_01_iris_pipeline-3.py
[2026-09-08T06:45:46.104+0000] {processor.py:925} INFO - DAG(s) 'iris_pipeline_dag' retrieved from /opt/airflow/dags/ml_01_iris_pipeline-3.py
[2026-09-08T06:45:46.191+0000] {logging_mixin.py:190} INFO - [2026-09-08T06:45:46.190+0000] {dag.py:3239} INFO - Sync 1 DAGs
[2026-09-08T06:45:46.233+0000] {logging_mixin.py:190} INFO - [2026-09-08T06:45:46.232+0000] {dag.py:4180} INFO - Setting next_dagrun for iris_pipeline_dag to None, run_after=None
[2026-09-08T06:45:46.308+0000] {processor.py:208} INFO - Processing /opt/airflow/dags/ml_01_iris_pipeline-3.py took 0.275 seconds
[2026-09-08T06:46:16.479+0000] {processor.py:186} INFO - Started process (PID=336) to work on /opt/airflow/dags/ml_01_iris_pipeline-3.py
[2026-09-08T06:46:16.480+0000] {processor.py:914} INFO - Processing file /opt/airflow/dags/ml_01_iris_pipeline-3.py for tasks to queue
[2026-09-08T06:46:16.484+0000] {logging_mixin.py:190} INFO - [2026-09-08T06:46:16.483+0000] {dagbag.py:588} INFO - Filling up the DagBag from /opt/airflow/dags/ml_01_iris_pipeline-3.py
[2026-09-08T06:46:16.526+0000] {processor.py:925} INFO - DAG(s) 'iris_pipeline_dag' retrieved from /opt/airflow/dags/ml_01_iris_pipeline-3.py
[2026-09-08T06:46:16.592+0000] {logging_mixin.py:190} INFO - [2026-09-08T06:46:16.591+0000] {dag.py:3239} INFO - Sync 1 DAGs
[2026-09-08T06:46:16.622+0000] {logging_mixin.py:190} INFO - [2026-09-08T06:46:16.621+0000] {dag.py:4180} INFO - Setting next_dagrun for iris_pipeline_dag to None, run_after=None
[2026-09-08T06:46:16.661+0000] {processor.py:208} INFO - Processing /opt/airflow/dags/ml_01_iris_pipeline-3.py took 0.197 seconds
[2026-09-08T06:46:47.233+0000] {processor.py:186} INFO - Started process (PID=350) to work on /opt/airflow/dags/ml_01_iris_pipeline-3.py
[2026-09-08T06:46:47.235+0000] {processor.py:914} INFO - Processing file /opt/airflow/dags/ml_01_iris_pipeline-3.py for tasks to queue
[2026-09-08T06:46:47.239+0000] {logging_mixin.py:190} INFO - [2026-09-08T06:46:47.238+0000] {dagbag.py:588} INFO - Filling up the DagBag from /opt/airflow/dags/ml_01_iris_pipeline-3.py
[2026-09-08T06:46:47.303+0000] {processor.py:925} INFO - DAG(s) 'iris_pipeline_dag' retrieved from /opt/airflow/dags/ml_01_iris_pipeline-3.py
[2026-09-08T06:46:47.397+0000] {logging_mixin.py:190} INFO - [2026-09-08T06:46:47.396+0000] {dag.py:3239} INFO - Sync 1 DAGs
[2026-09-08T06:46:47.435+0000] {logging_mixin.py:190} INFO - [2026-09-08T06:46:47.435+0000] {dag.py:4180} INFO - Setting next_dagrun for iris_pipeline_dag to None, run_after=None
[2026-09-08T06:46:47.477+0000] {processor.py:208} INFO - Processing /opt/airflow/dags/ml_01_iris_pipeline-3.py took 0.265 seconds
[2026-09-08T06:47:18.060+0000] {processor.py:186} INFO - Started process (PID=364) to work on /opt/airflow/dags/ml_01_iris_pipeline-3.py
[2026-09-08T06:47:18.063+0000] {processor.py:914} INFO - Processing file /opt/airflow/dags/ml_01_iris_pipeline-3.py for tasks to queue
[2026-09-08T06:47:18.067+0000] {logging_mixin.py:190} INFO - [2026-09-08T06:47:18.066+0000] {dagbag.py:588} INFO - Filling up the DagBag from /opt/airflow/dags/ml_01_iris_pipeline-3.py
[2026-09-08T06:47:18.120+0000] {processor.py:925} INFO - DAG(s) 'iris_pipeline_dag' retrieved from /opt/airflow/dags/ml_01_iris_pipeline-3.py
[2026-09-08T06:47:18.212+0000] {logging_mixin.py:190} INFO - [2026-09-08T06:47:18.212+0000] {dag.py:3239} INFO - Sync 1 DAGs
[2026-09-08T06:47:18.256+0000] {logging_mixin.py:190} INFO - [2026-09-08T06:47:18.255+0000] {dag.py:4180} INFO - Setting next_dagrun for iris_pipeline_dag to None, run_after=None
[2026-09-08T06:47:18.312+0000] {processor.py:208} INFO - Processing /opt/airflow/dags/ml_01_iris_pipeline-3.py took 0.266 seconds
[2026-09-08T06:47:48.641+0000] {processor.py:186} INFO - Started process (PID=378) to work on /opt/airflow/dags/ml_01_iris_pipeline-3.py
[2026-09-08T06:47:48.662+0000] {processor.py:914} INFO - Processing file /opt/airflow/dags/ml_01_iris_pipeline-3.py for tasks to queue
[2026-09-08T06:47:48.666+0000] {logging_mixin.py:190} INFO - [2026-09-08T06:47:48.665+0000] {dagbag.py:588} INFO - Filling up the DagBag from /opt/airflow/dags/ml_01_iris_pipeline-3.py
[2026-09-08T06:47:48.725+0000] {processor.py:925} INFO - DAG(s) 'iris_pipeline_dag' retrieved from /opt/airflow/dags/ml_01_iris_pipeline-3.py
[2026-09-08T06:47:48.800+0000] {logging_mixin.py:190} INFO - [2026-09-08T06:47:48.800+0000] {dag.py:3239} INFO - Sync 1 DAGs
[2026-09-08T06:47:48.845+0000] {logging_mixin.py:190} INFO - [2026-09-08T06:47:48.844+0000] {dag.py:4180} INFO - Setting next_dagrun for iris_pipeline_dag to None, run_after=None
[2026-09-08T06:47:48.886+0000] {processor.py:208} INFO - Processing /opt/airflow/dags/ml_01_iris_pipeline-3.py took 0.261 seconds
[2026-09-08T06:48:19.470+0000] {processor.py:186} INFO - Started process (PID=392) to work on /opt/airflow/dags/ml_01_iris_pipeline-3.py
[2026-09-08T06:48:19.472+0000] {processor.py:914} INFO - Processing file /opt/airflow/dags/ml_01_iris_pipeline-3.py for tasks to queue
[2026-09-08T06:48:19.475+0000] {logging_mixin.py:190} INFO - [2026-09-08T06:48:19.475+0000] {dagbag.py:588} INFO - Filling up the DagBag from /opt/airflow/dags/ml_01_iris_pipeline-3.py
[2026-09-08T06:48:19.527+0000] {processor.py:925} INFO - DAG(s) 'iris_pipeline_dag' retrieved from /opt/airflow/dags/ml_01_iris_pipeline-3.py
[2026-09-08T06:48:19.592+0000] {logging_mixin.py:190} INFO - [2026-09-08T06:48:19.592+0000] {dag.py:3239} INFO - Sync 1 DAGs
[2026-09-08T06:48:19.625+0000] {logging_mixin.py:190} INFO - [2026-09-08T06:48:19.624+0000] {dag.py:4180} INFO - Setting next_dagrun for iris_pipeline_dag to None, run_after=None
[2026-09-08T06:48:19.729+0000] {processor.py:208} INFO - Processing /opt/airflow/dags/ml_01_iris_pipeline-3.py took 0.271 seconds
[2026-09-08T06:48:50.744+0000] {processor.py:186} INFO - Started process (PID=406) to work on /opt/airflow/dags/ml_01_iris_pipeline-3.py
[2026-09-08T06:48:50.746+0000] {processor.py:914} INFO - Processing file /opt/airflow/dags/ml_01_iris_pipeline-3.py for tasks to queue
[2026-09-08T06:48:50.750+0000] {logging_mixin.py:190} INFO - [2026-09-08T06:48:50.749+0000] {dagbag.py:588} INFO - Filling up the DagBag from /opt/airflow/dags/ml_01_iris_pipeline-3.py
[2026-09-08T06:48:50.897+0000] {processor.py:925} INFO - DAG(s) 'iris_pipeline_dag' retrieved from /opt/airflow/dags/ml_01_iris_pipeline-3.py
[2026-09-08T06:48:50.967+0000] {logging_mixin.py:190} INFO - [2026-09-08T06:48:50.966+0000] {dag.py:3239} INFO - Sync 1 DAGs
[2026-09-08T06:48:51.003+0000] {logging_mixin.py:190} INFO - [2026-09-08T06:48:51.003+0000] {dag.py:4180} INFO - Setting next_dagrun for iris_pipeline_dag to None, run_after=None
[2026-09-08T06:48:51.045+0000] {processor.py:208} INFO - Processing /opt/airflow/dags/ml_01_iris_pipeline-3.py took 0.317 seconds
[2026-09-08T06:49:21.228+0000] {processor.py:186} INFO - Started process (PID=420) to work on /opt/airflow/dags/ml_01_iris_pipeline-3.py
[2026-09-08T06:49:21.231+0000] {processor.py:914} INFO - Processing file /opt/airflow/dags/ml_01_iris_pipeline-3.py for tasks to queue
[2026-09-08T06:49:21.235+0000] {logging_mixin.py:190} INFO - [2026-09-08T06:49:21.234+0000] {dagbag.py:588} INFO - Filling up the DagBag from /opt/airflow/dags/ml_01_iris_pipeline-3.py
[2026-09-08T06:49:21.287+0000] {processor.py:925} INFO - DAG(s) 'iris_pipeline_dag' retrieved from /opt/airflow/dags/ml_01_iris_pipeline-3.py
[2026-09-08T06:49:21.353+0000] {logging_mixin.py:190} INFO - [2026-09-08T06:49:21.353+0000] {dag.py:3239} INFO - Sync 1 DAGs
[2026-09-08T06:49:21.384+0000] {logging_mixin.py:190} INFO - [2026-09-08T06:49:21.384+0000] {dag.py:4180} INFO - Setting next_dagrun for iris_pipeline_dag to None, run_after=None
[2026-09-08T06:49:21.427+0000] {processor.py:208} INFO - Processing /opt/airflow/dags/ml_01_iris_pipeline-3.py took 0.212 seconds
[2026-09-08T06:49:51.888+0000] {processor.py:186} INFO - Started process (PID=434) to work on /opt/airflow/dags/ml_01_iris_pipeline-3.py
[2026-09-08T06:49:51.891+0000] {processor.py:914} INFO - Processing file /opt/airflow/dags/ml_01_iris_pipeline-3.py for tasks to queue
[2026-09-08T06:49:51.895+0000] {logging_mixin.py:190} INFO - [2026-09-08T06:49:51.894+0000] {dagbag.py:588} INFO - Filling up the DagBag from /opt/airflow/dags/ml_01_iris_pipeline-3.py
[2026-09-08T06:49:51.939+0000] {processor.py:925} INFO - DAG(s) 'iris_pipeline_dag' retrieved from /opt/airflow/dags/ml_01_iris_pipeline-3.py
[2026-09-08T06:49:52.006+0000] {logging_mixin.py:190} INFO - [2026-09-08T06:49:52.005+0000] {dag.py:3239} INFO - Sync 1 DAGs
[2026-09-08T06:49:52.039+0000] {logging_mixin.py:190} INFO - [2026-09-08T06:49:52.038+0000] {dag.py:4180} INFO - Setting next_dagrun for iris_pipeline_dag to None, run_after=None
[2026-09-08T06:49:52.076+0000] {processor.py:208} INFO - Processing /opt/airflow/dags/ml_01_iris_pipeline-3.py took 0.201 seconds
[2026-09-08T06:50:22.298+0000] {processor.py:186} INFO - Started process (PID=449) to work on /opt/airflow/dags/ml_01_iris_pipeline-3.py
[2026-09-08T06:50:22.300+0000] {processor.py:914} INFO - Processing file /opt/airflow/dags/ml_01_iris_pipeline-3.py for tasks to queue
[2026-09-08T06:50:22.303+0000] {logging_mixin.py:190} INFO - [2026-09-08T06:50:22.302+0000] {dagbag.py:588} INFO - Filling up the DagBag from /opt/airflow/dags/ml_01_iris_pipeline-3.py
[2026-09-08T06:50:22.358+0000] {processor.py:925} INFO - DAG(s) 'iris_pipeline_dag' retrieved from /opt/airflow/dags/ml_01_iris_pipeline-3.py
[2026-09-08T06:50:22.424+0000] {logging_mixin.py:190} INFO - [2026-09-08T06:50:22.424+0000] {dag.py:3239} INFO - Sync 1 DAGs
[2026-09-08T06:50:22.461+0000] {logging_mixin.py:190} INFO - [2026-09-08T06:50:22.461+0000] {dag.py:4180} INFO - Setting next_dagrun for iris_pipeline_dag to None, run_after=None
[2026-09-08T06:50:22.507+0000] {processor.py:208} INFO - Processing /opt/airflow/dags/ml_01_iris_pipeline-3.py took 0.226 seconds
[2026-09-08T06:50:52.828+0000] {processor.py:186} INFO - Started process (PID=463) to work on /opt/airflow/dags/ml_01_iris_pipeline-3.py
[2026-09-08T06:50:52.831+0000] {processor.py:914} INFO - Processing file /opt/airflow/dags/ml_01_iris_pipeline-3.py for tasks to queue
[2026-09-08T06:50:52.835+0000] {logging_mixin.py:190} INFO - [2026-09-08T06:50:52.834+0000] {dagbag.py:588} INFO - Filling up the DagBag from /opt/airflow/dags/ml_01_iris_pipeline-3.py
[2026-09-08T06:50:52.890+0000] {processor.py:925} INFO - DAG(s) 'iris_pipeline_dag' retrieved from /opt/airflow/dags/ml_01_iris_pipeline-3.py
[2026-09-08T06:50:52.962+0000] {logging_mixin.py:190} INFO - [2026-09-08T06:50:52.961+0000] {dag.py:3239} INFO - Sync 1 DAGs
[2026-09-08T06:50:52.994+0000] {logging_mixin.py:190} INFO - [2026-09-08T06:50:52.993+0000] {dag.py:4180} INFO - Setting next_dagrun for iris_pipeline_dag to None, run_after=None
[2026-09-08T06:50:53.043+0000] {processor.py:208} INFO - Processing /opt/airflow/dags/ml_01_iris_pipeline-3.py took 0.232 seconds
[2026-09-08T06:51:23.670+0000] {processor.py:186} INFO - Started process (PID=477) to work on /opt/airflow/dags/ml_01_iris_pipeline-3.py
[2026-09-08T06:51:23.672+0000] {processor.py:914} INFO - Processing file /opt/airflow/dags/ml_01_iris_pipeline-3.py for tasks to queue
[2026-09-08T06:51:23.675+0000] {logging_mixin.py:190} INFO - [2026-09-08T06:51:23.675+0000] {dagbag.py:588} INFO - Filling up the DagBag from /opt/airflow/dags/ml_01_iris_pipeline-3.py
[2026-09-08T06:51:23.714+0000] {processor.py:925} INFO - DAG(s) 'iris_pipeline_dag' retrieved from /opt/airflow/dags/ml_01_iris_pipeline-3.py
[2026-09-08T06:51:23.773+0000] {logging_mixin.py:190} INFO - [2026-09-08T06:51:23.772+0000] {dag.py:3239} INFO - Sync 1 DAGs
[2026-09-08T06:51:23.796+0000] {logging_mixin.py:190} INFO - [2026-09-08T06:51:23.796+0000] {dag.py:4180} INFO - Setting next_dagrun for iris_pipeline_dag to None, run_after=None
[2026-09-08T06:51:23.839+0000] {processor.py:208} INFO - Processing /opt/airflow/dags/ml_01_iris_pipeline-3.py took 0.181 seconds
[2026-09-08T06:51:53.973+0000] {processor.py:186} INFO - Started process (PID=491) to work on /opt/airflow/dags/ml_01_iris_pipeline-3.py
[2026-09-08T06:51:53.975+0000] {processor.py:914} INFO - Processing file /opt/airflow/dags/ml_01_iris_pipeline-3.py for tasks to queue
[2026-09-08T06:51:53.979+0000] {logging_mixin.py:190} INFO - [2026-09-08T06:51:53.978+0000] {dagbag.py:588} INFO - Filling up the DagBag from /opt/airflow/dags/ml_01_iris_pipeline-3.py
[2026-09-08T06:51:54.022+0000] {processor.py:925} INFO - DAG(s) 'iris_pipeline_dag' retrieved from /opt/airflow/dags/ml_01_iris_pipeline-3.py
[2026-09-08T06:51:54.095+0000] {logging_mixin.py:190} INFO - [2026-09-08T06:51:54.094+0000] {dag.py:3239} INFO - Sync 1 DAGs
[2026-09-08T06:51:54.125+0000] {logging_mixin.py:190} INFO - [2026-09-08T06:51:54.125+0000] {dag.py:4180} INFO - Setting next_dagrun for iris_pipeline_dag to None, run_after=None
[2026-09-08T06:51:54.170+0000] {processor.py:208} INFO - Processing /opt/airflow/dags/ml_01_iris_pipeline-3.py took 0.208 seconds
[2026-09-08T06:52:24.902+0000] {processor.py:186} INFO - Started process (PID=505) to work on /opt/airflow/dags/ml_01_iris_pipeline-3.py
[2026-09-08T06:52:24.918+0000] {processor.py:914} INFO - Processing file /opt/airflow/dags/ml_01_iris_pipeline-3.py for tasks to queue
[2026-09-08T06:52:24.923+0000] {logging_mixin.py:190} INFO - [2026-09-08T06:52:24.922+0000] {dagbag.py:588} INFO - Filling up the DagBag from /opt/airflow/dags/ml_01_iris_pipeline-3.py
[2026-09-08T06:52:25.027+0000] {processor.py:925} INFO - DAG(s) 'iris_pipeline_dag' retrieved from /opt/airflow/dags/ml_01_iris_pipeline-3.py
[2026-09-08T06:52:25.134+0000] {logging_mixin.py:190} INFO - [2026-09-08T06:52:25.133+0000] {dag.py:3239} INFO - Sync 1 DAGs
[2026-09-08T06:52:25.177+0000] {logging_mixin.py:190} INFO - [2026-09-08T06:52:25.177+0000] {dag.py:4180} INFO - Setting next_dagrun for iris_pipeline_dag to None, run_after=None
[2026-09-08T06:52:25.228+0000] {processor.py:208} INFO - Processing /opt/airflow/dags/ml_01_iris_pipeline-3.py took 0.345 seconds
[2026-09-08T06:52:55.351+0000] {processor.py:186} INFO - Started process (PID=519) to work on /opt/airflow/dags/ml_01_iris_pipeline-3.py
[2026-09-08T06:52:55.353+0000] {processor.py:914} INFO - Processing file /opt/airflow/dags/ml_01_iris_pipeline-3.py for tasks to queue
[2026-09-08T06:52:55.357+0000] {logging_mixin.py:190} INFO - [2026-09-08T06:52:55.356+0000] {dagbag.py:588} INFO - Filling up the DagBag from /opt/airflow/dags/ml_01_iris_pipeline-3.py
[2026-09-08T06:52:55.413+0000] {processor.py:925} INFO - DAG(s) 'iris_pipeline_dag' retrieved from /opt/airflow/dags/ml_01_iris_pipeline-3.py
[2026-09-08T06:52:55.483+0000] {logging_mixin.py:190} INFO - [2026-09-08T06:52:55.483+0000] {dag.py:3239} INFO - Sync 1 DAGs
[2026-09-08T06:52:55.513+0000] {logging_mixin.py:190} INFO - [2026-09-08T06:52:55.513+0000] {dag.py:4180} INFO - Setting next_dagrun for iris_pipeline_dag to None, run_after=None
[2026-09-08T06:52:55.549+0000] {processor.py:208} INFO - Processing /opt/airflow/dags/ml_01_iris_pipeline-3.py took 0.212 seconds
[2026-09-08T06:53:25.914+0000] {processor.py:186} INFO - Started process (PID=533) to work on /opt/airflow/dags/ml_01_iris_pipeline-3.py
[2026-09-08T06:53:25.916+0000] {processor.py:914} INFO - Processing file /opt/airflow/dags/ml_01_iris_pipeline-3.py for tasks to queue
[2026-09-08T06:53:25.921+0000] {logging_mixin.py:190} INFO - [2026-09-08T06:53:25.920+0000] {dagbag.py:588} INFO - Filling up the DagBag from /opt/airflow/dags/ml_01_iris_pipeline-3.py
[2026-09-08T06:53:25.978+0000] {processor.py:925} INFO - DAG(s) 'iris_pipeline_dag' retrieved from /opt/airflow/dags/ml_01_iris_pipeline-3.py
[2026-09-08T06:53:26.046+0000] {logging_mixin.py:190} INFO - [2026-09-08T06:53:26.045+0000] {dag.py:3239} INFO - Sync 1 DAGs
[2026-09-08T06:53:26.075+0000] {logging_mixin.py:190} INFO - [2026-09-08T06:53:26.074+0000] {dag.py:4180} INFO - Setting next_dagrun for iris_pipeline_dag to None, run_after=None
[2026-09-08T06:53:26.122+0000] {processor.py:208} INFO - Processing /opt/airflow/dags/ml_01_iris_pipeline-3.py took 0.224 seconds
[2026-09-08T06:53:56.333+0000] {processor.py:186} INFO - Started process (PID=547) to work on /opt/airflow/dags/ml_01_iris_pipeline-3.py
[2026-09-08T06:53:56.335+0000] {processor.py:914} INFO - Processing file /opt/airflow/dags/ml_01_iris_pipeline-3.py for tasks to queue
[2026-09-08T06:53:56.339+0000] {logging_mixin.py:190} INFO - [2026-09-08T06:53:56.338+0000] {dagbag.py:588} INFO - Filling up the DagBag from /opt/airflow/dags/ml_01_iris_pipeline-3.py
[2026-09-08T06:53:56.387+0000] {processor.py:925} INFO - DAG(s) 'iris_pipeline_dag' retrieved from /opt/airflow/dags/ml_01_iris_pipeline-3.py
[2026-09-08T06:53:56.455+0000] {logging_mixin.py:190} INFO - [2026-09-08T06:53:56.455+0000] {dag.py:3239} INFO - Sync 1 DAGs
[2026-09-08T06:53:56.479+0000] {logging_mixin.py:190} INFO - [2026-09-08T06:53:56.479+0000] {dag.py:4180} INFO - Setting next_dagrun for iris_pipeline_dag to None, run_after=None
[2026-09-08T06:53:56.523+0000] {processor.py:208} INFO - Processing /opt/airflow/dags/ml_01_iris_pipeline-3.py took 0.205 seconds
[2026-09-08T06:54:26.819+0000] {processor.py:186} INFO - Started process (PID=561) to work on /opt/airflow/dags/ml_01_iris_pipeline-3.py
[2026-09-08T06:54:26.821+0000] {processor.py:914} INFO - Processing file /opt/airflow/dags/ml_01_iris_pipeline-3.py for tasks to queue
[2026-09-08T06:54:26.824+0000] {logging_mixin.py:190} INFO - [2026-09-08T06:54:26.824+0000] {dagbag.py:588} INFO - Filling up the DagBag from /opt/airflow/dags/ml_01_iris_pipeline-3.py
[2026-09-08T06:54:26.866+0000] {processor.py:925} INFO - DAG(s) 'iris_pipeline_dag' retrieved from /opt/airflow/dags/ml_01_iris_pipeline-3.py
[2026-09-08T06:54:26.929+0000] {logging_mixin.py:190} INFO - [2026-09-08T06:54:26.929+0000] {dag.py:3239} INFO - Sync 1 DAGs
[2026-09-08T06:54:26.955+0000] {logging_mixin.py:190} INFO - [2026-09-08T06:54:26.955+0000] {dag.py:4180} INFO - Setting next_dagrun for iris_pipeline_dag to None, run_after=None
[2026-09-08T06:54:26.991+0000] {processor.py:208} INFO - Processing /opt/airflow/dags/ml_01_iris_pipeline-3.py took 0.184 seconds
[2026-09-08T06:54:57.179+0000] {processor.py:186} INFO - Started process (PID=575) to work on /opt/airflow/dags/ml_01_iris_pipeline-3.py
[2026-09-08T06:54:57.181+0000] {processor.py:914} INFO - Processing file /opt/airflow/dags/ml_01_iris_pipeline-3.py for tasks to queue
[2026-09-08T06:54:57.185+0000] {logging_mixin.py:190} INFO - [2026-09-08T06:54:57.184+0000] {dagbag.py:588} INFO - Filling up the DagBag from /opt/airflow/dags/ml_01_iris_pipeline-3.py
[2026-09-08T06:54:57.228+0000] {processor.py:925} INFO - DAG(s) 'iris_pipeline_dag' retrieved from /opt/airflow/dags/ml_01_iris_pipeline-3.py
[2026-09-08T06:54:57.292+0000] {logging_mixin.py:190} INFO - [2026-09-08T06:54:57.291+0000] {dag.py:3239} INFO - Sync 1 DAGs
[2026-09-08T06:54:57.323+0000] {logging_mixin.py:190} INFO - [2026-09-08T06:54:57.323+0000] {dag.py:4180} INFO - Setting next_dagrun for iris_pipeline_dag to None, run_after=None
[2026-09-08T06:54:57.368+0000] {processor.py:208} INFO - Processing /opt/airflow/dags/ml_01_iris_pipeline-3.py took 0.200 seconds
[2026-09-08T06:55:27.603+0000] {processor.py:186} INFO - Started process (PID=589) to work on /opt/airflow/dags/ml_01_iris_pipeline-3.py
[2026-09-08T06:55:27.605+0000] {processor.py:914} INFO - Processing file /opt/airflow/dags/ml_01_iris_pipeline-3.py for tasks to queue
[2026-09-08T06:55:27.609+0000] {logging_mixin.py:190} INFO - [2026-09-08T06:55:27.608+0000] {dagbag.py:588} INFO - Filling up the DagBag from /opt/airflow/dags/ml_01_iris_pipeline-3.py
[2026-09-08T06:55:27.654+0000] {processor.py:925} INFO - DAG(s) 'iris_pipeline_dag' retrieved from /opt/airflow/dags/ml_01_iris_pipeline-3.py
[2026-09-08T06:55:27.718+0000] {logging_mixin.py:190} INFO - [2026-09-08T06:55:27.717+0000] {dag.py:3239} INFO - Sync 1 DAGs
[2026-09-08T06:55:27.744+0000] {logging_mixin.py:190} INFO - [2026-09-08T06:55:27.744+0000] {dag.py:4180} INFO - Setting next_dagrun for iris_pipeline_dag to None, run_after=None
[2026-09-08T06:55:27.778+0000] {processor.py:208} INFO - Processing /opt/airflow/dags/ml_01_iris_pipeline-3.py took 0.188 seconds
[2026-09-08T06:55:57.924+0000] {processor.py:186} INFO - Started process (PID=603) to work on /opt/airflow/dags/ml_01_iris_pipeline-3.py
[2026-09-08T06:55:57.926+0000] {processor.py:914} INFO - Processing file /opt/airflow/dags/ml_01_iris_pipeline-3.py for tasks to queue
[2026-09-08T06:55:57.930+0000] {logging_mixin.py:190} INFO - [2026-09-08T06:55:57.929+0000] {dagbag.py:588} INFO - Filling up the DagBag from /opt/airflow/dags/ml_01_iris_pipeline-3.py
[2026-09-08T06:55:57.995+0000] {processor.py:925} INFO - DAG(s) 'iris_pipeline_dag' retrieved from /opt/airflow/dags/ml_01_iris_pipeline-3.py
[2026-09-08T06:55:58.124+0000] {logging_mixin.py:190} INFO - [2026-09-08T06:55:58.122+0000] {dag.py:3239} INFO - Sync 1 DAGs
[2026-09-08T06:55:58.183+0000] {logging_mixin.py:190} INFO - [2026-09-08T06:55:58.182+0000] {dag.py:4180} INFO - Setting next_dagrun for iris_pipeline_dag to None, run_after=None
[2026-09-08T06:55:58.238+0000] {processor.py:208} INFO - Processing /opt/airflow/dags/ml_01_iris_pipeline-3.py took 0.330 seconds
[2026-09-08T06:56:28.337+0000] {processor.py:186} INFO - Started process (PID=617) to work on /opt/airflow/dags/ml_01_iris_pipeline-3.py
[2026-09-08T06:56:28.339+0000] {processor.py:914} INFO - Processing file /opt/airflow/dags/ml_01_iris_pipeline-3.py for tasks to queue
[2026-09-08T06:56:28.343+0000] {logging_mixin.py:190} INFO - [2026-09-08T06:56:28.342+0000] {dagbag.py:588} INFO - Filling up the DagBag from /opt/airflow/dags/ml_01_iris_pipeline-3.py
[2026-09-08T06:56:28.392+0000] {processor.py:925} INFO - DAG(s) 'iris_pipeline_dag' retrieved from /opt/airflow/dags/ml_01_iris_pipeline-3.py
[2026-09-08T06:56:28.456+0000] {logging_mixin.py:190} INFO - [2026-09-08T06:56:28.456+0000] {dag.py:3239} INFO - Sync 1 DAGs
[2026-09-08T06:56:28.483+0000] {logging_mixin.py:190} INFO - [2026-09-08T06:56:28.483+0000] {dag.py:4180} INFO - Setting next_dagrun for iris_pipeline_dag to None, run_after=None
[2026-09-08T06:56:28.527+0000] {processor.py:208} INFO - Processing /opt/airflow/dags/ml_01_iris_pipeline-3.py took 0.204 seconds
[2026-09-08T06:56:58.955+0000] {processor.py:186} INFO - Started process (PID=631) to work on /opt/airflow/dags/ml_01_iris_pipeline-3.py
[2026-09-08T06:56:58.956+0000] {processor.py:914} INFO - Processing file /opt/airflow/dags/ml_01_iris_pipeline-3.py for tasks to queue
[2026-09-08T06:56:58.958+0000] {logging_mixin.py:190} INFO - [2026-09-08T06:56:58.958+0000] {dagbag.py:588} INFO - Filling up the DagBag from /opt/airflow/dags/ml_01_iris_pipeline-3.py
[2026-09-08T06:56:58.980+0000] {processor.py:925} INFO - DAG(s) 'iris_pipeline_dag' retrieved from /opt/airflow/dags/ml_01_iris_pipeline-3.py
[2026-09-08T06:56:59.020+0000] {logging_mixin.py:190} INFO - [2026-09-08T06:56:59.019+0000] {dag.py:3239} INFO - Sync 1 DAGs
[2026-09-08T06:56:59.045+0000] {logging_mixin.py:190} INFO - [2026-09-08T06:56:59.044+0000] {dag.py:4180} INFO - Setting next_dagrun for iris_pipeline_dag to None, run_after=None
[2026-09-08T06:56:59.087+0000] {processor.py:208} INFO - Processing /opt/airflow/dags/ml_01_iris_pipeline-3.py took 0.139 seconds
[2026-09-08T06:57:29.264+0000] {processor.py:186} INFO - Started process (PID=645) to work on /opt/airflow/dags/ml_01_iris_pipeline-3.py
[2026-09-08T06:57:29.265+0000] {processor.py:914} INFO - Processing file /opt/airflow/dags/ml_01_iris_pipeline-3.py for tasks to queue
[2026-09-08T06:57:29.268+0000] {logging_mixin.py:190} INFO - [2026-09-08T06:57:29.267+0000] {dagbag.py:588} INFO - Filling up the DagBag from /opt/airflow/dags/ml_01_iris_pipeline-3.py
[2026-09-08T06:57:29.291+0000] {processor.py:925} INFO - DAG(s) 'iris_pipeline_dag' retrieved from /opt/airflow/dags/ml_01_iris_pipeline-3.py
[2026-09-08T06:57:29.326+0000] {logging_mixin.py:190} INFO - [2026-09-08T06:57:29.326+0000] {dag.py:3239} INFO - Sync 1 DAGs
[2026-09-08T06:57:29.343+0000] {logging_mixin.py:190} INFO - [2026-09-08T06:57:29.343+0000] {dag.py:4180} INFO - Setting next_dagrun for iris_pipeline_dag to None, run_after=None
[2026-09-08T06:57:29.370+0000] {processor.py:208} INFO - Processing /opt/airflow/dags/ml_01_iris_pipeline-3.py took 0.115 seconds
[2026-09-08T06:58:00.261+0000] {processor.py:186} INFO - Started process (PID=658) to work on /opt/airflow/dags/ml_01_iris_pipeline-3.py
[2026-09-08T06:58:00.262+0000] {processor.py:914} INFO - Processing file /opt/airflow/dags/ml_01_iris_pipeline-3.py for tasks to queue
[2026-09-08T06:58:00.265+0000] {logging_mixin.py:190} INFO - [2026-09-08T06:58:00.264+0000] {dagbag.py:588} INFO - Filling up the DagBag from /opt/airflow/dags/ml_01_iris_pipeline-3.py
[2026-09-08T06:58:00.288+0000] {processor.py:925} INFO - DAG(s) 'iris_pipeline_dag' retrieved from /opt/airflow/dags/ml_01_iris_pipeline-3.py
[2026-09-08T06:58:00.328+0000] {logging_mixin.py:190} INFO - [2026-09-08T06:58:00.328+0000] {dag.py:3239} INFO - Sync 1 DAGs
[2026-09-08T06:58:00.348+0000] {logging_mixin.py:190} INFO - [2026-09-08T06:58:00.347+0000] {dag.py:4180} INFO - Setting next_dagrun for iris_pipeline_dag to None, run_after=None
[2026-09-08T06:58:00.384+0000] {processor.py:208} INFO - Processing /opt/airflow/dags/ml_01_iris_pipeline-3.py took 0.130 seconds
[2026-09-08T06:58:30.463+0000] {processor.py:186} INFO - Started process (PID=671) to work on /opt/airflow/dags/ml_01_iris_pipeline-3.py
[2026-09-08T06:58:30.465+0000] {processor.py:914} INFO - Processing file /opt/airflow/dags/ml_01_iris_pipeline-3.py for tasks to queue
[2026-09-08T06:58:30.466+0000] {logging_mixin.py:190} INFO - [2026-09-08T06:58:30.466+0000] {dagbag.py:588} INFO - Filling up the DagBag from /opt/airflow/dags/ml_01_iris_pipeline-3.py
[2026-09-08T06:58:30.488+0000] {processor.py:925} INFO - DAG(s) 'iris_pipeline_dag' retrieved from /opt/airflow/dags/ml_01_iris_pipeline-3.py
[2026-09-08T06:58:30.522+0000] {logging_mixin.py:190} INFO - [2026-09-08T06:58:30.522+0000] {dag.py:3239} INFO - Sync 1 DAGs
[2026-09-08T06:58:30.538+0000] {logging_mixin.py:190} INFO - [2026-09-08T06:58:30.538+0000] {dag.py:4180} INFO - Setting next_dagrun for iris_pipeline_dag to None, run_after=None
[2026-09-08T06:58:30.560+0000] {processor.py:208} INFO - Processing /opt/airflow/dags/ml_01_iris_pipeline-3.py took 0.103 seconds
[2026-09-08T06:59:00.834+0000] {processor.py:186} INFO - Started process (PID=685) to work on /opt/airflow/dags/ml_01_iris_pipeline-3.py
[2026-09-08T06:59:00.836+0000] {processor.py:914} INFO - Processing file /opt/airflow/dags/ml_01_iris_pipeline-3.py for tasks to queue
[2026-09-08T06:59:00.839+0000] {logging_mixin.py:190} INFO - [2026-09-08T06:59:00.838+0000] {dagbag.py:588} INFO - Filling up the DagBag from /opt/airflow/dags/ml_01_iris_pipeline-3.py
[2026-09-08T06:59:00.866+0000] {processor.py:925} INFO - DAG(s) 'iris_pipeline_dag' retrieved from /opt/airflow/dags/ml_01_iris_pipeline-3.py
[2026-09-08T06:59:00.913+0000] {logging_mixin.py:190} INFO - [2026-09-08T06:59:00.912+0000] {dag.py:3239} INFO - Sync 1 DAGs
[2026-09-08T06:59:00.936+0000] {logging_mixin.py:190} INFO - [2026-09-08T06:59:00.936+0000] {dag.py:4180} INFO - Setting next_dagrun for iris_pipeline_dag to None, run_after=None
[2026-09-08T06:59:00.962+0000] {processor.py:208} INFO - Processing /opt/airflow/dags/ml_01_iris_pipeline-3.py took 0.139 seconds
[2026-09-08T06:59:31.533+0000] {processor.py:186} INFO - Started process (PID=699) to work on /opt/airflow/dags/ml_01_iris_pipeline-3.py
[2026-09-08T06:59:31.534+0000] {processor.py:914} INFO - Processing file /opt/airflow/dags/ml_01_iris_pipeline-3.py for tasks to queue
[2026-09-08T06:59:31.536+0000] {logging_mixin.py:190} INFO - [2026-09-08T06:59:31.536+0000] {dagbag.py:588} INFO - Filling up the DagBag from /opt/airflow/dags/ml_01_iris_pipeline-3.py
[2026-09-08T06:59:31.559+0000] {processor.py:925} INFO - DAG(s) 'iris_pipeline_dag' retrieved from /opt/airflow/dags/ml_01_iris_pipeline-3.py
[2026-09-08T06:59:31.595+0000] {logging_mixin.py:190} INFO - [2026-09-08T06:59:31.595+0000] {dag.py:3239} INFO - Sync 1 DAGs
[2026-09-08T06:59:31.615+0000] {logging_mixin.py:190} INFO - [2026-09-08T06:59:31.615+0000] {dag.py:4180} INFO - Setting next_dagrun for iris_pipeline_dag to None, run_after=None
[2026-09-08T06:59:31.639+0000] {processor.py:208} INFO - Processing /opt/airflow/dags/ml_01_iris_pipeline-3.py took 0.113 seconds
[2026-09-08T07:00:02.350+0000] {processor.py:186} INFO - Started process (PID=713) to work on /opt/airflow/dags/ml_01_iris_pipeline-3.py
[2026-09-08T07:00:02.351+0000] {processor.py:914} INFO - Processing file /opt/airflow/dags/ml_01_iris_pipeline-3.py for tasks to queue
[2026-09-08T07:00:02.353+0000] {logging_mixin.py:190} INFO - [2026-09-08T07:00:02.352+0000] {dagbag.py:588} INFO - Filling up the DagBag from /opt/airflow/dags/ml_01_iris_pipeline-3.py
[2026-09-08T07:00:02.376+0000] {processor.py:925} INFO - DAG(s) 'iris_pipeline_dag' retrieved from /opt/airflow/dags/ml_01_iris_pipeline-3.py
[2026-09-08T07:00:02.413+0000] {logging_mixin.py:190} INFO - [2026-09-08T07:00:02.413+0000] {dag.py:3239} INFO - Sync 1 DAGs
[2026-09-08T07:00:02.430+0000] {logging_mixin.py:190} INFO - [2026-09-08T07:00:02.430+0000] {dag.py:4180} INFO - Setting next_dagrun for iris_pipeline_dag to None, run_after=None
[2026-09-08T07:00:02.453+0000] {processor.py:208} INFO - Processing /opt/airflow/dags/ml_01_iris_pipeline-3.py took 0.110 seconds
[2026-09-08T07:00:32.727+0000] {processor.py:186} INFO - Started process (PID=728) to work on /opt/airflow/dags/ml_01_iris_pipeline-3.py
[2026-09-08T07:00:32.729+0000] {processor.py:914} INFO - Processing file /opt/airflow/dags/ml_01_iris_pipeline-3.py for tasks to queue
[2026-09-08T07:00:32.732+0000] {logging_mixin.py:190} INFO - [2026-09-08T07:00:32.731+0000] {dagbag.py:588} INFO - Filling up the DagBag from /opt/airflow/dags/ml_01_iris_pipeline-3.py
[2026-09-08T07:00:32.769+0000] {processor.py:925} INFO - DAG(s) 'iris_pipeline_dag' retrieved from /opt/airflow/dags/ml_01_iris_pipeline-3.py
[2026-09-08T07:00:32.845+0000] {logging_mixin.py:190} INFO - [2026-09-08T07:00:32.845+0000] {dag.py:3239} INFO - Sync 1 DAGs
[2026-09-08T07:00:32.873+0000] {logging_mixin.py:190} INFO - [2026-09-08T07:00:32.872+0000] {dag.py:4180} INFO - Setting next_dagrun for iris_pipeline_dag to None, run_after=None
[2026-09-08T07:00:32.911+0000] {processor.py:208} INFO - Processing /opt/airflow/dags/ml_01_iris_pipeline-3.py took 0.194 seconds
[2026-09-08T07:01:03.078+0000] {processor.py:186} INFO - Started process (PID=742) to work on /opt/airflow/dags/ml_01_iris_pipeline-3.py
[2026-09-08T07:01:03.079+0000] {processor.py:914} INFO - Processing file /opt/airflow/dags/ml_01_iris_pipeline-3.py for tasks to queue
[2026-09-08T07:01:03.081+0000] {logging_mixin.py:190} INFO - [2026-09-08T07:01:03.080+0000] {dagbag.py:588} INFO - Filling up the DagBag from /opt/airflow/dags/ml_01_iris_pipeline-3.py
[2026-09-08T07:01:03.104+0000] {processor.py:925} INFO - DAG(s) 'iris_pipeline_dag' retrieved from /opt/airflow/dags/ml_01_iris_pipeline-3.py
[2026-09-08T07:01:03.142+0000] {logging_mixin.py:190} INFO - [2026-09-08T07:01:03.142+0000] {dag.py:3239} INFO - Sync 1 DAGs
[2026-09-08T07:01:03.160+0000] {logging_mixin.py:190} INFO - [2026-09-08T07:01:03.160+0000] {dag.py:4180} INFO - Setting next_dagrun for iris_pipeline_dag to None, run_after=None
[2026-09-08T07:01:03.186+0000] {processor.py:208} INFO - Processing /opt/airflow/dags/ml_01_iris_pipeline-3.py took 0.115 seconds
[2026-09-08T07:01:34.029+0000] {processor.py:186} INFO - Started process (PID=756) to work on /opt/airflow/dags/ml_01_iris_pipeline-3.py
[2026-09-08T07:01:34.031+0000] {processor.py:914} INFO - Processing file /opt/airflow/dags/ml_01_iris_pipeline-3.py for tasks to queue
[2026-09-08T07:01:34.033+0000] {logging_mixin.py:190} INFO - [2026-09-08T07:01:34.033+0000] {dagbag.py:588} INFO - Filling up the DagBag from /opt/airflow/dags/ml_01_iris_pipeline-3.py
[2026-09-08T07:01:34.061+0000] {processor.py:925} INFO - DAG(s) 'iris_pipeline_dag' retrieved from /opt/airflow/dags/ml_01_iris_pipeline-3.py
[2026-09-08T07:01:34.105+0000] {logging_mixin.py:190} INFO - [2026-09-08T07:01:34.105+0000] {dag.py:3239} INFO - Sync 1 DAGs
[2026-09-08T07:01:34.130+0000] {logging_mixin.py:190} INFO - [2026-09-08T07:01:34.130+0000] {dag.py:4180} INFO - Setting next_dagrun for iris_pipeline_dag to None, run_after=None
[2026-09-08T07:01:34.159+0000] {processor.py:208} INFO - Processing /opt/airflow/dags/ml_01_iris_pipeline-3.py took 0.137 seconds
[2026-09-08T07:02:04.789+0000] {processor.py:186} INFO - Started process (PID=770) to work on /opt/airflow/dags/ml_01_iris_pipeline-3.py
[2026-09-08T07:02:04.790+0000] {processor.py:914} INFO - Processing file /opt/airflow/dags/ml_01_iris_pipeline-3.py for tasks to queue
[2026-09-08T07:02:04.792+0000] {logging_mixin.py:190} INFO - [2026-09-08T07:02:04.792+0000] {dagbag.py:588} INFO - Filling up the DagBag from /opt/airflow/dags/ml_01_iris_pipeline-3.py
[2026-09-08T07:02:04.819+0000] {processor.py:925} INFO - DAG(s) 'iris_pipeline_dag' retrieved from /opt/airflow/dags/ml_01_iris_pipeline-3.py
[2026-09-08T07:02:04.858+0000] {logging_mixin.py:190} INFO - [2026-09-08T07:02:04.857+0000] {dag.py:3239} INFO - Sync 1 DAGs
[2026-09-08T07:02:04.877+0000] {logging_mixin.py:190} INFO - [2026-09-08T07:02:04.877+0000] {dag.py:4180} INFO - Setting next_dagrun for iris_pipeline_dag to None, run_after=None
[2026-09-08T07:02:04.900+0000] {processor.py:208} INFO - Processing /opt/airflow/dags/ml_01_iris_pipeline-3.py took 0.119 seconds
[2026-09-08T07:02:35.486+0000] {processor.py:186} INFO - Started process (PID=784) to work on /opt/airflow/dags/ml_01_iris_pipeline-3.py
[2026-09-08T07:02:35.487+0000] {processor.py:914} INFO - Processing file /opt/airflow/dags/ml_01_iris_pipeline-3.py for tasks to queue
[2026-09-08T07:02:35.489+0000] {logging_mixin.py:190} INFO - [2026-09-08T07:02:35.488+0000] {dagbag.py:588} INFO - Filling up the DagBag from /opt/airflow/dags/ml_01_iris_pipeline-3.py
[2026-09-08T07:02:35.511+0000] {processor.py:925} INFO - DAG(s) 'iris_pipeline_dag' retrieved from /opt/airflow/dags/ml_01_iris_pipeline-3.py
[2026-09-08T07:02:35.547+0000] {logging_mixin.py:190} INFO - [2026-09-08T07:02:35.547+0000] {dag.py:3239} INFO - Sync 1 DAGs
[2026-09-08T07:02:35.564+0000] {logging_mixin.py:190} INFO - [2026-09-08T07:02:35.564+0000] {dag.py:4180} INFO - Setting next_dagrun for iris_pipeline_dag to None, run_after=None
[2026-09-08T07:02:35.586+0000] {processor.py:208} INFO - Processing /opt/airflow/dags/ml_01_iris_pipeline-3.py took 0.108 seconds
[2026-09-08T07:03:05.777+0000] {processor.py:186} INFO - Started process (PID=798) to work on /opt/airflow/dags/ml_01_iris_pipeline-3.py
[2026-09-08T07:03:05.778+0000] {processor.py:914} INFO - Processing file /opt/airflow/dags/ml_01_iris_pipeline-3.py for tasks to queue
[2026-09-08T07:03:05.780+0000] {logging_mixin.py:190} INFO - [2026-09-08T07:03:05.780+0000] {dagbag.py:588} INFO - Filling up the DagBag from /opt/airflow/dags/ml_01_iris_pipeline-3.py
[2026-09-08T07:03:05.806+0000] {processor.py:925} INFO - DAG(s) 'iris_pipeline_dag' retrieved from /opt/airflow/dags/ml_01_iris_pipeline-3.py
[2026-09-08T07:03:05.848+0000] {logging_mixin.py:190} INFO - [2026-09-08T07:03:05.848+0000] {dag.py:3239} INFO - Sync 1 DAGs
[2026-09-08T07:03:05.870+0000] {logging_mixin.py:190} INFO - [2026-09-08T07:03:05.870+0000] {dag.py:4180} INFO - Setting next_dagrun for iris_pipeline_dag to None, run_after=None
[2026-09-08T07:03:05.895+0000] {processor.py:208} INFO - Processing /opt/airflow/dags/ml_01_iris_pipeline-3.py took 0.129 seconds
[2026-09-08T07:03:36.026+0000] {processor.py:186} INFO - Started process (PID=812) to work on /opt/airflow/dags/ml_01_iris_pipeline-3.py
[2026-09-08T07:03:36.027+0000] {processor.py:914} INFO - Processing file /opt/airflow/dags/ml_01_iris_pipeline-3.py for tasks to queue
[2026-09-08T07:03:36.029+0000] {logging_mixin.py:190} INFO - [2026-09-08T07:03:36.029+0000] {dagbag.py:588} INFO - Filling up the DagBag from /opt/airflow/dags/ml_01_iris_pipeline-3.py
[2026-09-08T07:03:36.052+0000] {processor.py:925} INFO - DAG(s) 'iris_pipeline_dag' retrieved from /opt/airflow/dags/ml_01_iris_pipeline-3.py
[2026-09-08T07:03:36.096+0000] {logging_mixin.py:190} INFO - [2026-09-08T07:03:36.095+0000] {dag.py:3239} INFO - Sync 1 DAGs
[2026-09-08T07:03:36.114+0000] {logging_mixin.py:190} INFO - [2026-09-08T07:03:36.114+0000] {dag.py:4180} INFO - Setting next_dagrun for iris_pipeline_dag to None, run_after=None
[2026-09-08T07:03:36.137+0000] {processor.py:208} INFO - Processing /opt/airflow/dags/ml_01_iris_pipeline-3.py took 0.118 seconds
[2026-09-08T07:04:06.432+0000] {processor.py:186} INFO - Started process (PID=826) to work on /opt/airflow/dags/ml_01_iris_pipeline-3.py
[2026-09-08T07:04:06.433+0000] {processor.py:914} INFO - Processing file /opt/airflow/dags/ml_01_iris_pipeline-3.py for tasks to queue
[2026-09-08T07:04:06.435+0000] {logging_mixin.py:190} INFO - [2026-09-08T07:04:06.435+0000] {dagbag.py:588} INFO - Filling up the DagBag from /opt/airflow/dags/ml_01_iris_pipeline-3.py
[2026-09-08T07:04:06.459+0000] {processor.py:925} INFO - DAG(s) 'iris_pipeline_dag' retrieved from /opt/airflow/dags/ml_01_iris_pipeline-3.py
[2026-09-08T07:04:06.495+0000] {logging_mixin.py:190} INFO - [2026-09-08T07:04:06.494+0000] {dag.py:3239} INFO - Sync 1 DAGs
[2026-09-08T07:04:06.512+0000] {logging_mixin.py:190} INFO - [2026-09-08T07:04:06.512+0000] {dag.py:4180} INFO - Setting next_dagrun for iris_pipeline_dag to None, run_after=None
[2026-09-08T07:04:06.534+0000] {processor.py:208} INFO - Processing /opt/airflow/dags/ml_01_iris_pipeline-3.py took 0.110 seconds
[2026-09-08T07:04:36.607+0000] {processor.py:186} INFO - Started process (PID=840) to work on /opt/airflow/dags/ml_01_iris_pipeline-3.py
[2026-09-08T07:04:36.609+0000] {processor.py:914} INFO - Processing file /opt/airflow/dags/ml_01_iris_pipeline-3.py for tasks to queue
[2026-09-08T07:04:36.610+0000] {logging_mixin.py:190} INFO - [2026-09-08T07:04:36.610+0000] {dagbag.py:588} INFO - Filling up the DagBag from /opt/airflow/dags/ml_01_iris_pipeline-3.py
[2026-09-08T07:04:36.633+0000] {processor.py:925} INFO - DAG(s) 'iris_pipeline_dag' retrieved from /opt/airflow/dags/ml_01_iris_pipeline-3.py
[2026-09-08T07:04:36.670+0000] {logging_mixin.py:190} INFO - [2026-09-08T07:04:36.669+0000] {dag.py:3239} INFO - Sync 1 DAGs
[2026-09-08T07:04:36.693+0000] {logging_mixin.py:190} INFO - [2026-09-08T07:04:36.693+0000] {dag.py:4180} INFO - Setting next_dagrun for iris_pipeline_dag to None, run_after=None
[2026-09-08T07:04:36.719+0000] {processor.py:208} INFO - Processing /opt/airflow/dags/ml_01_iris_pipeline-3.py took 0.118 seconds
[2026-09-08T07:05:07.228+0000] {processor.py:186} INFO - Started process (PID=854) to work on /opt/airflow/dags/ml_01_iris_pipeline-3.py
[2026-09-08T07:05:07.229+0000] {processor.py:914} INFO - Processing file /opt/airflow/dags/ml_01_iris_pipeline-3.py for tasks to queue
[2026-09-08T07:05:07.231+0000] {logging_mixin.py:190} INFO - [2026-09-08T07:05:07.231+0000] {dagbag.py:588} INFO - Filling up the DagBag from /opt/airflow/dags/ml_01_iris_pipeline-3.py
[2026-09-08T07:05:07.256+0000] {processor.py:925} INFO - DAG(s) 'iris_pipeline_dag' retrieved from /opt/airflow/dags/ml_01_iris_pipeline-3.py
[2026-09-08T07:05:07.295+0000] {logging_mixin.py:190} INFO - [2026-09-08T07:05:07.295+0000] {dag.py:3239} INFO - Sync 1 DAGs
[2026-09-08T07:05:07.315+0000] {logging_mixin.py:190} INFO - [2026-09-08T07:05:07.315+0000] {dag.py:4180} INFO - Setting next_dagrun for iris_pipeline_dag to None, run_after=None
[2026-09-08T07:05:07.347+0000] {processor.py:208} INFO - Processing /opt/airflow/dags/ml_01_iris_pipeline-3.py took 0.127 seconds
[2026-09-08T07:05:37.538+0000] {processor.py:186} INFO - Started process (PID=868) to work on /opt/airflow/dags/ml_01_iris_pipeline-3.py
[2026-09-08T07:05:37.620+0000] {processor.py:914} INFO - Processing file /opt/airflow/dags/ml_01_iris_pipeline-3.py for tasks to queue
[2026-09-08T07:05:37.623+0000] {logging_mixin.py:190} INFO - [2026-09-08T07:05:37.622+0000] {dagbag.py:588} INFO - Filling up the DagBag from /opt/airflow/dags/ml_01_iris_pipeline-3.py
[2026-09-08T07:05:37.664+0000] {processor.py:925} INFO - DAG(s) 'iris_pipeline_dag' retrieved from /opt/airflow/dags/ml_01_iris_pipeline-3.py
[2026-09-08T07:05:37.723+0000] {logging_mixin.py:190} INFO - [2026-09-08T07:05:37.723+0000] {dag.py:3239} INFO - Sync 1 DAGs
[2026-09-08T07:05:37.775+0000] {logging_mixin.py:190} INFO - [2026-09-08T07:05:37.774+0000] {dag.py:4180} INFO - Setting next_dagrun for iris_pipeline_dag to None, run_after=None
[2026-09-08T07:05:37.813+0000] {processor.py:208} INFO - Processing /opt/airflow/dags/ml_01_iris_pipeline-3.py took 0.285 seconds
[2026-09-08T07:06:07.922+0000] {processor.py:186} INFO - Started process (PID=882) to work on /opt/airflow/dags/ml_01_iris_pipeline-3.py
[2026-09-08T07:06:07.923+0000] {processor.py:914} INFO - Processing file /opt/airflow/dags/ml_01_iris_pipeline-3.py for tasks to queue
[2026-09-08T07:06:07.925+0000] {logging_mixin.py:190} INFO - [2026-09-08T07:06:07.925+0000] {dagbag.py:588} INFO - Filling up the DagBag from /opt/airflow/dags/ml_01_iris_pipeline-3.py
[2026-09-08T07:06:07.952+0000] {processor.py:925} INFO - DAG(s) 'iris_pipeline_dag' retrieved from /opt/airflow/dags/ml_01_iris_pipeline-3.py
[2026-09-08T07:06:08.014+0000] {logging_mixin.py:190} INFO - [2026-09-08T07:06:08.013+0000] {dag.py:3239} INFO - Sync 1 DAGs
[2026-09-08T07:06:08.046+0000] {logging_mixin.py:190} INFO - [2026-09-08T07:06:08.045+0000] {dag.py:4180} INFO - Setting next_dagrun for iris_pipeline_dag to None, run_after=None
[2026-09-08T07:06:08.081+0000] {processor.py:208} INFO - Processing /opt/airflow/dags/ml_01_iris_pipeline-3.py took 0.167 seconds
[2026-09-08T07:06:38.164+0000] {processor.py:186} INFO - Started process (PID=896) to work on /opt/airflow/dags/ml_01_iris_pipeline-3.py
[2026-09-08T07:06:38.166+0000] {processor.py:914} INFO - Processing file /opt/airflow/dags/ml_01_iris_pipeline-3.py for tasks to queue
[2026-09-08T07:06:38.168+0000] {logging_mixin.py:190} INFO - [2026-09-08T07:06:38.168+0000] {dagbag.py:588} INFO - Filling up the DagBag from /opt/airflow/dags/ml_01_iris_pipeline-3.py
[2026-09-08T07:06:38.195+0000] {processor.py:925} INFO - DAG(s) 'iris_pipeline_dag' retrieved from /opt/airflow/dags/ml_01_iris_pipeline-3.py
[2026-09-08T07:06:38.262+0000] {logging_mixin.py:190} INFO - [2026-09-08T07:06:38.261+0000] {dag.py:3239} INFO - Sync 1 DAGs
[2026-09-08T07:06:38.291+0000] {logging_mixin.py:190} INFO - [2026-09-08T07:06:38.291+0000] {dag.py:4180} INFO - Setting next_dagrun for iris_pipeline_dag to None, run_after=None
[2026-09-08T07:06:38.315+0000] {processor.py:208} INFO - Processing /opt/airflow/dags/ml_01_iris_pipeline-3.py took 0.163 seconds
[2026-09-08T07:07:08.465+0000] {processor.py:186} INFO - Started process (PID=910) to work on /opt/airflow/dags/ml_01_iris_pipeline-3.py
[2026-09-08T07:07:08.466+0000] {processor.py:914} INFO - Processing file /opt/airflow/dags/ml_01_iris_pipeline-3.py for tasks to queue
[2026-09-08T07:07:08.468+0000] {logging_mixin.py:190} INFO - [2026-09-08T07:07:08.468+0000] {dagbag.py:588} INFO - Filling up the DagBag from /opt/airflow/dags/ml_01_iris_pipeline-3.py
[2026-09-08T07:07:08.492+0000] {processor.py:925} INFO - DAG(s) 'iris_pipeline_dag' retrieved from /opt/airflow/dags/ml_01_iris_pipeline-3.py
[2026-09-08T07:07:08.531+0000] {logging_mixin.py:190} INFO - [2026-09-08T07:07:08.531+0000] {dag.py:3239} INFO - Sync 1 DAGs
[2026-09-08T07:07:08.549+0000] {logging_mixin.py:190} INFO - [2026-09-08T07:07:08.549+0000] {dag.py:4180} INFO - Setting next_dagrun for iris_pipeline_dag to None, run_after=None
[2026-09-08T07:07:08.572+0000] {processor.py:208} INFO - Processing /opt/airflow/dags/ml_01_iris_pipeline-3.py took 0.114 seconds
[2026-09-08T07:07:38.788+0000] {processor.py:186} INFO - Started process (PID=924) to work on /opt/airflow/dags/ml_01_iris_pipeline-3.py
[2026-09-08T07:07:38.789+0000] {processor.py:914} INFO - Processing file /opt/airflow/dags/ml_01_iris_pipeline-3.py for tasks to queue
[2026-09-08T07:07:38.791+0000] {logging_mixin.py:190} INFO - [2026-09-08T07:07:38.791+0000] {dagbag.py:588} INFO - Filling up the DagBag from /opt/airflow/dags/ml_01_iris_pipeline-3.py
[2026-09-08T07:07:38.814+0000] {processor.py:925} INFO - DAG(s) 'iris_pipeline_dag' retrieved from /opt/airflow/dags/ml_01_iris_pipeline-3.py
[2026-09-08T07:07:38.851+0000] {logging_mixin.py:190} INFO - [2026-09-08T07:07:38.851+0000] {dag.py:3239} INFO - Sync 1 DAGs
[2026-09-08T07:07:38.868+0000] {logging_mixin.py:190} INFO - [2026-09-08T07:07:38.868+0000] {dag.py:4180} INFO - Setting next_dagrun for iris_pipeline_dag to None, run_after=None
[2026-09-08T07:07:38.890+0000] {processor.py:208} INFO - Processing /opt/airflow/dags/ml_01_iris_pipeline-3.py took 0.109 seconds
[2026-09-08T07:08:08.998+0000] {processor.py:186} INFO - Started process (PID=938) to work on /opt/airflow/dags/ml_01_iris_pipeline-3.py
[2026-09-08T07:08:08.999+0000] {processor.py:914} INFO - Processing file /opt/airflow/dags/ml_01_iris_pipeline-3.py for tasks to queue
[2026-09-08T07:08:09.001+0000] {logging_mixin.py:190} INFO - [2026-09-08T07:08:09.000+0000] {dagbag.py:588} INFO - Filling up the DagBag from /opt/airflow/dags/ml_01_iris_pipeline-3.py
[2026-09-08T07:08:09.027+0000] {processor.py:925} INFO - DAG(s) 'iris_pipeline_dag' retrieved from /opt/airflow/dags/ml_01_iris_pipeline-3.py
[2026-09-08T07:08:09.073+0000] {logging_mixin.py:190} INFO - [2026-09-08T07:08:09.073+0000] {dag.py:3239} INFO - Sync 1 DAGs
[2026-09-08T07:08:09.111+0000] {logging_mixin.py:190} INFO - [2026-09-08T07:08:09.111+0000] {dag.py:4180} INFO - Setting next_dagrun for iris_pipeline_dag to None, run_after=None
[2026-09-08T07:08:09.143+0000] {processor.py:208} INFO - Processing /opt/airflow/dags/ml_01_iris_pipeline-3.py took 0.153 seconds
[2026-09-08T07:08:39.646+0000] {processor.py:186} INFO - Started process (PID=952) to work on /opt/airflow/dags/ml_01_iris_pipeline-3.py
[2026-09-08T07:08:39.647+0000] {processor.py:914} INFO - Processing file /opt/airflow/dags/ml_01_iris_pipeline-3.py for tasks to queue
[2026-09-08T07:08:39.649+0000] {logging_mixin.py:190} INFO - [2026-09-08T07:08:39.649+0000] {dagbag.py:588} INFO - Filling up the DagBag from /opt/airflow/dags/ml_01_iris_pipeline-3.py
[2026-09-08T07:08:39.671+0000] {processor.py:925} INFO - DAG(s) 'iris_pipeline_dag' retrieved from /opt/airflow/dags/ml_01_iris_pipeline-3.py
[2026-09-08T07:08:39.710+0000] {logging_mixin.py:190} INFO - [2026-09-08T07:08:39.710+0000] {dag.py:3239} INFO - Sync 1 DAGs
[2026-09-08T07:08:39.729+0000] {logging_mixin.py:190} INFO - [2026-09-08T07:08:39.729+0000] {dag.py:4180} INFO - Setting next_dagrun for iris_pipeline_dag to None, run_after=None
[2026-09-08T07:08:39.752+0000] {processor.py:208} INFO - Processing /opt/airflow/dags/ml_01_iris_pipeline-3.py took 0.112 seconds
[2026-09-08T07:09:09.952+0000] {processor.py:186} INFO - Started process (PID=966) to work on /opt/airflow/dags/ml_01_iris_pipeline-3.py
[2026-09-08T07:09:09.953+0000] {processor.py:914} INFO - Processing file /opt/airflow/dags/ml_01_iris_pipeline-3.py for tasks to queue
[2026-09-08T07:09:09.955+0000] {logging_mixin.py:190} INFO - [2026-09-08T07:09:09.955+0000] {dagbag.py:588} INFO - Filling up the DagBag from /opt/airflow/dags/ml_01_iris_pipeline-3.py
[2026-09-08T07:09:09.980+0000] {processor.py:925} INFO - DAG(s) 'iris_pipeline_dag' retrieved from /opt/airflow/dags/ml_01_iris_pipeline-3.py
[2026-09-08T07:09:10.019+0000] {logging_mixin.py:190} INFO - [2026-09-08T07:09:10.019+0000] {dag.py:3239} INFO - Sync 1 DAGs
[2026-09-08T07:09:10.038+0000] {logging_mixin.py:190} INFO - [2026-09-08T07:09:10.037+0000] {dag.py:4180} INFO - Setting next_dagrun for iris_pipeline_dag to None, run_after=None
[2026-09-08T07:09:10.142+0000] {processor.py:208} INFO - Processing /opt/airflow/dags/ml_01_iris_pipeline-3.py took 0.199 seconds
[2026-09-08T07:09:40.597+0000] {processor.py:186} INFO - Started process (PID=980) to work on /opt/airflow/dags/ml_01_iris_pipeline-3.py
[2026-09-08T07:09:40.598+0000] {processor.py:914} INFO - Processing file /opt/airflow/dags/ml_01_iris_pipeline-3.py for tasks to queue
[2026-09-08T07:09:40.600+0000] {logging_mixin.py:190} INFO - [2026-09-08T07:09:40.599+0000] {dagbag.py:588} INFO - Filling up the DagBag from /opt/airflow/dags/ml_01_iris_pipeline-3.py
[2026-09-08T07:09:40.622+0000] {processor.py:925} INFO - DAG(s) 'iris_pipeline_dag' retrieved from /opt/airflow/dags/ml_01_iris_pipeline-3.py
[2026-09-08T07:09:40.661+0000] {logging_mixin.py:190} INFO - [2026-09-08T07:09:40.660+0000] {dag.py:3239} INFO - Sync 1 DAGs
[2026-09-08T07:09:40.679+0000] {logging_mixin.py:190} INFO - [2026-09-08T07:09:40.679+0000] {dag.py:4180} INFO - Setting next_dagrun for iris_pipeline_dag to None, run_after=None
[2026-09-08T07:09:40.702+0000] {processor.py:208} INFO - Processing /opt/airflow/dags/ml_01_iris_pipeline-3.py took 0.112 seconds
[2026-09-08T07:10:11.063+0000] {processor.py:186} INFO - Started process (PID=994) to work on /opt/airflow/dags/ml_01_iris_pipeline-3.py
[2026-09-08T07:10:11.064+0000] {processor.py:914} INFO - Processing file /opt/airflow/dags/ml_01_iris_pipeline-3.py for tasks to queue
[2026-09-08T07:10:11.066+0000] {logging_mixin.py:190} INFO - [2026-09-08T07:10:11.065+0000] {dagbag.py:588} INFO - Filling up the DagBag from /opt/airflow/dags/ml_01_iris_pipeline-3.py
[2026-09-08T07:10:11.095+0000] {processor.py:925} INFO - DAG(s) 'iris_pipeline_dag' retrieved from /opt/airflow/dags/ml_01_iris_pipeline-3.py
[2026-09-08T07:10:11.129+0000] {logging_mixin.py:190} INFO - [2026-09-08T07:10:11.129+0000] {dag.py:3239} INFO - Sync 1 DAGs
[2026-09-08T07:10:11.149+0000] {logging_mixin.py:190} INFO - [2026-09-08T07:10:11.148+0000] {dag.py:4180} INFO - Setting next_dagrun for iris_pipeline_dag to None, run_after=None
[2026-09-08T07:10:11.172+0000] {processor.py:208} INFO - Processing /opt/airflow/dags/ml_01_iris_pipeline-3.py took 0.116 seconds
[2026-09-08T07:10:41.500+0000] {processor.py:186} INFO - Started process (PID=1008) to work on /opt/airflow/dags/ml_01_iris_pipeline-3.py
[2026-09-08T07:10:41.501+0000] {processor.py:914} INFO - Processing file /opt/airflow/dags/ml_01_iris_pipeline-3.py for tasks to queue
[2026-09-08T07:10:41.503+0000] {logging_mixin.py:190} INFO - [2026-09-08T07:10:41.503+0000] {dagbag.py:588} INFO - Filling up the DagBag from /opt/airflow/dags/ml_01_iris_pipeline-3.py
[2026-09-08T07:10:41.527+0000] {processor.py:925} INFO - DAG(s) 'iris_pipeline_dag' retrieved from /opt/airflow/dags/ml_01_iris_pipeline-3.py
[2026-09-08T07:10:41.566+0000] {logging_mixin.py:190} INFO - [2026-09-08T07:10:41.566+0000] {dag.py:3239} INFO - Sync 1 DAGs
[2026-09-08T07:10:41.584+0000] {logging_mixin.py:190} INFO - [2026-09-08T07:10:41.583+0000] {dag.py:4180} INFO - Setting next_dagrun for iris_pipeline_dag to None, run_after=None
[2026-09-08T07:10:41.606+0000] {processor.py:208} INFO - Processing /opt/airflow/dags/ml_01_iris_pipeline-3.py took 0.114 seconds
[2026-09-08T07:11:11.877+0000] {processor.py:186} INFO - Started process (PID=1022) to work on /opt/airflow/dags/ml_01_iris_pipeline-3.py
[2026-09-08T07:11:11.878+0000] {processor.py:914} INFO - Processing file /opt/airflow/dags/ml_01_iris_pipeline-3.py for tasks to queue
[2026-09-08T07:11:11.880+0000] {logging_mixin.py:190} INFO - [2026-09-08T07:11:11.880+0000] {dagbag.py:588} INFO - Filling up the DagBag from /opt/airflow/dags/ml_01_iris_pipeline-3.py
[2026-09-08T07:11:11.903+0000] {processor.py:925} INFO - DAG(s) 'iris_pipeline_dag' retrieved from /opt/airflow/dags/ml_01_iris_pipeline-3.py
[2026-09-08T07:11:11.940+0000] {logging_mixin.py:190} INFO - [2026-09-08T07:11:11.940+0000] {dag.py:3239} INFO - Sync 1 DAGs
[2026-09-08T07:11:11.958+0000] {logging_mixin.py:190} INFO - [2026-09-08T07:11:11.957+0000] {dag.py:4180} INFO - Setting next_dagrun for iris_pipeline_dag to None, run_after=None
[2026-09-08T07:11:11.980+0000] {processor.py:208} INFO - Processing /opt/airflow/dags/ml_01_iris_pipeline-3.py took 0.109 seconds
[2026-09-08T07:11:42.209+0000] {processor.py:186} INFO - Started process (PID=1036) to work on /opt/airflow/dags/ml_01_iris_pipeline-3.py
[2026-09-08T07:11:42.210+0000] {processor.py:914} INFO - Processing file /opt/airflow/dags/ml_01_iris_pipeline-3.py for tasks to queue
[2026-09-08T07:11:42.212+0000] {logging_mixin.py:190} INFO - [2026-09-08T07:11:42.212+0000] {dagbag.py:588} INFO - Filling up the DagBag from /opt/airflow/dags/ml_01_iris_pipeline-3.py
[2026-09-08T07:11:42.234+0000] {processor.py:925} INFO - DAG(s) 'iris_pipeline_dag' retrieved from /opt/airflow/dags/ml_01_iris_pipeline-3.py
[2026-09-08T07:11:42.270+0000] {logging_mixin.py:190} INFO - [2026-09-08T07:11:42.270+0000] {dag.py:3239} INFO - Sync 1 DAGs
[2026-09-08T07:11:42.287+0000] {logging_mixin.py:190} INFO - [2026-09-08T07:11:42.287+0000] {dag.py:4180} INFO - Setting next_dagrun for iris_pipeline_dag to None, run_after=None
[2026-09-08T07:11:42.308+0000] {processor.py:208} INFO - Processing /opt/airflow/dags/ml_01_iris_pipeline-3.py took 0.106 seconds
[2026-09-08T07:12:12.493+0000] {processor.py:186} INFO - Started process (PID=1050) to work on /opt/airflow/dags/ml_01_iris_pipeline-3.py
[2026-09-08T07:12:12.494+0000] {processor.py:914} INFO - Processing file /opt/airflow/dags/ml_01_iris_pipeline-3.py for tasks to queue
[2026-09-08T07:12:12.496+0000] {logging_mixin.py:190} INFO - [2026-09-08T07:12:12.495+0000] {dagbag.py:588} INFO - Filling up the DagBag from /opt/airflow/dags/ml_01_iris_pipeline-3.py
[2026-09-08T07:12:12.517+0000] {processor.py:925} INFO - DAG(s) 'iris_pipeline_dag' retrieved from /opt/airflow/dags/ml_01_iris_pipeline-3.py
[2026-09-08T07:12:12.550+0000] {logging_mixin.py:190} INFO - [2026-09-08T07:12:12.550+0000] {dag.py:3239} INFO - Sync 1 DAGs
[2026-09-08T07:12:12.568+0000] {logging_mixin.py:190} INFO - [2026-09-08T07:12:12.568+0000] {dag.py:4180} INFO - Setting next_dagrun for iris_pipeline_dag to None, run_after=None
[2026-09-08T07:12:12.589+0000] {processor.py:208} INFO - Processing /opt/airflow/dags/ml_01_iris_pipeline-3.py took 0.103 seconds
[2026-09-08T07:12:42.850+0000] {processor.py:186} INFO - Started process (PID=1064) to work on /opt/airflow/dags/ml_01_iris_pipeline-3.py
[2026-09-08T07:12:42.851+0000] {processor.py:914} INFO - Processing file /opt/airflow/dags/ml_01_iris_pipeline-3.py for tasks to queue
[2026-09-08T07:12:42.853+0000] {logging_mixin.py:190} INFO - [2026-09-08T07:12:42.853+0000] {dagbag.py:588} INFO - Filling up the DagBag from /opt/airflow/dags/ml_01_iris_pipeline-3.py
[2026-09-08T07:12:42.875+0000] {processor.py:925} INFO - DAG(s) 'iris_pipeline_dag' retrieved from /opt/airflow/dags/ml_01_iris_pipeline-3.py
[2026-09-08T07:12:42.911+0000] {logging_mixin.py:190} INFO - [2026-09-08T07:12:42.911+0000] {dag.py:3239} INFO - Sync 1 DAGs
[2026-09-08T07:12:42.929+0000] {logging_mixin.py:190} INFO - [2026-09-08T07:12:42.928+0000] {dag.py:4180} INFO - Setting next_dagrun for iris_pipeline_dag to None, run_after=None
[2026-09-08T07:12:42.953+0000] {processor.py:208} INFO - Processing /opt/airflow/dags/ml_01_iris_pipeline-3.py took 0.109 seconds
[2026-09-08T07:13:13.239+0000] {processor.py:186} INFO - Started process (PID=1078) to work on /opt/airflow/dags/ml_01_iris_pipeline-3.py
[2026-09-08T07:13:13.240+0000] {processor.py:914} INFO - Processing file /opt/airflow/dags/ml_01_iris_pipeline-3.py for tasks to queue
[2026-09-08T07:13:13.242+0000] {logging_mixin.py:190} INFO - [2026-09-08T07:13:13.241+0000] {dagbag.py:588} INFO - Filling up the DagBag from /opt/airflow/dags/ml_01_iris_pipeline-3.py
[2026-09-08T07:13:13.264+0000] {processor.py:925} INFO - DAG(s) 'iris_pipeline_dag' retrieved from /opt/airflow/dags/ml_01_iris_pipeline-3.py
[2026-09-08T07:13:13.297+0000] {logging_mixin.py:190} INFO - [2026-09-08T07:13:13.297+0000] {dag.py:3239} INFO - Sync 1 DAGs
[2026-09-08T07:13:13.313+0000] {logging_mixin.py:190} INFO - [2026-09-08T07:13:13.313+0000] {dag.py:4180} INFO - Setting next_dagrun for iris_pipeline_dag to None, run_after=None
[2026-09-08T07:13:13.339+0000] {processor.py:208} INFO - Processing /opt/airflow/dags/ml_01_iris_pipeline-3.py took 0.106 seconds
[2026-09-08T07:13:44.565+0000] {processor.py:186} INFO - Started process (PID=1092) to work on /opt/airflow/dags/ml_01_iris_pipeline-3.py
[2026-09-08T07:13:44.566+0000] {processor.py:914} INFO - Processing file /opt/airflow/dags/ml_01_iris_pipeline-3.py for tasks to queue
[2026-09-08T07:13:44.568+0000] {logging_mixin.py:190} INFO - [2026-09-08T07:13:44.567+0000] {dagbag.py:588} INFO - Filling up the DagBag from /opt/airflow/dags/ml_01_iris_pipeline-3.py
[2026-09-08T07:13:44.589+0000] {processor.py:925} INFO - DAG(s) 'iris_pipeline_dag' retrieved from /opt/airflow/dags/ml_01_iris_pipeline-3.py
[2026-09-08T07:13:44.621+0000] {logging_mixin.py:190} INFO - [2026-09-08T07:13:44.621+0000] {dag.py:3239} INFO - Sync 1 DAGs
[2026-09-08T07:13:44.637+0000] {logging_mixin.py:190} INFO - [2026-09-08T07:13:44.636+0000] {dag.py:4180} INFO - Setting next_dagrun for iris_pipeline_dag to None, run_after=None
[2026-09-08T07:13:44.658+0000] {processor.py:208} INFO - Processing /opt/airflow/dags/ml_01_iris_pipeline-3.py took 0.099 seconds
[2026-09-08T07:14:14.843+0000] {processor.py:186} INFO - Started process (PID=1106) to work on /opt/airflow/dags/ml_01_iris_pipeline-3.py
[2026-09-08T07:14:14.844+0000] {processor.py:914} INFO - Processing file /opt/airflow/dags/ml_01_iris_pipeline-3.py for tasks to queue
[2026-09-08T07:14:14.846+0000] {logging_mixin.py:190} INFO - [2026-09-08T07:14:14.846+0000] {dagbag.py:588} INFO - Filling up the DagBag from /opt/airflow/dags/ml_01_iris_pipeline-3.py
[2026-09-08T07:14:14.868+0000] {processor.py:925} INFO - DAG(s) 'iris_pipeline_dag' retrieved from /opt/airflow/dags/ml_01_iris_pipeline-3.py
[2026-09-08T07:14:14.903+0000] {logging_mixin.py:190} INFO - [2026-09-08T07:14:14.903+0000] {dag.py:3239} INFO - Sync 1 DAGs
[2026-09-08T07:14:14.919+0000] {logging_mixin.py:190} INFO - [2026-09-08T07:14:14.918+0000] {dag.py:4180} INFO - Setting next_dagrun for iris_pipeline_dag to None, run_after=None
[2026-09-08T07:14:14.940+0000] {processor.py:208} INFO - Processing /opt/airflow/dags/ml_01_iris_pipeline-3.py took 0.103 seconds
[2026-09-08T07:14:45.307+0000] {processor.py:186} INFO - Started process (PID=1120) to work on /opt/airflow/dags/ml_01_iris_pipeline-3.py
[2026-09-08T07:14:45.309+0000] {processor.py:914} INFO - Processing file /opt/airflow/dags/ml_01_iris_pipeline-3.py for tasks to queue
[2026-09-08T07:14:45.311+0000] {logging_mixin.py:190} INFO - [2026-09-08T07:14:45.310+0000] {dagbag.py:588} INFO - Filling up the DagBag from /opt/airflow/dags/ml_01_iris_pipeline-3.py
[2026-09-08T07:14:45.341+0000] {processor.py:925} INFO - DAG(s) 'iris_pipeline_dag' retrieved from /opt/airflow/dags/ml_01_iris_pipeline-3.py
[2026-09-08T07:14:45.389+0000] {logging_mixin.py:190} INFO - [2026-09-08T07:14:45.389+0000] {dag.py:3239} INFO - Sync 1 DAGs
[2026-09-08T07:14:45.413+0000] {logging_mixin.py:190} INFO - [2026-09-08T07:14:45.412+0000] {dag.py:4180} INFO - Setting next_dagrun for iris_pipeline_dag to None, run_after=None
[2026-09-08T07:14:45.439+0000] {processor.py:208} INFO - Processing /opt/airflow/dags/ml_01_iris_pipeline-3.py took 0.140 seconds
[2026-09-08T07:15:15.658+0000] {processor.py:186} INFO - Started process (PID=1134) to work on /opt/airflow/dags/ml_01_iris_pipeline-3.py
[2026-09-08T07:15:15.659+0000] {processor.py:914} INFO - Processing file /opt/airflow/dags/ml_01_iris_pipeline-3.py for tasks to queue
[2026-09-08T07:15:15.662+0000] {logging_mixin.py:190} INFO - [2026-09-08T07:15:15.661+0000] {dagbag.py:588} INFO - Filling up the DagBag from /opt/airflow/dags/ml_01_iris_pipeline-3.py
[2026-09-08T07:15:15.688+0000] {processor.py:925} INFO - DAG(s) 'iris_pipeline_dag' retrieved from /opt/airflow/dags/ml_01_iris_pipeline-3.py
[2026-09-08T07:15:15.727+0000] {logging_mixin.py:190} INFO - [2026-09-08T07:15:15.727+0000] {dag.py:3239} INFO - Sync 1 DAGs
[2026-09-08T07:15:15.746+0000] {logging_mixin.py:190} INFO - [2026-09-08T07:15:15.745+0000] {dag.py:4180} INFO - Setting next_dagrun for iris_pipeline_dag to None, run_after=None
[2026-09-08T07:15:15.768+0000] {processor.py:208} INFO - Processing /opt/airflow/dags/ml_01_iris_pipeline-3.py took 0.120 seconds
[2026-09-08T07:15:46.149+0000] {processor.py:186} INFO - Started process (PID=1154) to work on /opt/airflow/dags/ml_01_iris_pipeline-3.py
[2026-09-08T07:15:46.150+0000] {processor.py:914} INFO - Processing file /opt/airflow/dags/ml_01_iris_pipeline-3.py for tasks to queue
[2026-09-08T07:15:46.153+0000] {logging_mixin.py:190} INFO - [2026-09-08T07:15:46.152+0000] {dagbag.py:588} INFO - Filling up the DagBag from /opt/airflow/dags/ml_01_iris_pipeline-3.py
[2026-09-08T07:15:46.180+0000] {processor.py:925} INFO - DAG(s) 'iris_pipeline_dag' retrieved from /opt/airflow/dags/ml_01_iris_pipeline-3.py
[2026-09-08T07:15:46.222+0000] {logging_mixin.py:190} INFO - [2026-09-08T07:15:46.222+0000] {dag.py:3239} INFO - Sync 1 DAGs
[2026-09-08T07:15:46.242+0000] {logging_mixin.py:190} INFO - [2026-09-08T07:15:46.241+0000] {dag.py:4180} INFO - Setting next_dagrun for iris_pipeline_dag to None, run_after=None
[2026-09-08T07:15:46.266+0000] {processor.py:208} INFO - Processing /opt/airflow/dags/ml_01_iris_pipeline-3.py took 0.127 seconds
[2026-09-08T07:16:16.477+0000] {processor.py:186} INFO - Started process (PID=1168) to work on /opt/airflow/dags/ml_01_iris_pipeline-3.py
[2026-09-08T07:16:16.478+0000] {processor.py:914} INFO - Processing file /opt/airflow/dags/ml_01_iris_pipeline-3.py for tasks to queue
[2026-09-08T07:16:16.480+0000] {logging_mixin.py:190} INFO - [2026-09-08T07:16:16.479+0000] {dagbag.py:588} INFO - Filling up the DagBag from /opt/airflow/dags/ml_01_iris_pipeline-3.py
[2026-09-08T07:16:16.504+0000] {processor.py:925} INFO - DAG(s) 'iris_pipeline_dag' retrieved from /opt/airflow/dags/ml_01_iris_pipeline-3.py
[2026-09-08T07:16:16.542+0000] {logging_mixin.py:190} INFO - [2026-09-08T07:16:16.542+0000] {dag.py:3239} INFO - Sync 1 DAGs
[2026-09-08T07:16:16.560+0000] {logging_mixin.py:190} INFO - [2026-09-08T07:16:16.559+0000] {dag.py:4180} INFO - Setting next_dagrun for iris_pipeline_dag to None, run_after=None
[2026-09-08T07:16:16.583+0000] {processor.py:208} INFO - Processing /opt/airflow/dags/ml_01_iris_pipeline-3.py took 0.114 seconds
[2026-09-08T07:16:46.729+0000] {processor.py:186} INFO - Started process (PID=1182) to work on /opt/airflow/dags/ml_01_iris_pipeline-3.py
[2026-09-08T07:16:46.730+0000] {processor.py:914} INFO - Processing file /opt/airflow/dags/ml_01_iris_pipeline-3.py for tasks to queue
[2026-09-08T07:16:46.732+0000] {logging_mixin.py:190} INFO - [2026-09-08T07:16:46.731+0000] {dagbag.py:588} INFO - Filling up the DagBag from /opt/airflow/dags/ml_01_iris_pipeline-3.py
[2026-09-08T07:16:46.754+0000] {processor.py:925} INFO - DAG(s) 'iris_pipeline_dag' retrieved from /opt/airflow/dags/ml_01_iris_pipeline-3.py
[2026-09-08T07:16:46.789+0000] {logging_mixin.py:190} INFO - [2026-09-08T07:16:46.788+0000] {dag.py:3239} INFO - Sync 1 DAGs
[2026-09-08T07:16:46.804+0000] {logging_mixin.py:190} INFO - [2026-09-08T07:16:46.804+0000] {dag.py:4180} INFO - Setting next_dagrun for iris_pipeline_dag to None, run_after=None
[2026-09-08T07:16:46.830+0000] {processor.py:208} INFO - Processing /opt/airflow/dags/ml_01_iris_pipeline-3.py took 0.109 seconds
[2026-09-08T07:17:17.107+0000] {processor.py:186} INFO - Started process (PID=1196) to work on /opt/airflow/dags/ml_01_iris_pipeline-3.py
[2026-09-08T07:17:17.108+0000] {processor.py:914} INFO - Processing file /opt/airflow/dags/ml_01_iris_pipeline-3.py for tasks to queue
[2026-09-08T07:17:17.110+0000] {logging_mixin.py:190} INFO - [2026-09-08T07:17:17.110+0000] {dagbag.py:588} INFO - Filling up the DagBag from /opt/airflow/dags/ml_01_iris_pipeline-3.py
[2026-09-08T07:17:17.132+0000] {processor.py:925} INFO - DAG(s) 'iris_pipeline_dag' retrieved from /opt/airflow/dags/ml_01_iris_pipeline-3.py
[2026-09-08T07:17:17.172+0000] {logging_mixin.py:190} INFO - [2026-09-08T07:17:17.172+0000] {dag.py:3239} INFO - Sync 1 DAGs
[2026-09-08T07:17:17.190+0000] {logging_mixin.py:190} INFO - [2026-09-08T07:17:17.190+0000] {dag.py:4180} INFO - Setting next_dagrun for iris_pipeline_dag to None, run_after=None
[2026-09-08T07:17:17.214+0000] {processor.py:208} INFO - Processing /opt/airflow/dags/ml_01_iris_pipeline-3.py took 0.114 seconds
[2026-09-08T07:17:47.640+0000] {processor.py:186} INFO - Started process (PID=1210) to work on /opt/airflow/dags/ml_01_iris_pipeline-3.py
[2026-09-08T07:17:47.641+0000] {processor.py:914} INFO - Processing file /opt/airflow/dags/ml_01_iris_pipeline-3.py for tasks to queue
[2026-09-08T07:17:47.643+0000] {logging_mixin.py:190} INFO - [2026-09-08T07:17:47.642+0000] {dagbag.py:588} INFO - Filling up the DagBag from /opt/airflow/dags/ml_01_iris_pipeline-3.py
[2026-09-08T07:17:47.666+0000] {processor.py:925} INFO - DAG(s) 'iris_pipeline_dag' retrieved from /opt/airflow/dags/ml_01_iris_pipeline-3.py
[2026-09-08T07:17:47.703+0000] {logging_mixin.py:190} INFO - [2026-09-08T07:17:47.702+0000] {dag.py:3239} INFO - Sync 1 DAGs
[2026-09-08T07:17:47.719+0000] {logging_mixin.py:190} INFO - [2026-09-08T07:17:47.719+0000] {dag.py:4180} INFO - Setting next_dagrun for iris_pipeline_dag to None, run_after=None
[2026-09-08T07:17:47.741+0000] {processor.py:208} INFO - Processing /opt/airflow/dags/ml_01_iris_pipeline-3.py took 0.110 seconds
[2026-09-08T07:18:18.455+0000] {processor.py:186} INFO - Started process (PID=1223) to work on /opt/airflow/dags/ml_01_iris_pipeline-3.py
[2026-09-08T07:18:18.456+0000] {processor.py:914} INFO - Processing file /opt/airflow/dags/ml_01_iris_pipeline-3.py for tasks to queue
[2026-09-08T07:18:18.458+0000] {logging_mixin.py:190} INFO - [2026-09-08T07:18:18.457+0000] {dagbag.py:588} INFO - Filling up the DagBag from /opt/airflow/dags/ml_01_iris_pipeline-3.py
[2026-09-08T07:18:18.481+0000] {processor.py:925} INFO - DAG(s) 'iris_pipeline_dag' retrieved from /opt/airflow/dags/ml_01_iris_pipeline-3.py
[2026-09-08T07:18:18.525+0000] {logging_mixin.py:190} INFO - [2026-09-08T07:18:18.525+0000] {dag.py:3239} INFO - Sync 1 DAGs
[2026-09-08T07:18:18.545+0000] {logging_mixin.py:190} INFO - [2026-09-08T07:18:18.545+0000] {dag.py:4180} INFO - Setting next_dagrun for iris_pipeline_dag to None, run_after=None
[2026-09-08T07:18:18.570+0000] {processor.py:208} INFO - Processing /opt/airflow/dags/ml_01_iris_pipeline-3.py took 0.123 seconds
[2026-09-08T07:18:48.664+0000] {processor.py:186} INFO - Started process (PID=1236) to work on /opt/airflow/dags/ml_01_iris_pipeline-3.py
[2026-09-08T07:18:48.665+0000] {processor.py:914} INFO - Processing file /opt/airflow/dags/ml_01_iris_pipeline-3.py for tasks to queue
[2026-09-08T07:18:48.667+0000] {logging_mixin.py:190} INFO - [2026-09-08T07:18:48.667+0000] {dagbag.py:588} INFO - Filling up the DagBag from /opt/airflow/dags/ml_01_iris_pipeline-3.py
[2026-09-08T07:18:48.690+0000] {processor.py:925} INFO - DAG(s) 'iris_pipeline_dag' retrieved from /opt/airflow/dags/ml_01_iris_pipeline-3.py
[2026-09-08T07:18:48.727+0000] {logging_mixin.py:190} INFO - [2026-09-08T07:18:48.726+0000] {dag.py:3239} INFO - Sync 1 DAGs
[2026-09-08T07:18:48.743+0000] {logging_mixin.py:190} INFO - [2026-09-08T07:18:48.743+0000] {dag.py:4180} INFO - Setting next_dagrun for iris_pipeline_dag to None, run_after=None
[2026-09-08T07:18:48.766+0000] {processor.py:208} INFO - Processing /opt/airflow/dags/ml_01_iris_pipeline-3.py took 0.109 seconds
[2026-09-08T07:19:19.004+0000] {processor.py:186} INFO - Started process (PID=1250) to work on /opt/airflow/dags/ml_01_iris_pipeline-3.py
[2026-09-08T07:19:19.005+0000] {processor.py:914} INFO - Processing file /opt/airflow/dags/ml_01_iris_pipeline-3.py for tasks to queue
[2026-09-08T07:19:19.007+0000] {logging_mixin.py:190} INFO - [2026-09-08T07:19:19.006+0000] {dagbag.py:588} INFO - Filling up the DagBag from /opt/airflow/dags/ml_01_iris_pipeline-3.py
[2026-09-08T07:19:19.031+0000] {processor.py:925} INFO - DAG(s) 'iris_pipeline_dag' retrieved from /opt/airflow/dags/ml_01_iris_pipeline-3.py
[2026-09-08T07:19:19.071+0000] {logging_mixin.py:190} INFO - [2026-09-08T07:19:19.071+0000] {dag.py:3239} INFO - Sync 1 DAGs
[2026-09-08T07:19:19.101+0000] {logging_mixin.py:190} INFO - [2026-09-08T07:19:19.101+0000] {dag.py:4180} INFO - Setting next_dagrun for iris_pipeline_dag to None, run_after=None
[2026-09-08T07:19:19.124+0000] {processor.py:208} INFO - Processing /opt/airflow/dags/ml_01_iris_pipeline-3.py took 0.128 seconds
[2026-09-08T07:19:49.175+0000] {processor.py:186} INFO - Started process (PID=1264) to work on /opt/airflow/dags/ml_01_iris_pipeline-3.py
[2026-09-08T07:19:49.176+0000] {processor.py:914} INFO - Processing file /opt/airflow/dags/ml_01_iris_pipeline-3.py for tasks to queue
[2026-09-08T07:19:49.178+0000] {logging_mixin.py:190} INFO - [2026-09-08T07:19:49.178+0000] {dagbag.py:588} INFO - Filling up the DagBag from /opt/airflow/dags/ml_01_iris_pipeline-3.py
[2026-09-08T07:19:49.201+0000] {processor.py:925} INFO - DAG(s) 'iris_pipeline_dag' retrieved from /opt/airflow/dags/ml_01_iris_pipeline-3.py
[2026-09-08T07:19:49.235+0000] {logging_mixin.py:190} INFO - [2026-09-08T07:19:49.235+0000] {dag.py:3239} INFO - Sync 1 DAGs
[2026-09-08T07:19:49.251+0000] {logging_mixin.py:190} INFO - [2026-09-08T07:19:49.251+0000] {dag.py:4180} INFO - Setting next_dagrun for iris_pipeline_dag to None, run_after=None
[2026-09-08T07:19:49.276+0000] {processor.py:208} INFO - Processing /opt/airflow/dags/ml_01_iris_pipeline-3.py took 0.107 seconds
[2026-09-08T07:20:19.699+0000] {processor.py:186} INFO - Started process (PID=1278) to work on /opt/airflow/dags/ml_01_iris_pipeline-3.py
[2026-09-08T07:20:19.700+0000] {processor.py:914} INFO - Processing file /opt/airflow/dags/ml_01_iris_pipeline-3.py for tasks to queue
[2026-09-08T07:20:19.703+0000] {logging_mixin.py:190} INFO - [2026-09-08T07:20:19.702+0000] {dagbag.py:588} INFO - Filling up the DagBag from /opt/airflow/dags/ml_01_iris_pipeline-3.py
[2026-09-08T07:20:19.726+0000] {processor.py:925} INFO - DAG(s) 'iris_pipeline_dag' retrieved from /opt/airflow/dags/ml_01_iris_pipeline-3.py
[2026-09-08T07:20:19.765+0000] {logging_mixin.py:190} INFO - [2026-09-08T07:20:19.765+0000] {dag.py:3239} INFO - Sync 1 DAGs
[2026-09-08T07:20:19.930+0000] {logging_mixin.py:190} INFO - [2026-09-08T07:20:19.930+0000] {dag.py:4180} INFO - Setting next_dagrun for iris_pipeline_dag to None, run_after=None
[2026-09-08T07:20:19.952+0000] {processor.py:208} INFO - Processing /opt/airflow/dags/ml_01_iris_pipeline-3.py took 0.260 seconds
[2026-09-08T07:20:50.680+0000] {processor.py:186} INFO - Started process (PID=1292) to work on /opt/airflow/dags/ml_01_iris_pipeline-3.py
[2026-09-08T07:20:50.681+0000] {processor.py:914} INFO - Processing file /opt/airflow/dags/ml_01_iris_pipeline-3.py for tasks to queue
[2026-09-08T07:20:50.683+0000] {logging_mixin.py:190} INFO - [2026-09-08T07:20:50.683+0000] {dagbag.py:588} INFO - Filling up the DagBag from /opt/airflow/dags/ml_01_iris_pipeline-3.py
[2026-09-08T07:20:50.706+0000] {processor.py:925} INFO - DAG(s) 'iris_pipeline_dag' retrieved from /opt/airflow/dags/ml_01_iris_pipeline-3.py
[2026-09-08T07:20:51.078+0000] {logging_mixin.py:190} INFO - [2026-09-08T07:20:51.078+0000] {dag.py:3239} INFO - Sync 1 DAGs
[2026-09-08T07:20:51.095+0000] {logging_mixin.py:190} INFO - [2026-09-08T07:20:51.094+0000] {dag.py:4180} INFO - Setting next_dagrun for iris_pipeline_dag to None, run_after=None
[2026-09-08T07:20:51.119+0000] {processor.py:208} INFO - Processing /opt/airflow/dags/ml_01_iris_pipeline-3.py took 0.447 seconds
[2026-09-08T07:21:21.206+0000] {processor.py:186} INFO - Started process (PID=1306) to work on /opt/airflow/dags/ml_01_iris_pipeline-3.py
[2026-09-08T07:21:21.207+0000] {processor.py:914} INFO - Processing file /opt/airflow/dags/ml_01_iris_pipeline-3.py for tasks to queue
[2026-09-08T07:21:21.210+0000] {logging_mixin.py:190} INFO - [2026-09-08T07:21:21.209+0000] {dagbag.py:588} INFO - Filling up the DagBag from /opt/airflow/dags/ml_01_iris_pipeline-3.py
[2026-09-08T07:21:21.241+0000] {processor.py:925} INFO - DAG(s) 'iris_pipeline_dag' retrieved from /opt/airflow/dags/ml_01_iris_pipeline-3.py
[2026-09-08T07:21:21.285+0000] {logging_mixin.py:190} INFO - [2026-09-08T07:21:21.285+0000] {dag.py:3239} INFO - Sync 1 DAGs
[2026-09-08T07:21:21.304+0000] {logging_mixin.py:190} INFO - [2026-09-08T07:21:21.304+0000] {dag.py:4180} INFO - Setting next_dagrun for iris_pipeline_dag to None, run_after=None
[2026-09-08T07:21:21.330+0000] {processor.py:208} INFO - Processing /opt/airflow/dags/ml_01_iris_pipeline-3.py took 0.135 seconds
[2026-09-08T07:21:51.944+0000] {processor.py:186} INFO - Started process (PID=1320) to work on /opt/airflow/dags/ml_01_iris_pipeline-3.py
[2026-09-08T07:21:51.945+0000] {processor.py:914} INFO - Processing file /opt/airflow/dags/ml_01_iris_pipeline-3.py for tasks to queue
[2026-09-08T07:21:51.947+0000] {logging_mixin.py:190} INFO - [2026-09-08T07:21:51.947+0000] {dagbag.py:588} INFO - Filling up the DagBag from /opt/airflow/dags/ml_01_iris_pipeline-3.py
[2026-09-08T07:21:51.969+0000] {processor.py:925} INFO - DAG(s) 'iris_pipeline_dag' retrieved from /opt/airflow/dags/ml_01_iris_pipeline-3.py
[2026-09-08T07:21:52.006+0000] {logging_mixin.py:190} INFO - [2026-09-08T07:21:52.006+0000] {dag.py:3239} INFO - Sync 1 DAGs
[2026-09-08T07:21:52.025+0000] {logging_mixin.py:190} INFO - [2026-09-08T07:21:52.025+0000] {dag.py:4180} INFO - Setting next_dagrun for iris_pipeline_dag to None, run_after=None
[2026-09-08T07:21:52.047+0000] {processor.py:208} INFO - Processing /opt/airflow/dags/ml_01_iris_pipeline-3.py took 0.110 seconds
[2026-09-08T07:22:22.654+0000] {processor.py:186} INFO - Started process (PID=1334) to work on /opt/airflow/dags/ml_01_iris_pipeline-3.py
[2026-09-08T07:22:22.655+0000] {processor.py:914} INFO - Processing file /opt/airflow/dags/ml_01_iris_pipeline-3.py for tasks to queue
[2026-09-08T07:22:22.657+0000] {logging_mixin.py:190} INFO - [2026-09-08T07:22:22.657+0000] {dagbag.py:588} INFO - Filling up the DagBag from /opt/airflow/dags/ml_01_iris_pipeline-3.py
[2026-09-08T07:22:22.680+0000] {processor.py:925} INFO - DAG(s) 'iris_pipeline_dag' retrieved from /opt/airflow/dags/ml_01_iris_pipeline-3.py
[2026-09-08T07:22:22.714+0000] {logging_mixin.py:190} INFO - [2026-09-08T07:22:22.714+0000] {dag.py:3239} INFO - Sync 1 DAGs
[2026-09-08T07:22:22.731+0000] {logging_mixin.py:190} INFO - [2026-09-08T07:22:22.730+0000] {dag.py:4180} INFO - Setting next_dagrun for iris_pipeline_dag to None, run_after=None
[2026-09-08T07:22:22.752+0000] {processor.py:208} INFO - Processing /opt/airflow/dags/ml_01_iris_pipeline-3.py took 0.104 seconds
[2026-09-08T07:22:52.923+0000] {processor.py:186} INFO - Started process (PID=1348) to work on /opt/airflow/dags/ml_01_iris_pipeline-3.py
[2026-09-08T07:22:52.924+0000] {processor.py:914} INFO - Processing file /opt/airflow/dags/ml_01_iris_pipeline-3.py for tasks to queue
[2026-09-08T07:22:52.926+0000] {logging_mixin.py:190} INFO - [2026-09-08T07:22:52.925+0000] {dagbag.py:588} INFO - Filling up the DagBag from /opt/airflow/dags/ml_01_iris_pipeline-3.py
[2026-09-08T07:22:52.947+0000] {processor.py:925} INFO - DAG(s) 'iris_pipeline_dag' retrieved from /opt/airflow/dags/ml_01_iris_pipeline-3.py
[2026-09-08T07:22:52.981+0000] {logging_mixin.py:190} INFO - [2026-09-08T07:22:52.981+0000] {dag.py:3239} INFO - Sync 1 DAGs
[2026-09-08T07:22:52.997+0000] {logging_mixin.py:190} INFO - [2026-09-08T07:22:52.997+0000] {dag.py:4180} INFO - Setting next_dagrun for iris_pipeline_dag to None, run_after=None
[2026-09-08T07:22:53.019+0000] {processor.py:208} INFO - Processing /opt/airflow/dags/ml_01_iris_pipeline-3.py took 0.103 seconds
[2026-09-08T07:23:23.132+0000] {processor.py:186} INFO - Started process (PID=1362) to work on /opt/airflow/dags/ml_01_iris_pipeline-3.py
[2026-09-08T07:23:23.133+0000] {processor.py:914} INFO - Processing file /opt/airflow/dags/ml_01_iris_pipeline-3.py for tasks to queue
[2026-09-08T07:23:23.134+0000] {logging_mixin.py:190} INFO - [2026-09-08T07:23:23.134+0000] {dagbag.py:588} INFO - Filling up the DagBag from /opt/airflow/dags/ml_01_iris_pipeline-3.py
[2026-09-08T07:23:23.160+0000] {processor.py:925} INFO - DAG(s) 'iris_pipeline_dag' retrieved from /opt/airflow/dags/ml_01_iris_pipeline-3.py
[2026-09-08T07:23:23.290+0000] {logging_mixin.py:190} INFO - [2026-09-08T07:23:23.290+0000] {dag.py:3239} INFO - Sync 1 DAGs
[2026-09-08T07:23:23.308+0000] {logging_mixin.py:190} INFO - [2026-09-08T07:23:23.307+0000] {dag.py:4180} INFO - Setting next_dagrun for iris_pipeline_dag to None, run_after=None
[2026-09-08T07:23:23.328+0000] {processor.py:208} INFO - Processing /opt/airflow/dags/ml_01_iris_pipeline-3.py took 0.203 seconds
[2026-09-08T07:23:53.490+0000] {processor.py:186} INFO - Started process (PID=1376) to work on /opt/airflow/dags/ml_01_iris_pipeline-3.py
[2026-09-08T07:23:53.491+0000] {processor.py:914} INFO - Processing file /opt/airflow/dags/ml_01_iris_pipeline-3.py for tasks to queue
[2026-09-08T07:23:53.493+0000] {logging_mixin.py:190} INFO - [2026-09-08T07:23:53.493+0000] {dagbag.py:588} INFO - Filling up the DagBag from /opt/airflow/dags/ml_01_iris_pipeline-3.py
[2026-09-08T07:23:53.518+0000] {processor.py:925} INFO - DAG(s) 'iris_pipeline_dag' retrieved from /opt/airflow/dags/ml_01_iris_pipeline-3.py
[2026-09-08T07:23:53.556+0000] {logging_mixin.py:190} INFO - [2026-09-08T07:23:53.556+0000] {dag.py:3239} INFO - Sync 1 DAGs
[2026-09-08T07:23:53.574+0000] {logging_mixin.py:190} INFO - [2026-09-08T07:23:53.574+0000] {dag.py:4180} INFO - Setting next_dagrun for iris_pipeline_dag to None, run_after=None
[2026-09-08T07:23:53.597+0000] {processor.py:208} INFO - Processing /opt/airflow/dags/ml_01_iris_pipeline-3.py took 0.115 seconds
[2026-09-08T07:24:23.702+0000] {processor.py:186} INFO - Started process (PID=1390) to work on /opt/airflow/dags/ml_01_iris_pipeline-3.py
[2026-09-08T07:24:23.703+0000] {processor.py:914} INFO - Processing file /opt/airflow/dags/ml_01_iris_pipeline-3.py for tasks to queue
[2026-09-08T07:24:23.705+0000] {logging_mixin.py:190} INFO - [2026-09-08T07:24:23.705+0000] {dagbag.py:588} INFO - Filling up the DagBag from /opt/airflow/dags/ml_01_iris_pipeline-3.py
[2026-09-08T07:24:23.727+0000] {processor.py:925} INFO - DAG(s) 'iris_pipeline_dag' retrieved from /opt/airflow/dags/ml_01_iris_pipeline-3.py
[2026-09-08T07:24:23.760+0000] {logging_mixin.py:190} INFO - [2026-09-08T07:24:23.760+0000] {dag.py:3239} INFO - Sync 1 DAGs
[2026-09-08T07:24:23.776+0000] {logging_mixin.py:190} INFO - [2026-09-08T07:24:23.776+0000] {dag.py:4180} INFO - Setting next_dagrun for iris_pipeline_dag to None, run_after=None
[2026-09-08T07:24:23.797+0000] {processor.py:208} INFO - Processing /opt/airflow/dags/ml_01_iris_pipeline-3.py took 0.101 seconds
[2026-09-08T07:24:54.468+0000] {processor.py:186} INFO - Started process (PID=1404) to work on /opt/airflow/dags/ml_01_iris_pipeline-3.py
[2026-09-08T07:24:54.470+0000] {processor.py:914} INFO - Processing file /opt/airflow/dags/ml_01_iris_pipeline-3.py for tasks to queue
[2026-09-08T07:24:54.472+0000] {logging_mixin.py:190} INFO - [2026-09-08T07:24:54.471+0000] {dagbag.py:588} INFO - Filling up the DagBag from /opt/airflow/dags/ml_01_iris_pipeline-3.py
[2026-09-08T07:24:54.496+0000] {processor.py:925} INFO - DAG(s) 'iris_pipeline_dag' retrieved from /opt/airflow/dags/ml_01_iris_pipeline-3.py
[2026-09-08T07:24:54.537+0000] {logging_mixin.py:190} INFO - [2026-09-08T07:24:54.537+0000] {dag.py:3239} INFO - Sync 1 DAGs
[2026-09-08T07:24:54.564+0000] {logging_mixin.py:190} INFO - [2026-09-08T07:24:54.564+0000] {dag.py:4180} INFO - Setting next_dagrun for iris_pipeline_dag to None, run_after=None
[2026-09-08T07:24:54.590+0000] {processor.py:208} INFO - Processing /opt/airflow/dags/ml_01_iris_pipeline-3.py took 0.130 seconds
[2026-09-08T07:25:25.298+0000] {processor.py:186} INFO - Started process (PID=1418) to work on /opt/airflow/dags/ml_01_iris_pipeline-3.py
[2026-09-08T07:25:25.299+0000] {processor.py:914} INFO - Processing file /opt/airflow/dags/ml_01_iris_pipeline-3.py for tasks to queue
[2026-09-08T07:25:25.301+0000] {logging_mixin.py:190} INFO - [2026-09-08T07:25:25.300+0000] {dagbag.py:588} INFO - Filling up the DagBag from /opt/airflow/dags/ml_01_iris_pipeline-3.py
[2026-09-08T07:25:25.325+0000] {processor.py:925} INFO - DAG(s) 'iris_pipeline_dag' retrieved from /opt/airflow/dags/ml_01_iris_pipeline-3.py
[2026-09-08T07:25:25.364+0000] {logging_mixin.py:190} INFO - [2026-09-08T07:25:25.364+0000] {dag.py:3239} INFO - Sync 1 DAGs
[2026-09-08T07:25:25.382+0000] {logging_mixin.py:190} INFO - [2026-09-08T07:25:25.382+0000] {dag.py:4180} INFO - Setting next_dagrun for iris_pipeline_dag to None, run_after=None
[2026-09-08T07:25:25.405+0000] {processor.py:208} INFO - Processing /opt/airflow/dags/ml_01_iris_pipeline-3.py took 0.114 seconds
[2026-09-08T07:25:55.954+0000] {processor.py:186} INFO - Started process (PID=1432) to work on /opt/airflow/dags/ml_01_iris_pipeline-3.py
[2026-09-08T07:25:55.955+0000] {processor.py:914} INFO - Processing file /opt/airflow/dags/ml_01_iris_pipeline-3.py for tasks to queue
[2026-09-08T07:25:55.958+0000] {logging_mixin.py:190} INFO - [2026-09-08T07:25:55.957+0000] {dagbag.py:588} INFO - Filling up the DagBag from /opt/airflow/dags/ml_01_iris_pipeline-3.py
[2026-09-08T07:25:55.980+0000] {processor.py:925} INFO - DAG(s) 'iris_pipeline_dag' retrieved from /opt/airflow/dags/ml_01_iris_pipeline-3.py
[2026-09-08T07:25:56.016+0000] {logging_mixin.py:190} INFO - [2026-09-08T07:25:56.016+0000] {dag.py:3239} INFO - Sync 1 DAGs
[2026-09-08T07:25:56.035+0000] {logging_mixin.py:190} INFO - [2026-09-08T07:25:56.035+0000] {dag.py:4180} INFO - Setting next_dagrun for iris_pipeline_dag to None, run_after=None
[2026-09-08T07:25:56.057+0000] {processor.py:208} INFO - Processing /opt/airflow/dags/ml_01_iris_pipeline-3.py took 0.109 seconds
[2026-09-08T07:26:26.794+0000] {processor.py:186} INFO - Started process (PID=1446) to work on /opt/airflow/dags/ml_01_iris_pipeline-3.py
[2026-09-08T07:26:26.795+0000] {processor.py:914} INFO - Processing file /opt/airflow/dags/ml_01_iris_pipeline-3.py for tasks to queue
[2026-09-08T07:26:26.797+0000] {logging_mixin.py:190} INFO - [2026-09-08T07:26:26.796+0000] {dagbag.py:588} INFO - Filling up the DagBag from /opt/airflow/dags/ml_01_iris_pipeline-3.py
[2026-09-08T07:26:26.818+0000] {processor.py:925} INFO - DAG(s) 'iris_pipeline_dag' retrieved from /opt/airflow/dags/ml_01_iris_pipeline-3.py
[2026-09-08T07:26:26.852+0000] {logging_mixin.py:190} INFO - [2026-09-08T07:26:26.851+0000] {dag.py:3239} INFO - Sync 1 DAGs
[2026-09-08T07:26:26.871+0000] {logging_mixin.py:190} INFO - [2026-09-08T07:26:26.871+0000] {dag.py:4180} INFO - Setting next_dagrun for iris_pipeline_dag to None, run_after=None
[2026-09-08T07:26:26.894+0000] {processor.py:208} INFO - Processing /opt/airflow/dags/ml_01_iris_pipeline-3.py took 0.106 seconds
[2026-09-08T07:26:57.472+0000] {processor.py:186} INFO - Started process (PID=1460) to work on /opt/airflow/dags/ml_01_iris_pipeline-3.py
[2026-09-08T07:26:57.473+0000] {processor.py:914} INFO - Processing file /opt/airflow/dags/ml_01_iris_pipeline-3.py for tasks to queue
[2026-09-08T07:26:57.475+0000] {logging_mixin.py:190} INFO - [2026-09-08T07:26:57.475+0000] {dagbag.py:588} INFO - Filling up the DagBag from /opt/airflow/dags/ml_01_iris_pipeline-3.py
[2026-09-08T07:26:57.500+0000] {processor.py:925} INFO - DAG(s) 'iris_pipeline_dag' retrieved from /opt/airflow/dags/ml_01_iris_pipeline-3.py
[2026-09-08T07:26:57.542+0000] {logging_mixin.py:190} INFO - [2026-09-08T07:26:57.542+0000] {dag.py:3239} INFO - Sync 1 DAGs
[2026-09-08T07:26:57.564+0000] {logging_mixin.py:190} INFO - [2026-09-08T07:26:57.563+0000] {dag.py:4180} INFO - Setting next_dagrun for iris_pipeline_dag to None, run_after=None
[2026-09-08T07:26:57.586+0000] {processor.py:208} INFO - Processing /opt/airflow/dags/ml_01_iris_pipeline-3.py took 0.121 seconds
[2026-09-08T07:27:27.648+0000] {processor.py:186} INFO - Started process (PID=1474) to work on /opt/airflow/dags/ml_01_iris_pipeline-3.py
[2026-09-08T07:27:27.649+0000] {processor.py:914} INFO - Processing file /opt/airflow/dags/ml_01_iris_pipeline-3.py for tasks to queue
[2026-09-08T07:27:27.652+0000] {logging_mixin.py:190} INFO - [2026-09-08T07:27:27.651+0000] {dagbag.py:588} INFO - Filling up the DagBag from /opt/airflow/dags/ml_01_iris_pipeline-3.py
[2026-09-08T07:27:27.675+0000] {processor.py:925} INFO - DAG(s) 'iris_pipeline_dag' retrieved from /opt/airflow/dags/ml_01_iris_pipeline-3.py
[2026-09-08T07:27:27.709+0000] {logging_mixin.py:190} INFO - [2026-09-08T07:27:27.709+0000] {dag.py:3239} INFO - Sync 1 DAGs
[2026-09-08T07:27:27.725+0000] {logging_mixin.py:190} INFO - [2026-09-08T07:27:27.725+0000] {dag.py:4180} INFO - Setting next_dagrun for iris_pipeline_dag to None, run_after=None
[2026-09-08T07:27:27.747+0000] {processor.py:208} INFO - Processing /opt/airflow/dags/ml_01_iris_pipeline-3.py took 0.111 seconds
[2026-09-08T07:27:58.465+0000] {processor.py:186} INFO - Started process (PID=1488) to work on /opt/airflow/dags/ml_01_iris_pipeline-3.py
[2026-09-08T07:27:58.466+0000] {processor.py:914} INFO - Processing file /opt/airflow/dags/ml_01_iris_pipeline-3.py for tasks to queue
[2026-09-08T07:27:58.468+0000] {logging_mixin.py:190} INFO - [2026-09-08T07:27:58.468+0000] {dagbag.py:588} INFO - Filling up the DagBag from /opt/airflow/dags/ml_01_iris_pipeline-3.py
[2026-09-08T07:27:58.495+0000] {processor.py:925} INFO - DAG(s) 'iris_pipeline_dag' retrieved from /opt/airflow/dags/ml_01_iris_pipeline-3.py
[2026-09-08T07:27:58.534+0000] {logging_mixin.py:190} INFO - [2026-09-08T07:27:58.534+0000] {dag.py:3239} INFO - Sync 1 DAGs
[2026-09-08T07:27:58.566+0000] {logging_mixin.py:190} INFO - [2026-09-08T07:27:58.566+0000] {dag.py:4180} INFO - Setting next_dagrun for iris_pipeline_dag to None, run_after=None
[2026-09-08T07:27:58.589+0000] {processor.py:208} INFO - Processing /opt/airflow/dags/ml_01_iris_pipeline-3.py took 0.134 seconds
[2026-09-08T07:28:28.756+0000] {processor.py:186} INFO - Started process (PID=1502) to work on /opt/airflow/dags/ml_01_iris_pipeline-3.py
[2026-09-08T07:28:28.757+0000] {processor.py:914} INFO - Processing file /opt/airflow/dags/ml_01_iris_pipeline-3.py for tasks to queue
[2026-09-08T07:28:28.759+0000] {logging_mixin.py:190} INFO - [2026-09-08T07:28:28.758+0000] {dagbag.py:588} INFO - Filling up the DagBag from /opt/airflow/dags/ml_01_iris_pipeline-3.py
[2026-09-08T07:28:28.786+0000] {processor.py:925} INFO - DAG(s) 'iris_pipeline_dag' retrieved from /opt/airflow/dags/ml_01_iris_pipeline-3.py
[2026-09-08T07:28:28.825+0000] {logging_mixin.py:190} INFO - [2026-09-08T07:28:28.824+0000] {dag.py:3239} INFO - Sync 1 DAGs
[2026-09-08T07:28:28.847+0000] {logging_mixin.py:190} INFO - [2026-09-08T07:28:28.847+0000] {dag.py:4180} INFO - Setting next_dagrun for iris_pipeline_dag to None, run_after=None
[2026-09-08T07:28:28.875+0000] {processor.py:208} INFO - Processing /opt/airflow/dags/ml_01_iris_pipeline-3.py took 0.126 seconds
[2026-09-08T07:28:58.963+0000] {processor.py:186} INFO - Started process (PID=1516) to work on /opt/airflow/dags/ml_01_iris_pipeline-3.py
[2026-09-08T07:28:58.964+0000] {processor.py:914} INFO - Processing file /opt/airflow/dags/ml_01_iris_pipeline-3.py for tasks to queue
[2026-09-08T07:28:58.966+0000] {logging_mixin.py:190} INFO - [2026-09-08T07:28:58.966+0000] {dagbag.py:588} INFO - Filling up the DagBag from /opt/airflow/dags/ml_01_iris_pipeline-3.py
[2026-09-08T07:28:58.990+0000] {processor.py:925} INFO - DAG(s) 'iris_pipeline_dag' retrieved from /opt/airflow/dags/ml_01_iris_pipeline-3.py
[2026-09-08T07:28:59.028+0000] {logging_mixin.py:190} INFO - [2026-09-08T07:28:59.027+0000] {dag.py:3239} INFO - Sync 1 DAGs
[2026-09-08T07:28:59.047+0000] {logging_mixin.py:190} INFO - [2026-09-08T07:28:59.046+0000] {dag.py:4180} INFO - Setting next_dagrun for iris_pipeline_dag to None, run_after=None
[2026-09-08T07:28:59.070+0000] {processor.py:208} INFO - Processing /opt/airflow/dags/ml_01_iris_pipeline-3.py took 0.113 seconds
[2026-09-08T07:29:29.274+0000] {processor.py:186} INFO - Started process (PID=1530) to work on /opt/airflow/dags/ml_01_iris_pipeline-3.py
[2026-09-08T07:29:29.275+0000] {processor.py:914} INFO - Processing file /opt/airflow/dags/ml_01_iris_pipeline-3.py for tasks to queue
[2026-09-08T07:29:29.277+0000] {logging_mixin.py:190} INFO - [2026-09-08T07:29:29.277+0000] {dagbag.py:588} INFO - Filling up the DagBag from /opt/airflow/dags/ml_01_iris_pipeline-3.py
[2026-09-08T07:29:29.301+0000] {processor.py:925} INFO - DAG(s) 'iris_pipeline_dag' retrieved from /opt/airflow/dags/ml_01_iris_pipeline-3.py
[2026-09-08T07:29:29.338+0000] {logging_mixin.py:190} INFO - [2026-09-08T07:29:29.338+0000] {dag.py:3239} INFO - Sync 1 DAGs
[2026-09-08T07:29:29.356+0000] {logging_mixin.py:190} INFO - [2026-09-08T07:29:29.356+0000] {dag.py:4180} INFO - Setting next_dagrun for iris_pipeline_dag to None, run_after=None
[2026-09-08T07:29:29.377+0000] {processor.py:208} INFO - Processing /opt/airflow/dags/ml_01_iris_pipeline-3.py took 0.110 seconds
[2026-09-08T07:29:59.496+0000] {processor.py:186} INFO - Started process (PID=1544) to work on /opt/airflow/dags/ml_01_iris_pipeline-3.py
[2026-09-08T07:29:59.497+0000] {processor.py:914} INFO - Processing file /opt/airflow/dags/ml_01_iris_pipeline-3.py for tasks to queue
[2026-09-08T07:29:59.499+0000] {logging_mixin.py:190} INFO - [2026-09-08T07:29:59.499+0000] {dagbag.py:588} INFO - Filling up the DagBag from /opt/airflow/dags/ml_01_iris_pipeline-3.py
[2026-09-08T07:29:59.522+0000] {processor.py:925} INFO - DAG(s) 'iris_pipeline_dag' retrieved from /opt/airflow/dags/ml_01_iris_pipeline-3.py
[2026-09-08T07:29:59.560+0000] {logging_mixin.py:190} INFO - [2026-09-08T07:29:59.560+0000] {dag.py:3239} INFO - Sync 1 DAGs
[2026-09-08T07:29:59.578+0000] {logging_mixin.py:190} INFO - [2026-09-08T07:29:59.577+0000] {dag.py:4180} INFO - Setting next_dagrun for iris_pipeline_dag to None, run_after=None
[2026-09-08T07:29:59.601+0000] {processor.py:208} INFO - Processing /opt/airflow/dags/ml_01_iris_pipeline-3.py took 0.111 seconds
[2026-09-08T07:30:29.737+0000] {processor.py:186} INFO - Started process (PID=1558) to work on /opt/airflow/dags/ml_01_iris_pipeline-3.py
[2026-09-08T07:30:29.738+0000] {processor.py:914} INFO - Processing file /opt/airflow/dags/ml_01_iris_pipeline-3.py for tasks to queue
[2026-09-08T07:30:29.740+0000] {logging_mixin.py:190} INFO - [2026-09-08T07:30:29.740+0000] {dagbag.py:588} INFO - Filling up the DagBag from /opt/airflow/dags/ml_01_iris_pipeline-3.py
[2026-09-08T07:30:29.765+0000] {processor.py:925} INFO - DAG(s) 'iris_pipeline_dag' retrieved from /opt/airflow/dags/ml_01_iris_pipeline-3.py
[2026-09-08T07:30:29.804+0000] {logging_mixin.py:190} INFO - [2026-09-08T07:30:29.804+0000] {dag.py:3239} INFO - Sync 1 DAGs
[2026-09-08T07:30:29.822+0000] {logging_mixin.py:190} INFO - [2026-09-08T07:30:29.822+0000] {dag.py:4180} INFO - Setting next_dagrun for iris_pipeline_dag to None, run_after=None
[2026-09-08T07:30:29.844+0000] {processor.py:208} INFO - Processing /opt/airflow/dags/ml_01_iris_pipeline-3.py took 0.117 seconds
[2026-09-08T07:31:00.013+0000] {processor.py:186} INFO - Started process (PID=1572) to work on /opt/airflow/dags/ml_01_iris_pipeline-3.py
[2026-09-08T07:31:00.014+0000] {processor.py:914} INFO - Processing file /opt/airflow/dags/ml_01_iris_pipeline-3.py for tasks to queue
[2026-09-08T07:31:00.016+0000] {logging_mixin.py:190} INFO - [2026-09-08T07:31:00.016+0000] {dagbag.py:588} INFO - Filling up the DagBag from /opt/airflow/dags/ml_01_iris_pipeline-3.py
[2026-09-08T07:31:00.041+0000] {processor.py:925} INFO - DAG(s) 'iris_pipeline_dag' retrieved from /opt/airflow/dags/ml_01_iris_pipeline-3.py
[2026-09-08T07:31:00.080+0000] {logging_mixin.py:190} INFO - [2026-09-08T07:31:00.080+0000] {dag.py:3239} INFO - Sync 1 DAGs
[2026-09-08T07:31:00.098+0000] {logging_mixin.py:190} INFO - [2026-09-08T07:31:00.097+0000] {dag.py:4180} INFO - Setting next_dagrun for iris_pipeline_dag to None, run_after=None
[2026-09-08T07:31:00.120+0000] {processor.py:208} INFO - Processing /opt/airflow/dags/ml_01_iris_pipeline-3.py took 0.116 seconds
[2026-09-08T07:31:30.250+0000] {processor.py:186} INFO - Started process (PID=1586) to work on /opt/airflow/dags/ml_01_iris_pipeline-3.py
[2026-09-08T07:31:30.251+0000] {processor.py:914} INFO - Processing file /opt/airflow/dags/ml_01_iris_pipeline-3.py for tasks to queue
[2026-09-08T07:31:30.254+0000] {logging_mixin.py:190} INFO - [2026-09-08T07:31:30.253+0000] {dagbag.py:588} INFO - Filling up the DagBag from /opt/airflow/dags/ml_01_iris_pipeline-3.py
[2026-09-08T07:31:30.279+0000] {processor.py:925} INFO - DAG(s) 'iris_pipeline_dag' retrieved from /opt/airflow/dags/ml_01_iris_pipeline-3.py
[2026-09-08T07:31:30.320+0000] {logging_mixin.py:190} INFO - [2026-09-08T07:31:30.320+0000] {dag.py:3239} INFO - Sync 1 DAGs
[2026-09-08T07:31:30.341+0000] {logging_mixin.py:190} INFO - [2026-09-08T07:31:30.341+0000] {dag.py:4180} INFO - Setting next_dagrun for iris_pipeline_dag to None, run_after=None
[2026-09-08T07:31:30.366+0000] {processor.py:208} INFO - Processing /opt/airflow/dags/ml_01_iris_pipeline-3.py took 0.125 seconds
[2026-09-08T07:32:00.500+0000] {processor.py:186} INFO - Started process (PID=1600) to work on /opt/airflow/dags/ml_01_iris_pipeline-3.py
[2026-09-08T07:32:00.501+0000] {processor.py:914} INFO - Processing file /opt/airflow/dags/ml_01_iris_pipeline-3.py for tasks to queue
[2026-09-08T07:32:00.503+0000] {logging_mixin.py:190} INFO - [2026-09-08T07:32:00.503+0000] {dagbag.py:588} INFO - Filling up the DagBag from /opt/airflow/dags/ml_01_iris_pipeline-3.py
[2026-09-08T07:32:00.526+0000] {processor.py:925} INFO - DAG(s) 'iris_pipeline_dag' retrieved from /opt/airflow/dags/ml_01_iris_pipeline-3.py
[2026-09-08T07:32:00.564+0000] {logging_mixin.py:190} INFO - [2026-09-08T07:32:00.564+0000] {dag.py:3239} INFO - Sync 1 DAGs
[2026-09-08T07:32:00.583+0000] {logging_mixin.py:190} INFO - [2026-09-08T07:32:00.583+0000] {dag.py:4180} INFO - Setting next_dagrun for iris_pipeline_dag to None, run_after=None
[2026-09-08T07:32:00.606+0000] {processor.py:208} INFO - Processing /opt/airflow/dags/ml_01_iris_pipeline-3.py took 0.112 seconds
[2026-09-08T07:32:30.873+0000] {processor.py:186} INFO - Started process (PID=1614) to work on /opt/airflow/dags/ml_01_iris_pipeline-3.py
[2026-09-08T07:32:30.875+0000] {processor.py:914} INFO - Processing file /opt/airflow/dags/ml_01_iris_pipeline-3.py for tasks to queue
[2026-09-08T07:32:30.876+0000] {logging_mixin.py:190} INFO - [2026-09-08T07:32:30.876+0000] {dagbag.py:588} INFO - Filling up the DagBag from /opt/airflow/dags/ml_01_iris_pipeline-3.py
[2026-09-08T07:32:30.898+0000] {processor.py:925} INFO - DAG(s) 'iris_pipeline_dag' retrieved from /opt/airflow/dags/ml_01_iris_pipeline-3.py
[2026-09-08T07:32:30.933+0000] {logging_mixin.py:190} INFO - [2026-09-08T07:32:30.933+0000] {dag.py:3239} INFO - Sync 1 DAGs
[2026-09-08T07:32:30.949+0000] {logging_mixin.py:190} INFO - [2026-09-08T07:32:30.949+0000] {dag.py:4180} INFO - Setting next_dagrun for iris_pipeline_dag to None, run_after=None
[2026-09-08T07:32:30.972+0000] {processor.py:208} INFO - Processing /opt/airflow/dags/ml_01_iris_pipeline-3.py took 0.106 seconds
[2026-09-08T07:33:01.027+0000] {processor.py:186} INFO - Started process (PID=1628) to work on /opt/airflow/dags/ml_01_iris_pipeline-3.py
[2026-09-08T07:33:01.029+0000] {processor.py:914} INFO - Processing file /opt/airflow/dags/ml_01_iris_pipeline-3.py for tasks to queue
[2026-09-08T07:33:01.031+0000] {logging_mixin.py:190} INFO - [2026-09-08T07:33:01.031+0000] {dagbag.py:588} INFO - Filling up the DagBag from /opt/airflow/dags/ml_01_iris_pipeline-3.py
[2026-09-08T07:33:01.055+0000] {processor.py:925} INFO - DAG(s) 'iris_pipeline_dag' retrieved from /opt/airflow/dags/ml_01_iris_pipeline-3.py
[2026-09-08T07:33:01.094+0000] {logging_mixin.py:190} INFO - [2026-09-08T07:33:01.094+0000] {dag.py:3239} INFO - Sync 1 DAGs
[2026-09-08T07:33:01.111+0000] {logging_mixin.py:190} INFO - [2026-09-08T07:33:01.110+0000] {dag.py:4180} INFO - Setting next_dagrun for iris_pipeline_dag to None, run_after=None
[2026-09-08T07:33:01.132+0000] {processor.py:208} INFO - Processing /opt/airflow/dags/ml_01_iris_pipeline-3.py took 0.112 seconds
[2026-09-08T07:33:31.305+0000] {processor.py:186} INFO - Started process (PID=1642) to work on /opt/airflow/dags/ml_01_iris_pipeline-3.py
[2026-09-08T07:33:31.306+0000] {processor.py:914} INFO - Processing file /opt/airflow/dags/ml_01_iris_pipeline-3.py for tasks to queue
[2026-09-08T07:33:31.308+0000] {logging_mixin.py:190} INFO - [2026-09-08T07:33:31.307+0000] {dagbag.py:588} INFO - Filling up the DagBag from /opt/airflow/dags/ml_01_iris_pipeline-3.py
[2026-09-08T07:33:31.331+0000] {processor.py:925} INFO - DAG(s) 'iris_pipeline_dag' retrieved from /opt/airflow/dags/ml_01_iris_pipeline-3.py
[2026-09-08T07:33:31.369+0000] {logging_mixin.py:190} INFO - [2026-09-08T07:33:31.368+0000] {dag.py:3239} INFO - Sync 1 DAGs
[2026-09-08T07:33:31.386+0000] {logging_mixin.py:190} INFO - [2026-09-08T07:33:31.386+0000] {dag.py:4180} INFO - Setting next_dagrun for iris_pipeline_dag to None, run_after=None
[2026-09-08T07:33:31.407+0000] {processor.py:208} INFO - Processing /opt/airflow/dags/ml_01_iris_pipeline-3.py took 0.109 seconds
[2026-09-08T07:34:01.686+0000] {processor.py:186} INFO - Started process (PID=1656) to work on /opt/airflow/dags/ml_01_iris_pipeline-3.py
[2026-09-08T07:34:01.687+0000] {processor.py:914} INFO - Processing file /opt/airflow/dags/ml_01_iris_pipeline-3.py for tasks to queue
[2026-09-08T07:34:01.688+0000] {logging_mixin.py:190} INFO - [2026-09-08T07:34:01.688+0000] {dagbag.py:588} INFO - Filling up the DagBag from /opt/airflow/dags/ml_01_iris_pipeline-3.py
[2026-09-08T07:34:01.711+0000] {processor.py:925} INFO - DAG(s) 'iris_pipeline_dag' retrieved from /opt/airflow/dags/ml_01_iris_pipeline-3.py
[2026-09-08T07:34:01.746+0000] {logging_mixin.py:190} INFO - [2026-09-08T07:34:01.746+0000] {dag.py:3239} INFO - Sync 1 DAGs
[2026-09-08T07:34:01.762+0000] {logging_mixin.py:190} INFO - [2026-09-08T07:34:01.761+0000] {dag.py:4180} INFO - Setting next_dagrun for iris_pipeline_dag to None, run_after=None
[2026-09-08T07:34:01.785+0000] {processor.py:208} INFO - Processing /opt/airflow/dags/ml_01_iris_pipeline-3.py took 0.106 seconds
[2026-09-08T07:34:31.861+0000] {processor.py:186} INFO - Started process (PID=1670) to work on /opt/airflow/dags/ml_01_iris_pipeline-3.py
[2026-09-08T07:34:31.862+0000] {processor.py:914} INFO - Processing file /opt/airflow/dags/ml_01_iris_pipeline-3.py for tasks to queue
[2026-09-08T07:34:31.864+0000] {logging_mixin.py:190} INFO - [2026-09-08T07:34:31.863+0000] {dagbag.py:588} INFO - Filling up the DagBag from /opt/airflow/dags/ml_01_iris_pipeline-3.py
[2026-09-08T07:34:31.885+0000] {processor.py:925} INFO - DAG(s) 'iris_pipeline_dag' retrieved from /opt/airflow/dags/ml_01_iris_pipeline-3.py
[2026-09-08T07:34:31.923+0000] {logging_mixin.py:190} INFO - [2026-09-08T07:34:31.922+0000] {dag.py:3239} INFO - Sync 1 DAGs
[2026-09-08T07:34:31.941+0000] {logging_mixin.py:190} INFO - [2026-09-08T07:34:31.941+0000] {dag.py:4180} INFO - Setting next_dagrun for iris_pipeline_dag to None, run_after=None
[2026-09-08T07:34:31.964+0000] {processor.py:208} INFO - Processing /opt/airflow/dags/ml_01_iris_pipeline-3.py took 0.110 seconds
[2026-09-08T07:35:02.194+0000] {processor.py:186} INFO - Started process (PID=1684) to work on /opt/airflow/dags/ml_01_iris_pipeline-3.py
[2026-09-08T07:35:02.196+0000] {processor.py:914} INFO - Processing file /opt/airflow/dags/ml_01_iris_pipeline-3.py for tasks to queue
[2026-09-08T07:35:02.199+0000] {logging_mixin.py:190} INFO - [2026-09-08T07:35:02.198+0000] {dagbag.py:588} INFO - Filling up the DagBag from /opt/airflow/dags/ml_01_iris_pipeline-3.py
[2026-09-08T07:35:02.229+0000] {processor.py:925} INFO - DAG(s) 'iris_pipeline_dag' retrieved from /opt/airflow/dags/ml_01_iris_pipeline-3.py
[2026-09-08T07:35:02.276+0000] {logging_mixin.py:190} INFO - [2026-09-08T07:35:02.276+0000] {dag.py:3239} INFO - Sync 1 DAGs
[2026-09-08T07:35:02.298+0000] {logging_mixin.py:190} INFO - [2026-09-08T07:35:02.298+0000] {dag.py:4180} INFO - Setting next_dagrun for iris_pipeline_dag to None, run_after=None
[2026-09-08T07:35:02.330+0000] {processor.py:208} INFO - Processing /opt/airflow/dags/ml_01_iris_pipeline-3.py took 0.145 seconds
[2026-09-08T07:35:32.998+0000] {processor.py:186} INFO - Started process (PID=1698) to work on /opt/airflow/dags/ml_01_iris_pipeline-3.py
[2026-09-08T07:35:32.999+0000] {processor.py:914} INFO - Processing file /opt/airflow/dags/ml_01_iris_pipeline-3.py for tasks to queue
[2026-09-08T07:35:33.001+0000] {logging_mixin.py:190} INFO - [2026-09-08T07:35:33.001+0000] {dagbag.py:588} INFO - Filling up the DagBag from /opt/airflow/dags/ml_01_iris_pipeline-3.py
[2026-09-08T07:35:33.023+0000] {processor.py:925} INFO - DAG(s) 'iris_pipeline_dag' retrieved from /opt/airflow/dags/ml_01_iris_pipeline-3.py
[2026-09-08T07:35:33.057+0000] {logging_mixin.py:190} INFO - [2026-09-08T07:35:33.057+0000] {dag.py:3239} INFO - Sync 1 DAGs
[2026-09-08T07:35:33.073+0000] {logging_mixin.py:190} INFO - [2026-09-08T07:35:33.072+0000] {dag.py:4180} INFO - Setting next_dagrun for iris_pipeline_dag to None, run_after=None
[2026-09-08T07:35:33.094+0000] {processor.py:208} INFO - Processing /opt/airflow/dags/ml_01_iris_pipeline-3.py took 0.102 seconds
[2026-09-08T07:36:03.182+0000] {processor.py:186} INFO - Started process (PID=1712) to work on /opt/airflow/dags/ml_01_iris_pipeline-3.py
[2026-09-08T07:36:03.183+0000] {processor.py:914} INFO - Processing file /opt/airflow/dags/ml_01_iris_pipeline-3.py for tasks to queue
[2026-09-08T07:36:03.185+0000] {logging_mixin.py:190} INFO - [2026-09-08T07:36:03.184+0000] {dagbag.py:588} INFO - Filling up the DagBag from /opt/airflow/dags/ml_01_iris_pipeline-3.py
[2026-09-08T07:36:03.207+0000] {processor.py:925} INFO - DAG(s) 'iris_pipeline_dag' retrieved from /opt/airflow/dags/ml_01_iris_pipeline-3.py
[2026-09-08T07:36:03.241+0000] {logging_mixin.py:190} INFO - [2026-09-08T07:36:03.241+0000] {dag.py:3239} INFO - Sync 1 DAGs
[2026-09-08T07:36:03.257+0000] {logging_mixin.py:190} INFO - [2026-09-08T07:36:03.256+0000] {dag.py:4180} INFO - Setting next_dagrun for iris_pipeline_dag to None, run_after=None
[2026-09-08T07:36:03.279+0000] {processor.py:208} INFO - Processing /opt/airflow/dags/ml_01_iris_pipeline-3.py took 0.104 seconds
[2026-09-08T07:36:33.530+0000] {processor.py:186} INFO - Started process (PID=1726) to work on /opt/airflow/dags/ml_01_iris_pipeline-3.py
[2026-09-08T07:36:33.531+0000] {processor.py:914} INFO - Processing file /opt/airflow/dags/ml_01_iris_pipeline-3.py for tasks to queue
[2026-09-08T07:36:33.533+0000] {logging_mixin.py:190} INFO - [2026-09-08T07:36:33.533+0000] {dagbag.py:588} INFO - Filling up the DagBag from /opt/airflow/dags/ml_01_iris_pipeline-3.py
[2026-09-08T07:36:33.558+0000] {processor.py:925} INFO - DAG(s) 'iris_pipeline_dag' retrieved from /opt/airflow/dags/ml_01_iris_pipeline-3.py
[2026-09-08T07:36:33.605+0000] {logging_mixin.py:190} INFO - [2026-09-08T07:36:33.604+0000] {dag.py:3239} INFO - Sync 1 DAGs
[2026-09-08T07:36:33.625+0000] {logging_mixin.py:190} INFO - [2026-09-08T07:36:33.625+0000] {dag.py:4180} INFO - Setting next_dagrun for iris_pipeline_dag to None, run_after=None
[2026-09-08T07:36:33.650+0000] {processor.py:208} INFO - Processing /opt/airflow/dags/ml_01_iris_pipeline-3.py took 0.126 seconds
[2026-09-08T07:37:04.224+0000] {processor.py:186} INFO - Started process (PID=1740) to work on /opt/airflow/dags/ml_01_iris_pipeline-3.py
[2026-09-08T07:37:04.225+0000] {processor.py:914} INFO - Processing file /opt/airflow/dags/ml_01_iris_pipeline-3.py for tasks to queue
[2026-09-08T07:37:04.227+0000] {logging_mixin.py:190} INFO - [2026-09-08T07:37:04.227+0000] {dagbag.py:588} INFO - Filling up the DagBag from /opt/airflow/dags/ml_01_iris_pipeline-3.py
[2026-09-08T07:37:04.249+0000] {processor.py:925} INFO - DAG(s) 'iris_pipeline_dag' retrieved from /opt/airflow/dags/ml_01_iris_pipeline-3.py
[2026-09-08T07:37:04.284+0000] {logging_mixin.py:190} INFO - [2026-09-08T07:37:04.283+0000] {dag.py:3239} INFO - Sync 1 DAGs
[2026-09-08T07:37:04.299+0000] {logging_mixin.py:190} INFO - [2026-09-08T07:37:04.299+0000] {dag.py:4180} INFO - Setting next_dagrun for iris_pipeline_dag to None, run_after=None
[2026-09-08T07:37:04.320+0000] {processor.py:208} INFO - Processing /opt/airflow/dags/ml_01_iris_pipeline-3.py took 0.103 seconds
[2026-09-08T07:37:34.376+0000] {processor.py:186} INFO - Started process (PID=1754) to work on /opt/airflow/dags/ml_01_iris_pipeline-3.py
[2026-09-08T07:37:34.377+0000] {processor.py:914} INFO - Processing file /opt/airflow/dags/ml_01_iris_pipeline-3.py for tasks to queue
[2026-09-08T07:37:34.379+0000] {logging_mixin.py:190} INFO - [2026-09-08T07:37:34.379+0000] {dagbag.py:588} INFO - Filling up the DagBag from /opt/airflow/dags/ml_01_iris_pipeline-3.py
[2026-09-08T07:37:34.401+0000] {processor.py:925} INFO - DAG(s) 'iris_pipeline_dag' retrieved from /opt/airflow/dags/ml_01_iris_pipeline-3.py
[2026-09-08T07:37:34.437+0000] {logging_mixin.py:190} INFO - [2026-09-08T07:37:34.436+0000] {dag.py:3239} INFO - Sync 1 DAGs
[2026-09-08T07:37:34.452+0000] {logging_mixin.py:190} INFO - [2026-09-08T07:37:34.452+0000] {dag.py:4180} INFO - Setting next_dagrun for iris_pipeline_dag to None, run_after=None
[2026-09-08T07:37:34.474+0000] {processor.py:208} INFO - Processing /opt/airflow/dags/ml_01_iris_pipeline-3.py took 0.105 seconds
[2026-09-08T07:38:04.848+0000] {processor.py:186} INFO - Started process (PID=1768) to work on /opt/airflow/dags/ml_01_iris_pipeline-3.py
[2026-09-08T07:38:04.849+0000] {processor.py:914} INFO - Processing file /opt/airflow/dags/ml_01_iris_pipeline-3.py for tasks to queue
[2026-09-08T07:38:04.850+0000] {logging_mixin.py:190} INFO - [2026-09-08T07:38:04.850+0000] {dagbag.py:588} INFO - Filling up the DagBag from /opt/airflow/dags/ml_01_iris_pipeline-3.py
[2026-09-08T07:38:04.874+0000] {processor.py:925} INFO - DAG(s) 'iris_pipeline_dag' retrieved from /opt/airflow/dags/ml_01_iris_pipeline-3.py
[2026-09-08T07:38:04.913+0000] {logging_mixin.py:190} INFO - [2026-09-08T07:38:04.913+0000] {dag.py:3239} INFO - Sync 1 DAGs
[2026-09-08T07:38:04.931+0000] {logging_mixin.py:190} INFO - [2026-09-08T07:38:04.931+0000] {dag.py:4180} INFO - Setting next_dagrun for iris_pipeline_dag to None, run_after=None
[2026-09-08T07:38:04.957+0000] {processor.py:208} INFO - Processing /opt/airflow/dags/ml_01_iris_pipeline-3.py took 0.117 seconds
[2026-09-08T07:38:35.621+0000] {processor.py:186} INFO - Started process (PID=1782) to work on /opt/airflow/dags/ml_01_iris_pipeline-3.py
[2026-09-08T07:38:35.622+0000] {processor.py:914} INFO - Processing file /opt/airflow/dags/ml_01_iris_pipeline-3.py for tasks to queue
[2026-09-08T07:38:35.624+0000] {logging_mixin.py:190} INFO - [2026-09-08T07:38:35.624+0000] {dagbag.py:588} INFO - Filling up the DagBag from /opt/airflow/dags/ml_01_iris_pipeline-3.py
[2026-09-08T07:38:35.646+0000] {processor.py:925} INFO - DAG(s) 'iris_pipeline_dag' retrieved from /opt/airflow/dags/ml_01_iris_pipeline-3.py
[2026-09-08T07:38:35.685+0000] {logging_mixin.py:190} INFO - [2026-09-08T07:38:35.685+0000] {dag.py:3239} INFO - Sync 1 DAGs
[2026-09-08T07:38:35.706+0000] {logging_mixin.py:190} INFO - [2026-09-08T07:38:35.706+0000] {dag.py:4180} INFO - Setting next_dagrun for iris_pipeline_dag to None, run_after=None
[2026-09-08T07:38:35.730+0000] {processor.py:208} INFO - Processing /opt/airflow/dags/ml_01_iris_pipeline-3.py took 0.115 seconds
[2026-09-08T07:39:05.780+0000] {processor.py:186} INFO - Started process (PID=1796) to work on /opt/airflow/dags/ml_01_iris_pipeline-3.py
[2026-09-08T07:39:05.781+0000] {processor.py:914} INFO - Processing file /opt/airflow/dags/ml_01_iris_pipeline-3.py for tasks to queue
[2026-09-08T07:39:05.783+0000] {logging_mixin.py:190} INFO - [2026-09-08T07:39:05.783+0000] {dagbag.py:588} INFO - Filling up the DagBag from /opt/airflow/dags/ml_01_iris_pipeline-3.py
[2026-09-08T07:39:05.805+0000] {processor.py:925} INFO - DAG(s) 'iris_pipeline_dag' retrieved from /opt/airflow/dags/ml_01_iris_pipeline-3.py
[2026-09-08T07:39:05.843+0000] {logging_mixin.py:190} INFO - [2026-09-08T07:39:05.842+0000] {dag.py:3239} INFO - Sync 1 DAGs
[2026-09-08T07:39:05.861+0000] {logging_mixin.py:190} INFO - [2026-09-08T07:39:05.861+0000] {dag.py:4180} INFO - Setting next_dagrun for iris_pipeline_dag to None, run_after=None
[2026-09-08T07:39:05.884+0000] {processor.py:208} INFO - Processing /opt/airflow/dags/ml_01_iris_pipeline-3.py took 0.110 seconds
[2026-09-08T07:39:36.119+0000] {processor.py:186} INFO - Started process (PID=1810) to work on /opt/airflow/dags/ml_01_iris_pipeline-3.py
[2026-09-08T07:39:36.121+0000] {processor.py:914} INFO - Processing file /opt/airflow/dags/ml_01_iris_pipeline-3.py for tasks to queue
[2026-09-08T07:39:36.303+0000] {logging_mixin.py:190} INFO - [2026-09-08T07:39:36.302+0000] {dagbag.py:588} INFO - Filling up the DagBag from /opt/airflow/dags/ml_01_iris_pipeline-3.py
[2026-09-08T07:39:36.335+0000] {processor.py:925} INFO - DAG(s) 'iris_pipeline_dag' retrieved from /opt/airflow/dags/ml_01_iris_pipeline-3.py
[2026-09-08T07:39:36.378+0000] {logging_mixin.py:190} INFO - [2026-09-08T07:39:36.377+0000] {dag.py:3239} INFO - Sync 1 DAGs
[2026-09-08T07:39:36.398+0000] {logging_mixin.py:190} INFO - [2026-09-08T07:39:36.397+0000] {dag.py:4180} INFO - Setting next_dagrun for iris_pipeline_dag to None, run_after=None
[2026-09-08T07:39:36.425+0000] {processor.py:208} INFO - Processing /opt/airflow/dags/ml_01_iris_pipeline-3.py took 0.319 seconds
[2026-09-08T07:40:06.889+0000] {processor.py:186} INFO - Started process (PID=1824) to work on /opt/airflow/dags/ml_01_iris_pipeline-3.py
[2026-09-08T07:40:06.891+0000] {processor.py:914} INFO - Processing file /opt/airflow/dags/ml_01_iris_pipeline-3.py for tasks to queue
[2026-09-08T07:40:06.893+0000] {logging_mixin.py:190} INFO - [2026-09-08T07:40:06.892+0000] {dagbag.py:588} INFO - Filling up the DagBag from /opt/airflow/dags/ml_01_iris_pipeline-3.py
[2026-09-08T07:40:06.916+0000] {processor.py:925} INFO - DAG(s) 'iris_pipeline_dag' retrieved from /opt/airflow/dags/ml_01_iris_pipeline-3.py
[2026-09-08T07:40:06.952+0000] {logging_mixin.py:190} INFO - [2026-09-08T07:40:06.951+0000] {dag.py:3239} INFO - Sync 1 DAGs
[2026-09-08T07:40:06.968+0000] {logging_mixin.py:190} INFO - [2026-09-08T07:40:06.967+0000] {dag.py:4180} INFO - Setting next_dagrun for iris_pipeline_dag to None, run_after=None
[2026-09-08T07:40:06.990+0000] {processor.py:208} INFO - Processing /opt/airflow/dags/ml_01_iris_pipeline-3.py took 0.109 seconds
[2026-09-08T07:40:37.157+0000] {processor.py:186} INFO - Started process (PID=1838) to work on /opt/airflow/dags/ml_01_iris_pipeline-3.py
[2026-09-08T07:40:37.158+0000] {processor.py:914} INFO - Processing file /opt/airflow/dags/ml_01_iris_pipeline-3.py for tasks to queue
[2026-09-08T07:40:37.160+0000] {logging_mixin.py:190} INFO - [2026-09-08T07:40:37.160+0000] {dagbag.py:588} INFO - Filling up the DagBag from /opt/airflow/dags/ml_01_iris_pipeline-3.py
[2026-09-08T07:40:37.181+0000] {processor.py:925} INFO - DAG(s) 'iris_pipeline_dag' retrieved from /opt/airflow/dags/ml_01_iris_pipeline-3.py
[2026-09-08T07:40:37.225+0000] {logging_mixin.py:190} INFO - [2026-09-08T07:40:37.225+0000] {dag.py:3239} INFO - Sync 1 DAGs
[2026-09-08T07:40:37.248+0000] {logging_mixin.py:190} INFO - [2026-09-08T07:40:37.248+0000] {dag.py:4180} INFO - Setting next_dagrun for iris_pipeline_dag to None, run_after=None
[2026-09-08T07:40:37.275+0000] {processor.py:208} INFO - Processing /opt/airflow/dags/ml_01_iris_pipeline-3.py took 0.125 seconds
[2026-09-08T07:41:07.405+0000] {processor.py:186} INFO - Started process (PID=1852) to work on /opt/airflow/dags/ml_01_iris_pipeline-3.py
[2026-09-08T07:41:07.406+0000] {processor.py:914} INFO - Processing file /opt/airflow/dags/ml_01_iris_pipeline-3.py for tasks to queue
[2026-09-08T07:41:07.408+0000] {logging_mixin.py:190} INFO - [2026-09-08T07:41:07.407+0000] {dagbag.py:588} INFO - Filling up the DagBag from /opt/airflow/dags/ml_01_iris_pipeline-3.py
[2026-09-08T07:41:07.432+0000] {processor.py:925} INFO - DAG(s) 'iris_pipeline_dag' retrieved from /opt/airflow/dags/ml_01_iris_pipeline-3.py
[2026-09-08T07:41:07.468+0000] {logging_mixin.py:190} INFO - [2026-09-08T07:41:07.467+0000] {dag.py:3239} INFO - Sync 1 DAGs
[2026-09-08T07:41:07.483+0000] {logging_mixin.py:190} INFO - [2026-09-08T07:41:07.483+0000] {dag.py:4180} INFO - Setting next_dagrun for iris_pipeline_dag to None, run_after=None
[2026-09-08T07:41:07.506+0000] {processor.py:208} INFO - Processing /opt/airflow/dags/ml_01_iris_pipeline-3.py took 0.108 seconds
[2026-09-08T07:41:38.130+0000] {processor.py:186} INFO - Started process (PID=1866) to work on /opt/airflow/dags/ml_01_iris_pipeline-3.py
[2026-09-08T07:41:38.132+0000] {processor.py:914} INFO - Processing file /opt/airflow/dags/ml_01_iris_pipeline-3.py for tasks to queue
[2026-09-08T07:41:38.136+0000] {logging_mixin.py:190} INFO - [2026-09-08T07:41:38.135+0000] {dagbag.py:588} INFO - Filling up the DagBag from /opt/airflow/dags/ml_01_iris_pipeline-3.py
[2026-09-08T07:41:38.221+0000] {processor.py:925} INFO - DAG(s) 'iris_pipeline_dag' retrieved from /opt/airflow/dags/ml_01_iris_pipeline-3.py
[2026-09-08T07:41:38.349+0000] {logging_mixin.py:190} INFO - [2026-09-08T07:41:38.348+0000] {dag.py:3239} INFO - Sync 1 DAGs
[2026-09-08T07:41:38.412+0000] {logging_mixin.py:190} INFO - [2026-09-08T07:41:38.412+0000] {dag.py:4180} INFO - Setting next_dagrun for iris_pipeline_dag to None, run_after=None
[2026-09-08T07:41:38.475+0000] {processor.py:208} INFO - Processing /opt/airflow/dags/ml_01_iris_pipeline-3.py took 0.362 seconds
[2026-09-08T07:42:08.866+0000] {processor.py:186} INFO - Started process (PID=1880) to work on /opt/airflow/dags/ml_01_iris_pipeline-3.py
[2026-09-08T07:42:08.867+0000] {processor.py:914} INFO - Processing file /opt/airflow/dags/ml_01_iris_pipeline-3.py for tasks to queue
[2026-09-08T07:42:08.870+0000] {logging_mixin.py:190} INFO - [2026-09-08T07:42:08.870+0000] {dagbag.py:588} INFO - Filling up the DagBag from /opt/airflow/dags/ml_01_iris_pipeline-3.py
[2026-09-08T07:42:08.897+0000] {processor.py:925} INFO - DAG(s) 'iris_pipeline_dag' retrieved from /opt/airflow/dags/ml_01_iris_pipeline-3.py
[2026-09-08T07:42:08.940+0000] {logging_mixin.py:190} INFO - [2026-09-08T07:42:08.939+0000] {dag.py:3239} INFO - Sync 1 DAGs
[2026-09-08T07:42:08.959+0000] {logging_mixin.py:190} INFO - [2026-09-08T07:42:08.959+0000] {dag.py:4180} INFO - Setting next_dagrun for iris_pipeline_dag to None, run_after=None
[2026-09-08T07:42:08.985+0000] {processor.py:208} INFO - Processing /opt/airflow/dags/ml_01_iris_pipeline-3.py took 0.131 seconds
[2026-09-08T07:42:39.547+0000] {processor.py:186} INFO - Started process (PID=1893) to work on /opt/airflow/dags/ml_01_iris_pipeline-3.py
[2026-09-08T07:42:39.548+0000] {processor.py:914} INFO - Processing file /opt/airflow/dags/ml_01_iris_pipeline-3.py for tasks to queue
[2026-09-08T07:42:39.550+0000] {logging_mixin.py:190} INFO - [2026-09-08T07:42:39.549+0000] {dagbag.py:588} INFO - Filling up the DagBag from /opt/airflow/dags/ml_01_iris_pipeline-3.py
[2026-09-08T07:42:39.570+0000] {processor.py:925} INFO - DAG(s) 'iris_pipeline_dag' retrieved from /opt/airflow/dags/ml_01_iris_pipeline-3.py
[2026-09-08T07:42:39.610+0000] {logging_mixin.py:190} INFO - [2026-09-08T07:42:39.610+0000] {dag.py:3239} INFO - Sync 1 DAGs
[2026-09-08T07:42:39.639+0000] {logging_mixin.py:190} INFO - [2026-09-08T07:42:39.639+0000] {dag.py:4180} INFO - Setting next_dagrun for iris_pipeline_dag to None, run_after=None
[2026-09-08T07:42:39.664+0000] {processor.py:208} INFO - Processing /opt/airflow/dags/ml_01_iris_pipeline-3.py took 0.124 seconds
[2026-09-08T07:43:09.946+0000] {processor.py:186} INFO - Started process (PID=1906) to work on /opt/airflow/dags/ml_01_iris_pipeline-3.py
[2026-09-08T07:43:09.947+0000] {processor.py:914} INFO - Processing file /opt/airflow/dags/ml_01_iris_pipeline-3.py for tasks to queue
[2026-09-08T07:43:09.949+0000] {logging_mixin.py:190} INFO - [2026-09-08T07:43:09.948+0000] {dagbag.py:588} INFO - Filling up the DagBag from /opt/airflow/dags/ml_01_iris_pipeline-3.py
[2026-09-08T07:43:09.969+0000] {processor.py:925} INFO - DAG(s) 'iris_pipeline_dag' retrieved from /opt/airflow/dags/ml_01_iris_pipeline-3.py
[2026-09-08T07:43:10.002+0000] {logging_mixin.py:190} INFO - [2026-09-08T07:43:10.002+0000] {dag.py:3239} INFO - Sync 1 DAGs
[2026-09-08T07:43:10.020+0000] {logging_mixin.py:190} INFO - [2026-09-08T07:43:10.019+0000] {dag.py:4180} INFO - Setting next_dagrun for iris_pipeline_dag to None, run_after=None
[2026-09-08T07:43:10.042+0000] {processor.py:208} INFO - Processing /opt/airflow/dags/ml_01_iris_pipeline-3.py took 0.103 seconds
[2026-09-08T07:43:40.990+0000] {processor.py:186} INFO - Started process (PID=1920) to work on /opt/airflow/dags/ml_01_iris_pipeline-3.py
[2026-09-08T07:43:40.991+0000] {processor.py:914} INFO - Processing file /opt/airflow/dags/ml_01_iris_pipeline-3.py for tasks to queue
[2026-09-08T07:43:40.993+0000] {logging_mixin.py:190} INFO - [2026-09-08T07:43:40.993+0000] {dagbag.py:588} INFO - Filling up the DagBag from /opt/airflow/dags/ml_01_iris_pipeline-3.py
[2026-09-08T07:43:41.018+0000] {processor.py:925} INFO - DAG(s) 'iris_pipeline_dag' retrieved from /opt/airflow/dags/ml_01_iris_pipeline-3.py
[2026-09-08T07:43:41.061+0000] {logging_mixin.py:190} INFO - [2026-09-08T07:43:41.060+0000] {dag.py:3239} INFO - Sync 1 DAGs
[2026-09-08T07:43:41.080+0000] {logging_mixin.py:190} INFO - [2026-09-08T07:43:41.080+0000] {dag.py:4180} INFO - Setting next_dagrun for iris_pipeline_dag to None, run_after=None
[2026-09-08T07:43:41.104+0000] {processor.py:208} INFO - Processing /opt/airflow/dags/ml_01_iris_pipeline-3.py took 0.123 seconds
[2026-09-08T07:44:11.977+0000] {processor.py:186} INFO - Started process (PID=1934) to work on /opt/airflow/dags/ml_01_iris_pipeline-3.py
[2026-09-08T07:44:11.979+0000] {processor.py:914} INFO - Processing file /opt/airflow/dags/ml_01_iris_pipeline-3.py for tasks to queue
[2026-09-08T07:44:11.980+0000] {logging_mixin.py:190} INFO - [2026-09-08T07:44:11.980+0000] {dagbag.py:588} INFO - Filling up the DagBag from /opt/airflow/dags/ml_01_iris_pipeline-3.py
[2026-09-08T07:44:12.007+0000] {processor.py:925} INFO - DAG(s) 'iris_pipeline_dag' retrieved from /opt/airflow/dags/ml_01_iris_pipeline-3.py
[2026-09-08T07:44:12.049+0000] {logging_mixin.py:190} INFO - [2026-09-08T07:44:12.049+0000] {dag.py:3239} INFO - Sync 1 DAGs
[2026-09-08T07:44:12.068+0000] {logging_mixin.py:190} INFO - [2026-09-08T07:44:12.068+0000] {dag.py:4180} INFO - Setting next_dagrun for iris_pipeline_dag to None, run_after=None
[2026-09-08T07:44:12.090+0000] {processor.py:208} INFO - Processing /opt/airflow/dags/ml_01_iris_pipeline-3.py took 0.119 seconds
[2026-09-08T07:44:42.435+0000] {processor.py:186} INFO - Started process (PID=1948) to work on /opt/airflow/dags/ml_01_iris_pipeline-3.py
[2026-09-08T07:44:42.436+0000] {processor.py:914} INFO - Processing file /opt/airflow/dags/ml_01_iris_pipeline-3.py for tasks to queue
[2026-09-08T07:44:42.438+0000] {logging_mixin.py:190} INFO - [2026-09-08T07:44:42.438+0000] {dagbag.py:588} INFO - Filling up the DagBag from /opt/airflow/dags/ml_01_iris_pipeline-3.py
[2026-09-08T07:44:42.461+0000] {processor.py:925} INFO - DAG(s) 'iris_pipeline_dag' retrieved from /opt/airflow/dags/ml_01_iris_pipeline-3.py
[2026-09-08T07:44:42.499+0000] {logging_mixin.py:190} INFO - [2026-09-08T07:44:42.499+0000] {dag.py:3239} INFO - Sync 1 DAGs
[2026-09-08T07:44:42.518+0000] {logging_mixin.py:190} INFO - [2026-09-08T07:44:42.518+0000] {dag.py:4180} INFO - Setting next_dagrun for iris_pipeline_dag to None, run_after=None
[2026-09-08T07:44:42.542+0000] {processor.py:208} INFO - Processing /opt/airflow/dags/ml_01_iris_pipeline-3.py took 0.113 seconds
[2026-09-08T07:45:12.808+0000] {processor.py:186} INFO - Started process (PID=1962) to work on /opt/airflow/dags/ml_01_iris_pipeline-3.py
[2026-09-08T07:45:12.809+0000] {processor.py:914} INFO - Processing file /opt/airflow/dags/ml_01_iris_pipeline-3.py for tasks to queue
[2026-09-08T07:45:12.811+0000] {logging_mixin.py:190} INFO - [2026-09-08T07:45:12.811+0000] {dagbag.py:588} INFO - Filling up the DagBag from /opt/airflow/dags/ml_01_iris_pipeline-3.py
[2026-09-08T07:45:12.836+0000] {processor.py:925} INFO - DAG(s) 'iris_pipeline_dag' retrieved from /opt/airflow/dags/ml_01_iris_pipeline-3.py
[2026-09-08T07:45:12.869+0000] {logging_mixin.py:190} INFO - [2026-09-08T07:45:12.869+0000] {dag.py:3239} INFO - Sync 1 DAGs
[2026-09-08T07:45:12.885+0000] {logging_mixin.py:190} INFO - [2026-09-08T07:45:12.885+0000] {dag.py:4180} INFO - Setting next_dagrun for iris_pipeline_dag to None, run_after=None
[2026-09-08T07:45:12.906+0000] {processor.py:208} INFO - Processing /opt/airflow/dags/ml_01_iris_pipeline-3.py took 0.104 seconds
[2026-09-08T07:45:43.177+0000] {processor.py:186} INFO - Started process (PID=1976) to work on /opt/airflow/dags/ml_01_iris_pipeline-3.py
[2026-09-08T07:45:43.178+0000] {processor.py:914} INFO - Processing file /opt/airflow/dags/ml_01_iris_pipeline-3.py for tasks to queue
[2026-09-08T07:45:43.180+0000] {logging_mixin.py:190} INFO - [2026-09-08T07:45:43.179+0000] {dagbag.py:588} INFO - Filling up the DagBag from /opt/airflow/dags/ml_01_iris_pipeline-3.py
[2026-09-08T07:45:43.203+0000] {processor.py:925} INFO - DAG(s) 'iris_pipeline_dag' retrieved from /opt/airflow/dags/ml_01_iris_pipeline-3.py
[2026-09-08T07:45:43.239+0000] {logging_mixin.py:190} INFO - [2026-09-08T07:45:43.239+0000] {dag.py:3239} INFO - Sync 1 DAGs
[2026-09-08T07:45:43.255+0000] {logging_mixin.py:190} INFO - [2026-09-08T07:45:43.255+0000] {dag.py:4180} INFO - Setting next_dagrun for iris_pipeline_dag to None, run_after=None
[2026-09-08T07:45:43.277+0000] {processor.py:208} INFO - Processing /opt/airflow/dags/ml_01_iris_pipeline-3.py took 0.107 seconds
[2026-09-08T07:46:13.394+0000] {processor.py:186} INFO - Started process (PID=1990) to work on /opt/airflow/dags/ml_01_iris_pipeline-3.py
[2026-09-08T07:46:13.395+0000] {processor.py:914} INFO - Processing file /opt/airflow/dags/ml_01_iris_pipeline-3.py for tasks to queue
[2026-09-08T07:46:13.397+0000] {logging_mixin.py:190} INFO - [2026-09-08T07:46:13.397+0000] {dagbag.py:588} INFO - Filling up the DagBag from /opt/airflow/dags/ml_01_iris_pipeline-3.py
[2026-09-08T07:46:13.419+0000] {processor.py:925} INFO - DAG(s) 'iris_pipeline_dag' retrieved from /opt/airflow/dags/ml_01_iris_pipeline-3.py
[2026-09-08T07:46:13.455+0000] {logging_mixin.py:190} INFO - [2026-09-08T07:46:13.454+0000] {dag.py:3239} INFO - Sync 1 DAGs
[2026-09-08T07:46:13.470+0000] {logging_mixin.py:190} INFO - [2026-09-08T07:46:13.470+0000] {dag.py:4180} INFO - Setting next_dagrun for iris_pipeline_dag to None, run_after=None
[2026-09-08T07:46:13.493+0000] {processor.py:208} INFO - Processing /opt/airflow/dags/ml_01_iris_pipeline-3.py took 0.106 seconds
[2026-09-08T07:46:43.813+0000] {processor.py:186} INFO - Started process (PID=2004) to work on /opt/airflow/dags/ml_01_iris_pipeline-3.py
[2026-09-08T07:46:43.814+0000] {processor.py:914} INFO - Processing file /opt/airflow/dags/ml_01_iris_pipeline-3.py for tasks to queue
[2026-09-08T07:46:43.816+0000] {logging_mixin.py:190} INFO - [2026-09-08T07:46:43.816+0000] {dagbag.py:588} INFO - Filling up the DagBag from /opt/airflow/dags/ml_01_iris_pipeline-3.py
[2026-09-08T07:46:43.838+0000] {processor.py:925} INFO - DAG(s) 'iris_pipeline_dag' retrieved from /opt/airflow/dags/ml_01_iris_pipeline-3.py
[2026-09-08T07:46:43.873+0000] {logging_mixin.py:190} INFO - [2026-09-08T07:46:43.873+0000] {dag.py:3239} INFO - Sync 1 DAGs
[2026-09-08T07:46:43.890+0000] {logging_mixin.py:190} INFO - [2026-09-08T07:46:43.890+0000] {dag.py:4180} INFO - Setting next_dagrun for iris_pipeline_dag to None, run_after=None
[2026-09-08T07:46:43.911+0000] {processor.py:208} INFO - Processing /opt/airflow/dags/ml_01_iris_pipeline-3.py took 0.105 seconds
[2026-09-08T07:47:14.216+0000] {processor.py:186} INFO - Started process (PID=2018) to work on /opt/airflow/dags/ml_01_iris_pipeline-3.py
[2026-09-08T07:47:14.217+0000] {processor.py:914} INFO - Processing file /opt/airflow/dags/ml_01_iris_pipeline-3.py for tasks to queue
[2026-09-08T07:47:14.219+0000] {logging_mixin.py:190} INFO - [2026-09-08T07:47:14.219+0000] {dagbag.py:588} INFO - Filling up the DagBag from /opt/airflow/dags/ml_01_iris_pipeline-3.py
[2026-09-08T07:47:14.244+0000] {processor.py:925} INFO - DAG(s) 'iris_pipeline_dag' retrieved from /opt/airflow/dags/ml_01_iris_pipeline-3.py
[2026-09-08T07:47:14.282+0000] {logging_mixin.py:190} INFO - [2026-09-08T07:47:14.281+0000] {dag.py:3239} INFO - Sync 1 DAGs
[2026-09-08T07:47:14.299+0000] {logging_mixin.py:190} INFO - [2026-09-08T07:47:14.299+0000] {dag.py:4180} INFO - Setting next_dagrun for iris_pipeline_dag to None, run_after=None
[2026-09-08T07:47:14.322+0000] {processor.py:208} INFO - Processing /opt/airflow/dags/ml_01_iris_pipeline-3.py took 0.115 seconds
[2026-09-08T07:47:44.416+0000] {processor.py:186} INFO - Started process (PID=2032) to work on /opt/airflow/dags/ml_01_iris_pipeline-3.py
[2026-09-08T07:47:44.417+0000] {processor.py:914} INFO - Processing file /opt/airflow/dags/ml_01_iris_pipeline-3.py for tasks to queue
[2026-09-08T07:47:44.420+0000] {logging_mixin.py:190} INFO - [2026-09-08T07:47:44.419+0000] {dagbag.py:588} INFO - Filling up the DagBag from /opt/airflow/dags/ml_01_iris_pipeline-3.py
[2026-09-08T07:47:44.446+0000] {processor.py:925} INFO - DAG(s) 'iris_pipeline_dag' retrieved from /opt/airflow/dags/ml_01_iris_pipeline-3.py
[2026-09-08T07:47:44.488+0000] {logging_mixin.py:190} INFO - [2026-09-08T07:47:44.488+0000] {dag.py:3239} INFO - Sync 1 DAGs
[2026-09-08T07:47:44.508+0000] {logging_mixin.py:190} INFO - [2026-09-08T07:47:44.508+0000] {dag.py:4180} INFO - Setting next_dagrun for iris_pipeline_dag to None, run_after=None
[2026-09-08T07:47:44.534+0000] {processor.py:208} INFO - Processing /opt/airflow/dags/ml_01_iris_pipeline-3.py took 0.127 seconds
[2026-09-08T07:48:14.810+0000] {processor.py:186} INFO - Started process (PID=2046) to work on /opt/airflow/dags/ml_01_iris_pipeline-3.py
[2026-09-08T07:48:14.811+0000] {processor.py:914} INFO - Processing file /opt/airflow/dags/ml_01_iris_pipeline-3.py for tasks to queue
[2026-09-08T07:48:14.813+0000] {logging_mixin.py:190} INFO - [2026-09-08T07:48:14.813+0000] {dagbag.py:588} INFO - Filling up the DagBag from /opt/airflow/dags/ml_01_iris_pipeline-3.py
[2026-09-08T07:48:14.838+0000] {processor.py:925} INFO - DAG(s) 'iris_pipeline_dag' retrieved from /opt/airflow/dags/ml_01_iris_pipeline-3.py
[2026-09-08T07:48:14.885+0000] {logging_mixin.py:190} INFO - [2026-09-08T07:48:14.885+0000] {dag.py:3239} INFO - Sync 1 DAGs
[2026-09-08T07:48:14.902+0000] {logging_mixin.py:190} INFO - [2026-09-08T07:48:14.902+0000] {dag.py:4180} INFO - Setting next_dagrun for iris_pipeline_dag to None, run_after=None
[2026-09-08T07:48:14.924+0000] {processor.py:208} INFO - Processing /opt/airflow/dags/ml_01_iris_pipeline-3.py took 0.121 seconds
[2026-09-08T07:48:45.237+0000] {processor.py:186} INFO - Started process (PID=2060) to work on /opt/airflow/dags/ml_01_iris_pipeline-3.py
[2026-09-08T07:48:45.238+0000] {processor.py:914} INFO - Processing file /opt/airflow/dags/ml_01_iris_pipeline-3.py for tasks to queue
[2026-09-08T07:48:45.240+0000] {logging_mixin.py:190} INFO - [2026-09-08T07:48:45.240+0000] {dagbag.py:588} INFO - Filling up the DagBag from /opt/airflow/dags/ml_01_iris_pipeline-3.py
[2026-09-08T07:48:45.265+0000] {processor.py:925} INFO - DAG(s) 'iris_pipeline_dag' retrieved from /opt/airflow/dags/ml_01_iris_pipeline-3.py
[2026-09-08T07:48:45.302+0000] {logging_mixin.py:190} INFO - [2026-09-08T07:48:45.302+0000] {dag.py:3239} INFO - Sync 1 DAGs
[2026-09-08T07:48:45.321+0000] {logging_mixin.py:190} INFO - [2026-09-08T07:48:45.321+0000] {dag.py:4180} INFO - Setting next_dagrun for iris_pipeline_dag to None, run_after=None
[2026-09-08T07:48:45.342+0000] {processor.py:208} INFO - Processing /opt/airflow/dags/ml_01_iris_pipeline-3.py took 0.113 seconds
[2026-09-08T07:51:00.741+0000] {processor.py:186} INFO - Started process (PID=102) to work on /opt/airflow/dags/ml_01_iris_pipeline-3.py
[2026-09-08T07:51:00.743+0000] {processor.py:914} INFO - Processing file /opt/airflow/dags/ml_01_iris_pipeline-3.py for tasks to queue
[2026-09-08T07:51:00.747+0000] {logging_mixin.py:190} INFO - [2026-09-08T07:51:00.746+0000] {dagbag.py:588} INFO - Filling up the DagBag from /opt/airflow/dags/ml_01_iris_pipeline-3.py
[2026-09-08T07:51:00.823+0000] {processor.py:925} INFO - DAG(s) 'iris_pipeline_dag' retrieved from /opt/airflow/dags/ml_01_iris_pipeline-3.py
[2026-09-08T07:51:00.951+0000] {logging_mixin.py:190} INFO - [2026-09-08T07:51:00.951+0000] {dag.py:3239} INFO - Sync 1 DAGs
[2026-09-08T07:51:01.289+0000] {logging_mixin.py:190} INFO - [2026-09-08T07:51:01.288+0000] {dag.py:4180} INFO - Setting next_dagrun for iris_pipeline_dag to None, run_after=None
[2026-09-08T07:51:01.332+0000] {processor.py:208} INFO - Processing /opt/airflow/dags/ml_01_iris_pipeline-3.py took 0.607 seconds
[2026-09-08T07:51:31.822+0000] {processor.py:186} INFO - Started process (PID=115) to work on /opt/airflow/dags/ml_01_iris_pipeline-3.py
[2026-09-08T07:51:31.826+0000] {processor.py:914} INFO - Processing file /opt/airflow/dags/ml_01_iris_pipeline-3.py for tasks to queue
[2026-09-08T07:51:31.828+0000] {logging_mixin.py:190} INFO - [2026-09-08T07:51:31.828+0000] {dagbag.py:588} INFO - Filling up the DagBag from /opt/airflow/dags/ml_01_iris_pipeline-3.py
[2026-09-08T07:51:32.716+0000] {processor.py:925} INFO - DAG(s) 'iris_pipeline_dag' retrieved from /opt/airflow/dags/ml_01_iris_pipeline-3.py
[2026-09-08T07:51:33.397+0000] {logging_mixin.py:190} INFO - [2026-09-08T07:51:33.397+0000] {dag.py:3239} INFO - Sync 1 DAGs
[2026-09-08T07:51:33.696+0000] {logging_mixin.py:190} INFO - [2026-09-08T07:51:33.696+0000] {dag.py:4180} INFO - Setting next_dagrun for iris_pipeline_dag to None, run_after=None
[2026-09-08T07:51:33.853+0000] {processor.py:208} INFO - Processing /opt/airflow/dags/ml_01_iris_pipeline-3.py took 2.037 seconds
[2026-09-08T07:52:04.231+0000] {processor.py:186} INFO - Started process (PID=129) to work on /opt/airflow/dags/ml_01_iris_pipeline-3.py
[2026-09-08T07:52:04.233+0000] {processor.py:914} INFO - Processing file /opt/airflow/dags/ml_01_iris_pipeline-3.py for tasks to queue
[2026-09-08T07:52:04.234+0000] {logging_mixin.py:190} INFO - [2026-09-08T07:52:04.234+0000] {dagbag.py:588} INFO - Filling up the DagBag from /opt/airflow/dags/ml_01_iris_pipeline-3.py
[2026-09-08T07:52:04.260+0000] {processor.py:925} INFO - DAG(s) 'iris_pipeline_dag' retrieved from /opt/airflow/dags/ml_01_iris_pipeline-3.py
[2026-09-08T07:52:04.300+0000] {logging_mixin.py:190} INFO - [2026-09-08T07:52:04.299+0000] {dag.py:3239} INFO - Sync 1 DAGs
[2026-09-08T07:52:04.321+0000] {logging_mixin.py:190} INFO - [2026-09-08T07:52:04.321+0000] {dag.py:4180} INFO - Setting next_dagrun for iris_pipeline_dag to None, run_after=None
[2026-09-08T07:52:04.347+0000] {processor.py:208} INFO - Processing /opt/airflow/dags/ml_01_iris_pipeline-3.py took 0.122 seconds
[2026-09-08T07:52:34.682+0000] {processor.py:186} INFO - Started process (PID=143) to work on /opt/airflow/dags/ml_01_iris_pipeline-3.py
[2026-09-08T07:52:34.684+0000] {processor.py:914} INFO - Processing file /opt/airflow/dags/ml_01_iris_pipeline-3.py for tasks to queue
[2026-09-08T07:52:34.687+0000] {logging_mixin.py:190} INFO - [2026-09-08T07:52:34.687+0000] {dagbag.py:588} INFO - Filling up the DagBag from /opt/airflow/dags/ml_01_iris_pipeline-3.py
[2026-09-08T07:52:34.721+0000] {processor.py:925} INFO - DAG(s) 'iris_pipeline_dag' retrieved from /opt/airflow/dags/ml_01_iris_pipeline-3.py
[2026-09-08T07:52:35.051+0000] {logging_mixin.py:190} INFO - [2026-09-08T07:52:35.051+0000] {dag.py:3239} INFO - Sync 1 DAGs
[2026-09-08T07:52:35.298+0000] {logging_mixin.py:190} INFO - [2026-09-08T07:52:35.297+0000] {dag.py:4180} INFO - Setting next_dagrun for iris_pipeline_dag to None, run_after=None
[2026-09-08T07:52:35.414+0000] {processor.py:208} INFO - Processing /opt/airflow/dags/ml_01_iris_pipeline-3.py took 0.786 seconds
[2026-09-08T07:53:06.275+0000] {processor.py:186} INFO - Started process (PID=157) to work on /opt/airflow/dags/ml_01_iris_pipeline-3.py
[2026-09-08T07:53:06.277+0000] {processor.py:914} INFO - Processing file /opt/airflow/dags/ml_01_iris_pipeline-3.py for tasks to queue
[2026-09-08T07:53:06.281+0000] {logging_mixin.py:190} INFO - [2026-09-08T07:53:06.280+0000] {dagbag.py:588} INFO - Filling up the DagBag from /opt/airflow/dags/ml_01_iris_pipeline-3.py
[2026-09-08T07:53:06.345+0000] {processor.py:925} INFO - DAG(s) 'iris_pipeline_dag' retrieved from /opt/airflow/dags/ml_01_iris_pipeline-3.py
[2026-09-08T07:53:06.395+0000] {logging_mixin.py:190} INFO - [2026-09-08T07:53:06.395+0000] {dag.py:3239} INFO - Sync 1 DAGs
[2026-09-08T07:53:06.445+0000] {logging_mixin.py:190} INFO - [2026-09-08T07:53:06.445+0000] {dag.py:4180} INFO - Setting next_dagrun for iris_pipeline_dag to None, run_after=None
[2026-09-08T07:53:06.469+0000] {processor.py:208} INFO - Processing /opt/airflow/dags/ml_01_iris_pipeline-3.py took 0.205 seconds
[2026-09-08T07:53:37.110+0000] {processor.py:186} INFO - Started process (PID=171) to work on /opt/airflow/dags/ml_01_iris_pipeline-3.py
[2026-09-08T07:53:37.111+0000] {processor.py:914} INFO - Processing file /opt/airflow/dags/ml_01_iris_pipeline-3.py for tasks to queue
[2026-09-08T07:53:37.113+0000] {logging_mixin.py:190} INFO - [2026-09-08T07:53:37.112+0000] {dagbag.py:588} INFO - Filling up the DagBag from /opt/airflow/dags/ml_01_iris_pipeline-3.py
[2026-09-08T07:53:37.135+0000] {processor.py:925} INFO - DAG(s) 'iris_pipeline_dag' retrieved from /opt/airflow/dags/ml_01_iris_pipeline-3.py
[2026-09-08T07:53:37.172+0000] {logging_mixin.py:190} INFO - [2026-09-08T07:53:37.172+0000] {dag.py:3239} INFO - Sync 1 DAGs
[2026-09-08T07:53:37.340+0000] {logging_mixin.py:190} INFO - [2026-09-08T07:53:37.339+0000] {dag.py:4180} INFO - Setting next_dagrun for iris_pipeline_dag to None, run_after=None
[2026-09-08T07:53:37.360+0000] {processor.py:208} INFO - Processing /opt/airflow/dags/ml_01_iris_pipeline-3.py took 0.258 seconds
[2026-09-08T07:54:07.618+0000] {processor.py:186} INFO - Started process (PID=185) to work on /opt/airflow/dags/ml_01_iris_pipeline-3.py
[2026-09-08T07:54:07.621+0000] {processor.py:914} INFO - Processing file /opt/airflow/dags/ml_01_iris_pipeline-3.py for tasks to queue
[2026-09-08T07:54:07.625+0000] {logging_mixin.py:190} INFO - [2026-09-08T07:54:07.624+0000] {dagbag.py:588} INFO - Filling up the DagBag from /opt/airflow/dags/ml_01_iris_pipeline-3.py
[2026-09-08T07:54:07.677+0000] {processor.py:925} INFO - DAG(s) 'iris_pipeline_dag' retrieved from /opt/airflow/dags/ml_01_iris_pipeline-3.py
[2026-09-08T07:54:07.795+0000] {logging_mixin.py:190} INFO - [2026-09-08T07:54:07.794+0000] {dag.py:3239} INFO - Sync 1 DAGs
[2026-09-08T07:54:07.830+0000] {logging_mixin.py:190} INFO - [2026-09-08T07:54:07.830+0000] {dag.py:4180} INFO - Setting next_dagrun for iris_pipeline_dag to None, run_after=None
[2026-09-08T07:54:07.860+0000] {processor.py:208} INFO - Processing /opt/airflow/dags/ml_01_iris_pipeline-3.py took 0.261 seconds
[2026-09-08T07:54:37.980+0000] {processor.py:186} INFO - Started process (PID=199) to work on /opt/airflow/dags/ml_01_iris_pipeline-3.py
[2026-09-08T07:54:37.981+0000] {processor.py:914} INFO - Processing file /opt/airflow/dags/ml_01_iris_pipeline-3.py for tasks to queue
[2026-09-08T07:54:37.983+0000] {logging_mixin.py:190} INFO - [2026-09-08T07:54:37.983+0000] {dagbag.py:588} INFO - Filling up the DagBag from /opt/airflow/dags/ml_01_iris_pipeline-3.py
[2026-09-08T07:54:38.024+0000] {processor.py:925} INFO - DAG(s) 'iris_pipeline_dag' retrieved from /opt/airflow/dags/ml_01_iris_pipeline-3.py
[2026-09-08T07:54:38.071+0000] {logging_mixin.py:190} INFO - [2026-09-08T07:54:38.071+0000] {dag.py:3239} INFO - Sync 1 DAGs
[2026-09-08T07:54:38.088+0000] {logging_mixin.py:190} INFO - [2026-09-08T07:54:38.088+0000] {dag.py:4180} INFO - Setting next_dagrun for iris_pipeline_dag to None, run_after=None
[2026-09-08T07:54:38.109+0000] {processor.py:208} INFO - Processing /opt/airflow/dags/ml_01_iris_pipeline-3.py took 0.136 seconds
[2026-09-08T07:55:08.187+0000] {processor.py:186} INFO - Started process (PID=213) to work on /opt/airflow/dags/ml_01_iris_pipeline-3.py
[2026-09-08T07:55:08.188+0000] {processor.py:914} INFO - Processing file /opt/airflow/dags/ml_01_iris_pipeline-3.py for tasks to queue
[2026-09-08T07:55:08.190+0000] {logging_mixin.py:190} INFO - [2026-09-08T07:55:08.189+0000] {dagbag.py:588} INFO - Filling up the DagBag from /opt/airflow/dags/ml_01_iris_pipeline-3.py
[2026-09-08T07:55:08.213+0000] {processor.py:925} INFO - DAG(s) 'iris_pipeline_dag' retrieved from /opt/airflow/dags/ml_01_iris_pipeline-3.py
[2026-09-08T07:55:08.251+0000] {logging_mixin.py:190} INFO - [2026-09-08T07:55:08.251+0000] {dag.py:3239} INFO - Sync 1 DAGs
[2026-09-08T07:55:08.270+0000] {logging_mixin.py:190} INFO - [2026-09-08T07:55:08.269+0000] {dag.py:4180} INFO - Setting next_dagrun for iris_pipeline_dag to None, run_after=None
[2026-09-08T07:55:08.293+0000] {processor.py:208} INFO - Processing /opt/airflow/dags/ml_01_iris_pipeline-3.py took 0.115 seconds
[2026-09-08T07:55:38.981+0000] {processor.py:186} INFO - Started process (PID=227) to work on /opt/airflow/dags/ml_01_iris_pipeline-3.py
[2026-09-08T07:55:38.982+0000] {processor.py:914} INFO - Processing file /opt/airflow/dags/ml_01_iris_pipeline-3.py for tasks to queue
[2026-09-08T07:55:38.984+0000] {logging_mixin.py:190} INFO - [2026-09-08T07:55:38.984+0000] {dagbag.py:588} INFO - Filling up the DagBag from /opt/airflow/dags/ml_01_iris_pipeline-3.py
[2026-09-08T07:55:39.005+0000] {processor.py:925} INFO - DAG(s) 'iris_pipeline_dag' retrieved from /opt/airflow/dags/ml_01_iris_pipeline-3.py
[2026-09-08T07:55:39.040+0000] {logging_mixin.py:190} INFO - [2026-09-08T07:55:39.040+0000] {dag.py:3239} INFO - Sync 1 DAGs
[2026-09-08T07:55:39.057+0000] {logging_mixin.py:190} INFO - [2026-09-08T07:55:39.057+0000] {dag.py:4180} INFO - Setting next_dagrun for iris_pipeline_dag to None, run_after=None
[2026-09-08T07:55:39.081+0000] {processor.py:208} INFO - Processing /opt/airflow/dags/ml_01_iris_pipeline-3.py took 0.107 seconds
[2026-09-08T07:56:09.259+0000] {processor.py:186} INFO - Started process (PID=241) to work on /opt/airflow/dags/ml_01_iris_pipeline-3.py
[2026-09-08T07:56:09.260+0000] {processor.py:914} INFO - Processing file /opt/airflow/dags/ml_01_iris_pipeline-3.py for tasks to queue
[2026-09-08T07:56:09.264+0000] {logging_mixin.py:190} INFO - [2026-09-08T07:56:09.263+0000] {dagbag.py:588} INFO - Filling up the DagBag from /opt/airflow/dags/ml_01_iris_pipeline-3.py
[2026-09-08T07:56:09.293+0000] {processor.py:925} INFO - DAG(s) 'iris_pipeline_dag' retrieved from /opt/airflow/dags/ml_01_iris_pipeline-3.py
[2026-09-08T07:56:09.336+0000] {logging_mixin.py:190} INFO - [2026-09-08T07:56:09.336+0000] {dag.py:3239} INFO - Sync 1 DAGs
[2026-09-08T07:56:09.357+0000] {logging_mixin.py:190} INFO - [2026-09-08T07:56:09.357+0000] {dag.py:4180} INFO - Setting next_dagrun for iris_pipeline_dag to None, run_after=None
[2026-09-08T07:56:09.385+0000] {processor.py:208} INFO - Processing /opt/airflow/dags/ml_01_iris_pipeline-3.py took 0.135 seconds
[2026-09-08T07:56:39.575+0000] {processor.py:186} INFO - Started process (PID=255) to work on /opt/airflow/dags/ml_01_iris_pipeline-3.py
[2026-09-08T07:56:39.576+0000] {processor.py:914} INFO - Processing file /opt/airflow/dags/ml_01_iris_pipeline-3.py for tasks to queue
[2026-09-08T07:56:39.578+0000] {logging_mixin.py:190} INFO - [2026-09-08T07:56:39.578+0000] {dagbag.py:588} INFO - Filling up the DagBag from /opt/airflow/dags/ml_01_iris_pipeline-3.py
[2026-09-08T07:56:39.602+0000] {processor.py:925} INFO - DAG(s) 'iris_pipeline_dag' retrieved from /opt/airflow/dags/ml_01_iris_pipeline-3.py
[2026-09-08T07:56:39.940+0000] {logging_mixin.py:190} INFO - [2026-09-08T07:56:39.940+0000] {dag.py:3239} INFO - Sync 1 DAGs
[2026-09-08T07:56:39.968+0000] {logging_mixin.py:190} INFO - [2026-09-08T07:56:39.967+0000] {dag.py:4180} INFO - Setting next_dagrun for iris_pipeline_dag to None, run_after=None
[2026-09-08T07:56:39.996+0000] {processor.py:208} INFO - Processing /opt/airflow/dags/ml_01_iris_pipeline-3.py took 0.430 seconds
[2026-09-08T07:57:10.226+0000] {processor.py:186} INFO - Started process (PID=270) to work on /opt/airflow/dags/ml_01_iris_pipeline-3.py
[2026-09-08T07:57:10.227+0000] {processor.py:914} INFO - Processing file /opt/airflow/dags/ml_01_iris_pipeline-3.py for tasks to queue
[2026-09-08T07:57:10.230+0000] {logging_mixin.py:190} INFO - [2026-09-08T07:57:10.229+0000] {dagbag.py:588} INFO - Filling up the DagBag from /opt/airflow/dags/ml_01_iris_pipeline-3.py
[2026-09-08T07:57:10.255+0000] {processor.py:925} INFO - DAG(s) 'iris_pipeline_dag' retrieved from /opt/airflow/dags/ml_01_iris_pipeline-3.py
[2026-09-08T07:57:10.297+0000] {logging_mixin.py:190} INFO - [2026-09-08T07:57:10.296+0000] {dag.py:3239} INFO - Sync 1 DAGs
[2026-09-08T07:57:10.318+0000] {logging_mixin.py:190} INFO - [2026-09-08T07:57:10.317+0000] {dag.py:4180} INFO - Setting next_dagrun for iris_pipeline_dag to None, run_after=None
[2026-09-08T07:57:10.344+0000] {processor.py:208} INFO - Processing /opt/airflow/dags/ml_01_iris_pipeline-3.py took 0.127 seconds
[2026-09-08T07:57:40.530+0000] {processor.py:186} INFO - Started process (PID=284) to work on /opt/airflow/dags/ml_01_iris_pipeline-3.py
[2026-09-08T07:57:40.532+0000] {processor.py:914} INFO - Processing file /opt/airflow/dags/ml_01_iris_pipeline-3.py for tasks to queue
[2026-09-08T07:57:40.534+0000] {logging_mixin.py:190} INFO - [2026-09-08T07:57:40.533+0000] {dagbag.py:588} INFO - Filling up the DagBag from /opt/airflow/dags/ml_01_iris_pipeline-3.py
[2026-09-08T07:57:40.558+0000] {processor.py:925} INFO - DAG(s) 'iris_pipeline_dag' retrieved from /opt/airflow/dags/ml_01_iris_pipeline-3.py
[2026-09-08T07:57:40.594+0000] {logging_mixin.py:190} INFO - [2026-09-08T07:57:40.594+0000] {dag.py:3239} INFO - Sync 1 DAGs
[2026-09-08T07:57:40.612+0000] {logging_mixin.py:190} INFO - [2026-09-08T07:57:40.612+0000] {dag.py:4180} INFO - Setting next_dagrun for iris_pipeline_dag to None, run_after=None
[2026-09-08T07:57:40.633+0000] {processor.py:208} INFO - Processing /opt/airflow/dags/ml_01_iris_pipeline-3.py took 0.111 seconds
[2026-09-08T07:58:10.735+0000] {processor.py:186} INFO - Started process (PID=298) to work on /opt/airflow/dags/ml_01_iris_pipeline-3.py
[2026-09-08T07:58:10.736+0000] {processor.py:914} INFO - Processing file /opt/airflow/dags/ml_01_iris_pipeline-3.py for tasks to queue
[2026-09-08T07:58:10.739+0000] {logging_mixin.py:190} INFO - [2026-09-08T07:58:10.738+0000] {dagbag.py:588} INFO - Filling up the DagBag from /opt/airflow/dags/ml_01_iris_pipeline-3.py
[2026-09-08T07:58:10.764+0000] {processor.py:925} INFO - DAG(s) 'iris_pipeline_dag' retrieved from /opt/airflow/dags/ml_01_iris_pipeline-3.py
[2026-09-08T07:58:10.805+0000] {logging_mixin.py:190} INFO - [2026-09-08T07:58:10.804+0000] {dag.py:3239} INFO - Sync 1 DAGs
[2026-09-08T07:58:10.824+0000] {logging_mixin.py:190} INFO - [2026-09-08T07:58:10.824+0000] {dag.py:4180} INFO - Setting next_dagrun for iris_pipeline_dag to None, run_after=None
[2026-09-08T07:58:10.847+0000] {processor.py:208} INFO - Processing /opt/airflow/dags/ml_01_iris_pipeline-3.py took 0.120 seconds
[2026-09-08T07:58:40.950+0000] {processor.py:186} INFO - Started process (PID=312) to work on /opt/airflow/dags/ml_01_iris_pipeline-3.py
[2026-09-08T07:58:40.951+0000] {processor.py:914} INFO - Processing file /opt/airflow/dags/ml_01_iris_pipeline-3.py for tasks to queue
[2026-09-08T07:58:40.953+0000] {logging_mixin.py:190} INFO - [2026-09-08T07:58:40.953+0000] {dagbag.py:588} INFO - Filling up the DagBag from /opt/airflow/dags/ml_01_iris_pipeline-3.py
[2026-09-08T07:58:40.978+0000] {processor.py:925} INFO - DAG(s) 'iris_pipeline_dag' retrieved from /opt/airflow/dags/ml_01_iris_pipeline-3.py
[2026-09-08T07:58:41.018+0000] {logging_mixin.py:190} INFO - [2026-09-08T07:58:41.017+0000] {dag.py:3239} INFO - Sync 1 DAGs
[2026-09-08T07:58:41.035+0000] {logging_mixin.py:190} INFO - [2026-09-08T07:58:41.035+0000] {dag.py:4180} INFO - Setting next_dagrun for iris_pipeline_dag to None, run_after=None
[2026-09-08T07:58:41.059+0000] {processor.py:208} INFO - Processing /opt/airflow/dags/ml_01_iris_pipeline-3.py took 0.115 seconds
[2026-09-08T07:59:11.222+0000] {processor.py:186} INFO - Started process (PID=326) to work on /opt/airflow/dags/ml_01_iris_pipeline-3.py
[2026-09-08T07:59:11.223+0000] {processor.py:914} INFO - Processing file /opt/airflow/dags/ml_01_iris_pipeline-3.py for tasks to queue
[2026-09-08T07:59:11.225+0000] {logging_mixin.py:190} INFO - [2026-09-08T07:59:11.225+0000] {dagbag.py:588} INFO - Filling up the DagBag from /opt/airflow/dags/ml_01_iris_pipeline-3.py
[2026-09-08T07:59:11.247+0000] {processor.py:925} INFO - DAG(s) 'iris_pipeline_dag' retrieved from /opt/airflow/dags/ml_01_iris_pipeline-3.py
[2026-09-08T07:59:11.283+0000] {logging_mixin.py:190} INFO - [2026-09-08T07:59:11.283+0000] {dag.py:3239} INFO - Sync 1 DAGs
[2026-09-08T07:59:11.305+0000] {logging_mixin.py:190} INFO - [2026-09-08T07:59:11.305+0000] {dag.py:4180} INFO - Setting next_dagrun for iris_pipeline_dag to None, run_after=None
[2026-09-08T07:59:11.327+0000] {processor.py:208} INFO - Processing /opt/airflow/dags/ml_01_iris_pipeline-3.py took 0.111 seconds
[2026-09-08T07:59:41.456+0000] {processor.py:186} INFO - Started process (PID=340) to work on /opt/airflow/dags/ml_01_iris_pipeline-3.py
[2026-09-08T07:59:41.457+0000] {processor.py:914} INFO - Processing file /opt/airflow/dags/ml_01_iris_pipeline-3.py for tasks to queue
[2026-09-08T07:59:41.459+0000] {logging_mixin.py:190} INFO - [2026-09-08T07:59:41.458+0000] {dagbag.py:588} INFO - Filling up the DagBag from /opt/airflow/dags/ml_01_iris_pipeline-3.py
[2026-09-08T07:59:41.480+0000] {processor.py:925} INFO - DAG(s) 'iris_pipeline_dag' retrieved from /opt/airflow/dags/ml_01_iris_pipeline-3.py
[2026-09-08T07:59:41.518+0000] {logging_mixin.py:190} INFO - [2026-09-08T07:59:41.518+0000] {dag.py:3239} INFO - Sync 1 DAGs
[2026-09-08T07:59:41.537+0000] {logging_mixin.py:190} INFO - [2026-09-08T07:59:41.537+0000] {dag.py:4180} INFO - Setting next_dagrun for iris_pipeline_dag to None, run_after=None
[2026-09-08T07:59:41.563+0000] {processor.py:208} INFO - Processing /opt/airflow/dags/ml_01_iris_pipeline-3.py took 0.114 seconds
[2026-09-08T08:00:11.899+0000] {processor.py:186} INFO - Started process (PID=353) to work on /opt/airflow/dags/ml_01_iris_pipeline-3.py
[2026-09-08T08:00:11.900+0000] {processor.py:914} INFO - Processing file /opt/airflow/dags/ml_01_iris_pipeline-3.py for tasks to queue
[2026-09-08T08:00:11.902+0000] {logging_mixin.py:190} INFO - [2026-09-08T08:00:11.902+0000] {dagbag.py:588} INFO - Filling up the DagBag from /opt/airflow/dags/ml_01_iris_pipeline-3.py
[2026-09-08T08:00:11.929+0000] {processor.py:925} INFO - DAG(s) 'iris_pipeline_dag' retrieved from /opt/airflow/dags/ml_01_iris_pipeline-3.py
[2026-09-08T08:00:11.974+0000] {logging_mixin.py:190} INFO - [2026-09-08T08:00:11.974+0000] {dag.py:3239} INFO - Sync 1 DAGs
[2026-09-08T08:00:11.995+0000] {logging_mixin.py:190} INFO - [2026-09-08T08:00:11.994+0000] {dag.py:4180} INFO - Setting next_dagrun for iris_pipeline_dag to None, run_after=None
[2026-09-08T08:00:12.021+0000] {processor.py:208} INFO - Processing /opt/airflow/dags/ml_01_iris_pipeline-3.py took 0.133 seconds
[2026-09-08T08:00:42.184+0000] {processor.py:186} INFO - Started process (PID=367) to work on /opt/airflow/dags/ml_01_iris_pipeline-3.py
[2026-09-08T08:00:42.185+0000] {processor.py:914} INFO - Processing file /opt/airflow/dags/ml_01_iris_pipeline-3.py for tasks to queue
[2026-09-08T08:00:42.187+0000] {logging_mixin.py:190} INFO - [2026-09-08T08:00:42.187+0000] {dagbag.py:588} INFO - Filling up the DagBag from /opt/airflow/dags/ml_01_iris_pipeline-3.py
[2026-09-08T08:00:42.213+0000] {processor.py:925} INFO - DAG(s) 'iris_pipeline_dag' retrieved from /opt/airflow/dags/ml_01_iris_pipeline-3.py
[2026-09-08T08:00:42.248+0000] {logging_mixin.py:190} INFO - [2026-09-08T08:00:42.248+0000] {dag.py:3239} INFO - Sync 1 DAGs
[2026-09-08T08:00:42.265+0000] {logging_mixin.py:190} INFO - [2026-09-08T08:00:42.264+0000] {dag.py:4180} INFO - Setting next_dagrun for iris_pipeline_dag to None, run_after=None
[2026-09-08T08:00:42.291+0000] {processor.py:208} INFO - Processing /opt/airflow/dags/ml_01_iris_pipeline-3.py took 0.114 seconds
[2026-09-08T08:01:12.512+0000] {processor.py:186} INFO - Started process (PID=381) to work on /opt/airflow/dags/ml_01_iris_pipeline-3.py
[2026-09-08T08:01:12.514+0000] {processor.py:914} INFO - Processing file /opt/airflow/dags/ml_01_iris_pipeline-3.py for tasks to queue
[2026-09-08T08:01:12.517+0000] {logging_mixin.py:190} INFO - [2026-09-08T08:01:12.516+0000] {dagbag.py:588} INFO - Filling up the DagBag from /opt/airflow/dags/ml_01_iris_pipeline-3.py
[2026-09-08T08:01:12.565+0000] {processor.py:925} INFO - DAG(s) 'iris_pipeline_dag' retrieved from /opt/airflow/dags/ml_01_iris_pipeline-3.py
[2026-09-08T08:01:12.636+0000] {logging_mixin.py:190} INFO - [2026-09-08T08:01:12.636+0000] {dag.py:3239} INFO - Sync 1 DAGs
[2026-09-08T08:01:12.663+0000] {logging_mixin.py:190} INFO - [2026-09-08T08:01:12.663+0000] {dag.py:4180} INFO - Setting next_dagrun for iris_pipeline_dag to None, run_after=None
[2026-09-08T08:01:12.710+0000] {processor.py:208} INFO - Processing /opt/airflow/dags/ml_01_iris_pipeline-3.py took 0.211 seconds
[2026-09-08T08:01:42.853+0000] {processor.py:186} INFO - Started process (PID=395) to work on /opt/airflow/dags/ml_01_iris_pipeline-3.py
[2026-09-08T08:01:42.856+0000] {processor.py:914} INFO - Processing file /opt/airflow/dags/ml_01_iris_pipeline-3.py for tasks to queue
[2026-09-08T08:01:42.859+0000] {logging_mixin.py:190} INFO - [2026-09-08T08:01:42.859+0000] {dagbag.py:588} INFO - Filling up the DagBag from /opt/airflow/dags/ml_01_iris_pipeline-3.py
[2026-09-08T08:01:42.912+0000] {processor.py:925} INFO - DAG(s) 'iris_pipeline_dag' retrieved from /opt/airflow/dags/ml_01_iris_pipeline-3.py
[2026-09-08T08:01:42.976+0000] {logging_mixin.py:190} INFO - [2026-09-08T08:01:42.976+0000] {dag.py:3239} INFO - Sync 1 DAGs
[2026-09-08T08:01:43.015+0000] {logging_mixin.py:190} INFO - [2026-09-08T08:01:43.015+0000] {dag.py:4180} INFO - Setting next_dagrun for iris_pipeline_dag to None, run_after=None
[2026-09-08T08:01:43.058+0000] {processor.py:208} INFO - Processing /opt/airflow/dags/ml_01_iris_pipeline-3.py took 0.220 seconds
[2026-09-08T08:02:13.211+0000] {processor.py:186} INFO - Started process (PID=409) to work on /opt/airflow/dags/ml_01_iris_pipeline-3.py
[2026-09-08T08:02:13.213+0000] {processor.py:914} INFO - Processing file /opt/airflow/dags/ml_01_iris_pipeline-3.py for tasks to queue
[2026-09-08T08:02:13.218+0000] {logging_mixin.py:190} INFO - [2026-09-08T08:02:13.217+0000] {dagbag.py:588} INFO - Filling up the DagBag from /opt/airflow/dags/ml_01_iris_pipeline-3.py
[2026-09-08T08:02:13.264+0000] {processor.py:925} INFO - DAG(s) 'iris_pipeline_dag' retrieved from /opt/airflow/dags/ml_01_iris_pipeline-3.py
[2026-09-08T08:02:13.327+0000] {logging_mixin.py:190} INFO - [2026-09-08T08:02:13.326+0000] {dag.py:3239} INFO - Sync 1 DAGs
[2026-09-08T08:02:13.360+0000] {logging_mixin.py:190} INFO - [2026-09-08T08:02:13.359+0000] {dag.py:4180} INFO - Setting next_dagrun for iris_pipeline_dag to None, run_after=None
[2026-09-08T08:02:13.407+0000] {processor.py:208} INFO - Processing /opt/airflow/dags/ml_01_iris_pipeline-3.py took 0.205 seconds
[2026-09-08T08:02:43.566+0000] {processor.py:186} INFO - Started process (PID=423) to work on /opt/airflow/dags/ml_01_iris_pipeline-3.py
[2026-09-08T08:02:43.568+0000] {processor.py:914} INFO - Processing file /opt/airflow/dags/ml_01_iris_pipeline-3.py for tasks to queue
[2026-09-08T08:02:43.572+0000] {logging_mixin.py:190} INFO - [2026-09-08T08:02:43.571+0000] {dagbag.py:588} INFO - Filling up the DagBag from /opt/airflow/dags/ml_01_iris_pipeline-3.py
[2026-09-08T08:02:43.627+0000] {processor.py:925} INFO - DAG(s) 'iris_pipeline_dag' retrieved from /opt/airflow/dags/ml_01_iris_pipeline-3.py
[2026-09-08T08:02:43.694+0000] {logging_mixin.py:190} INFO - [2026-09-08T08:02:43.693+0000] {dag.py:3239} INFO - Sync 1 DAGs
[2026-09-08T08:02:43.723+0000] {logging_mixin.py:190} INFO - [2026-09-08T08:02:43.723+0000] {dag.py:4180} INFO - Setting next_dagrun for iris_pipeline_dag to None, run_after=None
[2026-09-08T08:02:43.772+0000] {processor.py:208} INFO - Processing /opt/airflow/dags/ml_01_iris_pipeline-3.py took 0.219 seconds
[2026-09-08T08:03:13.966+0000] {processor.py:186} INFO - Started process (PID=437) to work on /opt/airflow/dags/ml_01_iris_pipeline-3.py
[2026-09-08T08:03:13.968+0000] {processor.py:914} INFO - Processing file /opt/airflow/dags/ml_01_iris_pipeline-3.py for tasks to queue
[2026-09-08T08:03:13.973+0000] {logging_mixin.py:190} INFO - [2026-09-08T08:03:13.972+0000] {dagbag.py:588} INFO - Filling up the DagBag from /opt/airflow/dags/ml_01_iris_pipeline-3.py
[2026-09-08T08:03:14.015+0000] {processor.py:925} INFO - DAG(s) 'iris_pipeline_dag' retrieved from /opt/airflow/dags/ml_01_iris_pipeline-3.py
[2026-09-08T08:03:14.081+0000] {logging_mixin.py:190} INFO - [2026-09-08T08:03:14.080+0000] {dag.py:3239} INFO - Sync 1 DAGs
[2026-09-08T08:03:14.107+0000] {logging_mixin.py:190} INFO - [2026-09-08T08:03:14.106+0000] {dag.py:4180} INFO - Setting next_dagrun for iris_pipeline_dag to None, run_after=None
[2026-09-08T08:03:14.142+0000] {processor.py:208} INFO - Processing /opt/airflow/dags/ml_01_iris_pipeline-3.py took 0.187 seconds
[2026-09-08T08:03:44.323+0000] {processor.py:186} INFO - Started process (PID=451) to work on /opt/airflow/dags/ml_01_iris_pipeline-3.py
[2026-09-08T08:03:44.325+0000] {processor.py:914} INFO - Processing file /opt/airflow/dags/ml_01_iris_pipeline-3.py for tasks to queue
[2026-09-08T08:03:44.328+0000] {logging_mixin.py:190} INFO - [2026-09-08T08:03:44.328+0000] {dagbag.py:588} INFO - Filling up the DagBag from /opt/airflow/dags/ml_01_iris_pipeline-3.py
[2026-09-08T08:03:44.374+0000] {processor.py:925} INFO - DAG(s) 'iris_pipeline_dag' retrieved from /opt/airflow/dags/ml_01_iris_pipeline-3.py
[2026-09-08T08:03:44.448+0000] {logging_mixin.py:190} INFO - [2026-09-08T08:03:44.447+0000] {dag.py:3239} INFO - Sync 1 DAGs
[2026-09-08T08:03:44.474+0000] {logging_mixin.py:190} INFO - [2026-09-08T08:03:44.474+0000] {dag.py:4180} INFO - Setting next_dagrun for iris_pipeline_dag to None, run_after=None
[2026-09-08T08:03:44.513+0000] {processor.py:208} INFO - Processing /opt/airflow/dags/ml_01_iris_pipeline-3.py took 0.202 seconds
[2026-09-08T08:04:14.667+0000] {processor.py:186} INFO - Started process (PID=465) to work on /opt/airflow/dags/ml_01_iris_pipeline-3.py
[2026-09-08T08:04:14.668+0000] {processor.py:914} INFO - Processing file /opt/airflow/dags/ml_01_iris_pipeline-3.py for tasks to queue
[2026-09-08T08:04:14.671+0000] {logging_mixin.py:190} INFO - [2026-09-08T08:04:14.671+0000] {dagbag.py:588} INFO - Filling up the DagBag from /opt/airflow/dags/ml_01_iris_pipeline-3.py
[2026-09-08T08:04:14.712+0000] {processor.py:925} INFO - DAG(s) 'iris_pipeline_dag' retrieved from /opt/airflow/dags/ml_01_iris_pipeline-3.py
[2026-09-08T08:04:14.773+0000] {logging_mixin.py:190} INFO - [2026-09-08T08:04:14.772+0000] {dag.py:3239} INFO - Sync 1 DAGs
[2026-09-08T08:04:14.799+0000] {logging_mixin.py:190} INFO - [2026-09-08T08:04:14.799+0000] {dag.py:4180} INFO - Setting next_dagrun for iris_pipeline_dag to None, run_after=None
[2026-09-08T08:04:14.840+0000] {processor.py:208} INFO - Processing /opt/airflow/dags/ml_01_iris_pipeline-3.py took 0.185 seconds
[2026-09-08T08:04:45.013+0000] {processor.py:186} INFO - Started process (PID=479) to work on /opt/airflow/dags/ml_01_iris_pipeline-3.py
[2026-09-08T08:04:45.016+0000] {processor.py:914} INFO - Processing file /opt/airflow/dags/ml_01_iris_pipeline-3.py for tasks to queue
[2026-09-08T08:04:45.019+0000] {logging_mixin.py:190} INFO - [2026-09-08T08:04:45.018+0000] {dagbag.py:588} INFO - Filling up the DagBag from /opt/airflow/dags/ml_01_iris_pipeline-3.py
[2026-09-08T08:04:45.075+0000] {processor.py:925} INFO - DAG(s) 'iris_pipeline_dag' retrieved from /opt/airflow/dags/ml_01_iris_pipeline-3.py
[2026-09-08T08:04:45.134+0000] {logging_mixin.py:190} INFO - [2026-09-08T08:04:45.134+0000] {dag.py:3239} INFO - Sync 1 DAGs
[2026-09-08T08:04:45.161+0000] {logging_mixin.py:190} INFO - [2026-09-08T08:04:45.161+0000] {dag.py:4180} INFO - Setting next_dagrun for iris_pipeline_dag to None, run_after=None
[2026-09-08T08:04:45.201+0000] {processor.py:208} INFO - Processing /opt/airflow/dags/ml_01_iris_pipeline-3.py took 0.205 seconds
[2026-09-08T08:05:15.332+0000] {processor.py:186} INFO - Started process (PID=493) to work on /opt/airflow/dags/ml_01_iris_pipeline-3.py
[2026-09-08T08:05:15.333+0000] {processor.py:914} INFO - Processing file /opt/airflow/dags/ml_01_iris_pipeline-3.py for tasks to queue
[2026-09-08T08:05:15.337+0000] {logging_mixin.py:190} INFO - [2026-09-08T08:05:15.336+0000] {dagbag.py:588} INFO - Filling up the DagBag from /opt/airflow/dags/ml_01_iris_pipeline-3.py
[2026-09-08T08:05:15.380+0000] {processor.py:925} INFO - DAG(s) 'iris_pipeline_dag' retrieved from /opt/airflow/dags/ml_01_iris_pipeline-3.py
[2026-09-08T08:05:15.443+0000] {logging_mixin.py:190} INFO - [2026-09-08T08:05:15.442+0000] {dag.py:3239} INFO - Sync 1 DAGs
[2026-09-08T08:05:15.470+0000] {logging_mixin.py:190} INFO - [2026-09-08T08:05:15.470+0000] {dag.py:4180} INFO - Setting next_dagrun for iris_pipeline_dag to None, run_after=None
[2026-09-08T08:05:15.517+0000] {processor.py:208} INFO - Processing /opt/airflow/dags/ml_01_iris_pipeline-3.py took 0.198 seconds
[2026-09-08T08:05:45.702+0000] {processor.py:186} INFO - Started process (PID=507) to work on /opt/airflow/dags/ml_01_iris_pipeline-3.py
[2026-09-08T08:05:45.705+0000] {processor.py:914} INFO - Processing file /opt/airflow/dags/ml_01_iris_pipeline-3.py for tasks to queue
[2026-09-08T08:05:45.710+0000] {logging_mixin.py:190} INFO - [2026-09-08T08:05:45.709+0000] {dagbag.py:588} INFO - Filling up the DagBag from /opt/airflow/dags/ml_01_iris_pipeline-3.py
[2026-09-08T08:05:45.758+0000] {processor.py:925} INFO - DAG(s) 'iris_pipeline_dag' retrieved from /opt/airflow/dags/ml_01_iris_pipeline-3.py
[2026-09-08T08:05:45.827+0000] {logging_mixin.py:190} INFO - [2026-09-08T08:05:45.826+0000] {dag.py:3239} INFO - Sync 1 DAGs
[2026-09-08T08:05:45.860+0000] {logging_mixin.py:190} INFO - [2026-09-08T08:05:45.860+0000] {dag.py:4180} INFO - Setting next_dagrun for iris_pipeline_dag to None, run_after=None
[2026-09-08T08:05:45.910+0000] {processor.py:208} INFO - Processing /opt/airflow/dags/ml_01_iris_pipeline-3.py took 0.227 seconds
[2026-09-08T08:06:16.316+0000] {processor.py:186} INFO - Started process (PID=522) to work on /opt/airflow/dags/ml_01_iris_pipeline-3.py
[2026-09-08T08:06:16.317+0000] {processor.py:914} INFO - Processing file /opt/airflow/dags/ml_01_iris_pipeline-3.py for tasks to queue
[2026-09-08T08:06:16.321+0000] {logging_mixin.py:190} INFO - [2026-09-08T08:06:16.320+0000] {dagbag.py:588} INFO - Filling up the DagBag from /opt/airflow/dags/ml_01_iris_pipeline-3.py
[2026-09-08T08:06:16.365+0000] {processor.py:925} INFO - DAG(s) 'iris_pipeline_dag' retrieved from /opt/airflow/dags/ml_01_iris_pipeline-3.py
[2026-09-08T08:06:16.431+0000] {logging_mixin.py:190} INFO - [2026-09-08T08:06:16.430+0000] {dag.py:3239} INFO - Sync 1 DAGs
[2026-09-08T08:06:16.462+0000] {logging_mixin.py:190} INFO - [2026-09-08T08:06:16.462+0000] {dag.py:4180} INFO - Setting next_dagrun for iris_pipeline_dag to None, run_after=None
[2026-09-08T08:06:16.509+0000] {processor.py:208} INFO - Processing /opt/airflow/dags/ml_01_iris_pipeline-3.py took 0.205 seconds
[2026-09-08T08:06:46.752+0000] {processor.py:186} INFO - Started process (PID=536) to work on /opt/airflow/dags/ml_01_iris_pipeline-3.py
[2026-09-08T08:06:46.753+0000] {processor.py:914} INFO - Processing file /opt/airflow/dags/ml_01_iris_pipeline-3.py for tasks to queue
[2026-09-08T08:06:46.758+0000] {logging_mixin.py:190} INFO - [2026-09-08T08:06:46.757+0000] {dagbag.py:588} INFO - Filling up the DagBag from /opt/airflow/dags/ml_01_iris_pipeline-3.py
[2026-09-08T08:06:46.805+0000] {processor.py:925} INFO - DAG(s) 'iris_pipeline_dag' retrieved from /opt/airflow/dags/ml_01_iris_pipeline-3.py
[2026-09-08T08:06:46.869+0000] {logging_mixin.py:190} INFO - [2026-09-08T08:06:46.869+0000] {dag.py:3239} INFO - Sync 1 DAGs
[2026-09-08T08:06:46.899+0000] {logging_mixin.py:190} INFO - [2026-09-08T08:06:46.899+0000] {dag.py:4180} INFO - Setting next_dagrun for iris_pipeline_dag to None, run_after=None
[2026-09-08T08:06:46.939+0000] {processor.py:208} INFO - Processing /opt/airflow/dags/ml_01_iris_pipeline-3.py took 0.200 seconds
[2026-09-08T08:07:17.150+0000] {processor.py:186} INFO - Started process (PID=550) to work on /opt/airflow/dags/ml_01_iris_pipeline-3.py
[2026-09-08T08:07:17.152+0000] {processor.py:914} INFO - Processing file /opt/airflow/dags/ml_01_iris_pipeline-3.py for tasks to queue
[2026-09-08T08:07:17.156+0000] {logging_mixin.py:190} INFO - [2026-09-08T08:07:17.156+0000] {dagbag.py:588} INFO - Filling up the DagBag from /opt/airflow/dags/ml_01_iris_pipeline-3.py
[2026-09-08T08:07:17.201+0000] {processor.py:925} INFO - DAG(s) 'iris_pipeline_dag' retrieved from /opt/airflow/dags/ml_01_iris_pipeline-3.py
[2026-09-08T08:07:17.277+0000] {logging_mixin.py:190} INFO - [2026-09-08T08:07:17.277+0000] {dag.py:3239} INFO - Sync 1 DAGs
[2026-09-08T08:07:17.318+0000] {logging_mixin.py:190} INFO - [2026-09-08T08:07:17.318+0000] {dag.py:4180} INFO - Setting next_dagrun for iris_pipeline_dag to None, run_after=None
[2026-09-08T08:07:17.360+0000] {processor.py:208} INFO - Processing /opt/airflow/dags/ml_01_iris_pipeline-3.py took 0.224 seconds
[2026-09-08T08:07:47.735+0000] {processor.py:186} INFO - Started process (PID=564) to work on /opt/airflow/dags/ml_01_iris_pipeline-3.py
[2026-09-08T08:07:47.738+0000] {processor.py:914} INFO - Processing file /opt/airflow/dags/ml_01_iris_pipeline-3.py for tasks to queue
[2026-09-08T08:07:47.745+0000] {logging_mixin.py:190} INFO - [2026-09-08T08:07:47.744+0000] {dagbag.py:588} INFO - Filling up the DagBag from /opt/airflow/dags/ml_01_iris_pipeline-3.py
[2026-09-08T08:07:47.822+0000] {processor.py:925} INFO - DAG(s) 'iris_pipeline_dag' retrieved from /opt/airflow/dags/ml_01_iris_pipeline-3.py
[2026-09-08T08:07:47.928+0000] {logging_mixin.py:190} INFO - [2026-09-08T08:07:47.928+0000] {dag.py:3239} INFO - Sync 1 DAGs
[2026-09-08T08:07:47.969+0000] {logging_mixin.py:190} INFO - [2026-09-08T08:07:47.969+0000] {dag.py:4180} INFO - Setting next_dagrun for iris_pipeline_dag to None, run_after=None
[2026-09-08T08:07:48.013+0000] {processor.py:208} INFO - Processing /opt/airflow/dags/ml_01_iris_pipeline-3.py took 0.320 seconds
[2026-09-08T08:08:18.229+0000] {processor.py:186} INFO - Started process (PID=578) to work on /opt/airflow/dags/ml_01_iris_pipeline-3.py
[2026-09-08T08:08:18.231+0000] {processor.py:914} INFO - Processing file /opt/airflow/dags/ml_01_iris_pipeline-3.py for tasks to queue
[2026-09-08T08:08:18.235+0000] {logging_mixin.py:190} INFO - [2026-09-08T08:08:18.234+0000] {dagbag.py:588} INFO - Filling up the DagBag from /opt/airflow/dags/ml_01_iris_pipeline-3.py
[2026-09-08T08:08:18.279+0000] {processor.py:925} INFO - DAG(s) 'iris_pipeline_dag' retrieved from /opt/airflow/dags/ml_01_iris_pipeline-3.py
[2026-09-08T08:08:18.342+0000] {logging_mixin.py:190} INFO - [2026-09-08T08:08:18.342+0000] {dag.py:3239} INFO - Sync 1 DAGs
[2026-09-08T08:08:18.369+0000] {logging_mixin.py:190} INFO - [2026-09-08T08:08:18.369+0000] {dag.py:4180} INFO - Setting next_dagrun for iris_pipeline_dag to None, run_after=None
[2026-09-08T08:08:18.411+0000] {processor.py:208} INFO - Processing /opt/airflow/dags/ml_01_iris_pipeline-3.py took 0.194 seconds
[2026-09-08T08:08:48.630+0000] {processor.py:186} INFO - Started process (PID=592) to work on /opt/airflow/dags/ml_01_iris_pipeline-3.py
[2026-09-08T08:08:48.633+0000] {processor.py:914} INFO - Processing file /opt/airflow/dags/ml_01_iris_pipeline-3.py for tasks to queue
[2026-09-08T08:08:48.636+0000] {logging_mixin.py:190} INFO - [2026-09-08T08:08:48.636+0000] {dagbag.py:588} INFO - Filling up the DagBag from /opt/airflow/dags/ml_01_iris_pipeline-3.py
[2026-09-08T08:08:48.683+0000] {processor.py:925} INFO - DAG(s) 'iris_pipeline_dag' retrieved from /opt/airflow/dags/ml_01_iris_pipeline-3.py
[2026-09-08T08:08:48.756+0000] {logging_mixin.py:190} INFO - [2026-09-08T08:08:48.756+0000] {dag.py:3239} INFO - Sync 1 DAGs
[2026-09-08T08:08:48.792+0000] {logging_mixin.py:190} INFO - [2026-09-08T08:08:48.792+0000] {dag.py:4180} INFO - Setting next_dagrun for iris_pipeline_dag to None, run_after=None
[2026-09-08T08:08:48.841+0000] {processor.py:208} INFO - Processing /opt/airflow/dags/ml_01_iris_pipeline-3.py took 0.227 seconds
[2026-09-08T08:09:19.169+0000] {processor.py:186} INFO - Started process (PID=604) to work on /opt/airflow/dags/ml_01_iris_pipeline-3.py
[2026-09-08T08:09:19.171+0000] {processor.py:914} INFO - Processing file /opt/airflow/dags/ml_01_iris_pipeline-3.py for tasks to queue
[2026-09-08T08:09:19.174+0000] {logging_mixin.py:190} INFO - [2026-09-08T08:09:19.174+0000] {dagbag.py:588} INFO - Filling up the DagBag from /opt/airflow/dags/ml_01_iris_pipeline-3.py
[2026-09-08T08:09:19.214+0000] {processor.py:925} INFO - DAG(s) 'iris_pipeline_dag' retrieved from /opt/airflow/dags/ml_01_iris_pipeline-3.py
[2026-09-08T08:09:19.281+0000] {logging_mixin.py:190} INFO - [2026-09-08T08:09:19.281+0000] {dag.py:3239} INFO - Sync 1 DAGs
[2026-09-08T08:09:19.312+0000] {logging_mixin.py:190} INFO - [2026-09-08T08:09:19.312+0000] {dag.py:4180} INFO - Setting next_dagrun for iris_pipeline_dag to None, run_after=None
[2026-09-08T08:09:19.354+0000] {processor.py:208} INFO - Processing /opt/airflow/dags/ml_01_iris_pipeline-3.py took 0.196 seconds
[2026-09-08T08:09:50.195+0000] {processor.py:186} INFO - Started process (PID=618) to work on /opt/airflow/dags/ml_01_iris_pipeline-3.py
[2026-09-08T08:09:50.197+0000] {processor.py:914} INFO - Processing file /opt/airflow/dags/ml_01_iris_pipeline-3.py for tasks to queue
[2026-09-08T08:09:50.201+0000] {logging_mixin.py:190} INFO - [2026-09-08T08:09:50.200+0000] {dagbag.py:588} INFO - Filling up the DagBag from /opt/airflow/dags/ml_01_iris_pipeline-3.py
[2026-09-08T08:09:50.247+0000] {processor.py:925} INFO - DAG(s) 'iris_pipeline_dag' retrieved from /opt/airflow/dags/ml_01_iris_pipeline-3.py
[2026-09-08T08:09:50.321+0000] {logging_mixin.py:190} INFO - [2026-09-08T08:09:50.320+0000] {dag.py:3239} INFO - Sync 1 DAGs
[2026-09-08T08:09:50.354+0000] {logging_mixin.py:190} INFO - [2026-09-08T08:09:50.353+0000] {dag.py:4180} INFO - Setting next_dagrun for iris_pipeline_dag to None, run_after=None
[2026-09-08T08:09:50.394+0000] {processor.py:208} INFO - Processing /opt/airflow/dags/ml_01_iris_pipeline-3.py took 0.216 seconds
[2026-09-08T08:10:20.636+0000] {processor.py:186} INFO - Started process (PID=632) to work on /opt/airflow/dags/ml_01_iris_pipeline-3.py
[2026-09-08T08:10:20.638+0000] {processor.py:914} INFO - Processing file /opt/airflow/dags/ml_01_iris_pipeline-3.py for tasks to queue
[2026-09-08T08:10:20.643+0000] {logging_mixin.py:190} INFO - [2026-09-08T08:10:20.642+0000] {dagbag.py:588} INFO - Filling up the DagBag from /opt/airflow/dags/ml_01_iris_pipeline-3.py
[2026-09-08T08:10:20.697+0000] {processor.py:925} INFO - DAG(s) 'iris_pipeline_dag' retrieved from /opt/airflow/dags/ml_01_iris_pipeline-3.py
[2026-09-08T08:10:20.770+0000] {logging_mixin.py:190} INFO - [2026-09-08T08:10:20.769+0000] {dag.py:3239} INFO - Sync 1 DAGs
[2026-09-08T08:10:20.802+0000] {logging_mixin.py:190} INFO - [2026-09-08T08:10:20.802+0000] {dag.py:4180} INFO - Setting next_dagrun for iris_pipeline_dag to None, run_after=None
[2026-09-08T08:10:20.844+0000] {processor.py:208} INFO - Processing /opt/airflow/dags/ml_01_iris_pipeline-3.py took 0.227 seconds
[2026-09-08T08:10:51.042+0000] {processor.py:186} INFO - Started process (PID=652) to work on /opt/airflow/dags/ml_01_iris_pipeline-3.py
[2026-09-08T08:10:51.044+0000] {processor.py:914} INFO - Processing file /opt/airflow/dags/ml_01_iris_pipeline-3.py for tasks to queue
[2026-09-08T08:10:51.048+0000] {logging_mixin.py:190} INFO - [2026-09-08T08:10:51.047+0000] {dagbag.py:588} INFO - Filling up the DagBag from /opt/airflow/dags/ml_01_iris_pipeline-3.py
[2026-09-08T08:10:51.095+0000] {processor.py:925} INFO - DAG(s) 'iris_pipeline_dag' retrieved from /opt/airflow/dags/ml_01_iris_pipeline-3.py
[2026-09-08T08:10:51.158+0000] {logging_mixin.py:190} INFO - [2026-09-08T08:10:51.158+0000] {dag.py:3239} INFO - Sync 1 DAGs
[2026-09-08T08:10:51.187+0000] {logging_mixin.py:190} INFO - [2026-09-08T08:10:51.186+0000] {dag.py:4180} INFO - Setting next_dagrun for iris_pipeline_dag to None, run_after=None
[2026-09-08T08:10:51.232+0000] {processor.py:208} INFO - Processing /opt/airflow/dags/ml_01_iris_pipeline-3.py took 0.207 seconds
[2026-09-08T08:11:21.965+0000] {processor.py:186} INFO - Started process (PID=666) to work on /opt/airflow/dags/ml_01_iris_pipeline-3.py
[2026-09-08T08:11:21.967+0000] {processor.py:914} INFO - Processing file /opt/airflow/dags/ml_01_iris_pipeline-3.py for tasks to queue
[2026-09-08T08:11:21.971+0000] {logging_mixin.py:190} INFO - [2026-09-08T08:11:21.970+0000] {dagbag.py:588} INFO - Filling up the DagBag from /opt/airflow/dags/ml_01_iris_pipeline-3.py
[2026-09-08T08:11:22.016+0000] {processor.py:925} INFO - DAG(s) 'iris_pipeline_dag' retrieved from /opt/airflow/dags/ml_01_iris_pipeline-3.py
[2026-09-08T08:11:22.087+0000] {logging_mixin.py:190} INFO - [2026-09-08T08:11:22.087+0000] {dag.py:3239} INFO - Sync 1 DAGs
[2026-09-08T08:11:22.123+0000] {logging_mixin.py:190} INFO - [2026-09-08T08:11:22.123+0000] {dag.py:4180} INFO - Setting next_dagrun for iris_pipeline_dag to None, run_after=None
[2026-09-08T08:11:22.179+0000] {processor.py:208} INFO - Processing /opt/airflow/dags/ml_01_iris_pipeline-3.py took 0.230 seconds
[2026-09-08T08:11:52.482+0000] {processor.py:186} INFO - Started process (PID=680) to work on /opt/airflow/dags/ml_01_iris_pipeline-3.py
[2026-09-08T08:11:52.484+0000] {processor.py:914} INFO - Processing file /opt/airflow/dags/ml_01_iris_pipeline-3.py for tasks to queue
[2026-09-08T08:11:52.488+0000] {logging_mixin.py:190} INFO - [2026-09-08T08:11:52.487+0000] {dagbag.py:588} INFO - Filling up the DagBag from /opt/airflow/dags/ml_01_iris_pipeline-3.py
[2026-09-08T08:11:52.532+0000] {processor.py:925} INFO - DAG(s) 'iris_pipeline_dag' retrieved from /opt/airflow/dags/ml_01_iris_pipeline-3.py
[2026-09-08T08:11:52.591+0000] {logging_mixin.py:190} INFO - [2026-09-08T08:11:52.591+0000] {dag.py:3239} INFO - Sync 1 DAGs
[2026-09-08T08:11:52.618+0000] {logging_mixin.py:190} INFO - [2026-09-08T08:11:52.618+0000] {dag.py:4180} INFO - Setting next_dagrun for iris_pipeline_dag to None, run_after=None
[2026-09-08T08:11:52.652+0000] {processor.py:208} INFO - Processing /opt/airflow/dags/ml_01_iris_pipeline-3.py took 0.181 seconds
[2026-09-08T08:12:22.813+0000] {processor.py:186} INFO - Started process (PID=694) to work on /opt/airflow/dags/ml_01_iris_pipeline-3.py
[2026-09-08T08:12:22.815+0000] {processor.py:914} INFO - Processing file /opt/airflow/dags/ml_01_iris_pipeline-3.py for tasks to queue
[2026-09-08T08:12:22.819+0000] {logging_mixin.py:190} INFO - [2026-09-08T08:12:22.818+0000] {dagbag.py:588} INFO - Filling up the DagBag from /opt/airflow/dags/ml_01_iris_pipeline-3.py
[2026-09-08T08:12:22.874+0000] {processor.py:925} INFO - DAG(s) 'iris_pipeline_dag' retrieved from /opt/airflow/dags/ml_01_iris_pipeline-3.py
[2026-09-08T08:12:22.943+0000] {logging_mixin.py:190} INFO - [2026-09-08T08:12:22.943+0000] {dag.py:3239} INFO - Sync 1 DAGs
[2026-09-08T08:12:22.971+0000] {logging_mixin.py:190} INFO - [2026-09-08T08:12:22.970+0000] {dag.py:4180} INFO - Setting next_dagrun for iris_pipeline_dag to None, run_after=None
[2026-09-08T08:12:23.006+0000] {processor.py:208} INFO - Processing /opt/airflow/dags/ml_01_iris_pipeline-3.py took 0.205 seconds
[2026-09-08T08:12:53.143+0000] {processor.py:186} INFO - Started process (PID=708) to work on /opt/airflow/dags/ml_01_iris_pipeline-3.py
[2026-09-08T08:12:53.145+0000] {processor.py:914} INFO - Processing file /opt/airflow/dags/ml_01_iris_pipeline-3.py for tasks to queue
[2026-09-08T08:12:53.149+0000] {logging_mixin.py:190} INFO - [2026-09-08T08:12:53.148+0000] {dagbag.py:588} INFO - Filling up the DagBag from /opt/airflow/dags/ml_01_iris_pipeline-3.py
[2026-09-08T08:12:53.196+0000] {processor.py:925} INFO - DAG(s) 'iris_pipeline_dag' retrieved from /opt/airflow/dags/ml_01_iris_pipeline-3.py
[2026-09-08T08:12:53.260+0000] {logging_mixin.py:190} INFO - [2026-09-08T08:12:53.259+0000] {dag.py:3239} INFO - Sync 1 DAGs
[2026-09-08T08:12:53.288+0000] {logging_mixin.py:190} INFO - [2026-09-08T08:12:53.288+0000] {dag.py:4180} INFO - Setting next_dagrun for iris_pipeline_dag to None, run_after=None
[2026-09-08T08:12:53.334+0000] {processor.py:208} INFO - Processing /opt/airflow/dags/ml_01_iris_pipeline-3.py took 0.208 seconds
[2026-09-08T08:13:24.071+0000] {processor.py:186} INFO - Started process (PID=722) to work on /opt/airflow/dags/ml_01_iris_pipeline-3.py
[2026-09-08T08:13:24.073+0000] {processor.py:914} INFO - Processing file /opt/airflow/dags/ml_01_iris_pipeline-3.py for tasks to queue
[2026-09-08T08:13:24.077+0000] {logging_mixin.py:190} INFO - [2026-09-08T08:13:24.076+0000] {dagbag.py:588} INFO - Filling up the DagBag from /opt/airflow/dags/ml_01_iris_pipeline-3.py
[2026-09-08T08:13:24.120+0000] {processor.py:925} INFO - DAG(s) 'iris_pipeline_dag' retrieved from /opt/airflow/dags/ml_01_iris_pipeline-3.py
[2026-09-08T08:13:24.187+0000] {logging_mixin.py:190} INFO - [2026-09-08T08:13:24.186+0000] {dag.py:3239} INFO - Sync 1 DAGs
[2026-09-08T08:13:24.218+0000] {logging_mixin.py:190} INFO - [2026-09-08T08:13:24.217+0000] {dag.py:4180} INFO - Setting next_dagrun for iris_pipeline_dag to None, run_after=None
[2026-09-08T08:13:24.259+0000] {processor.py:208} INFO - Processing /opt/airflow/dags/ml_01_iris_pipeline-3.py took 0.203 seconds
[2026-09-08T08:13:54.626+0000] {processor.py:186} INFO - Started process (PID=736) to work on /opt/airflow/dags/ml_01_iris_pipeline-3.py
[2026-09-08T08:13:54.628+0000] {processor.py:914} INFO - Processing file /opt/airflow/dags/ml_01_iris_pipeline-3.py for tasks to queue
[2026-09-08T08:13:54.632+0000] {logging_mixin.py:190} INFO - [2026-09-08T08:13:54.631+0000] {dagbag.py:588} INFO - Filling up the DagBag from /opt/airflow/dags/ml_01_iris_pipeline-3.py
[2026-09-08T08:13:54.679+0000] {processor.py:925} INFO - DAG(s) 'iris_pipeline_dag' retrieved from /opt/airflow/dags/ml_01_iris_pipeline-3.py
[2026-09-08T08:13:54.747+0000] {logging_mixin.py:190} INFO - [2026-09-08T08:13:54.746+0000] {dag.py:3239} INFO - Sync 1 DAGs
[2026-09-08T08:13:54.776+0000] {logging_mixin.py:190} INFO - [2026-09-08T08:13:54.776+0000] {dag.py:4180} INFO - Setting next_dagrun for iris_pipeline_dag to None, run_after=None
[2026-09-08T08:13:54.812+0000] {processor.py:208} INFO - Processing /opt/airflow/dags/ml_01_iris_pipeline-3.py took 0.199 seconds
[2026-09-08T08:14:24.979+0000] {processor.py:186} INFO - Started process (PID=750) to work on /opt/airflow/dags/ml_01_iris_pipeline-3.py
[2026-09-08T08:14:24.980+0000] {processor.py:914} INFO - Processing file /opt/airflow/dags/ml_01_iris_pipeline-3.py for tasks to queue
[2026-09-08T08:14:24.984+0000] {logging_mixin.py:190} INFO - [2026-09-08T08:14:24.983+0000] {dagbag.py:588} INFO - Filling up the DagBag from /opt/airflow/dags/ml_01_iris_pipeline-3.py
[2026-09-08T08:14:25.037+0000] {processor.py:925} INFO - DAG(s) 'iris_pipeline_dag' retrieved from /opt/airflow/dags/ml_01_iris_pipeline-3.py
[2026-09-08T08:14:25.105+0000] {logging_mixin.py:190} INFO - [2026-09-08T08:14:25.105+0000] {dag.py:3239} INFO - Sync 1 DAGs
[2026-09-08T08:14:25.139+0000] {logging_mixin.py:190} INFO - [2026-09-08T08:14:25.138+0000] {dag.py:4180} INFO - Setting next_dagrun for iris_pipeline_dag to None, run_after=None
[2026-09-08T08:14:25.181+0000] {processor.py:208} INFO - Processing /opt/airflow/dags/ml_01_iris_pipeline-3.py took 0.217 seconds
[2026-09-08T08:14:55.523+0000] {processor.py:186} INFO - Started process (PID=764) to work on /opt/airflow/dags/ml_01_iris_pipeline-3.py
[2026-09-08T08:14:55.525+0000] {processor.py:914} INFO - Processing file /opt/airflow/dags/ml_01_iris_pipeline-3.py for tasks to queue
[2026-09-08T08:14:55.528+0000] {logging_mixin.py:190} INFO - [2026-09-08T08:14:55.527+0000] {dagbag.py:588} INFO - Filling up the DagBag from /opt/airflow/dags/ml_01_iris_pipeline-3.py
[2026-09-08T08:14:55.573+0000] {processor.py:925} INFO - DAG(s) 'iris_pipeline_dag' retrieved from /opt/airflow/dags/ml_01_iris_pipeline-3.py
[2026-09-08T08:14:55.631+0000] {logging_mixin.py:190} INFO - [2026-09-08T08:14:55.630+0000] {dag.py:3239} INFO - Sync 1 DAGs
[2026-09-08T08:14:55.656+0000] {logging_mixin.py:190} INFO - [2026-09-08T08:14:55.655+0000] {dag.py:4180} INFO - Setting next_dagrun for iris_pipeline_dag to None, run_after=None
[2026-09-08T08:14:55.698+0000] {processor.py:208} INFO - Processing /opt/airflow/dags/ml_01_iris_pipeline-3.py took 0.186 seconds
[2026-09-08T08:15:26.025+0000] {processor.py:186} INFO - Started process (PID=778) to work on /opt/airflow/dags/ml_01_iris_pipeline-3.py
[2026-09-08T08:15:26.027+0000] {processor.py:914} INFO - Processing file /opt/airflow/dags/ml_01_iris_pipeline-3.py for tasks to queue
[2026-09-08T08:15:26.031+0000] {logging_mixin.py:190} INFO - [2026-09-08T08:15:26.030+0000] {dagbag.py:588} INFO - Filling up the DagBag from /opt/airflow/dags/ml_01_iris_pipeline-3.py
[2026-09-08T08:15:26.074+0000] {processor.py:925} INFO - DAG(s) 'iris_pipeline_dag' retrieved from /opt/airflow/dags/ml_01_iris_pipeline-3.py
[2026-09-08T08:15:26.130+0000] {logging_mixin.py:190} INFO - [2026-09-08T08:15:26.130+0000] {dag.py:3239} INFO - Sync 1 DAGs
[2026-09-08T08:15:26.155+0000] {logging_mixin.py:190} INFO - [2026-09-08T08:15:26.155+0000] {dag.py:4180} INFO - Setting next_dagrun for iris_pipeline_dag to None, run_after=None
[2026-09-08T08:15:26.195+0000] {processor.py:208} INFO - Processing /opt/airflow/dags/ml_01_iris_pipeline-3.py took 0.182 seconds
[2026-09-08T08:15:56.309+0000] {processor.py:186} INFO - Started process (PID=792) to work on /opt/airflow/dags/ml_01_iris_pipeline-3.py
[2026-09-08T08:15:56.311+0000] {processor.py:914} INFO - Processing file /opt/airflow/dags/ml_01_iris_pipeline-3.py for tasks to queue
[2026-09-08T08:15:56.314+0000] {logging_mixin.py:190} INFO - [2026-09-08T08:15:56.314+0000] {dagbag.py:588} INFO - Filling up the DagBag from /opt/airflow/dags/ml_01_iris_pipeline-3.py
[2026-09-08T08:15:56.359+0000] {processor.py:925} INFO - DAG(s) 'iris_pipeline_dag' retrieved from /opt/airflow/dags/ml_01_iris_pipeline-3.py
[2026-09-08T08:15:56.419+0000] {logging_mixin.py:190} INFO - [2026-09-08T08:15:56.418+0000] {dag.py:3239} INFO - Sync 1 DAGs
[2026-09-08T08:15:56.445+0000] {logging_mixin.py:190} INFO - [2026-09-08T08:15:56.444+0000] {dag.py:4180} INFO - Setting next_dagrun for iris_pipeline_dag to None, run_after=None
[2026-09-08T08:15:56.488+0000] {processor.py:208} INFO - Processing /opt/airflow/dags/ml_01_iris_pipeline-3.py took 0.190 seconds
[2026-09-08T08:16:26.806+0000] {processor.py:186} INFO - Started process (PID=806) to work on /opt/airflow/dags/ml_01_iris_pipeline-3.py
[2026-09-08T08:16:26.808+0000] {processor.py:914} INFO - Processing file /opt/airflow/dags/ml_01_iris_pipeline-3.py for tasks to queue
[2026-09-08T08:16:26.811+0000] {logging_mixin.py:190} INFO - [2026-09-08T08:16:26.810+0000] {dagbag.py:588} INFO - Filling up the DagBag from /opt/airflow/dags/ml_01_iris_pipeline-3.py
[2026-09-08T08:16:26.850+0000] {processor.py:925} INFO - DAG(s) 'iris_pipeline_dag' retrieved from /opt/airflow/dags/ml_01_iris_pipeline-3.py
[2026-09-08T08:16:26.912+0000] {logging_mixin.py:190} INFO - [2026-09-08T08:16:26.911+0000] {dag.py:3239} INFO - Sync 1 DAGs
[2026-09-08T08:16:26.936+0000] {logging_mixin.py:190} INFO - [2026-09-08T08:16:26.936+0000] {dag.py:4180} INFO - Setting next_dagrun for iris_pipeline_dag to None, run_after=None
[2026-09-08T08:16:26.965+0000] {processor.py:208} INFO - Processing /opt/airflow/dags/ml_01_iris_pipeline-3.py took 0.169 seconds
[2026-09-08T08:16:57.083+0000] {processor.py:186} INFO - Started process (PID=820) to work on /opt/airflow/dags/ml_01_iris_pipeline-3.py
[2026-09-08T08:16:57.085+0000] {processor.py:914} INFO - Processing file /opt/airflow/dags/ml_01_iris_pipeline-3.py for tasks to queue
[2026-09-08T08:16:57.088+0000] {logging_mixin.py:190} INFO - [2026-09-08T08:16:57.087+0000] {dagbag.py:588} INFO - Filling up the DagBag from /opt/airflow/dags/ml_01_iris_pipeline-3.py
[2026-09-08T08:16:57.128+0000] {processor.py:925} INFO - DAG(s) 'iris_pipeline_dag' retrieved from /opt/airflow/dags/ml_01_iris_pipeline-3.py
[2026-09-08T08:16:57.183+0000] {logging_mixin.py:190} INFO - [2026-09-08T08:16:57.183+0000] {dag.py:3239} INFO - Sync 1 DAGs
[2026-09-08T08:16:57.208+0000] {logging_mixin.py:190} INFO - [2026-09-08T08:16:57.208+0000] {dag.py:4180} INFO - Setting next_dagrun for iris_pipeline_dag to None, run_after=None
[2026-09-08T08:16:57.248+0000] {processor.py:208} INFO - Processing /opt/airflow/dags/ml_01_iris_pipeline-3.py took 0.176 seconds
[2026-09-08T08:17:27.711+0000] {processor.py:186} INFO - Started process (PID=834) to work on /opt/airflow/dags/ml_01_iris_pipeline-3.py
[2026-09-08T08:17:27.714+0000] {processor.py:914} INFO - Processing file /opt/airflow/dags/ml_01_iris_pipeline-3.py for tasks to queue
[2026-09-08T08:17:27.723+0000] {logging_mixin.py:190} INFO - [2026-09-08T08:17:27.721+0000] {dagbag.py:588} INFO - Filling up the DagBag from /opt/airflow/dags/ml_01_iris_pipeline-3.py
[2026-09-08T08:17:27.792+0000] {processor.py:925} INFO - DAG(s) 'iris_pipeline_dag' retrieved from /opt/airflow/dags/ml_01_iris_pipeline-3.py
[2026-09-08T08:17:27.967+0000] {logging_mixin.py:190} INFO - [2026-09-08T08:17:27.966+0000] {dag.py:3239} INFO - Sync 1 DAGs
[2026-09-08T08:17:28.023+0000] {logging_mixin.py:190} INFO - [2026-09-08T08:17:28.023+0000] {dag.py:4180} INFO - Setting next_dagrun for iris_pipeline_dag to None, run_after=None
[2026-09-08T08:17:28.067+0000] {processor.py:208} INFO - Processing /opt/airflow/dags/ml_01_iris_pipeline-3.py took 0.383 seconds
[2026-09-08T08:17:58.449+0000] {processor.py:186} INFO - Started process (PID=848) to work on /opt/airflow/dags/ml_01_iris_pipeline-3.py
[2026-09-08T08:17:58.451+0000] {processor.py:914} INFO - Processing file /opt/airflow/dags/ml_01_iris_pipeline-3.py for tasks to queue
[2026-09-08T08:17:58.454+0000] {logging_mixin.py:190} INFO - [2026-09-08T08:17:58.453+0000] {dagbag.py:588} INFO - Filling up the DagBag from /opt/airflow/dags/ml_01_iris_pipeline-3.py
[2026-09-08T08:17:58.493+0000] {processor.py:925} INFO - DAG(s) 'iris_pipeline_dag' retrieved from /opt/airflow/dags/ml_01_iris_pipeline-3.py
[2026-09-08T08:17:58.548+0000] {logging_mixin.py:190} INFO - [2026-09-08T08:17:58.548+0000] {dag.py:3239} INFO - Sync 1 DAGs
[2026-09-08T08:17:58.572+0000] {logging_mixin.py:190} INFO - [2026-09-08T08:17:58.572+0000] {dag.py:4180} INFO - Setting next_dagrun for iris_pipeline_dag to None, run_after=None
[2026-09-08T08:17:58.614+0000] {processor.py:208} INFO - Processing /opt/airflow/dags/ml_01_iris_pipeline-3.py took 0.175 seconds
[2026-09-08T08:18:28.870+0000] {processor.py:186} INFO - Started process (PID=862) to work on /opt/airflow/dags/ml_01_iris_pipeline-3.py
[2026-09-08T08:18:28.872+0000] {processor.py:914} INFO - Processing file /opt/airflow/dags/ml_01_iris_pipeline-3.py for tasks to queue
[2026-09-08T08:18:28.875+0000] {logging_mixin.py:190} INFO - [2026-09-08T08:18:28.874+0000] {dagbag.py:588} INFO - Filling up the DagBag from /opt/airflow/dags/ml_01_iris_pipeline-3.py
[2026-09-08T08:18:28.935+0000] {processor.py:925} INFO - DAG(s) 'iris_pipeline_dag' retrieved from /opt/airflow/dags/ml_01_iris_pipeline-3.py
[2026-09-08T08:18:29.005+0000] {logging_mixin.py:190} INFO - [2026-09-08T08:18:29.004+0000] {dag.py:3239} INFO - Sync 1 DAGs
[2026-09-08T08:18:29.079+0000] {logging_mixin.py:190} INFO - [2026-09-08T08:18:29.079+0000] {dag.py:4180} INFO - Setting next_dagrun for iris_pipeline_dag to None, run_after=None
[2026-09-08T08:18:29.122+0000] {processor.py:208} INFO - Processing /opt/airflow/dags/ml_01_iris_pipeline-3.py took 0.268 seconds
[2026-09-08T08:18:59.321+0000] {processor.py:186} INFO - Started process (PID=876) to work on /opt/airflow/dags/ml_01_iris_pipeline-3.py
[2026-09-08T08:18:59.323+0000] {processor.py:914} INFO - Processing file /opt/airflow/dags/ml_01_iris_pipeline-3.py for tasks to queue
[2026-09-08T08:18:59.327+0000] {logging_mixin.py:190} INFO - [2026-09-08T08:18:59.326+0000] {dagbag.py:588} INFO - Filling up the DagBag from /opt/airflow/dags/ml_01_iris_pipeline-3.py
[2026-09-08T08:18:59.375+0000] {processor.py:925} INFO - DAG(s) 'iris_pipeline_dag' retrieved from /opt/airflow/dags/ml_01_iris_pipeline-3.py
[2026-09-08T08:18:59.435+0000] {logging_mixin.py:190} INFO - [2026-09-08T08:18:59.435+0000] {dag.py:3239} INFO - Sync 1 DAGs
[2026-09-08T08:18:59.467+0000] {logging_mixin.py:190} INFO - [2026-09-08T08:18:59.467+0000] {dag.py:4180} INFO - Setting next_dagrun for iris_pipeline_dag to None, run_after=None
[2026-09-08T08:18:59.506+0000] {processor.py:208} INFO - Processing /opt/airflow/dags/ml_01_iris_pipeline-3.py took 0.199 seconds
[2026-09-08T08:19:29.972+0000] {processor.py:186} INFO - Started process (PID=890) to work on /opt/airflow/dags/ml_01_iris_pipeline-3.py
[2026-09-08T08:19:29.975+0000] {processor.py:914} INFO - Processing file /opt/airflow/dags/ml_01_iris_pipeline-3.py for tasks to queue
[2026-09-08T08:19:29.979+0000] {logging_mixin.py:190} INFO - [2026-09-08T08:19:29.978+0000] {dagbag.py:588} INFO - Filling up the DagBag from /opt/airflow/dags/ml_01_iris_pipeline-3.py
[2026-09-08T08:19:30.026+0000] {processor.py:925} INFO - DAG(s) 'iris_pipeline_dag' retrieved from /opt/airflow/dags/ml_01_iris_pipeline-3.py
[2026-09-08T08:19:30.088+0000] {logging_mixin.py:190} INFO - [2026-09-08T08:19:30.087+0000] {dag.py:3239} INFO - Sync 1 DAGs
[2026-09-08T08:19:30.123+0000] {logging_mixin.py:190} INFO - [2026-09-08T08:19:30.122+0000] {dag.py:4180} INFO - Setting next_dagrun for iris_pipeline_dag to None, run_after=None
[2026-09-08T08:19:30.168+0000] {processor.py:208} INFO - Processing /opt/airflow/dags/ml_01_iris_pipeline-3.py took 0.225 seconds
[2026-09-08T08:20:00.420+0000] {processor.py:186} INFO - Started process (PID=904) to work on /opt/airflow/dags/ml_01_iris_pipeline-3.py
[2026-09-08T08:20:00.422+0000] {processor.py:914} INFO - Processing file /opt/airflow/dags/ml_01_iris_pipeline-3.py for tasks to queue
[2026-09-08T08:20:00.429+0000] {logging_mixin.py:190} INFO - [2026-09-08T08:20:00.425+0000] {dagbag.py:588} INFO - Filling up the DagBag from /opt/airflow/dags/ml_01_iris_pipeline-3.py
[2026-09-08T08:20:00.473+0000] {processor.py:925} INFO - DAG(s) 'iris_pipeline_dag' retrieved from /opt/airflow/dags/ml_01_iris_pipeline-3.py
[2026-09-08T08:20:00.533+0000] {logging_mixin.py:190} INFO - [2026-09-08T08:20:00.533+0000] {dag.py:3239} INFO - Sync 1 DAGs
[2026-09-08T08:20:00.561+0000] {logging_mixin.py:190} INFO - [2026-09-08T08:20:00.561+0000] {dag.py:4180} INFO - Setting next_dagrun for iris_pipeline_dag to None, run_after=None
[2026-09-08T08:20:00.599+0000] {processor.py:208} INFO - Processing /opt/airflow/dags/ml_01_iris_pipeline-3.py took 0.193 seconds
[2026-09-08T08:20:31.023+0000] {processor.py:186} INFO - Started process (PID=918) to work on /opt/airflow/dags/ml_01_iris_pipeline-3.py
[2026-09-08T08:20:31.025+0000] {processor.py:914} INFO - Processing file /opt/airflow/dags/ml_01_iris_pipeline-3.py for tasks to queue
[2026-09-08T08:20:31.029+0000] {logging_mixin.py:190} INFO - [2026-09-08T08:20:31.028+0000] {dagbag.py:588} INFO - Filling up the DagBag from /opt/airflow/dags/ml_01_iris_pipeline-3.py
[2026-09-08T08:20:31.077+0000] {processor.py:925} INFO - DAG(s) 'iris_pipeline_dag' retrieved from /opt/airflow/dags/ml_01_iris_pipeline-3.py
[2026-09-08T08:20:31.130+0000] {logging_mixin.py:190} INFO - [2026-09-08T08:20:31.130+0000] {dag.py:3239} INFO - Sync 1 DAGs
[2026-09-08T08:20:31.157+0000] {logging_mixin.py:190} INFO - [2026-09-08T08:20:31.157+0000] {dag.py:4180} INFO - Setting next_dagrun for iris_pipeline_dag to None, run_after=None
[2026-09-08T08:20:31.197+0000] {processor.py:208} INFO - Processing /opt/airflow/dags/ml_01_iris_pipeline-3.py took 0.190 seconds
[2026-09-08T08:21:01.865+0000] {processor.py:186} INFO - Started process (PID=932) to work on /opt/airflow/dags/ml_01_iris_pipeline-3.py
[2026-09-08T08:21:01.867+0000] {processor.py:914} INFO - Processing file /opt/airflow/dags/ml_01_iris_pipeline-3.py for tasks to queue
[2026-09-08T08:21:01.870+0000] {logging_mixin.py:190} INFO - [2026-09-08T08:21:01.870+0000] {dagbag.py:588} INFO - Filling up the DagBag from /opt/airflow/dags/ml_01_iris_pipeline-3.py
[2026-09-08T08:21:01.919+0000] {processor.py:925} INFO - DAG(s) 'iris_pipeline_dag' retrieved from /opt/airflow/dags/ml_01_iris_pipeline-3.py
[2026-09-08T08:21:01.978+0000] {logging_mixin.py:190} INFO - [2026-09-08T08:21:01.978+0000] {dag.py:3239} INFO - Sync 1 DAGs
[2026-09-08T08:21:02.004+0000] {logging_mixin.py:190} INFO - [2026-09-08T08:21:02.004+0000] {dag.py:4180} INFO - Setting next_dagrun for iris_pipeline_dag to None, run_after=None
[2026-09-08T08:21:02.043+0000] {processor.py:208} INFO - Processing /opt/airflow/dags/ml_01_iris_pipeline-3.py took 0.190 seconds
[2026-09-08T08:21:32.214+0000] {processor.py:186} INFO - Started process (PID=946) to work on /opt/airflow/dags/ml_01_iris_pipeline-3.py
[2026-09-08T08:21:32.216+0000] {processor.py:914} INFO - Processing file /opt/airflow/dags/ml_01_iris_pipeline-3.py for tasks to queue
[2026-09-08T08:21:32.219+0000] {logging_mixin.py:190} INFO - [2026-09-08T08:21:32.218+0000] {dagbag.py:588} INFO - Filling up the DagBag from /opt/airflow/dags/ml_01_iris_pipeline-3.py
[2026-09-08T08:21:32.258+0000] {processor.py:925} INFO - DAG(s) 'iris_pipeline_dag' retrieved from /opt/airflow/dags/ml_01_iris_pipeline-3.py
[2026-09-08T08:21:32.316+0000] {logging_mixin.py:190} INFO - [2026-09-08T08:21:32.316+0000] {dag.py:3239} INFO - Sync 1 DAGs
[2026-09-08T08:21:32.342+0000] {logging_mixin.py:190} INFO - [2026-09-08T08:21:32.342+0000] {dag.py:4180} INFO - Setting next_dagrun for iris_pipeline_dag to None, run_after=None
[2026-09-08T08:21:32.386+0000] {processor.py:208} INFO - Processing /opt/airflow/dags/ml_01_iris_pipeline-3.py took 0.185 seconds
[2026-09-08T08:22:02.927+0000] {processor.py:186} INFO - Started process (PID=961) to work on /opt/airflow/dags/ml_01_iris_pipeline-3.py
[2026-09-08T08:22:02.929+0000] {processor.py:914} INFO - Processing file /opt/airflow/dags/ml_01_iris_pipeline-3.py for tasks to queue
[2026-09-08T08:22:02.932+0000] {logging_mixin.py:190} INFO - [2026-09-08T08:22:02.932+0000] {dagbag.py:588} INFO - Filling up the DagBag from /opt/airflow/dags/ml_01_iris_pipeline-3.py
[2026-09-08T08:22:02.973+0000] {processor.py:925} INFO - DAG(s) 'iris_pipeline_dag' retrieved from /opt/airflow/dags/ml_01_iris_pipeline-3.py
[2026-09-08T08:22:03.032+0000] {logging_mixin.py:190} INFO - [2026-09-08T08:22:03.031+0000] {dag.py:3239} INFO - Sync 1 DAGs
[2026-09-08T08:22:03.060+0000] {logging_mixin.py:190} INFO - [2026-09-08T08:22:03.059+0000] {dag.py:4180} INFO - Setting next_dagrun for iris_pipeline_dag to None, run_after=None
[2026-09-08T08:22:03.098+0000] {processor.py:208} INFO - Processing /opt/airflow/dags/ml_01_iris_pipeline-3.py took 0.184 seconds
[2026-09-08T08:22:33.322+0000] {processor.py:186} INFO - Started process (PID=975) to work on /opt/airflow/dags/ml_01_iris_pipeline-3.py
[2026-09-08T08:22:33.324+0000] {processor.py:914} INFO - Processing file /opt/airflow/dags/ml_01_iris_pipeline-3.py for tasks to queue
[2026-09-08T08:22:33.327+0000] {logging_mixin.py:190} INFO - [2026-09-08T08:22:33.327+0000] {dagbag.py:588} INFO - Filling up the DagBag from /opt/airflow/dags/ml_01_iris_pipeline-3.py
[2026-09-08T08:22:33.368+0000] {processor.py:925} INFO - DAG(s) 'iris_pipeline_dag' retrieved from /opt/airflow/dags/ml_01_iris_pipeline-3.py
[2026-09-08T08:22:33.436+0000] {logging_mixin.py:190} INFO - [2026-09-08T08:22:33.435+0000] {dag.py:3239} INFO - Sync 1 DAGs
[2026-09-08T08:22:33.470+0000] {logging_mixin.py:190} INFO - [2026-09-08T08:22:33.469+0000] {dag.py:4180} INFO - Setting next_dagrun for iris_pipeline_dag to None, run_after=None
[2026-09-08T08:22:33.519+0000] {processor.py:208} INFO - Processing /opt/airflow/dags/ml_01_iris_pipeline-3.py took 0.208 seconds
