[2026-09-07T12:14:21.324+0000] {processor.py:186} INFO - Started process (PID=100) to work on /opt/airflow/dags/01_hello_dag.py
[2026-09-07T12:14:21.324+0000] {processor.py:914} INFO - Processing file /opt/airflow/dags/01_hello_dag.py for tasks to queue
[2026-09-07T12:14:21.326+0000] {logging_mixin.py:190} INFO - [2026-09-07T12:14:21.326+0000] {dagbag.py:588} INFO - Filling up the DagBag from /opt/airflow/dags/01_hello_dag.py
[2026-09-07T12:14:21.361+0000] {processor.py:925} INFO - DAG(s) 'hello_dag' retrieved from /opt/airflow/dags/01_hello_dag.py
[2026-09-07T12:14:21.407+0000] {logging_mixin.py:190} INFO - [2026-09-07T12:14:21.407+0000] {dag.py:3239} INFO - Sync 1 DAGs
[2026-09-07T12:14:21.438+0000] {logging_mixin.py:190} INFO - [2026-09-07T12:14:21.438+0000] {dag.py:4180} INFO - Setting next_dagrun for hello_dag to None, run_after=None
[2026-09-07T12:14:21.459+0000] {processor.py:208} INFO - Processing /opt/airflow/dags/01_hello_dag.py took 0.142 seconds
[2026-09-07T12:14:51.536+0000] {processor.py:186} INFO - Started process (PID=113) to work on /opt/airflow/dags/01_hello_dag.py
[2026-09-07T12:14:51.536+0000] {processor.py:914} INFO - Processing file /opt/airflow/dags/01_hello_dag.py for tasks to queue
[2026-09-07T12:14:51.538+0000] {logging_mixin.py:190} INFO - [2026-09-07T12:14:51.537+0000] {dagbag.py:588} INFO - Filling up the DagBag from /opt/airflow/dags/01_hello_dag.py
[2026-09-07T12:14:51.557+0000] {processor.py:925} INFO - DAG(s) 'hello_dag' retrieved from /opt/airflow/dags/01_hello_dag.py
[2026-09-07T12:14:51.593+0000] {logging_mixin.py:190} INFO - [2026-09-07T12:14:51.593+0000] {dag.py:3239} INFO - Sync 1 DAGs
[2026-09-07T12:14:51.615+0000] {logging_mixin.py:190} INFO - [2026-09-07T12:14:51.615+0000] {dag.py:4180} INFO - Setting next_dagrun for hello_dag to None, run_after=None
[2026-09-07T12:14:51.712+0000] {processor.py:208} INFO - Processing /opt/airflow/dags/01_hello_dag.py took 0.181 seconds
[2026-09-07T12:15:22.396+0000] {processor.py:186} INFO - Started process (PID=127) to work on /opt/airflow/dags/01_hello_dag.py
[2026-09-07T12:15:22.397+0000] {processor.py:914} INFO - Processing file /opt/airflow/dags/01_hello_dag.py for tasks to queue
[2026-09-07T12:15:22.398+0000] {logging_mixin.py:190} INFO - [2026-09-07T12:15:22.398+0000] {dagbag.py:588} INFO - Filling up the DagBag from /opt/airflow/dags/01_hello_dag.py
[2026-09-07T12:15:22.416+0000] {processor.py:925} INFO - DAG(s) 'hello_dag' retrieved from /opt/airflow/dags/01_hello_dag.py
[2026-09-07T12:15:22.444+0000] {logging_mixin.py:190} INFO - [2026-09-07T12:15:22.443+0000] {dag.py:3239} INFO - Sync 1 DAGs
[2026-09-07T12:15:22.458+0000] {logging_mixin.py:190} INFO - [2026-09-07T12:15:22.458+0000] {dag.py:4180} INFO - Setting next_dagrun for hello_dag to None, run_after=None
[2026-09-07T12:15:22.478+0000] {processor.py:208} INFO - Processing /opt/airflow/dags/01_hello_dag.py took 0.088 seconds
[2026-09-07T12:15:53.145+0000] {processor.py:186} INFO - Started process (PID=141) to work on /opt/airflow/dags/01_hello_dag.py
[2026-09-07T12:15:53.146+0000] {processor.py:914} INFO - Processing file /opt/airflow/dags/01_hello_dag.py for tasks to queue
[2026-09-07T12:15:53.147+0000] {logging_mixin.py:190} INFO - [2026-09-07T12:15:53.147+0000] {dagbag.py:588} INFO - Filling up the DagBag from /opt/airflow/dags/01_hello_dag.py
[2026-09-07T12:15:53.168+0000] {processor.py:925} INFO - DAG(s) 'hello_dag' retrieved from /opt/airflow/dags/01_hello_dag.py
[2026-09-07T12:15:53.196+0000] {logging_mixin.py:190} INFO - [2026-09-07T12:15:53.196+0000] {dag.py:3239} INFO - Sync 1 DAGs
[2026-09-07T12:15:53.208+0000] {logging_mixin.py:190} INFO - [2026-09-07T12:15:53.208+0000] {dag.py:4180} INFO - Setting next_dagrun for hello_dag to None, run_after=None
[2026-09-07T12:15:53.230+0000] {processor.py:208} INFO - Processing /opt/airflow/dags/01_hello_dag.py took 0.090 seconds
[2026-09-07T12:16:23.919+0000] {processor.py:186} INFO - Started process (PID=155) to work on /opt/airflow/dags/01_hello_dag.py
[2026-09-07T12:16:23.919+0000] {processor.py:914} INFO - Processing file /opt/airflow/dags/01_hello_dag.py for tasks to queue
[2026-09-07T12:16:23.920+0000] {logging_mixin.py:190} INFO - [2026-09-07T12:16:23.920+0000] {dagbag.py:588} INFO - Filling up the DagBag from /opt/airflow/dags/01_hello_dag.py
[2026-09-07T12:16:23.935+0000] {processor.py:925} INFO - DAG(s) 'hello_dag' retrieved from /opt/airflow/dags/01_hello_dag.py
[2026-09-07T12:16:23.959+0000] {logging_mixin.py:190} INFO - [2026-09-07T12:16:23.958+0000] {dag.py:3239} INFO - Sync 1 DAGs
[2026-09-07T12:16:24.106+0000] {logging_mixin.py:190} INFO - [2026-09-07T12:16:24.106+0000] {dag.py:4180} INFO - Setting next_dagrun for hello_dag to None, run_after=None
[2026-09-07T12:16:24.124+0000] {processor.py:208} INFO - Processing /opt/airflow/dags/01_hello_dag.py took 0.211 seconds
[2026-09-07T12:16:54.327+0000] {processor.py:186} INFO - Started process (PID=169) to work on /opt/airflow/dags/01_hello_dag.py
[2026-09-07T12:16:54.328+0000] {processor.py:914} INFO - Processing file /opt/airflow/dags/01_hello_dag.py for tasks to queue
[2026-09-07T12:16:54.329+0000] {logging_mixin.py:190} INFO - [2026-09-07T12:16:54.329+0000] {dagbag.py:588} INFO - Filling up the DagBag from /opt/airflow/dags/01_hello_dag.py
[2026-09-07T12:16:54.347+0000] {processor.py:925} INFO - DAG(s) 'hello_dag' retrieved from /opt/airflow/dags/01_hello_dag.py
[2026-09-07T12:16:54.374+0000] {logging_mixin.py:190} INFO - [2026-09-07T12:16:54.374+0000] {dag.py:3239} INFO - Sync 1 DAGs
[2026-09-07T12:16:54.388+0000] {logging_mixin.py:190} INFO - [2026-09-07T12:16:54.388+0000] {dag.py:4180} INFO - Setting next_dagrun for hello_dag to None, run_after=None
[2026-09-07T12:16:54.410+0000] {processor.py:208} INFO - Processing /opt/airflow/dags/01_hello_dag.py took 0.089 seconds
[2026-09-07T12:17:25.006+0000] {processor.py:186} INFO - Started process (PID=183) to work on /opt/airflow/dags/01_hello_dag.py
[2026-09-07T12:17:25.007+0000] {processor.py:914} INFO - Processing file /opt/airflow/dags/01_hello_dag.py for tasks to queue
[2026-09-07T12:17:25.009+0000] {logging_mixin.py:190} INFO - [2026-09-07T12:17:25.009+0000] {dagbag.py:588} INFO - Filling up the DagBag from /opt/airflow/dags/01_hello_dag.py
[2026-09-07T12:17:25.025+0000] {processor.py:925} INFO - DAG(s) 'hello_dag' retrieved from /opt/airflow/dags/01_hello_dag.py
[2026-09-07T12:17:25.051+0000] {logging_mixin.py:190} INFO - [2026-09-07T12:17:25.051+0000] {dag.py:3239} INFO - Sync 1 DAGs
[2026-09-07T12:17:25.064+0000] {logging_mixin.py:190} INFO - [2026-09-07T12:17:25.063+0000] {dag.py:4180} INFO - Setting next_dagrun for hello_dag to None, run_after=None
[2026-09-07T12:17:25.083+0000] {processor.py:208} INFO - Processing /opt/airflow/dags/01_hello_dag.py took 0.082 seconds
[2026-09-07T12:17:55.705+0000] {processor.py:186} INFO - Started process (PID=197) to work on /opt/airflow/dags/01_hello_dag.py
[2026-09-07T12:17:55.708+0000] {processor.py:914} INFO - Processing file /opt/airflow/dags/01_hello_dag.py for tasks to queue
[2026-09-07T12:17:55.709+0000] {logging_mixin.py:190} INFO - [2026-09-07T12:17:55.709+0000] {dagbag.py:588} INFO - Filling up the DagBag from /opt/airflow/dags/01_hello_dag.py
[2026-09-07T12:17:55.834+0000] {processor.py:925} INFO - DAG(s) 'hello_dag' retrieved from /opt/airflow/dags/01_hello_dag.py
[2026-09-07T12:17:55.879+0000] {logging_mixin.py:190} INFO - [2026-09-07T12:17:55.879+0000] {dag.py:3239} INFO - Sync 1 DAGs
[2026-09-07T12:17:55.899+0000] {logging_mixin.py:190} INFO - [2026-09-07T12:17:55.898+0000] {dag.py:4180} INFO - Setting next_dagrun for hello_dag to None, run_after=None
[2026-09-07T12:17:55.923+0000] {processor.py:208} INFO - Processing /opt/airflow/dags/01_hello_dag.py took 0.224 seconds
[2026-09-07T12:18:26.548+0000] {processor.py:186} INFO - Started process (PID=211) to work on /opt/airflow/dags/01_hello_dag.py
[2026-09-07T12:18:26.548+0000] {processor.py:914} INFO - Processing file /opt/airflow/dags/01_hello_dag.py for tasks to queue
[2026-09-07T12:18:26.550+0000] {logging_mixin.py:190} INFO - [2026-09-07T12:18:26.549+0000] {dagbag.py:588} INFO - Filling up the DagBag from /opt/airflow/dags/01_hello_dag.py
[2026-09-07T12:18:26.565+0000] {processor.py:925} INFO - DAG(s) 'hello_dag' retrieved from /opt/airflow/dags/01_hello_dag.py
[2026-09-07T12:18:26.593+0000] {logging_mixin.py:190} INFO - [2026-09-07T12:18:26.593+0000] {dag.py:3239} INFO - Sync 1 DAGs
[2026-09-07T12:18:26.607+0000] {logging_mixin.py:190} INFO - [2026-09-07T12:18:26.607+0000] {dag.py:4180} INFO - Setting next_dagrun for hello_dag to None, run_after=None
[2026-09-07T12:18:26.625+0000] {processor.py:208} INFO - Processing /opt/airflow/dags/01_hello_dag.py took 0.083 seconds
[2026-09-07T12:18:57.246+0000] {processor.py:186} INFO - Started process (PID=225) to work on /opt/airflow/dags/01_hello_dag.py
[2026-09-07T12:18:57.247+0000] {processor.py:914} INFO - Processing file /opt/airflow/dags/01_hello_dag.py for tasks to queue
[2026-09-07T12:18:57.248+0000] {logging_mixin.py:190} INFO - [2026-09-07T12:18:57.248+0000] {dagbag.py:588} INFO - Filling up the DagBag from /opt/airflow/dags/01_hello_dag.py
[2026-09-07T12:18:57.264+0000] {processor.py:925} INFO - DAG(s) 'hello_dag' retrieved from /opt/airflow/dags/01_hello_dag.py
[2026-09-07T12:18:57.288+0000] {logging_mixin.py:190} INFO - [2026-09-07T12:18:57.287+0000] {dag.py:3239} INFO - Sync 1 DAGs
[2026-09-07T12:18:57.303+0000] {logging_mixin.py:190} INFO - [2026-09-07T12:18:57.303+0000] {dag.py:4180} INFO - Setting next_dagrun for hello_dag to None, run_after=None
[2026-09-07T12:18:57.323+0000] {processor.py:208} INFO - Processing /opt/airflow/dags/01_hello_dag.py took 0.085 seconds
[2026-09-07T12:19:27.985+0000] {processor.py:186} INFO - Started process (PID=239) to work on /opt/airflow/dags/01_hello_dag.py
[2026-09-07T12:19:27.986+0000] {processor.py:914} INFO - Processing file /opt/airflow/dags/01_hello_dag.py for tasks to queue
[2026-09-07T12:19:27.987+0000] {logging_mixin.py:190} INFO - [2026-09-07T12:19:27.987+0000] {dagbag.py:588} INFO - Filling up the DagBag from /opt/airflow/dags/01_hello_dag.py
[2026-09-07T12:19:28.001+0000] {processor.py:925} INFO - DAG(s) 'hello_dag' retrieved from /opt/airflow/dags/01_hello_dag.py
[2026-09-07T12:19:28.025+0000] {logging_mixin.py:190} INFO - [2026-09-07T12:19:28.025+0000] {dag.py:3239} INFO - Sync 1 DAGs
[2026-09-07T12:19:28.038+0000] {logging_mixin.py:190} INFO - [2026-09-07T12:19:28.038+0000] {dag.py:4180} INFO - Setting next_dagrun for hello_dag to None, run_after=None
[2026-09-07T12:19:28.056+0000] {processor.py:208} INFO - Processing /opt/airflow/dags/01_hello_dag.py took 0.076 seconds
[2026-09-07T12:19:58.645+0000] {processor.py:186} INFO - Started process (PID=253) to work on /opt/airflow/dags/01_hello_dag.py
[2026-09-07T12:19:58.646+0000] {processor.py:914} INFO - Processing file /opt/airflow/dags/01_hello_dag.py for tasks to queue
[2026-09-07T12:19:58.647+0000] {logging_mixin.py:190} INFO - [2026-09-07T12:19:58.647+0000] {dagbag.py:588} INFO - Filling up the DagBag from /opt/airflow/dags/01_hello_dag.py
[2026-09-07T12:19:58.662+0000] {processor.py:925} INFO - DAG(s) 'hello_dag' retrieved from /opt/airflow/dags/01_hello_dag.py
[2026-09-07T12:19:58.684+0000] {logging_mixin.py:190} INFO - [2026-09-07T12:19:58.684+0000] {dag.py:3239} INFO - Sync 1 DAGs
[2026-09-07T12:19:58.698+0000] {logging_mixin.py:190} INFO - [2026-09-07T12:19:58.698+0000] {dag.py:4180} INFO - Setting next_dagrun for hello_dag to None, run_after=None
[2026-09-07T12:19:58.720+0000] {processor.py:208} INFO - Processing /opt/airflow/dags/01_hello_dag.py took 0.080 seconds
[2026-09-07T12:20:29.326+0000] {processor.py:186} INFO - Started process (PID=267) to work on /opt/airflow/dags/01_hello_dag.py
[2026-09-07T12:20:29.327+0000] {processor.py:914} INFO - Processing file /opt/airflow/dags/01_hello_dag.py for tasks to queue
[2026-09-07T12:20:29.328+0000] {logging_mixin.py:190} INFO - [2026-09-07T12:20:29.328+0000] {dagbag.py:588} INFO - Filling up the DagBag from /opt/airflow/dags/01_hello_dag.py
[2026-09-07T12:20:29.341+0000] {processor.py:925} INFO - DAG(s) 'hello_dag' retrieved from /opt/airflow/dags/01_hello_dag.py
[2026-09-07T12:20:29.367+0000] {logging_mixin.py:190} INFO - [2026-09-07T12:20:29.367+0000] {dag.py:3239} INFO - Sync 1 DAGs
[2026-09-07T12:20:29.382+0000] {logging_mixin.py:190} INFO - [2026-09-07T12:20:29.382+0000] {dag.py:4180} INFO - Setting next_dagrun for hello_dag to None, run_after=None
[2026-09-07T12:20:29.405+0000] {processor.py:208} INFO - Processing /opt/airflow/dags/01_hello_dag.py took 0.084 seconds
[2026-09-07T12:21:00.064+0000] {processor.py:186} INFO - Started process (PID=281) to work on /opt/airflow/dags/01_hello_dag.py
[2026-09-07T12:21:00.065+0000] {processor.py:914} INFO - Processing file /opt/airflow/dags/01_hello_dag.py for tasks to queue
[2026-09-07T12:21:00.066+0000] {logging_mixin.py:190} INFO - [2026-09-07T12:21:00.065+0000] {dagbag.py:588} INFO - Filling up the DagBag from /opt/airflow/dags/01_hello_dag.py
[2026-09-07T12:21:00.082+0000] {processor.py:925} INFO - DAG(s) 'hello_dag' retrieved from /opt/airflow/dags/01_hello_dag.py
[2026-09-07T12:21:00.108+0000] {logging_mixin.py:190} INFO - [2026-09-07T12:21:00.107+0000] {dag.py:3239} INFO - Sync 1 DAGs
[2026-09-07T12:21:00.121+0000] {logging_mixin.py:190} INFO - [2026-09-07T12:21:00.121+0000] {dag.py:4180} INFO - Setting next_dagrun for hello_dag to None, run_after=None
[2026-09-07T12:21:00.141+0000] {processor.py:208} INFO - Processing /opt/airflow/dags/01_hello_dag.py took 0.083 seconds
[2026-09-07T12:21:30.779+0000] {processor.py:186} INFO - Started process (PID=295) to work on /opt/airflow/dags/01_hello_dag.py
[2026-09-07T12:21:30.780+0000] {processor.py:914} INFO - Processing file /opt/airflow/dags/01_hello_dag.py for tasks to queue
[2026-09-07T12:21:30.781+0000] {logging_mixin.py:190} INFO - [2026-09-07T12:21:30.781+0000] {dagbag.py:588} INFO - Filling up the DagBag from /opt/airflow/dags/01_hello_dag.py
[2026-09-07T12:21:30.797+0000] {processor.py:925} INFO - DAG(s) 'hello_dag' retrieved from /opt/airflow/dags/01_hello_dag.py
[2026-09-07T12:21:30.818+0000] {logging_mixin.py:190} INFO - [2026-09-07T12:21:30.818+0000] {dag.py:3239} INFO - Sync 1 DAGs
[2026-09-07T12:21:30.829+0000] {logging_mixin.py:190} INFO - [2026-09-07T12:21:30.829+0000] {dag.py:4180} INFO - Setting next_dagrun for hello_dag to None, run_after=None
[2026-09-07T12:21:30.854+0000] {processor.py:208} INFO - Processing /opt/airflow/dags/01_hello_dag.py took 0.081 seconds
[2026-09-07T12:22:01.503+0000] {processor.py:186} INFO - Started process (PID=309) to work on /opt/airflow/dags/01_hello_dag.py
[2026-09-07T12:22:01.503+0000] {processor.py:914} INFO - Processing file /opt/airflow/dags/01_hello_dag.py for tasks to queue
[2026-09-07T12:22:01.504+0000] {logging_mixin.py:190} INFO - [2026-09-07T12:22:01.504+0000] {dagbag.py:588} INFO - Filling up the DagBag from /opt/airflow/dags/01_hello_dag.py
[2026-09-07T12:22:01.519+0000] {processor.py:925} INFO - DAG(s) 'hello_dag' retrieved from /opt/airflow/dags/01_hello_dag.py
[2026-09-07T12:22:01.543+0000] {logging_mixin.py:190} INFO - [2026-09-07T12:22:01.543+0000] {dag.py:3239} INFO - Sync 1 DAGs
[2026-09-07T12:22:01.556+0000] {logging_mixin.py:190} INFO - [2026-09-07T12:22:01.556+0000] {dag.py:4180} INFO - Setting next_dagrun for hello_dag to None, run_after=None
[2026-09-07T12:22:01.575+0000] {processor.py:208} INFO - Processing /opt/airflow/dags/01_hello_dag.py took 0.079 seconds
[2026-09-07T12:22:32.163+0000] {processor.py:186} INFO - Started process (PID=323) to work on /opt/airflow/dags/01_hello_dag.py
[2026-09-07T12:22:32.164+0000] {processor.py:914} INFO - Processing file /opt/airflow/dags/01_hello_dag.py for tasks to queue
[2026-09-07T12:22:32.165+0000] {logging_mixin.py:190} INFO - [2026-09-07T12:22:32.165+0000] {dagbag.py:588} INFO - Filling up the DagBag from /opt/airflow/dags/01_hello_dag.py
[2026-09-07T12:22:32.183+0000] {processor.py:925} INFO - DAG(s) 'hello_dag' retrieved from /opt/airflow/dags/01_hello_dag.py
[2026-09-07T12:22:32.212+0000] {logging_mixin.py:190} INFO - [2026-09-07T12:22:32.211+0000] {dag.py:3239} INFO - Sync 1 DAGs
[2026-09-07T12:22:32.225+0000] {logging_mixin.py:190} INFO - [2026-09-07T12:22:32.225+0000] {dag.py:4180} INFO - Setting next_dagrun for hello_dag to None, run_after=None
[2026-09-07T12:22:32.244+0000] {processor.py:208} INFO - Processing /opt/airflow/dags/01_hello_dag.py took 0.087 seconds
[2026-09-07T12:23:02.903+0000] {processor.py:186} INFO - Started process (PID=337) to work on /opt/airflow/dags/01_hello_dag.py
[2026-09-07T12:23:02.904+0000] {processor.py:914} INFO - Processing file /opt/airflow/dags/01_hello_dag.py for tasks to queue
[2026-09-07T12:23:02.905+0000] {logging_mixin.py:190} INFO - [2026-09-07T12:23:02.905+0000] {dagbag.py:588} INFO - Filling up the DagBag from /opt/airflow/dags/01_hello_dag.py
[2026-09-07T12:23:02.920+0000] {processor.py:925} INFO - DAG(s) 'hello_dag' retrieved from /opt/airflow/dags/01_hello_dag.py
[2026-09-07T12:23:02.943+0000] {logging_mixin.py:190} INFO - [2026-09-07T12:23:02.943+0000] {dag.py:3239} INFO - Sync 1 DAGs
[2026-09-07T12:23:02.956+0000] {logging_mixin.py:190} INFO - [2026-09-07T12:23:02.956+0000] {dag.py:4180} INFO - Setting next_dagrun for hello_dag to None, run_after=None
[2026-09-07T12:23:02.979+0000] {processor.py:208} INFO - Processing /opt/airflow/dags/01_hello_dag.py took 0.082 seconds
[2026-09-07T12:23:33.625+0000] {processor.py:186} INFO - Started process (PID=351) to work on /opt/airflow/dags/01_hello_dag.py
[2026-09-07T12:23:33.626+0000] {processor.py:914} INFO - Processing file /opt/airflow/dags/01_hello_dag.py for tasks to queue
[2026-09-07T12:23:33.627+0000] {logging_mixin.py:190} INFO - [2026-09-07T12:23:33.627+0000] {dagbag.py:588} INFO - Filling up the DagBag from /opt/airflow/dags/01_hello_dag.py
[2026-09-07T12:23:33.645+0000] {processor.py:925} INFO - DAG(s) 'hello_dag' retrieved from /opt/airflow/dags/01_hello_dag.py
[2026-09-07T12:23:33.674+0000] {logging_mixin.py:190} INFO - [2026-09-07T12:23:33.674+0000] {dag.py:3239} INFO - Sync 1 DAGs
[2026-09-07T12:23:33.690+0000] {logging_mixin.py:190} INFO - [2026-09-07T12:23:33.690+0000] {dag.py:4180} INFO - Setting next_dagrun for hello_dag to None, run_after=None
[2026-09-07T12:23:33.708+0000] {processor.py:208} INFO - Processing /opt/airflow/dags/01_hello_dag.py took 0.090 seconds
[2026-09-07T12:24:04.326+0000] {processor.py:186} INFO - Started process (PID=365) to work on /opt/airflow/dags/01_hello_dag.py
[2026-09-07T12:24:04.327+0000] {processor.py:914} INFO - Processing file /opt/airflow/dags/01_hello_dag.py for tasks to queue
[2026-09-07T12:24:04.329+0000] {logging_mixin.py:190} INFO - [2026-09-07T12:24:04.328+0000] {dagbag.py:588} INFO - Filling up the DagBag from /opt/airflow/dags/01_hello_dag.py
[2026-09-07T12:24:04.347+0000] {processor.py:925} INFO - DAG(s) 'hello_dag' retrieved from /opt/airflow/dags/01_hello_dag.py
[2026-09-07T12:24:04.389+0000] {logging_mixin.py:190} INFO - [2026-09-07T12:24:04.389+0000] {dag.py:3239} INFO - Sync 1 DAGs
[2026-09-07T12:24:04.412+0000] {logging_mixin.py:190} INFO - [2026-09-07T12:24:04.411+0000] {dag.py:4180} INFO - Setting next_dagrun for hello_dag to None, run_after=None
[2026-09-07T12:24:04.440+0000] {processor.py:208} INFO - Processing /opt/airflow/dags/01_hello_dag.py took 0.120 seconds
[2026-09-07T12:24:35.100+0000] {processor.py:186} INFO - Started process (PID=379) to work on /opt/airflow/dags/01_hello_dag.py
[2026-09-07T12:24:35.101+0000] {processor.py:914} INFO - Processing file /opt/airflow/dags/01_hello_dag.py for tasks to queue
[2026-09-07T12:24:35.102+0000] {logging_mixin.py:190} INFO - [2026-09-07T12:24:35.102+0000] {dagbag.py:588} INFO - Filling up the DagBag from /opt/airflow/dags/01_hello_dag.py
[2026-09-07T12:24:35.116+0000] {processor.py:925} INFO - DAG(s) 'hello_dag' retrieved from /opt/airflow/dags/01_hello_dag.py
[2026-09-07T12:24:35.141+0000] {logging_mixin.py:190} INFO - [2026-09-07T12:24:35.141+0000] {dag.py:3239} INFO - Sync 1 DAGs
[2026-09-07T12:24:35.156+0000] {logging_mixin.py:190} INFO - [2026-09-07T12:24:35.155+0000] {dag.py:4180} INFO - Setting next_dagrun for hello_dag to None, run_after=None
[2026-09-07T12:24:35.174+0000] {processor.py:208} INFO - Processing /opt/airflow/dags/01_hello_dag.py took 0.079 seconds
[2026-09-07T12:25:05.766+0000] {processor.py:186} INFO - Started process (PID=393) to work on /opt/airflow/dags/01_hello_dag.py
[2026-09-07T12:25:05.766+0000] {processor.py:914} INFO - Processing file /opt/airflow/dags/01_hello_dag.py for tasks to queue
[2026-09-07T12:25:05.768+0000] {logging_mixin.py:190} INFO - [2026-09-07T12:25:05.767+0000] {dagbag.py:588} INFO - Filling up the DagBag from /opt/airflow/dags/01_hello_dag.py
[2026-09-07T12:25:05.783+0000] {processor.py:925} INFO - DAG(s) 'hello_dag' retrieved from /opt/airflow/dags/01_hello_dag.py
[2026-09-07T12:25:05.806+0000] {logging_mixin.py:190} INFO - [2026-09-07T12:25:05.806+0000] {dag.py:3239} INFO - Sync 1 DAGs
[2026-09-07T12:25:05.819+0000] {logging_mixin.py:190} INFO - [2026-09-07T12:25:05.819+0000] {dag.py:4180} INFO - Setting next_dagrun for hello_dag to None, run_after=None
[2026-09-07T12:25:05.835+0000] {processor.py:208} INFO - Processing /opt/airflow/dags/01_hello_dag.py took 0.077 seconds
[2026-09-07T12:25:36.419+0000] {processor.py:186} INFO - Started process (PID=407) to work on /opt/airflow/dags/01_hello_dag.py
[2026-09-07T12:25:36.420+0000] {processor.py:914} INFO - Processing file /opt/airflow/dags/01_hello_dag.py for tasks to queue
[2026-09-07T12:25:36.421+0000] {logging_mixin.py:190} INFO - [2026-09-07T12:25:36.421+0000] {dagbag.py:588} INFO - Filling up the DagBag from /opt/airflow/dags/01_hello_dag.py
[2026-09-07T12:25:36.437+0000] {processor.py:925} INFO - DAG(s) 'hello_dag' retrieved from /opt/airflow/dags/01_hello_dag.py
[2026-09-07T12:25:36.461+0000] {logging_mixin.py:190} INFO - [2026-09-07T12:25:36.460+0000] {dag.py:3239} INFO - Sync 1 DAGs
[2026-09-07T12:25:36.476+0000] {logging_mixin.py:190} INFO - [2026-09-07T12:25:36.476+0000] {dag.py:4180} INFO - Setting next_dagrun for hello_dag to None, run_after=None
[2026-09-07T12:25:36.495+0000] {processor.py:208} INFO - Processing /opt/airflow/dags/01_hello_dag.py took 0.083 seconds
[2026-09-07T12:26:07.109+0000] {processor.py:186} INFO - Started process (PID=427) to work on /opt/airflow/dags/01_hello_dag.py
[2026-09-07T12:26:07.110+0000] {processor.py:914} INFO - Processing file /opt/airflow/dags/01_hello_dag.py for tasks to queue
[2026-09-07T12:26:07.111+0000] {logging_mixin.py:190} INFO - [2026-09-07T12:26:07.111+0000] {dagbag.py:588} INFO - Filling up the DagBag from /opt/airflow/dags/01_hello_dag.py
[2026-09-07T12:26:07.124+0000] {processor.py:925} INFO - DAG(s) 'hello_dag' retrieved from /opt/airflow/dags/01_hello_dag.py
[2026-09-07T12:26:07.146+0000] {logging_mixin.py:190} INFO - [2026-09-07T12:26:07.146+0000] {dag.py:3239} INFO - Sync 1 DAGs
[2026-09-07T12:26:07.160+0000] {logging_mixin.py:190} INFO - [2026-09-07T12:26:07.160+0000] {dag.py:4180} INFO - Setting next_dagrun for hello_dag to None, run_after=None
[2026-09-07T12:26:07.178+0000] {processor.py:208} INFO - Processing /opt/airflow/dags/01_hello_dag.py took 0.073 seconds
[2026-09-07T12:26:37.743+0000] {processor.py:186} INFO - Started process (PID=441) to work on /opt/airflow/dags/01_hello_dag.py
[2026-09-07T12:26:37.744+0000] {processor.py:914} INFO - Processing file /opt/airflow/dags/01_hello_dag.py for tasks to queue
[2026-09-07T12:26:37.745+0000] {logging_mixin.py:190} INFO - [2026-09-07T12:26:37.745+0000] {dagbag.py:588} INFO - Filling up the DagBag from /opt/airflow/dags/01_hello_dag.py
[2026-09-07T12:26:37.759+0000] {processor.py:925} INFO - DAG(s) 'hello_dag' retrieved from /opt/airflow/dags/01_hello_dag.py
[2026-09-07T12:26:37.780+0000] {logging_mixin.py:190} INFO - [2026-09-07T12:26:37.780+0000] {dag.py:3239} INFO - Sync 1 DAGs
[2026-09-07T12:26:37.793+0000] {logging_mixin.py:190} INFO - [2026-09-07T12:26:37.792+0000] {dag.py:4180} INFO - Setting next_dagrun for hello_dag to None, run_after=None
[2026-09-07T12:26:37.809+0000] {processor.py:208} INFO - Processing /opt/airflow/dags/01_hello_dag.py took 0.072 seconds
[2026-09-07T12:27:08.331+0000] {processor.py:186} INFO - Started process (PID=455) to work on /opt/airflow/dags/01_hello_dag.py
[2026-09-07T12:27:08.331+0000] {processor.py:914} INFO - Processing file /opt/airflow/dags/01_hello_dag.py for tasks to queue
[2026-09-07T12:27:08.332+0000] {logging_mixin.py:190} INFO - [2026-09-07T12:27:08.332+0000] {dagbag.py:588} INFO - Filling up the DagBag from /opt/airflow/dags/01_hello_dag.py
[2026-09-07T12:27:08.346+0000] {processor.py:925} INFO - DAG(s) 'hello_dag' retrieved from /opt/airflow/dags/01_hello_dag.py
[2026-09-07T12:27:08.368+0000] {logging_mixin.py:190} INFO - [2026-09-07T12:27:08.368+0000] {dag.py:3239} INFO - Sync 1 DAGs
[2026-09-07T12:27:08.379+0000] {logging_mixin.py:190} INFO - [2026-09-07T12:27:08.379+0000] {dag.py:4180} INFO - Setting next_dagrun for hello_dag to None, run_after=None
[2026-09-07T12:27:08.396+0000] {processor.py:208} INFO - Processing /opt/airflow/dags/01_hello_dag.py took 0.071 seconds
[2026-09-07T12:27:38.992+0000] {processor.py:186} INFO - Started process (PID=469) to work on /opt/airflow/dags/01_hello_dag.py
[2026-09-07T12:27:38.993+0000] {processor.py:914} INFO - Processing file /opt/airflow/dags/01_hello_dag.py for tasks to queue
[2026-09-07T12:27:38.994+0000] {logging_mixin.py:190} INFO - [2026-09-07T12:27:38.994+0000] {dagbag.py:588} INFO - Filling up the DagBag from /opt/airflow/dags/01_hello_dag.py
[2026-09-07T12:27:39.008+0000] {processor.py:925} INFO - DAG(s) 'hello_dag' retrieved from /opt/airflow/dags/01_hello_dag.py
[2026-09-07T12:27:39.039+0000] {logging_mixin.py:190} INFO - [2026-09-07T12:27:39.038+0000] {dag.py:3239} INFO - Sync 1 DAGs
[2026-09-07T12:27:39.052+0000] {logging_mixin.py:190} INFO - [2026-09-07T12:27:39.052+0000] {dag.py:4180} INFO - Setting next_dagrun for hello_dag to None, run_after=None
[2026-09-07T12:27:39.070+0000] {processor.py:208} INFO - Processing /opt/airflow/dags/01_hello_dag.py took 0.083 seconds
[2026-09-07T12:28:09.657+0000] {processor.py:186} INFO - Started process (PID=483) to work on /opt/airflow/dags/01_hello_dag.py
[2026-09-07T12:28:09.658+0000] {processor.py:914} INFO - Processing file /opt/airflow/dags/01_hello_dag.py for tasks to queue
[2026-09-07T12:28:09.659+0000] {logging_mixin.py:190} INFO - [2026-09-07T12:28:09.659+0000] {dagbag.py:588} INFO - Filling up the DagBag from /opt/airflow/dags/01_hello_dag.py
[2026-09-07T12:28:09.677+0000] {processor.py:925} INFO - DAG(s) 'hello_dag' retrieved from /opt/airflow/dags/01_hello_dag.py
[2026-09-07T12:28:09.703+0000] {logging_mixin.py:190} INFO - [2026-09-07T12:28:09.703+0000] {dag.py:3239} INFO - Sync 1 DAGs
[2026-09-07T12:28:09.719+0000] {logging_mixin.py:190} INFO - [2026-09-07T12:28:09.719+0000] {dag.py:4180} INFO - Setting next_dagrun for hello_dag to None, run_after=None
[2026-09-07T12:28:09.737+0000] {processor.py:208} INFO - Processing /opt/airflow/dags/01_hello_dag.py took 0.086 seconds
[2026-09-07T12:28:40.343+0000] {processor.py:186} INFO - Started process (PID=497) to work on /opt/airflow/dags/01_hello_dag.py
[2026-09-07T12:28:40.344+0000] {processor.py:914} INFO - Processing file /opt/airflow/dags/01_hello_dag.py for tasks to queue
[2026-09-07T12:28:40.345+0000] {logging_mixin.py:190} INFO - [2026-09-07T12:28:40.345+0000] {dagbag.py:588} INFO - Filling up the DagBag from /opt/airflow/dags/01_hello_dag.py
[2026-09-07T12:28:40.359+0000] {processor.py:925} INFO - DAG(s) 'hello_dag' retrieved from /opt/airflow/dags/01_hello_dag.py
[2026-09-07T12:28:40.380+0000] {logging_mixin.py:190} INFO - [2026-09-07T12:28:40.379+0000] {dag.py:3239} INFO - Sync 1 DAGs
[2026-09-07T12:28:40.391+0000] {logging_mixin.py:190} INFO - [2026-09-07T12:28:40.391+0000] {dag.py:4180} INFO - Setting next_dagrun for hello_dag to None, run_after=None
[2026-09-07T12:28:40.410+0000] {processor.py:208} INFO - Processing /opt/airflow/dags/01_hello_dag.py took 0.072 seconds
[2026-09-07T12:29:10.992+0000] {processor.py:186} INFO - Started process (PID=511) to work on /opt/airflow/dags/01_hello_dag.py
[2026-09-07T12:29:10.993+0000] {processor.py:914} INFO - Processing file /opt/airflow/dags/01_hello_dag.py for tasks to queue
[2026-09-07T12:29:10.994+0000] {logging_mixin.py:190} INFO - [2026-09-07T12:29:10.993+0000] {dagbag.py:588} INFO - Filling up the DagBag from /opt/airflow/dags/01_hello_dag.py
[2026-09-07T12:29:11.006+0000] {processor.py:925} INFO - DAG(s) 'hello_dag' retrieved from /opt/airflow/dags/01_hello_dag.py
[2026-09-07T12:29:11.026+0000] {logging_mixin.py:190} INFO - [2026-09-07T12:29:11.026+0000] {dag.py:3239} INFO - Sync 1 DAGs
[2026-09-07T12:29:11.038+0000] {logging_mixin.py:190} INFO - [2026-09-07T12:29:11.038+0000] {dag.py:4180} INFO - Setting next_dagrun for hello_dag to None, run_after=None
[2026-09-07T12:29:11.058+0000] {processor.py:208} INFO - Processing /opt/airflow/dags/01_hello_dag.py took 0.071 seconds
[2026-09-07T12:29:41.741+0000] {processor.py:186} INFO - Started process (PID=525) to work on /opt/airflow/dags/01_hello_dag.py
[2026-09-07T12:29:41.742+0000] {processor.py:914} INFO - Processing file /opt/airflow/dags/01_hello_dag.py for tasks to queue
[2026-09-07T12:29:41.743+0000] {logging_mixin.py:190} INFO - [2026-09-07T12:29:41.742+0000] {dagbag.py:588} INFO - Filling up the DagBag from /opt/airflow/dags/01_hello_dag.py
[2026-09-07T12:29:41.757+0000] {processor.py:925} INFO - DAG(s) 'hello_dag' retrieved from /opt/airflow/dags/01_hello_dag.py
[2026-09-07T12:29:41.782+0000] {logging_mixin.py:190} INFO - [2026-09-07T12:29:41.782+0000] {dag.py:3239} INFO - Sync 1 DAGs
[2026-09-07T12:29:41.793+0000] {logging_mixin.py:190} INFO - [2026-09-07T12:29:41.793+0000] {dag.py:4180} INFO - Setting next_dagrun for hello_dag to None, run_after=None
[2026-09-07T12:29:41.811+0000] {processor.py:208} INFO - Processing /opt/airflow/dags/01_hello_dag.py took 0.075 seconds
[2026-09-07T12:30:12.399+0000] {processor.py:186} INFO - Started process (PID=539) to work on /opt/airflow/dags/01_hello_dag.py
[2026-09-07T12:30:12.399+0000] {processor.py:914} INFO - Processing file /opt/airflow/dags/01_hello_dag.py for tasks to queue
[2026-09-07T12:30:12.400+0000] {logging_mixin.py:190} INFO - [2026-09-07T12:30:12.400+0000] {dagbag.py:588} INFO - Filling up the DagBag from /opt/airflow/dags/01_hello_dag.py
[2026-09-07T12:30:12.415+0000] {processor.py:925} INFO - DAG(s) 'hello_dag' retrieved from /opt/airflow/dags/01_hello_dag.py
[2026-09-07T12:30:12.437+0000] {logging_mixin.py:190} INFO - [2026-09-07T12:30:12.437+0000] {dag.py:3239} INFO - Sync 1 DAGs
[2026-09-07T12:30:12.450+0000] {logging_mixin.py:190} INFO - [2026-09-07T12:30:12.450+0000] {dag.py:4180} INFO - Setting next_dagrun for hello_dag to None, run_after=None
[2026-09-07T12:30:12.474+0000] {processor.py:208} INFO - Processing /opt/airflow/dags/01_hello_dag.py took 0.081 seconds
[2026-09-07T12:30:43.054+0000] {processor.py:186} INFO - Started process (PID=553) to work on /opt/airflow/dags/01_hello_dag.py
[2026-09-07T12:30:43.055+0000] {processor.py:914} INFO - Processing file /opt/airflow/dags/01_hello_dag.py for tasks to queue
[2026-09-07T12:30:43.056+0000] {logging_mixin.py:190} INFO - [2026-09-07T12:30:43.055+0000] {dagbag.py:588} INFO - Filling up the DagBag from /opt/airflow/dags/01_hello_dag.py
[2026-09-07T12:30:43.068+0000] {processor.py:925} INFO - DAG(s) 'hello_dag' retrieved from /opt/airflow/dags/01_hello_dag.py
[2026-09-07T12:30:43.091+0000] {logging_mixin.py:190} INFO - [2026-09-07T12:30:43.091+0000] {dag.py:3239} INFO - Sync 1 DAGs
[2026-09-07T12:30:43.103+0000] {logging_mixin.py:190} INFO - [2026-09-07T12:30:43.103+0000] {dag.py:4180} INFO - Setting next_dagrun for hello_dag to None, run_after=None
[2026-09-07T12:30:43.121+0000] {processor.py:208} INFO - Processing /opt/airflow/dags/01_hello_dag.py took 0.073 seconds
[2026-09-07T12:31:13.698+0000] {processor.py:186} INFO - Started process (PID=567) to work on /opt/airflow/dags/01_hello_dag.py
[2026-09-07T12:31:13.699+0000] {processor.py:914} INFO - Processing file /opt/airflow/dags/01_hello_dag.py for tasks to queue
[2026-09-07T12:31:13.700+0000] {logging_mixin.py:190} INFO - [2026-09-07T12:31:13.700+0000] {dagbag.py:588} INFO - Filling up the DagBag from /opt/airflow/dags/01_hello_dag.py
[2026-09-07T12:31:13.717+0000] {processor.py:925} INFO - DAG(s) 'hello_dag' retrieved from /opt/airflow/dags/01_hello_dag.py
[2026-09-07T12:31:13.740+0000] {logging_mixin.py:190} INFO - [2026-09-07T12:31:13.739+0000] {dag.py:3239} INFO - Sync 1 DAGs
[2026-09-07T12:31:13.755+0000] {logging_mixin.py:190} INFO - [2026-09-07T12:31:13.754+0000] {dag.py:4180} INFO - Setting next_dagrun for hello_dag to None, run_after=None
[2026-09-07T12:31:13.774+0000] {processor.py:208} INFO - Processing /opt/airflow/dags/01_hello_dag.py took 0.081 seconds
[2026-09-07T12:31:44.365+0000] {processor.py:186} INFO - Started process (PID=581) to work on /opt/airflow/dags/01_hello_dag.py
[2026-09-07T12:31:44.366+0000] {processor.py:914} INFO - Processing file /opt/airflow/dags/01_hello_dag.py for tasks to queue
[2026-09-07T12:31:44.367+0000] {logging_mixin.py:190} INFO - [2026-09-07T12:31:44.367+0000] {dagbag.py:588} INFO - Filling up the DagBag from /opt/airflow/dags/01_hello_dag.py
[2026-09-07T12:31:44.382+0000] {processor.py:925} INFO - DAG(s) 'hello_dag' retrieved from /opt/airflow/dags/01_hello_dag.py
[2026-09-07T12:31:44.405+0000] {logging_mixin.py:190} INFO - [2026-09-07T12:31:44.405+0000] {dag.py:3239} INFO - Sync 1 DAGs
[2026-09-07T12:31:44.418+0000] {logging_mixin.py:190} INFO - [2026-09-07T12:31:44.418+0000] {dag.py:4180} INFO - Setting next_dagrun for hello_dag to None, run_after=None
[2026-09-07T12:31:44.446+0000] {processor.py:208} INFO - Processing /opt/airflow/dags/01_hello_dag.py took 0.086 seconds
[2026-09-07T12:32:15.067+0000] {processor.py:186} INFO - Started process (PID=595) to work on /opt/airflow/dags/01_hello_dag.py
[2026-09-07T12:32:15.068+0000] {processor.py:914} INFO - Processing file /opt/airflow/dags/01_hello_dag.py for tasks to queue
[2026-09-07T12:32:15.069+0000] {logging_mixin.py:190} INFO - [2026-09-07T12:32:15.069+0000] {dagbag.py:588} INFO - Filling up the DagBag from /opt/airflow/dags/01_hello_dag.py
[2026-09-07T12:32:15.086+0000] {processor.py:925} INFO - DAG(s) 'hello_dag' retrieved from /opt/airflow/dags/01_hello_dag.py
[2026-09-07T12:32:15.107+0000] {logging_mixin.py:190} INFO - [2026-09-07T12:32:15.107+0000] {dag.py:3239} INFO - Sync 1 DAGs
[2026-09-07T12:32:15.121+0000] {logging_mixin.py:190} INFO - [2026-09-07T12:32:15.121+0000] {dag.py:4180} INFO - Setting next_dagrun for hello_dag to None, run_after=None
[2026-09-07T12:32:15.142+0000] {processor.py:208} INFO - Processing /opt/airflow/dags/01_hello_dag.py took 0.080 seconds
[2026-09-07T12:32:45.722+0000] {processor.py:186} INFO - Started process (PID=609) to work on /opt/airflow/dags/01_hello_dag.py
[2026-09-07T12:32:45.722+0000] {processor.py:914} INFO - Processing file /opt/airflow/dags/01_hello_dag.py for tasks to queue
[2026-09-07T12:32:45.724+0000] {logging_mixin.py:190} INFO - [2026-09-07T12:32:45.723+0000] {dagbag.py:588} INFO - Filling up the DagBag from /opt/airflow/dags/01_hello_dag.py
[2026-09-07T12:32:45.738+0000] {processor.py:925} INFO - DAG(s) 'hello_dag' retrieved from /opt/airflow/dags/01_hello_dag.py
[2026-09-07T12:32:45.759+0000] {logging_mixin.py:190} INFO - [2026-09-07T12:32:45.759+0000] {dag.py:3239} INFO - Sync 1 DAGs
[2026-09-07T12:32:45.774+0000] {logging_mixin.py:190} INFO - [2026-09-07T12:32:45.774+0000] {dag.py:4180} INFO - Setting next_dagrun for hello_dag to None, run_after=None
[2026-09-07T12:32:45.792+0000] {processor.py:208} INFO - Processing /opt/airflow/dags/01_hello_dag.py took 0.076 seconds
[2026-09-07T12:33:16.283+0000] {processor.py:186} INFO - Started process (PID=623) to work on /opt/airflow/dags/01_hello_dag.py
[2026-09-07T12:33:16.284+0000] {processor.py:914} INFO - Processing file /opt/airflow/dags/01_hello_dag.py for tasks to queue
[2026-09-07T12:33:16.285+0000] {logging_mixin.py:190} INFO - [2026-09-07T12:33:16.284+0000] {dagbag.py:588} INFO - Filling up the DagBag from /opt/airflow/dags/01_hello_dag.py
[2026-09-07T12:33:16.298+0000] {processor.py:925} INFO - DAG(s) 'hello_dag' retrieved from /opt/airflow/dags/01_hello_dag.py
[2026-09-07T12:33:16.320+0000] {logging_mixin.py:190} INFO - [2026-09-07T12:33:16.319+0000] {dag.py:3239} INFO - Sync 1 DAGs
[2026-09-07T12:33:16.332+0000] {logging_mixin.py:190} INFO - [2026-09-07T12:33:16.332+0000] {dag.py:4180} INFO - Setting next_dagrun for hello_dag to None, run_after=None
[2026-09-07T12:33:16.352+0000] {processor.py:208} INFO - Processing /opt/airflow/dags/01_hello_dag.py took 0.075 seconds
[2026-09-07T12:33:46.927+0000] {processor.py:186} INFO - Started process (PID=637) to work on /opt/airflow/dags/01_hello_dag.py
[2026-09-07T12:33:46.928+0000] {processor.py:914} INFO - Processing file /opt/airflow/dags/01_hello_dag.py for tasks to queue
[2026-09-07T12:33:46.929+0000] {logging_mixin.py:190} INFO - [2026-09-07T12:33:46.929+0000] {dagbag.py:588} INFO - Filling up the DagBag from /opt/airflow/dags/01_hello_dag.py
[2026-09-07T12:33:46.946+0000] {processor.py:925} INFO - DAG(s) 'hello_dag' retrieved from /opt/airflow/dags/01_hello_dag.py
[2026-09-07T12:33:46.974+0000] {logging_mixin.py:190} INFO - [2026-09-07T12:33:46.974+0000] {dag.py:3239} INFO - Sync 1 DAGs
[2026-09-07T12:33:46.989+0000] {logging_mixin.py:190} INFO - [2026-09-07T12:33:46.989+0000] {dag.py:4180} INFO - Setting next_dagrun for hello_dag to None, run_after=None
[2026-09-07T12:33:47.009+0000] {processor.py:208} INFO - Processing /opt/airflow/dags/01_hello_dag.py took 0.087 seconds
[2026-09-07T12:34:17.679+0000] {processor.py:186} INFO - Started process (PID=651) to work on /opt/airflow/dags/01_hello_dag.py
[2026-09-07T12:34:17.679+0000] {processor.py:914} INFO - Processing file /opt/airflow/dags/01_hello_dag.py for tasks to queue
[2026-09-07T12:34:17.680+0000] {logging_mixin.py:190} INFO - [2026-09-07T12:34:17.680+0000] {dagbag.py:588} INFO - Filling up the DagBag from /opt/airflow/dags/01_hello_dag.py
[2026-09-07T12:34:17.695+0000] {processor.py:925} INFO - DAG(s) 'hello_dag' retrieved from /opt/airflow/dags/01_hello_dag.py
[2026-09-07T12:34:17.716+0000] {logging_mixin.py:190} INFO - [2026-09-07T12:34:17.716+0000] {dag.py:3239} INFO - Sync 1 DAGs
[2026-09-07T12:34:17.728+0000] {logging_mixin.py:190} INFO - [2026-09-07T12:34:17.727+0000] {dag.py:4180} INFO - Setting next_dagrun for hello_dag to None, run_after=None
[2026-09-07T12:34:17.744+0000] {processor.py:208} INFO - Processing /opt/airflow/dags/01_hello_dag.py took 0.071 seconds
[2026-09-07T12:34:48.422+0000] {processor.py:186} INFO - Started process (PID=665) to work on /opt/airflow/dags/01_hello_dag.py
[2026-09-07T12:34:48.422+0000] {processor.py:914} INFO - Processing file /opt/airflow/dags/01_hello_dag.py for tasks to queue
[2026-09-07T12:34:48.423+0000] {logging_mixin.py:190} INFO - [2026-09-07T12:34:48.423+0000] {dagbag.py:588} INFO - Filling up the DagBag from /opt/airflow/dags/01_hello_dag.py
[2026-09-07T12:34:48.436+0000] {processor.py:925} INFO - DAG(s) 'hello_dag' retrieved from /opt/airflow/dags/01_hello_dag.py
[2026-09-07T12:34:48.458+0000] {logging_mixin.py:190} INFO - [2026-09-07T12:34:48.457+0000] {dag.py:3239} INFO - Sync 1 DAGs
[2026-09-07T12:34:48.470+0000] {logging_mixin.py:190} INFO - [2026-09-07T12:34:48.470+0000] {dag.py:4180} INFO - Setting next_dagrun for hello_dag to None, run_after=None
[2026-09-07T12:34:48.489+0000] {processor.py:208} INFO - Processing /opt/airflow/dags/01_hello_dag.py took 0.072 seconds
[2026-09-07T19:51:41.098+0000] {processor.py:186} INFO - Started process (PID=100) to work on /opt/airflow/dags/01_hello_dag.py
[2026-09-07T19:51:41.101+0000] {processor.py:914} INFO - Processing file /opt/airflow/dags/01_hello_dag.py for tasks to queue
[2026-09-07T19:51:41.103+0000] {logging_mixin.py:190} INFO - [2026-09-07T19:51:41.102+0000] {dagbag.py:588} INFO - Filling up the DagBag from /opt/airflow/dags/01_hello_dag.py
[2026-09-07T19:51:41.137+0000] {processor.py:925} INFO - DAG(s) 'hello_dag' retrieved from /opt/airflow/dags/01_hello_dag.py
[2026-09-07T19:51:41.176+0000] {logging_mixin.py:190} INFO - [2026-09-07T19:51:41.175+0000] {dag.py:3239} INFO - Sync 1 DAGs
[2026-09-07T19:51:41.192+0000] {logging_mixin.py:190} INFO - [2026-09-07T19:51:41.191+0000] {dag.py:4180} INFO - Setting next_dagrun for hello_dag to None, run_after=None
[2026-09-07T19:51:41.219+0000] {processor.py:208} INFO - Processing /opt/airflow/dags/01_hello_dag.py took 0.126 seconds
[2026-09-07T19:52:11.744+0000] {processor.py:186} INFO - Started process (PID=113) to work on /opt/airflow/dags/01_hello_dag.py
[2026-09-07T19:52:11.745+0000] {processor.py:914} INFO - Processing file /opt/airflow/dags/01_hello_dag.py for tasks to queue
[2026-09-07T19:52:11.746+0000] {logging_mixin.py:190} INFO - [2026-09-07T19:52:11.746+0000] {dagbag.py:588} INFO - Filling up the DagBag from /opt/airflow/dags/01_hello_dag.py
[2026-09-07T19:52:11.767+0000] {processor.py:925} INFO - DAG(s) 'hello_dag' retrieved from /opt/airflow/dags/01_hello_dag.py
[2026-09-07T19:52:11.794+0000] {logging_mixin.py:190} INFO - [2026-09-07T19:52:11.794+0000] {dag.py:3239} INFO - Sync 1 DAGs
[2026-09-07T19:52:11.808+0000] {logging_mixin.py:190} INFO - [2026-09-07T19:52:11.808+0000] {dag.py:4180} INFO - Setting next_dagrun for hello_dag to None, run_after=None
[2026-09-07T19:52:11.833+0000] {processor.py:208} INFO - Processing /opt/airflow/dags/01_hello_dag.py took 0.095 seconds
[2026-09-07T19:52:42.459+0000] {processor.py:186} INFO - Started process (PID=127) to work on /opt/airflow/dags/01_hello_dag.py
[2026-09-07T19:52:42.459+0000] {processor.py:914} INFO - Processing file /opt/airflow/dags/01_hello_dag.py for tasks to queue
[2026-09-07T19:52:42.460+0000] {logging_mixin.py:190} INFO - [2026-09-07T19:52:42.460+0000] {dagbag.py:588} INFO - Filling up the DagBag from /opt/airflow/dags/01_hello_dag.py
[2026-09-07T19:52:42.478+0000] {processor.py:925} INFO - DAG(s) 'hello_dag' retrieved from /opt/airflow/dags/01_hello_dag.py
[2026-09-07T19:52:42.503+0000] {logging_mixin.py:190} INFO - [2026-09-07T19:52:42.503+0000] {dag.py:3239} INFO - Sync 1 DAGs
[2026-09-07T19:52:42.516+0000] {logging_mixin.py:190} INFO - [2026-09-07T19:52:42.515+0000] {dag.py:4180} INFO - Setting next_dagrun for hello_dag to None, run_after=None
[2026-09-07T19:52:42.536+0000] {processor.py:208} INFO - Processing /opt/airflow/dags/01_hello_dag.py took 0.082 seconds
[2026-09-07T19:53:13.109+0000] {processor.py:186} INFO - Started process (PID=141) to work on /opt/airflow/dags/01_hello_dag.py
[2026-09-07T19:53:13.109+0000] {processor.py:914} INFO - Processing file /opt/airflow/dags/01_hello_dag.py for tasks to queue
[2026-09-07T19:53:13.110+0000] {logging_mixin.py:190} INFO - [2026-09-07T19:53:13.110+0000] {dagbag.py:588} INFO - Filling up the DagBag from /opt/airflow/dags/01_hello_dag.py
[2026-09-07T19:53:13.124+0000] {processor.py:925} INFO - DAG(s) 'hello_dag' retrieved from /opt/airflow/dags/01_hello_dag.py
[2026-09-07T19:53:13.147+0000] {logging_mixin.py:190} INFO - [2026-09-07T19:53:13.146+0000] {dag.py:3239} INFO - Sync 1 DAGs
[2026-09-07T19:53:13.159+0000] {logging_mixin.py:190} INFO - [2026-09-07T19:53:13.159+0000] {dag.py:4180} INFO - Setting next_dagrun for hello_dag to None, run_after=None
[2026-09-07T19:53:13.182+0000] {processor.py:208} INFO - Processing /opt/airflow/dags/01_hello_dag.py took 0.078 seconds
[2026-09-07T19:53:43.758+0000] {processor.py:186} INFO - Started process (PID=155) to work on /opt/airflow/dags/01_hello_dag.py
[2026-09-07T19:53:43.759+0000] {processor.py:914} INFO - Processing file /opt/airflow/dags/01_hello_dag.py for tasks to queue
[2026-09-07T19:53:43.761+0000] {logging_mixin.py:190} INFO - [2026-09-07T19:53:43.760+0000] {dagbag.py:588} INFO - Filling up the DagBag from /opt/airflow/dags/01_hello_dag.py
[2026-09-07T19:53:43.782+0000] {processor.py:925} INFO - DAG(s) 'hello_dag' retrieved from /opt/airflow/dags/01_hello_dag.py
[2026-09-07T19:53:43.811+0000] {logging_mixin.py:190} INFO - [2026-09-07T19:53:43.810+0000] {dag.py:3239} INFO - Sync 1 DAGs
[2026-09-07T19:53:43.962+0000] {logging_mixin.py:190} INFO - [2026-09-07T19:53:43.961+0000] {dag.py:4180} INFO - Setting next_dagrun for hello_dag to None, run_after=None
[2026-09-07T19:53:43.981+0000] {processor.py:208} INFO - Processing /opt/airflow/dags/01_hello_dag.py took 0.230 seconds
[2026-09-07T19:54:14.237+0000] {processor.py:186} INFO - Started process (PID=169) to work on /opt/airflow/dags/01_hello_dag.py
[2026-09-07T19:54:14.238+0000] {processor.py:914} INFO - Processing file /opt/airflow/dags/01_hello_dag.py for tasks to queue
[2026-09-07T19:54:14.239+0000] {logging_mixin.py:190} INFO - [2026-09-07T19:54:14.238+0000] {dagbag.py:588} INFO - Filling up the DagBag from /opt/airflow/dags/01_hello_dag.py
[2026-09-07T19:54:14.252+0000] {processor.py:925} INFO - DAG(s) 'hello_dag' retrieved from /opt/airflow/dags/01_hello_dag.py
[2026-09-07T19:54:14.281+0000] {logging_mixin.py:190} INFO - [2026-09-07T19:54:14.280+0000] {dag.py:3239} INFO - Sync 1 DAGs
[2026-09-07T19:54:14.295+0000] {logging_mixin.py:190} INFO - [2026-09-07T19:54:14.295+0000] {dag.py:4180} INFO - Setting next_dagrun for hello_dag to None, run_after=None
[2026-09-07T19:54:14.318+0000] {processor.py:208} INFO - Processing /opt/airflow/dags/01_hello_dag.py took 0.086 seconds
[2026-09-07T19:54:44.810+0000] {processor.py:186} INFO - Started process (PID=183) to work on /opt/airflow/dags/01_hello_dag.py
[2026-09-07T19:54:44.811+0000] {processor.py:914} INFO - Processing file /opt/airflow/dags/01_hello_dag.py for tasks to queue
[2026-09-07T19:54:44.812+0000] {logging_mixin.py:190} INFO - [2026-09-07T19:54:44.812+0000] {dagbag.py:588} INFO - Filling up the DagBag from /opt/airflow/dags/01_hello_dag.py
[2026-09-07T19:54:44.830+0000] {processor.py:925} INFO - DAG(s) 'hello_dag' retrieved from /opt/airflow/dags/01_hello_dag.py
[2026-09-07T19:54:44.860+0000] {logging_mixin.py:190} INFO - [2026-09-07T19:54:44.860+0000] {dag.py:3239} INFO - Sync 1 DAGs
[2026-09-07T19:54:44.876+0000] {logging_mixin.py:190} INFO - [2026-09-07T19:54:44.876+0000] {dag.py:4180} INFO - Setting next_dagrun for hello_dag to None, run_after=None
[2026-09-07T19:54:44.897+0000] {processor.py:208} INFO - Processing /opt/airflow/dags/01_hello_dag.py took 0.093 seconds
[2026-09-07T19:55:15.477+0000] {processor.py:186} INFO - Started process (PID=197) to work on /opt/airflow/dags/01_hello_dag.py
[2026-09-07T19:55:15.477+0000] {processor.py:914} INFO - Processing file /opt/airflow/dags/01_hello_dag.py for tasks to queue
[2026-09-07T19:55:15.479+0000] {logging_mixin.py:190} INFO - [2026-09-07T19:55:15.478+0000] {dagbag.py:588} INFO - Filling up the DagBag from /opt/airflow/dags/01_hello_dag.py
[2026-09-07T19:55:15.493+0000] {processor.py:925} INFO - DAG(s) 'hello_dag' retrieved from /opt/airflow/dags/01_hello_dag.py
[2026-09-07T19:55:15.515+0000] {logging_mixin.py:190} INFO - [2026-09-07T19:55:15.515+0000] {dag.py:3239} INFO - Sync 1 DAGs
[2026-09-07T19:55:15.530+0000] {logging_mixin.py:190} INFO - [2026-09-07T19:55:15.530+0000] {dag.py:4180} INFO - Setting next_dagrun for hello_dag to None, run_after=None
[2026-09-07T19:55:15.549+0000] {processor.py:208} INFO - Processing /opt/airflow/dags/01_hello_dag.py took 0.077 seconds
[2026-09-07T19:55:46.035+0000] {processor.py:186} INFO - Started process (PID=211) to work on /opt/airflow/dags/01_hello_dag.py
[2026-09-07T19:55:46.036+0000] {processor.py:914} INFO - Processing file /opt/airflow/dags/01_hello_dag.py for tasks to queue
[2026-09-07T19:55:46.037+0000] {logging_mixin.py:190} INFO - [2026-09-07T19:55:46.036+0000] {dagbag.py:588} INFO - Filling up the DagBag from /opt/airflow/dags/01_hello_dag.py
[2026-09-07T19:55:46.053+0000] {processor.py:925} INFO - DAG(s) 'hello_dag' retrieved from /opt/airflow/dags/01_hello_dag.py
[2026-09-07T19:55:46.080+0000] {logging_mixin.py:190} INFO - [2026-09-07T19:55:46.079+0000] {dag.py:3239} INFO - Sync 1 DAGs
[2026-09-07T19:55:46.093+0000] {logging_mixin.py:190} INFO - [2026-09-07T19:55:46.093+0000] {dag.py:4180} INFO - Setting next_dagrun for hello_dag to None, run_after=None
[2026-09-07T19:55:46.111+0000] {processor.py:208} INFO - Processing /opt/airflow/dags/01_hello_dag.py took 0.082 seconds
[2026-09-07T19:56:16.606+0000] {processor.py:186} INFO - Started process (PID=225) to work on /opt/airflow/dags/01_hello_dag.py
[2026-09-07T19:56:16.607+0000] {processor.py:914} INFO - Processing file /opt/airflow/dags/01_hello_dag.py for tasks to queue
[2026-09-07T19:56:16.608+0000] {logging_mixin.py:190} INFO - [2026-09-07T19:56:16.607+0000] {dagbag.py:588} INFO - Filling up the DagBag from /opt/airflow/dags/01_hello_dag.py
[2026-09-07T19:56:16.623+0000] {processor.py:925} INFO - DAG(s) 'hello_dag' retrieved from /opt/airflow/dags/01_hello_dag.py
[2026-09-07T19:56:16.643+0000] {logging_mixin.py:190} INFO - [2026-09-07T19:56:16.643+0000] {dag.py:3239} INFO - Sync 1 DAGs
[2026-09-07T19:56:16.656+0000] {logging_mixin.py:190} INFO - [2026-09-07T19:56:16.655+0000] {dag.py:4180} INFO - Setting next_dagrun for hello_dag to None, run_after=None
[2026-09-07T19:56:16.674+0000] {processor.py:208} INFO - Processing /opt/airflow/dags/01_hello_dag.py took 0.074 seconds
[2026-09-07T19:56:47.226+0000] {processor.py:186} INFO - Started process (PID=239) to work on /opt/airflow/dags/01_hello_dag.py
[2026-09-07T19:56:47.226+0000] {processor.py:914} INFO - Processing file /opt/airflow/dags/01_hello_dag.py for tasks to queue
[2026-09-07T19:56:47.227+0000] {logging_mixin.py:190} INFO - [2026-09-07T19:56:47.227+0000] {dagbag.py:588} INFO - Filling up the DagBag from /opt/airflow/dags/01_hello_dag.py
[2026-09-07T19:56:47.242+0000] {processor.py:925} INFO - DAG(s) 'hello_dag' retrieved from /opt/airflow/dags/01_hello_dag.py
[2026-09-07T19:56:47.266+0000] {logging_mixin.py:190} INFO - [2026-09-07T19:56:47.266+0000] {dag.py:3239} INFO - Sync 1 DAGs
[2026-09-07T19:56:47.279+0000] {logging_mixin.py:190} INFO - [2026-09-07T19:56:47.278+0000] {dag.py:4180} INFO - Setting next_dagrun for hello_dag to None, run_after=None
[2026-09-07T19:56:47.297+0000] {processor.py:208} INFO - Processing /opt/airflow/dags/01_hello_dag.py took 0.077 seconds
[2026-09-07T19:57:17.867+0000] {processor.py:186} INFO - Started process (PID=254) to work on /opt/airflow/dags/01_hello_dag.py
[2026-09-07T19:57:17.867+0000] {processor.py:914} INFO - Processing file /opt/airflow/dags/01_hello_dag.py for tasks to queue
[2026-09-07T19:57:17.869+0000] {logging_mixin.py:190} INFO - [2026-09-07T19:57:17.868+0000] {dagbag.py:588} INFO - Filling up the DagBag from /opt/airflow/dags/01_hello_dag.py
[2026-09-07T19:57:17.883+0000] {processor.py:925} INFO - DAG(s) 'hello_dag' retrieved from /opt/airflow/dags/01_hello_dag.py
[2026-09-07T19:57:17.905+0000] {logging_mixin.py:190} INFO - [2026-09-07T19:57:17.905+0000] {dag.py:3239} INFO - Sync 1 DAGs
[2026-09-07T19:57:17.918+0000] {logging_mixin.py:190} INFO - [2026-09-07T19:57:17.917+0000] {dag.py:4180} INFO - Setting next_dagrun for hello_dag to None, run_after=None
[2026-09-07T19:57:17.935+0000] {processor.py:208} INFO - Processing /opt/airflow/dags/01_hello_dag.py took 0.073 seconds
[2026-09-07T19:57:48.432+0000] {processor.py:186} INFO - Started process (PID=268) to work on /opt/airflow/dags/01_hello_dag.py
[2026-09-07T19:57:48.433+0000] {processor.py:914} INFO - Processing file /opt/airflow/dags/01_hello_dag.py for tasks to queue
[2026-09-07T19:57:48.434+0000] {logging_mixin.py:190} INFO - [2026-09-07T19:57:48.434+0000] {dagbag.py:588} INFO - Filling up the DagBag from /opt/airflow/dags/01_hello_dag.py
[2026-09-07T19:57:48.451+0000] {processor.py:925} INFO - DAG(s) 'hello_dag' retrieved from /opt/airflow/dags/01_hello_dag.py
[2026-09-07T19:57:48.473+0000] {logging_mixin.py:190} INFO - [2026-09-07T19:57:48.473+0000] {dag.py:3239} INFO - Sync 1 DAGs
[2026-09-07T19:57:48.485+0000] {logging_mixin.py:190} INFO - [2026-09-07T19:57:48.485+0000] {dag.py:4180} INFO - Setting next_dagrun for hello_dag to None, run_after=None
[2026-09-07T19:57:48.505+0000] {processor.py:208} INFO - Processing /opt/airflow/dags/01_hello_dag.py took 0.080 seconds
[2026-09-07T19:58:19.006+0000] {processor.py:186} INFO - Started process (PID=282) to work on /opt/airflow/dags/01_hello_dag.py
[2026-09-07T19:58:19.007+0000] {processor.py:914} INFO - Processing file /opt/airflow/dags/01_hello_dag.py for tasks to queue
[2026-09-07T19:58:19.008+0000] {logging_mixin.py:190} INFO - [2026-09-07T19:58:19.008+0000] {dagbag.py:588} INFO - Filling up the DagBag from /opt/airflow/dags/01_hello_dag.py
[2026-09-07T19:58:19.025+0000] {processor.py:925} INFO - DAG(s) 'hello_dag' retrieved from /opt/airflow/dags/01_hello_dag.py
[2026-09-07T19:58:19.049+0000] {logging_mixin.py:190} INFO - [2026-09-07T19:58:19.049+0000] {dag.py:3239} INFO - Sync 1 DAGs
[2026-09-07T19:58:19.065+0000] {logging_mixin.py:190} INFO - [2026-09-07T19:58:19.064+0000] {dag.py:4180} INFO - Setting next_dagrun for hello_dag to None, run_after=None
[2026-09-07T19:58:19.086+0000] {processor.py:208} INFO - Processing /opt/airflow/dags/01_hello_dag.py took 0.085 seconds
[2026-09-07T19:58:49.623+0000] {processor.py:186} INFO - Started process (PID=297) to work on /opt/airflow/dags/01_hello_dag.py
[2026-09-07T19:58:49.623+0000] {processor.py:914} INFO - Processing file /opt/airflow/dags/01_hello_dag.py for tasks to queue
[2026-09-07T19:58:49.625+0000] {logging_mixin.py:190} INFO - [2026-09-07T19:58:49.624+0000] {dagbag.py:588} INFO - Filling up the DagBag from /opt/airflow/dags/01_hello_dag.py
[2026-09-07T19:58:49.643+0000] {processor.py:925} INFO - DAG(s) 'hello_dag' retrieved from /opt/airflow/dags/01_hello_dag.py
[2026-09-07T19:58:49.673+0000] {logging_mixin.py:190} INFO - [2026-09-07T19:58:49.673+0000] {dag.py:3239} INFO - Sync 1 DAGs
[2026-09-07T19:58:49.689+0000] {logging_mixin.py:190} INFO - [2026-09-07T19:58:49.689+0000] {dag.py:4180} INFO - Setting next_dagrun for hello_dag to None, run_after=None
[2026-09-07T19:58:49.707+0000] {processor.py:208} INFO - Processing /opt/airflow/dags/01_hello_dag.py took 0.092 seconds
[2026-09-07T19:59:20.211+0000] {processor.py:186} INFO - Started process (PID=311) to work on /opt/airflow/dags/01_hello_dag.py
[2026-09-07T19:59:20.211+0000] {processor.py:914} INFO - Processing file /opt/airflow/dags/01_hello_dag.py for tasks to queue
[2026-09-07T19:59:20.213+0000] {logging_mixin.py:190} INFO - [2026-09-07T19:59:20.212+0000] {dagbag.py:588} INFO - Filling up the DagBag from /opt/airflow/dags/01_hello_dag.py
[2026-09-07T19:59:20.230+0000] {processor.py:925} INFO - DAG(s) 'hello_dag' retrieved from /opt/airflow/dags/01_hello_dag.py
[2026-09-07T19:59:20.255+0000] {logging_mixin.py:190} INFO - [2026-09-07T19:59:20.255+0000] {dag.py:3239} INFO - Sync 1 DAGs
[2026-09-07T19:59:20.271+0000] {logging_mixin.py:190} INFO - [2026-09-07T19:59:20.270+0000] {dag.py:4180} INFO - Setting next_dagrun for hello_dag to None, run_after=None
[2026-09-07T19:59:20.290+0000] {processor.py:208} INFO - Processing /opt/airflow/dags/01_hello_dag.py took 0.085 seconds
[2026-09-07T19:59:50.810+0000] {processor.py:186} INFO - Started process (PID=325) to work on /opt/airflow/dags/01_hello_dag.py
[2026-09-07T19:59:50.811+0000] {processor.py:914} INFO - Processing file /opt/airflow/dags/01_hello_dag.py for tasks to queue
[2026-09-07T19:59:50.812+0000] {logging_mixin.py:190} INFO - [2026-09-07T19:59:50.812+0000] {dagbag.py:588} INFO - Filling up the DagBag from /opt/airflow/dags/01_hello_dag.py
[2026-09-07T19:59:50.825+0000] {processor.py:925} INFO - DAG(s) 'hello_dag' retrieved from /opt/airflow/dags/01_hello_dag.py
[2026-09-07T19:59:50.848+0000] {logging_mixin.py:190} INFO - [2026-09-07T19:59:50.847+0000] {dag.py:3239} INFO - Sync 1 DAGs
[2026-09-07T19:59:50.863+0000] {logging_mixin.py:190} INFO - [2026-09-07T19:59:50.862+0000] {dag.py:4180} INFO - Setting next_dagrun for hello_dag to None, run_after=None
[2026-09-07T19:59:50.886+0000] {processor.py:208} INFO - Processing /opt/airflow/dags/01_hello_dag.py took 0.082 seconds
[2026-09-07T20:00:21.401+0000] {processor.py:186} INFO - Started process (PID=339) to work on /opt/airflow/dags/01_hello_dag.py
[2026-09-07T20:00:21.402+0000] {processor.py:914} INFO - Processing file /opt/airflow/dags/01_hello_dag.py for tasks to queue
[2026-09-07T20:00:21.403+0000] {logging_mixin.py:190} INFO - [2026-09-07T20:00:21.403+0000] {dagbag.py:588} INFO - Filling up the DagBag from /opt/airflow/dags/01_hello_dag.py
[2026-09-07T20:00:21.417+0000] {processor.py:925} INFO - DAG(s) 'hello_dag' retrieved from /opt/airflow/dags/01_hello_dag.py
[2026-09-07T20:00:21.439+0000] {logging_mixin.py:190} INFO - [2026-09-07T20:00:21.439+0000] {dag.py:3239} INFO - Sync 1 DAGs
[2026-09-07T20:00:21.451+0000] {logging_mixin.py:190} INFO - [2026-09-07T20:00:21.451+0000] {dag.py:4180} INFO - Setting next_dagrun for hello_dag to None, run_after=None
[2026-09-07T20:00:21.473+0000] {processor.py:208} INFO - Processing /opt/airflow/dags/01_hello_dag.py took 0.078 seconds
[2026-09-07T20:00:52.030+0000] {processor.py:186} INFO - Started process (PID=353) to work on /opt/airflow/dags/01_hello_dag.py
[2026-09-07T20:00:52.031+0000] {processor.py:914} INFO - Processing file /opt/airflow/dags/01_hello_dag.py for tasks to queue
[2026-09-07T20:00:52.033+0000] {logging_mixin.py:190} INFO - [2026-09-07T20:00:52.032+0000] {dagbag.py:588} INFO - Filling up the DagBag from /opt/airflow/dags/01_hello_dag.py
[2026-09-07T20:00:52.046+0000] {processor.py:925} INFO - DAG(s) 'hello_dag' retrieved from /opt/airflow/dags/01_hello_dag.py
[2026-09-07T20:00:52.068+0000] {logging_mixin.py:190} INFO - [2026-09-07T20:00:52.068+0000] {dag.py:3239} INFO - Sync 1 DAGs
[2026-09-07T20:00:52.080+0000] {logging_mixin.py:190} INFO - [2026-09-07T20:00:52.080+0000] {dag.py:4180} INFO - Setting next_dagrun for hello_dag to None, run_after=None
[2026-09-07T20:00:52.097+0000] {processor.py:208} INFO - Processing /opt/airflow/dags/01_hello_dag.py took 0.073 seconds
[2026-09-07T20:01:22.626+0000] {processor.py:186} INFO - Started process (PID=367) to work on /opt/airflow/dags/01_hello_dag.py
[2026-09-07T20:01:22.627+0000] {processor.py:914} INFO - Processing file /opt/airflow/dags/01_hello_dag.py for tasks to queue
[2026-09-07T20:01:22.629+0000] {logging_mixin.py:190} INFO - [2026-09-07T20:01:22.628+0000] {dagbag.py:588} INFO - Filling up the DagBag from /opt/airflow/dags/01_hello_dag.py
[2026-09-07T20:01:22.651+0000] {processor.py:925} INFO - DAG(s) 'hello_dag' retrieved from /opt/airflow/dags/01_hello_dag.py
[2026-09-07T20:01:22.685+0000] {logging_mixin.py:190} INFO - [2026-09-07T20:01:22.684+0000] {dag.py:3239} INFO - Sync 1 DAGs
[2026-09-07T20:01:22.698+0000] {logging_mixin.py:190} INFO - [2026-09-07T20:01:22.698+0000] {dag.py:4180} INFO - Setting next_dagrun for hello_dag to None, run_after=None
[2026-09-07T20:01:22.716+0000] {processor.py:208} INFO - Processing /opt/airflow/dags/01_hello_dag.py took 0.099 seconds
[2026-09-07T20:01:53.292+0000] {processor.py:186} INFO - Started process (PID=381) to work on /opt/airflow/dags/01_hello_dag.py
[2026-09-07T20:01:53.293+0000] {processor.py:914} INFO - Processing file /opt/airflow/dags/01_hello_dag.py for tasks to queue
[2026-09-07T20:01:53.294+0000] {logging_mixin.py:190} INFO - [2026-09-07T20:01:53.294+0000] {dagbag.py:588} INFO - Filling up the DagBag from /opt/airflow/dags/01_hello_dag.py
[2026-09-07T20:01:53.312+0000] {processor.py:925} INFO - DAG(s) 'hello_dag' retrieved from /opt/airflow/dags/01_hello_dag.py
[2026-09-07T20:01:53.335+0000] {logging_mixin.py:190} INFO - [2026-09-07T20:01:53.334+0000] {dag.py:3239} INFO - Sync 1 DAGs
[2026-09-07T20:01:53.346+0000] {logging_mixin.py:190} INFO - [2026-09-07T20:01:53.346+0000] {dag.py:4180} INFO - Setting next_dagrun for hello_dag to None, run_after=None
[2026-09-07T20:01:53.371+0000] {processor.py:208} INFO - Processing /opt/airflow/dags/01_hello_dag.py took 0.085 seconds
[2026-09-07T20:02:23.863+0000] {processor.py:186} INFO - Started process (PID=395) to work on /opt/airflow/dags/01_hello_dag.py
[2026-09-07T20:02:23.864+0000] {processor.py:914} INFO - Processing file /opt/airflow/dags/01_hello_dag.py for tasks to queue
[2026-09-07T20:02:23.866+0000] {logging_mixin.py:190} INFO - [2026-09-07T20:02:23.865+0000] {dagbag.py:588} INFO - Filling up the DagBag from /opt/airflow/dags/01_hello_dag.py
[2026-09-07T20:02:23.880+0000] {processor.py:925} INFO - DAG(s) 'hello_dag' retrieved from /opt/airflow/dags/01_hello_dag.py
[2026-09-07T20:02:23.900+0000] {logging_mixin.py:190} INFO - [2026-09-07T20:02:23.900+0000] {dag.py:3239} INFO - Sync 1 DAGs
[2026-09-07T20:02:23.912+0000] {logging_mixin.py:190} INFO - [2026-09-07T20:02:23.912+0000] {dag.py:4180} INFO - Setting next_dagrun for hello_dag to None, run_after=None
[2026-09-07T20:02:23.930+0000] {processor.py:208} INFO - Processing /opt/airflow/dags/01_hello_dag.py took 0.073 seconds
[2026-09-07T20:02:54.448+0000] {processor.py:186} INFO - Started process (PID=409) to work on /opt/airflow/dags/01_hello_dag.py
[2026-09-07T20:02:54.448+0000] {processor.py:914} INFO - Processing file /opt/airflow/dags/01_hello_dag.py for tasks to queue
[2026-09-07T20:02:54.450+0000] {logging_mixin.py:190} INFO - [2026-09-07T20:02:54.449+0000] {dagbag.py:588} INFO - Filling up the DagBag from /opt/airflow/dags/01_hello_dag.py
[2026-09-07T20:02:54.469+0000] {processor.py:925} INFO - DAG(s) 'hello_dag' retrieved from /opt/airflow/dags/01_hello_dag.py
[2026-09-07T20:02:54.503+0000] {logging_mixin.py:190} INFO - [2026-09-07T20:02:54.502+0000] {dag.py:3239} INFO - Sync 1 DAGs
[2026-09-07T20:02:54.525+0000] {logging_mixin.py:190} INFO - [2026-09-07T20:02:54.525+0000] {dag.py:4180} INFO - Setting next_dagrun for hello_dag to None, run_after=None
[2026-09-07T20:02:54.550+0000] {processor.py:208} INFO - Processing /opt/airflow/dags/01_hello_dag.py took 0.109 seconds
[2026-09-07T20:03:25.039+0000] {processor.py:186} INFO - Started process (PID=423) to work on /opt/airflow/dags/01_hello_dag.py
[2026-09-07T20:03:25.039+0000] {processor.py:914} INFO - Processing file /opt/airflow/dags/01_hello_dag.py for tasks to queue
[2026-09-07T20:03:25.040+0000] {logging_mixin.py:190} INFO - [2026-09-07T20:03:25.040+0000] {dagbag.py:588} INFO - Filling up the DagBag from /opt/airflow/dags/01_hello_dag.py
[2026-09-07T20:03:25.054+0000] {processor.py:925} INFO - DAG(s) 'hello_dag' retrieved from /opt/airflow/dags/01_hello_dag.py
[2026-09-07T20:03:25.076+0000] {logging_mixin.py:190} INFO - [2026-09-07T20:03:25.076+0000] {dag.py:3239} INFO - Sync 1 DAGs
[2026-09-07T20:03:25.089+0000] {logging_mixin.py:190} INFO - [2026-09-07T20:03:25.089+0000] {dag.py:4180} INFO - Setting next_dagrun for hello_dag to None, run_after=None
[2026-09-07T20:03:25.107+0000] {processor.py:208} INFO - Processing /opt/airflow/dags/01_hello_dag.py took 0.074 seconds
[2026-09-07T20:03:55.667+0000] {processor.py:186} INFO - Started process (PID=437) to work on /opt/airflow/dags/01_hello_dag.py
[2026-09-07T20:03:55.668+0000] {processor.py:914} INFO - Processing file /opt/airflow/dags/01_hello_dag.py for tasks to queue
[2026-09-07T20:03:55.669+0000] {logging_mixin.py:190} INFO - [2026-09-07T20:03:55.668+0000] {dagbag.py:588} INFO - Filling up the DagBag from /opt/airflow/dags/01_hello_dag.py
[2026-09-07T20:03:55.683+0000] {processor.py:925} INFO - DAG(s) 'hello_dag' retrieved from /opt/airflow/dags/01_hello_dag.py
[2026-09-07T20:03:55.707+0000] {logging_mixin.py:190} INFO - [2026-09-07T20:03:55.707+0000] {dag.py:3239} INFO - Sync 1 DAGs
[2026-09-07T20:03:55.718+0000] {logging_mixin.py:190} INFO - [2026-09-07T20:03:55.718+0000] {dag.py:4180} INFO - Setting next_dagrun for hello_dag to None, run_after=None
[2026-09-07T20:03:55.738+0000] {processor.py:208} INFO - Processing /opt/airflow/dags/01_hello_dag.py took 0.079 seconds
[2026-09-07T20:04:26.232+0000] {processor.py:186} INFO - Started process (PID=451) to work on /opt/airflow/dags/01_hello_dag.py
[2026-09-07T20:04:26.233+0000] {processor.py:914} INFO - Processing file /opt/airflow/dags/01_hello_dag.py for tasks to queue
[2026-09-07T20:04:26.234+0000] {logging_mixin.py:190} INFO - [2026-09-07T20:04:26.234+0000] {dagbag.py:588} INFO - Filling up the DagBag from /opt/airflow/dags/01_hello_dag.py
[2026-09-07T20:04:26.248+0000] {processor.py:925} INFO - DAG(s) 'hello_dag' retrieved from /opt/airflow/dags/01_hello_dag.py
[2026-09-07T20:04:26.273+0000] {logging_mixin.py:190} INFO - [2026-09-07T20:04:26.273+0000] {dag.py:3239} INFO - Sync 1 DAGs
[2026-09-07T20:04:26.285+0000] {logging_mixin.py:190} INFO - [2026-09-07T20:04:26.285+0000] {dag.py:4180} INFO - Setting next_dagrun for hello_dag to None, run_after=None
[2026-09-07T20:04:26.305+0000] {processor.py:208} INFO - Processing /opt/airflow/dags/01_hello_dag.py took 0.079 seconds
[2026-09-07T20:11:58.708+0000] {processor.py:186} INFO - Started process (PID=98) to work on /opt/airflow/dags/01_hello_dag.py
[2026-09-07T20:11:58.709+0000] {processor.py:914} INFO - Processing file /opt/airflow/dags/01_hello_dag.py for tasks to queue
[2026-09-07T20:11:58.710+0000] {logging_mixin.py:190} INFO - [2026-09-07T20:11:58.710+0000] {dagbag.py:588} INFO - Filling up the DagBag from /opt/airflow/dags/01_hello_dag.py
[2026-09-07T20:11:58.738+0000] {processor.py:925} INFO - DAG(s) 'hello_dag' retrieved from /opt/airflow/dags/01_hello_dag.py
[2026-09-07T20:11:58.772+0000] {logging_mixin.py:190} INFO - [2026-09-07T20:11:58.771+0000] {dag.py:3239} INFO - Sync 1 DAGs
[2026-09-07T20:11:58.808+0000] {logging_mixin.py:190} INFO - [2026-09-07T20:11:58.808+0000] {dag.py:4180} INFO - Setting next_dagrun for hello_dag to None, run_after=None
[2026-09-07T20:11:58.833+0000] {processor.py:208} INFO - Processing /opt/airflow/dags/01_hello_dag.py took 0.132 seconds
[2026-09-07T20:12:28.944+0000] {processor.py:186} INFO - Started process (PID=112) to work on /opt/airflow/dags/01_hello_dag.py
[2026-09-07T20:12:28.945+0000] {processor.py:914} INFO - Processing file /opt/airflow/dags/01_hello_dag.py for tasks to queue
[2026-09-07T20:12:28.947+0000] {logging_mixin.py:190} INFO - [2026-09-07T20:12:28.946+0000] {dagbag.py:588} INFO - Filling up the DagBag from /opt/airflow/dags/01_hello_dag.py
[2026-09-07T20:12:28.970+0000] {processor.py:925} INFO - DAG(s) 'hello_dag' retrieved from /opt/airflow/dags/01_hello_dag.py
[2026-09-07T20:12:29.008+0000] {logging_mixin.py:190} INFO - [2026-09-07T20:12:29.007+0000] {dag.py:3239} INFO - Sync 1 DAGs
[2026-09-07T20:12:29.026+0000] {logging_mixin.py:190} INFO - [2026-09-07T20:12:29.026+0000] {dag.py:4180} INFO - Setting next_dagrun for hello_dag to None, run_after=None
[2026-09-07T20:12:29.051+0000] {processor.py:208} INFO - Processing /opt/airflow/dags/01_hello_dag.py took 0.114 seconds
[2026-09-07T20:12:59.686+0000] {processor.py:186} INFO - Started process (PID=126) to work on /opt/airflow/dags/01_hello_dag.py
[2026-09-07T20:12:59.687+0000] {processor.py:914} INFO - Processing file /opt/airflow/dags/01_hello_dag.py for tasks to queue
[2026-09-07T20:12:59.688+0000] {logging_mixin.py:190} INFO - [2026-09-07T20:12:59.688+0000] {dagbag.py:588} INFO - Filling up the DagBag from /opt/airflow/dags/01_hello_dag.py
[2026-09-07T20:12:59.704+0000] {processor.py:925} INFO - DAG(s) 'hello_dag' retrieved from /opt/airflow/dags/01_hello_dag.py
[2026-09-07T20:12:59.729+0000] {logging_mixin.py:190} INFO - [2026-09-07T20:12:59.729+0000] {dag.py:3239} INFO - Sync 1 DAGs
[2026-09-07T20:12:59.740+0000] {logging_mixin.py:190} INFO - [2026-09-07T20:12:59.740+0000] {dag.py:4180} INFO - Setting next_dagrun for hello_dag to None, run_after=None
[2026-09-07T20:12:59.757+0000] {processor.py:208} INFO - Processing /opt/airflow/dags/01_hello_dag.py took 0.075 seconds
[2026-09-07T20:13:30.357+0000] {processor.py:186} INFO - Started process (PID=140) to work on /opt/airflow/dags/01_hello_dag.py
[2026-09-07T20:13:30.358+0000] {processor.py:914} INFO - Processing file /opt/airflow/dags/01_hello_dag.py for tasks to queue
[2026-09-07T20:13:30.359+0000] {logging_mixin.py:190} INFO - [2026-09-07T20:13:30.359+0000] {dagbag.py:588} INFO - Filling up the DagBag from /opt/airflow/dags/01_hello_dag.py
[2026-09-07T20:13:30.378+0000] {processor.py:925} INFO - DAG(s) 'hello_dag' retrieved from /opt/airflow/dags/01_hello_dag.py
[2026-09-07T20:13:30.404+0000] {logging_mixin.py:190} INFO - [2026-09-07T20:13:30.404+0000] {dag.py:3239} INFO - Sync 1 DAGs
[2026-09-07T20:13:30.421+0000] {logging_mixin.py:190} INFO - [2026-09-07T20:13:30.420+0000] {dag.py:4180} INFO - Setting next_dagrun for hello_dag to None, run_after=None
[2026-09-07T20:13:30.443+0000] {processor.py:208} INFO - Processing /opt/airflow/dags/01_hello_dag.py took 0.092 seconds
[2026-09-07T20:14:01.193+0000] {processor.py:186} INFO - Started process (PID=154) to work on /opt/airflow/dags/01_hello_dag.py
[2026-09-07T20:14:01.193+0000] {processor.py:914} INFO - Processing file /opt/airflow/dags/01_hello_dag.py for tasks to queue
[2026-09-07T20:14:01.195+0000] {logging_mixin.py:190} INFO - [2026-09-07T20:14:01.194+0000] {dagbag.py:588} INFO - Filling up the DagBag from /opt/airflow/dags/01_hello_dag.py
[2026-09-07T20:14:01.213+0000] {processor.py:925} INFO - DAG(s) 'hello_dag' retrieved from /opt/airflow/dags/01_hello_dag.py
[2026-09-07T20:14:01.238+0000] {logging_mixin.py:190} INFO - [2026-09-07T20:14:01.238+0000] {dag.py:3239} INFO - Sync 1 DAGs
[2026-09-07T20:14:01.388+0000] {logging_mixin.py:190} INFO - [2026-09-07T20:14:01.388+0000] {dag.py:4180} INFO - Setting next_dagrun for hello_dag to None, run_after=None
[2026-09-07T20:14:01.407+0000] {processor.py:208} INFO - Processing /opt/airflow/dags/01_hello_dag.py took 0.223 seconds
[2026-09-07T20:14:31.477+0000] {processor.py:186} INFO - Started process (PID=168) to work on /opt/airflow/dags/01_hello_dag.py
[2026-09-07T20:14:31.478+0000] {processor.py:914} INFO - Processing file /opt/airflow/dags/01_hello_dag.py for tasks to queue
[2026-09-07T20:14:31.480+0000] {logging_mixin.py:190} INFO - [2026-09-07T20:14:31.479+0000] {dagbag.py:588} INFO - Filling up the DagBag from /opt/airflow/dags/01_hello_dag.py
[2026-09-07T20:14:31.494+0000] {processor.py:925} INFO - DAG(s) 'hello_dag' retrieved from /opt/airflow/dags/01_hello_dag.py
[2026-09-07T20:14:31.515+0000] {logging_mixin.py:190} INFO - [2026-09-07T20:14:31.515+0000] {dag.py:3239} INFO - Sync 1 DAGs
[2026-09-07T20:14:31.534+0000] {logging_mixin.py:190} INFO - [2026-09-07T20:14:31.533+0000] {dag.py:4180} INFO - Setting next_dagrun for hello_dag to None, run_after=None
[2026-09-07T20:14:31.554+0000] {processor.py:208} INFO - Processing /opt/airflow/dags/01_hello_dag.py took 0.084 seconds
[2026-09-07T20:15:02.206+0000] {processor.py:186} INFO - Started process (PID=182) to work on /opt/airflow/dags/01_hello_dag.py
[2026-09-07T20:15:02.207+0000] {processor.py:914} INFO - Processing file /opt/airflow/dags/01_hello_dag.py for tasks to queue
[2026-09-07T20:15:02.208+0000] {logging_mixin.py:190} INFO - [2026-09-07T20:15:02.207+0000] {dagbag.py:588} INFO - Filling up the DagBag from /opt/airflow/dags/01_hello_dag.py
[2026-09-07T20:15:02.223+0000] {processor.py:925} INFO - DAG(s) 'hello_dag' retrieved from /opt/airflow/dags/01_hello_dag.py
[2026-09-07T20:15:02.248+0000] {logging_mixin.py:190} INFO - [2026-09-07T20:15:02.248+0000] {dag.py:3239} INFO - Sync 1 DAGs
[2026-09-07T20:15:02.264+0000] {logging_mixin.py:190} INFO - [2026-09-07T20:15:02.264+0000] {dag.py:4180} INFO - Setting next_dagrun for hello_dag to None, run_after=None
[2026-09-07T20:15:02.282+0000] {processor.py:208} INFO - Processing /opt/airflow/dags/01_hello_dag.py took 0.082 seconds
[2026-09-07T20:15:32.860+0000] {processor.py:186} INFO - Started process (PID=196) to work on /opt/airflow/dags/01_hello_dag.py
[2026-09-07T20:15:32.861+0000] {processor.py:914} INFO - Processing file /opt/airflow/dags/01_hello_dag.py for tasks to queue
[2026-09-07T20:15:32.862+0000] {logging_mixin.py:190} INFO - [2026-09-07T20:15:32.862+0000] {dagbag.py:588} INFO - Filling up the DagBag from /opt/airflow/dags/01_hello_dag.py
[2026-09-07T20:15:32.878+0000] {processor.py:925} INFO - DAG(s) 'hello_dag' retrieved from /opt/airflow/dags/01_hello_dag.py
[2026-09-07T20:15:32.901+0000] {logging_mixin.py:190} INFO - [2026-09-07T20:15:32.901+0000] {dag.py:3239} INFO - Sync 1 DAGs
[2026-09-07T20:15:32.918+0000] {logging_mixin.py:190} INFO - [2026-09-07T20:15:32.918+0000] {dag.py:4180} INFO - Setting next_dagrun for hello_dag to None, run_after=None
[2026-09-07T20:15:32.939+0000] {processor.py:208} INFO - Processing /opt/airflow/dags/01_hello_dag.py took 0.086 seconds
[2026-09-07T20:16:03.453+0000] {processor.py:186} INFO - Started process (PID=210) to work on /opt/airflow/dags/01_hello_dag.py
[2026-09-07T20:16:03.454+0000] {processor.py:914} INFO - Processing file /opt/airflow/dags/01_hello_dag.py for tasks to queue
[2026-09-07T20:16:03.456+0000] {logging_mixin.py:190} INFO - [2026-09-07T20:16:03.455+0000] {dagbag.py:588} INFO - Filling up the DagBag from /opt/airflow/dags/01_hello_dag.py
[2026-09-07T20:16:03.471+0000] {processor.py:925} INFO - DAG(s) 'hello_dag' retrieved from /opt/airflow/dags/01_hello_dag.py
[2026-09-07T20:16:03.494+0000] {logging_mixin.py:190} INFO - [2026-09-07T20:16:03.494+0000] {dag.py:3239} INFO - Sync 1 DAGs
[2026-09-07T20:16:03.508+0000] {logging_mixin.py:190} INFO - [2026-09-07T20:16:03.508+0000] {dag.py:4180} INFO - Setting next_dagrun for hello_dag to None, run_after=None
[2026-09-07T20:16:03.528+0000] {processor.py:208} INFO - Processing /opt/airflow/dags/01_hello_dag.py took 0.080 seconds
[2026-09-07T20:16:33.970+0000] {processor.py:186} INFO - Started process (PID=224) to work on /opt/airflow/dags/01_hello_dag.py
[2026-09-07T20:16:33.971+0000] {processor.py:914} INFO - Processing file /opt/airflow/dags/01_hello_dag.py for tasks to queue
[2026-09-07T20:16:33.972+0000] {logging_mixin.py:190} INFO - [2026-09-07T20:16:33.972+0000] {dagbag.py:588} INFO - Filling up the DagBag from /opt/airflow/dags/01_hello_dag.py
[2026-09-07T20:16:33.991+0000] {processor.py:925} INFO - DAG(s) 'hello_dag' retrieved from /opt/airflow/dags/01_hello_dag.py
[2026-09-07T20:16:34.014+0000] {logging_mixin.py:190} INFO - [2026-09-07T20:16:34.014+0000] {dag.py:3239} INFO - Sync 1 DAGs
[2026-09-07T20:16:34.027+0000] {logging_mixin.py:190} INFO - [2026-09-07T20:16:34.027+0000] {dag.py:4180} INFO - Setting next_dagrun for hello_dag to None, run_after=None
[2026-09-07T20:16:34.044+0000] {processor.py:208} INFO - Processing /opt/airflow/dags/01_hello_dag.py took 0.080 seconds
[2026-09-07T20:17:04.460+0000] {processor.py:186} INFO - Started process (PID=238) to work on /opt/airflow/dags/01_hello_dag.py
[2026-09-07T20:17:04.461+0000] {processor.py:914} INFO - Processing file /opt/airflow/dags/01_hello_dag.py for tasks to queue
[2026-09-07T20:17:04.462+0000] {logging_mixin.py:190} INFO - [2026-09-07T20:17:04.462+0000] {dagbag.py:588} INFO - Filling up the DagBag from /opt/airflow/dags/01_hello_dag.py
[2026-09-07T20:17:04.483+0000] {processor.py:925} INFO - DAG(s) 'hello_dag' retrieved from /opt/airflow/dags/01_hello_dag.py
[2026-09-07T20:17:04.505+0000] {logging_mixin.py:190} INFO - [2026-09-07T20:17:04.505+0000] {dag.py:3239} INFO - Sync 1 DAGs
[2026-09-07T20:17:04.517+0000] {logging_mixin.py:190} INFO - [2026-09-07T20:17:04.517+0000] {dag.py:4180} INFO - Setting next_dagrun for hello_dag to None, run_after=None
[2026-09-07T20:17:04.536+0000] {processor.py:208} INFO - Processing /opt/airflow/dags/01_hello_dag.py took 0.085 seconds
[2026-09-07T20:17:34.995+0000] {processor.py:186} INFO - Started process (PID=252) to work on /opt/airflow/dags/01_hello_dag.py
[2026-09-07T20:17:34.996+0000] {processor.py:914} INFO - Processing file /opt/airflow/dags/01_hello_dag.py for tasks to queue
[2026-09-07T20:17:34.997+0000] {logging_mixin.py:190} INFO - [2026-09-07T20:17:34.997+0000] {dagbag.py:588} INFO - Filling up the DagBag from /opt/airflow/dags/01_hello_dag.py
[2026-09-07T20:17:35.015+0000] {processor.py:925} INFO - DAG(s) 'hello_dag' retrieved from /opt/airflow/dags/01_hello_dag.py
[2026-09-07T20:17:35.044+0000] {logging_mixin.py:190} INFO - [2026-09-07T20:17:35.043+0000] {dag.py:3239} INFO - Sync 1 DAGs
[2026-09-07T20:17:35.056+0000] {logging_mixin.py:190} INFO - [2026-09-07T20:17:35.056+0000] {dag.py:4180} INFO - Setting next_dagrun for hello_dag to None, run_after=None
[2026-09-07T20:17:35.079+0000] {processor.py:208} INFO - Processing /opt/airflow/dags/01_hello_dag.py took 0.090 seconds
[2026-09-07T20:18:05.702+0000] {processor.py:186} INFO - Started process (PID=266) to work on /opt/airflow/dags/01_hello_dag.py
[2026-09-07T20:18:05.702+0000] {processor.py:914} INFO - Processing file /opt/airflow/dags/01_hello_dag.py for tasks to queue
[2026-09-07T20:18:05.703+0000] {logging_mixin.py:190} INFO - [2026-09-07T20:18:05.703+0000] {dagbag.py:588} INFO - Filling up the DagBag from /opt/airflow/dags/01_hello_dag.py
[2026-09-07T20:18:05.718+0000] {processor.py:925} INFO - DAG(s) 'hello_dag' retrieved from /opt/airflow/dags/01_hello_dag.py
[2026-09-07T20:18:05.743+0000] {logging_mixin.py:190} INFO - [2026-09-07T20:18:05.743+0000] {dag.py:3239} INFO - Sync 1 DAGs
[2026-09-07T20:18:05.757+0000] {logging_mixin.py:190} INFO - [2026-09-07T20:18:05.756+0000] {dag.py:4180} INFO - Setting next_dagrun for hello_dag to None, run_after=None
[2026-09-07T20:18:05.781+0000] {processor.py:208} INFO - Processing /opt/airflow/dags/01_hello_dag.py took 0.085 seconds
[2026-09-07T20:18:36.397+0000] {processor.py:186} INFO - Started process (PID=280) to work on /opt/airflow/dags/01_hello_dag.py
[2026-09-07T20:18:36.397+0000] {processor.py:914} INFO - Processing file /opt/airflow/dags/01_hello_dag.py for tasks to queue
[2026-09-07T20:18:36.399+0000] {logging_mixin.py:190} INFO - [2026-09-07T20:18:36.398+0000] {dagbag.py:588} INFO - Filling up the DagBag from /opt/airflow/dags/01_hello_dag.py
[2026-09-07T20:18:36.416+0000] {processor.py:925} INFO - DAG(s) 'hello_dag' retrieved from /opt/airflow/dags/01_hello_dag.py
[2026-09-07T20:18:36.443+0000] {logging_mixin.py:190} INFO - [2026-09-07T20:18:36.443+0000] {dag.py:3239} INFO - Sync 1 DAGs
[2026-09-07T20:18:36.455+0000] {logging_mixin.py:190} INFO - [2026-09-07T20:18:36.455+0000] {dag.py:4180} INFO - Setting next_dagrun for hello_dag to None, run_after=None
[2026-09-07T20:18:36.477+0000] {processor.py:208} INFO - Processing /opt/airflow/dags/01_hello_dag.py took 0.086 seconds
[2026-09-07T20:19:07.041+0000] {processor.py:186} INFO - Started process (PID=294) to work on /opt/airflow/dags/01_hello_dag.py
[2026-09-07T20:19:07.041+0000] {processor.py:914} INFO - Processing file /opt/airflow/dags/01_hello_dag.py for tasks to queue
[2026-09-07T20:19:07.043+0000] {logging_mixin.py:190} INFO - [2026-09-07T20:19:07.042+0000] {dagbag.py:588} INFO - Filling up the DagBag from /opt/airflow/dags/01_hello_dag.py
[2026-09-07T20:19:07.055+0000] {processor.py:925} INFO - DAG(s) 'hello_dag' retrieved from /opt/airflow/dags/01_hello_dag.py
[2026-09-07T20:19:07.079+0000] {logging_mixin.py:190} INFO - [2026-09-07T20:19:07.079+0000] {dag.py:3239} INFO - Sync 1 DAGs
[2026-09-07T20:19:07.093+0000] {logging_mixin.py:190} INFO - [2026-09-07T20:19:07.093+0000] {dag.py:4180} INFO - Setting next_dagrun for hello_dag to None, run_after=None
[2026-09-07T20:19:07.112+0000] {processor.py:208} INFO - Processing /opt/airflow/dags/01_hello_dag.py took 0.076 seconds
[2026-09-07T20:19:37.692+0000] {processor.py:186} INFO - Started process (PID=308) to work on /opt/airflow/dags/01_hello_dag.py
[2026-09-07T20:19:37.693+0000] {processor.py:914} INFO - Processing file /opt/airflow/dags/01_hello_dag.py for tasks to queue
[2026-09-07T20:19:37.694+0000] {logging_mixin.py:190} INFO - [2026-09-07T20:19:37.694+0000] {dagbag.py:588} INFO - Filling up the DagBag from /opt/airflow/dags/01_hello_dag.py
[2026-09-07T20:19:37.708+0000] {processor.py:925} INFO - DAG(s) 'hello_dag' retrieved from /opt/airflow/dags/01_hello_dag.py
[2026-09-07T20:19:37.733+0000] {logging_mixin.py:190} INFO - [2026-09-07T20:19:37.732+0000] {dag.py:3239} INFO - Sync 1 DAGs
[2026-09-07T20:19:37.752+0000] {logging_mixin.py:190} INFO - [2026-09-07T20:19:37.752+0000] {dag.py:4180} INFO - Setting next_dagrun for hello_dag to None, run_after=None
[2026-09-07T20:19:37.772+0000] {processor.py:208} INFO - Processing /opt/airflow/dags/01_hello_dag.py took 0.086 seconds
[2026-09-07T20:20:08.349+0000] {processor.py:186} INFO - Started process (PID=322) to work on /opt/airflow/dags/01_hello_dag.py
[2026-09-07T20:20:08.350+0000] {processor.py:914} INFO - Processing file /opt/airflow/dags/01_hello_dag.py for tasks to queue
[2026-09-07T20:20:08.351+0000] {logging_mixin.py:190} INFO - [2026-09-07T20:20:08.351+0000] {dagbag.py:588} INFO - Filling up the DagBag from /opt/airflow/dags/01_hello_dag.py
[2026-09-07T20:20:08.367+0000] {processor.py:925} INFO - DAG(s) 'hello_dag' retrieved from /opt/airflow/dags/01_hello_dag.py
[2026-09-07T20:20:08.399+0000] {logging_mixin.py:190} INFO - [2026-09-07T20:20:08.399+0000] {dag.py:3239} INFO - Sync 1 DAGs
[2026-09-07T20:20:08.417+0000] {logging_mixin.py:190} INFO - [2026-09-07T20:20:08.416+0000] {dag.py:4180} INFO - Setting next_dagrun for hello_dag to None, run_after=None
[2026-09-07T20:20:08.438+0000] {processor.py:208} INFO - Processing /opt/airflow/dags/01_hello_dag.py took 0.096 seconds
[2026-09-07T20:20:38.900+0000] {processor.py:186} INFO - Started process (PID=335) to work on /opt/airflow/dags/01_hello_dag.py
[2026-09-07T20:20:38.901+0000] {processor.py:914} INFO - Processing file /opt/airflow/dags/01_hello_dag.py for tasks to queue
[2026-09-07T20:20:38.902+0000] {logging_mixin.py:190} INFO - [2026-09-07T20:20:38.902+0000] {dagbag.py:588} INFO - Filling up the DagBag from /opt/airflow/dags/01_hello_dag.py
[2026-09-07T20:20:38.918+0000] {processor.py:925} INFO - DAG(s) 'hello_dag' retrieved from /opt/airflow/dags/01_hello_dag.py
[2026-09-07T20:20:38.945+0000] {logging_mixin.py:190} INFO - [2026-09-07T20:20:38.945+0000] {dag.py:3239} INFO - Sync 1 DAGs
[2026-09-07T20:20:38.959+0000] {logging_mixin.py:190} INFO - [2026-09-07T20:20:38.959+0000] {dag.py:4180} INFO - Setting next_dagrun for hello_dag to None, run_after=None
[2026-09-07T20:20:38.979+0000] {processor.py:208} INFO - Processing /opt/airflow/dags/01_hello_dag.py took 0.086 seconds
[2026-09-07T20:21:09.464+0000] {processor.py:186} INFO - Started process (PID=350) to work on /opt/airflow/dags/01_hello_dag.py
[2026-09-07T20:21:09.465+0000] {processor.py:914} INFO - Processing file /opt/airflow/dags/01_hello_dag.py for tasks to queue
[2026-09-07T20:21:09.467+0000] {logging_mixin.py:190} INFO - [2026-09-07T20:21:09.466+0000] {dagbag.py:588} INFO - Filling up the DagBag from /opt/airflow/dags/01_hello_dag.py
[2026-09-07T20:21:09.497+0000] {processor.py:925} INFO - DAG(s) 'hello_dag' retrieved from /opt/airflow/dags/01_hello_dag.py
[2026-09-07T20:21:09.553+0000] {logging_mixin.py:190} INFO - [2026-09-07T20:21:09.553+0000] {dag.py:3239} INFO - Sync 1 DAGs
[2026-09-07T20:21:09.571+0000] {logging_mixin.py:190} INFO - [2026-09-07T20:21:09.571+0000] {dag.py:4180} INFO - Setting next_dagrun for hello_dag to None, run_after=None
[2026-09-07T20:21:09.592+0000] {processor.py:208} INFO - Processing /opt/airflow/dags/01_hello_dag.py took 0.136 seconds
[2026-09-07T20:21:40.091+0000] {processor.py:186} INFO - Started process (PID=364) to work on /opt/airflow/dags/01_hello_dag.py
[2026-09-07T20:21:40.092+0000] {processor.py:914} INFO - Processing file /opt/airflow/dags/01_hello_dag.py for tasks to queue
[2026-09-07T20:21:40.093+0000] {logging_mixin.py:190} INFO - [2026-09-07T20:21:40.093+0000] {dagbag.py:588} INFO - Filling up the DagBag from /opt/airflow/dags/01_hello_dag.py
[2026-09-07T20:21:40.108+0000] {processor.py:925} INFO - DAG(s) 'hello_dag' retrieved from /opt/airflow/dags/01_hello_dag.py
[2026-09-07T20:21:40.129+0000] {logging_mixin.py:190} INFO - [2026-09-07T20:21:40.129+0000] {dag.py:3239} INFO - Sync 1 DAGs
[2026-09-07T20:21:40.140+0000] {logging_mixin.py:190} INFO - [2026-09-07T20:21:40.140+0000] {dag.py:4180} INFO - Setting next_dagrun for hello_dag to None, run_after=None
[2026-09-07T20:21:40.157+0000] {processor.py:208} INFO - Processing /opt/airflow/dags/01_hello_dag.py took 0.071 seconds
[2026-09-07T20:22:10.662+0000] {processor.py:186} INFO - Started process (PID=378) to work on /opt/airflow/dags/01_hello_dag.py
[2026-09-07T20:22:10.663+0000] {processor.py:914} INFO - Processing file /opt/airflow/dags/01_hello_dag.py for tasks to queue
[2026-09-07T20:22:10.665+0000] {logging_mixin.py:190} INFO - [2026-09-07T20:22:10.664+0000] {dagbag.py:588} INFO - Filling up the DagBag from /opt/airflow/dags/01_hello_dag.py
[2026-09-07T20:22:10.680+0000] {processor.py:925} INFO - DAG(s) 'hello_dag' retrieved from /opt/airflow/dags/01_hello_dag.py
[2026-09-07T20:22:10.701+0000] {logging_mixin.py:190} INFO - [2026-09-07T20:22:10.701+0000] {dag.py:3239} INFO - Sync 1 DAGs
[2026-09-07T20:22:10.713+0000] {logging_mixin.py:190} INFO - [2026-09-07T20:22:10.713+0000] {dag.py:4180} INFO - Setting next_dagrun for hello_dag to None, run_after=None
[2026-09-07T20:22:10.731+0000] {processor.py:208} INFO - Processing /opt/airflow/dags/01_hello_dag.py took 0.074 seconds
[2026-09-07T20:22:41.227+0000] {processor.py:186} INFO - Started process (PID=392) to work on /opt/airflow/dags/01_hello_dag.py
[2026-09-07T20:22:41.228+0000] {processor.py:914} INFO - Processing file /opt/airflow/dags/01_hello_dag.py for tasks to queue
[2026-09-07T20:22:41.229+0000] {logging_mixin.py:190} INFO - [2026-09-07T20:22:41.229+0000] {dagbag.py:588} INFO - Filling up the DagBag from /opt/airflow/dags/01_hello_dag.py
[2026-09-07T20:22:41.244+0000] {processor.py:925} INFO - DAG(s) 'hello_dag' retrieved from /opt/airflow/dags/01_hello_dag.py
[2026-09-07T20:22:41.270+0000] {logging_mixin.py:190} INFO - [2026-09-07T20:22:41.270+0000] {dag.py:3239} INFO - Sync 1 DAGs
[2026-09-07T20:22:41.285+0000] {logging_mixin.py:190} INFO - [2026-09-07T20:22:41.284+0000] {dag.py:4180} INFO - Setting next_dagrun for hello_dag to None, run_after=None
[2026-09-07T20:22:41.306+0000] {processor.py:208} INFO - Processing /opt/airflow/dags/01_hello_dag.py took 0.085 seconds
[2026-09-07T20:23:11.811+0000] {processor.py:186} INFO - Started process (PID=406) to work on /opt/airflow/dags/01_hello_dag.py
[2026-09-07T20:23:11.812+0000] {processor.py:914} INFO - Processing file /opt/airflow/dags/01_hello_dag.py for tasks to queue
[2026-09-07T20:23:11.813+0000] {logging_mixin.py:190} INFO - [2026-09-07T20:23:11.813+0000] {dagbag.py:588} INFO - Filling up the DagBag from /opt/airflow/dags/01_hello_dag.py
[2026-09-07T20:23:11.833+0000] {processor.py:925} INFO - DAG(s) 'hello_dag' retrieved from /opt/airflow/dags/01_hello_dag.py
[2026-09-07T20:23:11.870+0000] {logging_mixin.py:190} INFO - [2026-09-07T20:23:11.869+0000] {dag.py:3239} INFO - Sync 1 DAGs
[2026-09-07T20:23:11.889+0000] {logging_mixin.py:190} INFO - [2026-09-07T20:23:11.889+0000] {dag.py:4180} INFO - Setting next_dagrun for hello_dag to None, run_after=None
[2026-09-07T20:23:11.913+0000] {processor.py:208} INFO - Processing /opt/airflow/dags/01_hello_dag.py took 0.109 seconds
[2026-09-07T20:23:42.481+0000] {processor.py:186} INFO - Started process (PID=420) to work on /opt/airflow/dags/01_hello_dag.py
[2026-09-07T20:23:42.481+0000] {processor.py:914} INFO - Processing file /opt/airflow/dags/01_hello_dag.py for tasks to queue
[2026-09-07T20:23:42.482+0000] {logging_mixin.py:190} INFO - [2026-09-07T20:23:42.482+0000] {dagbag.py:588} INFO - Filling up the DagBag from /opt/airflow/dags/01_hello_dag.py
[2026-09-07T20:23:42.499+0000] {processor.py:925} INFO - DAG(s) 'hello_dag' retrieved from /opt/airflow/dags/01_hello_dag.py
[2026-09-07T20:23:42.524+0000] {logging_mixin.py:190} INFO - [2026-09-07T20:23:42.524+0000] {dag.py:3239} INFO - Sync 1 DAGs
[2026-09-07T20:23:42.539+0000] {logging_mixin.py:190} INFO - [2026-09-07T20:23:42.539+0000] {dag.py:4180} INFO - Setting next_dagrun for hello_dag to None, run_after=None
[2026-09-07T20:23:42.560+0000] {processor.py:208} INFO - Processing /opt/airflow/dags/01_hello_dag.py took 0.086 seconds
[2026-09-07T20:24:13.102+0000] {processor.py:186} INFO - Started process (PID=434) to work on /opt/airflow/dags/01_hello_dag.py
[2026-09-07T20:24:13.103+0000] {processor.py:914} INFO - Processing file /opt/airflow/dags/01_hello_dag.py for tasks to queue
[2026-09-07T20:24:13.104+0000] {logging_mixin.py:190} INFO - [2026-09-07T20:24:13.104+0000] {dagbag.py:588} INFO - Filling up the DagBag from /opt/airflow/dags/01_hello_dag.py
[2026-09-07T20:24:13.120+0000] {processor.py:925} INFO - DAG(s) 'hello_dag' retrieved from /opt/airflow/dags/01_hello_dag.py
[2026-09-07T20:24:13.142+0000] {logging_mixin.py:190} INFO - [2026-09-07T20:24:13.142+0000] {dag.py:3239} INFO - Sync 1 DAGs
[2026-09-07T20:24:13.154+0000] {logging_mixin.py:190} INFO - [2026-09-07T20:24:13.153+0000] {dag.py:4180} INFO - Setting next_dagrun for hello_dag to None, run_after=None
[2026-09-07T20:24:13.171+0000] {processor.py:208} INFO - Processing /opt/airflow/dags/01_hello_dag.py took 0.076 seconds
[2026-09-07T20:24:43.723+0000] {processor.py:186} INFO - Started process (PID=448) to work on /opt/airflow/dags/01_hello_dag.py
[2026-09-07T20:24:43.724+0000] {processor.py:914} INFO - Processing file /opt/airflow/dags/01_hello_dag.py for tasks to queue
[2026-09-07T20:24:43.725+0000] {logging_mixin.py:190} INFO - [2026-09-07T20:24:43.725+0000] {dagbag.py:588} INFO - Filling up the DagBag from /opt/airflow/dags/01_hello_dag.py
[2026-09-07T20:24:43.741+0000] {processor.py:925} INFO - DAG(s) 'hello_dag' retrieved from /opt/airflow/dags/01_hello_dag.py
[2026-09-07T20:24:43.763+0000] {logging_mixin.py:190} INFO - [2026-09-07T20:24:43.763+0000] {dag.py:3239} INFO - Sync 1 DAGs
[2026-09-07T20:24:43.778+0000] {logging_mixin.py:190} INFO - [2026-09-07T20:24:43.778+0000] {dag.py:4180} INFO - Setting next_dagrun for hello_dag to None, run_after=None
[2026-09-07T20:24:43.795+0000] {processor.py:208} INFO - Processing /opt/airflow/dags/01_hello_dag.py took 0.077 seconds
[2026-09-07T20:25:14.307+0000] {processor.py:186} INFO - Started process (PID=462) to work on /opt/airflow/dags/01_hello_dag.py
[2026-09-07T20:25:14.308+0000] {processor.py:914} INFO - Processing file /opt/airflow/dags/01_hello_dag.py for tasks to queue
[2026-09-07T20:25:14.309+0000] {logging_mixin.py:190} INFO - [2026-09-07T20:25:14.309+0000] {dagbag.py:588} INFO - Filling up the DagBag from /opt/airflow/dags/01_hello_dag.py
[2026-09-07T20:25:14.323+0000] {processor.py:925} INFO - DAG(s) 'hello_dag' retrieved from /opt/airflow/dags/01_hello_dag.py
[2026-09-07T20:25:14.345+0000] {logging_mixin.py:190} INFO - [2026-09-07T20:25:14.344+0000] {dag.py:3239} INFO - Sync 1 DAGs
[2026-09-07T20:25:14.356+0000] {logging_mixin.py:190} INFO - [2026-09-07T20:25:14.356+0000] {dag.py:4180} INFO - Setting next_dagrun for hello_dag to None, run_after=None
[2026-09-07T20:25:14.376+0000] {processor.py:208} INFO - Processing /opt/airflow/dags/01_hello_dag.py took 0.075 seconds
[2026-09-07T20:25:44.998+0000] {processor.py:186} INFO - Started process (PID=476) to work on /opt/airflow/dags/01_hello_dag.py
[2026-09-07T20:25:44.999+0000] {processor.py:914} INFO - Processing file /opt/airflow/dags/01_hello_dag.py for tasks to queue
[2026-09-07T20:25:45.000+0000] {logging_mixin.py:190} INFO - [2026-09-07T20:25:45.000+0000] {dagbag.py:588} INFO - Filling up the DagBag from /opt/airflow/dags/01_hello_dag.py
[2026-09-07T20:25:45.016+0000] {processor.py:925} INFO - DAG(s) 'hello_dag' retrieved from /opt/airflow/dags/01_hello_dag.py
[2026-09-07T20:25:45.040+0000] {logging_mixin.py:190} INFO - [2026-09-07T20:25:45.040+0000] {dag.py:3239} INFO - Sync 1 DAGs
[2026-09-07T20:25:45.053+0000] {logging_mixin.py:190} INFO - [2026-09-07T20:25:45.053+0000] {dag.py:4180} INFO - Setting next_dagrun for hello_dag to None, run_after=None
[2026-09-07T20:25:45.070+0000] {processor.py:208} INFO - Processing /opt/airflow/dags/01_hello_dag.py took 0.078 seconds
[2026-09-07T20:26:15.650+0000] {processor.py:186} INFO - Started process (PID=490) to work on /opt/airflow/dags/01_hello_dag.py
[2026-09-07T20:26:15.650+0000] {processor.py:914} INFO - Processing file /opt/airflow/dags/01_hello_dag.py for tasks to queue
[2026-09-07T20:26:15.651+0000] {logging_mixin.py:190} INFO - [2026-09-07T20:26:15.651+0000] {dagbag.py:588} INFO - Filling up the DagBag from /opt/airflow/dags/01_hello_dag.py
[2026-09-07T20:26:15.663+0000] {processor.py:925} INFO - DAG(s) 'hello_dag' retrieved from /opt/airflow/dags/01_hello_dag.py
[2026-09-07T20:26:15.691+0000] {logging_mixin.py:190} INFO - [2026-09-07T20:26:15.690+0000] {dag.py:3239} INFO - Sync 1 DAGs
[2026-09-07T20:26:15.708+0000] {logging_mixin.py:190} INFO - [2026-09-07T20:26:15.707+0000] {dag.py:4180} INFO - Setting next_dagrun for hello_dag to None, run_after=None
[2026-09-07T20:26:15.728+0000] {processor.py:208} INFO - Processing /opt/airflow/dags/01_hello_dag.py took 0.084 seconds
[2026-09-07T20:26:46.312+0000] {processor.py:186} INFO - Started process (PID=504) to work on /opt/airflow/dags/01_hello_dag.py
[2026-09-07T20:26:46.312+0000] {processor.py:914} INFO - Processing file /opt/airflow/dags/01_hello_dag.py for tasks to queue
[2026-09-07T20:26:46.314+0000] {logging_mixin.py:190} INFO - [2026-09-07T20:26:46.314+0000] {dagbag.py:588} INFO - Filling up the DagBag from /opt/airflow/dags/01_hello_dag.py
[2026-09-07T20:26:46.332+0000] {processor.py:925} INFO - DAG(s) 'hello_dag' retrieved from /opt/airflow/dags/01_hello_dag.py
[2026-09-07T20:26:46.358+0000] {logging_mixin.py:190} INFO - [2026-09-07T20:26:46.357+0000] {dag.py:3239} INFO - Sync 1 DAGs
[2026-09-07T20:26:46.370+0000] {logging_mixin.py:190} INFO - [2026-09-07T20:26:46.370+0000] {dag.py:4180} INFO - Setting next_dagrun for hello_dag to None, run_after=None
[2026-09-07T20:26:46.390+0000] {processor.py:208} INFO - Processing /opt/airflow/dags/01_hello_dag.py took 0.084 seconds
[2026-09-07T20:27:17.049+0000] {processor.py:186} INFO - Started process (PID=518) to work on /opt/airflow/dags/01_hello_dag.py
[2026-09-07T20:27:17.050+0000] {processor.py:914} INFO - Processing file /opt/airflow/dags/01_hello_dag.py for tasks to queue
[2026-09-07T20:27:17.051+0000] {logging_mixin.py:190} INFO - [2026-09-07T20:27:17.050+0000] {dagbag.py:588} INFO - Filling up the DagBag from /opt/airflow/dags/01_hello_dag.py
[2026-09-07T20:27:17.065+0000] {processor.py:925} INFO - DAG(s) 'hello_dag' retrieved from /opt/airflow/dags/01_hello_dag.py
[2026-09-07T20:27:17.090+0000] {logging_mixin.py:190} INFO - [2026-09-07T20:27:17.089+0000] {dag.py:3239} INFO - Sync 1 DAGs
[2026-09-07T20:27:17.102+0000] {logging_mixin.py:190} INFO - [2026-09-07T20:27:17.102+0000] {dag.py:4180} INFO - Setting next_dagrun for hello_dag to None, run_after=None
[2026-09-07T20:27:17.121+0000] {processor.py:208} INFO - Processing /opt/airflow/dags/01_hello_dag.py took 0.077 seconds
[2026-09-07T20:27:47.609+0000] {processor.py:186} INFO - Started process (PID=532) to work on /opt/airflow/dags/01_hello_dag.py
[2026-09-07T20:27:47.610+0000] {processor.py:914} INFO - Processing file /opt/airflow/dags/01_hello_dag.py for tasks to queue
[2026-09-07T20:27:47.611+0000] {logging_mixin.py:190} INFO - [2026-09-07T20:27:47.611+0000] {dagbag.py:588} INFO - Filling up the DagBag from /opt/airflow/dags/01_hello_dag.py
[2026-09-07T20:27:47.629+0000] {processor.py:925} INFO - DAG(s) 'hello_dag' retrieved from /opt/airflow/dags/01_hello_dag.py
[2026-09-07T20:27:47.652+0000] {logging_mixin.py:190} INFO - [2026-09-07T20:27:47.652+0000] {dag.py:3239} INFO - Sync 1 DAGs
[2026-09-07T20:27:47.664+0000] {logging_mixin.py:190} INFO - [2026-09-07T20:27:47.663+0000] {dag.py:4180} INFO - Setting next_dagrun for hello_dag to None, run_after=None
[2026-09-07T20:27:47.681+0000] {processor.py:208} INFO - Processing /opt/airflow/dags/01_hello_dag.py took 0.081 seconds
[2026-09-07T20:28:18.288+0000] {processor.py:186} INFO - Started process (PID=546) to work on /opt/airflow/dags/01_hello_dag.py
[2026-09-07T20:28:18.288+0000] {processor.py:914} INFO - Processing file /opt/airflow/dags/01_hello_dag.py for tasks to queue
[2026-09-07T20:28:18.290+0000] {logging_mixin.py:190} INFO - [2026-09-07T20:28:18.289+0000] {dagbag.py:588} INFO - Filling up the DagBag from /opt/airflow/dags/01_hello_dag.py
[2026-09-07T20:28:18.304+0000] {processor.py:925} INFO - DAG(s) 'hello_dag' retrieved from /opt/airflow/dags/01_hello_dag.py
[2026-09-07T20:28:18.328+0000] {logging_mixin.py:190} INFO - [2026-09-07T20:28:18.328+0000] {dag.py:3239} INFO - Sync 1 DAGs
[2026-09-07T20:28:18.341+0000] {logging_mixin.py:190} INFO - [2026-09-07T20:28:18.341+0000] {dag.py:4180} INFO - Setting next_dagrun for hello_dag to None, run_after=None
[2026-09-07T20:28:18.358+0000] {processor.py:208} INFO - Processing /opt/airflow/dags/01_hello_dag.py took 0.076 seconds
[2026-09-07T20:28:48.939+0000] {processor.py:186} INFO - Started process (PID=560) to work on /opt/airflow/dags/01_hello_dag.py
[2026-09-07T20:28:48.940+0000] {processor.py:914} INFO - Processing file /opt/airflow/dags/01_hello_dag.py for tasks to queue
[2026-09-07T20:28:48.941+0000] {logging_mixin.py:190} INFO - [2026-09-07T20:28:48.941+0000] {dagbag.py:588} INFO - Filling up the DagBag from /opt/airflow/dags/01_hello_dag.py
[2026-09-07T20:28:48.955+0000] {processor.py:925} INFO - DAG(s) 'hello_dag' retrieved from /opt/airflow/dags/01_hello_dag.py
[2026-09-07T20:28:48.978+0000] {logging_mixin.py:190} INFO - [2026-09-07T20:28:48.978+0000] {dag.py:3239} INFO - Sync 1 DAGs
[2026-09-07T20:28:48.991+0000] {logging_mixin.py:190} INFO - [2026-09-07T20:28:48.990+0000] {dag.py:4180} INFO - Setting next_dagrun for hello_dag to None, run_after=None
[2026-09-07T20:28:49.010+0000] {processor.py:208} INFO - Processing /opt/airflow/dags/01_hello_dag.py took 0.077 seconds
[2026-09-07T20:29:19.765+0000] {processor.py:186} INFO - Started process (PID=574) to work on /opt/airflow/dags/01_hello_dag.py
[2026-09-07T20:29:19.765+0000] {processor.py:914} INFO - Processing file /opt/airflow/dags/01_hello_dag.py for tasks to queue
[2026-09-07T20:29:19.767+0000] {logging_mixin.py:190} INFO - [2026-09-07T20:29:19.767+0000] {dagbag.py:588} INFO - Filling up the DagBag from /opt/airflow/dags/01_hello_dag.py
[2026-09-07T20:29:19.781+0000] {processor.py:925} INFO - DAG(s) 'hello_dag' retrieved from /opt/airflow/dags/01_hello_dag.py
[2026-09-07T20:29:19.802+0000] {logging_mixin.py:190} INFO - [2026-09-07T20:29:19.802+0000] {dag.py:3239} INFO - Sync 1 DAGs
[2026-09-07T20:29:19.814+0000] {logging_mixin.py:190} INFO - [2026-09-07T20:29:19.814+0000] {dag.py:4180} INFO - Setting next_dagrun for hello_dag to None, run_after=None
[2026-09-07T20:29:19.831+0000] {processor.py:208} INFO - Processing /opt/airflow/dags/01_hello_dag.py took 0.072 seconds
[2026-09-07T20:29:50.314+0000] {processor.py:186} INFO - Started process (PID=588) to work on /opt/airflow/dags/01_hello_dag.py
[2026-09-07T20:29:50.314+0000] {processor.py:914} INFO - Processing file /opt/airflow/dags/01_hello_dag.py for tasks to queue
[2026-09-07T20:29:50.315+0000] {logging_mixin.py:190} INFO - [2026-09-07T20:29:50.315+0000] {dagbag.py:588} INFO - Filling up the DagBag from /opt/airflow/dags/01_hello_dag.py
[2026-09-07T20:29:50.334+0000] {processor.py:925} INFO - DAG(s) 'hello_dag' retrieved from /opt/airflow/dags/01_hello_dag.py
[2026-09-07T20:29:50.361+0000] {logging_mixin.py:190} INFO - [2026-09-07T20:29:50.361+0000] {dag.py:3239} INFO - Sync 1 DAGs
[2026-09-07T20:29:50.378+0000] {logging_mixin.py:190} INFO - [2026-09-07T20:29:50.378+0000] {dag.py:4180} INFO - Setting next_dagrun for hello_dag to None, run_after=None
[2026-09-07T20:29:50.405+0000] {processor.py:208} INFO - Processing /opt/airflow/dags/01_hello_dag.py took 0.098 seconds
[2026-09-07T20:30:20.953+0000] {processor.py:186} INFO - Started process (PID=608) to work on /opt/airflow/dags/01_hello_dag.py
[2026-09-07T20:30:20.953+0000] {processor.py:914} INFO - Processing file /opt/airflow/dags/01_hello_dag.py for tasks to queue
[2026-09-07T20:30:20.954+0000] {logging_mixin.py:190} INFO - [2026-09-07T20:30:20.954+0000] {dagbag.py:588} INFO - Filling up the DagBag from /opt/airflow/dags/01_hello_dag.py
[2026-09-07T20:30:20.970+0000] {processor.py:925} INFO - DAG(s) 'hello_dag' retrieved from /opt/airflow/dags/01_hello_dag.py
[2026-09-07T20:30:20.994+0000] {logging_mixin.py:190} INFO - [2026-09-07T20:30:20.993+0000] {dag.py:3239} INFO - Sync 1 DAGs
[2026-09-07T20:30:21.005+0000] {logging_mixin.py:190} INFO - [2026-09-07T20:30:21.004+0000] {dag.py:4180} INFO - Setting next_dagrun for hello_dag to None, run_after=None
[2026-09-07T20:30:21.025+0000] {processor.py:208} INFO - Processing /opt/airflow/dags/01_hello_dag.py took 0.079 seconds
[2026-09-07T20:30:51.605+0000] {processor.py:186} INFO - Started process (PID=622) to work on /opt/airflow/dags/01_hello_dag.py
[2026-09-07T20:30:51.605+0000] {processor.py:914} INFO - Processing file /opt/airflow/dags/01_hello_dag.py for tasks to queue
[2026-09-07T20:30:51.607+0000] {logging_mixin.py:190} INFO - [2026-09-07T20:30:51.606+0000] {dagbag.py:588} INFO - Filling up the DagBag from /opt/airflow/dags/01_hello_dag.py
[2026-09-07T20:30:51.622+0000] {processor.py:925} INFO - DAG(s) 'hello_dag' retrieved from /opt/airflow/dags/01_hello_dag.py
[2026-09-07T20:30:51.644+0000] {logging_mixin.py:190} INFO - [2026-09-07T20:30:51.644+0000] {dag.py:3239} INFO - Sync 1 DAGs
[2026-09-07T20:30:51.656+0000] {logging_mixin.py:190} INFO - [2026-09-07T20:30:51.656+0000] {dag.py:4180} INFO - Setting next_dagrun for hello_dag to None, run_after=None
[2026-09-07T20:30:51.674+0000] {processor.py:208} INFO - Processing /opt/airflow/dags/01_hello_dag.py took 0.075 seconds
[2026-09-07T20:31:22.194+0000] {processor.py:186} INFO - Started process (PID=636) to work on /opt/airflow/dags/01_hello_dag.py
[2026-09-07T20:31:22.195+0000] {processor.py:914} INFO - Processing file /opt/airflow/dags/01_hello_dag.py for tasks to queue
[2026-09-07T20:31:22.196+0000] {logging_mixin.py:190} INFO - [2026-09-07T20:31:22.196+0000] {dagbag.py:588} INFO - Filling up the DagBag from /opt/airflow/dags/01_hello_dag.py
[2026-09-07T20:31:22.207+0000] {processor.py:925} INFO - DAG(s) 'hello_dag' retrieved from /opt/airflow/dags/01_hello_dag.py
[2026-09-07T20:31:22.228+0000] {logging_mixin.py:190} INFO - [2026-09-07T20:31:22.228+0000] {dag.py:3239} INFO - Sync 1 DAGs
[2026-09-07T20:31:22.241+0000] {logging_mixin.py:190} INFO - [2026-09-07T20:31:22.240+0000] {dag.py:4180} INFO - Setting next_dagrun for hello_dag to None, run_after=None
[2026-09-07T20:31:22.261+0000] {processor.py:208} INFO - Processing /opt/airflow/dags/01_hello_dag.py took 0.073 seconds
[2026-09-07T20:31:52.803+0000] {processor.py:186} INFO - Started process (PID=650) to work on /opt/airflow/dags/01_hello_dag.py
[2026-09-07T20:31:52.803+0000] {processor.py:914} INFO - Processing file /opt/airflow/dags/01_hello_dag.py for tasks to queue
[2026-09-07T20:31:52.804+0000] {logging_mixin.py:190} INFO - [2026-09-07T20:31:52.804+0000] {dagbag.py:588} INFO - Filling up the DagBag from /opt/airflow/dags/01_hello_dag.py
[2026-09-07T20:31:52.826+0000] {processor.py:925} INFO - DAG(s) 'hello_dag' retrieved from /opt/airflow/dags/01_hello_dag.py
[2026-09-07T20:31:52.847+0000] {logging_mixin.py:190} INFO - [2026-09-07T20:31:52.847+0000] {dag.py:3239} INFO - Sync 1 DAGs
[2026-09-07T20:31:52.862+0000] {logging_mixin.py:190} INFO - [2026-09-07T20:31:52.862+0000] {dag.py:4180} INFO - Setting next_dagrun for hello_dag to None, run_after=None
[2026-09-07T20:31:52.881+0000] {processor.py:208} INFO - Processing /opt/airflow/dags/01_hello_dag.py took 0.085 seconds
[2026-09-07T20:32:23.403+0000] {processor.py:186} INFO - Started process (PID=664) to work on /opt/airflow/dags/01_hello_dag.py
[2026-09-07T20:32:23.404+0000] {processor.py:914} INFO - Processing file /opt/airflow/dags/01_hello_dag.py for tasks to queue
[2026-09-07T20:32:23.405+0000] {logging_mixin.py:190} INFO - [2026-09-07T20:32:23.405+0000] {dagbag.py:588} INFO - Filling up the DagBag from /opt/airflow/dags/01_hello_dag.py
[2026-09-07T20:32:23.423+0000] {processor.py:925} INFO - DAG(s) 'hello_dag' retrieved from /opt/airflow/dags/01_hello_dag.py
[2026-09-07T20:32:23.451+0000] {logging_mixin.py:190} INFO - [2026-09-07T20:32:23.450+0000] {dag.py:3239} INFO - Sync 1 DAGs
[2026-09-07T20:32:23.464+0000] {logging_mixin.py:190} INFO - [2026-09-07T20:32:23.463+0000] {dag.py:4180} INFO - Setting next_dagrun for hello_dag to None, run_after=None
[2026-09-07T20:32:23.482+0000] {processor.py:208} INFO - Processing /opt/airflow/dags/01_hello_dag.py took 0.085 seconds
[2026-09-07T20:32:53.980+0000] {processor.py:186} INFO - Started process (PID=678) to work on /opt/airflow/dags/01_hello_dag.py
[2026-09-07T20:32:53.981+0000] {processor.py:914} INFO - Processing file /opt/airflow/dags/01_hello_dag.py for tasks to queue
[2026-09-07T20:32:53.982+0000] {logging_mixin.py:190} INFO - [2026-09-07T20:32:53.982+0000] {dagbag.py:588} INFO - Filling up the DagBag from /opt/airflow/dags/01_hello_dag.py
[2026-09-07T20:32:53.998+0000] {processor.py:925} INFO - DAG(s) 'hello_dag' retrieved from /opt/airflow/dags/01_hello_dag.py
[2026-09-07T20:32:54.026+0000] {logging_mixin.py:190} INFO - [2026-09-07T20:32:54.025+0000] {dag.py:3239} INFO - Sync 1 DAGs
[2026-09-07T20:32:54.040+0000] {logging_mixin.py:190} INFO - [2026-09-07T20:32:54.040+0000] {dag.py:4180} INFO - Setting next_dagrun for hello_dag to None, run_after=None
[2026-09-07T20:32:54.058+0000] {processor.py:208} INFO - Processing /opt/airflow/dags/01_hello_dag.py took 0.085 seconds
[2026-09-07T20:33:24.640+0000] {processor.py:186} INFO - Started process (PID=692) to work on /opt/airflow/dags/01_hello_dag.py
[2026-09-07T20:33:24.641+0000] {processor.py:914} INFO - Processing file /opt/airflow/dags/01_hello_dag.py for tasks to queue
[2026-09-07T20:33:24.642+0000] {logging_mixin.py:190} INFO - [2026-09-07T20:33:24.642+0000] {dagbag.py:588} INFO - Filling up the DagBag from /opt/airflow/dags/01_hello_dag.py
[2026-09-07T20:33:24.659+0000] {processor.py:925} INFO - DAG(s) 'hello_dag' retrieved from /opt/airflow/dags/01_hello_dag.py
[2026-09-07T20:33:24.684+0000] {logging_mixin.py:190} INFO - [2026-09-07T20:33:24.684+0000] {dag.py:3239} INFO - Sync 1 DAGs
[2026-09-07T20:33:24.701+0000] {logging_mixin.py:190} INFO - [2026-09-07T20:33:24.701+0000] {dag.py:4180} INFO - Setting next_dagrun for hello_dag to None, run_after=None
[2026-09-07T20:33:24.723+0000] {processor.py:208} INFO - Processing /opt/airflow/dags/01_hello_dag.py took 0.090 seconds
[2026-09-07T20:33:55.330+0000] {processor.py:186} INFO - Started process (PID=707) to work on /opt/airflow/dags/01_hello_dag.py
[2026-09-07T20:33:55.331+0000] {processor.py:914} INFO - Processing file /opt/airflow/dags/01_hello_dag.py for tasks to queue
[2026-09-07T20:33:55.332+0000] {logging_mixin.py:190} INFO - [2026-09-07T20:33:55.332+0000] {dagbag.py:588} INFO - Filling up the DagBag from /opt/airflow/dags/01_hello_dag.py
[2026-09-07T20:33:55.346+0000] {processor.py:925} INFO - DAG(s) 'hello_dag' retrieved from /opt/airflow/dags/01_hello_dag.py
[2026-09-07T20:33:55.367+0000] {logging_mixin.py:190} INFO - [2026-09-07T20:33:55.367+0000] {dag.py:3239} INFO - Sync 1 DAGs
[2026-09-07T20:33:55.380+0000] {logging_mixin.py:190} INFO - [2026-09-07T20:33:55.380+0000] {dag.py:4180} INFO - Setting next_dagrun for hello_dag to None, run_after=None
[2026-09-07T20:33:55.400+0000] {processor.py:208} INFO - Processing /opt/airflow/dags/01_hello_dag.py took 0.076 seconds
[2026-09-07T20:34:26.060+0000] {processor.py:186} INFO - Started process (PID=721) to work on /opt/airflow/dags/01_hello_dag.py
[2026-09-07T20:34:26.060+0000] {processor.py:914} INFO - Processing file /opt/airflow/dags/01_hello_dag.py for tasks to queue
[2026-09-07T20:34:26.061+0000] {logging_mixin.py:190} INFO - [2026-09-07T20:34:26.061+0000] {dagbag.py:588} INFO - Filling up the DagBag from /opt/airflow/dags/01_hello_dag.py
[2026-09-07T20:34:26.075+0000] {processor.py:925} INFO - DAG(s) 'hello_dag' retrieved from /opt/airflow/dags/01_hello_dag.py
[2026-09-07T20:34:26.099+0000] {logging_mixin.py:190} INFO - [2026-09-07T20:34:26.099+0000] {dag.py:3239} INFO - Sync 1 DAGs
[2026-09-07T20:34:26.111+0000] {logging_mixin.py:190} INFO - [2026-09-07T20:34:26.110+0000] {dag.py:4180} INFO - Setting next_dagrun for hello_dag to None, run_after=None
[2026-09-07T20:34:26.129+0000] {processor.py:208} INFO - Processing /opt/airflow/dags/01_hello_dag.py took 0.075 seconds
[2026-09-07T20:34:56.693+0000] {processor.py:186} INFO - Started process (PID=735) to work on /opt/airflow/dags/01_hello_dag.py
[2026-09-07T20:34:56.694+0000] {processor.py:914} INFO - Processing file /opt/airflow/dags/01_hello_dag.py for tasks to queue
[2026-09-07T20:34:56.695+0000] {logging_mixin.py:190} INFO - [2026-09-07T20:34:56.695+0000] {dagbag.py:588} INFO - Filling up the DagBag from /opt/airflow/dags/01_hello_dag.py
[2026-09-07T20:34:56.714+0000] {processor.py:925} INFO - DAG(s) 'hello_dag' retrieved from /opt/airflow/dags/01_hello_dag.py
[2026-09-07T20:34:56.736+0000] {logging_mixin.py:190} INFO - [2026-09-07T20:34:56.736+0000] {dag.py:3239} INFO - Sync 1 DAGs
[2026-09-07T20:34:56.748+0000] {logging_mixin.py:190} INFO - [2026-09-07T20:34:56.748+0000] {dag.py:4180} INFO - Setting next_dagrun for hello_dag to None, run_after=None
[2026-09-07T20:34:56.769+0000] {processor.py:208} INFO - Processing /opt/airflow/dags/01_hello_dag.py took 0.082 seconds
[2026-09-07T20:35:27.364+0000] {processor.py:186} INFO - Started process (PID=749) to work on /opt/airflow/dags/01_hello_dag.py
[2026-09-07T20:35:27.365+0000] {processor.py:914} INFO - Processing file /opt/airflow/dags/01_hello_dag.py for tasks to queue
[2026-09-07T20:35:27.368+0000] {logging_mixin.py:190} INFO - [2026-09-07T20:35:27.367+0000] {dagbag.py:588} INFO - Filling up the DagBag from /opt/airflow/dags/01_hello_dag.py
[2026-09-07T20:35:27.382+0000] {processor.py:925} INFO - DAG(s) 'hello_dag' retrieved from /opt/airflow/dags/01_hello_dag.py
[2026-09-07T20:35:27.403+0000] {logging_mixin.py:190} INFO - [2026-09-07T20:35:27.403+0000] {dag.py:3239} INFO - Sync 1 DAGs
[2026-09-07T20:35:27.415+0000] {logging_mixin.py:190} INFO - [2026-09-07T20:35:27.415+0000] {dag.py:4180} INFO - Setting next_dagrun for hello_dag to None, run_after=None
[2026-09-07T20:35:27.433+0000] {processor.py:208} INFO - Processing /opt/airflow/dags/01_hello_dag.py took 0.074 seconds
[2026-09-07T20:35:57.973+0000] {processor.py:186} INFO - Started process (PID=763) to work on /opt/airflow/dags/01_hello_dag.py
[2026-09-07T20:35:57.974+0000] {processor.py:914} INFO - Processing file /opt/airflow/dags/01_hello_dag.py for tasks to queue
[2026-09-07T20:35:57.975+0000] {logging_mixin.py:190} INFO - [2026-09-07T20:35:57.975+0000] {dagbag.py:588} INFO - Filling up the DagBag from /opt/airflow/dags/01_hello_dag.py
[2026-09-07T20:35:57.992+0000] {processor.py:925} INFO - DAG(s) 'hello_dag' retrieved from /opt/airflow/dags/01_hello_dag.py
[2026-09-07T20:35:58.019+0000] {logging_mixin.py:190} INFO - [2026-09-07T20:35:58.019+0000] {dag.py:3239} INFO - Sync 1 DAGs
[2026-09-07T20:35:58.033+0000] {logging_mixin.py:190} INFO - [2026-09-07T20:35:58.032+0000] {dag.py:4180} INFO - Setting next_dagrun for hello_dag to None, run_after=None
[2026-09-07T20:35:58.056+0000] {processor.py:208} INFO - Processing /opt/airflow/dags/01_hello_dag.py took 0.088 seconds
[2026-09-07T20:36:28.559+0000] {processor.py:186} INFO - Started process (PID=777) to work on /opt/airflow/dags/01_hello_dag.py
[2026-09-07T20:36:28.560+0000] {processor.py:914} INFO - Processing file /opt/airflow/dags/01_hello_dag.py for tasks to queue
[2026-09-07T20:36:28.562+0000] {logging_mixin.py:190} INFO - [2026-09-07T20:36:28.562+0000] {dagbag.py:588} INFO - Filling up the DagBag from /opt/airflow/dags/01_hello_dag.py
[2026-09-07T20:36:28.578+0000] {processor.py:925} INFO - DAG(s) 'hello_dag' retrieved from /opt/airflow/dags/01_hello_dag.py
[2026-09-07T20:36:28.609+0000] {logging_mixin.py:190} INFO - [2026-09-07T20:36:28.609+0000] {dag.py:3239} INFO - Sync 1 DAGs
[2026-09-07T20:36:28.622+0000] {logging_mixin.py:190} INFO - [2026-09-07T20:36:28.622+0000] {dag.py:4180} INFO - Setting next_dagrun for hello_dag to None, run_after=None
[2026-09-07T20:36:28.639+0000] {processor.py:208} INFO - Processing /opt/airflow/dags/01_hello_dag.py took 0.095 seconds
[2026-09-07T20:36:59.332+0000] {processor.py:186} INFO - Started process (PID=791) to work on /opt/airflow/dags/01_hello_dag.py
[2026-09-07T20:36:59.339+0000] {processor.py:914} INFO - Processing file /opt/airflow/dags/01_hello_dag.py for tasks to queue
[2026-09-07T20:36:59.340+0000] {logging_mixin.py:190} INFO - [2026-09-07T20:36:59.340+0000] {dagbag.py:588} INFO - Filling up the DagBag from /opt/airflow/dags/01_hello_dag.py
[2026-09-07T20:36:59.355+0000] {processor.py:925} INFO - DAG(s) 'hello_dag' retrieved from /opt/airflow/dags/01_hello_dag.py
[2026-09-07T20:36:59.378+0000] {logging_mixin.py:190} INFO - [2026-09-07T20:36:59.377+0000] {dag.py:3239} INFO - Sync 1 DAGs
[2026-09-07T20:36:59.392+0000] {logging_mixin.py:190} INFO - [2026-09-07T20:36:59.391+0000] {dag.py:4180} INFO - Setting next_dagrun for hello_dag to None, run_after=None
[2026-09-07T20:36:59.410+0000] {processor.py:208} INFO - Processing /opt/airflow/dags/01_hello_dag.py took 0.082 seconds
[2026-09-07T20:37:29.925+0000] {processor.py:186} INFO - Started process (PID=805) to work on /opt/airflow/dags/01_hello_dag.py
[2026-09-07T20:37:29.926+0000] {processor.py:914} INFO - Processing file /opt/airflow/dags/01_hello_dag.py for tasks to queue
[2026-09-07T20:37:29.927+0000] {logging_mixin.py:190} INFO - [2026-09-07T20:37:29.927+0000] {dagbag.py:588} INFO - Filling up the DagBag from /opt/airflow/dags/01_hello_dag.py
[2026-09-07T20:37:29.943+0000] {processor.py:925} INFO - DAG(s) 'hello_dag' retrieved from /opt/airflow/dags/01_hello_dag.py
[2026-09-07T20:37:29.972+0000] {logging_mixin.py:190} INFO - [2026-09-07T20:37:29.971+0000] {dag.py:3239} INFO - Sync 1 DAGs
[2026-09-07T20:37:29.990+0000] {logging_mixin.py:190} INFO - [2026-09-07T20:37:29.990+0000] {dag.py:4180} INFO - Setting next_dagrun for hello_dag to None, run_after=None
[2026-09-07T20:37:30.016+0000] {processor.py:208} INFO - Processing /opt/airflow/dags/01_hello_dag.py took 0.096 seconds
[2026-09-07T20:38:00.612+0000] {processor.py:186} INFO - Started process (PID=819) to work on /opt/airflow/dags/01_hello_dag.py
[2026-09-07T20:38:00.612+0000] {processor.py:914} INFO - Processing file /opt/airflow/dags/01_hello_dag.py for tasks to queue
[2026-09-07T20:38:00.614+0000] {logging_mixin.py:190} INFO - [2026-09-07T20:38:00.613+0000] {dagbag.py:588} INFO - Filling up the DagBag from /opt/airflow/dags/01_hello_dag.py
[2026-09-07T20:38:00.629+0000] {processor.py:925} INFO - DAG(s) 'hello_dag' retrieved from /opt/airflow/dags/01_hello_dag.py
[2026-09-07T20:38:00.651+0000] {logging_mixin.py:190} INFO - [2026-09-07T20:38:00.651+0000] {dag.py:3239} INFO - Sync 1 DAGs
[2026-09-07T20:38:00.664+0000] {logging_mixin.py:190} INFO - [2026-09-07T20:38:00.663+0000] {dag.py:4180} INFO - Setting next_dagrun for hello_dag to None, run_after=None
[2026-09-07T20:38:00.681+0000] {processor.py:208} INFO - Processing /opt/airflow/dags/01_hello_dag.py took 0.074 seconds
[2026-09-07T20:38:31.214+0000] {processor.py:186} INFO - Started process (PID=833) to work on /opt/airflow/dags/01_hello_dag.py
[2026-09-07T20:38:31.214+0000] {processor.py:914} INFO - Processing file /opt/airflow/dags/01_hello_dag.py for tasks to queue
[2026-09-07T20:38:31.216+0000] {logging_mixin.py:190} INFO - [2026-09-07T20:38:31.215+0000] {dagbag.py:588} INFO - Filling up the DagBag from /opt/airflow/dags/01_hello_dag.py
[2026-09-07T20:38:31.242+0000] {processor.py:925} INFO - DAG(s) 'hello_dag' retrieved from /opt/airflow/dags/01_hello_dag.py
[2026-09-07T20:38:31.266+0000] {logging_mixin.py:190} INFO - [2026-09-07T20:38:31.266+0000] {dag.py:3239} INFO - Sync 1 DAGs
[2026-09-07T20:38:31.279+0000] {logging_mixin.py:190} INFO - [2026-09-07T20:38:31.279+0000] {dag.py:4180} INFO - Setting next_dagrun for hello_dag to None, run_after=None
[2026-09-07T20:38:31.299+0000] {processor.py:208} INFO - Processing /opt/airflow/dags/01_hello_dag.py took 0.092 seconds
[2026-09-07T20:39:01.826+0000] {processor.py:186} INFO - Started process (PID=847) to work on /opt/airflow/dags/01_hello_dag.py
[2026-09-07T20:39:01.827+0000] {processor.py:914} INFO - Processing file /opt/airflow/dags/01_hello_dag.py for tasks to queue
[2026-09-07T20:39:01.828+0000] {logging_mixin.py:190} INFO - [2026-09-07T20:39:01.827+0000] {dagbag.py:588} INFO - Filling up the DagBag from /opt/airflow/dags/01_hello_dag.py
[2026-09-07T20:39:01.843+0000] {processor.py:925} INFO - DAG(s) 'hello_dag' retrieved from /opt/airflow/dags/01_hello_dag.py
[2026-09-07T20:39:01.865+0000] {logging_mixin.py:190} INFO - [2026-09-07T20:39:01.865+0000] {dag.py:3239} INFO - Sync 1 DAGs
[2026-09-07T20:39:01.880+0000] {logging_mixin.py:190} INFO - [2026-09-07T20:39:01.880+0000] {dag.py:4180} INFO - Setting next_dagrun for hello_dag to None, run_after=None
[2026-09-07T20:39:01.901+0000] {processor.py:208} INFO - Processing /opt/airflow/dags/01_hello_dag.py took 0.080 seconds
[2026-09-07T20:39:32.366+0000] {processor.py:186} INFO - Started process (PID=861) to work on /opt/airflow/dags/01_hello_dag.py
[2026-09-07T20:39:32.367+0000] {processor.py:914} INFO - Processing file /opt/airflow/dags/01_hello_dag.py for tasks to queue
[2026-09-07T20:39:32.368+0000] {logging_mixin.py:190} INFO - [2026-09-07T20:39:32.368+0000] {dagbag.py:588} INFO - Filling up the DagBag from /opt/airflow/dags/01_hello_dag.py
[2026-09-07T20:39:32.384+0000] {processor.py:925} INFO - DAG(s) 'hello_dag' retrieved from /opt/airflow/dags/01_hello_dag.py
[2026-09-07T20:39:32.409+0000] {logging_mixin.py:190} INFO - [2026-09-07T20:39:32.408+0000] {dag.py:3239} INFO - Sync 1 DAGs
[2026-09-07T20:39:32.424+0000] {logging_mixin.py:190} INFO - [2026-09-07T20:39:32.424+0000] {dag.py:4180} INFO - Setting next_dagrun for hello_dag to None, run_after=None
[2026-09-07T20:39:32.444+0000] {processor.py:208} INFO - Processing /opt/airflow/dags/01_hello_dag.py took 0.084 seconds
[2026-09-07T20:40:02.935+0000] {processor.py:186} INFO - Started process (PID=875) to work on /opt/airflow/dags/01_hello_dag.py
[2026-09-07T20:40:02.936+0000] {processor.py:914} INFO - Processing file /opt/airflow/dags/01_hello_dag.py for tasks to queue
[2026-09-07T20:40:02.937+0000] {logging_mixin.py:190} INFO - [2026-09-07T20:40:02.937+0000] {dagbag.py:588} INFO - Filling up the DagBag from /opt/airflow/dags/01_hello_dag.py
[2026-09-07T20:40:02.950+0000] {processor.py:925} INFO - DAG(s) 'hello_dag' retrieved from /opt/airflow/dags/01_hello_dag.py
[2026-09-07T20:40:02.970+0000] {logging_mixin.py:190} INFO - [2026-09-07T20:40:02.970+0000] {dag.py:3239} INFO - Sync 1 DAGs
[2026-09-07T20:40:02.982+0000] {logging_mixin.py:190} INFO - [2026-09-07T20:40:02.982+0000] {dag.py:4180} INFO - Setting next_dagrun for hello_dag to None, run_after=None
[2026-09-07T20:40:03.009+0000] {processor.py:208} INFO - Processing /opt/airflow/dags/01_hello_dag.py took 0.079 seconds
[2026-09-07T20:40:33.576+0000] {processor.py:186} INFO - Started process (PID=889) to work on /opt/airflow/dags/01_hello_dag.py
[2026-09-07T20:40:33.577+0000] {processor.py:914} INFO - Processing file /opt/airflow/dags/01_hello_dag.py for tasks to queue
[2026-09-07T20:40:33.578+0000] {logging_mixin.py:190} INFO - [2026-09-07T20:40:33.578+0000] {dagbag.py:588} INFO - Filling up the DagBag from /opt/airflow/dags/01_hello_dag.py
[2026-09-07T20:40:33.591+0000] {processor.py:925} INFO - DAG(s) 'hello_dag' retrieved from /opt/airflow/dags/01_hello_dag.py
[2026-09-07T20:40:33.615+0000] {logging_mixin.py:190} INFO - [2026-09-07T20:40:33.615+0000] {dag.py:3239} INFO - Sync 1 DAGs
[2026-09-07T20:40:33.627+0000] {logging_mixin.py:190} INFO - [2026-09-07T20:40:33.626+0000] {dag.py:4180} INFO - Setting next_dagrun for hello_dag to None, run_after=None
[2026-09-07T20:40:33.643+0000] {processor.py:208} INFO - Processing /opt/airflow/dags/01_hello_dag.py took 0.072 seconds
[2026-09-07T20:41:04.275+0000] {processor.py:186} INFO - Started process (PID=903) to work on /opt/airflow/dags/01_hello_dag.py
[2026-09-07T20:41:04.282+0000] {processor.py:914} INFO - Processing file /opt/airflow/dags/01_hello_dag.py for tasks to queue
[2026-09-07T20:41:04.284+0000] {logging_mixin.py:190} INFO - [2026-09-07T20:41:04.284+0000] {dagbag.py:588} INFO - Filling up the DagBag from /opt/airflow/dags/01_hello_dag.py
[2026-09-07T20:41:04.301+0000] {processor.py:925} INFO - DAG(s) 'hello_dag' retrieved from /opt/airflow/dags/01_hello_dag.py
[2026-09-07T20:41:04.327+0000] {logging_mixin.py:190} INFO - [2026-09-07T20:41:04.326+0000] {dag.py:3239} INFO - Sync 1 DAGs
[2026-09-07T20:41:04.340+0000] {logging_mixin.py:190} INFO - [2026-09-07T20:41:04.340+0000] {dag.py:4180} INFO - Setting next_dagrun for hello_dag to None, run_after=None
[2026-09-07T20:41:04.358+0000] {processor.py:208} INFO - Processing /opt/airflow/dags/01_hello_dag.py took 0.089 seconds
[2026-09-07T20:41:34.829+0000] {processor.py:186} INFO - Started process (PID=917) to work on /opt/airflow/dags/01_hello_dag.py
[2026-09-07T20:41:34.830+0000] {processor.py:914} INFO - Processing file /opt/airflow/dags/01_hello_dag.py for tasks to queue
[2026-09-07T20:41:34.831+0000] {logging_mixin.py:190} INFO - [2026-09-07T20:41:34.831+0000] {dagbag.py:588} INFO - Filling up the DagBag from /opt/airflow/dags/01_hello_dag.py
[2026-09-07T20:41:34.846+0000] {processor.py:925} INFO - DAG(s) 'hello_dag' retrieved from /opt/airflow/dags/01_hello_dag.py
[2026-09-07T20:41:34.867+0000] {logging_mixin.py:190} INFO - [2026-09-07T20:41:34.867+0000] {dag.py:3239} INFO - Sync 1 DAGs
[2026-09-07T20:41:34.882+0000] {logging_mixin.py:190} INFO - [2026-09-07T20:41:34.881+0000] {dag.py:4180} INFO - Setting next_dagrun for hello_dag to None, run_after=None
[2026-09-07T20:41:34.900+0000] {processor.py:208} INFO - Processing /opt/airflow/dags/01_hello_dag.py took 0.076 seconds
[2026-09-07T20:42:05.416+0000] {processor.py:186} INFO - Started process (PID=931) to work on /opt/airflow/dags/01_hello_dag.py
[2026-09-07T20:42:05.417+0000] {processor.py:914} INFO - Processing file /opt/airflow/dags/01_hello_dag.py for tasks to queue
[2026-09-07T20:42:05.418+0000] {logging_mixin.py:190} INFO - [2026-09-07T20:42:05.418+0000] {dagbag.py:588} INFO - Filling up the DagBag from /opt/airflow/dags/01_hello_dag.py
[2026-09-07T20:42:05.437+0000] {processor.py:925} INFO - DAG(s) 'hello_dag' retrieved from /opt/airflow/dags/01_hello_dag.py
[2026-09-07T20:42:05.470+0000] {logging_mixin.py:190} INFO - [2026-09-07T20:42:05.469+0000] {dag.py:3239} INFO - Sync 1 DAGs
[2026-09-07T20:42:05.489+0000] {logging_mixin.py:190} INFO - [2026-09-07T20:42:05.488+0000] {dag.py:4180} INFO - Setting next_dagrun for hello_dag to None, run_after=None
[2026-09-07T20:42:05.513+0000] {processor.py:208} INFO - Processing /opt/airflow/dags/01_hello_dag.py took 0.103 seconds
[2026-09-07T20:42:35.970+0000] {processor.py:186} INFO - Started process (PID=945) to work on /opt/airflow/dags/01_hello_dag.py
[2026-09-07T20:42:35.971+0000] {processor.py:914} INFO - Processing file /opt/airflow/dags/01_hello_dag.py for tasks to queue
[2026-09-07T20:42:35.972+0000] {logging_mixin.py:190} INFO - [2026-09-07T20:42:35.972+0000] {dagbag.py:588} INFO - Filling up the DagBag from /opt/airflow/dags/01_hello_dag.py
[2026-09-07T20:42:35.985+0000] {processor.py:925} INFO - DAG(s) 'hello_dag' retrieved from /opt/airflow/dags/01_hello_dag.py
[2026-09-07T20:42:36.007+0000] {logging_mixin.py:190} INFO - [2026-09-07T20:42:36.007+0000] {dag.py:3239} INFO - Sync 1 DAGs
[2026-09-07T20:42:36.020+0000] {logging_mixin.py:190} INFO - [2026-09-07T20:42:36.020+0000] {dag.py:4180} INFO - Setting next_dagrun for hello_dag to None, run_after=None
[2026-09-07T20:42:36.038+0000] {processor.py:208} INFO - Processing /opt/airflow/dags/01_hello_dag.py took 0.073 seconds
[2026-09-07T20:43:06.646+0000] {processor.py:186} INFO - Started process (PID=959) to work on /opt/airflow/dags/01_hello_dag.py
[2026-09-07T20:43:06.647+0000] {processor.py:914} INFO - Processing file /opt/airflow/dags/01_hello_dag.py for tasks to queue
[2026-09-07T20:43:06.648+0000] {logging_mixin.py:190} INFO - [2026-09-07T20:43:06.648+0000] {dagbag.py:588} INFO - Filling up the DagBag from /opt/airflow/dags/01_hello_dag.py
[2026-09-07T20:43:06.668+0000] {processor.py:925} INFO - DAG(s) 'hello_dag' retrieved from /opt/airflow/dags/01_hello_dag.py
[2026-09-07T20:43:06.701+0000] {logging_mixin.py:190} INFO - [2026-09-07T20:43:06.701+0000] {dag.py:3239} INFO - Sync 1 DAGs
[2026-09-07T20:43:06.717+0000] {logging_mixin.py:190} INFO - [2026-09-07T20:43:06.716+0000] {dag.py:4180} INFO - Setting next_dagrun for hello_dag to None, run_after=None
[2026-09-07T20:43:06.734+0000] {processor.py:208} INFO - Processing /opt/airflow/dags/01_hello_dag.py took 0.095 seconds
[2026-09-07T20:43:36.837+0000] {processor.py:186} INFO - Started process (PID=973) to work on /opt/airflow/dags/01_hello_dag.py
[2026-09-07T20:43:36.838+0000] {processor.py:914} INFO - Processing file /opt/airflow/dags/01_hello_dag.py for tasks to queue
[2026-09-07T20:43:36.840+0000] {logging_mixin.py:190} INFO - [2026-09-07T20:43:36.839+0000] {dagbag.py:588} INFO - Filling up the DagBag from /opt/airflow/dags/01_hello_dag.py
[2026-09-07T20:43:36.858+0000] {processor.py:925} INFO - DAG(s) 'hello_dag' retrieved from /opt/airflow/dags/01_hello_dag.py
[2026-09-07T20:43:36.879+0000] {logging_mixin.py:190} INFO - [2026-09-07T20:43:36.879+0000] {dag.py:3239} INFO - Sync 1 DAGs
[2026-09-07T20:43:36.891+0000] {logging_mixin.py:190} INFO - [2026-09-07T20:43:36.891+0000] {dag.py:4180} INFO - Setting next_dagrun for hello_dag to None, run_after=None
[2026-09-07T20:43:36.912+0000] {processor.py:208} INFO - Processing /opt/airflow/dags/01_hello_dag.py took 0.081 seconds
[2026-09-07T20:44:07.543+0000] {processor.py:186} INFO - Started process (PID=987) to work on /opt/airflow/dags/01_hello_dag.py
[2026-09-07T20:44:07.543+0000] {processor.py:914} INFO - Processing file /opt/airflow/dags/01_hello_dag.py for tasks to queue
[2026-09-07T20:44:07.547+0000] {logging_mixin.py:190} INFO - [2026-09-07T20:44:07.546+0000] {dagbag.py:588} INFO - Filling up the DagBag from /opt/airflow/dags/01_hello_dag.py
[2026-09-07T20:44:07.566+0000] {processor.py:925} INFO - DAG(s) 'hello_dag' retrieved from /opt/airflow/dags/01_hello_dag.py
[2026-09-07T20:44:07.592+0000] {logging_mixin.py:190} INFO - [2026-09-07T20:44:07.592+0000] {dag.py:3239} INFO - Sync 1 DAGs
[2026-09-07T20:44:07.609+0000] {logging_mixin.py:190} INFO - [2026-09-07T20:44:07.609+0000] {dag.py:4180} INFO - Setting next_dagrun for hello_dag to None, run_after=None
[2026-09-07T20:44:07.647+0000] {processor.py:208} INFO - Processing /opt/airflow/dags/01_hello_dag.py took 0.112 seconds
[2026-09-07T20:44:38.246+0000] {processor.py:186} INFO - Started process (PID=1001) to work on /opt/airflow/dags/01_hello_dag.py
[2026-09-07T20:44:38.247+0000] {processor.py:914} INFO - Processing file /opt/airflow/dags/01_hello_dag.py for tasks to queue
[2026-09-07T20:44:38.248+0000] {logging_mixin.py:190} INFO - [2026-09-07T20:44:38.248+0000] {dagbag.py:588} INFO - Filling up the DagBag from /opt/airflow/dags/01_hello_dag.py
[2026-09-07T20:44:38.264+0000] {processor.py:925} INFO - DAG(s) 'hello_dag' retrieved from /opt/airflow/dags/01_hello_dag.py
[2026-09-07T20:44:38.288+0000] {logging_mixin.py:190} INFO - [2026-09-07T20:44:38.288+0000] {dag.py:3239} INFO - Sync 1 DAGs
[2026-09-07T20:44:38.301+0000] {logging_mixin.py:190} INFO - [2026-09-07T20:44:38.301+0000] {dag.py:4180} INFO - Setting next_dagrun for hello_dag to None, run_after=None
[2026-09-07T20:44:38.323+0000] {processor.py:208} INFO - Processing /opt/airflow/dags/01_hello_dag.py took 0.085 seconds
[2026-09-07T20:45:08.865+0000] {processor.py:186} INFO - Started process (PID=1016) to work on /opt/airflow/dags/01_hello_dag.py
[2026-09-07T20:45:08.865+0000] {processor.py:914} INFO - Processing file /opt/airflow/dags/01_hello_dag.py for tasks to queue
[2026-09-07T20:45:08.866+0000] {logging_mixin.py:190} INFO - [2026-09-07T20:45:08.866+0000] {dagbag.py:588} INFO - Filling up the DagBag from /opt/airflow/dags/01_hello_dag.py
[2026-09-07T20:45:08.879+0000] {processor.py:925} INFO - DAG(s) 'hello_dag' retrieved from /opt/airflow/dags/01_hello_dag.py
[2026-09-07T20:45:08.902+0000] {logging_mixin.py:190} INFO - [2026-09-07T20:45:08.902+0000] {dag.py:3239} INFO - Sync 1 DAGs
[2026-09-07T20:45:08.916+0000] {logging_mixin.py:190} INFO - [2026-09-07T20:45:08.916+0000] {dag.py:4180} INFO - Setting next_dagrun for hello_dag to None, run_after=None
[2026-09-07T20:45:08.935+0000] {processor.py:208} INFO - Processing /opt/airflow/dags/01_hello_dag.py took 0.076 seconds
[2026-09-07T20:45:39.456+0000] {processor.py:186} INFO - Started process (PID=1030) to work on /opt/airflow/dags/01_hello_dag.py
[2026-09-07T20:45:39.457+0000] {processor.py:914} INFO - Processing file /opt/airflow/dags/01_hello_dag.py for tasks to queue
[2026-09-07T20:45:39.458+0000] {logging_mixin.py:190} INFO - [2026-09-07T20:45:39.458+0000] {dagbag.py:588} INFO - Filling up the DagBag from /opt/airflow/dags/01_hello_dag.py
[2026-09-07T20:45:39.471+0000] {processor.py:925} INFO - DAG(s) 'hello_dag' retrieved from /opt/airflow/dags/01_hello_dag.py
[2026-09-07T20:45:39.494+0000] {logging_mixin.py:190} INFO - [2026-09-07T20:45:39.494+0000] {dag.py:3239} INFO - Sync 1 DAGs
[2026-09-07T20:45:39.508+0000] {logging_mixin.py:190} INFO - [2026-09-07T20:45:39.508+0000] {dag.py:4180} INFO - Setting next_dagrun for hello_dag to None, run_after=None
[2026-09-07T20:45:39.524+0000] {processor.py:208} INFO - Processing /opt/airflow/dags/01_hello_dag.py took 0.073 seconds
[2026-09-07T20:46:09.570+0000] {processor.py:186} INFO - Started process (PID=1044) to work on /opt/airflow/dags/01_hello_dag.py
[2026-09-07T20:46:09.571+0000] {processor.py:914} INFO - Processing file /opt/airflow/dags/01_hello_dag.py for tasks to queue
[2026-09-07T20:46:09.572+0000] {logging_mixin.py:190} INFO - [2026-09-07T20:46:09.572+0000] {dagbag.py:588} INFO - Filling up the DagBag from /opt/airflow/dags/01_hello_dag.py
[2026-09-07T20:46:09.584+0000] {processor.py:925} INFO - DAG(s) 'hello_dag' retrieved from /opt/airflow/dags/01_hello_dag.py
[2026-09-07T20:46:09.607+0000] {logging_mixin.py:190} INFO - [2026-09-07T20:46:09.607+0000] {dag.py:3239} INFO - Sync 1 DAGs
[2026-09-07T20:46:09.619+0000] {logging_mixin.py:190} INFO - [2026-09-07T20:46:09.619+0000] {dag.py:4180} INFO - Setting next_dagrun for hello_dag to None, run_after=None
[2026-09-07T20:46:09.637+0000] {processor.py:208} INFO - Processing /opt/airflow/dags/01_hello_dag.py took 0.072 seconds
[2026-09-07T20:46:40.230+0000] {processor.py:186} INFO - Started process (PID=1058) to work on /opt/airflow/dags/01_hello_dag.py
[2026-09-07T20:46:40.230+0000] {processor.py:914} INFO - Processing file /opt/airflow/dags/01_hello_dag.py for tasks to queue
[2026-09-07T20:46:40.232+0000] {logging_mixin.py:190} INFO - [2026-09-07T20:46:40.231+0000] {dagbag.py:588} INFO - Filling up the DagBag from /opt/airflow/dags/01_hello_dag.py
[2026-09-07T20:46:40.246+0000] {processor.py:925} INFO - DAG(s) 'hello_dag' retrieved from /opt/airflow/dags/01_hello_dag.py
[2026-09-07T20:46:40.271+0000] {logging_mixin.py:190} INFO - [2026-09-07T20:46:40.271+0000] {dag.py:3239} INFO - Sync 1 DAGs
[2026-09-07T20:46:40.284+0000] {logging_mixin.py:190} INFO - [2026-09-07T20:46:40.283+0000] {dag.py:4180} INFO - Setting next_dagrun for hello_dag to None, run_after=None
[2026-09-07T20:46:40.304+0000] {processor.py:208} INFO - Processing /opt/airflow/dags/01_hello_dag.py took 0.079 seconds
[2026-09-07T20:47:10.866+0000] {processor.py:186} INFO - Started process (PID=1072) to work on /opt/airflow/dags/01_hello_dag.py
[2026-09-07T20:47:10.867+0000] {processor.py:914} INFO - Processing file /opt/airflow/dags/01_hello_dag.py for tasks to queue
[2026-09-07T20:47:10.868+0000] {logging_mixin.py:190} INFO - [2026-09-07T20:47:10.868+0000] {dagbag.py:588} INFO - Filling up the DagBag from /opt/airflow/dags/01_hello_dag.py
[2026-09-07T20:47:10.882+0000] {processor.py:925} INFO - DAG(s) 'hello_dag' retrieved from /opt/airflow/dags/01_hello_dag.py
[2026-09-07T20:47:10.902+0000] {logging_mixin.py:190} INFO - [2026-09-07T20:47:10.902+0000] {dag.py:3239} INFO - Sync 1 DAGs
[2026-09-07T20:47:10.914+0000] {logging_mixin.py:190} INFO - [2026-09-07T20:47:10.914+0000] {dag.py:4180} INFO - Setting next_dagrun for hello_dag to None, run_after=None
[2026-09-07T20:47:10.939+0000] {processor.py:208} INFO - Processing /opt/airflow/dags/01_hello_dag.py took 0.079 seconds
[2026-09-07T20:47:41.446+0000] {processor.py:186} INFO - Started process (PID=1086) to work on /opt/airflow/dags/01_hello_dag.py
[2026-09-07T20:47:41.446+0000] {processor.py:914} INFO - Processing file /opt/airflow/dags/01_hello_dag.py for tasks to queue
[2026-09-07T20:47:41.448+0000] {logging_mixin.py:190} INFO - [2026-09-07T20:47:41.447+0000] {dagbag.py:588} INFO - Filling up the DagBag from /opt/airflow/dags/01_hello_dag.py
[2026-09-07T20:47:41.462+0000] {processor.py:925} INFO - DAG(s) 'hello_dag' retrieved from /opt/airflow/dags/01_hello_dag.py
[2026-09-07T20:47:41.483+0000] {logging_mixin.py:190} INFO - [2026-09-07T20:47:41.483+0000] {dag.py:3239} INFO - Sync 1 DAGs
[2026-09-07T20:47:41.495+0000] {logging_mixin.py:190} INFO - [2026-09-07T20:47:41.495+0000] {dag.py:4180} INFO - Setting next_dagrun for hello_dag to None, run_after=None
[2026-09-07T20:47:41.514+0000] {processor.py:208} INFO - Processing /opt/airflow/dags/01_hello_dag.py took 0.075 seconds
[2026-09-07T20:48:12.085+0000] {processor.py:186} INFO - Started process (PID=1100) to work on /opt/airflow/dags/01_hello_dag.py
[2026-09-07T20:48:12.085+0000] {processor.py:914} INFO - Processing file /opt/airflow/dags/01_hello_dag.py for tasks to queue
[2026-09-07T20:48:12.087+0000] {logging_mixin.py:190} INFO - [2026-09-07T20:48:12.086+0000] {dagbag.py:588} INFO - Filling up the DagBag from /opt/airflow/dags/01_hello_dag.py
[2026-09-07T20:48:12.103+0000] {processor.py:925} INFO - DAG(s) 'hello_dag' retrieved from /opt/airflow/dags/01_hello_dag.py
[2026-09-07T20:48:12.125+0000] {logging_mixin.py:190} INFO - [2026-09-07T20:48:12.125+0000] {dag.py:3239} INFO - Sync 1 DAGs
[2026-09-07T20:48:12.138+0000] {logging_mixin.py:190} INFO - [2026-09-07T20:48:12.138+0000] {dag.py:4180} INFO - Setting next_dagrun for hello_dag to None, run_after=None
[2026-09-07T20:48:12.158+0000] {processor.py:208} INFO - Processing /opt/airflow/dags/01_hello_dag.py took 0.081 seconds
[2026-09-07T20:48:42.687+0000] {processor.py:186} INFO - Started process (PID=1114) to work on /opt/airflow/dags/01_hello_dag.py
[2026-09-07T20:48:42.688+0000] {processor.py:914} INFO - Processing file /opt/airflow/dags/01_hello_dag.py for tasks to queue
[2026-09-07T20:48:42.689+0000] {logging_mixin.py:190} INFO - [2026-09-07T20:48:42.689+0000] {dagbag.py:588} INFO - Filling up the DagBag from /opt/airflow/dags/01_hello_dag.py
[2026-09-07T20:48:42.702+0000] {processor.py:925} INFO - DAG(s) 'hello_dag' retrieved from /opt/airflow/dags/01_hello_dag.py
[2026-09-07T20:48:42.724+0000] {logging_mixin.py:190} INFO - [2026-09-07T20:48:42.724+0000] {dag.py:3239} INFO - Sync 1 DAGs
[2026-09-07T20:48:42.736+0000] {logging_mixin.py:190} INFO - [2026-09-07T20:48:42.736+0000] {dag.py:4180} INFO - Setting next_dagrun for hello_dag to None, run_after=None
[2026-09-07T20:48:42.755+0000] {processor.py:208} INFO - Processing /opt/airflow/dags/01_hello_dag.py took 0.074 seconds
[2026-09-07T20:49:13.201+0000] {processor.py:186} INFO - Started process (PID=1128) to work on /opt/airflow/dags/01_hello_dag.py
[2026-09-07T20:49:13.201+0000] {processor.py:914} INFO - Processing file /opt/airflow/dags/01_hello_dag.py for tasks to queue
[2026-09-07T20:49:13.202+0000] {logging_mixin.py:190} INFO - [2026-09-07T20:49:13.202+0000] {dagbag.py:588} INFO - Filling up the DagBag from /opt/airflow/dags/01_hello_dag.py
[2026-09-07T20:49:13.217+0000] {processor.py:925} INFO - DAG(s) 'hello_dag' retrieved from /opt/airflow/dags/01_hello_dag.py
[2026-09-07T20:49:13.243+0000] {logging_mixin.py:190} INFO - [2026-09-07T20:49:13.243+0000] {dag.py:3239} INFO - Sync 1 DAGs
[2026-09-07T20:49:13.264+0000] {logging_mixin.py:190} INFO - [2026-09-07T20:49:13.264+0000] {dag.py:4180} INFO - Setting next_dagrun for hello_dag to None, run_after=None
[2026-09-07T20:49:13.283+0000] {processor.py:208} INFO - Processing /opt/airflow/dags/01_hello_dag.py took 0.088 seconds
[2026-09-07T20:49:43.796+0000] {processor.py:186} INFO - Started process (PID=1142) to work on /opt/airflow/dags/01_hello_dag.py
[2026-09-07T20:49:43.797+0000] {processor.py:914} INFO - Processing file /opt/airflow/dags/01_hello_dag.py for tasks to queue
[2026-09-07T20:49:43.798+0000] {logging_mixin.py:190} INFO - [2026-09-07T20:49:43.798+0000] {dagbag.py:588} INFO - Filling up the DagBag from /opt/airflow/dags/01_hello_dag.py
[2026-09-07T20:49:43.813+0000] {processor.py:925} INFO - DAG(s) 'hello_dag' retrieved from /opt/airflow/dags/01_hello_dag.py
[2026-09-07T20:49:43.840+0000] {logging_mixin.py:190} INFO - [2026-09-07T20:49:43.840+0000] {dag.py:3239} INFO - Sync 1 DAGs
[2026-09-07T20:49:43.853+0000] {logging_mixin.py:190} INFO - [2026-09-07T20:49:43.853+0000] {dag.py:4180} INFO - Setting next_dagrun for hello_dag to None, run_after=None
[2026-09-07T20:49:43.871+0000] {processor.py:208} INFO - Processing /opt/airflow/dags/01_hello_dag.py took 0.081 seconds
[2026-09-07T20:50:14.512+0000] {processor.py:186} INFO - Started process (PID=1156) to work on /opt/airflow/dags/01_hello_dag.py
[2026-09-07T20:50:14.512+0000] {processor.py:914} INFO - Processing file /opt/airflow/dags/01_hello_dag.py for tasks to queue
[2026-09-07T20:50:14.514+0000] {logging_mixin.py:190} INFO - [2026-09-07T20:50:14.514+0000] {dagbag.py:588} INFO - Filling up the DagBag from /opt/airflow/dags/01_hello_dag.py
[2026-09-07T20:50:14.530+0000] {processor.py:925} INFO - DAG(s) 'hello_dag' retrieved from /opt/airflow/dags/01_hello_dag.py
[2026-09-07T20:50:14.556+0000] {logging_mixin.py:190} INFO - [2026-09-07T20:50:14.556+0000] {dag.py:3239} INFO - Sync 1 DAGs
[2026-09-07T20:50:14.569+0000] {logging_mixin.py:190} INFO - [2026-09-07T20:50:14.569+0000] {dag.py:4180} INFO - Setting next_dagrun for hello_dag to None, run_after=None
[2026-09-07T20:50:14.590+0000] {processor.py:208} INFO - Processing /opt/airflow/dags/01_hello_dag.py took 0.084 seconds
[2026-09-07T20:50:44.648+0000] {processor.py:186} INFO - Started process (PID=1170) to work on /opt/airflow/dags/01_hello_dag.py
[2026-09-07T20:50:44.649+0000] {processor.py:914} INFO - Processing file /opt/airflow/dags/01_hello_dag.py for tasks to queue
[2026-09-07T20:50:44.651+0000] {logging_mixin.py:190} INFO - [2026-09-07T20:50:44.650+0000] {dagbag.py:588} INFO - Filling up the DagBag from /opt/airflow/dags/01_hello_dag.py
[2026-09-07T20:50:44.666+0000] {processor.py:925} INFO - DAG(s) 'hello_dag' retrieved from /opt/airflow/dags/01_hello_dag.py
[2026-09-07T20:50:44.690+0000] {logging_mixin.py:190} INFO - [2026-09-07T20:50:44.690+0000] {dag.py:3239} INFO - Sync 1 DAGs
[2026-09-07T20:50:44.705+0000] {logging_mixin.py:190} INFO - [2026-09-07T20:50:44.704+0000] {dag.py:4180} INFO - Setting next_dagrun for hello_dag to None, run_after=None
[2026-09-07T20:50:44.723+0000] {processor.py:208} INFO - Processing /opt/airflow/dags/01_hello_dag.py took 0.081 seconds
[2026-09-07T20:51:15.350+0000] {processor.py:186} INFO - Started process (PID=1184) to work on /opt/airflow/dags/01_hello_dag.py
[2026-09-07T20:51:15.351+0000] {processor.py:914} INFO - Processing file /opt/airflow/dags/01_hello_dag.py for tasks to queue
[2026-09-07T20:51:15.353+0000] {logging_mixin.py:190} INFO - [2026-09-07T20:51:15.352+0000] {dagbag.py:588} INFO - Filling up the DagBag from /opt/airflow/dags/01_hello_dag.py
[2026-09-07T20:51:15.366+0000] {processor.py:925} INFO - DAG(s) 'hello_dag' retrieved from /opt/airflow/dags/01_hello_dag.py
[2026-09-07T20:51:15.392+0000] {logging_mixin.py:190} INFO - [2026-09-07T20:51:15.391+0000] {dag.py:3239} INFO - Sync 1 DAGs
[2026-09-07T20:51:15.405+0000] {logging_mixin.py:190} INFO - [2026-09-07T20:51:15.405+0000] {dag.py:4180} INFO - Setting next_dagrun for hello_dag to None, run_after=None
[2026-09-07T20:51:15.428+0000] {processor.py:208} INFO - Processing /opt/airflow/dags/01_hello_dag.py took 0.084 seconds
[2026-09-07T20:51:45.925+0000] {processor.py:186} INFO - Started process (PID=1198) to work on /opt/airflow/dags/01_hello_dag.py
[2026-09-07T20:51:45.926+0000] {processor.py:914} INFO - Processing file /opt/airflow/dags/01_hello_dag.py for tasks to queue
[2026-09-07T20:51:45.928+0000] {logging_mixin.py:190} INFO - [2026-09-07T20:51:45.927+0000] {dagbag.py:588} INFO - Filling up the DagBag from /opt/airflow/dags/01_hello_dag.py
[2026-09-07T20:51:45.941+0000] {processor.py:925} INFO - DAG(s) 'hello_dag' retrieved from /opt/airflow/dags/01_hello_dag.py
[2026-09-07T20:51:45.964+0000] {logging_mixin.py:190} INFO - [2026-09-07T20:51:45.964+0000] {dag.py:3239} INFO - Sync 1 DAGs
[2026-09-07T20:51:45.980+0000] {logging_mixin.py:190} INFO - [2026-09-07T20:51:45.980+0000] {dag.py:4180} INFO - Setting next_dagrun for hello_dag to None, run_after=None
[2026-09-07T20:51:46.001+0000] {processor.py:208} INFO - Processing /opt/airflow/dags/01_hello_dag.py took 0.083 seconds
[2026-09-07T20:52:16.596+0000] {processor.py:186} INFO - Started process (PID=1212) to work on /opt/airflow/dags/01_hello_dag.py
[2026-09-07T20:52:16.596+0000] {processor.py:914} INFO - Processing file /opt/airflow/dags/01_hello_dag.py for tasks to queue
[2026-09-07T20:52:16.598+0000] {logging_mixin.py:190} INFO - [2026-09-07T20:52:16.597+0000] {dagbag.py:588} INFO - Filling up the DagBag from /opt/airflow/dags/01_hello_dag.py
[2026-09-07T20:52:16.612+0000] {processor.py:925} INFO - DAG(s) 'hello_dag' retrieved from /opt/airflow/dags/01_hello_dag.py
[2026-09-07T20:52:16.633+0000] {logging_mixin.py:190} INFO - [2026-09-07T20:52:16.633+0000] {dag.py:3239} INFO - Sync 1 DAGs
[2026-09-07T20:52:16.646+0000] {logging_mixin.py:190} INFO - [2026-09-07T20:52:16.646+0000] {dag.py:4180} INFO - Setting next_dagrun for hello_dag to None, run_after=None
[2026-09-07T20:52:16.663+0000] {processor.py:208} INFO - Processing /opt/airflow/dags/01_hello_dag.py took 0.073 seconds
[2026-09-07T20:52:47.288+0000] {processor.py:186} INFO - Started process (PID=1226) to work on /opt/airflow/dags/01_hello_dag.py
[2026-09-07T20:52:47.289+0000] {processor.py:914} INFO - Processing file /opt/airflow/dags/01_hello_dag.py for tasks to queue
[2026-09-07T20:52:47.290+0000] {logging_mixin.py:190} INFO - [2026-09-07T20:52:47.290+0000] {dagbag.py:588} INFO - Filling up the DagBag from /opt/airflow/dags/01_hello_dag.py
[2026-09-07T20:52:47.303+0000] {processor.py:925} INFO - DAG(s) 'hello_dag' retrieved from /opt/airflow/dags/01_hello_dag.py
[2026-09-07T20:52:47.344+0000] {logging_mixin.py:190} INFO - [2026-09-07T20:52:47.343+0000] {dag.py:3239} INFO - Sync 1 DAGs
[2026-09-07T20:52:47.362+0000] {logging_mixin.py:190} INFO - [2026-09-07T20:52:47.362+0000] {dag.py:4180} INFO - Setting next_dagrun for hello_dag to None, run_after=None
[2026-09-07T20:52:47.384+0000] {processor.py:208} INFO - Processing /opt/airflow/dags/01_hello_dag.py took 0.102 seconds
[2026-09-07T20:53:17.861+0000] {processor.py:186} INFO - Started process (PID=1240) to work on /opt/airflow/dags/01_hello_dag.py
[2026-09-07T20:53:17.862+0000] {processor.py:914} INFO - Processing file /opt/airflow/dags/01_hello_dag.py for tasks to queue
[2026-09-07T20:53:17.863+0000] {logging_mixin.py:190} INFO - [2026-09-07T20:53:17.863+0000] {dagbag.py:588} INFO - Filling up the DagBag from /opt/airflow/dags/01_hello_dag.py
[2026-09-07T20:53:17.877+0000] {processor.py:925} INFO - DAG(s) 'hello_dag' retrieved from /opt/airflow/dags/01_hello_dag.py
[2026-09-07T20:53:17.899+0000] {logging_mixin.py:190} INFO - [2026-09-07T20:53:17.899+0000] {dag.py:3239} INFO - Sync 1 DAGs
[2026-09-07T20:53:17.914+0000] {logging_mixin.py:190} INFO - [2026-09-07T20:53:17.913+0000] {dag.py:4180} INFO - Setting next_dagrun for hello_dag to None, run_after=None
[2026-09-07T20:53:17.934+0000] {processor.py:208} INFO - Processing /opt/airflow/dags/01_hello_dag.py took 0.078 seconds
[2026-09-07T20:53:48.555+0000] {processor.py:186} INFO - Started process (PID=1254) to work on /opt/airflow/dags/01_hello_dag.py
[2026-09-07T20:53:48.557+0000] {processor.py:914} INFO - Processing file /opt/airflow/dags/01_hello_dag.py for tasks to queue
[2026-09-07T20:53:48.558+0000] {logging_mixin.py:190} INFO - [2026-09-07T20:53:48.558+0000] {dagbag.py:588} INFO - Filling up the DagBag from /opt/airflow/dags/01_hello_dag.py
[2026-09-07T20:53:48.572+0000] {processor.py:925} INFO - DAG(s) 'hello_dag' retrieved from /opt/airflow/dags/01_hello_dag.py
[2026-09-07T20:53:48.596+0000] {logging_mixin.py:190} INFO - [2026-09-07T20:53:48.596+0000] {dag.py:3239} INFO - Sync 1 DAGs
[2026-09-07T20:53:48.609+0000] {logging_mixin.py:190} INFO - [2026-09-07T20:53:48.609+0000] {dag.py:4180} INFO - Setting next_dagrun for hello_dag to None, run_after=None
[2026-09-07T20:53:48.629+0000] {processor.py:208} INFO - Processing /opt/airflow/dags/01_hello_dag.py took 0.079 seconds
[2026-09-07T20:54:19.097+0000] {processor.py:186} INFO - Started process (PID=1268) to work on /opt/airflow/dags/01_hello_dag.py
[2026-09-07T20:54:19.098+0000] {processor.py:914} INFO - Processing file /opt/airflow/dags/01_hello_dag.py for tasks to queue
[2026-09-07T20:54:19.100+0000] {logging_mixin.py:190} INFO - [2026-09-07T20:54:19.099+0000] {dagbag.py:588} INFO - Filling up the DagBag from /opt/airflow/dags/01_hello_dag.py
[2026-09-07T20:54:19.118+0000] {processor.py:925} INFO - DAG(s) 'hello_dag' retrieved from /opt/airflow/dags/01_hello_dag.py
[2026-09-07T20:54:19.149+0000] {logging_mixin.py:190} INFO - [2026-09-07T20:54:19.149+0000] {dag.py:3239} INFO - Sync 1 DAGs
[2026-09-07T20:54:19.167+0000] {logging_mixin.py:190} INFO - [2026-09-07T20:54:19.166+0000] {dag.py:4180} INFO - Setting next_dagrun for hello_dag to None, run_after=None
[2026-09-07T20:54:19.184+0000] {processor.py:208} INFO - Processing /opt/airflow/dags/01_hello_dag.py took 0.095 seconds
[2026-09-07T20:54:49.681+0000] {processor.py:186} INFO - Started process (PID=1282) to work on /opt/airflow/dags/01_hello_dag.py
[2026-09-07T20:54:49.683+0000] {processor.py:914} INFO - Processing file /opt/airflow/dags/01_hello_dag.py for tasks to queue
[2026-09-07T20:54:49.684+0000] {logging_mixin.py:190} INFO - [2026-09-07T20:54:49.684+0000] {dagbag.py:588} INFO - Filling up the DagBag from /opt/airflow/dags/01_hello_dag.py
[2026-09-07T20:54:49.700+0000] {processor.py:925} INFO - DAG(s) 'hello_dag' retrieved from /opt/airflow/dags/01_hello_dag.py
[2026-09-07T20:54:49.721+0000] {logging_mixin.py:190} INFO - [2026-09-07T20:54:49.721+0000] {dag.py:3239} INFO - Sync 1 DAGs
[2026-09-07T20:54:49.734+0000] {logging_mixin.py:190} INFO - [2026-09-07T20:54:49.733+0000] {dag.py:4180} INFO - Setting next_dagrun for hello_dag to None, run_after=None
[2026-09-07T20:54:49.754+0000] {processor.py:208} INFO - Processing /opt/airflow/dags/01_hello_dag.py took 0.077 seconds
[2026-09-07T20:55:20.371+0000] {processor.py:186} INFO - Started process (PID=1297) to work on /opt/airflow/dags/01_hello_dag.py
[2026-09-07T20:55:20.372+0000] {processor.py:914} INFO - Processing file /opt/airflow/dags/01_hello_dag.py for tasks to queue
[2026-09-07T20:55:20.373+0000] {logging_mixin.py:190} INFO - [2026-09-07T20:55:20.373+0000] {dagbag.py:588} INFO - Filling up the DagBag from /opt/airflow/dags/01_hello_dag.py
[2026-09-07T20:55:20.386+0000] {processor.py:925} INFO - DAG(s) 'hello_dag' retrieved from /opt/airflow/dags/01_hello_dag.py
[2026-09-07T20:55:20.409+0000] {logging_mixin.py:190} INFO - [2026-09-07T20:55:20.409+0000] {dag.py:3239} INFO - Sync 1 DAGs
[2026-09-07T20:55:20.423+0000] {logging_mixin.py:190} INFO - [2026-09-07T20:55:20.423+0000] {dag.py:4180} INFO - Setting next_dagrun for hello_dag to None, run_after=None
[2026-09-07T20:55:20.442+0000] {processor.py:208} INFO - Processing /opt/airflow/dags/01_hello_dag.py took 0.076 seconds
[2026-09-07T20:55:51.016+0000] {processor.py:186} INFO - Started process (PID=1311) to work on /opt/airflow/dags/01_hello_dag.py
[2026-09-07T20:55:51.017+0000] {processor.py:914} INFO - Processing file /opt/airflow/dags/01_hello_dag.py for tasks to queue
[2026-09-07T20:55:51.019+0000] {logging_mixin.py:190} INFO - [2026-09-07T20:55:51.018+0000] {dagbag.py:588} INFO - Filling up the DagBag from /opt/airflow/dags/01_hello_dag.py
[2026-09-07T20:55:51.034+0000] {processor.py:925} INFO - DAG(s) 'hello_dag' retrieved from /opt/airflow/dags/01_hello_dag.py
[2026-09-07T20:55:51.060+0000] {logging_mixin.py:190} INFO - [2026-09-07T20:55:51.060+0000] {dag.py:3239} INFO - Sync 1 DAGs
[2026-09-07T20:55:51.073+0000] {logging_mixin.py:190} INFO - [2026-09-07T20:55:51.073+0000] {dag.py:4180} INFO - Setting next_dagrun for hello_dag to None, run_after=None
[2026-09-07T20:55:51.090+0000] {processor.py:208} INFO - Processing /opt/airflow/dags/01_hello_dag.py took 0.080 seconds
[2026-09-07T20:56:21.657+0000] {processor.py:186} INFO - Started process (PID=1325) to work on /opt/airflow/dags/01_hello_dag.py
[2026-09-07T20:56:21.658+0000] {processor.py:914} INFO - Processing file /opt/airflow/dags/01_hello_dag.py for tasks to queue
[2026-09-07T20:56:21.659+0000] {logging_mixin.py:190} INFO - [2026-09-07T20:56:21.658+0000] {dagbag.py:588} INFO - Filling up the DagBag from /opt/airflow/dags/01_hello_dag.py
[2026-09-07T20:56:21.672+0000] {processor.py:925} INFO - DAG(s) 'hello_dag' retrieved from /opt/airflow/dags/01_hello_dag.py
[2026-09-07T20:56:21.697+0000] {logging_mixin.py:190} INFO - [2026-09-07T20:56:21.697+0000] {dag.py:3239} INFO - Sync 1 DAGs
[2026-09-07T20:56:21.712+0000] {logging_mixin.py:190} INFO - [2026-09-07T20:56:21.712+0000] {dag.py:4180} INFO - Setting next_dagrun for hello_dag to None, run_after=None
[2026-09-07T20:56:21.736+0000] {processor.py:208} INFO - Processing /opt/airflow/dags/01_hello_dag.py took 0.085 seconds
[2026-09-07T20:56:52.229+0000] {processor.py:186} INFO - Started process (PID=1345) to work on /opt/airflow/dags/01_hello_dag.py
[2026-09-07T20:56:52.231+0000] {processor.py:914} INFO - Processing file /opt/airflow/dags/01_hello_dag.py for tasks to queue
[2026-09-07T20:56:52.232+0000] {logging_mixin.py:190} INFO - [2026-09-07T20:56:52.232+0000] {dagbag.py:588} INFO - Filling up the DagBag from /opt/airflow/dags/01_hello_dag.py
[2026-09-07T20:56:52.251+0000] {processor.py:925} INFO - DAG(s) 'hello_dag' retrieved from /opt/airflow/dags/01_hello_dag.py
[2026-09-07T20:56:52.273+0000] {logging_mixin.py:190} INFO - [2026-09-07T20:56:52.273+0000] {dag.py:3239} INFO - Sync 1 DAGs
[2026-09-07T20:56:52.285+0000] {logging_mixin.py:190} INFO - [2026-09-07T20:56:52.285+0000] {dag.py:4180} INFO - Setting next_dagrun for hello_dag to None, run_after=None
[2026-09-07T20:56:52.309+0000] {processor.py:208} INFO - Processing /opt/airflow/dags/01_hello_dag.py took 0.084 seconds
[2026-09-07T21:02:09.184+0000] {processor.py:186} INFO - Started process (PID=99) to work on /opt/airflow/dags/01_hello_dag.py
[2026-09-07T21:02:09.185+0000] {processor.py:914} INFO - Processing file /opt/airflow/dags/01_hello_dag.py for tasks to queue
[2026-09-07T21:02:09.187+0000] {logging_mixin.py:190} INFO - [2026-09-07T21:02:09.186+0000] {dagbag.py:588} INFO - Filling up the DagBag from /opt/airflow/dags/01_hello_dag.py
[2026-09-07T21:02:09.213+0000] {processor.py:925} INFO - DAG(s) 'hello_dag' retrieved from /opt/airflow/dags/01_hello_dag.py
[2026-09-07T21:02:09.247+0000] {logging_mixin.py:190} INFO - [2026-09-07T21:02:09.247+0000] {dag.py:3239} INFO - Sync 1 DAGs
[2026-09-07T21:02:09.262+0000] {logging_mixin.py:190} INFO - [2026-09-07T21:02:09.262+0000] {dag.py:4180} INFO - Setting next_dagrun for hello_dag to None, run_after=None
[2026-09-07T21:02:09.279+0000] {processor.py:208} INFO - Processing /opt/airflow/dags/01_hello_dag.py took 0.102 seconds
[2026-09-07T21:02:39.923+0000] {processor.py:186} INFO - Started process (PID=113) to work on /opt/airflow/dags/01_hello_dag.py
[2026-09-07T21:02:39.924+0000] {processor.py:914} INFO - Processing file /opt/airflow/dags/01_hello_dag.py for tasks to queue
[2026-09-07T21:02:39.925+0000] {logging_mixin.py:190} INFO - [2026-09-07T21:02:39.925+0000] {dagbag.py:588} INFO - Filling up the DagBag from /opt/airflow/dags/01_hello_dag.py
[2026-09-07T21:02:39.946+0000] {processor.py:925} INFO - DAG(s) 'hello_dag' retrieved from /opt/airflow/dags/01_hello_dag.py
[2026-09-07T21:02:39.973+0000] {logging_mixin.py:190} INFO - [2026-09-07T21:02:39.973+0000] {dag.py:3239} INFO - Sync 1 DAGs
[2026-09-07T21:02:39.991+0000] {logging_mixin.py:190} INFO - [2026-09-07T21:02:39.991+0000] {dag.py:4180} INFO - Setting next_dagrun for hello_dag to None, run_after=None
[2026-09-07T21:02:40.012+0000] {processor.py:208} INFO - Processing /opt/airflow/dags/01_hello_dag.py took 0.095 seconds
[2026-09-07T21:03:10.578+0000] {processor.py:186} INFO - Started process (PID=127) to work on /opt/airflow/dags/01_hello_dag.py
[2026-09-07T21:03:10.613+0000] {processor.py:914} INFO - Processing file /opt/airflow/dags/01_hello_dag.py for tasks to queue
[2026-09-07T21:03:10.615+0000] {logging_mixin.py:190} INFO - [2026-09-07T21:03:10.615+0000] {dagbag.py:588} INFO - Filling up the DagBag from /opt/airflow/dags/01_hello_dag.py
[2026-09-07T21:03:10.638+0000] {processor.py:925} INFO - DAG(s) 'hello_dag' retrieved from /opt/airflow/dags/01_hello_dag.py
[2026-09-07T21:03:10.672+0000] {logging_mixin.py:190} INFO - [2026-09-07T21:03:10.672+0000] {dag.py:3239} INFO - Sync 1 DAGs
[2026-09-07T21:03:10.696+0000] {logging_mixin.py:190} INFO - [2026-09-07T21:03:10.696+0000] {dag.py:4180} INFO - Setting next_dagrun for hello_dag to None, run_after=None
[2026-09-07T21:03:10.742+0000] {processor.py:208} INFO - Processing /opt/airflow/dags/01_hello_dag.py took 0.170 seconds
[2026-09-07T21:03:40.942+0000] {processor.py:186} INFO - Started process (PID=141) to work on /opt/airflow/dags/01_hello_dag.py
[2026-09-07T21:03:40.943+0000] {processor.py:914} INFO - Processing file /opt/airflow/dags/01_hello_dag.py for tasks to queue
[2026-09-07T21:03:40.945+0000] {logging_mixin.py:190} INFO - [2026-09-07T21:03:40.945+0000] {dagbag.py:588} INFO - Filling up the DagBag from /opt/airflow/dags/01_hello_dag.py
[2026-09-07T21:03:40.958+0000] {processor.py:925} INFO - DAG(s) 'hello_dag' retrieved from /opt/airflow/dags/01_hello_dag.py
[2026-09-07T21:03:40.982+0000] {logging_mixin.py:190} INFO - [2026-09-07T21:03:40.981+0000] {dag.py:3239} INFO - Sync 1 DAGs
[2026-09-07T21:03:40.993+0000] {logging_mixin.py:190} INFO - [2026-09-07T21:03:40.993+0000] {dag.py:4180} INFO - Setting next_dagrun for hello_dag to None, run_after=None
[2026-09-07T21:03:41.011+0000] {processor.py:208} INFO - Processing /opt/airflow/dags/01_hello_dag.py took 0.074 seconds
[2026-09-07T21:04:11.636+0000] {processor.py:186} INFO - Started process (PID=155) to work on /opt/airflow/dags/01_hello_dag.py
[2026-09-07T21:04:11.637+0000] {processor.py:914} INFO - Processing file /opt/airflow/dags/01_hello_dag.py for tasks to queue
[2026-09-07T21:04:11.638+0000] {logging_mixin.py:190} INFO - [2026-09-07T21:04:11.638+0000] {dagbag.py:588} INFO - Filling up the DagBag from /opt/airflow/dags/01_hello_dag.py
[2026-09-07T21:04:11.653+0000] {processor.py:925} INFO - DAG(s) 'hello_dag' retrieved from /opt/airflow/dags/01_hello_dag.py
[2026-09-07T21:04:11.675+0000] {logging_mixin.py:190} INFO - [2026-09-07T21:04:11.674+0000] {dag.py:3239} INFO - Sync 1 DAGs
[2026-09-07T21:04:11.814+0000] {logging_mixin.py:190} INFO - [2026-09-07T21:04:11.814+0000] {dag.py:4180} INFO - Setting next_dagrun for hello_dag to None, run_after=None
[2026-09-07T21:04:11.834+0000] {processor.py:208} INFO - Processing /opt/airflow/dags/01_hello_dag.py took 0.204 seconds
[2026-09-07T21:04:41.920+0000] {processor.py:186} INFO - Started process (PID=169) to work on /opt/airflow/dags/01_hello_dag.py
[2026-09-07T21:04:41.920+0000] {processor.py:914} INFO - Processing file /opt/airflow/dags/01_hello_dag.py for tasks to queue
[2026-09-07T21:04:41.922+0000] {logging_mixin.py:190} INFO - [2026-09-07T21:04:41.921+0000] {dagbag.py:588} INFO - Filling up the DagBag from /opt/airflow/dags/01_hello_dag.py
[2026-09-07T21:04:41.939+0000] {processor.py:925} INFO - DAG(s) 'hello_dag' retrieved from /opt/airflow/dags/01_hello_dag.py
[2026-09-07T21:04:41.961+0000] {logging_mixin.py:190} INFO - [2026-09-07T21:04:41.961+0000] {dag.py:3239} INFO - Sync 1 DAGs
[2026-09-07T21:04:41.975+0000] {logging_mixin.py:190} INFO - [2026-09-07T21:04:41.975+0000] {dag.py:4180} INFO - Setting next_dagrun for hello_dag to None, run_after=None
[2026-09-07T21:04:41.995+0000] {processor.py:208} INFO - Processing /opt/airflow/dags/01_hello_dag.py took 0.085 seconds
[2026-09-07T21:05:12.561+0000] {processor.py:186} INFO - Started process (PID=183) to work on /opt/airflow/dags/01_hello_dag.py
[2026-09-07T21:05:12.561+0000] {processor.py:914} INFO - Processing file /opt/airflow/dags/01_hello_dag.py for tasks to queue
[2026-09-07T21:05:12.563+0000] {logging_mixin.py:190} INFO - [2026-09-07T21:05:12.562+0000] {dagbag.py:588} INFO - Filling up the DagBag from /opt/airflow/dags/01_hello_dag.py
[2026-09-07T21:05:12.578+0000] {processor.py:925} INFO - DAG(s) 'hello_dag' retrieved from /opt/airflow/dags/01_hello_dag.py
[2026-09-07T21:05:12.602+0000] {logging_mixin.py:190} INFO - [2026-09-07T21:05:12.602+0000] {dag.py:3239} INFO - Sync 1 DAGs
[2026-09-07T21:05:12.616+0000] {logging_mixin.py:190} INFO - [2026-09-07T21:05:12.616+0000] {dag.py:4180} INFO - Setting next_dagrun for hello_dag to None, run_after=None
[2026-09-07T21:05:12.634+0000] {processor.py:208} INFO - Processing /opt/airflow/dags/01_hello_dag.py took 0.078 seconds
[2026-09-07T21:05:43.136+0000] {processor.py:186} INFO - Started process (PID=197) to work on /opt/airflow/dags/01_hello_dag.py
[2026-09-07T21:05:43.137+0000] {processor.py:914} INFO - Processing file /opt/airflow/dags/01_hello_dag.py for tasks to queue
[2026-09-07T21:05:43.138+0000] {logging_mixin.py:190} INFO - [2026-09-07T21:05:43.138+0000] {dagbag.py:588} INFO - Filling up the DagBag from /opt/airflow/dags/01_hello_dag.py
[2026-09-07T21:05:43.155+0000] {processor.py:925} INFO - DAG(s) 'hello_dag' retrieved from /opt/airflow/dags/01_hello_dag.py
[2026-09-07T21:05:43.182+0000] {logging_mixin.py:190} INFO - [2026-09-07T21:05:43.182+0000] {dag.py:3239} INFO - Sync 1 DAGs
[2026-09-07T21:05:43.196+0000] {logging_mixin.py:190} INFO - [2026-09-07T21:05:43.196+0000] {dag.py:4180} INFO - Setting next_dagrun for hello_dag to None, run_after=None
[2026-09-07T21:05:43.214+0000] {processor.py:208} INFO - Processing /opt/airflow/dags/01_hello_dag.py took 0.085 seconds
[2026-09-07T21:06:13.722+0000] {processor.py:186} INFO - Started process (PID=211) to work on /opt/airflow/dags/01_hello_dag.py
[2026-09-07T21:06:13.722+0000] {processor.py:914} INFO - Processing file /opt/airflow/dags/01_hello_dag.py for tasks to queue
[2026-09-07T21:06:13.724+0000] {logging_mixin.py:190} INFO - [2026-09-07T21:06:13.723+0000] {dagbag.py:588} INFO - Filling up the DagBag from /opt/airflow/dags/01_hello_dag.py
[2026-09-07T21:06:13.742+0000] {processor.py:925} INFO - DAG(s) 'hello_dag' retrieved from /opt/airflow/dags/01_hello_dag.py
[2026-09-07T21:06:13.769+0000] {logging_mixin.py:190} INFO - [2026-09-07T21:06:13.769+0000] {dag.py:3239} INFO - Sync 1 DAGs
[2026-09-07T21:06:13.784+0000] {logging_mixin.py:190} INFO - [2026-09-07T21:06:13.783+0000] {dag.py:4180} INFO - Setting next_dagrun for hello_dag to None, run_after=None
[2026-09-07T21:06:13.804+0000] {processor.py:208} INFO - Processing /opt/airflow/dags/01_hello_dag.py took 0.088 seconds
[2026-09-07T21:06:44.445+0000] {processor.py:186} INFO - Started process (PID=225) to work on /opt/airflow/dags/01_hello_dag.py
[2026-09-07T21:06:44.445+0000] {processor.py:914} INFO - Processing file /opt/airflow/dags/01_hello_dag.py for tasks to queue
[2026-09-07T21:06:44.446+0000] {logging_mixin.py:190} INFO - [2026-09-07T21:06:44.446+0000] {dagbag.py:588} INFO - Filling up the DagBag from /opt/airflow/dags/01_hello_dag.py
[2026-09-07T21:06:44.460+0000] {processor.py:925} INFO - DAG(s) 'hello_dag' retrieved from /opt/airflow/dags/01_hello_dag.py
[2026-09-07T21:06:44.482+0000] {logging_mixin.py:190} INFO - [2026-09-07T21:06:44.482+0000] {dag.py:3239} INFO - Sync 1 DAGs
[2026-09-07T21:06:44.494+0000] {logging_mixin.py:190} INFO - [2026-09-07T21:06:44.494+0000] {dag.py:4180} INFO - Setting next_dagrun for hello_dag to None, run_after=None
[2026-09-07T21:06:44.514+0000] {processor.py:208} INFO - Processing /opt/airflow/dags/01_hello_dag.py took 0.074 seconds
[2026-09-07T21:07:15.012+0000] {processor.py:186} INFO - Started process (PID=240) to work on /opt/airflow/dags/01_hello_dag.py
[2026-09-07T21:07:15.012+0000] {processor.py:914} INFO - Processing file /opt/airflow/dags/01_hello_dag.py for tasks to queue
[2026-09-07T21:07:15.014+0000] {logging_mixin.py:190} INFO - [2026-09-07T21:07:15.013+0000] {dagbag.py:588} INFO - Filling up the DagBag from /opt/airflow/dags/01_hello_dag.py
[2026-09-07T21:07:15.030+0000] {processor.py:925} INFO - DAG(s) 'hello_dag' retrieved from /opt/airflow/dags/01_hello_dag.py
[2026-09-07T21:07:15.056+0000] {logging_mixin.py:190} INFO - [2026-09-07T21:07:15.056+0000] {dag.py:3239} INFO - Sync 1 DAGs
[2026-09-07T21:07:15.069+0000] {logging_mixin.py:190} INFO - [2026-09-07T21:07:15.069+0000] {dag.py:4180} INFO - Setting next_dagrun for hello_dag to None, run_after=None
[2026-09-07T21:07:15.092+0000] {processor.py:208} INFO - Processing /opt/airflow/dags/01_hello_dag.py took 0.087 seconds
[2026-09-07T21:07:45.644+0000] {processor.py:186} INFO - Started process (PID=254) to work on /opt/airflow/dags/01_hello_dag.py
[2026-09-07T21:07:45.644+0000] {processor.py:914} INFO - Processing file /opt/airflow/dags/01_hello_dag.py for tasks to queue
[2026-09-07T21:07:45.646+0000] {logging_mixin.py:190} INFO - [2026-09-07T21:07:45.646+0000] {dagbag.py:588} INFO - Filling up the DagBag from /opt/airflow/dags/01_hello_dag.py
[2026-09-07T21:07:45.665+0000] {processor.py:925} INFO - DAG(s) 'hello_dag' retrieved from /opt/airflow/dags/01_hello_dag.py
[2026-09-07T21:07:45.694+0000] {logging_mixin.py:190} INFO - [2026-09-07T21:07:45.694+0000] {dag.py:3239} INFO - Sync 1 DAGs
[2026-09-07T21:07:45.712+0000] {logging_mixin.py:190} INFO - [2026-09-07T21:07:45.712+0000] {dag.py:4180} INFO - Setting next_dagrun for hello_dag to None, run_after=None
[2026-09-07T21:07:45.737+0000] {processor.py:208} INFO - Processing /opt/airflow/dags/01_hello_dag.py took 0.101 seconds
[2026-09-07T21:08:16.259+0000] {processor.py:186} INFO - Started process (PID=268) to work on /opt/airflow/dags/01_hello_dag.py
[2026-09-07T21:08:16.259+0000] {processor.py:914} INFO - Processing file /opt/airflow/dags/01_hello_dag.py for tasks to queue
[2026-09-07T21:08:16.260+0000] {logging_mixin.py:190} INFO - [2026-09-07T21:08:16.260+0000] {dagbag.py:588} INFO - Filling up the DagBag from /opt/airflow/dags/01_hello_dag.py
[2026-09-07T21:08:16.273+0000] {processor.py:925} INFO - DAG(s) 'hello_dag' retrieved from /opt/airflow/dags/01_hello_dag.py
[2026-09-07T21:08:16.302+0000] {logging_mixin.py:190} INFO - [2026-09-07T21:08:16.301+0000] {dag.py:3239} INFO - Sync 1 DAGs
[2026-09-07T21:08:16.314+0000] {logging_mixin.py:190} INFO - [2026-09-07T21:08:16.314+0000] {dag.py:4180} INFO - Setting next_dagrun for hello_dag to None, run_after=None
[2026-09-07T21:08:16.334+0000] {processor.py:208} INFO - Processing /opt/airflow/dags/01_hello_dag.py took 0.081 seconds
[2026-09-07T21:08:46.877+0000] {processor.py:186} INFO - Started process (PID=282) to work on /opt/airflow/dags/01_hello_dag.py
[2026-09-07T21:08:46.877+0000] {processor.py:914} INFO - Processing file /opt/airflow/dags/01_hello_dag.py for tasks to queue
[2026-09-07T21:08:46.878+0000] {logging_mixin.py:190} INFO - [2026-09-07T21:08:46.878+0000] {dagbag.py:588} INFO - Filling up the DagBag from /opt/airflow/dags/01_hello_dag.py
[2026-09-07T21:08:46.894+0000] {processor.py:925} INFO - DAG(s) 'hello_dag' retrieved from /opt/airflow/dags/01_hello_dag.py
[2026-09-07T21:08:46.918+0000] {logging_mixin.py:190} INFO - [2026-09-07T21:08:46.918+0000] {dag.py:3239} INFO - Sync 1 DAGs
[2026-09-07T21:08:46.934+0000] {logging_mixin.py:190} INFO - [2026-09-07T21:08:46.934+0000] {dag.py:4180} INFO - Setting next_dagrun for hello_dag to None, run_after=None
[2026-09-07T21:08:46.953+0000] {processor.py:208} INFO - Processing /opt/airflow/dags/01_hello_dag.py took 0.081 seconds
