[2026-09-07T12:14:21.489+0000] {processor.py:186} INFO - Started process (PID=102) to work on /opt/airflow/dags/02_xcom_dag.py
[2026-09-07T12:14:21.490+0000] {processor.py:914} INFO - Processing file /opt/airflow/dags/02_xcom_dag.py for tasks to queue
[2026-09-07T12:14:21.491+0000] {logging_mixin.py:190} INFO - [2026-09-07T12:14:21.490+0000] {dagbag.py:588} INFO - Filling up the DagBag from /opt/airflow/dags/02_xcom_dag.py
[2026-09-07T12:14:21.507+0000] {processor.py:925} INFO - DAG(s) 'xcom_dag' retrieved from /opt/airflow/dags/02_xcom_dag.py
[2026-09-07T12:14:21.537+0000] {logging_mixin.py:190} INFO - [2026-09-07T12:14:21.537+0000] {dag.py:3239} INFO - Sync 1 DAGs
[2026-09-07T12:14:21.554+0000] {logging_mixin.py:190} INFO - [2026-09-07T12:14:21.554+0000] {dag.py:4180} INFO - Setting next_dagrun for xcom_dag to None, run_after=None
[2026-09-07T12:14:21.577+0000] {processor.py:208} INFO - Processing /opt/airflow/dags/02_xcom_dag.py took 0.094 seconds
[2026-09-07T12:14:51.749+0000] {processor.py:186} INFO - Started process (PID=114) to work on /opt/airflow/dags/02_xcom_dag.py
[2026-09-07T12:14:51.749+0000] {processor.py:914} INFO - Processing file /opt/airflow/dags/02_xcom_dag.py for tasks to queue
[2026-09-07T12:14:51.753+0000] {logging_mixin.py:190} INFO - [2026-09-07T12:14:51.751+0000] {dagbag.py:588} INFO - Filling up the DagBag from /opt/airflow/dags/02_xcom_dag.py
[2026-09-07T12:14:51.775+0000] {processor.py:925} INFO - DAG(s) 'xcom_dag' retrieved from /opt/airflow/dags/02_xcom_dag.py
[2026-09-07T12:14:51.804+0000] {logging_mixin.py:190} INFO - [2026-09-07T12:14:51.804+0000] {dag.py:3239} INFO - Sync 1 DAGs
[2026-09-07T12:14:51.818+0000] {logging_mixin.py:190} INFO - [2026-09-07T12:14:51.818+0000] {dag.py:4180} INFO - Setting next_dagrun for xcom_dag to None, run_after=None
[2026-09-07T12:14:51.844+0000] {processor.py:208} INFO - Processing /opt/airflow/dags/02_xcom_dag.py took 0.100 seconds
[2026-09-07T12:15:22.407+0000] {processor.py:186} INFO - Started process (PID=128) to work on /opt/airflow/dags/02_xcom_dag.py
[2026-09-07T12:15:22.408+0000] {processor.py:914} INFO - Processing file /opt/airflow/dags/02_xcom_dag.py for tasks to queue
[2026-09-07T12:15:22.409+0000] {logging_mixin.py:190} INFO - [2026-09-07T12:15:22.408+0000] {dagbag.py:588} INFO - Filling up the DagBag from /opt/airflow/dags/02_xcom_dag.py
[2026-09-07T12:15:22.427+0000] {processor.py:925} INFO - DAG(s) 'xcom_dag' retrieved from /opt/airflow/dags/02_xcom_dag.py
[2026-09-07T12:15:22.454+0000] {logging_mixin.py:190} INFO - [2026-09-07T12:15:22.454+0000] {dag.py:3239} INFO - Sync 1 DAGs
[2026-09-07T12:15:22.468+0000] {logging_mixin.py:190} INFO - [2026-09-07T12:15:22.467+0000] {dag.py:4180} INFO - Setting next_dagrun for xcom_dag to None, run_after=None
[2026-09-07T12:15:22.486+0000] {processor.py:208} INFO - Processing /opt/airflow/dags/02_xcom_dag.py took 0.087 seconds
[2026-09-07T12:15:53.153+0000] {processor.py:186} INFO - Started process (PID=142) to work on /opt/airflow/dags/02_xcom_dag.py
[2026-09-07T12:15:53.153+0000] {processor.py:914} INFO - Processing file /opt/airflow/dags/02_xcom_dag.py for tasks to queue
[2026-09-07T12:15:53.155+0000] {logging_mixin.py:190} INFO - [2026-09-07T12:15:53.154+0000] {dagbag.py:588} INFO - Filling up the DagBag from /opt/airflow/dags/02_xcom_dag.py
[2026-09-07T12:15:53.172+0000] {processor.py:925} INFO - DAG(s) 'xcom_dag' retrieved from /opt/airflow/dags/02_xcom_dag.py
[2026-09-07T12:15:53.199+0000] {logging_mixin.py:190} INFO - [2026-09-07T12:15:53.199+0000] {dag.py:3239} INFO - Sync 1 DAGs
[2026-09-07T12:15:53.215+0000] {logging_mixin.py:190} INFO - [2026-09-07T12:15:53.215+0000] {dag.py:4180} INFO - Setting next_dagrun for xcom_dag to None, run_after=None
[2026-09-07T12:15:53.236+0000] {processor.py:208} INFO - Processing /opt/airflow/dags/02_xcom_dag.py took 0.089 seconds
[2026-09-07T12:16:23.924+0000] {processor.py:186} INFO - Started process (PID=156) to work on /opt/airflow/dags/02_xcom_dag.py
[2026-09-07T12:16:23.925+0000] {processor.py:914} INFO - Processing file /opt/airflow/dags/02_xcom_dag.py for tasks to queue
[2026-09-07T12:16:23.926+0000] {logging_mixin.py:190} INFO - [2026-09-07T12:16:23.925+0000] {dagbag.py:588} INFO - Filling up the DagBag from /opt/airflow/dags/02_xcom_dag.py
[2026-09-07T12:16:23.940+0000] {processor.py:925} INFO - DAG(s) 'xcom_dag' retrieved from /opt/airflow/dags/02_xcom_dag.py
[2026-09-07T12:16:23.961+0000] {logging_mixin.py:190} INFO - [2026-09-07T12:16:23.961+0000] {dag.py:3239} INFO - Sync 1 DAGs
[2026-09-07T12:16:24.105+0000] {logging_mixin.py:190} INFO - [2026-09-07T12:16:24.105+0000] {dag.py:4180} INFO - Setting next_dagrun for xcom_dag to None, run_after=None
[2026-09-07T12:16:24.121+0000] {processor.py:208} INFO - Processing /opt/airflow/dags/02_xcom_dag.py took 0.202 seconds
[2026-09-07T12:16:54.336+0000] {processor.py:186} INFO - Started process (PID=170) to work on /opt/airflow/dags/02_xcom_dag.py
[2026-09-07T12:16:54.337+0000] {processor.py:914} INFO - Processing file /opt/airflow/dags/02_xcom_dag.py for tasks to queue
[2026-09-07T12:16:54.338+0000] {logging_mixin.py:190} INFO - [2026-09-07T12:16:54.338+0000] {dagbag.py:588} INFO - Filling up the DagBag from /opt/airflow/dags/02_xcom_dag.py
[2026-09-07T12:16:54.353+0000] {processor.py:925} INFO - DAG(s) 'xcom_dag' retrieved from /opt/airflow/dags/02_xcom_dag.py
[2026-09-07T12:16:54.378+0000] {logging_mixin.py:190} INFO - [2026-09-07T12:16:54.378+0000] {dag.py:3239} INFO - Sync 1 DAGs
[2026-09-07T12:16:54.392+0000] {logging_mixin.py:190} INFO - [2026-09-07T12:16:54.392+0000] {dag.py:4180} INFO - Setting next_dagrun for xcom_dag to None, run_after=None
[2026-09-07T12:16:54.415+0000] {processor.py:208} INFO - Processing /opt/airflow/dags/02_xcom_dag.py took 0.086 seconds
[2026-09-07T12:17:25.015+0000] {processor.py:186} INFO - Started process (PID=184) to work on /opt/airflow/dags/02_xcom_dag.py
[2026-09-07T12:17:25.015+0000] {processor.py:914} INFO - Processing file /opt/airflow/dags/02_xcom_dag.py for tasks to queue
[2026-09-07T12:17:25.016+0000] {logging_mixin.py:190} INFO - [2026-09-07T12:17:25.016+0000] {dagbag.py:588} INFO - Filling up the DagBag from /opt/airflow/dags/02_xcom_dag.py
[2026-09-07T12:17:25.031+0000] {processor.py:925} INFO - DAG(s) 'xcom_dag' retrieved from /opt/airflow/dags/02_xcom_dag.py
[2026-09-07T12:17:25.054+0000] {logging_mixin.py:190} INFO - [2026-09-07T12:17:25.054+0000] {dag.py:3239} INFO - Sync 1 DAGs
[2026-09-07T12:17:25.065+0000] {logging_mixin.py:190} INFO - [2026-09-07T12:17:25.065+0000] {dag.py:4180} INFO - Setting next_dagrun for xcom_dag to None, run_after=None
[2026-09-07T12:17:25.086+0000] {processor.py:208} INFO - Processing /opt/airflow/dags/02_xcom_dag.py took 0.077 seconds
[2026-09-07T12:17:55.763+0000] {processor.py:186} INFO - Started process (PID=198) to work on /opt/airflow/dags/02_xcom_dag.py
[2026-09-07T12:17:55.764+0000] {processor.py:914} INFO - Processing file /opt/airflow/dags/02_xcom_dag.py for tasks to queue
[2026-09-07T12:17:55.768+0000] {logging_mixin.py:190} INFO - [2026-09-07T12:17:55.767+0000] {dagbag.py:588} INFO - Filling up the DagBag from /opt/airflow/dags/02_xcom_dag.py
[2026-09-07T12:17:55.862+0000] {processor.py:925} INFO - DAG(s) 'xcom_dag' retrieved from /opt/airflow/dags/02_xcom_dag.py
[2026-09-07T12:17:55.894+0000] {logging_mixin.py:190} INFO - [2026-09-07T12:17:55.894+0000] {dag.py:3239} INFO - Sync 1 DAGs
[2026-09-07T12:17:55.913+0000] {logging_mixin.py:190} INFO - [2026-09-07T12:17:55.913+0000] {dag.py:4180} INFO - Setting next_dagrun for xcom_dag to None, run_after=None
[2026-09-07T12:17:55.935+0000] {processor.py:208} INFO - Processing /opt/airflow/dags/02_xcom_dag.py took 0.193 seconds
[2026-09-07T12:18:26.556+0000] {processor.py:186} INFO - Started process (PID=212) to work on /opt/airflow/dags/02_xcom_dag.py
[2026-09-07T12:18:26.556+0000] {processor.py:914} INFO - Processing file /opt/airflow/dags/02_xcom_dag.py for tasks to queue
[2026-09-07T12:18:26.557+0000] {logging_mixin.py:190} INFO - [2026-09-07T12:18:26.557+0000] {dagbag.py:588} INFO - Filling up the DagBag from /opt/airflow/dags/02_xcom_dag.py
[2026-09-07T12:18:26.572+0000] {processor.py:925} INFO - DAG(s) 'xcom_dag' retrieved from /opt/airflow/dags/02_xcom_dag.py
[2026-09-07T12:18:26.606+0000] {logging_mixin.py:190} INFO - [2026-09-07T12:18:26.606+0000] {dag.py:3239} INFO - Sync 1 DAGs
[2026-09-07T12:18:26.617+0000] {logging_mixin.py:190} INFO - [2026-09-07T12:18:26.617+0000] {dag.py:4180} INFO - Setting next_dagrun for xcom_dag to None, run_after=None
[2026-09-07T12:18:26.636+0000] {processor.py:208} INFO - Processing /opt/airflow/dags/02_xcom_dag.py took 0.086 seconds
[2026-09-07T12:18:57.251+0000] {processor.py:186} INFO - Started process (PID=226) to work on /opt/airflow/dags/02_xcom_dag.py
[2026-09-07T12:18:57.251+0000] {processor.py:914} INFO - Processing file /opt/airflow/dags/02_xcom_dag.py for tasks to queue
[2026-09-07T12:18:57.253+0000] {logging_mixin.py:190} INFO - [2026-09-07T12:18:57.252+0000] {dagbag.py:588} INFO - Filling up the DagBag from /opt/airflow/dags/02_xcom_dag.py
[2026-09-07T12:18:57.267+0000] {processor.py:925} INFO - DAG(s) 'xcom_dag' retrieved from /opt/airflow/dags/02_xcom_dag.py
[2026-09-07T12:18:57.289+0000] {logging_mixin.py:190} INFO - [2026-09-07T12:18:57.288+0000] {dag.py:3239} INFO - Sync 1 DAGs
[2026-09-07T12:18:57.304+0000] {logging_mixin.py:190} INFO - [2026-09-07T12:18:57.304+0000] {dag.py:4180} INFO - Setting next_dagrun for xcom_dag to None, run_after=None
[2026-09-07T12:18:57.325+0000] {processor.py:208} INFO - Processing /opt/airflow/dags/02_xcom_dag.py took 0.080 seconds
[2026-09-07T12:19:27.994+0000] {processor.py:186} INFO - Started process (PID=240) to work on /opt/airflow/dags/02_xcom_dag.py
[2026-09-07T12:19:27.994+0000] {processor.py:914} INFO - Processing file /opt/airflow/dags/02_xcom_dag.py for tasks to queue
[2026-09-07T12:19:27.995+0000] {logging_mixin.py:190} INFO - [2026-09-07T12:19:27.995+0000] {dagbag.py:588} INFO - Filling up the DagBag from /opt/airflow/dags/02_xcom_dag.py
[2026-09-07T12:19:28.009+0000] {processor.py:925} INFO - DAG(s) 'xcom_dag' retrieved from /opt/airflow/dags/02_xcom_dag.py
[2026-09-07T12:19:28.030+0000] {logging_mixin.py:190} INFO - [2026-09-07T12:19:28.029+0000] {dag.py:3239} INFO - Sync 1 DAGs
[2026-09-07T12:19:28.043+0000] {logging_mixin.py:190} INFO - [2026-09-07T12:19:28.043+0000] {dag.py:4180} INFO - Setting next_dagrun for xcom_dag to None, run_after=None
[2026-09-07T12:19:28.059+0000] {processor.py:208} INFO - Processing /opt/airflow/dags/02_xcom_dag.py took 0.073 seconds
[2026-09-07T12:19:58.654+0000] {processor.py:186} INFO - Started process (PID=254) to work on /opt/airflow/dags/02_xcom_dag.py
[2026-09-07T12:19:58.655+0000] {processor.py:914} INFO - Processing file /opt/airflow/dags/02_xcom_dag.py for tasks to queue
[2026-09-07T12:19:58.656+0000] {logging_mixin.py:190} INFO - [2026-09-07T12:19:58.656+0000] {dagbag.py:588} INFO - Filling up the DagBag from /opt/airflow/dags/02_xcom_dag.py
[2026-09-07T12:19:58.671+0000] {processor.py:925} INFO - DAG(s) 'xcom_dag' retrieved from /opt/airflow/dags/02_xcom_dag.py
[2026-09-07T12:19:58.693+0000] {logging_mixin.py:190} INFO - [2026-09-07T12:19:58.693+0000] {dag.py:3239} INFO - Sync 1 DAGs
[2026-09-07T12:19:58.710+0000] {logging_mixin.py:190} INFO - [2026-09-07T12:19:58.710+0000] {dag.py:4180} INFO - Setting next_dagrun for xcom_dag to None, run_after=None
[2026-09-07T12:19:58.726+0000] {processor.py:208} INFO - Processing /opt/airflow/dags/02_xcom_dag.py took 0.078 seconds
[2026-09-07T12:20:29.332+0000] {processor.py:186} INFO - Started process (PID=268) to work on /opt/airflow/dags/02_xcom_dag.py
[2026-09-07T12:20:29.333+0000] {processor.py:914} INFO - Processing file /opt/airflow/dags/02_xcom_dag.py for tasks to queue
[2026-09-07T12:20:29.334+0000] {logging_mixin.py:190} INFO - [2026-09-07T12:20:29.334+0000] {dagbag.py:588} INFO - Filling up the DagBag from /opt/airflow/dags/02_xcom_dag.py
[2026-09-07T12:20:29.346+0000] {processor.py:925} INFO - DAG(s) 'xcom_dag' retrieved from /opt/airflow/dags/02_xcom_dag.py
[2026-09-07T12:20:29.371+0000] {logging_mixin.py:190} INFO - [2026-09-07T12:20:29.371+0000] {dag.py:3239} INFO - Sync 1 DAGs
[2026-09-07T12:20:29.386+0000] {logging_mixin.py:190} INFO - [2026-09-07T12:20:29.385+0000] {dag.py:4180} INFO - Setting next_dagrun for xcom_dag to None, run_after=None
[2026-09-07T12:20:29.408+0000] {processor.py:208} INFO - Processing /opt/airflow/dags/02_xcom_dag.py took 0.082 seconds
[2026-09-07T12:21:00.072+0000] {processor.py:186} INFO - Started process (PID=282) to work on /opt/airflow/dags/02_xcom_dag.py
[2026-09-07T12:21:00.072+0000] {processor.py:914} INFO - Processing file /opt/airflow/dags/02_xcom_dag.py for tasks to queue
[2026-09-07T12:21:00.074+0000] {logging_mixin.py:190} INFO - [2026-09-07T12:21:00.074+0000] {dagbag.py:588} INFO - Filling up the DagBag from /opt/airflow/dags/02_xcom_dag.py
[2026-09-07T12:21:00.089+0000] {processor.py:925} INFO - DAG(s) 'xcom_dag' retrieved from /opt/airflow/dags/02_xcom_dag.py
[2026-09-07T12:21:00.115+0000] {logging_mixin.py:190} INFO - [2026-09-07T12:21:00.114+0000] {dag.py:3239} INFO - Sync 1 DAGs
[2026-09-07T12:21:00.128+0000] {logging_mixin.py:190} INFO - [2026-09-07T12:21:00.128+0000] {dag.py:4180} INFO - Setting next_dagrun for xcom_dag to None, run_after=None
[2026-09-07T12:21:00.156+0000] {processor.py:208} INFO - Processing /opt/airflow/dags/02_xcom_dag.py took 0.090 seconds
[2026-09-07T12:21:30.786+0000] {processor.py:186} INFO - Started process (PID=296) to work on /opt/airflow/dags/02_xcom_dag.py
[2026-09-07T12:21:30.786+0000] {processor.py:914} INFO - Processing file /opt/airflow/dags/02_xcom_dag.py for tasks to queue
[2026-09-07T12:21:30.788+0000] {logging_mixin.py:190} INFO - [2026-09-07T12:21:30.787+0000] {dagbag.py:588} INFO - Filling up the DagBag from /opt/airflow/dags/02_xcom_dag.py
[2026-09-07T12:21:30.801+0000] {processor.py:925} INFO - DAG(s) 'xcom_dag' retrieved from /opt/airflow/dags/02_xcom_dag.py
[2026-09-07T12:21:30.821+0000] {logging_mixin.py:190} INFO - [2026-09-07T12:21:30.821+0000] {dag.py:3239} INFO - Sync 1 DAGs
[2026-09-07T12:21:30.832+0000] {logging_mixin.py:190} INFO - [2026-09-07T12:21:30.832+0000] {dag.py:4180} INFO - Setting next_dagrun for xcom_dag to None, run_after=None
[2026-09-07T12:21:30.865+0000] {processor.py:208} INFO - Processing /opt/airflow/dags/02_xcom_dag.py took 0.085 seconds
[2026-09-07T12:22:01.509+0000] {processor.py:186} INFO - Started process (PID=310) to work on /opt/airflow/dags/02_xcom_dag.py
[2026-09-07T12:22:01.510+0000] {processor.py:914} INFO - Processing file /opt/airflow/dags/02_xcom_dag.py for tasks to queue
[2026-09-07T12:22:01.511+0000] {logging_mixin.py:190} INFO - [2026-09-07T12:22:01.511+0000] {dagbag.py:588} INFO - Filling up the DagBag from /opt/airflow/dags/02_xcom_dag.py
[2026-09-07T12:22:01.529+0000] {processor.py:925} INFO - DAG(s) 'xcom_dag' retrieved from /opt/airflow/dags/02_xcom_dag.py
[2026-09-07T12:22:01.555+0000] {logging_mixin.py:190} INFO - [2026-09-07T12:22:01.555+0000] {dag.py:3239} INFO - Sync 1 DAGs
[2026-09-07T12:22:01.571+0000] {logging_mixin.py:190} INFO - [2026-09-07T12:22:01.570+0000] {dag.py:4180} INFO - Setting next_dagrun for xcom_dag to None, run_after=None
[2026-09-07T12:22:01.591+0000] {processor.py:208} INFO - Processing /opt/airflow/dags/02_xcom_dag.py took 0.087 seconds
[2026-09-07T12:22:32.171+0000] {processor.py:186} INFO - Started process (PID=324) to work on /opt/airflow/dags/02_xcom_dag.py
[2026-09-07T12:22:32.172+0000] {processor.py:914} INFO - Processing file /opt/airflow/dags/02_xcom_dag.py for tasks to queue
[2026-09-07T12:22:32.173+0000] {logging_mixin.py:190} INFO - [2026-09-07T12:22:32.172+0000] {dagbag.py:588} INFO - Filling up the DagBag from /opt/airflow/dags/02_xcom_dag.py
[2026-09-07T12:22:32.191+0000] {processor.py:925} INFO - DAG(s) 'xcom_dag' retrieved from /opt/airflow/dags/02_xcom_dag.py
[2026-09-07T12:22:32.218+0000] {logging_mixin.py:190} INFO - [2026-09-07T12:22:32.217+0000] {dag.py:3239} INFO - Sync 1 DAGs
[2026-09-07T12:22:32.232+0000] {logging_mixin.py:190} INFO - [2026-09-07T12:22:32.232+0000] {dag.py:4180} INFO - Setting next_dagrun for xcom_dag to None, run_after=None
[2026-09-07T12:22:32.248+0000] {processor.py:208} INFO - Processing /opt/airflow/dags/02_xcom_dag.py took 0.083 seconds
[2026-09-07T12:23:02.909+0000] {processor.py:186} INFO - Started process (PID=338) to work on /opt/airflow/dags/02_xcom_dag.py
[2026-09-07T12:23:02.910+0000] {processor.py:914} INFO - Processing file /opt/airflow/dags/02_xcom_dag.py for tasks to queue
[2026-09-07T12:23:02.912+0000] {logging_mixin.py:190} INFO - [2026-09-07T12:23:02.911+0000] {dagbag.py:588} INFO - Filling up the DagBag from /opt/airflow/dags/02_xcom_dag.py
[2026-09-07T12:23:02.926+0000] {processor.py:925} INFO - DAG(s) 'xcom_dag' retrieved from /opt/airflow/dags/02_xcom_dag.py
[2026-09-07T12:23:02.950+0000] {logging_mixin.py:190} INFO - [2026-09-07T12:23:02.950+0000] {dag.py:3239} INFO - Sync 1 DAGs
[2026-09-07T12:23:02.962+0000] {logging_mixin.py:190} INFO - [2026-09-07T12:23:02.962+0000] {dag.py:4180} INFO - Setting next_dagrun for xcom_dag to None, run_after=None
[2026-09-07T12:23:02.985+0000] {processor.py:208} INFO - Processing /opt/airflow/dags/02_xcom_dag.py took 0.081 seconds
[2026-09-07T12:23:33.634+0000] {processor.py:186} INFO - Started process (PID=352) to work on /opt/airflow/dags/02_xcom_dag.py
[2026-09-07T12:23:33.634+0000] {processor.py:914} INFO - Processing file /opt/airflow/dags/02_xcom_dag.py for tasks to queue
[2026-09-07T12:23:33.636+0000] {logging_mixin.py:190} INFO - [2026-09-07T12:23:33.635+0000] {dagbag.py:588} INFO - Filling up the DagBag from /opt/airflow/dags/02_xcom_dag.py
[2026-09-07T12:23:33.654+0000] {processor.py:925} INFO - DAG(s) 'xcom_dag' retrieved from /opt/airflow/dags/02_xcom_dag.py
[2026-09-07T12:23:33.685+0000] {logging_mixin.py:190} INFO - [2026-09-07T12:23:33.685+0000] {dag.py:3239} INFO - Sync 1 DAGs
[2026-09-07T12:23:33.698+0000] {logging_mixin.py:190} INFO - [2026-09-07T12:23:33.698+0000] {dag.py:4180} INFO - Setting next_dagrun for xcom_dag to None, run_after=None
[2026-09-07T12:23:33.722+0000] {processor.py:208} INFO - Processing /opt/airflow/dags/02_xcom_dag.py took 0.097 seconds
[2026-09-07T12:24:04.335+0000] {processor.py:186} INFO - Started process (PID=366) to work on /opt/airflow/dags/02_xcom_dag.py
[2026-09-07T12:24:04.335+0000] {processor.py:914} INFO - Processing file /opt/airflow/dags/02_xcom_dag.py for tasks to queue
[2026-09-07T12:24:04.337+0000] {logging_mixin.py:190} INFO - [2026-09-07T12:24:04.336+0000] {dagbag.py:588} INFO - Filling up the DagBag from /opt/airflow/dags/02_xcom_dag.py
[2026-09-07T12:24:04.353+0000] {processor.py:925} INFO - DAG(s) 'xcom_dag' retrieved from /opt/airflow/dags/02_xcom_dag.py
[2026-09-07T12:24:04.397+0000] {logging_mixin.py:190} INFO - [2026-09-07T12:24:04.397+0000] {dag.py:3239} INFO - Sync 1 DAGs
[2026-09-07T12:24:04.414+0000] {logging_mixin.py:190} INFO - [2026-09-07T12:24:04.413+0000] {dag.py:4180} INFO - Setting next_dagrun for xcom_dag to None, run_after=None
[2026-09-07T12:24:04.438+0000] {processor.py:208} INFO - Processing /opt/airflow/dags/02_xcom_dag.py took 0.109 seconds
[2026-09-07T12:24:35.108+0000] {processor.py:186} INFO - Started process (PID=380) to work on /opt/airflow/dags/02_xcom_dag.py
[2026-09-07T12:24:35.109+0000] {processor.py:914} INFO - Processing file /opt/airflow/dags/02_xcom_dag.py for tasks to queue
[2026-09-07T12:24:35.110+0000] {logging_mixin.py:190} INFO - [2026-09-07T12:24:35.109+0000] {dagbag.py:588} INFO - Filling up the DagBag from /opt/airflow/dags/02_xcom_dag.py
[2026-09-07T12:24:35.123+0000] {processor.py:925} INFO - DAG(s) 'xcom_dag' retrieved from /opt/airflow/dags/02_xcom_dag.py
[2026-09-07T12:24:35.145+0000] {logging_mixin.py:190} INFO - [2026-09-07T12:24:35.145+0000] {dag.py:3239} INFO - Sync 1 DAGs
[2026-09-07T12:24:35.161+0000] {logging_mixin.py:190} INFO - [2026-09-07T12:24:35.161+0000] {dag.py:4180} INFO - Setting next_dagrun for xcom_dag to None, run_after=None
[2026-09-07T12:24:35.178+0000] {processor.py:208} INFO - Processing /opt/airflow/dags/02_xcom_dag.py took 0.076 seconds
[2026-09-07T12:25:05.774+0000] {processor.py:186} INFO - Started process (PID=394) to work on /opt/airflow/dags/02_xcom_dag.py
[2026-09-07T12:25:05.775+0000] {processor.py:914} INFO - Processing file /opt/airflow/dags/02_xcom_dag.py for tasks to queue
[2026-09-07T12:25:05.776+0000] {logging_mixin.py:190} INFO - [2026-09-07T12:25:05.776+0000] {dagbag.py:588} INFO - Filling up the DagBag from /opt/airflow/dags/02_xcom_dag.py
[2026-09-07T12:25:05.790+0000] {processor.py:925} INFO - DAG(s) 'xcom_dag' retrieved from /opt/airflow/dags/02_xcom_dag.py
[2026-09-07T12:25:05.813+0000] {logging_mixin.py:190} INFO - [2026-09-07T12:25:05.812+0000] {dag.py:3239} INFO - Sync 1 DAGs
[2026-09-07T12:25:05.825+0000] {logging_mixin.py:190} INFO - [2026-09-07T12:25:05.825+0000] {dag.py:4180} INFO - Setting next_dagrun for xcom_dag to None, run_after=None
[2026-09-07T12:25:05.843+0000] {processor.py:208} INFO - Processing /opt/airflow/dags/02_xcom_dag.py took 0.074 seconds
[2026-09-07T12:25:36.423+0000] {processor.py:186} INFO - Started process (PID=408) to work on /opt/airflow/dags/02_xcom_dag.py
[2026-09-07T12:25:36.424+0000] {processor.py:914} INFO - Processing file /opt/airflow/dags/02_xcom_dag.py for tasks to queue
[2026-09-07T12:25:36.425+0000] {logging_mixin.py:190} INFO - [2026-09-07T12:25:36.425+0000] {dagbag.py:588} INFO - Filling up the DagBag from /opt/airflow/dags/02_xcom_dag.py
[2026-09-07T12:25:36.442+0000] {processor.py:925} INFO - DAG(s) 'xcom_dag' retrieved from /opt/airflow/dags/02_xcom_dag.py
[2026-09-07T12:25:36.469+0000] {logging_mixin.py:190} INFO - [2026-09-07T12:25:36.469+0000] {dag.py:3239} INFO - Sync 1 DAGs
[2026-09-07T12:25:36.483+0000] {logging_mixin.py:190} INFO - [2026-09-07T12:25:36.483+0000] {dag.py:4180} INFO - Setting next_dagrun for xcom_dag to None, run_after=None
[2026-09-07T12:25:36.502+0000] {processor.py:208} INFO - Processing /opt/airflow/dags/02_xcom_dag.py took 0.084 seconds
[2026-09-07T12:26:07.117+0000] {processor.py:186} INFO - Started process (PID=428) to work on /opt/airflow/dags/02_xcom_dag.py
[2026-09-07T12:26:07.117+0000] {processor.py:914} INFO - Processing file /opt/airflow/dags/02_xcom_dag.py for tasks to queue
[2026-09-07T12:26:07.118+0000] {logging_mixin.py:190} INFO - [2026-09-07T12:26:07.118+0000] {dagbag.py:588} INFO - Filling up the DagBag from /opt/airflow/dags/02_xcom_dag.py
[2026-09-07T12:26:07.132+0000] {processor.py:925} INFO - DAG(s) 'xcom_dag' retrieved from /opt/airflow/dags/02_xcom_dag.py
[2026-09-07T12:26:07.155+0000] {logging_mixin.py:190} INFO - [2026-09-07T12:26:07.154+0000] {dag.py:3239} INFO - Sync 1 DAGs
[2026-09-07T12:26:07.166+0000] {logging_mixin.py:190} INFO - [2026-09-07T12:26:07.166+0000] {dag.py:4180} INFO - Setting next_dagrun for xcom_dag to None, run_after=None
[2026-09-07T12:26:07.186+0000] {processor.py:208} INFO - Processing /opt/airflow/dags/02_xcom_dag.py took 0.074 seconds
[2026-09-07T12:26:37.749+0000] {processor.py:186} INFO - Started process (PID=442) to work on /opt/airflow/dags/02_xcom_dag.py
[2026-09-07T12:26:37.750+0000] {processor.py:914} INFO - Processing file /opt/airflow/dags/02_xcom_dag.py for tasks to queue
[2026-09-07T12:26:37.751+0000] {logging_mixin.py:190} INFO - [2026-09-07T12:26:37.750+0000] {dagbag.py:588} INFO - Filling up the DagBag from /opt/airflow/dags/02_xcom_dag.py
[2026-09-07T12:26:37.764+0000] {processor.py:925} INFO - DAG(s) 'xcom_dag' retrieved from /opt/airflow/dags/02_xcom_dag.py
[2026-09-07T12:26:37.786+0000] {logging_mixin.py:190} INFO - [2026-09-07T12:26:37.786+0000] {dag.py:3239} INFO - Sync 1 DAGs
[2026-09-07T12:26:37.797+0000] {logging_mixin.py:190} INFO - [2026-09-07T12:26:37.797+0000] {dag.py:4180} INFO - Setting next_dagrun for xcom_dag to None, run_after=None
[2026-09-07T12:26:37.813+0000] {processor.py:208} INFO - Processing /opt/airflow/dags/02_xcom_dag.py took 0.070 seconds
[2026-09-07T12:27:08.338+0000] {processor.py:186} INFO - Started process (PID=456) to work on /opt/airflow/dags/02_xcom_dag.py
[2026-09-07T12:27:08.339+0000] {processor.py:914} INFO - Processing file /opt/airflow/dags/02_xcom_dag.py for tasks to queue
[2026-09-07T12:27:08.340+0000] {logging_mixin.py:190} INFO - [2026-09-07T12:27:08.340+0000] {dagbag.py:588} INFO - Filling up the DagBag from /opt/airflow/dags/02_xcom_dag.py
[2026-09-07T12:27:08.352+0000] {processor.py:925} INFO - DAG(s) 'xcom_dag' retrieved from /opt/airflow/dags/02_xcom_dag.py
[2026-09-07T12:27:08.374+0000] {logging_mixin.py:190} INFO - [2026-09-07T12:27:08.374+0000] {dag.py:3239} INFO - Sync 1 DAGs
[2026-09-07T12:27:08.386+0000] {logging_mixin.py:190} INFO - [2026-09-07T12:27:08.385+0000] {dag.py:4180} INFO - Setting next_dagrun for xcom_dag to None, run_after=None
[2026-09-07T12:27:08.402+0000] {processor.py:208} INFO - Processing /opt/airflow/dags/02_xcom_dag.py took 0.069 seconds
[2026-09-07T12:27:38.999+0000] {processor.py:186} INFO - Started process (PID=470) to work on /opt/airflow/dags/02_xcom_dag.py
[2026-09-07T12:27:39.000+0000] {processor.py:914} INFO - Processing file /opt/airflow/dags/02_xcom_dag.py for tasks to queue
[2026-09-07T12:27:39.001+0000] {logging_mixin.py:190} INFO - [2026-09-07T12:27:39.001+0000] {dagbag.py:588} INFO - Filling up the DagBag from /opt/airflow/dags/02_xcom_dag.py
[2026-09-07T12:27:39.018+0000] {processor.py:925} INFO - DAG(s) 'xcom_dag' retrieved from /opt/airflow/dags/02_xcom_dag.py
[2026-09-07T12:27:39.045+0000] {logging_mixin.py:190} INFO - [2026-09-07T12:27:39.045+0000] {dag.py:3239} INFO - Sync 1 DAGs
[2026-09-07T12:27:39.061+0000] {logging_mixin.py:190} INFO - [2026-09-07T12:27:39.061+0000] {dag.py:4180} INFO - Setting next_dagrun for xcom_dag to None, run_after=None
[2026-09-07T12:27:39.081+0000] {processor.py:208} INFO - Processing /opt/airflow/dags/02_xcom_dag.py took 0.087 seconds
[2026-09-07T12:28:09.662+0000] {processor.py:186} INFO - Started process (PID=484) to work on /opt/airflow/dags/02_xcom_dag.py
[2026-09-07T12:28:09.663+0000] {processor.py:914} INFO - Processing file /opt/airflow/dags/02_xcom_dag.py for tasks to queue
[2026-09-07T12:28:09.664+0000] {logging_mixin.py:190} INFO - [2026-09-07T12:28:09.664+0000] {dagbag.py:588} INFO - Filling up the DagBag from /opt/airflow/dags/02_xcom_dag.py
[2026-09-07T12:28:09.682+0000] {processor.py:925} INFO - DAG(s) 'xcom_dag' retrieved from /opt/airflow/dags/02_xcom_dag.py
[2026-09-07T12:28:09.704+0000] {logging_mixin.py:190} INFO - [2026-09-07T12:28:09.704+0000] {dag.py:3239} INFO - Sync 1 DAGs
[2026-09-07T12:28:09.720+0000] {logging_mixin.py:190} INFO - [2026-09-07T12:28:09.720+0000] {dag.py:4180} INFO - Setting next_dagrun for xcom_dag to None, run_after=None
[2026-09-07T12:28:09.741+0000] {processor.py:208} INFO - Processing /opt/airflow/dags/02_xcom_dag.py took 0.083 seconds
[2026-09-07T12:28:40.351+0000] {processor.py:186} INFO - Started process (PID=498) to work on /opt/airflow/dags/02_xcom_dag.py
[2026-09-07T12:28:40.351+0000] {processor.py:914} INFO - Processing file /opt/airflow/dags/02_xcom_dag.py for tasks to queue
[2026-09-07T12:28:40.352+0000] {logging_mixin.py:190} INFO - [2026-09-07T12:28:40.352+0000] {dagbag.py:588} INFO - Filling up the DagBag from /opt/airflow/dags/02_xcom_dag.py
[2026-09-07T12:28:40.365+0000] {processor.py:925} INFO - DAG(s) 'xcom_dag' retrieved from /opt/airflow/dags/02_xcom_dag.py
[2026-09-07T12:28:40.387+0000] {logging_mixin.py:190} INFO - [2026-09-07T12:28:40.387+0000] {dag.py:3239} INFO - Sync 1 DAGs
[2026-09-07T12:28:40.400+0000] {logging_mixin.py:190} INFO - [2026-09-07T12:28:40.400+0000] {dag.py:4180} INFO - Setting next_dagrun for xcom_dag to None, run_after=None
[2026-09-07T12:28:40.416+0000] {processor.py:208} INFO - Processing /opt/airflow/dags/02_xcom_dag.py took 0.071 seconds
[2026-09-07T12:29:11.000+0000] {processor.py:186} INFO - Started process (PID=512) to work on /opt/airflow/dags/02_xcom_dag.py
[2026-09-07T12:29:11.001+0000] {processor.py:914} INFO - Processing file /opt/airflow/dags/02_xcom_dag.py for tasks to queue
[2026-09-07T12:29:11.002+0000] {logging_mixin.py:190} INFO - [2026-09-07T12:29:11.001+0000] {dagbag.py:588} INFO - Filling up the DagBag from /opt/airflow/dags/02_xcom_dag.py
[2026-09-07T12:29:11.015+0000] {processor.py:925} INFO - DAG(s) 'xcom_dag' retrieved from /opt/airflow/dags/02_xcom_dag.py
[2026-09-07T12:29:11.035+0000] {logging_mixin.py:190} INFO - [2026-09-07T12:29:11.035+0000] {dag.py:3239} INFO - Sync 1 DAGs
[2026-09-07T12:29:11.049+0000] {logging_mixin.py:190} INFO - [2026-09-07T12:29:11.049+0000] {dag.py:4180} INFO - Setting next_dagrun for xcom_dag to None, run_after=None
[2026-09-07T12:29:11.067+0000] {processor.py:208} INFO - Processing /opt/airflow/dags/02_xcom_dag.py took 0.073 seconds
[2026-09-07T12:29:41.747+0000] {processor.py:186} INFO - Started process (PID=526) to work on /opt/airflow/dags/02_xcom_dag.py
[2026-09-07T12:29:41.748+0000] {processor.py:914} INFO - Processing file /opt/airflow/dags/02_xcom_dag.py for tasks to queue
[2026-09-07T12:29:41.749+0000] {logging_mixin.py:190} INFO - [2026-09-07T12:29:41.749+0000] {dagbag.py:588} INFO - Filling up the DagBag from /opt/airflow/dags/02_xcom_dag.py
[2026-09-07T12:29:41.761+0000] {processor.py:925} INFO - DAG(s) 'xcom_dag' retrieved from /opt/airflow/dags/02_xcom_dag.py
[2026-09-07T12:29:41.782+0000] {logging_mixin.py:190} INFO - [2026-09-07T12:29:41.782+0000] {dag.py:3239} INFO - Sync 1 DAGs
[2026-09-07T12:29:41.794+0000] {logging_mixin.py:190} INFO - [2026-09-07T12:29:41.794+0000] {dag.py:4180} INFO - Setting next_dagrun for xcom_dag to None, run_after=None
[2026-09-07T12:29:41.813+0000] {processor.py:208} INFO - Processing /opt/airflow/dags/02_xcom_dag.py took 0.072 seconds
[2026-09-07T12:30:12.407+0000] {processor.py:186} INFO - Started process (PID=540) to work on /opt/airflow/dags/02_xcom_dag.py
[2026-09-07T12:30:12.408+0000] {processor.py:914} INFO - Processing file /opt/airflow/dags/02_xcom_dag.py for tasks to queue
[2026-09-07T12:30:12.409+0000] {logging_mixin.py:190} INFO - [2026-09-07T12:30:12.408+0000] {dagbag.py:588} INFO - Filling up the DagBag from /opt/airflow/dags/02_xcom_dag.py
[2026-09-07T12:30:12.423+0000] {processor.py:925} INFO - DAG(s) 'xcom_dag' retrieved from /opt/airflow/dags/02_xcom_dag.py
[2026-09-07T12:30:12.445+0000] {logging_mixin.py:190} INFO - [2026-09-07T12:30:12.445+0000] {dag.py:3239} INFO - Sync 1 DAGs
[2026-09-07T12:30:12.459+0000] {logging_mixin.py:190} INFO - [2026-09-07T12:30:12.458+0000] {dag.py:4180} INFO - Setting next_dagrun for xcom_dag to None, run_after=None
[2026-09-07T12:30:12.479+0000] {processor.py:208} INFO - Processing /opt/airflow/dags/02_xcom_dag.py took 0.077 seconds
[2026-09-07T12:30:43.061+0000] {processor.py:186} INFO - Started process (PID=554) to work on /opt/airflow/dags/02_xcom_dag.py
[2026-09-07T12:30:43.062+0000] {processor.py:914} INFO - Processing file /opt/airflow/dags/02_xcom_dag.py for tasks to queue
[2026-09-07T12:30:43.063+0000] {logging_mixin.py:190} INFO - [2026-09-07T12:30:43.062+0000] {dagbag.py:588} INFO - Filling up the DagBag from /opt/airflow/dags/02_xcom_dag.py
[2026-09-07T12:30:43.076+0000] {processor.py:925} INFO - DAG(s) 'xcom_dag' retrieved from /opt/airflow/dags/02_xcom_dag.py
[2026-09-07T12:30:43.100+0000] {logging_mixin.py:190} INFO - [2026-09-07T12:30:43.100+0000] {dag.py:3239} INFO - Sync 1 DAGs
[2026-09-07T12:30:43.112+0000] {logging_mixin.py:190} INFO - [2026-09-07T12:30:43.112+0000] {dag.py:4180} INFO - Setting next_dagrun for xcom_dag to None, run_after=None
[2026-09-07T12:30:43.131+0000] {processor.py:208} INFO - Processing /opt/airflow/dags/02_xcom_dag.py took 0.075 seconds
[2026-09-07T12:31:13.706+0000] {processor.py:186} INFO - Started process (PID=568) to work on /opt/airflow/dags/02_xcom_dag.py
[2026-09-07T12:31:13.706+0000] {processor.py:914} INFO - Processing file /opt/airflow/dags/02_xcom_dag.py for tasks to queue
[2026-09-07T12:31:13.708+0000] {logging_mixin.py:190} INFO - [2026-09-07T12:31:13.708+0000] {dagbag.py:588} INFO - Filling up the DagBag from /opt/airflow/dags/02_xcom_dag.py
[2026-09-07T12:31:13.724+0000] {processor.py:925} INFO - DAG(s) 'xcom_dag' retrieved from /opt/airflow/dags/02_xcom_dag.py
[2026-09-07T12:31:13.744+0000] {logging_mixin.py:190} INFO - [2026-09-07T12:31:13.744+0000] {dag.py:3239} INFO - Sync 1 DAGs
[2026-09-07T12:31:13.759+0000] {logging_mixin.py:190} INFO - [2026-09-07T12:31:13.759+0000] {dag.py:4180} INFO - Setting next_dagrun for xcom_dag to None, run_after=None
[2026-09-07T12:31:13.776+0000] {processor.py:208} INFO - Processing /opt/airflow/dags/02_xcom_dag.py took 0.076 seconds
[2026-09-07T12:31:44.370+0000] {processor.py:186} INFO - Started process (PID=582) to work on /opt/airflow/dags/02_xcom_dag.py
[2026-09-07T12:31:44.371+0000] {processor.py:914} INFO - Processing file /opt/airflow/dags/02_xcom_dag.py for tasks to queue
[2026-09-07T12:31:44.372+0000] {logging_mixin.py:190} INFO - [2026-09-07T12:31:44.372+0000] {dagbag.py:588} INFO - Filling up the DagBag from /opt/airflow/dags/02_xcom_dag.py
[2026-09-07T12:31:44.386+0000] {processor.py:925} INFO - DAG(s) 'xcom_dag' retrieved from /opt/airflow/dags/02_xcom_dag.py
[2026-09-07T12:31:44.410+0000] {logging_mixin.py:190} INFO - [2026-09-07T12:31:44.410+0000] {dag.py:3239} INFO - Sync 1 DAGs
[2026-09-07T12:31:44.425+0000] {logging_mixin.py:190} INFO - [2026-09-07T12:31:44.425+0000] {dag.py:4180} INFO - Setting next_dagrun for xcom_dag to None, run_after=None
[2026-09-07T12:31:44.455+0000] {processor.py:208} INFO - Processing /opt/airflow/dags/02_xcom_dag.py took 0.090 seconds
[2026-09-07T12:32:15.078+0000] {processor.py:186} INFO - Started process (PID=596) to work on /opt/airflow/dags/02_xcom_dag.py
[2026-09-07T12:32:15.079+0000] {processor.py:914} INFO - Processing file /opt/airflow/dags/02_xcom_dag.py for tasks to queue
[2026-09-07T12:32:15.080+0000] {logging_mixin.py:190} INFO - [2026-09-07T12:32:15.080+0000] {dagbag.py:588} INFO - Filling up the DagBag from /opt/airflow/dags/02_xcom_dag.py
[2026-09-07T12:32:15.093+0000] {processor.py:925} INFO - DAG(s) 'xcom_dag' retrieved from /opt/airflow/dags/02_xcom_dag.py
[2026-09-07T12:32:15.114+0000] {logging_mixin.py:190} INFO - [2026-09-07T12:32:15.114+0000] {dag.py:3239} INFO - Sync 1 DAGs
[2026-09-07T12:32:15.130+0000] {logging_mixin.py:190} INFO - [2026-09-07T12:32:15.130+0000] {dag.py:4180} INFO - Setting next_dagrun for xcom_dag to None, run_after=None
[2026-09-07T12:32:15.148+0000] {processor.py:208} INFO - Processing /opt/airflow/dags/02_xcom_dag.py took 0.077 seconds
[2026-09-07T12:32:45.730+0000] {processor.py:186} INFO - Started process (PID=610) to work on /opt/airflow/dags/02_xcom_dag.py
[2026-09-07T12:32:45.730+0000] {processor.py:914} INFO - Processing file /opt/airflow/dags/02_xcom_dag.py for tasks to queue
[2026-09-07T12:32:45.731+0000] {logging_mixin.py:190} INFO - [2026-09-07T12:32:45.731+0000] {dagbag.py:588} INFO - Filling up the DagBag from /opt/airflow/dags/02_xcom_dag.py
[2026-09-07T12:32:45.744+0000] {processor.py:925} INFO - DAG(s) 'xcom_dag' retrieved from /opt/airflow/dags/02_xcom_dag.py
[2026-09-07T12:32:45.765+0000] {logging_mixin.py:190} INFO - [2026-09-07T12:32:45.765+0000] {dag.py:3239} INFO - Sync 1 DAGs
[2026-09-07T12:32:45.778+0000] {logging_mixin.py:190} INFO - [2026-09-07T12:32:45.778+0000] {dag.py:4180} INFO - Setting next_dagrun for xcom_dag to None, run_after=None
[2026-09-07T12:32:45.795+0000] {processor.py:208} INFO - Processing /opt/airflow/dags/02_xcom_dag.py took 0.071 seconds
[2026-09-07T12:33:16.288+0000] {processor.py:186} INFO - Started process (PID=624) to work on /opt/airflow/dags/02_xcom_dag.py
[2026-09-07T12:33:16.289+0000] {processor.py:914} INFO - Processing file /opt/airflow/dags/02_xcom_dag.py for tasks to queue
[2026-09-07T12:33:16.290+0000] {logging_mixin.py:190} INFO - [2026-09-07T12:33:16.290+0000] {dagbag.py:588} INFO - Filling up the DagBag from /opt/airflow/dags/02_xcom_dag.py
[2026-09-07T12:33:16.302+0000] {processor.py:925} INFO - DAG(s) 'xcom_dag' retrieved from /opt/airflow/dags/02_xcom_dag.py
[2026-09-07T12:33:16.323+0000] {logging_mixin.py:190} INFO - [2026-09-07T12:33:16.323+0000] {dag.py:3239} INFO - Sync 1 DAGs
[2026-09-07T12:33:16.336+0000] {logging_mixin.py:190} INFO - [2026-09-07T12:33:16.336+0000] {dag.py:4180} INFO - Setting next_dagrun for xcom_dag to None, run_after=None
[2026-09-07T12:33:16.355+0000] {processor.py:208} INFO - Processing /opt/airflow/dags/02_xcom_dag.py took 0.071 seconds
[2026-09-07T12:33:46.936+0000] {processor.py:186} INFO - Started process (PID=638) to work on /opt/airflow/dags/02_xcom_dag.py
[2026-09-07T12:33:46.937+0000] {processor.py:914} INFO - Processing file /opt/airflow/dags/02_xcom_dag.py for tasks to queue
[2026-09-07T12:33:46.938+0000] {logging_mixin.py:190} INFO - [2026-09-07T12:33:46.938+0000] {dagbag.py:588} INFO - Filling up the DagBag from /opt/airflow/dags/02_xcom_dag.py
[2026-09-07T12:33:46.953+0000] {processor.py:925} INFO - DAG(s) 'xcom_dag' retrieved from /opt/airflow/dags/02_xcom_dag.py
[2026-09-07T12:33:46.977+0000] {logging_mixin.py:190} INFO - [2026-09-07T12:33:46.977+0000] {dag.py:3239} INFO - Sync 1 DAGs
[2026-09-07T12:33:46.991+0000] {logging_mixin.py:190} INFO - [2026-09-07T12:33:46.990+0000] {dag.py:4180} INFO - Setting next_dagrun for xcom_dag to None, run_after=None
[2026-09-07T12:33:47.012+0000] {processor.py:208} INFO - Processing /opt/airflow/dags/02_xcom_dag.py took 0.083 seconds
[2026-09-07T12:34:17.687+0000] {processor.py:186} INFO - Started process (PID=652) to work on /opt/airflow/dags/02_xcom_dag.py
[2026-09-07T12:34:17.688+0000] {processor.py:914} INFO - Processing file /opt/airflow/dags/02_xcom_dag.py for tasks to queue
[2026-09-07T12:34:17.689+0000] {logging_mixin.py:190} INFO - [2026-09-07T12:34:17.689+0000] {dagbag.py:588} INFO - Filling up the DagBag from /opt/airflow/dags/02_xcom_dag.py
[2026-09-07T12:34:17.701+0000] {processor.py:925} INFO - DAG(s) 'xcom_dag' retrieved from /opt/airflow/dags/02_xcom_dag.py
[2026-09-07T12:34:17.721+0000] {logging_mixin.py:190} INFO - [2026-09-07T12:34:17.721+0000] {dag.py:3239} INFO - Sync 1 DAGs
[2026-09-07T12:34:17.733+0000] {logging_mixin.py:190} INFO - [2026-09-07T12:34:17.733+0000] {dag.py:4180} INFO - Setting next_dagrun for xcom_dag to None, run_after=None
[2026-09-07T12:34:17.752+0000] {processor.py:208} INFO - Processing /opt/airflow/dags/02_xcom_dag.py took 0.071 seconds
[2026-09-07T12:34:48.428+0000] {processor.py:186} INFO - Started process (PID=666) to work on /opt/airflow/dags/02_xcom_dag.py
[2026-09-07T12:34:48.428+0000] {processor.py:914} INFO - Processing file /opt/airflow/dags/02_xcom_dag.py for tasks to queue
[2026-09-07T12:34:48.429+0000] {logging_mixin.py:190} INFO - [2026-09-07T12:34:48.429+0000] {dagbag.py:588} INFO - Filling up the DagBag from /opt/airflow/dags/02_xcom_dag.py
[2026-09-07T12:34:48.442+0000] {processor.py:925} INFO - DAG(s) 'xcom_dag' retrieved from /opt/airflow/dags/02_xcom_dag.py
[2026-09-07T12:34:48.463+0000] {logging_mixin.py:190} INFO - [2026-09-07T12:34:48.463+0000] {dag.py:3239} INFO - Sync 1 DAGs
[2026-09-07T12:34:48.476+0000] {logging_mixin.py:190} INFO - [2026-09-07T12:34:48.476+0000] {dag.py:4180} INFO - Setting next_dagrun for xcom_dag to None, run_after=None
[2026-09-07T12:34:48.494+0000] {processor.py:208} INFO - Processing /opt/airflow/dags/02_xcom_dag.py took 0.071 seconds
[2026-09-07T19:51:41.250+0000] {processor.py:186} INFO - Started process (PID=102) to work on /opt/airflow/dags/02_xcom_dag.py
[2026-09-07T19:51:41.252+0000] {processor.py:914} INFO - Processing file /opt/airflow/dags/02_xcom_dag.py for tasks to queue
[2026-09-07T19:51:41.254+0000] {logging_mixin.py:190} INFO - [2026-09-07T19:51:41.253+0000] {dagbag.py:588} INFO - Filling up the DagBag from /opt/airflow/dags/02_xcom_dag.py
[2026-09-07T19:51:41.283+0000] {processor.py:925} INFO - DAG(s) 'xcom_dag' retrieved from /opt/airflow/dags/02_xcom_dag.py
[2026-09-07T19:51:41.309+0000] {logging_mixin.py:190} INFO - [2026-09-07T19:51:41.308+0000] {dag.py:3239} INFO - Sync 1 DAGs
[2026-09-07T19:51:41.323+0000] {logging_mixin.py:190} INFO - [2026-09-07T19:51:41.323+0000] {dag.py:4180} INFO - Setting next_dagrun for xcom_dag to None, run_after=None
[2026-09-07T19:51:41.351+0000] {processor.py:208} INFO - Processing /opt/airflow/dags/02_xcom_dag.py took 0.107 seconds
[2026-09-07T19:52:11.754+0000] {processor.py:186} INFO - Started process (PID=114) to work on /opt/airflow/dags/02_xcom_dag.py
[2026-09-07T19:52:11.754+0000] {processor.py:914} INFO - Processing file /opt/airflow/dags/02_xcom_dag.py for tasks to queue
[2026-09-07T19:52:11.756+0000] {logging_mixin.py:190} INFO - [2026-09-07T19:52:11.756+0000] {dagbag.py:588} INFO - Filling up the DagBag from /opt/airflow/dags/02_xcom_dag.py
[2026-09-07T19:52:11.772+0000] {processor.py:925} INFO - DAG(s) 'xcom_dag' retrieved from /opt/airflow/dags/02_xcom_dag.py
[2026-09-07T19:52:11.799+0000] {logging_mixin.py:190} INFO - [2026-09-07T19:52:11.799+0000] {dag.py:3239} INFO - Sync 1 DAGs
[2026-09-07T19:52:11.815+0000] {logging_mixin.py:190} INFO - [2026-09-07T19:52:11.814+0000] {dag.py:4180} INFO - Setting next_dagrun for xcom_dag to None, run_after=None
[2026-09-07T19:52:11.835+0000] {processor.py:208} INFO - Processing /opt/airflow/dags/02_xcom_dag.py took 0.088 seconds
[2026-09-07T19:52:42.467+0000] {processor.py:186} INFO - Started process (PID=128) to work on /opt/airflow/dags/02_xcom_dag.py
[2026-09-07T19:52:42.468+0000] {processor.py:914} INFO - Processing file /opt/airflow/dags/02_xcom_dag.py for tasks to queue
[2026-09-07T19:52:42.469+0000] {logging_mixin.py:190} INFO - [2026-09-07T19:52:42.469+0000] {dagbag.py:588} INFO - Filling up the DagBag from /opt/airflow/dags/02_xcom_dag.py
[2026-09-07T19:52:42.485+0000] {processor.py:925} INFO - DAG(s) 'xcom_dag' retrieved from /opt/airflow/dags/02_xcom_dag.py
[2026-09-07T19:52:42.508+0000] {logging_mixin.py:190} INFO - [2026-09-07T19:52:42.507+0000] {dag.py:3239} INFO - Sync 1 DAGs
[2026-09-07T19:52:42.521+0000] {logging_mixin.py:190} INFO - [2026-09-07T19:52:42.521+0000] {dag.py:4180} INFO - Setting next_dagrun for xcom_dag to None, run_after=None
[2026-09-07T19:52:42.540+0000] {processor.py:208} INFO - Processing /opt/airflow/dags/02_xcom_dag.py took 0.079 seconds
[2026-09-07T19:53:13.114+0000] {processor.py:186} INFO - Started process (PID=142) to work on /opt/airflow/dags/02_xcom_dag.py
[2026-09-07T19:53:13.115+0000] {processor.py:914} INFO - Processing file /opt/airflow/dags/02_xcom_dag.py for tasks to queue
[2026-09-07T19:53:13.116+0000] {logging_mixin.py:190} INFO - [2026-09-07T19:53:13.116+0000] {dagbag.py:588} INFO - Filling up the DagBag from /opt/airflow/dags/02_xcom_dag.py
[2026-09-07T19:53:13.130+0000] {processor.py:925} INFO - DAG(s) 'xcom_dag' retrieved from /opt/airflow/dags/02_xcom_dag.py
[2026-09-07T19:53:13.154+0000] {logging_mixin.py:190} INFO - [2026-09-07T19:53:13.153+0000] {dag.py:3239} INFO - Sync 1 DAGs
[2026-09-07T19:53:13.165+0000] {logging_mixin.py:190} INFO - [2026-09-07T19:53:13.165+0000] {dag.py:4180} INFO - Setting next_dagrun for xcom_dag to None, run_after=None
[2026-09-07T19:53:13.185+0000] {processor.py:208} INFO - Processing /opt/airflow/dags/02_xcom_dag.py took 0.076 seconds
[2026-09-07T19:53:43.765+0000] {processor.py:186} INFO - Started process (PID=156) to work on /opt/airflow/dags/02_xcom_dag.py
[2026-09-07T19:53:43.765+0000] {processor.py:914} INFO - Processing file /opt/airflow/dags/02_xcom_dag.py for tasks to queue
[2026-09-07T19:53:43.767+0000] {logging_mixin.py:190} INFO - [2026-09-07T19:53:43.766+0000] {dagbag.py:588} INFO - Filling up the DagBag from /opt/airflow/dags/02_xcom_dag.py
[2026-09-07T19:53:43.785+0000] {processor.py:925} INFO - DAG(s) 'xcom_dag' retrieved from /opt/airflow/dags/02_xcom_dag.py
[2026-09-07T19:53:43.816+0000] {logging_mixin.py:190} INFO - [2026-09-07T19:53:43.816+0000] {dag.py:3239} INFO - Sync 1 DAGs
[2026-09-07T19:53:43.973+0000] {logging_mixin.py:190} INFO - [2026-09-07T19:53:43.972+0000] {dag.py:4180} INFO - Setting next_dagrun for xcom_dag to None, run_after=None
[2026-09-07T19:53:43.991+0000] {processor.py:208} INFO - Processing /opt/airflow/dags/02_xcom_dag.py took 0.233 seconds
[2026-09-07T19:54:14.245+0000] {processor.py:186} INFO - Started process (PID=170) to work on /opt/airflow/dags/02_xcom_dag.py
[2026-09-07T19:54:14.246+0000] {processor.py:914} INFO - Processing file /opt/airflow/dags/02_xcom_dag.py for tasks to queue
[2026-09-07T19:54:14.247+0000] {logging_mixin.py:190} INFO - [2026-09-07T19:54:14.247+0000] {dagbag.py:588} INFO - Filling up the DagBag from /opt/airflow/dags/02_xcom_dag.py
[2026-09-07T19:54:14.261+0000] {processor.py:925} INFO - DAG(s) 'xcom_dag' retrieved from /opt/airflow/dags/02_xcom_dag.py
[2026-09-07T19:54:14.290+0000] {logging_mixin.py:190} INFO - [2026-09-07T19:54:14.289+0000] {dag.py:3239} INFO - Sync 1 DAGs
[2026-09-07T19:54:14.303+0000] {logging_mixin.py:190} INFO - [2026-09-07T19:54:14.303+0000] {dag.py:4180} INFO - Setting next_dagrun for xcom_dag to None, run_after=None
[2026-09-07T19:54:14.330+0000] {processor.py:208} INFO - Processing /opt/airflow/dags/02_xcom_dag.py took 0.091 seconds
[2026-09-07T19:54:44.821+0000] {processor.py:186} INFO - Started process (PID=184) to work on /opt/airflow/dags/02_xcom_dag.py
[2026-09-07T19:54:44.822+0000] {processor.py:914} INFO - Processing file /opt/airflow/dags/02_xcom_dag.py for tasks to queue
[2026-09-07T19:54:44.823+0000] {logging_mixin.py:190} INFO - [2026-09-07T19:54:44.823+0000] {dagbag.py:588} INFO - Filling up the DagBag from /opt/airflow/dags/02_xcom_dag.py
[2026-09-07T19:54:44.848+0000] {processor.py:925} INFO - DAG(s) 'xcom_dag' retrieved from /opt/airflow/dags/02_xcom_dag.py
[2026-09-07T19:54:44.876+0000] {logging_mixin.py:190} INFO - [2026-09-07T19:54:44.875+0000] {dag.py:3239} INFO - Sync 1 DAGs
[2026-09-07T19:54:44.893+0000] {logging_mixin.py:190} INFO - [2026-09-07T19:54:44.893+0000] {dag.py:4180} INFO - Setting next_dagrun for xcom_dag to None, run_after=None
[2026-09-07T19:54:44.921+0000] {processor.py:208} INFO - Processing /opt/airflow/dags/02_xcom_dag.py took 0.106 seconds
[2026-09-07T19:55:15.485+0000] {processor.py:186} INFO - Started process (PID=198) to work on /opt/airflow/dags/02_xcom_dag.py
[2026-09-07T19:55:15.485+0000] {processor.py:914} INFO - Processing file /opt/airflow/dags/02_xcom_dag.py for tasks to queue
[2026-09-07T19:55:15.486+0000] {logging_mixin.py:190} INFO - [2026-09-07T19:55:15.486+0000] {dagbag.py:588} INFO - Filling up the DagBag from /opt/airflow/dags/02_xcom_dag.py
[2026-09-07T19:55:15.500+0000] {processor.py:925} INFO - DAG(s) 'xcom_dag' retrieved from /opt/airflow/dags/02_xcom_dag.py
[2026-09-07T19:55:15.526+0000] {logging_mixin.py:190} INFO - [2026-09-07T19:55:15.526+0000] {dag.py:3239} INFO - Sync 1 DAGs
[2026-09-07T19:55:15.539+0000] {logging_mixin.py:190} INFO - [2026-09-07T19:55:15.539+0000] {dag.py:4180} INFO - Setting next_dagrun for xcom_dag to None, run_after=None
[2026-09-07T19:55:15.557+0000] {processor.py:208} INFO - Processing /opt/airflow/dags/02_xcom_dag.py took 0.078 seconds
[2026-09-07T19:55:46.045+0000] {processor.py:186} INFO - Started process (PID=212) to work on /opt/airflow/dags/02_xcom_dag.py
[2026-09-07T19:55:46.045+0000] {processor.py:914} INFO - Processing file /opt/airflow/dags/02_xcom_dag.py for tasks to queue
[2026-09-07T19:55:46.047+0000] {logging_mixin.py:190} INFO - [2026-09-07T19:55:46.046+0000] {dagbag.py:588} INFO - Filling up the DagBag from /opt/airflow/dags/02_xcom_dag.py
[2026-09-07T19:55:46.065+0000] {processor.py:925} INFO - DAG(s) 'xcom_dag' retrieved from /opt/airflow/dags/02_xcom_dag.py
[2026-09-07T19:55:46.090+0000] {logging_mixin.py:190} INFO - [2026-09-07T19:55:46.089+0000] {dag.py:3239} INFO - Sync 1 DAGs
[2026-09-07T19:55:46.103+0000] {logging_mixin.py:190} INFO - [2026-09-07T19:55:46.103+0000] {dag.py:4180} INFO - Setting next_dagrun for xcom_dag to None, run_after=None
[2026-09-07T19:55:46.121+0000] {processor.py:208} INFO - Processing /opt/airflow/dags/02_xcom_dag.py took 0.083 seconds
[2026-09-07T19:56:16.614+0000] {processor.py:186} INFO - Started process (PID=226) to work on /opt/airflow/dags/02_xcom_dag.py
[2026-09-07T19:56:16.615+0000] {processor.py:914} INFO - Processing file /opt/airflow/dags/02_xcom_dag.py for tasks to queue
[2026-09-07T19:56:16.616+0000] {logging_mixin.py:190} INFO - [2026-09-07T19:56:16.616+0000] {dagbag.py:588} INFO - Filling up the DagBag from /opt/airflow/dags/02_xcom_dag.py
[2026-09-07T19:56:16.629+0000] {processor.py:925} INFO - DAG(s) 'xcom_dag' retrieved from /opt/airflow/dags/02_xcom_dag.py
[2026-09-07T19:56:16.651+0000] {logging_mixin.py:190} INFO - [2026-09-07T19:56:16.650+0000] {dag.py:3239} INFO - Sync 1 DAGs
[2026-09-07T19:56:16.665+0000] {logging_mixin.py:190} INFO - [2026-09-07T19:56:16.664+0000] {dag.py:4180} INFO - Setting next_dagrun for xcom_dag to None, run_after=None
[2026-09-07T19:56:16.683+0000] {processor.py:208} INFO - Processing /opt/airflow/dags/02_xcom_dag.py took 0.074 seconds
[2026-09-07T19:56:47.236+0000] {processor.py:186} INFO - Started process (PID=240) to work on /opt/airflow/dags/02_xcom_dag.py
[2026-09-07T19:56:47.236+0000] {processor.py:914} INFO - Processing file /opt/airflow/dags/02_xcom_dag.py for tasks to queue
[2026-09-07T19:56:47.238+0000] {logging_mixin.py:190} INFO - [2026-09-07T19:56:47.237+0000] {dagbag.py:588} INFO - Filling up the DagBag from /opt/airflow/dags/02_xcom_dag.py
[2026-09-07T19:56:47.251+0000] {processor.py:925} INFO - DAG(s) 'xcom_dag' retrieved from /opt/airflow/dags/02_xcom_dag.py
[2026-09-07T19:56:47.275+0000] {logging_mixin.py:190} INFO - [2026-09-07T19:56:47.275+0000] {dag.py:3239} INFO - Sync 1 DAGs
[2026-09-07T19:56:47.287+0000] {logging_mixin.py:190} INFO - [2026-09-07T19:56:47.287+0000] {dag.py:4180} INFO - Setting next_dagrun for xcom_dag to None, run_after=None
[2026-09-07T19:56:47.306+0000] {processor.py:208} INFO - Processing /opt/airflow/dags/02_xcom_dag.py took 0.077 seconds
[2026-09-07T19:57:17.877+0000] {processor.py:186} INFO - Started process (PID=255) to work on /opt/airflow/dags/02_xcom_dag.py
[2026-09-07T19:57:17.877+0000] {processor.py:914} INFO - Processing file /opt/airflow/dags/02_xcom_dag.py for tasks to queue
[2026-09-07T19:57:17.879+0000] {logging_mixin.py:190} INFO - [2026-09-07T19:57:17.878+0000] {dagbag.py:588} INFO - Filling up the DagBag from /opt/airflow/dags/02_xcom_dag.py
[2026-09-07T19:57:17.893+0000] {processor.py:925} INFO - DAG(s) 'xcom_dag' retrieved from /opt/airflow/dags/02_xcom_dag.py
[2026-09-07T19:57:17.913+0000] {logging_mixin.py:190} INFO - [2026-09-07T19:57:17.913+0000] {dag.py:3239} INFO - Sync 1 DAGs
[2026-09-07T19:57:17.926+0000] {logging_mixin.py:190} INFO - [2026-09-07T19:57:17.925+0000] {dag.py:4180} INFO - Setting next_dagrun for xcom_dag to None, run_after=None
[2026-09-07T19:57:17.943+0000] {processor.py:208} INFO - Processing /opt/airflow/dags/02_xcom_dag.py took 0.072 seconds
[2026-09-07T19:57:48.445+0000] {processor.py:186} INFO - Started process (PID=269) to work on /opt/airflow/dags/02_xcom_dag.py
[2026-09-07T19:57:48.445+0000] {processor.py:914} INFO - Processing file /opt/airflow/dags/02_xcom_dag.py for tasks to queue
[2026-09-07T19:57:48.447+0000] {logging_mixin.py:190} INFO - [2026-09-07T19:57:48.446+0000] {dagbag.py:588} INFO - Filling up the DagBag from /opt/airflow/dags/02_xcom_dag.py
[2026-09-07T19:57:48.462+0000] {processor.py:925} INFO - DAG(s) 'xcom_dag' retrieved from /opt/airflow/dags/02_xcom_dag.py
[2026-09-07T19:57:48.484+0000] {logging_mixin.py:190} INFO - [2026-09-07T19:57:48.483+0000] {dag.py:3239} INFO - Sync 1 DAGs
[2026-09-07T19:57:48.495+0000] {logging_mixin.py:190} INFO - [2026-09-07T19:57:48.495+0000] {dag.py:4180} INFO - Setting next_dagrun for xcom_dag to None, run_after=None
[2026-09-07T19:57:48.516+0000] {processor.py:208} INFO - Processing /opt/airflow/dags/02_xcom_dag.py took 0.078 seconds
[2026-09-07T19:58:19.013+0000] {processor.py:186} INFO - Started process (PID=283) to work on /opt/airflow/dags/02_xcom_dag.py
[2026-09-07T19:58:19.014+0000] {processor.py:914} INFO - Processing file /opt/airflow/dags/02_xcom_dag.py for tasks to queue
[2026-09-07T19:58:19.015+0000] {logging_mixin.py:190} INFO - [2026-09-07T19:58:19.015+0000] {dagbag.py:588} INFO - Filling up the DagBag from /opt/airflow/dags/02_xcom_dag.py
[2026-09-07T19:58:19.031+0000] {processor.py:925} INFO - DAG(s) 'xcom_dag' retrieved from /opt/airflow/dags/02_xcom_dag.py
[2026-09-07T19:58:19.054+0000] {logging_mixin.py:190} INFO - [2026-09-07T19:58:19.053+0000] {dag.py:3239} INFO - Sync 1 DAGs
[2026-09-07T19:58:19.067+0000] {logging_mixin.py:190} INFO - [2026-09-07T19:58:19.067+0000] {dag.py:4180} INFO - Setting next_dagrun for xcom_dag to None, run_after=None
[2026-09-07T19:58:19.088+0000] {processor.py:208} INFO - Processing /opt/airflow/dags/02_xcom_dag.py took 0.080 seconds
[2026-09-07T19:58:49.632+0000] {processor.py:186} INFO - Started process (PID=298) to work on /opt/airflow/dags/02_xcom_dag.py
[2026-09-07T19:58:49.633+0000] {processor.py:914} INFO - Processing file /opt/airflow/dags/02_xcom_dag.py for tasks to queue
[2026-09-07T19:58:49.634+0000] {logging_mixin.py:190} INFO - [2026-09-07T19:58:49.634+0000] {dagbag.py:588} INFO - Filling up the DagBag from /opt/airflow/dags/02_xcom_dag.py
[2026-09-07T19:58:49.652+0000] {processor.py:925} INFO - DAG(s) 'xcom_dag' retrieved from /opt/airflow/dags/02_xcom_dag.py
[2026-09-07T19:58:49.681+0000] {logging_mixin.py:190} INFO - [2026-09-07T19:58:49.681+0000] {dag.py:3239} INFO - Sync 1 DAGs
[2026-09-07T19:58:49.695+0000] {logging_mixin.py:190} INFO - [2026-09-07T19:58:49.694+0000] {dag.py:4180} INFO - Setting next_dagrun for xcom_dag to None, run_after=None
[2026-09-07T19:58:49.715+0000] {processor.py:208} INFO - Processing /opt/airflow/dags/02_xcom_dag.py took 0.090 seconds
[2026-09-07T19:59:20.222+0000] {processor.py:186} INFO - Started process (PID=312) to work on /opt/airflow/dags/02_xcom_dag.py
[2026-09-07T19:59:20.222+0000] {processor.py:914} INFO - Processing file /opt/airflow/dags/02_xcom_dag.py for tasks to queue
[2026-09-07T19:59:20.224+0000] {logging_mixin.py:190} INFO - [2026-09-07T19:59:20.223+0000] {dagbag.py:588} INFO - Filling up the DagBag from /opt/airflow/dags/02_xcom_dag.py
[2026-09-07T19:59:20.239+0000] {processor.py:925} INFO - DAG(s) 'xcom_dag' retrieved from /opt/airflow/dags/02_xcom_dag.py
[2026-09-07T19:59:20.262+0000] {logging_mixin.py:190} INFO - [2026-09-07T19:59:20.262+0000] {dag.py:3239} INFO - Sync 1 DAGs
[2026-09-07T19:59:20.276+0000] {logging_mixin.py:190} INFO - [2026-09-07T19:59:20.276+0000] {dag.py:4180} INFO - Setting next_dagrun for xcom_dag to None, run_after=None
[2026-09-07T19:59:20.293+0000] {processor.py:208} INFO - Processing /opt/airflow/dags/02_xcom_dag.py took 0.078 seconds
[2026-09-07T19:59:50.820+0000] {processor.py:186} INFO - Started process (PID=326) to work on /opt/airflow/dags/02_xcom_dag.py
[2026-09-07T19:59:50.820+0000] {processor.py:914} INFO - Processing file /opt/airflow/dags/02_xcom_dag.py for tasks to queue
[2026-09-07T19:59:50.821+0000] {logging_mixin.py:190} INFO - [2026-09-07T19:59:50.821+0000] {dagbag.py:588} INFO - Filling up the DagBag from /opt/airflow/dags/02_xcom_dag.py
[2026-09-07T19:59:50.835+0000] {processor.py:925} INFO - DAG(s) 'xcom_dag' retrieved from /opt/airflow/dags/02_xcom_dag.py
[2026-09-07T19:59:50.860+0000] {logging_mixin.py:190} INFO - [2026-09-07T19:59:50.860+0000] {dag.py:3239} INFO - Sync 1 DAGs
[2026-09-07T19:59:50.874+0000] {logging_mixin.py:190} INFO - [2026-09-07T19:59:50.873+0000] {dag.py:4180} INFO - Setting next_dagrun for xcom_dag to None, run_after=None
[2026-09-07T19:59:50.900+0000] {processor.py:208} INFO - Processing /opt/airflow/dags/02_xcom_dag.py took 0.086 seconds
[2026-09-07T20:00:21.411+0000] {processor.py:186} INFO - Started process (PID=340) to work on /opt/airflow/dags/02_xcom_dag.py
[2026-09-07T20:00:21.412+0000] {processor.py:914} INFO - Processing file /opt/airflow/dags/02_xcom_dag.py for tasks to queue
[2026-09-07T20:00:21.413+0000] {logging_mixin.py:190} INFO - [2026-09-07T20:00:21.413+0000] {dagbag.py:588} INFO - Filling up the DagBag from /opt/airflow/dags/02_xcom_dag.py
[2026-09-07T20:00:21.427+0000] {processor.py:925} INFO - DAG(s) 'xcom_dag' retrieved from /opt/airflow/dags/02_xcom_dag.py
[2026-09-07T20:00:21.449+0000] {logging_mixin.py:190} INFO - [2026-09-07T20:00:21.449+0000] {dag.py:3239} INFO - Sync 1 DAGs
[2026-09-07T20:00:21.462+0000] {logging_mixin.py:190} INFO - [2026-09-07T20:00:21.461+0000] {dag.py:4180} INFO - Setting next_dagrun for xcom_dag to None, run_after=None
[2026-09-07T20:00:21.483+0000] {processor.py:208} INFO - Processing /opt/airflow/dags/02_xcom_dag.py took 0.077 seconds
[2026-09-07T20:00:52.039+0000] {processor.py:186} INFO - Started process (PID=354) to work on /opt/airflow/dags/02_xcom_dag.py
[2026-09-07T20:00:52.040+0000] {processor.py:914} INFO - Processing file /opt/airflow/dags/02_xcom_dag.py for tasks to queue
[2026-09-07T20:00:52.041+0000] {logging_mixin.py:190} INFO - [2026-09-07T20:00:52.041+0000] {dagbag.py:588} INFO - Filling up the DagBag from /opt/airflow/dags/02_xcom_dag.py
[2026-09-07T20:00:52.056+0000] {processor.py:925} INFO - DAG(s) 'xcom_dag' retrieved from /opt/airflow/dags/02_xcom_dag.py
[2026-09-07T20:00:52.079+0000] {logging_mixin.py:190} INFO - [2026-09-07T20:00:52.079+0000] {dag.py:3239} INFO - Sync 1 DAGs
[2026-09-07T20:00:52.090+0000] {logging_mixin.py:190} INFO - [2026-09-07T20:00:52.090+0000] {dag.py:4180} INFO - Setting next_dagrun for xcom_dag to None, run_after=None
[2026-09-07T20:00:52.107+0000] {processor.py:208} INFO - Processing /opt/airflow/dags/02_xcom_dag.py took 0.074 seconds
[2026-09-07T20:01:22.637+0000] {processor.py:186} INFO - Started process (PID=368) to work on /opt/airflow/dags/02_xcom_dag.py
[2026-09-07T20:01:22.638+0000] {processor.py:914} INFO - Processing file /opt/airflow/dags/02_xcom_dag.py for tasks to queue
[2026-09-07T20:01:22.639+0000] {logging_mixin.py:190} INFO - [2026-09-07T20:01:22.639+0000] {dagbag.py:588} INFO - Filling up the DagBag from /opt/airflow/dags/02_xcom_dag.py
[2026-09-07T20:01:22.663+0000] {processor.py:925} INFO - DAG(s) 'xcom_dag' retrieved from /opt/airflow/dags/02_xcom_dag.py
[2026-09-07T20:01:22.693+0000] {logging_mixin.py:190} INFO - [2026-09-07T20:01:22.692+0000] {dag.py:3239} INFO - Sync 1 DAGs
[2026-09-07T20:01:22.705+0000] {logging_mixin.py:190} INFO - [2026-09-07T20:01:22.704+0000] {dag.py:4180} INFO - Setting next_dagrun for xcom_dag to None, run_after=None
[2026-09-07T20:01:22.724+0000] {processor.py:208} INFO - Processing /opt/airflow/dags/02_xcom_dag.py took 0.094 seconds
[2026-09-07T20:01:53.304+0000] {processor.py:186} INFO - Started process (PID=382) to work on /opt/airflow/dags/02_xcom_dag.py
[2026-09-07T20:01:53.304+0000] {processor.py:914} INFO - Processing file /opt/airflow/dags/02_xcom_dag.py for tasks to queue
[2026-09-07T20:01:53.305+0000] {logging_mixin.py:190} INFO - [2026-09-07T20:01:53.305+0000] {dagbag.py:588} INFO - Filling up the DagBag from /opt/airflow/dags/02_xcom_dag.py
[2026-09-07T20:01:53.320+0000] {processor.py:925} INFO - DAG(s) 'xcom_dag' retrieved from /opt/airflow/dags/02_xcom_dag.py
[2026-09-07T20:01:53.341+0000] {logging_mixin.py:190} INFO - [2026-09-07T20:01:53.341+0000] {dag.py:3239} INFO - Sync 1 DAGs
[2026-09-07T20:01:53.360+0000] {logging_mixin.py:190} INFO - [2026-09-07T20:01:53.360+0000] {dag.py:4180} INFO - Setting next_dagrun for xcom_dag to None, run_after=None
[2026-09-07T20:01:53.382+0000] {processor.py:208} INFO - Processing /opt/airflow/dags/02_xcom_dag.py took 0.084 seconds
[2026-09-07T20:02:23.871+0000] {processor.py:186} INFO - Started process (PID=396) to work on /opt/airflow/dags/02_xcom_dag.py
[2026-09-07T20:02:23.872+0000] {processor.py:914} INFO - Processing file /opt/airflow/dags/02_xcom_dag.py for tasks to queue
[2026-09-07T20:02:23.873+0000] {logging_mixin.py:190} INFO - [2026-09-07T20:02:23.873+0000] {dagbag.py:588} INFO - Filling up the DagBag from /opt/airflow/dags/02_xcom_dag.py
[2026-09-07T20:02:23.885+0000] {processor.py:925} INFO - DAG(s) 'xcom_dag' retrieved from /opt/airflow/dags/02_xcom_dag.py
[2026-09-07T20:02:23.905+0000] {logging_mixin.py:190} INFO - [2026-09-07T20:02:23.905+0000] {dag.py:3239} INFO - Sync 1 DAGs
[2026-09-07T20:02:23.916+0000] {logging_mixin.py:190} INFO - [2026-09-07T20:02:23.916+0000] {dag.py:4180} INFO - Setting next_dagrun for xcom_dag to None, run_after=None
[2026-09-07T20:02:23.932+0000] {processor.py:208} INFO - Processing /opt/airflow/dags/02_xcom_dag.py took 0.067 seconds
[2026-09-07T20:02:54.456+0000] {processor.py:186} INFO - Started process (PID=410) to work on /opt/airflow/dags/02_xcom_dag.py
[2026-09-07T20:02:54.457+0000] {processor.py:914} INFO - Processing file /opt/airflow/dags/02_xcom_dag.py for tasks to queue
[2026-09-07T20:02:54.458+0000] {logging_mixin.py:190} INFO - [2026-09-07T20:02:54.458+0000] {dagbag.py:588} INFO - Filling up the DagBag from /opt/airflow/dags/02_xcom_dag.py
[2026-09-07T20:02:54.478+0000] {processor.py:925} INFO - DAG(s) 'xcom_dag' retrieved from /opt/airflow/dags/02_xcom_dag.py
[2026-09-07T20:02:54.512+0000] {logging_mixin.py:190} INFO - [2026-09-07T20:02:54.511+0000] {dag.py:3239} INFO - Sync 1 DAGs
[2026-09-07T20:02:54.531+0000] {logging_mixin.py:190} INFO - [2026-09-07T20:02:54.531+0000] {dag.py:4180} INFO - Setting next_dagrun for xcom_dag to None, run_after=None
[2026-09-07T20:02:54.553+0000] {processor.py:208} INFO - Processing /opt/airflow/dags/02_xcom_dag.py took 0.103 seconds
[2026-09-07T20:03:25.048+0000] {processor.py:186} INFO - Started process (PID=424) to work on /opt/airflow/dags/02_xcom_dag.py
[2026-09-07T20:03:25.049+0000] {processor.py:914} INFO - Processing file /opt/airflow/dags/02_xcom_dag.py for tasks to queue
[2026-09-07T20:03:25.050+0000] {logging_mixin.py:190} INFO - [2026-09-07T20:03:25.050+0000] {dagbag.py:588} INFO - Filling up the DagBag from /opt/airflow/dags/02_xcom_dag.py
[2026-09-07T20:03:25.065+0000] {processor.py:925} INFO - DAG(s) 'xcom_dag' retrieved from /opt/airflow/dags/02_xcom_dag.py
[2026-09-07T20:03:25.087+0000] {logging_mixin.py:190} INFO - [2026-09-07T20:03:25.087+0000] {dag.py:3239} INFO - Sync 1 DAGs
[2026-09-07T20:03:25.101+0000] {logging_mixin.py:190} INFO - [2026-09-07T20:03:25.101+0000] {dag.py:4180} INFO - Setting next_dagrun for xcom_dag to None, run_after=None
[2026-09-07T20:03:25.120+0000] {processor.py:208} INFO - Processing /opt/airflow/dags/02_xcom_dag.py took 0.078 seconds
[2026-09-07T20:03:55.675+0000] {processor.py:186} INFO - Started process (PID=438) to work on /opt/airflow/dags/02_xcom_dag.py
[2026-09-07T20:03:55.675+0000] {processor.py:914} INFO - Processing file /opt/airflow/dags/02_xcom_dag.py for tasks to queue
[2026-09-07T20:03:55.677+0000] {logging_mixin.py:190} INFO - [2026-09-07T20:03:55.676+0000] {dagbag.py:588} INFO - Filling up the DagBag from /opt/airflow/dags/02_xcom_dag.py
[2026-09-07T20:03:55.691+0000] {processor.py:925} INFO - DAG(s) 'xcom_dag' retrieved from /opt/airflow/dags/02_xcom_dag.py
[2026-09-07T20:03:55.713+0000] {logging_mixin.py:190} INFO - [2026-09-07T20:03:55.713+0000] {dag.py:3239} INFO - Sync 1 DAGs
[2026-09-07T20:03:55.727+0000] {logging_mixin.py:190} INFO - [2026-09-07T20:03:55.727+0000] {dag.py:4180} INFO - Setting next_dagrun for xcom_dag to None, run_after=None
[2026-09-07T20:03:55.746+0000] {processor.py:208} INFO - Processing /opt/airflow/dags/02_xcom_dag.py took 0.077 seconds
[2026-09-07T20:04:26.241+0000] {processor.py:186} INFO - Started process (PID=452) to work on /opt/airflow/dags/02_xcom_dag.py
[2026-09-07T20:04:26.241+0000] {processor.py:914} INFO - Processing file /opt/airflow/dags/02_xcom_dag.py for tasks to queue
[2026-09-07T20:04:26.243+0000] {logging_mixin.py:190} INFO - [2026-09-07T20:04:26.242+0000] {dagbag.py:588} INFO - Filling up the DagBag from /opt/airflow/dags/02_xcom_dag.py
[2026-09-07T20:04:26.257+0000] {processor.py:925} INFO - DAG(s) 'xcom_dag' retrieved from /opt/airflow/dags/02_xcom_dag.py
[2026-09-07T20:04:26.283+0000] {logging_mixin.py:190} INFO - [2026-09-07T20:04:26.283+0000] {dag.py:3239} INFO - Sync 1 DAGs
[2026-09-07T20:04:26.296+0000] {logging_mixin.py:190} INFO - [2026-09-07T20:04:26.296+0000] {dag.py:4180} INFO - Setting next_dagrun for xcom_dag to None, run_after=None
[2026-09-07T20:04:26.315+0000] {processor.py:208} INFO - Processing /opt/airflow/dags/02_xcom_dag.py took 0.080 seconds
[2026-09-07T20:11:58.714+0000] {processor.py:186} INFO - Started process (PID=99) to work on /opt/airflow/dags/02_xcom_dag.py
[2026-09-07T20:11:58.715+0000] {processor.py:914} INFO - Processing file /opt/airflow/dags/02_xcom_dag.py for tasks to queue
[2026-09-07T20:11:58.716+0000] {logging_mixin.py:190} INFO - [2026-09-07T20:11:58.716+0000] {dagbag.py:588} INFO - Filling up the DagBag from /opt/airflow/dags/02_xcom_dag.py
[2026-09-07T20:11:58.738+0000] {processor.py:925} INFO - DAG(s) 'xcom_dag' retrieved from /opt/airflow/dags/02_xcom_dag.py
[2026-09-07T20:11:58.772+0000] {logging_mixin.py:190} INFO - [2026-09-07T20:11:58.772+0000] {dag.py:3239} INFO - Sync 1 DAGs
[2026-09-07T20:11:58.800+0000] {logging_mixin.py:190} INFO - [2026-09-07T20:11:58.799+0000] {dag.py:4180} INFO - Setting next_dagrun for xcom_dag to None, run_after=None
[2026-09-07T20:11:58.829+0000] {processor.py:208} INFO - Processing /opt/airflow/dags/02_xcom_dag.py took 0.120 seconds
[2026-09-07T20:12:28.957+0000] {processor.py:186} INFO - Started process (PID=113) to work on /opt/airflow/dags/02_xcom_dag.py
[2026-09-07T20:12:28.957+0000] {processor.py:914} INFO - Processing file /opt/airflow/dags/02_xcom_dag.py for tasks to queue
[2026-09-07T20:12:28.959+0000] {logging_mixin.py:190} INFO - [2026-09-07T20:12:28.959+0000] {dagbag.py:588} INFO - Filling up the DagBag from /opt/airflow/dags/02_xcom_dag.py
[2026-09-07T20:12:28.983+0000] {processor.py:925} INFO - DAG(s) 'xcom_dag' retrieved from /opt/airflow/dags/02_xcom_dag.py
[2026-09-07T20:12:29.033+0000] {logging_mixin.py:190} INFO - [2026-09-07T20:12:29.033+0000] {dag.py:3239} INFO - Sync 1 DAGs
[2026-09-07T20:12:29.054+0000] {logging_mixin.py:190} INFO - [2026-09-07T20:12:29.053+0000] {dag.py:4180} INFO - Setting next_dagrun for xcom_dag to None, run_after=None
[2026-09-07T20:12:29.083+0000] {processor.py:208} INFO - Processing /opt/airflow/dags/02_xcom_dag.py took 0.131 seconds
[2026-09-07T20:12:59.690+0000] {processor.py:186} INFO - Started process (PID=127) to work on /opt/airflow/dags/02_xcom_dag.py
[2026-09-07T20:12:59.691+0000] {processor.py:914} INFO - Processing file /opt/airflow/dags/02_xcom_dag.py for tasks to queue
[2026-09-07T20:12:59.692+0000] {logging_mixin.py:190} INFO - [2026-09-07T20:12:59.692+0000] {dagbag.py:588} INFO - Filling up the DagBag from /opt/airflow/dags/02_xcom_dag.py
[2026-09-07T20:12:59.708+0000] {processor.py:925} INFO - DAG(s) 'xcom_dag' retrieved from /opt/airflow/dags/02_xcom_dag.py
[2026-09-07T20:12:59.729+0000] {logging_mixin.py:190} INFO - [2026-09-07T20:12:59.729+0000] {dag.py:3239} INFO - Sync 1 DAGs
[2026-09-07T20:12:59.740+0000] {logging_mixin.py:190} INFO - [2026-09-07T20:12:59.740+0000] {dag.py:4180} INFO - Setting next_dagrun for xcom_dag to None, run_after=None
[2026-09-07T20:12:59.758+0000] {processor.py:208} INFO - Processing /opt/airflow/dags/02_xcom_dag.py took 0.073 seconds
[2026-09-07T20:13:30.367+0000] {processor.py:186} INFO - Started process (PID=141) to work on /opt/airflow/dags/02_xcom_dag.py
[2026-09-07T20:13:30.367+0000] {processor.py:914} INFO - Processing file /opt/airflow/dags/02_xcom_dag.py for tasks to queue
[2026-09-07T20:13:30.369+0000] {logging_mixin.py:190} INFO - [2026-09-07T20:13:30.369+0000] {dagbag.py:588} INFO - Filling up the DagBag from /opt/airflow/dags/02_xcom_dag.py
[2026-09-07T20:13:30.385+0000] {processor.py:925} INFO - DAG(s) 'xcom_dag' retrieved from /opt/airflow/dags/02_xcom_dag.py
[2026-09-07T20:13:30.412+0000] {logging_mixin.py:190} INFO - [2026-09-07T20:13:30.412+0000] {dag.py:3239} INFO - Sync 1 DAGs
[2026-09-07T20:13:30.429+0000] {logging_mixin.py:190} INFO - [2026-09-07T20:13:30.428+0000] {dag.py:4180} INFO - Setting next_dagrun for xcom_dag to None, run_after=None
[2026-09-07T20:13:30.449+0000] {processor.py:208} INFO - Processing /opt/airflow/dags/02_xcom_dag.py took 0.089 seconds
[2026-09-07T20:14:01.204+0000] {processor.py:186} INFO - Started process (PID=155) to work on /opt/airflow/dags/02_xcom_dag.py
[2026-09-07T20:14:01.205+0000] {processor.py:914} INFO - Processing file /opt/airflow/dags/02_xcom_dag.py for tasks to queue
[2026-09-07T20:14:01.208+0000] {logging_mixin.py:190} INFO - [2026-09-07T20:14:01.207+0000] {dagbag.py:588} INFO - Filling up the DagBag from /opt/airflow/dags/02_xcom_dag.py
[2026-09-07T20:14:01.223+0000] {processor.py:925} INFO - DAG(s) 'xcom_dag' retrieved from /opt/airflow/dags/02_xcom_dag.py
[2026-09-07T20:14:01.248+0000] {logging_mixin.py:190} INFO - [2026-09-07T20:14:01.248+0000] {dag.py:3239} INFO - Sync 1 DAGs
[2026-09-07T20:14:01.400+0000] {logging_mixin.py:190} INFO - [2026-09-07T20:14:01.399+0000] {dag.py:4180} INFO - Setting next_dagrun for xcom_dag to None, run_after=None
[2026-09-07T20:14:01.417+0000] {processor.py:208} INFO - Processing /opt/airflow/dags/02_xcom_dag.py took 0.219 seconds
[2026-09-07T20:14:31.486+0000] {processor.py:186} INFO - Started process (PID=169) to work on /opt/airflow/dags/02_xcom_dag.py
[2026-09-07T20:14:31.486+0000] {processor.py:914} INFO - Processing file /opt/airflow/dags/02_xcom_dag.py for tasks to queue
[2026-09-07T20:14:31.487+0000] {logging_mixin.py:190} INFO - [2026-09-07T20:14:31.487+0000] {dagbag.py:588} INFO - Filling up the DagBag from /opt/airflow/dags/02_xcom_dag.py
[2026-09-07T20:14:31.501+0000] {processor.py:925} INFO - DAG(s) 'xcom_dag' retrieved from /opt/airflow/dags/02_xcom_dag.py
[2026-09-07T20:14:31.525+0000] {logging_mixin.py:190} INFO - [2026-09-07T20:14:31.524+0000] {dag.py:3239} INFO - Sync 1 DAGs
[2026-09-07T20:14:31.542+0000] {logging_mixin.py:190} INFO - [2026-09-07T20:14:31.542+0000] {dag.py:4180} INFO - Setting next_dagrun for xcom_dag to None, run_after=None
[2026-09-07T20:14:31.564+0000] {processor.py:208} INFO - Processing /opt/airflow/dags/02_xcom_dag.py took 0.085 seconds
[2026-09-07T20:15:02.213+0000] {processor.py:186} INFO - Started process (PID=183) to work on /opt/airflow/dags/02_xcom_dag.py
[2026-09-07T20:15:02.213+0000] {processor.py:914} INFO - Processing file /opt/airflow/dags/02_xcom_dag.py for tasks to queue
[2026-09-07T20:15:02.215+0000] {logging_mixin.py:190} INFO - [2026-09-07T20:15:02.214+0000] {dagbag.py:588} INFO - Filling up the DagBag from /opt/airflow/dags/02_xcom_dag.py
[2026-09-07T20:15:02.232+0000] {processor.py:925} INFO - DAG(s) 'xcom_dag' retrieved from /opt/airflow/dags/02_xcom_dag.py
[2026-09-07T20:15:02.257+0000] {logging_mixin.py:190} INFO - [2026-09-07T20:15:02.257+0000] {dag.py:3239} INFO - Sync 1 DAGs
[2026-09-07T20:15:02.272+0000] {logging_mixin.py:190} INFO - [2026-09-07T20:15:02.272+0000] {dag.py:4180} INFO - Setting next_dagrun for xcom_dag to None, run_after=None
[2026-09-07T20:15:02.291+0000] {processor.py:208} INFO - Processing /opt/airflow/dags/02_xcom_dag.py took 0.085 seconds
[2026-09-07T20:15:32.867+0000] {processor.py:186} INFO - Started process (PID=197) to work on /opt/airflow/dags/02_xcom_dag.py
[2026-09-07T20:15:32.867+0000] {processor.py:914} INFO - Processing file /opt/airflow/dags/02_xcom_dag.py for tasks to queue
[2026-09-07T20:15:32.869+0000] {logging_mixin.py:190} INFO - [2026-09-07T20:15:32.868+0000] {dagbag.py:588} INFO - Filling up the DagBag from /opt/airflow/dags/02_xcom_dag.py
[2026-09-07T20:15:32.886+0000] {processor.py:925} INFO - DAG(s) 'xcom_dag' retrieved from /opt/airflow/dags/02_xcom_dag.py
[2026-09-07T20:15:32.910+0000] {logging_mixin.py:190} INFO - [2026-09-07T20:15:32.910+0000] {dag.py:3239} INFO - Sync 1 DAGs
[2026-09-07T20:15:32.924+0000] {logging_mixin.py:190} INFO - [2026-09-07T20:15:32.924+0000] {dag.py:4180} INFO - Setting next_dagrun for xcom_dag to None, run_after=None
[2026-09-07T20:15:32.942+0000] {processor.py:208} INFO - Processing /opt/airflow/dags/02_xcom_dag.py took 0.080 seconds
[2026-09-07T20:16:03.461+0000] {processor.py:186} INFO - Started process (PID=211) to work on /opt/airflow/dags/02_xcom_dag.py
[2026-09-07T20:16:03.461+0000] {processor.py:914} INFO - Processing file /opt/airflow/dags/02_xcom_dag.py for tasks to queue
[2026-09-07T20:16:03.462+0000] {logging_mixin.py:190} INFO - [2026-09-07T20:16:03.462+0000] {dagbag.py:588} INFO - Filling up the DagBag from /opt/airflow/dags/02_xcom_dag.py
[2026-09-07T20:16:03.477+0000] {processor.py:925} INFO - DAG(s) 'xcom_dag' retrieved from /opt/airflow/dags/02_xcom_dag.py
[2026-09-07T20:16:03.501+0000] {logging_mixin.py:190} INFO - [2026-09-07T20:16:03.501+0000] {dag.py:3239} INFO - Sync 1 DAGs
[2026-09-07T20:16:03.516+0000] {logging_mixin.py:190} INFO - [2026-09-07T20:16:03.516+0000] {dag.py:4180} INFO - Setting next_dagrun for xcom_dag to None, run_after=None
[2026-09-07T20:16:03.532+0000] {processor.py:208} INFO - Processing /opt/airflow/dags/02_xcom_dag.py took 0.076 seconds
[2026-09-07T20:16:33.979+0000] {processor.py:186} INFO - Started process (PID=225) to work on /opt/airflow/dags/02_xcom_dag.py
[2026-09-07T20:16:33.980+0000] {processor.py:914} INFO - Processing file /opt/airflow/dags/02_xcom_dag.py for tasks to queue
[2026-09-07T20:16:33.981+0000] {logging_mixin.py:190} INFO - [2026-09-07T20:16:33.981+0000] {dagbag.py:588} INFO - Filling up the DagBag from /opt/airflow/dags/02_xcom_dag.py
[2026-09-07T20:16:33.995+0000] {processor.py:925} INFO - DAG(s) 'xcom_dag' retrieved from /opt/airflow/dags/02_xcom_dag.py
[2026-09-07T20:16:34.015+0000] {logging_mixin.py:190} INFO - [2026-09-07T20:16:34.015+0000] {dag.py:3239} INFO - Sync 1 DAGs
[2026-09-07T20:16:34.028+0000] {logging_mixin.py:190} INFO - [2026-09-07T20:16:34.027+0000] {dag.py:4180} INFO - Setting next_dagrun for xcom_dag to None, run_after=None
[2026-09-07T20:16:34.046+0000] {processor.py:208} INFO - Processing /opt/airflow/dags/02_xcom_dag.py took 0.074 seconds
[2026-09-07T20:17:04.465+0000] {processor.py:186} INFO - Started process (PID=239) to work on /opt/airflow/dags/02_xcom_dag.py
[2026-09-07T20:17:04.466+0000] {processor.py:914} INFO - Processing file /opt/airflow/dags/02_xcom_dag.py for tasks to queue
[2026-09-07T20:17:04.468+0000] {logging_mixin.py:190} INFO - [2026-09-07T20:17:04.468+0000] {dagbag.py:588} INFO - Filling up the DagBag from /opt/airflow/dags/02_xcom_dag.py
[2026-09-07T20:17:04.488+0000] {processor.py:925} INFO - DAG(s) 'xcom_dag' retrieved from /opt/airflow/dags/02_xcom_dag.py
[2026-09-07T20:17:04.510+0000] {logging_mixin.py:190} INFO - [2026-09-07T20:17:04.509+0000] {dag.py:3239} INFO - Sync 1 DAGs
[2026-09-07T20:17:04.522+0000] {logging_mixin.py:190} INFO - [2026-09-07T20:17:04.522+0000] {dag.py:4180} INFO - Setting next_dagrun for xcom_dag to None, run_after=None
[2026-09-07T20:17:04.542+0000] {processor.py:208} INFO - Processing /opt/airflow/dags/02_xcom_dag.py took 0.088 seconds
[2026-09-07T20:17:35.008+0000] {processor.py:186} INFO - Started process (PID=253) to work on /opt/airflow/dags/02_xcom_dag.py
[2026-09-07T20:17:35.008+0000] {processor.py:914} INFO - Processing file /opt/airflow/dags/02_xcom_dag.py for tasks to queue
[2026-09-07T20:17:35.010+0000] {logging_mixin.py:190} INFO - [2026-09-07T20:17:35.009+0000] {dagbag.py:588} INFO - Filling up the DagBag from /opt/airflow/dags/02_xcom_dag.py
[2026-09-07T20:17:35.029+0000] {processor.py:925} INFO - DAG(s) 'xcom_dag' retrieved from /opt/airflow/dags/02_xcom_dag.py
[2026-09-07T20:17:35.054+0000] {logging_mixin.py:190} INFO - [2026-09-07T20:17:35.053+0000] {dag.py:3239} INFO - Sync 1 DAGs
[2026-09-07T20:17:35.069+0000] {logging_mixin.py:190} INFO - [2026-09-07T20:17:35.069+0000] {dag.py:4180} INFO - Setting next_dagrun for xcom_dag to None, run_after=None
[2026-09-07T20:17:35.094+0000] {processor.py:208} INFO - Processing /opt/airflow/dags/02_xcom_dag.py took 0.095 seconds
[2026-09-07T20:18:05.710+0000] {processor.py:186} INFO - Started process (PID=267) to work on /opt/airflow/dags/02_xcom_dag.py
[2026-09-07T20:18:05.711+0000] {processor.py:914} INFO - Processing file /opt/airflow/dags/02_xcom_dag.py for tasks to queue
[2026-09-07T20:18:05.712+0000] {logging_mixin.py:190} INFO - [2026-09-07T20:18:05.712+0000] {dagbag.py:588} INFO - Filling up the DagBag from /opt/airflow/dags/02_xcom_dag.py
[2026-09-07T20:18:05.725+0000] {processor.py:925} INFO - DAG(s) 'xcom_dag' retrieved from /opt/airflow/dags/02_xcom_dag.py
[2026-09-07T20:18:05.747+0000] {logging_mixin.py:190} INFO - [2026-09-07T20:18:05.747+0000] {dag.py:3239} INFO - Sync 1 DAGs
[2026-09-07T20:18:05.761+0000] {logging_mixin.py:190} INFO - [2026-09-07T20:18:05.761+0000] {dag.py:4180} INFO - Setting next_dagrun for xcom_dag to None, run_after=None
[2026-09-07T20:18:05.790+0000] {processor.py:208} INFO - Processing /opt/airflow/dags/02_xcom_dag.py took 0.086 seconds
[2026-09-07T20:18:36.405+0000] {processor.py:186} INFO - Started process (PID=281) to work on /opt/airflow/dags/02_xcom_dag.py
[2026-09-07T20:18:36.406+0000] {processor.py:914} INFO - Processing file /opt/airflow/dags/02_xcom_dag.py for tasks to queue
[2026-09-07T20:18:36.408+0000] {logging_mixin.py:190} INFO - [2026-09-07T20:18:36.407+0000] {dagbag.py:588} INFO - Filling up the DagBag from /opt/airflow/dags/02_xcom_dag.py
[2026-09-07T20:18:36.424+0000] {processor.py:925} INFO - DAG(s) 'xcom_dag' retrieved from /opt/airflow/dags/02_xcom_dag.py
[2026-09-07T20:18:36.449+0000] {logging_mixin.py:190} INFO - [2026-09-07T20:18:36.449+0000] {dag.py:3239} INFO - Sync 1 DAGs
[2026-09-07T20:18:36.465+0000] {logging_mixin.py:190} INFO - [2026-09-07T20:18:36.465+0000] {dag.py:4180} INFO - Setting next_dagrun for xcom_dag to None, run_after=None
[2026-09-07T20:18:36.488+0000] {processor.py:208} INFO - Processing /opt/airflow/dags/02_xcom_dag.py took 0.089 seconds
[2026-09-07T20:19:07.050+0000] {processor.py:186} INFO - Started process (PID=295) to work on /opt/airflow/dags/02_xcom_dag.py
[2026-09-07T20:19:07.051+0000] {processor.py:914} INFO - Processing file /opt/airflow/dags/02_xcom_dag.py for tasks to queue
[2026-09-07T20:19:07.052+0000] {logging_mixin.py:190} INFO - [2026-09-07T20:19:07.052+0000] {dagbag.py:588} INFO - Filling up the DagBag from /opt/airflow/dags/02_xcom_dag.py
[2026-09-07T20:19:07.065+0000] {processor.py:925} INFO - DAG(s) 'xcom_dag' retrieved from /opt/airflow/dags/02_xcom_dag.py
[2026-09-07T20:19:07.090+0000] {logging_mixin.py:190} INFO - [2026-09-07T20:19:07.090+0000] {dag.py:3239} INFO - Sync 1 DAGs
[2026-09-07T20:19:07.104+0000] {logging_mixin.py:190} INFO - [2026-09-07T20:19:07.104+0000] {dag.py:4180} INFO - Setting next_dagrun for xcom_dag to None, run_after=None
[2026-09-07T20:19:07.124+0000] {processor.py:208} INFO - Processing /opt/airflow/dags/02_xcom_dag.py took 0.079 seconds
[2026-09-07T20:19:37.701+0000] {processor.py:186} INFO - Started process (PID=309) to work on /opt/airflow/dags/02_xcom_dag.py
[2026-09-07T20:19:37.702+0000] {processor.py:914} INFO - Processing file /opt/airflow/dags/02_xcom_dag.py for tasks to queue
[2026-09-07T20:19:37.703+0000] {logging_mixin.py:190} INFO - [2026-09-07T20:19:37.702+0000] {dagbag.py:588} INFO - Filling up the DagBag from /opt/airflow/dags/02_xcom_dag.py
[2026-09-07T20:19:37.716+0000] {processor.py:925} INFO - DAG(s) 'xcom_dag' retrieved from /opt/airflow/dags/02_xcom_dag.py
[2026-09-07T20:19:37.747+0000] {logging_mixin.py:190} INFO - [2026-09-07T20:19:37.746+0000] {dag.py:3239} INFO - Sync 1 DAGs
[2026-09-07T20:19:37.762+0000] {logging_mixin.py:190} INFO - [2026-09-07T20:19:37.762+0000] {dag.py:4180} INFO - Setting next_dagrun for xcom_dag to None, run_after=None
[2026-09-07T20:19:37.780+0000] {processor.py:208} INFO - Processing /opt/airflow/dags/02_xcom_dag.py took 0.084 seconds
[2026-09-07T20:20:08.357+0000] {processor.py:186} INFO - Started process (PID=323) to work on /opt/airflow/dags/02_xcom_dag.py
[2026-09-07T20:20:08.357+0000] {processor.py:914} INFO - Processing file /opt/airflow/dags/02_xcom_dag.py for tasks to queue
[2026-09-07T20:20:08.359+0000] {logging_mixin.py:190} INFO - [2026-09-07T20:20:08.358+0000] {dagbag.py:588} INFO - Filling up the DagBag from /opt/airflow/dags/02_xcom_dag.py
[2026-09-07T20:20:08.377+0000] {processor.py:925} INFO - DAG(s) 'xcom_dag' retrieved from /opt/airflow/dags/02_xcom_dag.py
[2026-09-07T20:20:08.408+0000] {logging_mixin.py:190} INFO - [2026-09-07T20:20:08.408+0000] {dag.py:3239} INFO - Sync 1 DAGs
[2026-09-07T20:20:08.422+0000] {logging_mixin.py:190} INFO - [2026-09-07T20:20:08.422+0000] {dag.py:4180} INFO - Setting next_dagrun for xcom_dag to None, run_after=None
[2026-09-07T20:20:08.442+0000] {processor.py:208} INFO - Processing /opt/airflow/dags/02_xcom_dag.py took 0.091 seconds
[2026-09-07T20:20:38.908+0000] {processor.py:186} INFO - Started process (PID=336) to work on /opt/airflow/dags/02_xcom_dag.py
[2026-09-07T20:20:38.909+0000] {processor.py:914} INFO - Processing file /opt/airflow/dags/02_xcom_dag.py for tasks to queue
[2026-09-07T20:20:38.910+0000] {logging_mixin.py:190} INFO - [2026-09-07T20:20:38.910+0000] {dagbag.py:588} INFO - Filling up the DagBag from /opt/airflow/dags/02_xcom_dag.py
[2026-09-07T20:20:38.927+0000] {processor.py:925} INFO - DAG(s) 'xcom_dag' retrieved from /opt/airflow/dags/02_xcom_dag.py
[2026-09-07T20:20:38.953+0000] {logging_mixin.py:190} INFO - [2026-09-07T20:20:38.953+0000] {dag.py:3239} INFO - Sync 1 DAGs
[2026-09-07T20:20:38.967+0000] {logging_mixin.py:190} INFO - [2026-09-07T20:20:38.967+0000] {dag.py:4180} INFO - Setting next_dagrun for xcom_dag to None, run_after=None
[2026-09-07T20:20:38.984+0000] {processor.py:208} INFO - Processing /opt/airflow/dags/02_xcom_dag.py took 0.082 seconds
[2026-09-07T20:21:09.476+0000] {processor.py:186} INFO - Started process (PID=351) to work on /opt/airflow/dags/02_xcom_dag.py
[2026-09-07T20:21:09.477+0000] {processor.py:914} INFO - Processing file /opt/airflow/dags/02_xcom_dag.py for tasks to queue
[2026-09-07T20:21:09.478+0000] {logging_mixin.py:190} INFO - [2026-09-07T20:21:09.478+0000] {dagbag.py:588} INFO - Filling up the DagBag from /opt/airflow/dags/02_xcom_dag.py
[2026-09-07T20:21:09.507+0000] {processor.py:925} INFO - DAG(s) 'xcom_dag' retrieved from /opt/airflow/dags/02_xcom_dag.py
[2026-09-07T20:21:09.560+0000] {logging_mixin.py:190} INFO - [2026-09-07T20:21:09.560+0000] {dag.py:3239} INFO - Sync 1 DAGs
[2026-09-07T20:21:09.573+0000] {logging_mixin.py:190} INFO - [2026-09-07T20:21:09.573+0000] {dag.py:4180} INFO - Setting next_dagrun for xcom_dag to None, run_after=None
[2026-09-07T20:21:09.596+0000] {processor.py:208} INFO - Processing /opt/airflow/dags/02_xcom_dag.py took 0.129 seconds
[2026-09-07T20:21:40.098+0000] {processor.py:186} INFO - Started process (PID=365) to work on /opt/airflow/dags/02_xcom_dag.py
[2026-09-07T20:21:40.099+0000] {processor.py:914} INFO - Processing file /opt/airflow/dags/02_xcom_dag.py for tasks to queue
[2026-09-07T20:21:40.100+0000] {logging_mixin.py:190} INFO - [2026-09-07T20:21:40.100+0000] {dagbag.py:588} INFO - Filling up the DagBag from /opt/airflow/dags/02_xcom_dag.py
[2026-09-07T20:21:40.113+0000] {processor.py:925} INFO - DAG(s) 'xcom_dag' retrieved from /opt/airflow/dags/02_xcom_dag.py
[2026-09-07T20:21:40.134+0000] {logging_mixin.py:190} INFO - [2026-09-07T20:21:40.134+0000] {dag.py:3239} INFO - Sync 1 DAGs
[2026-09-07T20:21:40.145+0000] {logging_mixin.py:190} INFO - [2026-09-07T20:21:40.144+0000] {dag.py:4180} INFO - Setting next_dagrun for xcom_dag to None, run_after=None
[2026-09-07T20:21:40.162+0000] {processor.py:208} INFO - Processing /opt/airflow/dags/02_xcom_dag.py took 0.069 seconds
[2026-09-07T20:22:10.671+0000] {processor.py:186} INFO - Started process (PID=379) to work on /opt/airflow/dags/02_xcom_dag.py
[2026-09-07T20:22:10.672+0000] {processor.py:914} INFO - Processing file /opt/airflow/dags/02_xcom_dag.py for tasks to queue
[2026-09-07T20:22:10.673+0000] {logging_mixin.py:190} INFO - [2026-09-07T20:22:10.673+0000] {dagbag.py:588} INFO - Filling up the DagBag from /opt/airflow/dags/02_xcom_dag.py
[2026-09-07T20:22:10.686+0000] {processor.py:925} INFO - DAG(s) 'xcom_dag' retrieved from /opt/airflow/dags/02_xcom_dag.py
[2026-09-07T20:22:10.706+0000] {logging_mixin.py:190} INFO - [2026-09-07T20:22:10.706+0000] {dag.py:3239} INFO - Sync 1 DAGs
[2026-09-07T20:22:10.717+0000] {logging_mixin.py:190} INFO - [2026-09-07T20:22:10.717+0000] {dag.py:4180} INFO - Setting next_dagrun for xcom_dag to None, run_after=None
[2026-09-07T20:22:10.737+0000] {processor.py:208} INFO - Processing /opt/airflow/dags/02_xcom_dag.py took 0.072 seconds
[2026-09-07T20:22:41.234+0000] {processor.py:186} INFO - Started process (PID=393) to work on /opt/airflow/dags/02_xcom_dag.py
[2026-09-07T20:22:41.234+0000] {processor.py:914} INFO - Processing file /opt/airflow/dags/02_xcom_dag.py for tasks to queue
[2026-09-07T20:22:41.235+0000] {logging_mixin.py:190} INFO - [2026-09-07T20:22:41.235+0000] {dagbag.py:588} INFO - Filling up the DagBag from /opt/airflow/dags/02_xcom_dag.py
[2026-09-07T20:22:41.250+0000] {processor.py:925} INFO - DAG(s) 'xcom_dag' retrieved from /opt/airflow/dags/02_xcom_dag.py
[2026-09-07T20:22:41.277+0000] {logging_mixin.py:190} INFO - [2026-09-07T20:22:41.277+0000] {dag.py:3239} INFO - Sync 1 DAGs
[2026-09-07T20:22:41.293+0000] {logging_mixin.py:190} INFO - [2026-09-07T20:22:41.292+0000] {dag.py:4180} INFO - Setting next_dagrun for xcom_dag to None, run_after=None
[2026-09-07T20:22:41.314+0000] {processor.py:208} INFO - Processing /opt/airflow/dags/02_xcom_dag.py took 0.085 seconds
[2026-09-07T20:23:11.819+0000] {processor.py:186} INFO - Started process (PID=407) to work on /opt/airflow/dags/02_xcom_dag.py
[2026-09-07T20:23:11.820+0000] {processor.py:914} INFO - Processing file /opt/airflow/dags/02_xcom_dag.py for tasks to queue
[2026-09-07T20:23:11.821+0000] {logging_mixin.py:190} INFO - [2026-09-07T20:23:11.821+0000] {dagbag.py:588} INFO - Filling up the DagBag from /opt/airflow/dags/02_xcom_dag.py
[2026-09-07T20:23:11.842+0000] {processor.py:925} INFO - DAG(s) 'xcom_dag' retrieved from /opt/airflow/dags/02_xcom_dag.py
[2026-09-07T20:23:11.882+0000] {logging_mixin.py:190} INFO - [2026-09-07T20:23:11.882+0000] {dag.py:3239} INFO - Sync 1 DAGs
[2026-09-07T20:23:11.898+0000] {logging_mixin.py:190} INFO - [2026-09-07T20:23:11.898+0000] {dag.py:4180} INFO - Setting next_dagrun for xcom_dag to None, run_after=None
[2026-09-07T20:23:11.921+0000] {processor.py:208} INFO - Processing /opt/airflow/dags/02_xcom_dag.py took 0.107 seconds
[2026-09-07T20:23:42.489+0000] {processor.py:186} INFO - Started process (PID=421) to work on /opt/airflow/dags/02_xcom_dag.py
[2026-09-07T20:23:42.489+0000] {processor.py:914} INFO - Processing file /opt/airflow/dags/02_xcom_dag.py for tasks to queue
[2026-09-07T20:23:42.491+0000] {logging_mixin.py:190} INFO - [2026-09-07T20:23:42.491+0000] {dagbag.py:588} INFO - Filling up the DagBag from /opt/airflow/dags/02_xcom_dag.py
[2026-09-07T20:23:42.507+0000] {processor.py:925} INFO - DAG(s) 'xcom_dag' retrieved from /opt/airflow/dags/02_xcom_dag.py
[2026-09-07T20:23:42.534+0000] {logging_mixin.py:190} INFO - [2026-09-07T20:23:42.534+0000] {dag.py:3239} INFO - Sync 1 DAGs
[2026-09-07T20:23:42.549+0000] {logging_mixin.py:190} INFO - [2026-09-07T20:23:42.549+0000] {dag.py:4180} INFO - Setting next_dagrun for xcom_dag to None, run_after=None
[2026-09-07T20:23:42.568+0000] {processor.py:208} INFO - Processing /opt/airflow/dags/02_xcom_dag.py took 0.086 seconds
[2026-09-07T20:24:13.113+0000] {processor.py:186} INFO - Started process (PID=435) to work on /opt/airflow/dags/02_xcom_dag.py
[2026-09-07T20:24:13.113+0000] {processor.py:914} INFO - Processing file /opt/airflow/dags/02_xcom_dag.py for tasks to queue
[2026-09-07T20:24:13.115+0000] {logging_mixin.py:190} INFO - [2026-09-07T20:24:13.114+0000] {dagbag.py:588} INFO - Filling up the DagBag from /opt/airflow/dags/02_xcom_dag.py
[2026-09-07T20:24:13.129+0000] {processor.py:925} INFO - DAG(s) 'xcom_dag' retrieved from /opt/airflow/dags/02_xcom_dag.py
[2026-09-07T20:24:13.150+0000] {logging_mixin.py:190} INFO - [2026-09-07T20:24:13.150+0000] {dag.py:3239} INFO - Sync 1 DAGs
[2026-09-07T20:24:13.162+0000] {logging_mixin.py:190} INFO - [2026-09-07T20:24:13.162+0000] {dag.py:4180} INFO - Setting next_dagrun for xcom_dag to None, run_after=None
[2026-09-07T20:24:13.181+0000] {processor.py:208} INFO - Processing /opt/airflow/dags/02_xcom_dag.py took 0.074 seconds
[2026-09-07T20:24:43.730+0000] {processor.py:186} INFO - Started process (PID=449) to work on /opt/airflow/dags/02_xcom_dag.py
[2026-09-07T20:24:43.730+0000] {processor.py:914} INFO - Processing file /opt/airflow/dags/02_xcom_dag.py for tasks to queue
[2026-09-07T20:24:43.732+0000] {logging_mixin.py:190} INFO - [2026-09-07T20:24:43.731+0000] {dagbag.py:588} INFO - Filling up the DagBag from /opt/airflow/dags/02_xcom_dag.py
[2026-09-07T20:24:43.748+0000] {processor.py:925} INFO - DAG(s) 'xcom_dag' retrieved from /opt/airflow/dags/02_xcom_dag.py
[2026-09-07T20:24:43.770+0000] {logging_mixin.py:190} INFO - [2026-09-07T20:24:43.770+0000] {dag.py:3239} INFO - Sync 1 DAGs
[2026-09-07T20:24:43.785+0000] {logging_mixin.py:190} INFO - [2026-09-07T20:24:43.785+0000] {dag.py:4180} INFO - Setting next_dagrun for xcom_dag to None, run_after=None
[2026-09-07T20:24:43.801+0000] {processor.py:208} INFO - Processing /opt/airflow/dags/02_xcom_dag.py took 0.076 seconds
[2026-09-07T20:25:14.315+0000] {processor.py:186} INFO - Started process (PID=463) to work on /opt/airflow/dags/02_xcom_dag.py
[2026-09-07T20:25:14.316+0000] {processor.py:914} INFO - Processing file /opt/airflow/dags/02_xcom_dag.py for tasks to queue
[2026-09-07T20:25:14.317+0000] {logging_mixin.py:190} INFO - [2026-09-07T20:25:14.317+0000] {dagbag.py:588} INFO - Filling up the DagBag from /opt/airflow/dags/02_xcom_dag.py
[2026-09-07T20:25:14.332+0000] {processor.py:925} INFO - DAG(s) 'xcom_dag' retrieved from /opt/airflow/dags/02_xcom_dag.py
[2026-09-07T20:25:14.353+0000] {logging_mixin.py:190} INFO - [2026-09-07T20:25:14.353+0000] {dag.py:3239} INFO - Sync 1 DAGs
[2026-09-07T20:25:14.365+0000] {logging_mixin.py:190} INFO - [2026-09-07T20:25:14.365+0000] {dag.py:4180} INFO - Setting next_dagrun for xcom_dag to None, run_after=None
[2026-09-07T20:25:14.385+0000] {processor.py:208} INFO - Processing /opt/airflow/dags/02_xcom_dag.py took 0.075 seconds
[2026-09-07T20:25:45.007+0000] {processor.py:186} INFO - Started process (PID=477) to work on /opt/airflow/dags/02_xcom_dag.py
[2026-09-07T20:25:45.008+0000] {processor.py:914} INFO - Processing file /opt/airflow/dags/02_xcom_dag.py for tasks to queue
[2026-09-07T20:25:45.009+0000] {logging_mixin.py:190} INFO - [2026-09-07T20:25:45.009+0000] {dagbag.py:588} INFO - Filling up the DagBag from /opt/airflow/dags/02_xcom_dag.py
[2026-09-07T20:25:45.025+0000] {processor.py:925} INFO - DAG(s) 'xcom_dag' retrieved from /opt/airflow/dags/02_xcom_dag.py
[2026-09-07T20:25:45.048+0000] {logging_mixin.py:190} INFO - [2026-09-07T20:25:45.048+0000] {dag.py:3239} INFO - Sync 1 DAGs
[2026-09-07T20:25:45.060+0000] {logging_mixin.py:190} INFO - [2026-09-07T20:25:45.060+0000] {dag.py:4180} INFO - Setting next_dagrun for xcom_dag to None, run_after=None
[2026-09-07T20:25:45.077+0000] {processor.py:208} INFO - Processing /opt/airflow/dags/02_xcom_dag.py took 0.076 seconds
[2026-09-07T20:26:15.658+0000] {processor.py:186} INFO - Started process (PID=491) to work on /opt/airflow/dags/02_xcom_dag.py
[2026-09-07T20:26:15.658+0000] {processor.py:914} INFO - Processing file /opt/airflow/dags/02_xcom_dag.py for tasks to queue
[2026-09-07T20:26:15.659+0000] {logging_mixin.py:190} INFO - [2026-09-07T20:26:15.659+0000] {dagbag.py:588} INFO - Filling up the DagBag from /opt/airflow/dags/02_xcom_dag.py
[2026-09-07T20:26:15.676+0000] {processor.py:925} INFO - DAG(s) 'xcom_dag' retrieved from /opt/airflow/dags/02_xcom_dag.py
[2026-09-07T20:26:15.705+0000] {logging_mixin.py:190} INFO - [2026-09-07T20:26:15.705+0000] {dag.py:3239} INFO - Sync 1 DAGs
[2026-09-07T20:26:15.720+0000] {logging_mixin.py:190} INFO - [2026-09-07T20:26:15.720+0000] {dag.py:4180} INFO - Setting next_dagrun for xcom_dag to None, run_after=None
[2026-09-07T20:26:15.739+0000] {processor.py:208} INFO - Processing /opt/airflow/dags/02_xcom_dag.py took 0.087 seconds
[2026-09-07T20:26:46.320+0000] {processor.py:186} INFO - Started process (PID=505) to work on /opt/airflow/dags/02_xcom_dag.py
[2026-09-07T20:26:46.321+0000] {processor.py:914} INFO - Processing file /opt/airflow/dags/02_xcom_dag.py for tasks to queue
[2026-09-07T20:26:46.323+0000] {logging_mixin.py:190} INFO - [2026-09-07T20:26:46.322+0000] {dagbag.py:588} INFO - Filling up the DagBag from /opt/airflow/dags/02_xcom_dag.py
[2026-09-07T20:26:46.341+0000] {processor.py:925} INFO - DAG(s) 'xcom_dag' retrieved from /opt/airflow/dags/02_xcom_dag.py
[2026-09-07T20:26:46.365+0000] {logging_mixin.py:190} INFO - [2026-09-07T20:26:46.365+0000] {dag.py:3239} INFO - Sync 1 DAGs
[2026-09-07T20:26:46.380+0000] {logging_mixin.py:190} INFO - [2026-09-07T20:26:46.380+0000] {dag.py:4180} INFO - Setting next_dagrun for xcom_dag to None, run_after=None
[2026-09-07T20:26:46.398+0000] {processor.py:208} INFO - Processing /opt/airflow/dags/02_xcom_dag.py took 0.084 seconds
[2026-09-07T20:27:17.057+0000] {processor.py:186} INFO - Started process (PID=519) to work on /opt/airflow/dags/02_xcom_dag.py
[2026-09-07T20:27:17.057+0000] {processor.py:914} INFO - Processing file /opt/airflow/dags/02_xcom_dag.py for tasks to queue
[2026-09-07T20:27:17.059+0000] {logging_mixin.py:190} INFO - [2026-09-07T20:27:17.058+0000] {dagbag.py:588} INFO - Filling up the DagBag from /opt/airflow/dags/02_xcom_dag.py
[2026-09-07T20:27:17.072+0000] {processor.py:925} INFO - DAG(s) 'xcom_dag' retrieved from /opt/airflow/dags/02_xcom_dag.py
[2026-09-07T20:27:17.097+0000] {logging_mixin.py:190} INFO - [2026-09-07T20:27:17.097+0000] {dag.py:3239} INFO - Sync 1 DAGs
[2026-09-07T20:27:17.110+0000] {logging_mixin.py:190} INFO - [2026-09-07T20:27:17.109+0000] {dag.py:4180} INFO - Setting next_dagrun for xcom_dag to None, run_after=None
[2026-09-07T20:27:17.128+0000] {processor.py:208} INFO - Processing /opt/airflow/dags/02_xcom_dag.py took 0.076 seconds
[2026-09-07T20:27:47.618+0000] {processor.py:186} INFO - Started process (PID=533) to work on /opt/airflow/dags/02_xcom_dag.py
[2026-09-07T20:27:47.619+0000] {processor.py:914} INFO - Processing file /opt/airflow/dags/02_xcom_dag.py for tasks to queue
[2026-09-07T20:27:47.620+0000] {logging_mixin.py:190} INFO - [2026-09-07T20:27:47.620+0000] {dagbag.py:588} INFO - Filling up the DagBag from /opt/airflow/dags/02_xcom_dag.py
[2026-09-07T20:27:47.634+0000] {processor.py:925} INFO - DAG(s) 'xcom_dag' retrieved from /opt/airflow/dags/02_xcom_dag.py
[2026-09-07T20:27:47.655+0000] {logging_mixin.py:190} INFO - [2026-09-07T20:27:47.655+0000] {dag.py:3239} INFO - Sync 1 DAGs
[2026-09-07T20:27:47.668+0000] {logging_mixin.py:190} INFO - [2026-09-07T20:27:47.667+0000] {dag.py:4180} INFO - Setting next_dagrun for xcom_dag to None, run_after=None
[2026-09-07T20:27:47.685+0000] {processor.py:208} INFO - Processing /opt/airflow/dags/02_xcom_dag.py took 0.074 seconds
[2026-09-07T20:28:18.297+0000] {processor.py:186} INFO - Started process (PID=547) to work on /opt/airflow/dags/02_xcom_dag.py
[2026-09-07T20:28:18.297+0000] {processor.py:914} INFO - Processing file /opt/airflow/dags/02_xcom_dag.py for tasks to queue
[2026-09-07T20:28:18.298+0000] {logging_mixin.py:190} INFO - [2026-09-07T20:28:18.298+0000] {dagbag.py:588} INFO - Filling up the DagBag from /opt/airflow/dags/02_xcom_dag.py
[2026-09-07T20:28:18.312+0000] {processor.py:925} INFO - DAG(s) 'xcom_dag' retrieved from /opt/airflow/dags/02_xcom_dag.py
[2026-09-07T20:28:18.336+0000] {logging_mixin.py:190} INFO - [2026-09-07T20:28:18.335+0000] {dag.py:3239} INFO - Sync 1 DAGs
[2026-09-07T20:28:18.347+0000] {logging_mixin.py:190} INFO - [2026-09-07T20:28:18.347+0000] {dag.py:4180} INFO - Setting next_dagrun for xcom_dag to None, run_after=None
[2026-09-07T20:28:18.364+0000] {processor.py:208} INFO - Processing /opt/airflow/dags/02_xcom_dag.py took 0.074 seconds
[2026-09-07T20:28:48.948+0000] {processor.py:186} INFO - Started process (PID=561) to work on /opt/airflow/dags/02_xcom_dag.py
[2026-09-07T20:28:48.949+0000] {processor.py:914} INFO - Processing file /opt/airflow/dags/02_xcom_dag.py for tasks to queue
[2026-09-07T20:28:48.951+0000] {logging_mixin.py:190} INFO - [2026-09-07T20:28:48.950+0000] {dagbag.py:588} INFO - Filling up the DagBag from /opt/airflow/dags/02_xcom_dag.py
[2026-09-07T20:28:48.964+0000] {processor.py:925} INFO - DAG(s) 'xcom_dag' retrieved from /opt/airflow/dags/02_xcom_dag.py
[2026-09-07T20:28:48.989+0000] {logging_mixin.py:190} INFO - [2026-09-07T20:28:48.989+0000] {dag.py:3239} INFO - Sync 1 DAGs
[2026-09-07T20:28:49.002+0000] {logging_mixin.py:190} INFO - [2026-09-07T20:28:49.002+0000] {dag.py:4180} INFO - Setting next_dagrun for xcom_dag to None, run_after=None
[2026-09-07T20:28:49.020+0000] {processor.py:208} INFO - Processing /opt/airflow/dags/02_xcom_dag.py took 0.079 seconds
[2026-09-07T20:29:19.771+0000] {processor.py:186} INFO - Started process (PID=575) to work on /opt/airflow/dags/02_xcom_dag.py
[2026-09-07T20:29:19.772+0000] {processor.py:914} INFO - Processing file /opt/airflow/dags/02_xcom_dag.py for tasks to queue
[2026-09-07T20:29:19.773+0000] {logging_mixin.py:190} INFO - [2026-09-07T20:29:19.772+0000] {dagbag.py:588} INFO - Filling up the DagBag from /opt/airflow/dags/02_xcom_dag.py
[2026-09-07T20:29:19.786+0000] {processor.py:925} INFO - DAG(s) 'xcom_dag' retrieved from /opt/airflow/dags/02_xcom_dag.py
[2026-09-07T20:29:19.808+0000] {logging_mixin.py:190} INFO - [2026-09-07T20:29:19.808+0000] {dag.py:3239} INFO - Sync 1 DAGs
[2026-09-07T20:29:19.820+0000] {logging_mixin.py:190} INFO - [2026-09-07T20:29:19.820+0000] {dag.py:4180} INFO - Setting next_dagrun for xcom_dag to None, run_after=None
[2026-09-07T20:29:19.836+0000] {processor.py:208} INFO - Processing /opt/airflow/dags/02_xcom_dag.py took 0.070 seconds
[2026-09-07T20:29:50.323+0000] {processor.py:186} INFO - Started process (PID=589) to work on /opt/airflow/dags/02_xcom_dag.py
[2026-09-07T20:29:50.324+0000] {processor.py:914} INFO - Processing file /opt/airflow/dags/02_xcom_dag.py for tasks to queue
[2026-09-07T20:29:50.325+0000] {logging_mixin.py:190} INFO - [2026-09-07T20:29:50.325+0000] {dagbag.py:588} INFO - Filling up the DagBag from /opt/airflow/dags/02_xcom_dag.py
[2026-09-07T20:29:50.342+0000] {processor.py:925} INFO - DAG(s) 'xcom_dag' retrieved from /opt/airflow/dags/02_xcom_dag.py
[2026-09-07T20:29:50.370+0000] {logging_mixin.py:190} INFO - [2026-09-07T20:29:50.369+0000] {dag.py:3239} INFO - Sync 1 DAGs
[2026-09-07T20:29:50.389+0000] {logging_mixin.py:190} INFO - [2026-09-07T20:29:50.389+0000] {dag.py:4180} INFO - Setting next_dagrun for xcom_dag to None, run_after=None
[2026-09-07T20:29:50.417+0000] {processor.py:208} INFO - Processing /opt/airflow/dags/02_xcom_dag.py took 0.100 seconds
[2026-09-07T20:30:20.963+0000] {processor.py:186} INFO - Started process (PID=609) to work on /opt/airflow/dags/02_xcom_dag.py
[2026-09-07T20:30:20.963+0000] {processor.py:914} INFO - Processing file /opt/airflow/dags/02_xcom_dag.py for tasks to queue
[2026-09-07T20:30:20.964+0000] {logging_mixin.py:190} INFO - [2026-09-07T20:30:20.964+0000] {dagbag.py:588} INFO - Filling up the DagBag from /opt/airflow/dags/02_xcom_dag.py
[2026-09-07T20:30:20.983+0000] {processor.py:925} INFO - DAG(s) 'xcom_dag' retrieved from /opt/airflow/dags/02_xcom_dag.py
[2026-09-07T20:30:21.003+0000] {logging_mixin.py:190} INFO - [2026-09-07T20:30:21.003+0000] {dag.py:3239} INFO - Sync 1 DAGs
[2026-09-07T20:30:21.015+0000] {logging_mixin.py:190} INFO - [2026-09-07T20:30:21.014+0000] {dag.py:4180} INFO - Setting next_dagrun for xcom_dag to None, run_after=None
[2026-09-07T20:30:21.038+0000] {processor.py:208} INFO - Processing /opt/airflow/dags/02_xcom_dag.py took 0.081 seconds
[2026-09-07T20:30:51.614+0000] {processor.py:186} INFO - Started process (PID=623) to work on /opt/airflow/dags/02_xcom_dag.py
[2026-09-07T20:30:51.615+0000] {processor.py:914} INFO - Processing file /opt/airflow/dags/02_xcom_dag.py for tasks to queue
[2026-09-07T20:30:51.617+0000] {logging_mixin.py:190} INFO - [2026-09-07T20:30:51.617+0000] {dagbag.py:588} INFO - Filling up the DagBag from /opt/airflow/dags/02_xcom_dag.py
[2026-09-07T20:30:51.633+0000] {processor.py:925} INFO - DAG(s) 'xcom_dag' retrieved from /opt/airflow/dags/02_xcom_dag.py
[2026-09-07T20:30:51.654+0000] {logging_mixin.py:190} INFO - [2026-09-07T20:30:51.654+0000] {dag.py:3239} INFO - Sync 1 DAGs
[2026-09-07T20:30:51.666+0000] {logging_mixin.py:190} INFO - [2026-09-07T20:30:51.666+0000] {dag.py:4180} INFO - Setting next_dagrun for xcom_dag to None, run_after=None
[2026-09-07T20:30:51.688+0000] {processor.py:208} INFO - Processing /opt/airflow/dags/02_xcom_dag.py took 0.079 seconds
[2026-09-07T20:31:22.202+0000] {processor.py:186} INFO - Started process (PID=637) to work on /opt/airflow/dags/02_xcom_dag.py
[2026-09-07T20:31:22.202+0000] {processor.py:914} INFO - Processing file /opt/airflow/dags/02_xcom_dag.py for tasks to queue
[2026-09-07T20:31:22.203+0000] {logging_mixin.py:190} INFO - [2026-09-07T20:31:22.203+0000] {dagbag.py:588} INFO - Filling up the DagBag from /opt/airflow/dags/02_xcom_dag.py
[2026-09-07T20:31:22.216+0000] {processor.py:925} INFO - DAG(s) 'xcom_dag' retrieved from /opt/airflow/dags/02_xcom_dag.py
[2026-09-07T20:31:22.237+0000] {logging_mixin.py:190} INFO - [2026-09-07T20:31:22.237+0000] {dag.py:3239} INFO - Sync 1 DAGs
[2026-09-07T20:31:22.250+0000] {logging_mixin.py:190} INFO - [2026-09-07T20:31:22.249+0000] {dag.py:4180} INFO - Setting next_dagrun for xcom_dag to None, run_after=None
[2026-09-07T20:31:22.270+0000] {processor.py:208} INFO - Processing /opt/airflow/dags/02_xcom_dag.py took 0.074 seconds
[2026-09-07T20:31:52.810+0000] {processor.py:186} INFO - Started process (PID=651) to work on /opt/airflow/dags/02_xcom_dag.py
[2026-09-07T20:31:52.812+0000] {processor.py:914} INFO - Processing file /opt/airflow/dags/02_xcom_dag.py for tasks to queue
[2026-09-07T20:31:52.814+0000] {logging_mixin.py:190} INFO - [2026-09-07T20:31:52.813+0000] {dagbag.py:588} INFO - Filling up the DagBag from /opt/airflow/dags/02_xcom_dag.py
[2026-09-07T20:31:52.826+0000] {processor.py:925} INFO - DAG(s) 'xcom_dag' retrieved from /opt/airflow/dags/02_xcom_dag.py
[2026-09-07T20:31:52.847+0000] {logging_mixin.py:190} INFO - [2026-09-07T20:31:52.847+0000] {dag.py:3239} INFO - Sync 1 DAGs
[2026-09-07T20:31:52.861+0000] {logging_mixin.py:190} INFO - [2026-09-07T20:31:52.861+0000] {dag.py:4180} INFO - Setting next_dagrun for xcom_dag to None, run_after=None
[2026-09-07T20:31:52.879+0000] {processor.py:208} INFO - Processing /opt/airflow/dags/02_xcom_dag.py took 0.076 seconds
[2026-09-07T20:32:23.411+0000] {processor.py:186} INFO - Started process (PID=665) to work on /opt/airflow/dags/02_xcom_dag.py
[2026-09-07T20:32:23.411+0000] {processor.py:914} INFO - Processing file /opt/airflow/dags/02_xcom_dag.py for tasks to queue
[2026-09-07T20:32:23.413+0000] {logging_mixin.py:190} INFO - [2026-09-07T20:32:23.412+0000] {dagbag.py:588} INFO - Filling up the DagBag from /opt/airflow/dags/02_xcom_dag.py
[2026-09-07T20:32:23.430+0000] {processor.py:925} INFO - DAG(s) 'xcom_dag' retrieved from /opt/airflow/dags/02_xcom_dag.py
[2026-09-07T20:32:23.456+0000] {logging_mixin.py:190} INFO - [2026-09-07T20:32:23.456+0000] {dag.py:3239} INFO - Sync 1 DAGs
[2026-09-07T20:32:23.469+0000] {logging_mixin.py:190} INFO - [2026-09-07T20:32:23.469+0000] {dag.py:4180} INFO - Setting next_dagrun for xcom_dag to None, run_after=None
[2026-09-07T20:32:23.488+0000] {processor.py:208} INFO - Processing /opt/airflow/dags/02_xcom_dag.py took 0.085 seconds
[2026-09-07T20:32:53.990+0000] {processor.py:186} INFO - Started process (PID=679) to work on /opt/airflow/dags/02_xcom_dag.py
[2026-09-07T20:32:53.990+0000] {processor.py:914} INFO - Processing file /opt/airflow/dags/02_xcom_dag.py for tasks to queue
[2026-09-07T20:32:53.992+0000] {logging_mixin.py:190} INFO - [2026-09-07T20:32:53.991+0000] {dagbag.py:588} INFO - Filling up the DagBag from /opt/airflow/dags/02_xcom_dag.py
[2026-09-07T20:32:54.009+0000] {processor.py:925} INFO - DAG(s) 'xcom_dag' retrieved from /opt/airflow/dags/02_xcom_dag.py
[2026-09-07T20:32:54.033+0000] {logging_mixin.py:190} INFO - [2026-09-07T20:32:54.033+0000] {dag.py:3239} INFO - Sync 1 DAGs
[2026-09-07T20:32:54.046+0000] {logging_mixin.py:190} INFO - [2026-09-07T20:32:54.045+0000] {dag.py:4180} INFO - Setting next_dagrun for xcom_dag to None, run_after=None
[2026-09-07T20:32:54.063+0000] {processor.py:208} INFO - Processing /opt/airflow/dags/02_xcom_dag.py took 0.080 seconds
[2026-09-07T20:33:24.649+0000] {processor.py:186} INFO - Started process (PID=693) to work on /opt/airflow/dags/02_xcom_dag.py
[2026-09-07T20:33:24.649+0000] {processor.py:914} INFO - Processing file /opt/airflow/dags/02_xcom_dag.py for tasks to queue
[2026-09-07T20:33:24.651+0000] {logging_mixin.py:190} INFO - [2026-09-07T20:33:24.650+0000] {dagbag.py:588} INFO - Filling up the DagBag from /opt/airflow/dags/02_xcom_dag.py
[2026-09-07T20:33:24.668+0000] {processor.py:925} INFO - DAG(s) 'xcom_dag' retrieved from /opt/airflow/dags/02_xcom_dag.py
[2026-09-07T20:33:24.695+0000] {logging_mixin.py:190} INFO - [2026-09-07T20:33:24.695+0000] {dag.py:3239} INFO - Sync 1 DAGs
[2026-09-07T20:33:24.712+0000] {logging_mixin.py:190} INFO - [2026-09-07T20:33:24.712+0000] {dag.py:4180} INFO - Setting next_dagrun for xcom_dag to None, run_after=None
[2026-09-07T20:33:24.733+0000] {processor.py:208} INFO - Processing /opt/airflow/dags/02_xcom_dag.py took 0.090 seconds
[2026-09-07T20:33:55.338+0000] {processor.py:186} INFO - Started process (PID=708) to work on /opt/airflow/dags/02_xcom_dag.py
[2026-09-07T20:33:55.338+0000] {processor.py:914} INFO - Processing file /opt/airflow/dags/02_xcom_dag.py for tasks to queue
[2026-09-07T20:33:55.339+0000] {logging_mixin.py:190} INFO - [2026-09-07T20:33:55.339+0000] {dagbag.py:588} INFO - Filling up the DagBag from /opt/airflow/dags/02_xcom_dag.py
[2026-09-07T20:33:55.352+0000] {processor.py:925} INFO - DAG(s) 'xcom_dag' retrieved from /opt/airflow/dags/02_xcom_dag.py
[2026-09-07T20:33:55.375+0000] {logging_mixin.py:190} INFO - [2026-09-07T20:33:55.375+0000] {dag.py:3239} INFO - Sync 1 DAGs
[2026-09-07T20:33:55.389+0000] {logging_mixin.py:190} INFO - [2026-09-07T20:33:55.388+0000] {dag.py:4180} INFO - Setting next_dagrun for xcom_dag to None, run_after=None
[2026-09-07T20:33:55.408+0000] {processor.py:208} INFO - Processing /opt/airflow/dags/02_xcom_dag.py took 0.076 seconds
[2026-09-07T20:34:26.069+0000] {processor.py:186} INFO - Started process (PID=722) to work on /opt/airflow/dags/02_xcom_dag.py
[2026-09-07T20:34:26.070+0000] {processor.py:914} INFO - Processing file /opt/airflow/dags/02_xcom_dag.py for tasks to queue
[2026-09-07T20:34:26.071+0000] {logging_mixin.py:190} INFO - [2026-09-07T20:34:26.071+0000] {dagbag.py:588} INFO - Filling up the DagBag from /opt/airflow/dags/02_xcom_dag.py
[2026-09-07T20:34:26.084+0000] {processor.py:925} INFO - DAG(s) 'xcom_dag' retrieved from /opt/airflow/dags/02_xcom_dag.py
[2026-09-07T20:34:26.110+0000] {logging_mixin.py:190} INFO - [2026-09-07T20:34:26.109+0000] {dag.py:3239} INFO - Sync 1 DAGs
[2026-09-07T20:34:26.124+0000] {logging_mixin.py:190} INFO - [2026-09-07T20:34:26.124+0000] {dag.py:4180} INFO - Setting next_dagrun for xcom_dag to None, run_after=None
[2026-09-07T20:34:26.143+0000] {processor.py:208} INFO - Processing /opt/airflow/dags/02_xcom_dag.py took 0.079 seconds
[2026-09-07T20:34:56.709+0000] {processor.py:186} INFO - Started process (PID=736) to work on /opt/airflow/dags/02_xcom_dag.py
[2026-09-07T20:34:56.710+0000] {processor.py:914} INFO - Processing file /opt/airflow/dags/02_xcom_dag.py for tasks to queue
[2026-09-07T20:34:56.711+0000] {logging_mixin.py:190} INFO - [2026-09-07T20:34:56.711+0000] {dagbag.py:588} INFO - Filling up the DagBag from /opt/airflow/dags/02_xcom_dag.py
[2026-09-07T20:34:56.723+0000] {processor.py:925} INFO - DAG(s) 'xcom_dag' retrieved from /opt/airflow/dags/02_xcom_dag.py
[2026-09-07T20:34:56.745+0000] {logging_mixin.py:190} INFO - [2026-09-07T20:34:56.745+0000] {dag.py:3239} INFO - Sync 1 DAGs
[2026-09-07T20:34:56.760+0000] {logging_mixin.py:190} INFO - [2026-09-07T20:34:56.760+0000] {dag.py:4180} INFO - Setting next_dagrun for xcom_dag to None, run_after=None
[2026-09-07T20:34:56.780+0000] {processor.py:208} INFO - Processing /opt/airflow/dags/02_xcom_dag.py took 0.081 seconds
[2026-09-07T20:35:27.374+0000] {processor.py:186} INFO - Started process (PID=750) to work on /opt/airflow/dags/02_xcom_dag.py
[2026-09-07T20:35:27.375+0000] {processor.py:914} INFO - Processing file /opt/airflow/dags/02_xcom_dag.py for tasks to queue
[2026-09-07T20:35:27.376+0000] {logging_mixin.py:190} INFO - [2026-09-07T20:35:27.376+0000] {dagbag.py:588} INFO - Filling up the DagBag from /opt/airflow/dags/02_xcom_dag.py
[2026-09-07T20:35:27.388+0000] {processor.py:925} INFO - DAG(s) 'xcom_dag' retrieved from /opt/airflow/dags/02_xcom_dag.py
[2026-09-07T20:35:27.411+0000] {logging_mixin.py:190} INFO - [2026-09-07T20:35:27.411+0000] {dag.py:3239} INFO - Sync 1 DAGs
[2026-09-07T20:35:27.425+0000] {logging_mixin.py:190} INFO - [2026-09-07T20:35:27.425+0000] {dag.py:4180} INFO - Setting next_dagrun for xcom_dag to None, run_after=None
[2026-09-07T20:35:27.443+0000] {processor.py:208} INFO - Processing /opt/airflow/dags/02_xcom_dag.py took 0.074 seconds
[2026-09-07T20:35:57.984+0000] {processor.py:186} INFO - Started process (PID=764) to work on /opt/airflow/dags/02_xcom_dag.py
[2026-09-07T20:35:57.985+0000] {processor.py:914} INFO - Processing file /opt/airflow/dags/02_xcom_dag.py for tasks to queue
[2026-09-07T20:35:57.986+0000] {logging_mixin.py:190} INFO - [2026-09-07T20:35:57.986+0000] {dagbag.py:588} INFO - Filling up the DagBag from /opt/airflow/dags/02_xcom_dag.py
[2026-09-07T20:35:58.002+0000] {processor.py:925} INFO - DAG(s) 'xcom_dag' retrieved from /opt/airflow/dags/02_xcom_dag.py
[2026-09-07T20:35:58.027+0000] {logging_mixin.py:190} INFO - [2026-09-07T20:35:58.027+0000] {dag.py:3239} INFO - Sync 1 DAGs
[2026-09-07T20:35:58.042+0000] {logging_mixin.py:190} INFO - [2026-09-07T20:35:58.041+0000] {dag.py:4180} INFO - Setting next_dagrun for xcom_dag to None, run_after=None
[2026-09-07T20:35:58.062+0000] {processor.py:208} INFO - Processing /opt/airflow/dags/02_xcom_dag.py took 0.084 seconds
[2026-09-07T20:36:28.574+0000] {processor.py:186} INFO - Started process (PID=778) to work on /opt/airflow/dags/02_xcom_dag.py
[2026-09-07T20:36:28.575+0000] {processor.py:914} INFO - Processing file /opt/airflow/dags/02_xcom_dag.py for tasks to queue
[2026-09-07T20:36:28.576+0000] {logging_mixin.py:190} INFO - [2026-09-07T20:36:28.576+0000] {dagbag.py:588} INFO - Filling up the DagBag from /opt/airflow/dags/02_xcom_dag.py
[2026-09-07T20:36:28.592+0000] {processor.py:925} INFO - DAG(s) 'xcom_dag' retrieved from /opt/airflow/dags/02_xcom_dag.py
[2026-09-07T20:36:28.616+0000] {logging_mixin.py:190} INFO - [2026-09-07T20:36:28.616+0000] {dag.py:3239} INFO - Sync 1 DAGs
[2026-09-07T20:36:28.629+0000] {logging_mixin.py:190} INFO - [2026-09-07T20:36:28.629+0000] {dag.py:4180} INFO - Setting next_dagrun for xcom_dag to None, run_after=None
[2026-09-07T20:36:28.646+0000] {processor.py:208} INFO - Processing /opt/airflow/dags/02_xcom_dag.py took 0.080 seconds
[2026-09-07T20:36:59.338+0000] {processor.py:186} INFO - Started process (PID=792) to work on /opt/airflow/dags/02_xcom_dag.py
[2026-09-07T20:36:59.339+0000] {processor.py:914} INFO - Processing file /opt/airflow/dags/02_xcom_dag.py for tasks to queue
[2026-09-07T20:36:59.340+0000] {logging_mixin.py:190} INFO - [2026-09-07T20:36:59.340+0000] {dagbag.py:588} INFO - Filling up the DagBag from /opt/airflow/dags/02_xcom_dag.py
[2026-09-07T20:36:59.355+0000] {processor.py:925} INFO - DAG(s) 'xcom_dag' retrieved from /opt/airflow/dags/02_xcom_dag.py
[2026-09-07T20:36:59.378+0000] {logging_mixin.py:190} INFO - [2026-09-07T20:36:59.377+0000] {dag.py:3239} INFO - Sync 1 DAGs
[2026-09-07T20:36:59.392+0000] {logging_mixin.py:190} INFO - [2026-09-07T20:36:59.391+0000] {dag.py:4180} INFO - Setting next_dagrun for xcom_dag to None, run_after=None
[2026-09-07T20:36:59.412+0000] {processor.py:208} INFO - Processing /opt/airflow/dags/02_xcom_dag.py took 0.079 seconds
[2026-09-07T20:37:29.934+0000] {processor.py:186} INFO - Started process (PID=806) to work on /opt/airflow/dags/02_xcom_dag.py
[2026-09-07T20:37:29.935+0000] {processor.py:914} INFO - Processing file /opt/airflow/dags/02_xcom_dag.py for tasks to queue
[2026-09-07T20:37:29.936+0000] {logging_mixin.py:190} INFO - [2026-09-07T20:37:29.936+0000] {dagbag.py:588} INFO - Filling up the DagBag from /opt/airflow/dags/02_xcom_dag.py
[2026-09-07T20:37:29.952+0000] {processor.py:925} INFO - DAG(s) 'xcom_dag' retrieved from /opt/airflow/dags/02_xcom_dag.py
[2026-09-07T20:37:29.983+0000] {logging_mixin.py:190} INFO - [2026-09-07T20:37:29.983+0000] {dag.py:3239} INFO - Sync 1 DAGs
[2026-09-07T20:37:30.002+0000] {logging_mixin.py:190} INFO - [2026-09-07T20:37:30.002+0000] {dag.py:4180} INFO - Setting next_dagrun for xcom_dag to None, run_after=None
[2026-09-07T20:37:30.031+0000] {processor.py:208} INFO - Processing /opt/airflow/dags/02_xcom_dag.py took 0.103 seconds
[2026-09-07T20:38:00.620+0000] {processor.py:186} INFO - Started process (PID=820) to work on /opt/airflow/dags/02_xcom_dag.py
[2026-09-07T20:38:00.620+0000] {processor.py:914} INFO - Processing file /opt/airflow/dags/02_xcom_dag.py for tasks to queue
[2026-09-07T20:38:00.621+0000] {logging_mixin.py:190} INFO - [2026-09-07T20:38:00.621+0000] {dagbag.py:588} INFO - Filling up the DagBag from /opt/airflow/dags/02_xcom_dag.py
[2026-09-07T20:38:00.636+0000] {processor.py:925} INFO - DAG(s) 'xcom_dag' retrieved from /opt/airflow/dags/02_xcom_dag.py
[2026-09-07T20:38:00.658+0000] {logging_mixin.py:190} INFO - [2026-09-07T20:38:00.657+0000] {dag.py:3239} INFO - Sync 1 DAGs
[2026-09-07T20:38:00.670+0000] {logging_mixin.py:190} INFO - [2026-09-07T20:38:00.670+0000] {dag.py:4180} INFO - Setting next_dagrun for xcom_dag to None, run_after=None
[2026-09-07T20:38:00.686+0000] {processor.py:208} INFO - Processing /opt/airflow/dags/02_xcom_dag.py took 0.072 seconds
[2026-09-07T20:38:31.222+0000] {processor.py:186} INFO - Started process (PID=834) to work on /opt/airflow/dags/02_xcom_dag.py
[2026-09-07T20:38:31.222+0000] {processor.py:914} INFO - Processing file /opt/airflow/dags/02_xcom_dag.py for tasks to queue
[2026-09-07T20:38:31.224+0000] {logging_mixin.py:190} INFO - [2026-09-07T20:38:31.223+0000] {dagbag.py:588} INFO - Filling up the DagBag from /opt/airflow/dags/02_xcom_dag.py
[2026-09-07T20:38:31.247+0000] {processor.py:925} INFO - DAG(s) 'xcom_dag' retrieved from /opt/airflow/dags/02_xcom_dag.py
[2026-09-07T20:38:31.271+0000] {logging_mixin.py:190} INFO - [2026-09-07T20:38:31.271+0000] {dag.py:3239} INFO - Sync 1 DAGs
[2026-09-07T20:38:31.284+0000] {logging_mixin.py:190} INFO - [2026-09-07T20:38:31.284+0000] {dag.py:4180} INFO - Setting next_dagrun for xcom_dag to None, run_after=None
[2026-09-07T20:38:31.304+0000] {processor.py:208} INFO - Processing /opt/airflow/dags/02_xcom_dag.py took 0.089 seconds
[2026-09-07T20:39:01.834+0000] {processor.py:186} INFO - Started process (PID=848) to work on /opt/airflow/dags/02_xcom_dag.py
[2026-09-07T20:39:01.834+0000] {processor.py:914} INFO - Processing file /opt/airflow/dags/02_xcom_dag.py for tasks to queue
[2026-09-07T20:39:01.836+0000] {logging_mixin.py:190} INFO - [2026-09-07T20:39:01.836+0000] {dagbag.py:588} INFO - Filling up the DagBag from /opt/airflow/dags/02_xcom_dag.py
[2026-09-07T20:39:01.849+0000] {processor.py:925} INFO - DAG(s) 'xcom_dag' retrieved from /opt/airflow/dags/02_xcom_dag.py
[2026-09-07T20:39:01.873+0000] {logging_mixin.py:190} INFO - [2026-09-07T20:39:01.873+0000] {dag.py:3239} INFO - Sync 1 DAGs
[2026-09-07T20:39:01.888+0000] {logging_mixin.py:190} INFO - [2026-09-07T20:39:01.888+0000] {dag.py:4180} INFO - Setting next_dagrun for xcom_dag to None, run_after=None
[2026-09-07T20:39:01.907+0000] {processor.py:208} INFO - Processing /opt/airflow/dags/02_xcom_dag.py took 0.079 seconds
[2026-09-07T20:39:32.377+0000] {processor.py:186} INFO - Started process (PID=862) to work on /opt/airflow/dags/02_xcom_dag.py
[2026-09-07T20:39:32.378+0000] {processor.py:914} INFO - Processing file /opt/airflow/dags/02_xcom_dag.py for tasks to queue
[2026-09-07T20:39:32.379+0000] {logging_mixin.py:190} INFO - [2026-09-07T20:39:32.379+0000] {dagbag.py:588} INFO - Filling up the DagBag from /opt/airflow/dags/02_xcom_dag.py
[2026-09-07T20:39:32.395+0000] {processor.py:925} INFO - DAG(s) 'xcom_dag' retrieved from /opt/airflow/dags/02_xcom_dag.py
[2026-09-07T20:39:32.418+0000] {logging_mixin.py:190} INFO - [2026-09-07T20:39:32.417+0000] {dag.py:3239} INFO - Sync 1 DAGs
[2026-09-07T20:39:32.430+0000] {logging_mixin.py:190} INFO - [2026-09-07T20:39:32.430+0000] {dag.py:4180} INFO - Setting next_dagrun for xcom_dag to None, run_after=None
[2026-09-07T20:39:32.451+0000] {processor.py:208} INFO - Processing /opt/airflow/dags/02_xcom_dag.py took 0.080 seconds
[2026-09-07T20:40:02.944+0000] {processor.py:186} INFO - Started process (PID=876) to work on /opt/airflow/dags/02_xcom_dag.py
[2026-09-07T20:40:02.945+0000] {processor.py:914} INFO - Processing file /opt/airflow/dags/02_xcom_dag.py for tasks to queue
[2026-09-07T20:40:02.947+0000] {logging_mixin.py:190} INFO - [2026-09-07T20:40:02.946+0000] {dagbag.py:588} INFO - Filling up the DagBag from /opt/airflow/dags/02_xcom_dag.py
[2026-09-07T20:40:02.959+0000] {processor.py:925} INFO - DAG(s) 'xcom_dag' retrieved from /opt/airflow/dags/02_xcom_dag.py
[2026-09-07T20:40:02.980+0000] {logging_mixin.py:190} INFO - [2026-09-07T20:40:02.980+0000] {dag.py:3239} INFO - Sync 1 DAGs
[2026-09-07T20:40:02.996+0000] {logging_mixin.py:190} INFO - [2026-09-07T20:40:02.995+0000] {dag.py:4180} INFO - Setting next_dagrun for xcom_dag to None, run_after=None
[2026-09-07T20:40:03.021+0000] {processor.py:208} INFO - Processing /opt/airflow/dags/02_xcom_dag.py took 0.084 seconds
[2026-09-07T20:40:33.585+0000] {processor.py:186} INFO - Started process (PID=890) to work on /opt/airflow/dags/02_xcom_dag.py
[2026-09-07T20:40:33.586+0000] {processor.py:914} INFO - Processing file /opt/airflow/dags/02_xcom_dag.py for tasks to queue
[2026-09-07T20:40:33.587+0000] {logging_mixin.py:190} INFO - [2026-09-07T20:40:33.587+0000] {dagbag.py:588} INFO - Filling up the DagBag from /opt/airflow/dags/02_xcom_dag.py
[2026-09-07T20:40:33.603+0000] {processor.py:925} INFO - DAG(s) 'xcom_dag' retrieved from /opt/airflow/dags/02_xcom_dag.py
[2026-09-07T20:40:33.626+0000] {logging_mixin.py:190} INFO - [2026-09-07T20:40:33.625+0000] {dag.py:3239} INFO - Sync 1 DAGs
[2026-09-07T20:40:33.637+0000] {logging_mixin.py:190} INFO - [2026-09-07T20:40:33.636+0000] {dag.py:4180} INFO - Setting next_dagrun for xcom_dag to None, run_after=None
[2026-09-07T20:40:33.653+0000] {processor.py:208} INFO - Processing /opt/airflow/dags/02_xcom_dag.py took 0.074 seconds
[2026-09-07T20:41:04.285+0000] {processor.py:186} INFO - Started process (PID=904) to work on /opt/airflow/dags/02_xcom_dag.py
[2026-09-07T20:41:04.286+0000] {processor.py:914} INFO - Processing file /opt/airflow/dags/02_xcom_dag.py for tasks to queue
[2026-09-07T20:41:04.288+0000] {logging_mixin.py:190} INFO - [2026-09-07T20:41:04.287+0000] {dagbag.py:588} INFO - Filling up the DagBag from /opt/airflow/dags/02_xcom_dag.py
[2026-09-07T20:41:04.305+0000] {processor.py:925} INFO - DAG(s) 'xcom_dag' retrieved from /opt/airflow/dags/02_xcom_dag.py
[2026-09-07T20:41:04.330+0000] {logging_mixin.py:190} INFO - [2026-09-07T20:41:04.330+0000] {dag.py:3239} INFO - Sync 1 DAGs
[2026-09-07T20:41:04.344+0000] {logging_mixin.py:190} INFO - [2026-09-07T20:41:04.344+0000] {dag.py:4180} INFO - Setting next_dagrun for xcom_dag to None, run_after=None
[2026-09-07T20:41:04.361+0000] {processor.py:208} INFO - Processing /opt/airflow/dags/02_xcom_dag.py took 0.084 seconds
[2026-09-07T20:41:34.838+0000] {processor.py:186} INFO - Started process (PID=918) to work on /opt/airflow/dags/02_xcom_dag.py
[2026-09-07T20:41:34.839+0000] {processor.py:914} INFO - Processing file /opt/airflow/dags/02_xcom_dag.py for tasks to queue
[2026-09-07T20:41:34.840+0000] {logging_mixin.py:190} INFO - [2026-09-07T20:41:34.839+0000] {dagbag.py:588} INFO - Filling up the DagBag from /opt/airflow/dags/02_xcom_dag.py
[2026-09-07T20:41:34.854+0000] {processor.py:925} INFO - DAG(s) 'xcom_dag' retrieved from /opt/airflow/dags/02_xcom_dag.py
[2026-09-07T20:41:34.874+0000] {logging_mixin.py:190} INFO - [2026-09-07T20:41:34.874+0000] {dag.py:3239} INFO - Sync 1 DAGs
[2026-09-07T20:41:34.888+0000] {logging_mixin.py:190} INFO - [2026-09-07T20:41:34.888+0000] {dag.py:4180} INFO - Setting next_dagrun for xcom_dag to None, run_after=None
[2026-09-07T20:41:34.905+0000] {processor.py:208} INFO - Processing /opt/airflow/dags/02_xcom_dag.py took 0.073 seconds
[2026-09-07T20:42:05.425+0000] {processor.py:186} INFO - Started process (PID=932) to work on /opt/airflow/dags/02_xcom_dag.py
[2026-09-07T20:42:05.426+0000] {processor.py:914} INFO - Processing file /opt/airflow/dags/02_xcom_dag.py for tasks to queue
[2026-09-07T20:42:05.427+0000] {logging_mixin.py:190} INFO - [2026-09-07T20:42:05.426+0000] {dagbag.py:588} INFO - Filling up the DagBag from /opt/airflow/dags/02_xcom_dag.py
[2026-09-07T20:42:05.446+0000] {processor.py:925} INFO - DAG(s) 'xcom_dag' retrieved from /opt/airflow/dags/02_xcom_dag.py
[2026-09-07T20:42:05.477+0000] {logging_mixin.py:190} INFO - [2026-09-07T20:42:05.476+0000] {dag.py:3239} INFO - Sync 1 DAGs
[2026-09-07T20:42:05.493+0000] {logging_mixin.py:190} INFO - [2026-09-07T20:42:05.493+0000] {dag.py:4180} INFO - Setting next_dagrun for xcom_dag to None, run_after=None
[2026-09-07T20:42:05.520+0000] {processor.py:208} INFO - Processing /opt/airflow/dags/02_xcom_dag.py took 0.101 seconds
[2026-09-07T20:42:35.978+0000] {processor.py:186} INFO - Started process (PID=946) to work on /opt/airflow/dags/02_xcom_dag.py
[2026-09-07T20:42:35.978+0000] {processor.py:914} INFO - Processing file /opt/airflow/dags/02_xcom_dag.py for tasks to queue
[2026-09-07T20:42:35.979+0000] {logging_mixin.py:190} INFO - [2026-09-07T20:42:35.979+0000] {dagbag.py:588} INFO - Filling up the DagBag from /opt/airflow/dags/02_xcom_dag.py
[2026-09-07T20:42:35.991+0000] {processor.py:925} INFO - DAG(s) 'xcom_dag' retrieved from /opt/airflow/dags/02_xcom_dag.py
[2026-09-07T20:42:36.013+0000] {logging_mixin.py:190} INFO - [2026-09-07T20:42:36.013+0000] {dag.py:3239} INFO - Sync 1 DAGs
[2026-09-07T20:42:36.027+0000] {logging_mixin.py:190} INFO - [2026-09-07T20:42:36.027+0000] {dag.py:4180} INFO - Setting next_dagrun for xcom_dag to None, run_after=None
[2026-09-07T20:42:36.047+0000] {processor.py:208} INFO - Processing /opt/airflow/dags/02_xcom_dag.py took 0.074 seconds
[2026-09-07T20:43:06.656+0000] {processor.py:186} INFO - Started process (PID=960) to work on /opt/airflow/dags/02_xcom_dag.py
[2026-09-07T20:43:06.657+0000] {processor.py:914} INFO - Processing file /opt/airflow/dags/02_xcom_dag.py for tasks to queue
[2026-09-07T20:43:06.658+0000] {logging_mixin.py:190} INFO - [2026-09-07T20:43:06.658+0000] {dagbag.py:588} INFO - Filling up the DagBag from /opt/airflow/dags/02_xcom_dag.py
[2026-09-07T20:43:06.677+0000] {processor.py:925} INFO - DAG(s) 'xcom_dag' retrieved from /opt/airflow/dags/02_xcom_dag.py
[2026-09-07T20:43:06.710+0000] {logging_mixin.py:190} INFO - [2026-09-07T20:43:06.710+0000] {dag.py:3239} INFO - Sync 1 DAGs
[2026-09-07T20:43:06.725+0000] {logging_mixin.py:190} INFO - [2026-09-07T20:43:06.725+0000] {dag.py:4180} INFO - Setting next_dagrun for xcom_dag to None, run_after=None
[2026-09-07T20:43:06.743+0000] {processor.py:208} INFO - Processing /opt/airflow/dags/02_xcom_dag.py took 0.094 seconds
[2026-09-07T20:43:36.844+0000] {processor.py:186} INFO - Started process (PID=974) to work on /opt/airflow/dags/02_xcom_dag.py
[2026-09-07T20:43:36.845+0000] {processor.py:914} INFO - Processing file /opt/airflow/dags/02_xcom_dag.py for tasks to queue
[2026-09-07T20:43:36.847+0000] {logging_mixin.py:190} INFO - [2026-09-07T20:43:36.846+0000] {dagbag.py:588} INFO - Filling up the DagBag from /opt/airflow/dags/02_xcom_dag.py
[2026-09-07T20:43:36.861+0000] {processor.py:925} INFO - DAG(s) 'xcom_dag' retrieved from /opt/airflow/dags/02_xcom_dag.py
[2026-09-07T20:43:36.881+0000] {logging_mixin.py:190} INFO - [2026-09-07T20:43:36.881+0000] {dag.py:3239} INFO - Sync 1 DAGs
[2026-09-07T20:43:36.892+0000] {logging_mixin.py:190} INFO - [2026-09-07T20:43:36.892+0000] {dag.py:4180} INFO - Setting next_dagrun for xcom_dag to None, run_after=None
[2026-09-07T20:43:36.909+0000] {processor.py:208} INFO - Processing /opt/airflow/dags/02_xcom_dag.py took 0.071 seconds
[2026-09-07T20:44:07.553+0000] {processor.py:186} INFO - Started process (PID=988) to work on /opt/airflow/dags/02_xcom_dag.py
[2026-09-07T20:44:07.554+0000] {processor.py:914} INFO - Processing file /opt/airflow/dags/02_xcom_dag.py for tasks to queue
[2026-09-07T20:44:07.556+0000] {logging_mixin.py:190} INFO - [2026-09-07T20:44:07.555+0000] {dagbag.py:588} INFO - Filling up the DagBag from /opt/airflow/dags/02_xcom_dag.py
[2026-09-07T20:44:07.572+0000] {processor.py:925} INFO - DAG(s) 'xcom_dag' retrieved from /opt/airflow/dags/02_xcom_dag.py
[2026-09-07T20:44:07.602+0000] {logging_mixin.py:190} INFO - [2026-09-07T20:44:07.601+0000] {dag.py:3239} INFO - Sync 1 DAGs
[2026-09-07T20:44:07.619+0000] {logging_mixin.py:190} INFO - [2026-09-07T20:44:07.618+0000] {dag.py:4180} INFO - Setting next_dagrun for xcom_dag to None, run_after=None
[2026-09-07T20:44:07.668+0000] {processor.py:208} INFO - Processing /opt/airflow/dags/02_xcom_dag.py took 0.123 seconds
[2026-09-07T20:44:38.256+0000] {processor.py:186} INFO - Started process (PID=1002) to work on /opt/airflow/dags/02_xcom_dag.py
[2026-09-07T20:44:38.257+0000] {processor.py:914} INFO - Processing file /opt/airflow/dags/02_xcom_dag.py for tasks to queue
[2026-09-07T20:44:38.258+0000] {logging_mixin.py:190} INFO - [2026-09-07T20:44:38.258+0000] {dagbag.py:588} INFO - Filling up the DagBag from /opt/airflow/dags/02_xcom_dag.py
[2026-09-07T20:44:38.274+0000] {processor.py:925} INFO - DAG(s) 'xcom_dag' retrieved from /opt/airflow/dags/02_xcom_dag.py
[2026-09-07T20:44:38.297+0000] {logging_mixin.py:190} INFO - [2026-09-07T20:44:38.297+0000] {dag.py:3239} INFO - Sync 1 DAGs
[2026-09-07T20:44:38.311+0000] {logging_mixin.py:190} INFO - [2026-09-07T20:44:38.311+0000] {dag.py:4180} INFO - Setting next_dagrun for xcom_dag to None, run_after=None
[2026-09-07T20:44:38.329+0000] {processor.py:208} INFO - Processing /opt/airflow/dags/02_xcom_dag.py took 0.080 seconds
[2026-09-07T20:45:08.872+0000] {processor.py:186} INFO - Started process (PID=1017) to work on /opt/airflow/dags/02_xcom_dag.py
[2026-09-07T20:45:08.872+0000] {processor.py:914} INFO - Processing file /opt/airflow/dags/02_xcom_dag.py for tasks to queue
[2026-09-07T20:45:08.873+0000] {logging_mixin.py:190} INFO - [2026-09-07T20:45:08.873+0000] {dagbag.py:588} INFO - Filling up the DagBag from /opt/airflow/dags/02_xcom_dag.py
[2026-09-07T20:45:08.886+0000] {processor.py:925} INFO - DAG(s) 'xcom_dag' retrieved from /opt/airflow/dags/02_xcom_dag.py
[2026-09-07T20:45:08.909+0000] {logging_mixin.py:190} INFO - [2026-09-07T20:45:08.908+0000] {dag.py:3239} INFO - Sync 1 DAGs
[2026-09-07T20:45:08.922+0000] {logging_mixin.py:190} INFO - [2026-09-07T20:45:08.921+0000] {dag.py:4180} INFO - Setting next_dagrun for xcom_dag to None, run_after=None
[2026-09-07T20:45:08.941+0000] {processor.py:208} INFO - Processing /opt/airflow/dags/02_xcom_dag.py took 0.076 seconds
[2026-09-07T20:45:39.464+0000] {processor.py:186} INFO - Started process (PID=1031) to work on /opt/airflow/dags/02_xcom_dag.py
[2026-09-07T20:45:39.465+0000] {processor.py:914} INFO - Processing file /opt/airflow/dags/02_xcom_dag.py for tasks to queue
[2026-09-07T20:45:39.466+0000] {logging_mixin.py:190} INFO - [2026-09-07T20:45:39.465+0000] {dagbag.py:588} INFO - Filling up the DagBag from /opt/airflow/dags/02_xcom_dag.py
[2026-09-07T20:45:39.478+0000] {processor.py:925} INFO - DAG(s) 'xcom_dag' retrieved from /opt/airflow/dags/02_xcom_dag.py
[2026-09-07T20:45:39.500+0000] {logging_mixin.py:190} INFO - [2026-09-07T20:45:39.500+0000] {dag.py:3239} INFO - Sync 1 DAGs
[2026-09-07T20:45:39.513+0000] {logging_mixin.py:190} INFO - [2026-09-07T20:45:39.512+0000] {dag.py:4180} INFO - Setting next_dagrun for xcom_dag to None, run_after=None
[2026-09-07T20:45:39.530+0000] {processor.py:208} INFO - Processing /opt/airflow/dags/02_xcom_dag.py took 0.072 seconds
[2026-09-07T20:46:09.579+0000] {processor.py:186} INFO - Started process (PID=1045) to work on /opt/airflow/dags/02_xcom_dag.py
[2026-09-07T20:46:09.579+0000] {processor.py:914} INFO - Processing file /opt/airflow/dags/02_xcom_dag.py for tasks to queue
[2026-09-07T20:46:09.580+0000] {logging_mixin.py:190} INFO - [2026-09-07T20:46:09.580+0000] {dagbag.py:588} INFO - Filling up the DagBag from /opt/airflow/dags/02_xcom_dag.py
[2026-09-07T20:46:09.593+0000] {processor.py:925} INFO - DAG(s) 'xcom_dag' retrieved from /opt/airflow/dags/02_xcom_dag.py
[2026-09-07T20:46:09.615+0000] {logging_mixin.py:190} INFO - [2026-09-07T20:46:09.615+0000] {dag.py:3239} INFO - Sync 1 DAGs
[2026-09-07T20:46:09.627+0000] {logging_mixin.py:190} INFO - [2026-09-07T20:46:09.627+0000] {dag.py:4180} INFO - Setting next_dagrun for xcom_dag to None, run_after=None
[2026-09-07T20:46:09.645+0000] {processor.py:208} INFO - Processing /opt/airflow/dags/02_xcom_dag.py took 0.073 seconds
[2026-09-07T20:46:40.239+0000] {processor.py:186} INFO - Started process (PID=1059) to work on /opt/airflow/dags/02_xcom_dag.py
[2026-09-07T20:46:40.239+0000] {processor.py:914} INFO - Processing file /opt/airflow/dags/02_xcom_dag.py for tasks to queue
[2026-09-07T20:46:40.240+0000] {logging_mixin.py:190} INFO - [2026-09-07T20:46:40.240+0000] {dagbag.py:588} INFO - Filling up the DagBag from /opt/airflow/dags/02_xcom_dag.py
[2026-09-07T20:46:40.254+0000] {processor.py:925} INFO - DAG(s) 'xcom_dag' retrieved from /opt/airflow/dags/02_xcom_dag.py
[2026-09-07T20:46:40.277+0000] {logging_mixin.py:190} INFO - [2026-09-07T20:46:40.277+0000] {dag.py:3239} INFO - Sync 1 DAGs
[2026-09-07T20:46:40.291+0000] {logging_mixin.py:190} INFO - [2026-09-07T20:46:40.291+0000] {dag.py:4180} INFO - Setting next_dagrun for xcom_dag to None, run_after=None
[2026-09-07T20:46:40.309+0000] {processor.py:208} INFO - Processing /opt/airflow/dags/02_xcom_dag.py took 0.076 seconds
[2026-09-07T20:47:10.875+0000] {processor.py:186} INFO - Started process (PID=1073) to work on /opt/airflow/dags/02_xcom_dag.py
[2026-09-07T20:47:10.875+0000] {processor.py:914} INFO - Processing file /opt/airflow/dags/02_xcom_dag.py for tasks to queue
[2026-09-07T20:47:10.877+0000] {logging_mixin.py:190} INFO - [2026-09-07T20:47:10.876+0000] {dagbag.py:588} INFO - Filling up the DagBag from /opt/airflow/dags/02_xcom_dag.py
[2026-09-07T20:47:10.889+0000] {processor.py:925} INFO - DAG(s) 'xcom_dag' retrieved from /opt/airflow/dags/02_xcom_dag.py
[2026-09-07T20:47:10.908+0000] {logging_mixin.py:190} INFO - [2026-09-07T20:47:10.908+0000] {dag.py:3239} INFO - Sync 1 DAGs
[2026-09-07T20:47:10.922+0000] {logging_mixin.py:190} INFO - [2026-09-07T20:47:10.922+0000] {dag.py:4180} INFO - Setting next_dagrun for xcom_dag to None, run_after=None
[2026-09-07T20:47:10.946+0000] {processor.py:208} INFO - Processing /opt/airflow/dags/02_xcom_dag.py took 0.078 seconds
[2026-09-07T20:47:41.455+0000] {processor.py:186} INFO - Started process (PID=1087) to work on /opt/airflow/dags/02_xcom_dag.py
[2026-09-07T20:47:41.455+0000] {processor.py:914} INFO - Processing file /opt/airflow/dags/02_xcom_dag.py for tasks to queue
[2026-09-07T20:47:41.456+0000] {logging_mixin.py:190} INFO - [2026-09-07T20:47:41.456+0000] {dagbag.py:588} INFO - Filling up the DagBag from /opt/airflow/dags/02_xcom_dag.py
[2026-09-07T20:47:41.471+0000] {processor.py:925} INFO - DAG(s) 'xcom_dag' retrieved from /opt/airflow/dags/02_xcom_dag.py
[2026-09-07T20:47:41.491+0000] {logging_mixin.py:190} INFO - [2026-09-07T20:47:41.491+0000] {dag.py:3239} INFO - Sync 1 DAGs
[2026-09-07T20:47:41.504+0000] {logging_mixin.py:190} INFO - [2026-09-07T20:47:41.504+0000] {dag.py:4180} INFO - Setting next_dagrun for xcom_dag to None, run_after=None
[2026-09-07T20:47:41.523+0000] {processor.py:208} INFO - Processing /opt/airflow/dags/02_xcom_dag.py took 0.074 seconds
[2026-09-07T20:48:12.092+0000] {processor.py:186} INFO - Started process (PID=1101) to work on /opt/airflow/dags/02_xcom_dag.py
[2026-09-07T20:48:12.093+0000] {processor.py:914} INFO - Processing file /opt/airflow/dags/02_xcom_dag.py for tasks to queue
[2026-09-07T20:48:12.095+0000] {logging_mixin.py:190} INFO - [2026-09-07T20:48:12.094+0000] {dagbag.py:588} INFO - Filling up the DagBag from /opt/airflow/dags/02_xcom_dag.py
[2026-09-07T20:48:12.109+0000] {processor.py:925} INFO - DAG(s) 'xcom_dag' retrieved from /opt/airflow/dags/02_xcom_dag.py
[2026-09-07T20:48:12.129+0000] {logging_mixin.py:190} INFO - [2026-09-07T20:48:12.128+0000] {dag.py:3239} INFO - Sync 1 DAGs
[2026-09-07T20:48:12.142+0000] {logging_mixin.py:190} INFO - [2026-09-07T20:48:12.142+0000] {dag.py:4180} INFO - Setting next_dagrun for xcom_dag to None, run_after=None
[2026-09-07T20:48:12.162+0000] {processor.py:208} INFO - Processing /opt/airflow/dags/02_xcom_dag.py took 0.077 seconds
[2026-09-07T20:48:42.694+0000] {processor.py:186} INFO - Started process (PID=1115) to work on /opt/airflow/dags/02_xcom_dag.py
[2026-09-07T20:48:42.695+0000] {processor.py:914} INFO - Processing file /opt/airflow/dags/02_xcom_dag.py for tasks to queue
[2026-09-07T20:48:42.696+0000] {logging_mixin.py:190} INFO - [2026-09-07T20:48:42.696+0000] {dagbag.py:588} INFO - Filling up the DagBag from /opt/airflow/dags/02_xcom_dag.py
[2026-09-07T20:48:42.710+0000] {processor.py:925} INFO - DAG(s) 'xcom_dag' retrieved from /opt/airflow/dags/02_xcom_dag.py
[2026-09-07T20:48:42.732+0000] {logging_mixin.py:190} INFO - [2026-09-07T20:48:42.732+0000] {dag.py:3239} INFO - Sync 1 DAGs
[2026-09-07T20:48:42.744+0000] {logging_mixin.py:190} INFO - [2026-09-07T20:48:42.743+0000] {dag.py:4180} INFO - Setting next_dagrun for xcom_dag to None, run_after=None
[2026-09-07T20:48:42.762+0000] {processor.py:208} INFO - Processing /opt/airflow/dags/02_xcom_dag.py took 0.072 seconds
[2026-09-07T20:49:13.208+0000] {processor.py:186} INFO - Started process (PID=1129) to work on /opt/airflow/dags/02_xcom_dag.py
[2026-09-07T20:49:13.209+0000] {processor.py:914} INFO - Processing file /opt/airflow/dags/02_xcom_dag.py for tasks to queue
[2026-09-07T20:49:13.210+0000] {logging_mixin.py:190} INFO - [2026-09-07T20:49:13.210+0000] {dagbag.py:588} INFO - Filling up the DagBag from /opt/airflow/dags/02_xcom_dag.py
[2026-09-07T20:49:13.225+0000] {processor.py:925} INFO - DAG(s) 'xcom_dag' retrieved from /opt/airflow/dags/02_xcom_dag.py
[2026-09-07T20:49:13.258+0000] {logging_mixin.py:190} INFO - [2026-09-07T20:49:13.258+0000] {dag.py:3239} INFO - Sync 1 DAGs
[2026-09-07T20:49:13.270+0000] {logging_mixin.py:190} INFO - [2026-09-07T20:49:13.270+0000] {dag.py:4180} INFO - Setting next_dagrun for xcom_dag to None, run_after=None
[2026-09-07T20:49:13.290+0000] {processor.py:208} INFO - Processing /opt/airflow/dags/02_xcom_dag.py took 0.086 seconds
[2026-09-07T20:49:43.805+0000] {processor.py:186} INFO - Started process (PID=1143) to work on /opt/airflow/dags/02_xcom_dag.py
[2026-09-07T20:49:43.806+0000] {processor.py:914} INFO - Processing file /opt/airflow/dags/02_xcom_dag.py for tasks to queue
[2026-09-07T20:49:43.807+0000] {logging_mixin.py:190} INFO - [2026-09-07T20:49:43.807+0000] {dagbag.py:588} INFO - Filling up the DagBag from /opt/airflow/dags/02_xcom_dag.py
[2026-09-07T20:49:43.826+0000] {processor.py:925} INFO - DAG(s) 'xcom_dag' retrieved from /opt/airflow/dags/02_xcom_dag.py
[2026-09-07T20:49:43.850+0000] {logging_mixin.py:190} INFO - [2026-09-07T20:49:43.850+0000] {dag.py:3239} INFO - Sync 1 DAGs
[2026-09-07T20:49:43.863+0000] {logging_mixin.py:190} INFO - [2026-09-07T20:49:43.863+0000] {dag.py:4180} INFO - Setting next_dagrun for xcom_dag to None, run_after=None
[2026-09-07T20:49:43.881+0000] {processor.py:208} INFO - Processing /opt/airflow/dags/02_xcom_dag.py took 0.082 seconds
[2026-09-07T20:50:14.520+0000] {processor.py:186} INFO - Started process (PID=1157) to work on /opt/airflow/dags/02_xcom_dag.py
[2026-09-07T20:50:14.521+0000] {processor.py:914} INFO - Processing file /opt/airflow/dags/02_xcom_dag.py for tasks to queue
[2026-09-07T20:50:14.522+0000] {logging_mixin.py:190} INFO - [2026-09-07T20:50:14.522+0000] {dagbag.py:588} INFO - Filling up the DagBag from /opt/airflow/dags/02_xcom_dag.py
[2026-09-07T20:50:14.537+0000] {processor.py:925} INFO - DAG(s) 'xcom_dag' retrieved from /opt/airflow/dags/02_xcom_dag.py
[2026-09-07T20:50:14.562+0000] {logging_mixin.py:190} INFO - [2026-09-07T20:50:14.562+0000] {dag.py:3239} INFO - Sync 1 DAGs
[2026-09-07T20:50:14.576+0000] {logging_mixin.py:190} INFO - [2026-09-07T20:50:14.575+0000] {dag.py:4180} INFO - Setting next_dagrun for xcom_dag to None, run_after=None
[2026-09-07T20:50:14.598+0000] {processor.py:208} INFO - Processing /opt/airflow/dags/02_xcom_dag.py took 0.083 seconds
[2026-09-07T20:50:44.657+0000] {processor.py:186} INFO - Started process (PID=1171) to work on /opt/airflow/dags/02_xcom_dag.py
[2026-09-07T20:50:44.658+0000] {processor.py:914} INFO - Processing file /opt/airflow/dags/02_xcom_dag.py for tasks to queue
[2026-09-07T20:50:44.659+0000] {logging_mixin.py:190} INFO - [2026-09-07T20:50:44.658+0000] {dagbag.py:588} INFO - Filling up the DagBag from /opt/airflow/dags/02_xcom_dag.py
[2026-09-07T20:50:44.676+0000] {processor.py:925} INFO - DAG(s) 'xcom_dag' retrieved from /opt/airflow/dags/02_xcom_dag.py
[2026-09-07T20:50:44.699+0000] {logging_mixin.py:190} INFO - [2026-09-07T20:50:44.698+0000] {dag.py:3239} INFO - Sync 1 DAGs
[2026-09-07T20:50:44.712+0000] {logging_mixin.py:190} INFO - [2026-09-07T20:50:44.712+0000] {dag.py:4180} INFO - Setting next_dagrun for xcom_dag to None, run_after=None
[2026-09-07T20:50:44.732+0000] {processor.py:208} INFO - Processing /opt/airflow/dags/02_xcom_dag.py took 0.080 seconds
[2026-09-07T20:51:15.360+0000] {processor.py:186} INFO - Started process (PID=1185) to work on /opt/airflow/dags/02_xcom_dag.py
[2026-09-07T20:51:15.360+0000] {processor.py:914} INFO - Processing file /opt/airflow/dags/02_xcom_dag.py for tasks to queue
[2026-09-07T20:51:15.361+0000] {logging_mixin.py:190} INFO - [2026-09-07T20:51:15.361+0000] {dagbag.py:588} INFO - Filling up the DagBag from /opt/airflow/dags/02_xcom_dag.py
[2026-09-07T20:51:15.377+0000] {processor.py:925} INFO - DAG(s) 'xcom_dag' retrieved from /opt/airflow/dags/02_xcom_dag.py
[2026-09-07T20:51:15.401+0000] {logging_mixin.py:190} INFO - [2026-09-07T20:51:15.401+0000] {dag.py:3239} INFO - Sync 1 DAGs
[2026-09-07T20:51:15.418+0000] {logging_mixin.py:190} INFO - [2026-09-07T20:51:15.417+0000] {dag.py:4180} INFO - Setting next_dagrun for xcom_dag to None, run_after=None
[2026-09-07T20:51:15.440+0000] {processor.py:208} INFO - Processing /opt/airflow/dags/02_xcom_dag.py took 0.085 seconds
[2026-09-07T20:51:45.934+0000] {processor.py:186} INFO - Started process (PID=1199) to work on /opt/airflow/dags/02_xcom_dag.py
[2026-09-07T20:51:45.935+0000] {processor.py:914} INFO - Processing file /opt/airflow/dags/02_xcom_dag.py for tasks to queue
[2026-09-07T20:51:45.936+0000] {logging_mixin.py:190} INFO - [2026-09-07T20:51:45.936+0000] {dagbag.py:588} INFO - Filling up the DagBag from /opt/airflow/dags/02_xcom_dag.py
[2026-09-07T20:51:45.950+0000] {processor.py:925} INFO - DAG(s) 'xcom_dag' retrieved from /opt/airflow/dags/02_xcom_dag.py
[2026-09-07T20:51:45.975+0000] {logging_mixin.py:190} INFO - [2026-09-07T20:51:45.975+0000] {dag.py:3239} INFO - Sync 1 DAGs
[2026-09-07T20:51:45.994+0000] {logging_mixin.py:190} INFO - [2026-09-07T20:51:45.994+0000] {dag.py:4180} INFO - Setting next_dagrun for xcom_dag to None, run_after=None
[2026-09-07T20:51:46.014+0000] {processor.py:208} INFO - Processing /opt/airflow/dags/02_xcom_dag.py took 0.084 seconds
[2026-09-07T20:52:16.605+0000] {processor.py:186} INFO - Started process (PID=1213) to work on /opt/airflow/dags/02_xcom_dag.py
[2026-09-07T20:52:16.606+0000] {processor.py:914} INFO - Processing file /opt/airflow/dags/02_xcom_dag.py for tasks to queue
[2026-09-07T20:52:16.607+0000] {logging_mixin.py:190} INFO - [2026-09-07T20:52:16.607+0000] {dagbag.py:588} INFO - Filling up the DagBag from /opt/airflow/dags/02_xcom_dag.py
[2026-09-07T20:52:16.621+0000] {processor.py:925} INFO - DAG(s) 'xcom_dag' retrieved from /opt/airflow/dags/02_xcom_dag.py
[2026-09-07T20:52:16.645+0000] {logging_mixin.py:190} INFO - [2026-09-07T20:52:16.644+0000] {dag.py:3239} INFO - Sync 1 DAGs
[2026-09-07T20:52:16.656+0000] {logging_mixin.py:190} INFO - [2026-09-07T20:52:16.656+0000] {dag.py:4180} INFO - Setting next_dagrun for xcom_dag to None, run_after=None
[2026-09-07T20:52:16.674+0000] {processor.py:208} INFO - Processing /opt/airflow/dags/02_xcom_dag.py took 0.074 seconds
[2026-09-07T20:52:47.295+0000] {processor.py:186} INFO - Started process (PID=1227) to work on /opt/airflow/dags/02_xcom_dag.py
[2026-09-07T20:52:47.296+0000] {processor.py:914} INFO - Processing file /opt/airflow/dags/02_xcom_dag.py for tasks to queue
[2026-09-07T20:52:47.297+0000] {logging_mixin.py:190} INFO - [2026-09-07T20:52:47.296+0000] {dagbag.py:588} INFO - Filling up the DagBag from /opt/airflow/dags/02_xcom_dag.py
[2026-09-07T20:52:47.314+0000] {processor.py:925} INFO - DAG(s) 'xcom_dag' retrieved from /opt/airflow/dags/02_xcom_dag.py
[2026-09-07T20:52:47.352+0000] {logging_mixin.py:190} INFO - [2026-09-07T20:52:47.352+0000] {dag.py:3239} INFO - Sync 1 DAGs
[2026-09-07T20:52:47.369+0000] {logging_mixin.py:190} INFO - [2026-09-07T20:52:47.369+0000] {dag.py:4180} INFO - Setting next_dagrun for xcom_dag to None, run_after=None
[2026-09-07T20:52:47.389+0000] {processor.py:208} INFO - Processing /opt/airflow/dags/02_xcom_dag.py took 0.100 seconds
[2026-09-07T20:53:17.870+0000] {processor.py:186} INFO - Started process (PID=1241) to work on /opt/airflow/dags/02_xcom_dag.py
[2026-09-07T20:53:17.870+0000] {processor.py:914} INFO - Processing file /opt/airflow/dags/02_xcom_dag.py for tasks to queue
[2026-09-07T20:53:17.871+0000] {logging_mixin.py:190} INFO - [2026-09-07T20:53:17.871+0000] {dagbag.py:588} INFO - Filling up the DagBag from /opt/airflow/dags/02_xcom_dag.py
[2026-09-07T20:53:17.885+0000] {processor.py:925} INFO - DAG(s) 'xcom_dag' retrieved from /opt/airflow/dags/02_xcom_dag.py
[2026-09-07T20:53:17.910+0000] {logging_mixin.py:190} INFO - [2026-09-07T20:53:17.910+0000] {dag.py:3239} INFO - Sync 1 DAGs
[2026-09-07T20:53:17.925+0000] {logging_mixin.py:190} INFO - [2026-09-07T20:53:17.925+0000] {dag.py:4180} INFO - Setting next_dagrun for xcom_dag to None, run_after=None
[2026-09-07T20:53:17.945+0000] {processor.py:208} INFO - Processing /opt/airflow/dags/02_xcom_dag.py took 0.081 seconds
[2026-09-07T20:53:48.563+0000] {processor.py:186} INFO - Started process (PID=1255) to work on /opt/airflow/dags/02_xcom_dag.py
[2026-09-07T20:53:48.563+0000] {processor.py:914} INFO - Processing file /opt/airflow/dags/02_xcom_dag.py for tasks to queue
[2026-09-07T20:53:48.564+0000] {logging_mixin.py:190} INFO - [2026-09-07T20:53:48.564+0000] {dagbag.py:588} INFO - Filling up the DagBag from /opt/airflow/dags/02_xcom_dag.py
[2026-09-07T20:53:48.578+0000] {processor.py:925} INFO - DAG(s) 'xcom_dag' retrieved from /opt/airflow/dags/02_xcom_dag.py
[2026-09-07T20:53:48.601+0000] {logging_mixin.py:190} INFO - [2026-09-07T20:53:48.601+0000] {dag.py:3239} INFO - Sync 1 DAGs
[2026-09-07T20:53:48.614+0000] {logging_mixin.py:190} INFO - [2026-09-07T20:53:48.614+0000] {dag.py:4180} INFO - Setting next_dagrun for xcom_dag to None, run_after=None
[2026-09-07T20:53:48.633+0000] {processor.py:208} INFO - Processing /opt/airflow/dags/02_xcom_dag.py took 0.076 seconds
[2026-09-07T20:54:19.109+0000] {processor.py:186} INFO - Started process (PID=1269) to work on /opt/airflow/dags/02_xcom_dag.py
[2026-09-07T20:54:19.109+0000] {processor.py:914} INFO - Processing file /opt/airflow/dags/02_xcom_dag.py for tasks to queue
[2026-09-07T20:54:19.111+0000] {logging_mixin.py:190} INFO - [2026-09-07T20:54:19.110+0000] {dagbag.py:588} INFO - Filling up the DagBag from /opt/airflow/dags/02_xcom_dag.py
[2026-09-07T20:54:19.129+0000] {processor.py:925} INFO - DAG(s) 'xcom_dag' retrieved from /opt/airflow/dags/02_xcom_dag.py
[2026-09-07T20:54:19.152+0000] {logging_mixin.py:190} INFO - [2026-09-07T20:54:19.152+0000] {dag.py:3239} INFO - Sync 1 DAGs
[2026-09-07T20:54:19.165+0000] {logging_mixin.py:190} INFO - [2026-09-07T20:54:19.165+0000] {dag.py:4180} INFO - Setting next_dagrun for xcom_dag to None, run_after=None
[2026-09-07T20:54:19.182+0000] {processor.py:208} INFO - Processing /opt/airflow/dags/02_xcom_dag.py took 0.080 seconds
[2026-09-07T20:54:49.691+0000] {processor.py:186} INFO - Started process (PID=1283) to work on /opt/airflow/dags/02_xcom_dag.py
[2026-09-07T20:54:49.692+0000] {processor.py:914} INFO - Processing file /opt/airflow/dags/02_xcom_dag.py for tasks to queue
[2026-09-07T20:54:49.693+0000] {logging_mixin.py:190} INFO - [2026-09-07T20:54:49.693+0000] {dagbag.py:588} INFO - Filling up the DagBag from /opt/airflow/dags/02_xcom_dag.py
[2026-09-07T20:54:49.708+0000] {processor.py:925} INFO - DAG(s) 'xcom_dag' retrieved from /opt/airflow/dags/02_xcom_dag.py
[2026-09-07T20:54:49.731+0000] {logging_mixin.py:190} INFO - [2026-09-07T20:54:49.731+0000] {dag.py:3239} INFO - Sync 1 DAGs
[2026-09-07T20:54:49.747+0000] {logging_mixin.py:190} INFO - [2026-09-07T20:54:49.747+0000] {dag.py:4180} INFO - Setting next_dagrun for xcom_dag to None, run_after=None
[2026-09-07T20:54:49.767+0000] {processor.py:208} INFO - Processing /opt/airflow/dags/02_xcom_dag.py took 0.083 seconds
[2026-09-07T20:55:20.380+0000] {processor.py:186} INFO - Started process (PID=1298) to work on /opt/airflow/dags/02_xcom_dag.py
[2026-09-07T20:55:20.381+0000] {processor.py:914} INFO - Processing file /opt/airflow/dags/02_xcom_dag.py for tasks to queue
[2026-09-07T20:55:20.382+0000] {logging_mixin.py:190} INFO - [2026-09-07T20:55:20.382+0000] {dagbag.py:588} INFO - Filling up the DagBag from /opt/airflow/dags/02_xcom_dag.py
[2026-09-07T20:55:20.395+0000] {processor.py:925} INFO - DAG(s) 'xcom_dag' retrieved from /opt/airflow/dags/02_xcom_dag.py
[2026-09-07T20:55:20.419+0000] {logging_mixin.py:190} INFO - [2026-09-07T20:55:20.418+0000] {dag.py:3239} INFO - Sync 1 DAGs
[2026-09-07T20:55:20.431+0000] {logging_mixin.py:190} INFO - [2026-09-07T20:55:20.431+0000] {dag.py:4180} INFO - Setting next_dagrun for xcom_dag to None, run_after=None
[2026-09-07T20:55:20.450+0000] {processor.py:208} INFO - Processing /opt/airflow/dags/02_xcom_dag.py took 0.076 seconds
[2026-09-07T20:55:51.026+0000] {processor.py:186} INFO - Started process (PID=1312) to work on /opt/airflow/dags/02_xcom_dag.py
[2026-09-07T20:55:51.026+0000] {processor.py:914} INFO - Processing file /opt/airflow/dags/02_xcom_dag.py for tasks to queue
[2026-09-07T20:55:51.028+0000] {logging_mixin.py:190} INFO - [2026-09-07T20:55:51.027+0000] {dagbag.py:588} INFO - Filling up the DagBag from /opt/airflow/dags/02_xcom_dag.py
[2026-09-07T20:55:51.043+0000] {processor.py:925} INFO - DAG(s) 'xcom_dag' retrieved from /opt/airflow/dags/02_xcom_dag.py
[2026-09-07T20:55:51.068+0000] {logging_mixin.py:190} INFO - [2026-09-07T20:55:51.067+0000] {dag.py:3239} INFO - Sync 1 DAGs
[2026-09-07T20:55:51.080+0000] {logging_mixin.py:190} INFO - [2026-09-07T20:55:51.079+0000] {dag.py:4180} INFO - Setting next_dagrun for xcom_dag to None, run_after=None
[2026-09-07T20:55:51.098+0000] {processor.py:208} INFO - Processing /opt/airflow/dags/02_xcom_dag.py took 0.079 seconds
[2026-09-07T20:56:21.664+0000] {processor.py:186} INFO - Started process (PID=1326) to work on /opt/airflow/dags/02_xcom_dag.py
[2026-09-07T20:56:21.664+0000] {processor.py:914} INFO - Processing file /opt/airflow/dags/02_xcom_dag.py for tasks to queue
[2026-09-07T20:56:21.666+0000] {logging_mixin.py:190} INFO - [2026-09-07T20:56:21.665+0000] {dagbag.py:588} INFO - Filling up the DagBag from /opt/airflow/dags/02_xcom_dag.py
[2026-09-07T20:56:21.679+0000] {processor.py:925} INFO - DAG(s) 'xcom_dag' retrieved from /opt/airflow/dags/02_xcom_dag.py
[2026-09-07T20:56:21.704+0000] {logging_mixin.py:190} INFO - [2026-09-07T20:56:21.704+0000] {dag.py:3239} INFO - Sync 1 DAGs
[2026-09-07T20:56:21.718+0000] {logging_mixin.py:190} INFO - [2026-09-07T20:56:21.717+0000] {dag.py:4180} INFO - Setting next_dagrun for xcom_dag to None, run_after=None
[2026-09-07T20:56:21.738+0000] {processor.py:208} INFO - Processing /opt/airflow/dags/02_xcom_dag.py took 0.080 seconds
[2026-09-07T20:56:52.242+0000] {processor.py:186} INFO - Started process (PID=1346) to work on /opt/airflow/dags/02_xcom_dag.py
[2026-09-07T20:56:52.243+0000] {processor.py:914} INFO - Processing file /opt/airflow/dags/02_xcom_dag.py for tasks to queue
[2026-09-07T20:56:52.244+0000] {logging_mixin.py:190} INFO - [2026-09-07T20:56:52.244+0000] {dagbag.py:588} INFO - Filling up the DagBag from /opt/airflow/dags/02_xcom_dag.py
[2026-09-07T20:56:52.260+0000] {processor.py:925} INFO - DAG(s) 'xcom_dag' retrieved from /opt/airflow/dags/02_xcom_dag.py
[2026-09-07T20:56:52.282+0000] {logging_mixin.py:190} INFO - [2026-09-07T20:56:52.281+0000] {dag.py:3239} INFO - Sync 1 DAGs
[2026-09-07T20:56:52.294+0000] {logging_mixin.py:190} INFO - [2026-09-07T20:56:52.294+0000] {dag.py:4180} INFO - Setting next_dagrun for xcom_dag to None, run_after=None
[2026-09-07T20:56:52.313+0000] {processor.py:208} INFO - Processing /opt/airflow/dags/02_xcom_dag.py took 0.079 seconds
[2026-09-07T21:02:09.191+0000] {processor.py:186} INFO - Started process (PID=100) to work on /opt/airflow/dags/02_xcom_dag.py
[2026-09-07T21:02:09.192+0000] {processor.py:914} INFO - Processing file /opt/airflow/dags/02_xcom_dag.py for tasks to queue
[2026-09-07T21:02:09.193+0000] {logging_mixin.py:190} INFO - [2026-09-07T21:02:09.193+0000] {dagbag.py:588} INFO - Filling up the DagBag from /opt/airflow/dags/02_xcom_dag.py
[2026-09-07T21:02:09.214+0000] {processor.py:925} INFO - DAG(s) 'xcom_dag' retrieved from /opt/airflow/dags/02_xcom_dag.py
[2026-09-07T21:02:09.247+0000] {logging_mixin.py:190} INFO - [2026-09-07T21:02:09.247+0000] {dag.py:3239} INFO - Sync 1 DAGs
[2026-09-07T21:02:09.263+0000] {logging_mixin.py:190} INFO - [2026-09-07T21:02:09.263+0000] {dag.py:4180} INFO - Setting next_dagrun for xcom_dag to None, run_after=None
[2026-09-07T21:02:09.282+0000] {processor.py:208} INFO - Processing /opt/airflow/dags/02_xcom_dag.py took 0.098 seconds
[2026-09-07T21:02:39.930+0000] {processor.py:186} INFO - Started process (PID=114) to work on /opt/airflow/dags/02_xcom_dag.py
[2026-09-07T21:02:39.931+0000] {processor.py:914} INFO - Processing file /opt/airflow/dags/02_xcom_dag.py for tasks to queue
[2026-09-07T21:02:39.933+0000] {logging_mixin.py:190} INFO - [2026-09-07T21:02:39.933+0000] {dagbag.py:588} INFO - Filling up the DagBag from /opt/airflow/dags/02_xcom_dag.py
[2026-09-07T21:02:39.951+0000] {processor.py:925} INFO - DAG(s) 'xcom_dag' retrieved from /opt/airflow/dags/02_xcom_dag.py
[2026-09-07T21:02:39.978+0000] {logging_mixin.py:190} INFO - [2026-09-07T21:02:39.978+0000] {dag.py:3239} INFO - Sync 1 DAGs
[2026-09-07T21:02:39.992+0000] {logging_mixin.py:190} INFO - [2026-09-07T21:02:39.992+0000] {dag.py:4180} INFO - Setting next_dagrun for xcom_dag to None, run_after=None
[2026-09-07T21:02:40.014+0000] {processor.py:208} INFO - Processing /opt/airflow/dags/02_xcom_dag.py took 0.090 seconds
[2026-09-07T21:03:10.638+0000] {processor.py:186} INFO - Started process (PID=128) to work on /opt/airflow/dags/02_xcom_dag.py
[2026-09-07T21:03:10.641+0000] {processor.py:914} INFO - Processing file /opt/airflow/dags/02_xcom_dag.py for tasks to queue
[2026-09-07T21:03:10.643+0000] {logging_mixin.py:190} INFO - [2026-09-07T21:03:10.642+0000] {dagbag.py:588} INFO - Filling up the DagBag from /opt/airflow/dags/02_xcom_dag.py
[2026-09-07T21:03:10.664+0000] {processor.py:925} INFO - DAG(s) 'xcom_dag' retrieved from /opt/airflow/dags/02_xcom_dag.py
[2026-09-07T21:03:10.701+0000] {logging_mixin.py:190} INFO - [2026-09-07T21:03:10.701+0000] {dag.py:3239} INFO - Sync 1 DAGs
[2026-09-07T21:03:10.721+0000] {logging_mixin.py:190} INFO - [2026-09-07T21:03:10.720+0000] {dag.py:4180} INFO - Setting next_dagrun for xcom_dag to None, run_after=None
[2026-09-07T21:03:10.776+0000] {processor.py:208} INFO - Processing /opt/airflow/dags/02_xcom_dag.py took 0.145 seconds
[2026-09-07T21:03:40.952+0000] {processor.py:186} INFO - Started process (PID=142) to work on /opt/airflow/dags/02_xcom_dag.py
[2026-09-07T21:03:40.952+0000] {processor.py:914} INFO - Processing file /opt/airflow/dags/02_xcom_dag.py for tasks to queue
[2026-09-07T21:03:40.953+0000] {logging_mixin.py:190} INFO - [2026-09-07T21:03:40.953+0000] {dagbag.py:588} INFO - Filling up the DagBag from /opt/airflow/dags/02_xcom_dag.py
[2026-09-07T21:03:40.970+0000] {processor.py:925} INFO - DAG(s) 'xcom_dag' retrieved from /opt/airflow/dags/02_xcom_dag.py
[2026-09-07T21:03:40.994+0000] {logging_mixin.py:190} INFO - [2026-09-07T21:03:40.994+0000] {dag.py:3239} INFO - Sync 1 DAGs
[2026-09-07T21:03:41.007+0000] {logging_mixin.py:190} INFO - [2026-09-07T21:03:41.006+0000] {dag.py:4180} INFO - Setting next_dagrun for xcom_dag to None, run_after=None
[2026-09-07T21:03:41.026+0000] {processor.py:208} INFO - Processing /opt/airflow/dags/02_xcom_dag.py took 0.080 seconds
[2026-09-07T21:04:11.645+0000] {processor.py:186} INFO - Started process (PID=156) to work on /opt/airflow/dags/02_xcom_dag.py
[2026-09-07T21:04:11.645+0000] {processor.py:914} INFO - Processing file /opt/airflow/dags/02_xcom_dag.py for tasks to queue
[2026-09-07T21:04:11.646+0000] {logging_mixin.py:190} INFO - [2026-09-07T21:04:11.646+0000] {dagbag.py:588} INFO - Filling up the DagBag from /opt/airflow/dags/02_xcom_dag.py
[2026-09-07T21:04:11.658+0000] {processor.py:925} INFO - DAG(s) 'xcom_dag' retrieved from /opt/airflow/dags/02_xcom_dag.py
[2026-09-07T21:04:11.679+0000] {logging_mixin.py:190} INFO - [2026-09-07T21:04:11.679+0000] {dag.py:3239} INFO - Sync 1 DAGs
[2026-09-07T21:04:11.821+0000] {logging_mixin.py:190} INFO - [2026-09-07T21:04:11.820+0000] {dag.py:4180} INFO - Setting next_dagrun for xcom_dag to None, run_after=None
[2026-09-07T21:04:11.840+0000] {processor.py:208} INFO - Processing /opt/airflow/dags/02_xcom_dag.py took 0.201 seconds
[2026-09-07T21:04:41.930+0000] {processor.py:186} INFO - Started process (PID=170) to work on /opt/airflow/dags/02_xcom_dag.py
[2026-09-07T21:04:41.931+0000] {processor.py:914} INFO - Processing file /opt/airflow/dags/02_xcom_dag.py for tasks to queue
[2026-09-07T21:04:41.932+0000] {logging_mixin.py:190} INFO - [2026-09-07T21:04:41.932+0000] {dagbag.py:588} INFO - Filling up the DagBag from /opt/airflow/dags/02_xcom_dag.py
[2026-09-07T21:04:41.947+0000] {processor.py:925} INFO - DAG(s) 'xcom_dag' retrieved from /opt/airflow/dags/02_xcom_dag.py
[2026-09-07T21:04:41.971+0000] {logging_mixin.py:190} INFO - [2026-09-07T21:04:41.971+0000] {dag.py:3239} INFO - Sync 1 DAGs
[2026-09-07T21:04:41.986+0000] {logging_mixin.py:190} INFO - [2026-09-07T21:04:41.986+0000] {dag.py:4180} INFO - Setting next_dagrun for xcom_dag to None, run_after=None
[2026-09-07T21:04:42.006+0000] {processor.py:208} INFO - Processing /opt/airflow/dags/02_xcom_dag.py took 0.082 seconds
[2026-09-07T21:05:12.567+0000] {processor.py:186} INFO - Started process (PID=184) to work on /opt/airflow/dags/02_xcom_dag.py
[2026-09-07T21:05:12.568+0000] {processor.py:914} INFO - Processing file /opt/airflow/dags/02_xcom_dag.py for tasks to queue
[2026-09-07T21:05:12.569+0000] {logging_mixin.py:190} INFO - [2026-09-07T21:05:12.569+0000] {dagbag.py:588} INFO - Filling up the DagBag from /opt/airflow/dags/02_xcom_dag.py
[2026-09-07T21:05:12.583+0000] {processor.py:925} INFO - DAG(s) 'xcom_dag' retrieved from /opt/airflow/dags/02_xcom_dag.py
[2026-09-07T21:05:12.605+0000] {logging_mixin.py:190} INFO - [2026-09-07T21:05:12.605+0000] {dag.py:3239} INFO - Sync 1 DAGs
[2026-09-07T21:05:12.617+0000] {logging_mixin.py:190} INFO - [2026-09-07T21:05:12.617+0000] {dag.py:4180} INFO - Setting next_dagrun for xcom_dag to None, run_after=None
[2026-09-07T21:05:12.636+0000] {processor.py:208} INFO - Processing /opt/airflow/dags/02_xcom_dag.py took 0.075 seconds
[2026-09-07T21:05:43.142+0000] {processor.py:186} INFO - Started process (PID=198) to work on /opt/airflow/dags/02_xcom_dag.py
[2026-09-07T21:05:43.143+0000] {processor.py:914} INFO - Processing file /opt/airflow/dags/02_xcom_dag.py for tasks to queue
[2026-09-07T21:05:43.144+0000] {logging_mixin.py:190} INFO - [2026-09-07T21:05:43.144+0000] {dagbag.py:588} INFO - Filling up the DagBag from /opt/airflow/dags/02_xcom_dag.py
[2026-09-07T21:05:43.160+0000] {processor.py:925} INFO - DAG(s) 'xcom_dag' retrieved from /opt/airflow/dags/02_xcom_dag.py
[2026-09-07T21:05:43.184+0000] {logging_mixin.py:190} INFO - [2026-09-07T21:05:43.184+0000] {dag.py:3239} INFO - Sync 1 DAGs
[2026-09-07T21:05:43.197+0000] {logging_mixin.py:190} INFO - [2026-09-07T21:05:43.197+0000] {dag.py:4180} INFO - Setting next_dagrun for xcom_dag to None, run_after=None
[2026-09-07T21:05:43.217+0000] {processor.py:208} INFO - Processing /opt/airflow/dags/02_xcom_dag.py took 0.080 seconds
[2026-09-07T21:06:13.730+0000] {processor.py:186} INFO - Started process (PID=212) to work on /opt/airflow/dags/02_xcom_dag.py
[2026-09-07T21:06:13.731+0000] {processor.py:914} INFO - Processing file /opt/airflow/dags/02_xcom_dag.py for tasks to queue
[2026-09-07T21:06:13.732+0000] {logging_mixin.py:190} INFO - [2026-09-07T21:06:13.732+0000] {dagbag.py:588} INFO - Filling up the DagBag from /opt/airflow/dags/02_xcom_dag.py
[2026-09-07T21:06:13.748+0000] {processor.py:925} INFO - DAG(s) 'xcom_dag' retrieved from /opt/airflow/dags/02_xcom_dag.py
[2026-09-07T21:06:13.778+0000] {logging_mixin.py:190} INFO - [2026-09-07T21:06:13.778+0000] {dag.py:3239} INFO - Sync 1 DAGs
[2026-09-07T21:06:13.793+0000] {logging_mixin.py:190} INFO - [2026-09-07T21:06:13.793+0000] {dag.py:4180} INFO - Setting next_dagrun for xcom_dag to None, run_after=None
[2026-09-07T21:06:13.815+0000] {processor.py:208} INFO - Processing /opt/airflow/dags/02_xcom_dag.py took 0.090 seconds
[2026-09-07T21:06:44.454+0000] {processor.py:186} INFO - Started process (PID=226) to work on /opt/airflow/dags/02_xcom_dag.py
[2026-09-07T21:06:44.455+0000] {processor.py:914} INFO - Processing file /opt/airflow/dags/02_xcom_dag.py for tasks to queue
[2026-09-07T21:06:44.456+0000] {logging_mixin.py:190} INFO - [2026-09-07T21:06:44.456+0000] {dagbag.py:588} INFO - Filling up the DagBag from /opt/airflow/dags/02_xcom_dag.py
[2026-09-07T21:06:44.468+0000] {processor.py:925} INFO - DAG(s) 'xcom_dag' retrieved from /opt/airflow/dags/02_xcom_dag.py
[2026-09-07T21:06:44.489+0000] {logging_mixin.py:190} INFO - [2026-09-07T21:06:44.489+0000] {dag.py:3239} INFO - Sync 1 DAGs
[2026-09-07T21:06:44.500+0000] {logging_mixin.py:190} INFO - [2026-09-07T21:06:44.500+0000] {dag.py:4180} INFO - Setting next_dagrun for xcom_dag to None, run_after=None
[2026-09-07T21:06:44.520+0000] {processor.py:208} INFO - Processing /opt/airflow/dags/02_xcom_dag.py took 0.072 seconds
[2026-09-07T21:07:15.019+0000] {processor.py:186} INFO - Started process (PID=241) to work on /opt/airflow/dags/02_xcom_dag.py
[2026-09-07T21:07:15.019+0000] {processor.py:914} INFO - Processing file /opt/airflow/dags/02_xcom_dag.py for tasks to queue
[2026-09-07T21:07:15.021+0000] {logging_mixin.py:190} INFO - [2026-09-07T21:07:15.020+0000] {dagbag.py:588} INFO - Filling up the DagBag from /opt/airflow/dags/02_xcom_dag.py
[2026-09-07T21:07:15.036+0000] {processor.py:925} INFO - DAG(s) 'xcom_dag' retrieved from /opt/airflow/dags/02_xcom_dag.py
[2026-09-07T21:07:15.062+0000] {logging_mixin.py:190} INFO - [2026-09-07T21:07:15.062+0000] {dag.py:3239} INFO - Sync 1 DAGs
[2026-09-07T21:07:15.075+0000] {logging_mixin.py:190} INFO - [2026-09-07T21:07:15.075+0000] {dag.py:4180} INFO - Setting next_dagrun for xcom_dag to None, run_after=None
[2026-09-07T21:07:15.095+0000] {processor.py:208} INFO - Processing /opt/airflow/dags/02_xcom_dag.py took 0.082 seconds
[2026-09-07T21:07:45.652+0000] {processor.py:186} INFO - Started process (PID=255) to work on /opt/airflow/dags/02_xcom_dag.py
[2026-09-07T21:07:45.653+0000] {processor.py:914} INFO - Processing file /opt/airflow/dags/02_xcom_dag.py for tasks to queue
[2026-09-07T21:07:45.654+0000] {logging_mixin.py:190} INFO - [2026-09-07T21:07:45.654+0000] {dagbag.py:588} INFO - Filling up the DagBag from /opt/airflow/dags/02_xcom_dag.py
[2026-09-07T21:07:45.673+0000] {processor.py:925} INFO - DAG(s) 'xcom_dag' retrieved from /opt/airflow/dags/02_xcom_dag.py
[2026-09-07T21:07:45.705+0000] {logging_mixin.py:190} INFO - [2026-09-07T21:07:45.705+0000] {dag.py:3239} INFO - Sync 1 DAGs
[2026-09-07T21:07:45.721+0000] {logging_mixin.py:190} INFO - [2026-09-07T21:07:45.721+0000] {dag.py:4180} INFO - Setting next_dagrun for xcom_dag to None, run_after=None
[2026-09-07T21:07:45.742+0000] {processor.py:208} INFO - Processing /opt/airflow/dags/02_xcom_dag.py took 0.096 seconds
[2026-09-07T21:08:16.266+0000] {processor.py:186} INFO - Started process (PID=269) to work on /opt/airflow/dags/02_xcom_dag.py
[2026-09-07T21:08:16.267+0000] {processor.py:914} INFO - Processing file /opt/airflow/dags/02_xcom_dag.py for tasks to queue
[2026-09-07T21:08:16.268+0000] {logging_mixin.py:190} INFO - [2026-09-07T21:08:16.268+0000] {dagbag.py:588} INFO - Filling up the DagBag from /opt/airflow/dags/02_xcom_dag.py
[2026-09-07T21:08:16.281+0000] {processor.py:925} INFO - DAG(s) 'xcom_dag' retrieved from /opt/airflow/dags/02_xcom_dag.py
[2026-09-07T21:08:16.309+0000] {logging_mixin.py:190} INFO - [2026-09-07T21:08:16.309+0000] {dag.py:3239} INFO - Sync 1 DAGs
[2026-09-07T21:08:16.323+0000] {logging_mixin.py:190} INFO - [2026-09-07T21:08:16.323+0000] {dag.py:4180} INFO - Setting next_dagrun for xcom_dag to None, run_after=None
[2026-09-07T21:08:16.346+0000] {processor.py:208} INFO - Processing /opt/airflow/dags/02_xcom_dag.py took 0.085 seconds
[2026-09-07T21:08:46.879+0000] {processor.py:186} INFO - Started process (PID=283) to work on /opt/airflow/dags/02_xcom_dag.py
[2026-09-07T21:08:46.879+0000] {processor.py:914} INFO - Processing file /opt/airflow/dags/02_xcom_dag.py for tasks to queue
[2026-09-07T21:08:46.881+0000] {logging_mixin.py:190} INFO - [2026-09-07T21:08:46.880+0000] {dagbag.py:588} INFO - Filling up the DagBag from /opt/airflow/dags/02_xcom_dag.py
[2026-09-07T21:08:46.896+0000] {processor.py:925} INFO - DAG(s) 'xcom_dag' retrieved from /opt/airflow/dags/02_xcom_dag.py
[2026-09-07T21:08:46.921+0000] {logging_mixin.py:190} INFO - [2026-09-07T21:08:46.921+0000] {dag.py:3239} INFO - Sync 1 DAGs
[2026-09-07T21:08:46.938+0000] {logging_mixin.py:190} INFO - [2026-09-07T21:08:46.938+0000] {dag.py:4180} INFO - Setting next_dagrun for xcom_dag to None, run_after=None
[2026-09-07T21:08:46.955+0000] {processor.py:208} INFO - Processing /opt/airflow/dags/02_xcom_dag.py took 0.081 seconds
