[2026-09-07T12:14:21.608+0000] {processor.py:186} INFO - Started process (PID=103) to work on /opt/airflow/dags/03_branching_dag.py
[2026-09-07T12:14:21.609+0000] {processor.py:914} INFO - Processing file /opt/airflow/dags/03_branching_dag.py for tasks to queue
[2026-09-07T12:14:21.610+0000] {logging_mixin.py:190} INFO - [2026-09-07T12:14:21.610+0000] {dagbag.py:588} INFO - Filling up the DagBag from /opt/airflow/dags/03_branching_dag.py
[2026-09-07T12:14:21.628+0000] {processor.py:925} INFO - DAG(s) 'branching_dag' retrieved from /opt/airflow/dags/03_branching_dag.py
[2026-09-07T12:14:21.658+0000] {logging_mixin.py:190} INFO - [2026-09-07T12:14:21.657+0000] {dag.py:3239} INFO - Sync 1 DAGs
[2026-09-07T12:14:21.674+0000] {logging_mixin.py:190} INFO - [2026-09-07T12:14:21.674+0000] {dag.py:4180} INFO - Setting next_dagrun for branching_dag to None, run_after=None
[2026-09-07T12:14:21.699+0000] {processor.py:208} INFO - Processing /opt/airflow/dags/03_branching_dag.py took 0.099 seconds
[2026-09-07T12:14:51.759+0000] {processor.py:186} INFO - Started process (PID=115) to work on /opt/airflow/dags/03_branching_dag.py
[2026-09-07T12:14:51.761+0000] {processor.py:914} INFO - Processing file /opt/airflow/dags/03_branching_dag.py for tasks to queue
[2026-09-07T12:14:51.763+0000] {logging_mixin.py:190} INFO - [2026-09-07T12:14:51.762+0000] {dagbag.py:588} INFO - Filling up the DagBag from /opt/airflow/dags/03_branching_dag.py
[2026-09-07T12:14:51.780+0000] {processor.py:925} INFO - DAG(s) 'branching_dag' retrieved from /opt/airflow/dags/03_branching_dag.py
[2026-09-07T12:14:51.809+0000] {logging_mixin.py:190} INFO - [2026-09-07T12:14:51.809+0000] {dag.py:3239} INFO - Sync 1 DAGs
[2026-09-07T12:14:51.825+0000] {logging_mixin.py:190} INFO - [2026-09-07T12:14:51.825+0000] {dag.py:4180} INFO - Setting next_dagrun for branching_dag to None, run_after=None
[2026-09-07T12:14:51.850+0000] {processor.py:208} INFO - Processing /opt/airflow/dags/03_branching_dag.py took 0.098 seconds
[2026-09-07T12:15:22.509+0000] {processor.py:186} INFO - Started process (PID=129) to work on /opt/airflow/dags/03_branching_dag.py
[2026-09-07T12:15:22.509+0000] {processor.py:914} INFO - Processing file /opt/airflow/dags/03_branching_dag.py for tasks to queue
[2026-09-07T12:15:22.510+0000] {logging_mixin.py:190} INFO - [2026-09-07T12:15:22.510+0000] {dagbag.py:588} INFO - Filling up the DagBag from /opt/airflow/dags/03_branching_dag.py
[2026-09-07T12:15:22.528+0000] {processor.py:925} INFO - DAG(s) 'branching_dag' retrieved from /opt/airflow/dags/03_branching_dag.py
[2026-09-07T12:15:22.554+0000] {logging_mixin.py:190} INFO - [2026-09-07T12:15:22.554+0000] {dag.py:3239} INFO - Sync 1 DAGs
[2026-09-07T12:15:22.567+0000] {logging_mixin.py:190} INFO - [2026-09-07T12:15:22.567+0000] {dag.py:4180} INFO - Setting next_dagrun for branching_dag to None, run_after=None
[2026-09-07T12:15:22.588+0000] {processor.py:208} INFO - Processing /opt/airflow/dags/03_branching_dag.py took 0.085 seconds
[2026-09-07T12:15:53.259+0000] {processor.py:186} INFO - Started process (PID=143) to work on /opt/airflow/dags/03_branching_dag.py
[2026-09-07T12:15:53.259+0000] {processor.py:914} INFO - Processing file /opt/airflow/dags/03_branching_dag.py for tasks to queue
[2026-09-07T12:15:53.260+0000] {logging_mixin.py:190} INFO - [2026-09-07T12:15:53.260+0000] {dagbag.py:588} INFO - Filling up the DagBag from /opt/airflow/dags/03_branching_dag.py
[2026-09-07T12:15:53.272+0000] {processor.py:925} INFO - DAG(s) 'branching_dag' retrieved from /opt/airflow/dags/03_branching_dag.py
[2026-09-07T12:15:53.293+0000] {logging_mixin.py:190} INFO - [2026-09-07T12:15:53.293+0000] {dag.py:3239} INFO - Sync 1 DAGs
[2026-09-07T12:15:53.305+0000] {logging_mixin.py:190} INFO - [2026-09-07T12:15:53.305+0000] {dag.py:4180} INFO - Setting next_dagrun for branching_dag to None, run_after=None
[2026-09-07T12:15:53.323+0000] {processor.py:208} INFO - Processing /opt/airflow/dags/03_branching_dag.py took 0.069 seconds
[2026-09-07T12:16:24.149+0000] {processor.py:186} INFO - Started process (PID=157) to work on /opt/airflow/dags/03_branching_dag.py
[2026-09-07T12:16:24.149+0000] {processor.py:914} INFO - Processing file /opt/airflow/dags/03_branching_dag.py for tasks to queue
[2026-09-07T12:16:24.151+0000] {logging_mixin.py:190} INFO - [2026-09-07T12:16:24.150+0000] {dagbag.py:588} INFO - Filling up the DagBag from /opt/airflow/dags/03_branching_dag.py
[2026-09-07T12:16:24.163+0000] {processor.py:925} INFO - DAG(s) 'branching_dag' retrieved from /opt/airflow/dags/03_branching_dag.py
[2026-09-07T12:16:24.184+0000] {logging_mixin.py:190} INFO - [2026-09-07T12:16:24.184+0000] {dag.py:3239} INFO - Sync 1 DAGs
[2026-09-07T12:16:24.296+0000] {logging_mixin.py:190} INFO - [2026-09-07T12:16:24.296+0000] {dag.py:4180} INFO - Setting next_dagrun for branching_dag to None, run_after=None
[2026-09-07T12:16:24.311+0000] {processor.py:208} INFO - Processing /opt/airflow/dags/03_branching_dag.py took 0.167 seconds
[2026-09-07T12:16:54.444+0000] {processor.py:186} INFO - Started process (PID=171) to work on /opt/airflow/dags/03_branching_dag.py
[2026-09-07T12:16:54.445+0000] {processor.py:914} INFO - Processing file /opt/airflow/dags/03_branching_dag.py for tasks to queue
[2026-09-07T12:16:54.446+0000] {logging_mixin.py:190} INFO - [2026-09-07T12:16:54.446+0000] {dagbag.py:588} INFO - Filling up the DagBag from /opt/airflow/dags/03_branching_dag.py
[2026-09-07T12:16:54.457+0000] {processor.py:925} INFO - DAG(s) 'branching_dag' retrieved from /opt/airflow/dags/03_branching_dag.py
[2026-09-07T12:16:54.480+0000] {logging_mixin.py:190} INFO - [2026-09-07T12:16:54.480+0000] {dag.py:3239} INFO - Sync 1 DAGs
[2026-09-07T12:16:54.492+0000] {logging_mixin.py:190} INFO - [2026-09-07T12:16:54.492+0000] {dag.py:4180} INFO - Setting next_dagrun for branching_dag to None, run_after=None
[2026-09-07T12:16:54.512+0000] {processor.py:208} INFO - Processing /opt/airflow/dags/03_branching_dag.py took 0.073 seconds
[2026-09-07T12:17:25.108+0000] {processor.py:186} INFO - Started process (PID=185) to work on /opt/airflow/dags/03_branching_dag.py
[2026-09-07T12:17:25.108+0000] {processor.py:914} INFO - Processing file /opt/airflow/dags/03_branching_dag.py for tasks to queue
[2026-09-07T12:17:25.109+0000] {logging_mixin.py:190} INFO - [2026-09-07T12:17:25.109+0000] {dagbag.py:588} INFO - Filling up the DagBag from /opt/airflow/dags/03_branching_dag.py
[2026-09-07T12:17:25.121+0000] {processor.py:925} INFO - DAG(s) 'branching_dag' retrieved from /opt/airflow/dags/03_branching_dag.py
[2026-09-07T12:17:25.141+0000] {logging_mixin.py:190} INFO - [2026-09-07T12:17:25.141+0000] {dag.py:3239} INFO - Sync 1 DAGs
[2026-09-07T12:17:25.155+0000] {logging_mixin.py:190} INFO - [2026-09-07T12:17:25.155+0000] {dag.py:4180} INFO - Setting next_dagrun for branching_dag to None, run_after=None
[2026-09-07T12:17:25.172+0000] {processor.py:208} INFO - Processing /opt/airflow/dags/03_branching_dag.py took 0.069 seconds
[2026-09-07T12:17:55.952+0000] {processor.py:186} INFO - Started process (PID=199) to work on /opt/airflow/dags/03_branching_dag.py
[2026-09-07T12:17:55.952+0000] {processor.py:914} INFO - Processing file /opt/airflow/dags/03_branching_dag.py for tasks to queue
[2026-09-07T12:17:55.954+0000] {logging_mixin.py:190} INFO - [2026-09-07T12:17:55.953+0000] {dagbag.py:588} INFO - Filling up the DagBag from /opt/airflow/dags/03_branching_dag.py
[2026-09-07T12:17:55.966+0000] {processor.py:925} INFO - DAG(s) 'branching_dag' retrieved from /opt/airflow/dags/03_branching_dag.py
[2026-09-07T12:17:55.994+0000] {logging_mixin.py:190} INFO - [2026-09-07T12:17:55.993+0000] {dag.py:3239} INFO - Sync 1 DAGs
[2026-09-07T12:17:56.007+0000] {logging_mixin.py:190} INFO - [2026-09-07T12:17:56.006+0000] {dag.py:4180} INFO - Setting next_dagrun for branching_dag to None, run_after=None
[2026-09-07T12:17:56.028+0000] {processor.py:208} INFO - Processing /opt/airflow/dags/03_branching_dag.py took 0.082 seconds
[2026-09-07T12:18:26.655+0000] {processor.py:186} INFO - Started process (PID=213) to work on /opt/airflow/dags/03_branching_dag.py
[2026-09-07T12:18:26.656+0000] {processor.py:914} INFO - Processing file /opt/airflow/dags/03_branching_dag.py for tasks to queue
[2026-09-07T12:18:26.657+0000] {logging_mixin.py:190} INFO - [2026-09-07T12:18:26.656+0000] {dagbag.py:588} INFO - Filling up the DagBag from /opt/airflow/dags/03_branching_dag.py
[2026-09-07T12:18:26.669+0000] {processor.py:925} INFO - DAG(s) 'branching_dag' retrieved from /opt/airflow/dags/03_branching_dag.py
[2026-09-07T12:18:26.690+0000] {logging_mixin.py:190} INFO - [2026-09-07T12:18:26.690+0000] {dag.py:3239} INFO - Sync 1 DAGs
[2026-09-07T12:18:26.705+0000] {logging_mixin.py:190} INFO - [2026-09-07T12:18:26.705+0000] {dag.py:4180} INFO - Setting next_dagrun for branching_dag to None, run_after=None
[2026-09-07T12:18:26.724+0000] {processor.py:208} INFO - Processing /opt/airflow/dags/03_branching_dag.py took 0.074 seconds
[2026-09-07T12:18:57.349+0000] {processor.py:186} INFO - Started process (PID=227) to work on /opt/airflow/dags/03_branching_dag.py
[2026-09-07T12:18:57.350+0000] {processor.py:914} INFO - Processing file /opt/airflow/dags/03_branching_dag.py for tasks to queue
[2026-09-07T12:18:57.351+0000] {logging_mixin.py:190} INFO - [2026-09-07T12:18:57.351+0000] {dagbag.py:588} INFO - Filling up the DagBag from /opt/airflow/dags/03_branching_dag.py
[2026-09-07T12:18:57.363+0000] {processor.py:925} INFO - DAG(s) 'branching_dag' retrieved from /opt/airflow/dags/03_branching_dag.py
[2026-09-07T12:18:57.388+0000] {logging_mixin.py:190} INFO - [2026-09-07T12:18:57.388+0000] {dag.py:3239} INFO - Sync 1 DAGs
[2026-09-07T12:18:57.399+0000] {logging_mixin.py:190} INFO - [2026-09-07T12:18:57.399+0000] {dag.py:4180} INFO - Setting next_dagrun for branching_dag to None, run_after=None
[2026-09-07T12:18:57.418+0000] {processor.py:208} INFO - Processing /opt/airflow/dags/03_branching_dag.py took 0.074 seconds
[2026-09-07T12:19:28.084+0000] {processor.py:186} INFO - Started process (PID=241) to work on /opt/airflow/dags/03_branching_dag.py
[2026-09-07T12:19:28.085+0000] {processor.py:914} INFO - Processing file /opt/airflow/dags/03_branching_dag.py for tasks to queue
[2026-09-07T12:19:28.086+0000] {logging_mixin.py:190} INFO - [2026-09-07T12:19:28.086+0000] {dagbag.py:588} INFO - Filling up the DagBag from /opt/airflow/dags/03_branching_dag.py
[2026-09-07T12:19:28.098+0000] {processor.py:925} INFO - DAG(s) 'branching_dag' retrieved from /opt/airflow/dags/03_branching_dag.py
[2026-09-07T12:19:28.121+0000] {logging_mixin.py:190} INFO - [2026-09-07T12:19:28.120+0000] {dag.py:3239} INFO - Sync 1 DAGs
[2026-09-07T12:19:28.134+0000] {logging_mixin.py:190} INFO - [2026-09-07T12:19:28.134+0000] {dag.py:4180} INFO - Setting next_dagrun for branching_dag to None, run_after=None
[2026-09-07T12:19:28.153+0000] {processor.py:208} INFO - Processing /opt/airflow/dags/03_branching_dag.py took 0.074 seconds
[2026-09-07T12:19:58.744+0000] {processor.py:186} INFO - Started process (PID=255) to work on /opt/airflow/dags/03_branching_dag.py
[2026-09-07T12:19:58.744+0000] {processor.py:914} INFO - Processing file /opt/airflow/dags/03_branching_dag.py for tasks to queue
[2026-09-07T12:19:58.745+0000] {logging_mixin.py:190} INFO - [2026-09-07T12:19:58.745+0000] {dagbag.py:588} INFO - Filling up the DagBag from /opt/airflow/dags/03_branching_dag.py
[2026-09-07T12:19:58.757+0000] {processor.py:925} INFO - DAG(s) 'branching_dag' retrieved from /opt/airflow/dags/03_branching_dag.py
[2026-09-07T12:19:58.777+0000] {logging_mixin.py:190} INFO - [2026-09-07T12:19:58.777+0000] {dag.py:3239} INFO - Sync 1 DAGs
[2026-09-07T12:19:58.788+0000] {logging_mixin.py:190} INFO - [2026-09-07T12:19:58.788+0000] {dag.py:4180} INFO - Setting next_dagrun for branching_dag to None, run_after=None
[2026-09-07T12:19:58.807+0000] {processor.py:208} INFO - Processing /opt/airflow/dags/03_branching_dag.py took 0.068 seconds
[2026-09-07T12:20:29.438+0000] {processor.py:186} INFO - Started process (PID=269) to work on /opt/airflow/dags/03_branching_dag.py
[2026-09-07T12:20:29.438+0000] {processor.py:914} INFO - Processing file /opt/airflow/dags/03_branching_dag.py for tasks to queue
[2026-09-07T12:20:29.440+0000] {logging_mixin.py:190} INFO - [2026-09-07T12:20:29.439+0000] {dagbag.py:588} INFO - Filling up the DagBag from /opt/airflow/dags/03_branching_dag.py
[2026-09-07T12:20:29.455+0000] {processor.py:925} INFO - DAG(s) 'branching_dag' retrieved from /opt/airflow/dags/03_branching_dag.py
[2026-09-07T12:20:29.479+0000] {logging_mixin.py:190} INFO - [2026-09-07T12:20:29.478+0000] {dag.py:3239} INFO - Sync 1 DAGs
[2026-09-07T12:20:29.491+0000] {logging_mixin.py:190} INFO - [2026-09-07T12:20:29.490+0000] {dag.py:4180} INFO - Setting next_dagrun for branching_dag to None, run_after=None
[2026-09-07T12:20:29.509+0000] {processor.py:208} INFO - Processing /opt/airflow/dags/03_branching_dag.py took 0.076 seconds
[2026-09-07T12:21:00.171+0000] {processor.py:186} INFO - Started process (PID=283) to work on /opt/airflow/dags/03_branching_dag.py
[2026-09-07T12:21:00.172+0000] {processor.py:914} INFO - Processing file /opt/airflow/dags/03_branching_dag.py for tasks to queue
[2026-09-07T12:21:00.173+0000] {logging_mixin.py:190} INFO - [2026-09-07T12:21:00.172+0000] {dagbag.py:588} INFO - Filling up the DagBag from /opt/airflow/dags/03_branching_dag.py
[2026-09-07T12:21:00.186+0000] {processor.py:925} INFO - DAG(s) 'branching_dag' retrieved from /opt/airflow/dags/03_branching_dag.py
[2026-09-07T12:21:00.207+0000] {logging_mixin.py:190} INFO - [2026-09-07T12:21:00.207+0000] {dag.py:3239} INFO - Sync 1 DAGs
[2026-09-07T12:21:00.220+0000] {logging_mixin.py:190} INFO - [2026-09-07T12:21:00.220+0000] {dag.py:4180} INFO - Setting next_dagrun for branching_dag to None, run_after=None
[2026-09-07T12:21:00.245+0000] {processor.py:208} INFO - Processing /opt/airflow/dags/03_branching_dag.py took 0.079 seconds
[2026-09-07T12:21:30.882+0000] {processor.py:186} INFO - Started process (PID=297) to work on /opt/airflow/dags/03_branching_dag.py
[2026-09-07T12:21:30.882+0000] {processor.py:914} INFO - Processing file /opt/airflow/dags/03_branching_dag.py for tasks to queue
[2026-09-07T12:21:30.883+0000] {logging_mixin.py:190} INFO - [2026-09-07T12:21:30.883+0000] {dagbag.py:588} INFO - Filling up the DagBag from /opt/airflow/dags/03_branching_dag.py
[2026-09-07T12:21:30.898+0000] {processor.py:925} INFO - DAG(s) 'branching_dag' retrieved from /opt/airflow/dags/03_branching_dag.py
[2026-09-07T12:21:30.918+0000] {logging_mixin.py:190} INFO - [2026-09-07T12:21:30.918+0000] {dag.py:3239} INFO - Sync 1 DAGs
[2026-09-07T12:21:30.929+0000] {logging_mixin.py:190} INFO - [2026-09-07T12:21:30.929+0000] {dag.py:4180} INFO - Setting next_dagrun for branching_dag to None, run_after=None
[2026-09-07T12:21:30.951+0000] {processor.py:208} INFO - Processing /opt/airflow/dags/03_branching_dag.py took 0.075 seconds
[2026-09-07T12:22:01.605+0000] {processor.py:186} INFO - Started process (PID=311) to work on /opt/airflow/dags/03_branching_dag.py
[2026-09-07T12:22:01.606+0000] {processor.py:914} INFO - Processing file /opt/airflow/dags/03_branching_dag.py for tasks to queue
[2026-09-07T12:22:01.607+0000] {logging_mixin.py:190} INFO - [2026-09-07T12:22:01.607+0000] {dagbag.py:588} INFO - Filling up the DagBag from /opt/airflow/dags/03_branching_dag.py
[2026-09-07T12:22:01.619+0000] {processor.py:925} INFO - DAG(s) 'branching_dag' retrieved from /opt/airflow/dags/03_branching_dag.py
[2026-09-07T12:22:01.642+0000] {logging_mixin.py:190} INFO - [2026-09-07T12:22:01.642+0000] {dag.py:3239} INFO - Sync 1 DAGs
[2026-09-07T12:22:01.655+0000] {logging_mixin.py:190} INFO - [2026-09-07T12:22:01.655+0000] {dag.py:4180} INFO - Setting next_dagrun for branching_dag to None, run_after=None
[2026-09-07T12:22:01.680+0000] {processor.py:208} INFO - Processing /opt/airflow/dags/03_branching_dag.py took 0.080 seconds
[2026-09-07T12:22:32.274+0000] {processor.py:186} INFO - Started process (PID=325) to work on /opt/airflow/dags/03_branching_dag.py
[2026-09-07T12:22:32.274+0000] {processor.py:914} INFO - Processing file /opt/airflow/dags/03_branching_dag.py for tasks to queue
[2026-09-07T12:22:32.276+0000] {logging_mixin.py:190} INFO - [2026-09-07T12:22:32.275+0000] {dagbag.py:588} INFO - Filling up the DagBag from /opt/airflow/dags/03_branching_dag.py
[2026-09-07T12:22:32.287+0000] {processor.py:925} INFO - DAG(s) 'branching_dag' retrieved from /opt/airflow/dags/03_branching_dag.py
[2026-09-07T12:22:32.309+0000] {logging_mixin.py:190} INFO - [2026-09-07T12:22:32.309+0000] {dag.py:3239} INFO - Sync 1 DAGs
[2026-09-07T12:22:32.321+0000] {logging_mixin.py:190} INFO - [2026-09-07T12:22:32.321+0000] {dag.py:4180} INFO - Setting next_dagrun for branching_dag to None, run_after=None
[2026-09-07T12:22:32.339+0000] {processor.py:208} INFO - Processing /opt/airflow/dags/03_branching_dag.py took 0.070 seconds
[2026-09-07T12:23:03.006+0000] {processor.py:186} INFO - Started process (PID=339) to work on /opt/airflow/dags/03_branching_dag.py
[2026-09-07T12:23:03.006+0000] {processor.py:914} INFO - Processing file /opt/airflow/dags/03_branching_dag.py for tasks to queue
[2026-09-07T12:23:03.008+0000] {logging_mixin.py:190} INFO - [2026-09-07T12:23:03.007+0000] {dagbag.py:588} INFO - Filling up the DagBag from /opt/airflow/dags/03_branching_dag.py
[2026-09-07T12:23:03.026+0000] {processor.py:925} INFO - DAG(s) 'branching_dag' retrieved from /opt/airflow/dags/03_branching_dag.py
[2026-09-07T12:23:03.045+0000] {logging_mixin.py:190} INFO - [2026-09-07T12:23:03.045+0000] {dag.py:3239} INFO - Sync 1 DAGs
[2026-09-07T12:23:03.056+0000] {logging_mixin.py:190} INFO - [2026-09-07T12:23:03.056+0000] {dag.py:4180} INFO - Setting next_dagrun for branching_dag to None, run_after=None
[2026-09-07T12:23:03.075+0000] {processor.py:208} INFO - Processing /opt/airflow/dags/03_branching_dag.py took 0.074 seconds
[2026-09-07T12:23:33.745+0000] {processor.py:186} INFO - Started process (PID=353) to work on /opt/airflow/dags/03_branching_dag.py
[2026-09-07T12:23:33.746+0000] {processor.py:914} INFO - Processing file /opt/airflow/dags/03_branching_dag.py for tasks to queue
[2026-09-07T12:23:33.748+0000] {logging_mixin.py:190} INFO - [2026-09-07T12:23:33.747+0000] {dagbag.py:588} INFO - Filling up the DagBag from /opt/airflow/dags/03_branching_dag.py
[2026-09-07T12:23:33.761+0000] {processor.py:925} INFO - DAG(s) 'branching_dag' retrieved from /opt/airflow/dags/03_branching_dag.py
[2026-09-07T12:23:33.784+0000] {logging_mixin.py:190} INFO - [2026-09-07T12:23:33.784+0000] {dag.py:3239} INFO - Sync 1 DAGs
[2026-09-07T12:23:33.796+0000] {logging_mixin.py:190} INFO - [2026-09-07T12:23:33.796+0000] {dag.py:4180} INFO - Setting next_dagrun for branching_dag to None, run_after=None
[2026-09-07T12:23:33.816+0000] {processor.py:208} INFO - Processing /opt/airflow/dags/03_branching_dag.py took 0.076 seconds
[2026-09-07T12:24:04.467+0000] {processor.py:186} INFO - Started process (PID=367) to work on /opt/airflow/dags/03_branching_dag.py
[2026-09-07T12:24:04.468+0000] {processor.py:914} INFO - Processing file /opt/airflow/dags/03_branching_dag.py for tasks to queue
[2026-09-07T12:24:04.469+0000] {logging_mixin.py:190} INFO - [2026-09-07T12:24:04.469+0000] {dagbag.py:588} INFO - Filling up the DagBag from /opt/airflow/dags/03_branching_dag.py
[2026-09-07T12:24:04.485+0000] {processor.py:925} INFO - DAG(s) 'branching_dag' retrieved from /opt/airflow/dags/03_branching_dag.py
[2026-09-07T12:24:04.510+0000] {logging_mixin.py:190} INFO - [2026-09-07T12:24:04.509+0000] {dag.py:3239} INFO - Sync 1 DAGs
[2026-09-07T12:24:04.522+0000] {logging_mixin.py:190} INFO - [2026-09-07T12:24:04.521+0000] {dag.py:4180} INFO - Setting next_dagrun for branching_dag to None, run_after=None
[2026-09-07T12:24:04.558+0000] {processor.py:208} INFO - Processing /opt/airflow/dags/03_branching_dag.py took 0.096 seconds
[2026-09-07T12:24:35.203+0000] {processor.py:186} INFO - Started process (PID=381) to work on /opt/airflow/dags/03_branching_dag.py
[2026-09-07T12:24:35.203+0000] {processor.py:914} INFO - Processing file /opt/airflow/dags/03_branching_dag.py for tasks to queue
[2026-09-07T12:24:35.204+0000] {logging_mixin.py:190} INFO - [2026-09-07T12:24:35.204+0000] {dagbag.py:588} INFO - Filling up the DagBag from /opt/airflow/dags/03_branching_dag.py
[2026-09-07T12:24:35.216+0000] {processor.py:925} INFO - DAG(s) 'branching_dag' retrieved from /opt/airflow/dags/03_branching_dag.py
[2026-09-07T12:24:35.248+0000] {logging_mixin.py:190} INFO - [2026-09-07T12:24:35.247+0000] {dag.py:3239} INFO - Sync 1 DAGs
[2026-09-07T12:24:35.261+0000] {logging_mixin.py:190} INFO - [2026-09-07T12:24:35.261+0000] {dag.py:4180} INFO - Setting next_dagrun for branching_dag to None, run_after=None
[2026-09-07T12:24:35.281+0000] {processor.py:208} INFO - Processing /opt/airflow/dags/03_branching_dag.py took 0.084 seconds
[2026-09-07T12:25:05.862+0000] {processor.py:186} INFO - Started process (PID=395) to work on /opt/airflow/dags/03_branching_dag.py
[2026-09-07T12:25:05.863+0000] {processor.py:914} INFO - Processing file /opt/airflow/dags/03_branching_dag.py for tasks to queue
[2026-09-07T12:25:05.864+0000] {logging_mixin.py:190} INFO - [2026-09-07T12:25:05.864+0000] {dagbag.py:588} INFO - Filling up the DagBag from /opt/airflow/dags/03_branching_dag.py
[2026-09-07T12:25:05.875+0000] {processor.py:925} INFO - DAG(s) 'branching_dag' retrieved from /opt/airflow/dags/03_branching_dag.py
[2026-09-07T12:25:05.894+0000] {logging_mixin.py:190} INFO - [2026-09-07T12:25:05.894+0000] {dag.py:3239} INFO - Sync 1 DAGs
[2026-09-07T12:25:05.905+0000] {logging_mixin.py:190} INFO - [2026-09-07T12:25:05.905+0000] {dag.py:4180} INFO - Setting next_dagrun for branching_dag to None, run_after=None
[2026-09-07T12:25:05.921+0000] {processor.py:208} INFO - Processing /opt/airflow/dags/03_branching_dag.py took 0.063 seconds
[2026-09-07T12:25:36.521+0000] {processor.py:186} INFO - Started process (PID=415) to work on /opt/airflow/dags/03_branching_dag.py
[2026-09-07T12:25:36.522+0000] {processor.py:914} INFO - Processing file /opt/airflow/dags/03_branching_dag.py for tasks to queue
[2026-09-07T12:25:36.523+0000] {logging_mixin.py:190} INFO - [2026-09-07T12:25:36.522+0000] {dagbag.py:588} INFO - Filling up the DagBag from /opt/airflow/dags/03_branching_dag.py
[2026-09-07T12:25:36.534+0000] {processor.py:925} INFO - DAG(s) 'branching_dag' retrieved from /opt/airflow/dags/03_branching_dag.py
[2026-09-07T12:25:36.554+0000] {logging_mixin.py:190} INFO - [2026-09-07T12:25:36.554+0000] {dag.py:3239} INFO - Sync 1 DAGs
[2026-09-07T12:25:36.565+0000] {logging_mixin.py:190} INFO - [2026-09-07T12:25:36.565+0000] {dag.py:4180} INFO - Setting next_dagrun for branching_dag to None, run_after=None
[2026-09-07T12:25:36.592+0000] {processor.py:208} INFO - Processing /opt/airflow/dags/03_branching_dag.py took 0.075 seconds
[2026-09-07T12:26:07.205+0000] {processor.py:186} INFO - Started process (PID=429) to work on /opt/airflow/dags/03_branching_dag.py
[2026-09-07T12:26:07.206+0000] {processor.py:914} INFO - Processing file /opt/airflow/dags/03_branching_dag.py for tasks to queue
[2026-09-07T12:26:07.207+0000] {logging_mixin.py:190} INFO - [2026-09-07T12:26:07.206+0000] {dagbag.py:588} INFO - Filling up the DagBag from /opt/airflow/dags/03_branching_dag.py
[2026-09-07T12:26:07.219+0000] {processor.py:925} INFO - DAG(s) 'branching_dag' retrieved from /opt/airflow/dags/03_branching_dag.py
[2026-09-07T12:26:07.245+0000] {logging_mixin.py:190} INFO - [2026-09-07T12:26:07.245+0000] {dag.py:3239} INFO - Sync 1 DAGs
[2026-09-07T12:26:07.256+0000] {logging_mixin.py:190} INFO - [2026-09-07T12:26:07.256+0000] {dag.py:4180} INFO - Setting next_dagrun for branching_dag to None, run_after=None
[2026-09-07T12:26:07.274+0000] {processor.py:208} INFO - Processing /opt/airflow/dags/03_branching_dag.py took 0.073 seconds
[2026-09-07T12:26:37.846+0000] {processor.py:186} INFO - Started process (PID=443) to work on /opt/airflow/dags/03_branching_dag.py
[2026-09-07T12:26:37.847+0000] {processor.py:914} INFO - Processing file /opt/airflow/dags/03_branching_dag.py for tasks to queue
[2026-09-07T12:26:37.848+0000] {logging_mixin.py:190} INFO - [2026-09-07T12:26:37.848+0000] {dagbag.py:588} INFO - Filling up the DagBag from /opt/airflow/dags/03_branching_dag.py
[2026-09-07T12:26:37.873+0000] {processor.py:925} INFO - DAG(s) 'branching_dag' retrieved from /opt/airflow/dags/03_branching_dag.py
[2026-09-07T12:26:37.901+0000] {logging_mixin.py:190} INFO - [2026-09-07T12:26:37.901+0000] {dag.py:3239} INFO - Sync 1 DAGs
[2026-09-07T12:26:37.917+0000] {logging_mixin.py:190} INFO - [2026-09-07T12:26:37.917+0000] {dag.py:4180} INFO - Setting next_dagrun for branching_dag to None, run_after=None
[2026-09-07T12:26:37.942+0000] {processor.py:208} INFO - Processing /opt/airflow/dags/03_branching_dag.py took 0.102 seconds
[2026-09-07T12:27:08.425+0000] {processor.py:186} INFO - Started process (PID=457) to work on /opt/airflow/dags/03_branching_dag.py
[2026-09-07T12:27:08.425+0000] {processor.py:914} INFO - Processing file /opt/airflow/dags/03_branching_dag.py for tasks to queue
[2026-09-07T12:27:08.426+0000] {logging_mixin.py:190} INFO - [2026-09-07T12:27:08.426+0000] {dagbag.py:588} INFO - Filling up the DagBag from /opt/airflow/dags/03_branching_dag.py
[2026-09-07T12:27:08.438+0000] {processor.py:925} INFO - DAG(s) 'branching_dag' retrieved from /opt/airflow/dags/03_branching_dag.py
[2026-09-07T12:27:08.458+0000] {logging_mixin.py:190} INFO - [2026-09-07T12:27:08.458+0000] {dag.py:3239} INFO - Sync 1 DAGs
[2026-09-07T12:27:08.470+0000] {logging_mixin.py:190} INFO - [2026-09-07T12:27:08.469+0000] {dag.py:4180} INFO - Setting next_dagrun for branching_dag to None, run_after=None
[2026-09-07T12:27:08.487+0000] {processor.py:208} INFO - Processing /opt/airflow/dags/03_branching_dag.py took 0.067 seconds
[2026-09-07T12:27:39.100+0000] {processor.py:186} INFO - Started process (PID=471) to work on /opt/airflow/dags/03_branching_dag.py
[2026-09-07T12:27:39.100+0000] {processor.py:914} INFO - Processing file /opt/airflow/dags/03_branching_dag.py for tasks to queue
[2026-09-07T12:27:39.101+0000] {logging_mixin.py:190} INFO - [2026-09-07T12:27:39.101+0000] {dagbag.py:588} INFO - Filling up the DagBag from /opt/airflow/dags/03_branching_dag.py
[2026-09-07T12:27:39.114+0000] {processor.py:925} INFO - DAG(s) 'branching_dag' retrieved from /opt/airflow/dags/03_branching_dag.py
[2026-09-07T12:27:39.138+0000] {logging_mixin.py:190} INFO - [2026-09-07T12:27:39.138+0000] {dag.py:3239} INFO - Sync 1 DAGs
[2026-09-07T12:27:39.157+0000] {logging_mixin.py:190} INFO - [2026-09-07T12:27:39.157+0000] {dag.py:4180} INFO - Setting next_dagrun for branching_dag to None, run_after=None
[2026-09-07T12:27:39.175+0000] {processor.py:208} INFO - Processing /opt/airflow/dags/03_branching_dag.py took 0.080 seconds
[2026-09-07T12:28:09.766+0000] {processor.py:186} INFO - Started process (PID=485) to work on /opt/airflow/dags/03_branching_dag.py
[2026-09-07T12:28:09.767+0000] {processor.py:914} INFO - Processing file /opt/airflow/dags/03_branching_dag.py for tasks to queue
[2026-09-07T12:28:09.768+0000] {logging_mixin.py:190} INFO - [2026-09-07T12:28:09.768+0000] {dagbag.py:588} INFO - Filling up the DagBag from /opt/airflow/dags/03_branching_dag.py
[2026-09-07T12:28:09.782+0000] {processor.py:925} INFO - DAG(s) 'branching_dag' retrieved from /opt/airflow/dags/03_branching_dag.py
[2026-09-07T12:28:09.807+0000] {logging_mixin.py:190} INFO - [2026-09-07T12:28:09.806+0000] {dag.py:3239} INFO - Sync 1 DAGs
[2026-09-07T12:28:09.818+0000] {logging_mixin.py:190} INFO - [2026-09-07T12:28:09.818+0000] {dag.py:4180} INFO - Setting next_dagrun for branching_dag to None, run_after=None
[2026-09-07T12:28:09.833+0000] {processor.py:208} INFO - Processing /opt/airflow/dags/03_branching_dag.py took 0.072 seconds
[2026-09-07T12:28:40.437+0000] {processor.py:186} INFO - Started process (PID=499) to work on /opt/airflow/dags/03_branching_dag.py
[2026-09-07T12:28:40.438+0000] {processor.py:914} INFO - Processing file /opt/airflow/dags/03_branching_dag.py for tasks to queue
[2026-09-07T12:28:40.439+0000] {logging_mixin.py:190} INFO - [2026-09-07T12:28:40.439+0000] {dagbag.py:588} INFO - Filling up the DagBag from /opt/airflow/dags/03_branching_dag.py
[2026-09-07T12:28:40.450+0000] {processor.py:925} INFO - DAG(s) 'branching_dag' retrieved from /opt/airflow/dags/03_branching_dag.py
[2026-09-07T12:28:40.470+0000] {logging_mixin.py:190} INFO - [2026-09-07T12:28:40.470+0000] {dag.py:3239} INFO - Sync 1 DAGs
[2026-09-07T12:28:40.480+0000] {logging_mixin.py:190} INFO - [2026-09-07T12:28:40.480+0000] {dag.py:4180} INFO - Setting next_dagrun for branching_dag to None, run_after=None
[2026-09-07T12:28:40.498+0000] {processor.py:208} INFO - Processing /opt/airflow/dags/03_branching_dag.py took 0.066 seconds
[2026-09-07T12:29:11.086+0000] {processor.py:186} INFO - Started process (PID=513) to work on /opt/airflow/dags/03_branching_dag.py
[2026-09-07T12:29:11.087+0000] {processor.py:914} INFO - Processing file /opt/airflow/dags/03_branching_dag.py for tasks to queue
[2026-09-07T12:29:11.088+0000] {logging_mixin.py:190} INFO - [2026-09-07T12:29:11.087+0000] {dagbag.py:588} INFO - Filling up the DagBag from /opt/airflow/dags/03_branching_dag.py
[2026-09-07T12:29:11.099+0000] {processor.py:925} INFO - DAG(s) 'branching_dag' retrieved from /opt/airflow/dags/03_branching_dag.py
[2026-09-07T12:29:11.119+0000] {logging_mixin.py:190} INFO - [2026-09-07T12:29:11.119+0000] {dag.py:3239} INFO - Sync 1 DAGs
[2026-09-07T12:29:11.131+0000] {logging_mixin.py:190} INFO - [2026-09-07T12:29:11.131+0000] {dag.py:4180} INFO - Setting next_dagrun for branching_dag to None, run_after=None
[2026-09-07T12:29:11.146+0000] {processor.py:208} INFO - Processing /opt/airflow/dags/03_branching_dag.py took 0.064 seconds
[2026-09-07T12:29:41.839+0000] {processor.py:186} INFO - Started process (PID=527) to work on /opt/airflow/dags/03_branching_dag.py
[2026-09-07T12:29:41.840+0000] {processor.py:914} INFO - Processing file /opt/airflow/dags/03_branching_dag.py for tasks to queue
[2026-09-07T12:29:41.841+0000] {logging_mixin.py:190} INFO - [2026-09-07T12:29:41.841+0000] {dagbag.py:588} INFO - Filling up the DagBag from /opt/airflow/dags/03_branching_dag.py
[2026-09-07T12:29:41.854+0000] {processor.py:925} INFO - DAG(s) 'branching_dag' retrieved from /opt/airflow/dags/03_branching_dag.py
[2026-09-07T12:29:41.874+0000] {logging_mixin.py:190} INFO - [2026-09-07T12:29:41.874+0000] {dag.py:3239} INFO - Sync 1 DAGs
[2026-09-07T12:29:41.886+0000] {logging_mixin.py:190} INFO - [2026-09-07T12:29:41.886+0000] {dag.py:4180} INFO - Setting next_dagrun for branching_dag to None, run_after=None
[2026-09-07T12:29:41.907+0000] {processor.py:208} INFO - Processing /opt/airflow/dags/03_branching_dag.py took 0.072 seconds
[2026-09-07T12:30:12.501+0000] {processor.py:186} INFO - Started process (PID=541) to work on /opt/airflow/dags/03_branching_dag.py
[2026-09-07T12:30:12.501+0000] {processor.py:914} INFO - Processing file /opt/airflow/dags/03_branching_dag.py for tasks to queue
[2026-09-07T12:30:12.502+0000] {logging_mixin.py:190} INFO - [2026-09-07T12:30:12.502+0000] {dagbag.py:588} INFO - Filling up the DagBag from /opt/airflow/dags/03_branching_dag.py
[2026-09-07T12:30:12.516+0000] {processor.py:925} INFO - DAG(s) 'branching_dag' retrieved from /opt/airflow/dags/03_branching_dag.py
[2026-09-07T12:30:12.537+0000] {logging_mixin.py:190} INFO - [2026-09-07T12:30:12.537+0000] {dag.py:3239} INFO - Sync 1 DAGs
[2026-09-07T12:30:12.549+0000] {logging_mixin.py:190} INFO - [2026-09-07T12:30:12.548+0000] {dag.py:4180} INFO - Setting next_dagrun for branching_dag to None, run_after=None
[2026-09-07T12:30:12.569+0000] {processor.py:208} INFO - Processing /opt/airflow/dags/03_branching_dag.py took 0.073 seconds
[2026-09-07T12:30:43.149+0000] {processor.py:186} INFO - Started process (PID=555) to work on /opt/airflow/dags/03_branching_dag.py
[2026-09-07T12:30:43.150+0000] {processor.py:914} INFO - Processing file /opt/airflow/dags/03_branching_dag.py for tasks to queue
[2026-09-07T12:30:43.151+0000] {logging_mixin.py:190} INFO - [2026-09-07T12:30:43.151+0000] {dagbag.py:588} INFO - Filling up the DagBag from /opt/airflow/dags/03_branching_dag.py
[2026-09-07T12:30:43.163+0000] {processor.py:925} INFO - DAG(s) 'branching_dag' retrieved from /opt/airflow/dags/03_branching_dag.py
[2026-09-07T12:30:43.184+0000] {logging_mixin.py:190} INFO - [2026-09-07T12:30:43.183+0000] {dag.py:3239} INFO - Sync 1 DAGs
[2026-09-07T12:30:43.194+0000] {logging_mixin.py:190} INFO - [2026-09-07T12:30:43.194+0000] {dag.py:4180} INFO - Setting next_dagrun for branching_dag to None, run_after=None
[2026-09-07T12:30:43.212+0000] {processor.py:208} INFO - Processing /opt/airflow/dags/03_branching_dag.py took 0.067 seconds
[2026-09-07T12:31:13.805+0000] {processor.py:186} INFO - Started process (PID=569) to work on /opt/airflow/dags/03_branching_dag.py
[2026-09-07T12:31:13.806+0000] {processor.py:914} INFO - Processing file /opt/airflow/dags/03_branching_dag.py for tasks to queue
[2026-09-07T12:31:13.807+0000] {logging_mixin.py:190} INFO - [2026-09-07T12:31:13.807+0000] {dagbag.py:588} INFO - Filling up the DagBag from /opt/airflow/dags/03_branching_dag.py
[2026-09-07T12:31:13.825+0000] {processor.py:925} INFO - DAG(s) 'branching_dag' retrieved from /opt/airflow/dags/03_branching_dag.py
[2026-09-07T12:31:13.846+0000] {logging_mixin.py:190} INFO - [2026-09-07T12:31:13.846+0000] {dag.py:3239} INFO - Sync 1 DAGs
[2026-09-07T12:31:13.858+0000] {logging_mixin.py:190} INFO - [2026-09-07T12:31:13.858+0000] {dag.py:4180} INFO - Setting next_dagrun for branching_dag to None, run_after=None
[2026-09-07T12:31:13.876+0000] {processor.py:208} INFO - Processing /opt/airflow/dags/03_branching_dag.py took 0.077 seconds
[2026-09-07T12:31:44.474+0000] {processor.py:186} INFO - Started process (PID=583) to work on /opt/airflow/dags/03_branching_dag.py
[2026-09-07T12:31:44.475+0000] {processor.py:914} INFO - Processing file /opt/airflow/dags/03_branching_dag.py for tasks to queue
[2026-09-07T12:31:44.476+0000] {logging_mixin.py:190} INFO - [2026-09-07T12:31:44.476+0000] {dagbag.py:588} INFO - Filling up the DagBag from /opt/airflow/dags/03_branching_dag.py
[2026-09-07T12:31:44.489+0000] {processor.py:925} INFO - DAG(s) 'branching_dag' retrieved from /opt/airflow/dags/03_branching_dag.py
[2026-09-07T12:31:44.511+0000] {logging_mixin.py:190} INFO - [2026-09-07T12:31:44.511+0000] {dag.py:3239} INFO - Sync 1 DAGs
[2026-09-07T12:31:44.524+0000] {logging_mixin.py:190} INFO - [2026-09-07T12:31:44.524+0000] {dag.py:4180} INFO - Setting next_dagrun for branching_dag to None, run_after=None
[2026-09-07T12:31:44.559+0000] {processor.py:208} INFO - Processing /opt/airflow/dags/03_branching_dag.py took 0.090 seconds
[2026-09-07T12:32:15.173+0000] {processor.py:186} INFO - Started process (PID=597) to work on /opt/airflow/dags/03_branching_dag.py
[2026-09-07T12:32:15.173+0000] {processor.py:914} INFO - Processing file /opt/airflow/dags/03_branching_dag.py for tasks to queue
[2026-09-07T12:32:15.174+0000] {logging_mixin.py:190} INFO - [2026-09-07T12:32:15.174+0000] {dagbag.py:588} INFO - Filling up the DagBag from /opt/airflow/dags/03_branching_dag.py
[2026-09-07T12:32:15.187+0000] {processor.py:925} INFO - DAG(s) 'branching_dag' retrieved from /opt/airflow/dags/03_branching_dag.py
[2026-09-07T12:32:15.209+0000] {logging_mixin.py:190} INFO - [2026-09-07T12:32:15.209+0000] {dag.py:3239} INFO - Sync 1 DAGs
[2026-09-07T12:32:15.220+0000] {logging_mixin.py:190} INFO - [2026-09-07T12:32:15.220+0000] {dag.py:4180} INFO - Setting next_dagrun for branching_dag to None, run_after=None
[2026-09-07T12:32:15.238+0000] {processor.py:208} INFO - Processing /opt/airflow/dags/03_branching_dag.py took 0.071 seconds
[2026-09-07T12:32:45.824+0000] {processor.py:186} INFO - Started process (PID=611) to work on /opt/airflow/dags/03_branching_dag.py
[2026-09-07T12:32:45.825+0000] {processor.py:914} INFO - Processing file /opt/airflow/dags/03_branching_dag.py for tasks to queue
[2026-09-07T12:32:45.826+0000] {logging_mixin.py:190} INFO - [2026-09-07T12:32:45.825+0000] {dagbag.py:588} INFO - Filling up the DagBag from /opt/airflow/dags/03_branching_dag.py
[2026-09-07T12:32:45.839+0000] {processor.py:925} INFO - DAG(s) 'branching_dag' retrieved from /opt/airflow/dags/03_branching_dag.py
[2026-09-07T12:32:45.867+0000] {logging_mixin.py:190} INFO - [2026-09-07T12:32:45.867+0000] {dag.py:3239} INFO - Sync 1 DAGs
[2026-09-07T12:32:45.880+0000] {logging_mixin.py:190} INFO - [2026-09-07T12:32:45.880+0000] {dag.py:4180} INFO - Setting next_dagrun for branching_dag to None, run_after=None
[2026-09-07T12:32:45.896+0000] {processor.py:208} INFO - Processing /opt/airflow/dags/03_branching_dag.py took 0.077 seconds
[2026-09-07T12:33:16.380+0000] {processor.py:186} INFO - Started process (PID=625) to work on /opt/airflow/dags/03_branching_dag.py
[2026-09-07T12:33:16.380+0000] {processor.py:914} INFO - Processing file /opt/airflow/dags/03_branching_dag.py for tasks to queue
[2026-09-07T12:33:16.381+0000] {logging_mixin.py:190} INFO - [2026-09-07T12:33:16.381+0000] {dagbag.py:588} INFO - Filling up the DagBag from /opt/airflow/dags/03_branching_dag.py
[2026-09-07T12:33:16.394+0000] {processor.py:925} INFO - DAG(s) 'branching_dag' retrieved from /opt/airflow/dags/03_branching_dag.py
[2026-09-07T12:33:16.415+0000] {logging_mixin.py:190} INFO - [2026-09-07T12:33:16.415+0000] {dag.py:3239} INFO - Sync 1 DAGs
[2026-09-07T12:33:16.426+0000] {logging_mixin.py:190} INFO - [2026-09-07T12:33:16.426+0000] {dag.py:4180} INFO - Setting next_dagrun for branching_dag to None, run_after=None
[2026-09-07T12:33:16.442+0000] {processor.py:208} INFO - Processing /opt/airflow/dags/03_branching_dag.py took 0.067 seconds
[2026-09-07T12:33:47.039+0000] {processor.py:186} INFO - Started process (PID=639) to work on /opt/airflow/dags/03_branching_dag.py
[2026-09-07T12:33:47.040+0000] {processor.py:914} INFO - Processing file /opt/airflow/dags/03_branching_dag.py for tasks to queue
[2026-09-07T12:33:47.041+0000] {logging_mixin.py:190} INFO - [2026-09-07T12:33:47.041+0000] {dagbag.py:588} INFO - Filling up the DagBag from /opt/airflow/dags/03_branching_dag.py
[2026-09-07T12:33:47.057+0000] {processor.py:925} INFO - DAG(s) 'branching_dag' retrieved from /opt/airflow/dags/03_branching_dag.py
[2026-09-07T12:33:47.084+0000] {logging_mixin.py:190} INFO - [2026-09-07T12:33:47.084+0000] {dag.py:3239} INFO - Sync 1 DAGs
[2026-09-07T12:33:47.095+0000] {logging_mixin.py:190} INFO - [2026-09-07T12:33:47.095+0000] {dag.py:4180} INFO - Setting next_dagrun for branching_dag to None, run_after=None
[2026-09-07T12:33:47.112+0000] {processor.py:208} INFO - Processing /opt/airflow/dags/03_branching_dag.py took 0.077 seconds
[2026-09-07T12:34:17.780+0000] {processor.py:186} INFO - Started process (PID=653) to work on /opt/airflow/dags/03_branching_dag.py
[2026-09-07T12:34:17.781+0000] {processor.py:914} INFO - Processing file /opt/airflow/dags/03_branching_dag.py for tasks to queue
[2026-09-07T12:34:17.782+0000] {logging_mixin.py:190} INFO - [2026-09-07T12:34:17.781+0000] {dagbag.py:588} INFO - Filling up the DagBag from /opt/airflow/dags/03_branching_dag.py
[2026-09-07T12:34:17.796+0000] {processor.py:925} INFO - DAG(s) 'branching_dag' retrieved from /opt/airflow/dags/03_branching_dag.py
[2026-09-07T12:34:17.817+0000] {logging_mixin.py:190} INFO - [2026-09-07T12:34:17.817+0000] {dag.py:3239} INFO - Sync 1 DAGs
[2026-09-07T12:34:17.829+0000] {logging_mixin.py:190} INFO - [2026-09-07T12:34:17.829+0000] {dag.py:4180} INFO - Setting next_dagrun for branching_dag to None, run_after=None
[2026-09-07T12:34:17.847+0000] {processor.py:208} INFO - Processing /opt/airflow/dags/03_branching_dag.py took 0.072 seconds
[2026-09-07T12:34:48.518+0000] {processor.py:186} INFO - Started process (PID=667) to work on /opt/airflow/dags/03_branching_dag.py
[2026-09-07T12:34:48.518+0000] {processor.py:914} INFO - Processing file /opt/airflow/dags/03_branching_dag.py for tasks to queue
[2026-09-07T12:34:48.519+0000] {logging_mixin.py:190} INFO - [2026-09-07T12:34:48.519+0000] {dagbag.py:588} INFO - Filling up the DagBag from /opt/airflow/dags/03_branching_dag.py
[2026-09-07T12:34:48.530+0000] {processor.py:925} INFO - DAG(s) 'branching_dag' retrieved from /opt/airflow/dags/03_branching_dag.py
[2026-09-07T12:34:48.550+0000] {logging_mixin.py:190} INFO - [2026-09-07T12:34:48.550+0000] {dag.py:3239} INFO - Sync 1 DAGs
[2026-09-07T12:34:48.562+0000] {logging_mixin.py:190} INFO - [2026-09-07T12:34:48.562+0000] {dag.py:4180} INFO - Setting next_dagrun for branching_dag to None, run_after=None
[2026-09-07T12:34:48.578+0000] {processor.py:208} INFO - Processing /opt/airflow/dags/03_branching_dag.py took 0.065 seconds
[2026-09-07T19:51:41.381+0000] {processor.py:186} INFO - Started process (PID=103) to work on /opt/airflow/dags/03_branching_dag.py
[2026-09-07T19:51:41.382+0000] {processor.py:914} INFO - Processing file /opt/airflow/dags/03_branching_dag.py for tasks to queue
[2026-09-07T19:51:41.383+0000] {logging_mixin.py:190} INFO - [2026-09-07T19:51:41.383+0000] {dagbag.py:588} INFO - Filling up the DagBag from /opt/airflow/dags/03_branching_dag.py
[2026-09-07T19:51:41.409+0000] {processor.py:925} INFO - DAG(s) 'branching_dag' retrieved from /opt/airflow/dags/03_branching_dag.py
[2026-09-07T19:51:41.439+0000] {logging_mixin.py:190} INFO - [2026-09-07T19:51:41.439+0000] {dag.py:3239} INFO - Sync 1 DAGs
[2026-09-07T19:51:41.454+0000] {logging_mixin.py:190} INFO - [2026-09-07T19:51:41.454+0000] {dag.py:4180} INFO - Setting next_dagrun for branching_dag to None, run_after=None
[2026-09-07T19:51:41.486+0000] {processor.py:208} INFO - Processing /opt/airflow/dags/03_branching_dag.py took 0.110 seconds
[2026-09-07T19:52:11.864+0000] {processor.py:186} INFO - Started process (PID=115) to work on /opt/airflow/dags/03_branching_dag.py
[2026-09-07T19:52:11.865+0000] {processor.py:914} INFO - Processing file /opt/airflow/dags/03_branching_dag.py for tasks to queue
[2026-09-07T19:52:11.866+0000] {logging_mixin.py:190} INFO - [2026-09-07T19:52:11.865+0000] {dagbag.py:588} INFO - Filling up the DagBag from /opt/airflow/dags/03_branching_dag.py
[2026-09-07T19:52:11.880+0000] {processor.py:925} INFO - DAG(s) 'branching_dag' retrieved from /opt/airflow/dags/03_branching_dag.py
[2026-09-07T19:52:11.907+0000] {logging_mixin.py:190} INFO - [2026-09-07T19:52:11.907+0000] {dag.py:3239} INFO - Sync 1 DAGs
[2026-09-07T19:52:11.922+0000] {logging_mixin.py:190} INFO - [2026-09-07T19:52:11.921+0000] {dag.py:4180} INFO - Setting next_dagrun for branching_dag to None, run_after=None
[2026-09-07T19:52:11.943+0000] {processor.py:208} INFO - Processing /opt/airflow/dags/03_branching_dag.py took 0.084 seconds
[2026-09-07T19:52:42.562+0000] {processor.py:186} INFO - Started process (PID=129) to work on /opt/airflow/dags/03_branching_dag.py
[2026-09-07T19:52:42.563+0000] {processor.py:914} INFO - Processing file /opt/airflow/dags/03_branching_dag.py for tasks to queue
[2026-09-07T19:52:42.564+0000] {logging_mixin.py:190} INFO - [2026-09-07T19:52:42.563+0000] {dagbag.py:588} INFO - Filling up the DagBag from /opt/airflow/dags/03_branching_dag.py
[2026-09-07T19:52:42.575+0000] {processor.py:925} INFO - DAG(s) 'branching_dag' retrieved from /opt/airflow/dags/03_branching_dag.py
[2026-09-07T19:52:42.598+0000] {logging_mixin.py:190} INFO - [2026-09-07T19:52:42.598+0000] {dag.py:3239} INFO - Sync 1 DAGs
[2026-09-07T19:52:42.612+0000] {logging_mixin.py:190} INFO - [2026-09-07T19:52:42.612+0000] {dag.py:4180} INFO - Setting next_dagrun for branching_dag to None, run_after=None
[2026-09-07T19:52:42.629+0000] {processor.py:208} INFO - Processing /opt/airflow/dags/03_branching_dag.py took 0.072 seconds
[2026-09-07T19:53:13.209+0000] {processor.py:186} INFO - Started process (PID=143) to work on /opt/airflow/dags/03_branching_dag.py
[2026-09-07T19:53:13.210+0000] {processor.py:914} INFO - Processing file /opt/airflow/dags/03_branching_dag.py for tasks to queue
[2026-09-07T19:53:13.211+0000] {logging_mixin.py:190} INFO - [2026-09-07T19:53:13.211+0000] {dagbag.py:588} INFO - Filling up the DagBag from /opt/airflow/dags/03_branching_dag.py
[2026-09-07T19:53:13.223+0000] {processor.py:925} INFO - DAG(s) 'branching_dag' retrieved from /opt/airflow/dags/03_branching_dag.py
[2026-09-07T19:53:13.245+0000] {logging_mixin.py:190} INFO - [2026-09-07T19:53:13.245+0000] {dag.py:3239} INFO - Sync 1 DAGs
[2026-09-07T19:53:13.255+0000] {logging_mixin.py:190} INFO - [2026-09-07T19:53:13.255+0000] {dag.py:4180} INFO - Setting next_dagrun for branching_dag to None, run_after=None
[2026-09-07T19:53:13.277+0000] {processor.py:208} INFO - Processing /opt/airflow/dags/03_branching_dag.py took 0.072 seconds
[2026-09-07T19:53:44.012+0000] {processor.py:186} INFO - Started process (PID=157) to work on /opt/airflow/dags/03_branching_dag.py
[2026-09-07T19:53:44.013+0000] {processor.py:914} INFO - Processing file /opt/airflow/dags/03_branching_dag.py for tasks to queue
[2026-09-07T19:53:44.014+0000] {logging_mixin.py:190} INFO - [2026-09-07T19:53:44.013+0000] {dagbag.py:588} INFO - Filling up the DagBag from /opt/airflow/dags/03_branching_dag.py
[2026-09-07T19:53:44.027+0000] {processor.py:925} INFO - DAG(s) 'branching_dag' retrieved from /opt/airflow/dags/03_branching_dag.py
[2026-09-07T19:53:44.051+0000] {logging_mixin.py:190} INFO - [2026-09-07T19:53:44.051+0000] {dag.py:3239} INFO - Sync 1 DAGs
[2026-09-07T19:53:44.172+0000] {logging_mixin.py:190} INFO - [2026-09-07T19:53:44.172+0000] {dag.py:4180} INFO - Setting next_dagrun for branching_dag to None, run_after=None
[2026-09-07T19:53:44.192+0000] {processor.py:208} INFO - Processing /opt/airflow/dags/03_branching_dag.py took 0.184 seconds
[2026-09-07T19:54:14.351+0000] {processor.py:186} INFO - Started process (PID=171) to work on /opt/airflow/dags/03_branching_dag.py
[2026-09-07T19:54:14.351+0000] {processor.py:914} INFO - Processing file /opt/airflow/dags/03_branching_dag.py for tasks to queue
[2026-09-07T19:54:14.352+0000] {logging_mixin.py:190} INFO - [2026-09-07T19:54:14.352+0000] {dagbag.py:588} INFO - Filling up the DagBag from /opt/airflow/dags/03_branching_dag.py
[2026-09-07T19:54:14.365+0000] {processor.py:925} INFO - DAG(s) 'branching_dag' retrieved from /opt/airflow/dags/03_branching_dag.py
[2026-09-07T19:54:14.386+0000] {logging_mixin.py:190} INFO - [2026-09-07T19:54:14.386+0000] {dag.py:3239} INFO - Sync 1 DAGs
[2026-09-07T19:54:14.398+0000] {logging_mixin.py:190} INFO - [2026-09-07T19:54:14.398+0000] {dag.py:4180} INFO - Setting next_dagrun for branching_dag to None, run_after=None
[2026-09-07T19:54:14.415+0000] {processor.py:208} INFO - Processing /opt/airflow/dags/03_branching_dag.py took 0.069 seconds
[2026-09-07T19:54:44.935+0000] {processor.py:186} INFO - Started process (PID=185) to work on /opt/airflow/dags/03_branching_dag.py
[2026-09-07T19:54:44.936+0000] {processor.py:914} INFO - Processing file /opt/airflow/dags/03_branching_dag.py for tasks to queue
[2026-09-07T19:54:44.938+0000] {logging_mixin.py:190} INFO - [2026-09-07T19:54:44.938+0000] {dagbag.py:588} INFO - Filling up the DagBag from /opt/airflow/dags/03_branching_dag.py
[2026-09-07T19:54:44.953+0000] {processor.py:925} INFO - DAG(s) 'branching_dag' retrieved from /opt/airflow/dags/03_branching_dag.py
[2026-09-07T19:54:44.976+0000] {logging_mixin.py:190} INFO - [2026-09-07T19:54:44.976+0000] {dag.py:3239} INFO - Sync 1 DAGs
[2026-09-07T19:54:44.989+0000] {logging_mixin.py:190} INFO - [2026-09-07T19:54:44.989+0000] {dag.py:4180} INFO - Setting next_dagrun for branching_dag to None, run_after=None
[2026-09-07T19:54:45.005+0000] {processor.py:208} INFO - Processing /opt/airflow/dags/03_branching_dag.py took 0.075 seconds
[2026-09-07T19:55:15.582+0000] {processor.py:186} INFO - Started process (PID=199) to work on /opt/airflow/dags/03_branching_dag.py
[2026-09-07T19:55:15.582+0000] {processor.py:914} INFO - Processing file /opt/airflow/dags/03_branching_dag.py for tasks to queue
[2026-09-07T19:55:15.584+0000] {logging_mixin.py:190} INFO - [2026-09-07T19:55:15.583+0000] {dagbag.py:588} INFO - Filling up the DagBag from /opt/airflow/dags/03_branching_dag.py
[2026-09-07T19:55:15.602+0000] {processor.py:925} INFO - DAG(s) 'branching_dag' retrieved from /opt/airflow/dags/03_branching_dag.py
[2026-09-07T19:55:15.628+0000] {logging_mixin.py:190} INFO - [2026-09-07T19:55:15.628+0000] {dag.py:3239} INFO - Sync 1 DAGs
[2026-09-07T19:55:15.642+0000] {logging_mixin.py:190} INFO - [2026-09-07T19:55:15.642+0000] {dag.py:4180} INFO - Setting next_dagrun for branching_dag to None, run_after=None
[2026-09-07T19:55:15.661+0000] {processor.py:208} INFO - Processing /opt/airflow/dags/03_branching_dag.py took 0.086 seconds
[2026-09-07T19:55:46.139+0000] {processor.py:186} INFO - Started process (PID=213) to work on /opt/airflow/dags/03_branching_dag.py
[2026-09-07T19:55:46.140+0000] {processor.py:914} INFO - Processing file /opt/airflow/dags/03_branching_dag.py for tasks to queue
[2026-09-07T19:55:46.141+0000] {logging_mixin.py:190} INFO - [2026-09-07T19:55:46.140+0000] {dagbag.py:588} INFO - Filling up the DagBag from /opt/airflow/dags/03_branching_dag.py
[2026-09-07T19:55:46.153+0000] {processor.py:925} INFO - DAG(s) 'branching_dag' retrieved from /opt/airflow/dags/03_branching_dag.py
[2026-09-07T19:55:46.172+0000] {logging_mixin.py:190} INFO - [2026-09-07T19:55:46.172+0000] {dag.py:3239} INFO - Sync 1 DAGs
[2026-09-07T19:55:46.183+0000] {logging_mixin.py:190} INFO - [2026-09-07T19:55:46.183+0000] {dag.py:4180} INFO - Setting next_dagrun for branching_dag to None, run_after=None
[2026-09-07T19:55:46.198+0000] {processor.py:208} INFO - Processing /opt/airflow/dags/03_branching_dag.py took 0.064 seconds
[2026-09-07T19:56:16.704+0000] {processor.py:186} INFO - Started process (PID=227) to work on /opt/airflow/dags/03_branching_dag.py
[2026-09-07T19:56:16.704+0000] {processor.py:914} INFO - Processing file /opt/airflow/dags/03_branching_dag.py for tasks to queue
[2026-09-07T19:56:16.705+0000] {logging_mixin.py:190} INFO - [2026-09-07T19:56:16.705+0000] {dagbag.py:588} INFO - Filling up the DagBag from /opt/airflow/dags/03_branching_dag.py
[2026-09-07T19:56:16.718+0000] {processor.py:925} INFO - DAG(s) 'branching_dag' retrieved from /opt/airflow/dags/03_branching_dag.py
[2026-09-07T19:56:16.741+0000] {logging_mixin.py:190} INFO - [2026-09-07T19:56:16.741+0000] {dag.py:3239} INFO - Sync 1 DAGs
[2026-09-07T19:56:16.752+0000] {logging_mixin.py:190} INFO - [2026-09-07T19:56:16.752+0000] {dag.py:4180} INFO - Setting next_dagrun for branching_dag to None, run_after=None
[2026-09-07T19:56:16.768+0000] {processor.py:208} INFO - Processing /opt/airflow/dags/03_branching_dag.py took 0.069 seconds
[2026-09-07T19:56:47.327+0000] {processor.py:186} INFO - Started process (PID=241) to work on /opt/airflow/dags/03_branching_dag.py
[2026-09-07T19:56:47.328+0000] {processor.py:914} INFO - Processing file /opt/airflow/dags/03_branching_dag.py for tasks to queue
[2026-09-07T19:56:47.329+0000] {logging_mixin.py:190} INFO - [2026-09-07T19:56:47.329+0000] {dagbag.py:588} INFO - Filling up the DagBag from /opt/airflow/dags/03_branching_dag.py
[2026-09-07T19:56:47.343+0000] {processor.py:925} INFO - DAG(s) 'branching_dag' retrieved from /opt/airflow/dags/03_branching_dag.py
[2026-09-07T19:56:47.365+0000] {logging_mixin.py:190} INFO - [2026-09-07T19:56:47.365+0000] {dag.py:3239} INFO - Sync 1 DAGs
[2026-09-07T19:56:47.378+0000] {logging_mixin.py:190} INFO - [2026-09-07T19:56:47.377+0000] {dag.py:4180} INFO - Setting next_dagrun for branching_dag to None, run_after=None
[2026-09-07T19:56:47.395+0000] {processor.py:208} INFO - Processing /opt/airflow/dags/03_branching_dag.py took 0.073 seconds
[2026-09-07T19:57:17.964+0000] {processor.py:186} INFO - Started process (PID=256) to work on /opt/airflow/dags/03_branching_dag.py
[2026-09-07T19:57:17.964+0000] {processor.py:914} INFO - Processing file /opt/airflow/dags/03_branching_dag.py for tasks to queue
[2026-09-07T19:57:17.966+0000] {logging_mixin.py:190} INFO - [2026-09-07T19:57:17.965+0000] {dagbag.py:588} INFO - Filling up the DagBag from /opt/airflow/dags/03_branching_dag.py
[2026-09-07T19:57:17.978+0000] {processor.py:925} INFO - DAG(s) 'branching_dag' retrieved from /opt/airflow/dags/03_branching_dag.py
[2026-09-07T19:57:17.999+0000] {logging_mixin.py:190} INFO - [2026-09-07T19:57:17.999+0000] {dag.py:3239} INFO - Sync 1 DAGs
[2026-09-07T19:57:18.011+0000] {logging_mixin.py:190} INFO - [2026-09-07T19:57:18.011+0000] {dag.py:4180} INFO - Setting next_dagrun for branching_dag to None, run_after=None
[2026-09-07T19:57:18.029+0000] {processor.py:208} INFO - Processing /opt/airflow/dags/03_branching_dag.py took 0.070 seconds
[2026-09-07T19:57:48.537+0000] {processor.py:186} INFO - Started process (PID=270) to work on /opt/airflow/dags/03_branching_dag.py
[2026-09-07T19:57:48.538+0000] {processor.py:914} INFO - Processing file /opt/airflow/dags/03_branching_dag.py for tasks to queue
[2026-09-07T19:57:48.539+0000] {logging_mixin.py:190} INFO - [2026-09-07T19:57:48.539+0000] {dagbag.py:588} INFO - Filling up the DagBag from /opt/airflow/dags/03_branching_dag.py
[2026-09-07T19:57:48.553+0000] {processor.py:925} INFO - DAG(s) 'branching_dag' retrieved from /opt/airflow/dags/03_branching_dag.py
[2026-09-07T19:57:48.576+0000] {logging_mixin.py:190} INFO - [2026-09-07T19:57:48.575+0000] {dag.py:3239} INFO - Sync 1 DAGs
[2026-09-07T19:57:48.588+0000] {logging_mixin.py:190} INFO - [2026-09-07T19:57:48.588+0000] {dag.py:4180} INFO - Setting next_dagrun for branching_dag to None, run_after=None
[2026-09-07T19:57:48.608+0000] {processor.py:208} INFO - Processing /opt/airflow/dags/03_branching_dag.py took 0.075 seconds
[2026-09-07T19:58:19.123+0000] {processor.py:186} INFO - Started process (PID=284) to work on /opt/airflow/dags/03_branching_dag.py
[2026-09-07T19:58:19.123+0000] {processor.py:914} INFO - Processing file /opt/airflow/dags/03_branching_dag.py for tasks to queue
[2026-09-07T19:58:19.124+0000] {logging_mixin.py:190} INFO - [2026-09-07T19:58:19.124+0000] {dagbag.py:588} INFO - Filling up the DagBag from /opt/airflow/dags/03_branching_dag.py
[2026-09-07T19:58:19.146+0000] {processor.py:925} INFO - DAG(s) 'branching_dag' retrieved from /opt/airflow/dags/03_branching_dag.py
[2026-09-07T19:58:19.177+0000] {logging_mixin.py:190} INFO - [2026-09-07T19:58:19.177+0000] {dag.py:3239} INFO - Sync 1 DAGs
[2026-09-07T19:58:19.192+0000] {logging_mixin.py:190} INFO - [2026-09-07T19:58:19.192+0000] {dag.py:4180} INFO - Setting next_dagrun for branching_dag to None, run_after=None
[2026-09-07T19:58:19.213+0000] {processor.py:208} INFO - Processing /opt/airflow/dags/03_branching_dag.py took 0.098 seconds
[2026-09-07T19:58:49.740+0000] {processor.py:186} INFO - Started process (PID=299) to work on /opt/airflow/dags/03_branching_dag.py
[2026-09-07T19:58:49.740+0000] {processor.py:914} INFO - Processing file /opt/airflow/dags/03_branching_dag.py for tasks to queue
[2026-09-07T19:58:49.742+0000] {logging_mixin.py:190} INFO - [2026-09-07T19:58:49.741+0000] {dagbag.py:588} INFO - Filling up the DagBag from /opt/airflow/dags/03_branching_dag.py
[2026-09-07T19:58:49.755+0000] {processor.py:925} INFO - DAG(s) 'branching_dag' retrieved from /opt/airflow/dags/03_branching_dag.py
[2026-09-07T19:58:49.779+0000] {logging_mixin.py:190} INFO - [2026-09-07T19:58:49.779+0000] {dag.py:3239} INFO - Sync 1 DAGs
[2026-09-07T19:58:49.791+0000] {logging_mixin.py:190} INFO - [2026-09-07T19:58:49.791+0000] {dag.py:4180} INFO - Setting next_dagrun for branching_dag to None, run_after=None
[2026-09-07T19:58:49.809+0000] {processor.py:208} INFO - Processing /opt/airflow/dags/03_branching_dag.py took 0.074 seconds
[2026-09-07T19:59:20.318+0000] {processor.py:186} INFO - Started process (PID=313) to work on /opt/airflow/dags/03_branching_dag.py
[2026-09-07T19:59:20.318+0000] {processor.py:914} INFO - Processing file /opt/airflow/dags/03_branching_dag.py for tasks to queue
[2026-09-07T19:59:20.319+0000] {logging_mixin.py:190} INFO - [2026-09-07T19:59:20.319+0000] {dagbag.py:588} INFO - Filling up the DagBag from /opt/airflow/dags/03_branching_dag.py
[2026-09-07T19:59:20.332+0000] {processor.py:925} INFO - DAG(s) 'branching_dag' retrieved from /opt/airflow/dags/03_branching_dag.py
[2026-09-07T19:59:20.353+0000] {logging_mixin.py:190} INFO - [2026-09-07T19:59:20.353+0000] {dag.py:3239} INFO - Sync 1 DAGs
[2026-09-07T19:59:20.365+0000] {logging_mixin.py:190} INFO - [2026-09-07T19:59:20.365+0000] {dag.py:4180} INFO - Setting next_dagrun for branching_dag to None, run_after=None
[2026-09-07T19:59:20.381+0000] {processor.py:208} INFO - Processing /opt/airflow/dags/03_branching_dag.py took 0.068 seconds
[2026-09-07T19:59:50.919+0000] {processor.py:186} INFO - Started process (PID=327) to work on /opt/airflow/dags/03_branching_dag.py
[2026-09-07T19:59:50.919+0000] {processor.py:914} INFO - Processing file /opt/airflow/dags/03_branching_dag.py for tasks to queue
[2026-09-07T19:59:50.920+0000] {logging_mixin.py:190} INFO - [2026-09-07T19:59:50.920+0000] {dagbag.py:588} INFO - Filling up the DagBag from /opt/airflow/dags/03_branching_dag.py
[2026-09-07T19:59:50.934+0000] {processor.py:925} INFO - DAG(s) 'branching_dag' retrieved from /opt/airflow/dags/03_branching_dag.py
[2026-09-07T19:59:50.954+0000] {logging_mixin.py:190} INFO - [2026-09-07T19:59:50.954+0000] {dag.py:3239} INFO - Sync 1 DAGs
[2026-09-07T19:59:50.965+0000] {logging_mixin.py:190} INFO - [2026-09-07T19:59:50.965+0000] {dag.py:4180} INFO - Setting next_dagrun for branching_dag to None, run_after=None
[2026-09-07T19:59:50.984+0000] {processor.py:208} INFO - Processing /opt/airflow/dags/03_branching_dag.py took 0.070 seconds
[2026-09-07T20:00:21.500+0000] {processor.py:186} INFO - Started process (PID=341) to work on /opt/airflow/dags/03_branching_dag.py
[2026-09-07T20:00:21.500+0000] {processor.py:914} INFO - Processing file /opt/airflow/dags/03_branching_dag.py for tasks to queue
[2026-09-07T20:00:21.501+0000] {logging_mixin.py:190} INFO - [2026-09-07T20:00:21.501+0000] {dagbag.py:588} INFO - Filling up the DagBag from /opt/airflow/dags/03_branching_dag.py
[2026-09-07T20:00:21.513+0000] {processor.py:925} INFO - DAG(s) 'branching_dag' retrieved from /opt/airflow/dags/03_branching_dag.py
[2026-09-07T20:00:21.533+0000] {logging_mixin.py:190} INFO - [2026-09-07T20:00:21.532+0000] {dag.py:3239} INFO - Sync 1 DAGs
[2026-09-07T20:00:21.544+0000] {logging_mixin.py:190} INFO - [2026-09-07T20:00:21.544+0000] {dag.py:4180} INFO - Setting next_dagrun for branching_dag to None, run_after=None
[2026-09-07T20:00:21.559+0000] {processor.py:208} INFO - Processing /opt/airflow/dags/03_branching_dag.py took 0.064 seconds
[2026-09-07T20:00:52.124+0000] {processor.py:186} INFO - Started process (PID=355) to work on /opt/airflow/dags/03_branching_dag.py
[2026-09-07T20:00:52.124+0000] {processor.py:914} INFO - Processing file /opt/airflow/dags/03_branching_dag.py for tasks to queue
[2026-09-07T20:00:52.126+0000] {logging_mixin.py:190} INFO - [2026-09-07T20:00:52.125+0000] {dagbag.py:588} INFO - Filling up the DagBag from /opt/airflow/dags/03_branching_dag.py
[2026-09-07T20:00:52.137+0000] {processor.py:925} INFO - DAG(s) 'branching_dag' retrieved from /opt/airflow/dags/03_branching_dag.py
[2026-09-07T20:00:52.156+0000] {logging_mixin.py:190} INFO - [2026-09-07T20:00:52.156+0000] {dag.py:3239} INFO - Sync 1 DAGs
[2026-09-07T20:00:52.167+0000] {logging_mixin.py:190} INFO - [2026-09-07T20:00:52.167+0000] {dag.py:4180} INFO - Setting next_dagrun for branching_dag to None, run_after=None
[2026-09-07T20:00:52.185+0000] {processor.py:208} INFO - Processing /opt/airflow/dags/03_branching_dag.py took 0.065 seconds
[2026-09-07T20:01:22.747+0000] {processor.py:186} INFO - Started process (PID=369) to work on /opt/airflow/dags/03_branching_dag.py
[2026-09-07T20:01:22.748+0000] {processor.py:914} INFO - Processing file /opt/airflow/dags/03_branching_dag.py for tasks to queue
[2026-09-07T20:01:22.749+0000] {logging_mixin.py:190} INFO - [2026-09-07T20:01:22.749+0000] {dagbag.py:588} INFO - Filling up the DagBag from /opt/airflow/dags/03_branching_dag.py
[2026-09-07T20:01:22.761+0000] {processor.py:925} INFO - DAG(s) 'branching_dag' retrieved from /opt/airflow/dags/03_branching_dag.py
[2026-09-07T20:01:22.784+0000] {logging_mixin.py:190} INFO - [2026-09-07T20:01:22.783+0000] {dag.py:3239} INFO - Sync 1 DAGs
[2026-09-07T20:01:22.796+0000] {logging_mixin.py:190} INFO - [2026-09-07T20:01:22.796+0000] {dag.py:4180} INFO - Setting next_dagrun for branching_dag to None, run_after=None
[2026-09-07T20:01:22.814+0000] {processor.py:208} INFO - Processing /opt/airflow/dags/03_branching_dag.py took 0.072 seconds
[2026-09-07T20:01:53.406+0000] {processor.py:186} INFO - Started process (PID=383) to work on /opt/airflow/dags/03_branching_dag.py
[2026-09-07T20:01:53.406+0000] {processor.py:914} INFO - Processing file /opt/airflow/dags/03_branching_dag.py for tasks to queue
[2026-09-07T20:01:53.408+0000] {logging_mixin.py:190} INFO - [2026-09-07T20:01:53.407+0000] {dagbag.py:588} INFO - Filling up the DagBag from /opt/airflow/dags/03_branching_dag.py
[2026-09-07T20:01:53.420+0000] {processor.py:925} INFO - DAG(s) 'branching_dag' retrieved from /opt/airflow/dags/03_branching_dag.py
[2026-09-07T20:01:53.444+0000] {logging_mixin.py:190} INFO - [2026-09-07T20:01:53.444+0000] {dag.py:3239} INFO - Sync 1 DAGs
[2026-09-07T20:01:53.457+0000] {logging_mixin.py:190} INFO - [2026-09-07T20:01:53.457+0000] {dag.py:4180} INFO - Setting next_dagrun for branching_dag to None, run_after=None
[2026-09-07T20:01:53.472+0000] {processor.py:208} INFO - Processing /opt/airflow/dags/03_branching_dag.py took 0.072 seconds
[2026-09-07T20:02:23.960+0000] {processor.py:186} INFO - Started process (PID=397) to work on /opt/airflow/dags/03_branching_dag.py
[2026-09-07T20:02:23.960+0000] {processor.py:914} INFO - Processing file /opt/airflow/dags/03_branching_dag.py for tasks to queue
[2026-09-07T20:02:23.961+0000] {logging_mixin.py:190} INFO - [2026-09-07T20:02:23.961+0000] {dagbag.py:588} INFO - Filling up the DagBag from /opt/airflow/dags/03_branching_dag.py
[2026-09-07T20:02:23.973+0000] {processor.py:925} INFO - DAG(s) 'branching_dag' retrieved from /opt/airflow/dags/03_branching_dag.py
[2026-09-07T20:02:23.994+0000] {logging_mixin.py:190} INFO - [2026-09-07T20:02:23.994+0000] {dag.py:3239} INFO - Sync 1 DAGs
[2026-09-07T20:02:24.006+0000] {logging_mixin.py:190} INFO - [2026-09-07T20:02:24.005+0000] {dag.py:4180} INFO - Setting next_dagrun for branching_dag to None, run_after=None
[2026-09-07T20:02:24.023+0000] {processor.py:208} INFO - Processing /opt/airflow/dags/03_branching_dag.py took 0.068 seconds
[2026-09-07T20:02:54.587+0000] {processor.py:186} INFO - Started process (PID=411) to work on /opt/airflow/dags/03_branching_dag.py
[2026-09-07T20:02:54.587+0000] {processor.py:914} INFO - Processing file /opt/airflow/dags/03_branching_dag.py for tasks to queue
[2026-09-07T20:02:54.589+0000] {logging_mixin.py:190} INFO - [2026-09-07T20:02:54.588+0000] {dagbag.py:588} INFO - Filling up the DagBag from /opt/airflow/dags/03_branching_dag.py
[2026-09-07T20:02:54.608+0000] {processor.py:925} INFO - DAG(s) 'branching_dag' retrieved from /opt/airflow/dags/03_branching_dag.py
[2026-09-07T20:02:54.638+0000] {logging_mixin.py:190} INFO - [2026-09-07T20:02:54.638+0000] {dag.py:3239} INFO - Sync 1 DAGs
[2026-09-07T20:02:54.653+0000] {logging_mixin.py:190} INFO - [2026-09-07T20:02:54.652+0000] {dag.py:4180} INFO - Setting next_dagrun for branching_dag to None, run_after=None
[2026-09-07T20:02:54.672+0000] {processor.py:208} INFO - Processing /opt/airflow/dags/03_branching_dag.py took 0.091 seconds
[2026-09-07T20:03:25.138+0000] {processor.py:186} INFO - Started process (PID=425) to work on /opt/airflow/dags/03_branching_dag.py
[2026-09-07T20:03:25.138+0000] {processor.py:914} INFO - Processing file /opt/airflow/dags/03_branching_dag.py for tasks to queue
[2026-09-07T20:03:25.139+0000] {logging_mixin.py:190} INFO - [2026-09-07T20:03:25.139+0000] {dagbag.py:588} INFO - Filling up the DagBag from /opt/airflow/dags/03_branching_dag.py
[2026-09-07T20:03:25.152+0000] {processor.py:925} INFO - DAG(s) 'branching_dag' retrieved from /opt/airflow/dags/03_branching_dag.py
[2026-09-07T20:03:25.172+0000] {logging_mixin.py:190} INFO - [2026-09-07T20:03:25.172+0000] {dag.py:3239} INFO - Sync 1 DAGs
[2026-09-07T20:03:25.184+0000] {logging_mixin.py:190} INFO - [2026-09-07T20:03:25.183+0000] {dag.py:4180} INFO - Setting next_dagrun for branching_dag to None, run_after=None
[2026-09-07T20:03:25.201+0000] {processor.py:208} INFO - Processing /opt/airflow/dags/03_branching_dag.py took 0.068 seconds
[2026-09-07T20:03:55.767+0000] {processor.py:186} INFO - Started process (PID=439) to work on /opt/airflow/dags/03_branching_dag.py
[2026-09-07T20:03:55.768+0000] {processor.py:914} INFO - Processing file /opt/airflow/dags/03_branching_dag.py for tasks to queue
[2026-09-07T20:03:55.769+0000] {logging_mixin.py:190} INFO - [2026-09-07T20:03:55.769+0000] {dagbag.py:588} INFO - Filling up the DagBag from /opt/airflow/dags/03_branching_dag.py
[2026-09-07T20:03:55.783+0000] {processor.py:925} INFO - DAG(s) 'branching_dag' retrieved from /opt/airflow/dags/03_branching_dag.py
[2026-09-07T20:03:55.804+0000] {logging_mixin.py:190} INFO - [2026-09-07T20:03:55.804+0000] {dag.py:3239} INFO - Sync 1 DAGs
[2026-09-07T20:03:55.816+0000] {logging_mixin.py:190} INFO - [2026-09-07T20:03:55.816+0000] {dag.py:4180} INFO - Setting next_dagrun for branching_dag to None, run_after=None
[2026-09-07T20:03:55.834+0000] {processor.py:208} INFO - Processing /opt/airflow/dags/03_branching_dag.py took 0.073 seconds
[2026-09-07T20:04:26.336+0000] {processor.py:186} INFO - Started process (PID=453) to work on /opt/airflow/dags/03_branching_dag.py
[2026-09-07T20:04:26.337+0000] {processor.py:914} INFO - Processing file /opt/airflow/dags/03_branching_dag.py for tasks to queue
[2026-09-07T20:04:26.338+0000] {logging_mixin.py:190} INFO - [2026-09-07T20:04:26.338+0000] {dagbag.py:588} INFO - Filling up the DagBag from /opt/airflow/dags/03_branching_dag.py
[2026-09-07T20:04:26.352+0000] {processor.py:925} INFO - DAG(s) 'branching_dag' retrieved from /opt/airflow/dags/03_branching_dag.py
[2026-09-07T20:04:26.379+0000] {logging_mixin.py:190} INFO - [2026-09-07T20:04:26.379+0000] {dag.py:3239} INFO - Sync 1 DAGs
[2026-09-07T20:04:26.393+0000] {logging_mixin.py:190} INFO - [2026-09-07T20:04:26.393+0000] {dag.py:4180} INFO - Setting next_dagrun for branching_dag to None, run_after=None
[2026-09-07T20:04:26.410+0000] {processor.py:208} INFO - Processing /opt/airflow/dags/03_branching_dag.py took 0.079 seconds
[2026-09-07T20:11:58.897+0000] {processor.py:186} INFO - Started process (PID=100) to work on /opt/airflow/dags/03_branching_dag.py
[2026-09-07T20:11:58.899+0000] {processor.py:914} INFO - Processing file /opt/airflow/dags/03_branching_dag.py for tasks to queue
[2026-09-07T20:11:58.901+0000] {logging_mixin.py:190} INFO - [2026-09-07T20:11:58.900+0000] {dagbag.py:588} INFO - Filling up the DagBag from /opt/airflow/dags/03_branching_dag.py
[2026-09-07T20:11:58.931+0000] {processor.py:925} INFO - DAG(s) 'branching_dag' retrieved from /opt/airflow/dags/03_branching_dag.py
[2026-09-07T20:11:58.964+0000] {logging_mixin.py:190} INFO - [2026-09-07T20:11:58.964+0000] {dag.py:3239} INFO - Sync 1 DAGs
[2026-09-07T20:11:58.984+0000] {logging_mixin.py:190} INFO - [2026-09-07T20:11:58.984+0000] {dag.py:4180} INFO - Setting next_dagrun for branching_dag to None, run_after=None
[2026-09-07T20:11:59.011+0000] {processor.py:208} INFO - Processing /opt/airflow/dags/03_branching_dag.py took 0.123 seconds
[2026-09-07T20:12:29.094+0000] {processor.py:186} INFO - Started process (PID=114) to work on /opt/airflow/dags/03_branching_dag.py
[2026-09-07T20:12:29.094+0000] {processor.py:914} INFO - Processing file /opt/airflow/dags/03_branching_dag.py for tasks to queue
[2026-09-07T20:12:29.096+0000] {logging_mixin.py:190} INFO - [2026-09-07T20:12:29.095+0000] {dagbag.py:588} INFO - Filling up the DagBag from /opt/airflow/dags/03_branching_dag.py
[2026-09-07T20:12:29.112+0000] {processor.py:925} INFO - DAG(s) 'branching_dag' retrieved from /opt/airflow/dags/03_branching_dag.py
[2026-09-07T20:12:29.138+0000] {logging_mixin.py:190} INFO - [2026-09-07T20:12:29.138+0000] {dag.py:3239} INFO - Sync 1 DAGs
[2026-09-07T20:12:29.153+0000] {logging_mixin.py:190} INFO - [2026-09-07T20:12:29.152+0000] {dag.py:4180} INFO - Setting next_dagrun for branching_dag to None, run_after=None
[2026-09-07T20:12:29.174+0000] {processor.py:208} INFO - Processing /opt/airflow/dags/03_branching_dag.py took 0.085 seconds
[2026-09-07T20:12:59.783+0000] {processor.py:186} INFO - Started process (PID=128) to work on /opt/airflow/dags/03_branching_dag.py
[2026-09-07T20:12:59.783+0000] {processor.py:914} INFO - Processing file /opt/airflow/dags/03_branching_dag.py for tasks to queue
[2026-09-07T20:12:59.784+0000] {logging_mixin.py:190} INFO - [2026-09-07T20:12:59.784+0000] {dagbag.py:588} INFO - Filling up the DagBag from /opt/airflow/dags/03_branching_dag.py
[2026-09-07T20:12:59.796+0000] {processor.py:925} INFO - DAG(s) 'branching_dag' retrieved from /opt/airflow/dags/03_branching_dag.py
[2026-09-07T20:12:59.817+0000] {logging_mixin.py:190} INFO - [2026-09-07T20:12:59.817+0000] {dag.py:3239} INFO - Sync 1 DAGs
[2026-09-07T20:12:59.828+0000] {logging_mixin.py:190} INFO - [2026-09-07T20:12:59.828+0000] {dag.py:4180} INFO - Setting next_dagrun for branching_dag to None, run_after=None
[2026-09-07T20:12:59.844+0000] {processor.py:208} INFO - Processing /opt/airflow/dags/03_branching_dag.py took 0.066 seconds
[2026-09-07T20:13:30.475+0000] {processor.py:186} INFO - Started process (PID=142) to work on /opt/airflow/dags/03_branching_dag.py
[2026-09-07T20:13:30.475+0000] {processor.py:914} INFO - Processing file /opt/airflow/dags/03_branching_dag.py for tasks to queue
[2026-09-07T20:13:30.477+0000] {logging_mixin.py:190} INFO - [2026-09-07T20:13:30.477+0000] {dagbag.py:588} INFO - Filling up the DagBag from /opt/airflow/dags/03_branching_dag.py
[2026-09-07T20:13:30.493+0000] {processor.py:925} INFO - DAG(s) 'branching_dag' retrieved from /opt/airflow/dags/03_branching_dag.py
[2026-09-07T20:13:30.517+0000] {logging_mixin.py:190} INFO - [2026-09-07T20:13:30.517+0000] {dag.py:3239} INFO - Sync 1 DAGs
[2026-09-07T20:13:30.531+0000] {logging_mixin.py:190} INFO - [2026-09-07T20:13:30.531+0000] {dag.py:4180} INFO - Setting next_dagrun for branching_dag to None, run_after=None
[2026-09-07T20:13:30.551+0000] {processor.py:208} INFO - Processing /opt/airflow/dags/03_branching_dag.py took 0.081 seconds
[2026-09-07T20:14:01.436+0000] {processor.py:186} INFO - Started process (PID=156) to work on /opt/airflow/dags/03_branching_dag.py
[2026-09-07T20:14:01.436+0000] {processor.py:914} INFO - Processing file /opt/airflow/dags/03_branching_dag.py for tasks to queue
[2026-09-07T20:14:01.437+0000] {logging_mixin.py:190} INFO - [2026-09-07T20:14:01.437+0000] {dagbag.py:588} INFO - Filling up the DagBag from /opt/airflow/dags/03_branching_dag.py
[2026-09-07T20:14:01.451+0000] {processor.py:925} INFO - DAG(s) 'branching_dag' retrieved from /opt/airflow/dags/03_branching_dag.py
[2026-09-07T20:14:01.475+0000] {logging_mixin.py:190} INFO - [2026-09-07T20:14:01.475+0000] {dag.py:3239} INFO - Sync 1 DAGs
[2026-09-07T20:14:01.624+0000] {logging_mixin.py:190} INFO - [2026-09-07T20:14:01.624+0000] {dag.py:4180} INFO - Setting next_dagrun for branching_dag to None, run_after=None
[2026-09-07T20:14:01.645+0000] {processor.py:208} INFO - Processing /opt/airflow/dags/03_branching_dag.py took 0.214 seconds
[2026-09-07T20:14:32.595+0000] {processor.py:186} INFO - Started process (PID=170) to work on /opt/airflow/dags/03_branching_dag.py
[2026-09-07T20:14:32.595+0000] {processor.py:914} INFO - Processing file /opt/airflow/dags/03_branching_dag.py for tasks to queue
[2026-09-07T20:14:32.597+0000] {logging_mixin.py:190} INFO - [2026-09-07T20:14:32.596+0000] {dagbag.py:588} INFO - Filling up the DagBag from /opt/airflow/dags/03_branching_dag.py
[2026-09-07T20:14:32.611+0000] {processor.py:925} INFO - DAG(s) 'branching_dag' retrieved from /opt/airflow/dags/03_branching_dag.py
[2026-09-07T20:14:32.632+0000] {logging_mixin.py:190} INFO - [2026-09-07T20:14:32.632+0000] {dag.py:3239} INFO - Sync 1 DAGs
[2026-09-07T20:14:32.647+0000] {logging_mixin.py:190} INFO - [2026-09-07T20:14:32.647+0000] {dag.py:4180} INFO - Setting next_dagrun for branching_dag to None, run_after=None
[2026-09-07T20:14:32.668+0000] {processor.py:208} INFO - Processing /opt/airflow/dags/03_branching_dag.py took 0.078 seconds
[2026-09-07T20:15:03.331+0000] {processor.py:186} INFO - Started process (PID=184) to work on /opt/airflow/dags/03_branching_dag.py
[2026-09-07T20:15:03.331+0000] {processor.py:914} INFO - Processing file /opt/airflow/dags/03_branching_dag.py for tasks to queue
[2026-09-07T20:15:03.332+0000] {logging_mixin.py:190} INFO - [2026-09-07T20:15:03.332+0000] {dagbag.py:588} INFO - Filling up the DagBag from /opt/airflow/dags/03_branching_dag.py
[2026-09-07T20:15:03.349+0000] {processor.py:925} INFO - DAG(s) 'branching_dag' retrieved from /opt/airflow/dags/03_branching_dag.py
[2026-09-07T20:15:03.376+0000] {logging_mixin.py:190} INFO - [2026-09-07T20:15:03.375+0000] {dag.py:3239} INFO - Sync 1 DAGs
[2026-09-07T20:15:03.388+0000] {logging_mixin.py:190} INFO - [2026-09-07T20:15:03.388+0000] {dag.py:4180} INFO - Setting next_dagrun for branching_dag to None, run_after=None
[2026-09-07T20:15:03.407+0000] {processor.py:208} INFO - Processing /opt/airflow/dags/03_branching_dag.py took 0.082 seconds
[2026-09-07T20:15:33.885+0000] {processor.py:186} INFO - Started process (PID=198) to work on /opt/airflow/dags/03_branching_dag.py
[2026-09-07T20:15:33.885+0000] {processor.py:914} INFO - Processing file /opt/airflow/dags/03_branching_dag.py for tasks to queue
[2026-09-07T20:15:33.887+0000] {logging_mixin.py:190} INFO - [2026-09-07T20:15:33.887+0000] {dagbag.py:588} INFO - Filling up the DagBag from /opt/airflow/dags/03_branching_dag.py
[2026-09-07T20:15:33.904+0000] {processor.py:925} INFO - DAG(s) 'branching_dag' retrieved from /opt/airflow/dags/03_branching_dag.py
[2026-09-07T20:15:33.930+0000] {logging_mixin.py:190} INFO - [2026-09-07T20:15:33.930+0000] {dag.py:3239} INFO - Sync 1 DAGs
[2026-09-07T20:15:33.944+0000] {logging_mixin.py:190} INFO - [2026-09-07T20:15:33.944+0000] {dag.py:4180} INFO - Setting next_dagrun for branching_dag to None, run_after=None
[2026-09-07T20:15:33.967+0000] {processor.py:208} INFO - Processing /opt/airflow/dags/03_branching_dag.py took 0.088 seconds
[2026-09-07T20:16:04.480+0000] {processor.py:186} INFO - Started process (PID=212) to work on /opt/airflow/dags/03_branching_dag.py
[2026-09-07T20:16:04.481+0000] {processor.py:914} INFO - Processing file /opt/airflow/dags/03_branching_dag.py for tasks to queue
[2026-09-07T20:16:04.482+0000] {logging_mixin.py:190} INFO - [2026-09-07T20:16:04.482+0000] {dagbag.py:588} INFO - Filling up the DagBag from /opt/airflow/dags/03_branching_dag.py
[2026-09-07T20:16:04.496+0000] {processor.py:925} INFO - DAG(s) 'branching_dag' retrieved from /opt/airflow/dags/03_branching_dag.py
[2026-09-07T20:16:04.527+0000] {logging_mixin.py:190} INFO - [2026-09-07T20:16:04.526+0000] {dag.py:3239} INFO - Sync 1 DAGs
[2026-09-07T20:16:04.541+0000] {logging_mixin.py:190} INFO - [2026-09-07T20:16:04.541+0000] {dag.py:4180} INFO - Setting next_dagrun for branching_dag to None, run_after=None
[2026-09-07T20:16:04.558+0000] {processor.py:208} INFO - Processing /opt/airflow/dags/03_branching_dag.py took 0.083 seconds
[2026-09-07T20:16:34.997+0000] {processor.py:186} INFO - Started process (PID=226) to work on /opt/airflow/dags/03_branching_dag.py
[2026-09-07T20:16:34.997+0000] {processor.py:914} INFO - Processing file /opt/airflow/dags/03_branching_dag.py for tasks to queue
[2026-09-07T20:16:34.998+0000] {logging_mixin.py:190} INFO - [2026-09-07T20:16:34.998+0000] {dagbag.py:588} INFO - Filling up the DagBag from /opt/airflow/dags/03_branching_dag.py
[2026-09-07T20:16:35.010+0000] {processor.py:925} INFO - DAG(s) 'branching_dag' retrieved from /opt/airflow/dags/03_branching_dag.py
[2026-09-07T20:16:35.033+0000] {logging_mixin.py:190} INFO - [2026-09-07T20:16:35.033+0000] {dag.py:3239} INFO - Sync 1 DAGs
[2026-09-07T20:16:35.045+0000] {logging_mixin.py:190} INFO - [2026-09-07T20:16:35.044+0000] {dag.py:4180} INFO - Setting next_dagrun for branching_dag to None, run_after=None
[2026-09-07T20:16:35.065+0000] {processor.py:208} INFO - Processing /opt/airflow/dags/03_branching_dag.py took 0.073 seconds
[2026-09-07T20:17:05.479+0000] {processor.py:186} INFO - Started process (PID=240) to work on /opt/airflow/dags/03_branching_dag.py
[2026-09-07T20:17:05.480+0000] {processor.py:914} INFO - Processing file /opt/airflow/dags/03_branching_dag.py for tasks to queue
[2026-09-07T20:17:05.481+0000] {logging_mixin.py:190} INFO - [2026-09-07T20:17:05.481+0000] {dagbag.py:588} INFO - Filling up the DagBag from /opt/airflow/dags/03_branching_dag.py
[2026-09-07T20:17:05.495+0000] {processor.py:925} INFO - DAG(s) 'branching_dag' retrieved from /opt/airflow/dags/03_branching_dag.py
[2026-09-07T20:17:05.519+0000] {logging_mixin.py:190} INFO - [2026-09-07T20:17:05.519+0000] {dag.py:3239} INFO - Sync 1 DAGs
[2026-09-07T20:17:05.530+0000] {logging_mixin.py:190} INFO - [2026-09-07T20:17:05.530+0000] {dag.py:4180} INFO - Setting next_dagrun for branching_dag to None, run_after=None
[2026-09-07T20:17:05.549+0000] {processor.py:208} INFO - Processing /opt/airflow/dags/03_branching_dag.py took 0.075 seconds
[2026-09-07T20:17:36.123+0000] {processor.py:186} INFO - Started process (PID=254) to work on /opt/airflow/dags/03_branching_dag.py
[2026-09-07T20:17:36.124+0000] {processor.py:914} INFO - Processing file /opt/airflow/dags/03_branching_dag.py for tasks to queue
[2026-09-07T20:17:36.126+0000] {logging_mixin.py:190} INFO - [2026-09-07T20:17:36.126+0000] {dagbag.py:588} INFO - Filling up the DagBag from /opt/airflow/dags/03_branching_dag.py
[2026-09-07T20:17:36.143+0000] {processor.py:925} INFO - DAG(s) 'branching_dag' retrieved from /opt/airflow/dags/03_branching_dag.py
[2026-09-07T20:17:36.167+0000] {logging_mixin.py:190} INFO - [2026-09-07T20:17:36.167+0000] {dag.py:3239} INFO - Sync 1 DAGs
[2026-09-07T20:17:36.179+0000] {logging_mixin.py:190} INFO - [2026-09-07T20:17:36.179+0000] {dag.py:4180} INFO - Setting next_dagrun for branching_dag to None, run_after=None
[2026-09-07T20:17:36.207+0000] {processor.py:208} INFO - Processing /opt/airflow/dags/03_branching_dag.py took 0.089 seconds
[2026-09-07T20:18:06.822+0000] {processor.py:186} INFO - Started process (PID=268) to work on /opt/airflow/dags/03_branching_dag.py
[2026-09-07T20:18:06.823+0000] {processor.py:914} INFO - Processing file /opt/airflow/dags/03_branching_dag.py for tasks to queue
[2026-09-07T20:18:06.824+0000] {logging_mixin.py:190} INFO - [2026-09-07T20:18:06.824+0000] {dagbag.py:588} INFO - Filling up the DagBag from /opt/airflow/dags/03_branching_dag.py
[2026-09-07T20:18:06.840+0000] {processor.py:925} INFO - DAG(s) 'branching_dag' retrieved from /opt/airflow/dags/03_branching_dag.py
[2026-09-07T20:18:06.863+0000] {logging_mixin.py:190} INFO - [2026-09-07T20:18:06.863+0000] {dag.py:3239} INFO - Sync 1 DAGs
[2026-09-07T20:18:06.877+0000] {logging_mixin.py:190} INFO - [2026-09-07T20:18:06.876+0000] {dag.py:4180} INFO - Setting next_dagrun for branching_dag to None, run_after=None
[2026-09-07T20:18:06.900+0000] {processor.py:208} INFO - Processing /opt/airflow/dags/03_branching_dag.py took 0.084 seconds
[2026-09-07T20:18:37.519+0000] {processor.py:186} INFO - Started process (PID=282) to work on /opt/airflow/dags/03_branching_dag.py
[2026-09-07T20:18:37.520+0000] {processor.py:914} INFO - Processing file /opt/airflow/dags/03_branching_dag.py for tasks to queue
[2026-09-07T20:18:37.521+0000] {logging_mixin.py:190} INFO - [2026-09-07T20:18:37.521+0000] {dagbag.py:588} INFO - Filling up the DagBag from /opt/airflow/dags/03_branching_dag.py
[2026-09-07T20:18:37.537+0000] {processor.py:925} INFO - DAG(s) 'branching_dag' retrieved from /opt/airflow/dags/03_branching_dag.py
[2026-09-07T20:18:37.560+0000] {logging_mixin.py:190} INFO - [2026-09-07T20:18:37.560+0000] {dag.py:3239} INFO - Sync 1 DAGs
[2026-09-07T20:18:37.572+0000] {logging_mixin.py:190} INFO - [2026-09-07T20:18:37.572+0000] {dag.py:4180} INFO - Setting next_dagrun for branching_dag to None, run_after=None
[2026-09-07T20:18:37.589+0000] {processor.py:208} INFO - Processing /opt/airflow/dags/03_branching_dag.py took 0.075 seconds
[2026-09-07T20:19:08.154+0000] {processor.py:186} INFO - Started process (PID=296) to work on /opt/airflow/dags/03_branching_dag.py
[2026-09-07T20:19:08.155+0000] {processor.py:914} INFO - Processing file /opt/airflow/dags/03_branching_dag.py for tasks to queue
[2026-09-07T20:19:08.157+0000] {logging_mixin.py:190} INFO - [2026-09-07T20:19:08.156+0000] {dagbag.py:588} INFO - Filling up the DagBag from /opt/airflow/dags/03_branching_dag.py
[2026-09-07T20:19:08.176+0000] {processor.py:925} INFO - DAG(s) 'branching_dag' retrieved from /opt/airflow/dags/03_branching_dag.py
[2026-09-07T20:19:08.199+0000] {logging_mixin.py:190} INFO - [2026-09-07T20:19:08.199+0000] {dag.py:3239} INFO - Sync 1 DAGs
[2026-09-07T20:19:08.211+0000] {logging_mixin.py:190} INFO - [2026-09-07T20:19:08.211+0000] {dag.py:4180} INFO - Setting next_dagrun for branching_dag to None, run_after=None
[2026-09-07T20:19:08.228+0000] {processor.py:208} INFO - Processing /opt/airflow/dags/03_branching_dag.py took 0.080 seconds
[2026-09-07T20:19:38.817+0000] {processor.py:186} INFO - Started process (PID=310) to work on /opt/airflow/dags/03_branching_dag.py
[2026-09-07T20:19:38.818+0000] {processor.py:914} INFO - Processing file /opt/airflow/dags/03_branching_dag.py for tasks to queue
[2026-09-07T20:19:38.819+0000] {logging_mixin.py:190} INFO - [2026-09-07T20:19:38.819+0000] {dagbag.py:588} INFO - Filling up the DagBag from /opt/airflow/dags/03_branching_dag.py
[2026-09-07T20:19:38.836+0000] {processor.py:925} INFO - DAG(s) 'branching_dag' retrieved from /opt/airflow/dags/03_branching_dag.py
[2026-09-07T20:19:38.858+0000] {logging_mixin.py:190} INFO - [2026-09-07T20:19:38.858+0000] {dag.py:3239} INFO - Sync 1 DAGs
[2026-09-07T20:19:38.871+0000] {logging_mixin.py:190} INFO - [2026-09-07T20:19:38.871+0000] {dag.py:4180} INFO - Setting next_dagrun for branching_dag to None, run_after=None
[2026-09-07T20:19:38.889+0000] {processor.py:208} INFO - Processing /opt/airflow/dags/03_branching_dag.py took 0.080 seconds
[2026-09-07T20:20:09.376+0000] {processor.py:186} INFO - Started process (PID=324) to work on /opt/airflow/dags/03_branching_dag.py
[2026-09-07T20:20:09.377+0000] {processor.py:914} INFO - Processing file /opt/airflow/dags/03_branching_dag.py for tasks to queue
[2026-09-07T20:20:09.378+0000] {logging_mixin.py:190} INFO - [2026-09-07T20:20:09.378+0000] {dagbag.py:588} INFO - Filling up the DagBag from /opt/airflow/dags/03_branching_dag.py
[2026-09-07T20:20:09.392+0000] {processor.py:925} INFO - DAG(s) 'branching_dag' retrieved from /opt/airflow/dags/03_branching_dag.py
[2026-09-07T20:20:09.413+0000] {logging_mixin.py:190} INFO - [2026-09-07T20:20:09.413+0000] {dag.py:3239} INFO - Sync 1 DAGs
[2026-09-07T20:20:09.425+0000] {logging_mixin.py:190} INFO - [2026-09-07T20:20:09.425+0000] {dag.py:4180} INFO - Setting next_dagrun for branching_dag to None, run_after=None
[2026-09-07T20:20:09.444+0000] {processor.py:208} INFO - Processing /opt/airflow/dags/03_branching_dag.py took 0.074 seconds
[2026-09-07T20:20:39.928+0000] {processor.py:186} INFO - Started process (PID=337) to work on /opt/airflow/dags/03_branching_dag.py
[2026-09-07T20:20:39.928+0000] {processor.py:914} INFO - Processing file /opt/airflow/dags/03_branching_dag.py for tasks to queue
[2026-09-07T20:20:39.929+0000] {logging_mixin.py:190} INFO - [2026-09-07T20:20:39.929+0000] {dagbag.py:588} INFO - Filling up the DagBag from /opt/airflow/dags/03_branching_dag.py
[2026-09-07T20:20:39.949+0000] {processor.py:925} INFO - DAG(s) 'branching_dag' retrieved from /opt/airflow/dags/03_branching_dag.py
[2026-09-07T20:20:39.971+0000] {logging_mixin.py:190} INFO - [2026-09-07T20:20:39.971+0000] {dag.py:3239} INFO - Sync 1 DAGs
[2026-09-07T20:20:39.984+0000] {logging_mixin.py:190} INFO - [2026-09-07T20:20:39.983+0000] {dag.py:4180} INFO - Setting next_dagrun for branching_dag to None, run_after=None
[2026-09-07T20:20:40.005+0000] {processor.py:208} INFO - Processing /opt/airflow/dags/03_branching_dag.py took 0.082 seconds
[2026-09-07T20:21:10.510+0000] {processor.py:186} INFO - Started process (PID=352) to work on /opt/airflow/dags/03_branching_dag.py
[2026-09-07T20:21:10.510+0000] {processor.py:914} INFO - Processing file /opt/airflow/dags/03_branching_dag.py for tasks to queue
[2026-09-07T20:21:10.511+0000] {logging_mixin.py:190} INFO - [2026-09-07T20:21:10.511+0000] {dagbag.py:588} INFO - Filling up the DagBag from /opt/airflow/dags/03_branching_dag.py
[2026-09-07T20:21:10.526+0000] {processor.py:925} INFO - DAG(s) 'branching_dag' retrieved from /opt/airflow/dags/03_branching_dag.py
[2026-09-07T20:21:10.549+0000] {logging_mixin.py:190} INFO - [2026-09-07T20:21:10.549+0000] {dag.py:3239} INFO - Sync 1 DAGs
[2026-09-07T20:21:10.562+0000] {logging_mixin.py:190} INFO - [2026-09-07T20:21:10.562+0000] {dag.py:4180} INFO - Setting next_dagrun for branching_dag to None, run_after=None
[2026-09-07T20:21:10.584+0000] {processor.py:208} INFO - Processing /opt/airflow/dags/03_branching_dag.py took 0.080 seconds
[2026-09-07T20:21:41.122+0000] {processor.py:186} INFO - Started process (PID=366) to work on /opt/airflow/dags/03_branching_dag.py
[2026-09-07T20:21:41.124+0000] {processor.py:914} INFO - Processing file /opt/airflow/dags/03_branching_dag.py for tasks to queue
[2026-09-07T20:21:41.125+0000] {logging_mixin.py:190} INFO - [2026-09-07T20:21:41.125+0000] {dagbag.py:588} INFO - Filling up the DagBag from /opt/airflow/dags/03_branching_dag.py
[2026-09-07T20:21:41.140+0000] {processor.py:925} INFO - DAG(s) 'branching_dag' retrieved from /opt/airflow/dags/03_branching_dag.py
[2026-09-07T20:21:41.165+0000] {logging_mixin.py:190} INFO - [2026-09-07T20:21:41.165+0000] {dag.py:3239} INFO - Sync 1 DAGs
[2026-09-07T20:21:41.180+0000] {logging_mixin.py:190} INFO - [2026-09-07T20:21:41.180+0000] {dag.py:4180} INFO - Setting next_dagrun for branching_dag to None, run_after=None
[2026-09-07T20:21:41.197+0000] {processor.py:208} INFO - Processing /opt/airflow/dags/03_branching_dag.py took 0.083 seconds
[2026-09-07T20:22:11.687+0000] {processor.py:186} INFO - Started process (PID=380) to work on /opt/airflow/dags/03_branching_dag.py
[2026-09-07T20:22:11.688+0000] {processor.py:914} INFO - Processing file /opt/airflow/dags/03_branching_dag.py for tasks to queue
[2026-09-07T20:22:11.689+0000] {logging_mixin.py:190} INFO - [2026-09-07T20:22:11.688+0000] {dagbag.py:588} INFO - Filling up the DagBag from /opt/airflow/dags/03_branching_dag.py
[2026-09-07T20:22:11.700+0000] {processor.py:925} INFO - DAG(s) 'branching_dag' retrieved from /opt/airflow/dags/03_branching_dag.py
[2026-09-07T20:22:11.723+0000] {logging_mixin.py:190} INFO - [2026-09-07T20:22:11.723+0000] {dag.py:3239} INFO - Sync 1 DAGs
[2026-09-07T20:22:11.735+0000] {logging_mixin.py:190} INFO - [2026-09-07T20:22:11.735+0000] {dag.py:4180} INFO - Setting next_dagrun for branching_dag to None, run_after=None
[2026-09-07T20:22:11.754+0000] {processor.py:208} INFO - Processing /opt/airflow/dags/03_branching_dag.py took 0.072 seconds
[2026-09-07T20:22:42.252+0000] {processor.py:186} INFO - Started process (PID=394) to work on /opt/airflow/dags/03_branching_dag.py
[2026-09-07T20:22:42.253+0000] {processor.py:914} INFO - Processing file /opt/airflow/dags/03_branching_dag.py for tasks to queue
[2026-09-07T20:22:42.254+0000] {logging_mixin.py:190} INFO - [2026-09-07T20:22:42.254+0000] {dagbag.py:588} INFO - Filling up the DagBag from /opt/airflow/dags/03_branching_dag.py
[2026-09-07T20:22:42.270+0000] {processor.py:925} INFO - DAG(s) 'branching_dag' retrieved from /opt/airflow/dags/03_branching_dag.py
[2026-09-07T20:22:42.302+0000] {logging_mixin.py:190} INFO - [2026-09-07T20:22:42.302+0000] {dag.py:3239} INFO - Sync 1 DAGs
[2026-09-07T20:22:42.314+0000] {logging_mixin.py:190} INFO - [2026-09-07T20:22:42.314+0000] {dag.py:4180} INFO - Setting next_dagrun for branching_dag to None, run_after=None
[2026-09-07T20:22:42.332+0000] {processor.py:208} INFO - Processing /opt/airflow/dags/03_branching_dag.py took 0.085 seconds
[2026-09-07T20:23:12.849+0000] {processor.py:186} INFO - Started process (PID=408) to work on /opt/airflow/dags/03_branching_dag.py
[2026-09-07T20:23:12.851+0000] {processor.py:914} INFO - Processing file /opt/airflow/dags/03_branching_dag.py for tasks to queue
[2026-09-07T20:23:12.855+0000] {logging_mixin.py:190} INFO - [2026-09-07T20:23:12.853+0000] {dagbag.py:588} INFO - Filling up the DagBag from /opt/airflow/dags/03_branching_dag.py
[2026-09-07T20:23:12.878+0000] {processor.py:925} INFO - DAG(s) 'branching_dag' retrieved from /opt/airflow/dags/03_branching_dag.py
[2026-09-07T20:23:12.910+0000] {logging_mixin.py:190} INFO - [2026-09-07T20:23:12.909+0000] {dag.py:3239} INFO - Sync 1 DAGs
[2026-09-07T20:23:12.929+0000] {logging_mixin.py:190} INFO - [2026-09-07T20:23:12.929+0000] {dag.py:4180} INFO - Setting next_dagrun for branching_dag to None, run_after=None
[2026-09-07T20:23:12.953+0000] {processor.py:208} INFO - Processing /opt/airflow/dags/03_branching_dag.py took 0.115 seconds
[2026-09-07T20:23:43.511+0000] {processor.py:186} INFO - Started process (PID=422) to work on /opt/airflow/dags/03_branching_dag.py
[2026-09-07T20:23:43.511+0000] {processor.py:914} INFO - Processing file /opt/airflow/dags/03_branching_dag.py for tasks to queue
[2026-09-07T20:23:43.513+0000] {logging_mixin.py:190} INFO - [2026-09-07T20:23:43.512+0000] {dagbag.py:588} INFO - Filling up the DagBag from /opt/airflow/dags/03_branching_dag.py
[2026-09-07T20:23:43.527+0000] {processor.py:925} INFO - DAG(s) 'branching_dag' retrieved from /opt/airflow/dags/03_branching_dag.py
[2026-09-07T20:23:43.553+0000] {logging_mixin.py:190} INFO - [2026-09-07T20:23:43.552+0000] {dag.py:3239} INFO - Sync 1 DAGs
[2026-09-07T20:23:43.565+0000] {logging_mixin.py:190} INFO - [2026-09-07T20:23:43.565+0000] {dag.py:4180} INFO - Setting next_dagrun for branching_dag to None, run_after=None
[2026-09-07T20:23:43.585+0000] {processor.py:208} INFO - Processing /opt/airflow/dags/03_branching_dag.py took 0.081 seconds
[2026-09-07T20:24:14.217+0000] {processor.py:186} INFO - Started process (PID=436) to work on /opt/airflow/dags/03_branching_dag.py
[2026-09-07T20:24:14.218+0000] {processor.py:914} INFO - Processing file /opt/airflow/dags/03_branching_dag.py for tasks to queue
[2026-09-07T20:24:14.219+0000] {logging_mixin.py:190} INFO - [2026-09-07T20:24:14.219+0000] {dagbag.py:588} INFO - Filling up the DagBag from /opt/airflow/dags/03_branching_dag.py
[2026-09-07T20:24:14.235+0000] {processor.py:925} INFO - DAG(s) 'branching_dag' retrieved from /opt/airflow/dags/03_branching_dag.py
[2026-09-07T20:24:14.257+0000] {logging_mixin.py:190} INFO - [2026-09-07T20:24:14.256+0000] {dag.py:3239} INFO - Sync 1 DAGs
[2026-09-07T20:24:14.269+0000] {logging_mixin.py:190} INFO - [2026-09-07T20:24:14.268+0000] {dag.py:4180} INFO - Setting next_dagrun for branching_dag to None, run_after=None
[2026-09-07T20:24:14.287+0000] {processor.py:208} INFO - Processing /opt/airflow/dags/03_branching_dag.py took 0.077 seconds
[2026-09-07T20:24:44.751+0000] {processor.py:186} INFO - Started process (PID=450) to work on /opt/airflow/dags/03_branching_dag.py
[2026-09-07T20:24:44.751+0000] {processor.py:914} INFO - Processing file /opt/airflow/dags/03_branching_dag.py for tasks to queue
[2026-09-07T20:24:44.753+0000] {logging_mixin.py:190} INFO - [2026-09-07T20:24:44.752+0000] {dagbag.py:588} INFO - Filling up the DagBag from /opt/airflow/dags/03_branching_dag.py
[2026-09-07T20:24:44.767+0000] {processor.py:925} INFO - DAG(s) 'branching_dag' retrieved from /opt/airflow/dags/03_branching_dag.py
[2026-09-07T20:24:44.789+0000] {logging_mixin.py:190} INFO - [2026-09-07T20:24:44.789+0000] {dag.py:3239} INFO - Sync 1 DAGs
[2026-09-07T20:24:44.802+0000] {logging_mixin.py:190} INFO - [2026-09-07T20:24:44.802+0000] {dag.py:4180} INFO - Setting next_dagrun for branching_dag to None, run_after=None
[2026-09-07T20:24:44.822+0000] {processor.py:208} INFO - Processing /opt/airflow/dags/03_branching_dag.py took 0.077 seconds
[2026-09-07T20:25:15.420+0000] {processor.py:186} INFO - Started process (PID=464) to work on /opt/airflow/dags/03_branching_dag.py
[2026-09-07T20:25:15.420+0000] {processor.py:914} INFO - Processing file /opt/airflow/dags/03_branching_dag.py for tasks to queue
[2026-09-07T20:25:15.422+0000] {logging_mixin.py:190} INFO - [2026-09-07T20:25:15.421+0000] {dagbag.py:588} INFO - Filling up the DagBag from /opt/airflow/dags/03_branching_dag.py
[2026-09-07T20:25:15.442+0000] {processor.py:925} INFO - DAG(s) 'branching_dag' retrieved from /opt/airflow/dags/03_branching_dag.py
[2026-09-07T20:25:15.468+0000] {logging_mixin.py:190} INFO - [2026-09-07T20:25:15.468+0000] {dag.py:3239} INFO - Sync 1 DAGs
[2026-09-07T20:25:15.481+0000] {logging_mixin.py:190} INFO - [2026-09-07T20:25:15.481+0000] {dag.py:4180} INFO - Setting next_dagrun for branching_dag to None, run_after=None
[2026-09-07T20:25:15.500+0000] {processor.py:208} INFO - Processing /opt/airflow/dags/03_branching_dag.py took 0.086 seconds
[2026-09-07T20:25:46.026+0000] {processor.py:186} INFO - Started process (PID=478) to work on /opt/airflow/dags/03_branching_dag.py
[2026-09-07T20:25:46.028+0000] {processor.py:914} INFO - Processing file /opt/airflow/dags/03_branching_dag.py for tasks to queue
[2026-09-07T20:25:46.029+0000] {logging_mixin.py:190} INFO - [2026-09-07T20:25:46.029+0000] {dagbag.py:588} INFO - Filling up the DagBag from /opt/airflow/dags/03_branching_dag.py
[2026-09-07T20:25:46.047+0000] {processor.py:925} INFO - DAG(s) 'branching_dag' retrieved from /opt/airflow/dags/03_branching_dag.py
[2026-09-07T20:25:46.071+0000] {logging_mixin.py:190} INFO - [2026-09-07T20:25:46.071+0000] {dag.py:3239} INFO - Sync 1 DAGs
[2026-09-07T20:25:46.086+0000] {logging_mixin.py:190} INFO - [2026-09-07T20:25:46.086+0000] {dag.py:4180} INFO - Setting next_dagrun for branching_dag to None, run_after=None
[2026-09-07T20:25:46.103+0000] {processor.py:208} INFO - Processing /opt/airflow/dags/03_branching_dag.py took 0.083 seconds
[2026-09-07T20:26:16.771+0000] {processor.py:186} INFO - Started process (PID=492) to work on /opt/airflow/dags/03_branching_dag.py
[2026-09-07T20:26:16.771+0000] {processor.py:914} INFO - Processing file /opt/airflow/dags/03_branching_dag.py for tasks to queue
[2026-09-07T20:26:16.773+0000] {logging_mixin.py:190} INFO - [2026-09-07T20:26:16.772+0000] {dagbag.py:588} INFO - Filling up the DagBag from /opt/airflow/dags/03_branching_dag.py
[2026-09-07T20:26:16.788+0000] {processor.py:925} INFO - DAG(s) 'branching_dag' retrieved from /opt/airflow/dags/03_branching_dag.py
[2026-09-07T20:26:16.811+0000] {logging_mixin.py:190} INFO - [2026-09-07T20:26:16.811+0000] {dag.py:3239} INFO - Sync 1 DAGs
[2026-09-07T20:26:16.824+0000] {logging_mixin.py:190} INFO - [2026-09-07T20:26:16.824+0000] {dag.py:4180} INFO - Setting next_dagrun for branching_dag to None, run_after=None
[2026-09-07T20:26:16.843+0000] {processor.py:208} INFO - Processing /opt/airflow/dags/03_branching_dag.py took 0.077 seconds
[2026-09-07T20:26:47.432+0000] {processor.py:186} INFO - Started process (PID=506) to work on /opt/airflow/dags/03_branching_dag.py
[2026-09-07T20:26:47.433+0000] {processor.py:914} INFO - Processing file /opt/airflow/dags/03_branching_dag.py for tasks to queue
[2026-09-07T20:26:47.434+0000] {logging_mixin.py:190} INFO - [2026-09-07T20:26:47.434+0000] {dagbag.py:588} INFO - Filling up the DagBag from /opt/airflow/dags/03_branching_dag.py
[2026-09-07T20:26:47.450+0000] {processor.py:925} INFO - DAG(s) 'branching_dag' retrieved from /opt/airflow/dags/03_branching_dag.py
[2026-09-07T20:26:47.476+0000] {logging_mixin.py:190} INFO - [2026-09-07T20:26:47.476+0000] {dag.py:3239} INFO - Sync 1 DAGs
[2026-09-07T20:26:47.490+0000] {logging_mixin.py:190} INFO - [2026-09-07T20:26:47.490+0000] {dag.py:4180} INFO - Setting next_dagrun for branching_dag to None, run_after=None
[2026-09-07T20:26:47.510+0000] {processor.py:208} INFO - Processing /opt/airflow/dags/03_branching_dag.py took 0.084 seconds
[2026-09-07T20:27:18.077+0000] {processor.py:186} INFO - Started process (PID=520) to work on /opt/airflow/dags/03_branching_dag.py
[2026-09-07T20:27:18.077+0000] {processor.py:914} INFO - Processing file /opt/airflow/dags/03_branching_dag.py for tasks to queue
[2026-09-07T20:27:18.079+0000] {logging_mixin.py:190} INFO - [2026-09-07T20:27:18.078+0000] {dagbag.py:588} INFO - Filling up the DagBag from /opt/airflow/dags/03_branching_dag.py
[2026-09-07T20:27:18.093+0000] {processor.py:925} INFO - DAG(s) 'branching_dag' retrieved from /opt/airflow/dags/03_branching_dag.py
[2026-09-07T20:27:18.119+0000] {logging_mixin.py:190} INFO - [2026-09-07T20:27:18.119+0000] {dag.py:3239} INFO - Sync 1 DAGs
[2026-09-07T20:27:18.131+0000] {logging_mixin.py:190} INFO - [2026-09-07T20:27:18.131+0000] {dag.py:4180} INFO - Setting next_dagrun for branching_dag to None, run_after=None
[2026-09-07T20:27:18.151+0000] {processor.py:208} INFO - Processing /opt/airflow/dags/03_branching_dag.py took 0.080 seconds
[2026-09-07T20:27:48.646+0000] {processor.py:186} INFO - Started process (PID=534) to work on /opt/airflow/dags/03_branching_dag.py
[2026-09-07T20:27:48.647+0000] {processor.py:914} INFO - Processing file /opt/airflow/dags/03_branching_dag.py for tasks to queue
[2026-09-07T20:27:48.649+0000] {logging_mixin.py:190} INFO - [2026-09-07T20:27:48.649+0000] {dagbag.py:588} INFO - Filling up the DagBag from /opt/airflow/dags/03_branching_dag.py
[2026-09-07T20:27:48.672+0000] {processor.py:925} INFO - DAG(s) 'branching_dag' retrieved from /opt/airflow/dags/03_branching_dag.py
[2026-09-07T20:27:48.708+0000] {logging_mixin.py:190} INFO - [2026-09-07T20:27:48.708+0000] {dag.py:3239} INFO - Sync 1 DAGs
[2026-09-07T20:27:48.725+0000] {logging_mixin.py:190} INFO - [2026-09-07T20:27:48.724+0000] {dag.py:4180} INFO - Setting next_dagrun for branching_dag to None, run_after=None
[2026-09-07T20:27:48.746+0000] {processor.py:208} INFO - Processing /opt/airflow/dags/03_branching_dag.py took 0.106 seconds
[2026-09-07T20:28:19.315+0000] {processor.py:186} INFO - Started process (PID=548) to work on /opt/airflow/dags/03_branching_dag.py
[2026-09-07T20:28:19.316+0000] {processor.py:914} INFO - Processing file /opt/airflow/dags/03_branching_dag.py for tasks to queue
[2026-09-07T20:28:19.317+0000] {logging_mixin.py:190} INFO - [2026-09-07T20:28:19.317+0000] {dagbag.py:588} INFO - Filling up the DagBag from /opt/airflow/dags/03_branching_dag.py
[2026-09-07T20:28:19.335+0000] {processor.py:925} INFO - DAG(s) 'branching_dag' retrieved from /opt/airflow/dags/03_branching_dag.py
[2026-09-07T20:28:19.362+0000] {logging_mixin.py:190} INFO - [2026-09-07T20:28:19.362+0000] {dag.py:3239} INFO - Sync 1 DAGs
[2026-09-07T20:28:19.376+0000] {logging_mixin.py:190} INFO - [2026-09-07T20:28:19.376+0000] {dag.py:4180} INFO - Setting next_dagrun for branching_dag to None, run_after=None
[2026-09-07T20:28:19.396+0000] {processor.py:208} INFO - Processing /opt/airflow/dags/03_branching_dag.py took 0.087 seconds
[2026-09-07T20:28:50.054+0000] {processor.py:186} INFO - Started process (PID=562) to work on /opt/airflow/dags/03_branching_dag.py
[2026-09-07T20:28:50.056+0000] {processor.py:914} INFO - Processing file /opt/airflow/dags/03_branching_dag.py for tasks to queue
[2026-09-07T20:28:50.058+0000] {logging_mixin.py:190} INFO - [2026-09-07T20:28:50.058+0000] {dagbag.py:588} INFO - Filling up the DagBag from /opt/airflow/dags/03_branching_dag.py
[2026-09-07T20:28:50.098+0000] {processor.py:925} INFO - DAG(s) 'branching_dag' retrieved from /opt/airflow/dags/03_branching_dag.py
[2026-09-07T20:28:50.127+0000] {logging_mixin.py:190} INFO - [2026-09-07T20:28:50.126+0000] {dag.py:3239} INFO - Sync 1 DAGs
[2026-09-07T20:28:50.140+0000] {logging_mixin.py:190} INFO - [2026-09-07T20:28:50.140+0000] {dag.py:4180} INFO - Setting next_dagrun for branching_dag to None, run_after=None
[2026-09-07T20:28:50.162+0000] {processor.py:208} INFO - Processing /opt/airflow/dags/03_branching_dag.py took 0.115 seconds
[2026-09-07T20:29:20.785+0000] {processor.py:186} INFO - Started process (PID=582) to work on /opt/airflow/dags/03_branching_dag.py
[2026-09-07T20:29:20.786+0000] {processor.py:914} INFO - Processing file /opt/airflow/dags/03_branching_dag.py for tasks to queue
[2026-09-07T20:29:20.787+0000] {logging_mixin.py:190} INFO - [2026-09-07T20:29:20.787+0000] {dagbag.py:588} INFO - Filling up the DagBag from /opt/airflow/dags/03_branching_dag.py
[2026-09-07T20:29:20.802+0000] {processor.py:925} INFO - DAG(s) 'branching_dag' retrieved from /opt/airflow/dags/03_branching_dag.py
[2026-09-07T20:29:20.825+0000] {logging_mixin.py:190} INFO - [2026-09-07T20:29:20.825+0000] {dag.py:3239} INFO - Sync 1 DAGs
[2026-09-07T20:29:20.837+0000] {logging_mixin.py:190} INFO - [2026-09-07T20:29:20.837+0000] {dag.py:4180} INFO - Setting next_dagrun for branching_dag to None, run_after=None
[2026-09-07T20:29:20.855+0000] {processor.py:208} INFO - Processing /opt/airflow/dags/03_branching_dag.py took 0.075 seconds
[2026-09-07T20:29:51.339+0000] {processor.py:186} INFO - Started process (PID=596) to work on /opt/airflow/dags/03_branching_dag.py
[2026-09-07T20:29:51.340+0000] {processor.py:914} INFO - Processing file /opt/airflow/dags/03_branching_dag.py for tasks to queue
[2026-09-07T20:29:51.341+0000] {logging_mixin.py:190} INFO - [2026-09-07T20:29:51.340+0000] {dagbag.py:588} INFO - Filling up the DagBag from /opt/airflow/dags/03_branching_dag.py
[2026-09-07T20:29:51.354+0000] {processor.py:925} INFO - DAG(s) 'branching_dag' retrieved from /opt/airflow/dags/03_branching_dag.py
[2026-09-07T20:29:51.376+0000] {logging_mixin.py:190} INFO - [2026-09-07T20:29:51.376+0000] {dag.py:3239} INFO - Sync 1 DAGs
[2026-09-07T20:29:51.388+0000] {logging_mixin.py:190} INFO - [2026-09-07T20:29:51.388+0000] {dag.py:4180} INFO - Setting next_dagrun for branching_dag to None, run_after=None
[2026-09-07T20:29:51.412+0000] {processor.py:208} INFO - Processing /opt/airflow/dags/03_branching_dag.py took 0.078 seconds
[2026-09-07T20:30:22.070+0000] {processor.py:186} INFO - Started process (PID=610) to work on /opt/airflow/dags/03_branching_dag.py
[2026-09-07T20:30:22.071+0000] {processor.py:914} INFO - Processing file /opt/airflow/dags/03_branching_dag.py for tasks to queue
[2026-09-07T20:30:22.072+0000] {logging_mixin.py:190} INFO - [2026-09-07T20:30:22.072+0000] {dagbag.py:588} INFO - Filling up the DagBag from /opt/airflow/dags/03_branching_dag.py
[2026-09-07T20:30:22.089+0000] {processor.py:925} INFO - DAG(s) 'branching_dag' retrieved from /opt/airflow/dags/03_branching_dag.py
[2026-09-07T20:30:22.113+0000] {logging_mixin.py:190} INFO - [2026-09-07T20:30:22.113+0000] {dag.py:3239} INFO - Sync 1 DAGs
[2026-09-07T20:30:22.126+0000] {logging_mixin.py:190} INFO - [2026-09-07T20:30:22.126+0000] {dag.py:4180} INFO - Setting next_dagrun for branching_dag to None, run_after=None
[2026-09-07T20:30:22.146+0000] {processor.py:208} INFO - Processing /opt/airflow/dags/03_branching_dag.py took 0.082 seconds
[2026-09-07T20:30:52.717+0000] {processor.py:186} INFO - Started process (PID=624) to work on /opt/airflow/dags/03_branching_dag.py
[2026-09-07T20:30:52.718+0000] {processor.py:914} INFO - Processing file /opt/airflow/dags/03_branching_dag.py for tasks to queue
[2026-09-07T20:30:52.720+0000] {logging_mixin.py:190} INFO - [2026-09-07T20:30:52.719+0000] {dagbag.py:588} INFO - Filling up the DagBag from /opt/airflow/dags/03_branching_dag.py
[2026-09-07T20:30:52.734+0000] {processor.py:925} INFO - DAG(s) 'branching_dag' retrieved from /opt/airflow/dags/03_branching_dag.py
[2026-09-07T20:30:52.758+0000] {logging_mixin.py:190} INFO - [2026-09-07T20:30:52.757+0000] {dag.py:3239} INFO - Sync 1 DAGs
[2026-09-07T20:30:52.771+0000] {logging_mixin.py:190} INFO - [2026-09-07T20:30:52.771+0000] {dag.py:4180} INFO - Setting next_dagrun for branching_dag to None, run_after=None
[2026-09-07T20:30:52.797+0000] {processor.py:208} INFO - Processing /opt/airflow/dags/03_branching_dag.py took 0.086 seconds
[2026-09-07T20:31:23.223+0000] {processor.py:186} INFO - Started process (PID=638) to work on /opt/airflow/dags/03_branching_dag.py
[2026-09-07T20:31:23.223+0000] {processor.py:914} INFO - Processing file /opt/airflow/dags/03_branching_dag.py for tasks to queue
[2026-09-07T20:31:23.224+0000] {logging_mixin.py:190} INFO - [2026-09-07T20:31:23.224+0000] {dagbag.py:588} INFO - Filling up the DagBag from /opt/airflow/dags/03_branching_dag.py
[2026-09-07T20:31:23.237+0000] {processor.py:925} INFO - DAG(s) 'branching_dag' retrieved from /opt/airflow/dags/03_branching_dag.py
[2026-09-07T20:31:23.258+0000] {logging_mixin.py:190} INFO - [2026-09-07T20:31:23.258+0000] {dag.py:3239} INFO - Sync 1 DAGs
[2026-09-07T20:31:23.269+0000] {logging_mixin.py:190} INFO - [2026-09-07T20:31:23.269+0000] {dag.py:4180} INFO - Setting next_dagrun for branching_dag to None, run_after=None
[2026-09-07T20:31:23.290+0000] {processor.py:208} INFO - Processing /opt/airflow/dags/03_branching_dag.py took 0.074 seconds
[2026-09-07T20:31:53.805+0000] {processor.py:186} INFO - Started process (PID=652) to work on /opt/airflow/dags/03_branching_dag.py
[2026-09-07T20:31:53.806+0000] {processor.py:914} INFO - Processing file /opt/airflow/dags/03_branching_dag.py for tasks to queue
[2026-09-07T20:31:53.808+0000] {logging_mixin.py:190} INFO - [2026-09-07T20:31:53.807+0000] {dagbag.py:588} INFO - Filling up the DagBag from /opt/airflow/dags/03_branching_dag.py
[2026-09-07T20:31:53.823+0000] {processor.py:925} INFO - DAG(s) 'branching_dag' retrieved from /opt/airflow/dags/03_branching_dag.py
[2026-09-07T20:31:53.849+0000] {logging_mixin.py:190} INFO - [2026-09-07T20:31:53.849+0000] {dag.py:3239} INFO - Sync 1 DAGs
[2026-09-07T20:31:53.861+0000] {logging_mixin.py:190} INFO - [2026-09-07T20:31:53.861+0000] {dag.py:4180} INFO - Setting next_dagrun for branching_dag to None, run_after=None
[2026-09-07T20:31:53.880+0000] {processor.py:208} INFO - Processing /opt/airflow/dags/03_branching_dag.py took 0.079 seconds
[2026-09-07T20:32:24.429+0000] {processor.py:186} INFO - Started process (PID=666) to work on /opt/airflow/dags/03_branching_dag.py
[2026-09-07T20:32:24.430+0000] {processor.py:914} INFO - Processing file /opt/airflow/dags/03_branching_dag.py for tasks to queue
[2026-09-07T20:32:24.431+0000] {logging_mixin.py:190} INFO - [2026-09-07T20:32:24.431+0000] {dagbag.py:588} INFO - Filling up the DagBag from /opt/airflow/dags/03_branching_dag.py
[2026-09-07T20:32:24.447+0000] {processor.py:925} INFO - DAG(s) 'branching_dag' retrieved from /opt/airflow/dags/03_branching_dag.py
[2026-09-07T20:32:24.472+0000] {logging_mixin.py:190} INFO - [2026-09-07T20:32:24.472+0000] {dag.py:3239} INFO - Sync 1 DAGs
[2026-09-07T20:32:24.485+0000] {logging_mixin.py:190} INFO - [2026-09-07T20:32:24.485+0000] {dag.py:4180} INFO - Setting next_dagrun for branching_dag to None, run_after=None
[2026-09-07T20:32:24.506+0000] {processor.py:208} INFO - Processing /opt/airflow/dags/03_branching_dag.py took 0.083 seconds
[2026-09-07T20:32:55.009+0000] {processor.py:186} INFO - Started process (PID=680) to work on /opt/airflow/dags/03_branching_dag.py
[2026-09-07T20:32:55.009+0000] {processor.py:914} INFO - Processing file /opt/airflow/dags/03_branching_dag.py for tasks to queue
[2026-09-07T20:32:55.011+0000] {logging_mixin.py:190} INFO - [2026-09-07T20:32:55.010+0000] {dagbag.py:588} INFO - Filling up the DagBag from /opt/airflow/dags/03_branching_dag.py
[2026-09-07T20:32:55.028+0000] {processor.py:925} INFO - DAG(s) 'branching_dag' retrieved from /opt/airflow/dags/03_branching_dag.py
[2026-09-07T20:32:55.061+0000] {logging_mixin.py:190} INFO - [2026-09-07T20:32:55.061+0000] {dag.py:3239} INFO - Sync 1 DAGs
[2026-09-07T20:32:55.081+0000] {logging_mixin.py:190} INFO - [2026-09-07T20:32:55.080+0000] {dag.py:4180} INFO - Setting next_dagrun for branching_dag to None, run_after=None
[2026-09-07T20:32:55.108+0000] {processor.py:208} INFO - Processing /opt/airflow/dags/03_branching_dag.py took 0.104 seconds
[2026-09-07T20:33:25.766+0000] {processor.py:186} INFO - Started process (PID=694) to work on /opt/airflow/dags/03_branching_dag.py
[2026-09-07T20:33:25.766+0000] {processor.py:914} INFO - Processing file /opt/airflow/dags/03_branching_dag.py for tasks to queue
[2026-09-07T20:33:25.768+0000] {logging_mixin.py:190} INFO - [2026-09-07T20:33:25.767+0000] {dagbag.py:588} INFO - Filling up the DagBag from /opt/airflow/dags/03_branching_dag.py
[2026-09-07T20:33:25.783+0000] {processor.py:925} INFO - DAG(s) 'branching_dag' retrieved from /opt/airflow/dags/03_branching_dag.py
[2026-09-07T20:33:25.809+0000] {logging_mixin.py:190} INFO - [2026-09-07T20:33:25.809+0000] {dag.py:3239} INFO - Sync 1 DAGs
[2026-09-07T20:33:25.824+0000] {logging_mixin.py:190} INFO - [2026-09-07T20:33:25.823+0000] {dag.py:4180} INFO - Setting next_dagrun for branching_dag to None, run_after=None
[2026-09-07T20:33:25.844+0000] {processor.py:208} INFO - Processing /opt/airflow/dags/03_branching_dag.py took 0.084 seconds
[2026-09-07T20:33:56.441+0000] {processor.py:186} INFO - Started process (PID=709) to work on /opt/airflow/dags/03_branching_dag.py
[2026-09-07T20:33:56.442+0000] {processor.py:914} INFO - Processing file /opt/airflow/dags/03_branching_dag.py for tasks to queue
[2026-09-07T20:33:56.444+0000] {logging_mixin.py:190} INFO - [2026-09-07T20:33:56.444+0000] {dagbag.py:588} INFO - Filling up the DagBag from /opt/airflow/dags/03_branching_dag.py
[2026-09-07T20:33:56.469+0000] {processor.py:925} INFO - DAG(s) 'branching_dag' retrieved from /opt/airflow/dags/03_branching_dag.py
[2026-09-07T20:33:56.501+0000] {logging_mixin.py:190} INFO - [2026-09-07T20:33:56.500+0000] {dag.py:3239} INFO - Sync 1 DAGs
[2026-09-07T20:33:56.516+0000] {logging_mixin.py:190} INFO - [2026-09-07T20:33:56.515+0000] {dag.py:4180} INFO - Setting next_dagrun for branching_dag to None, run_after=None
[2026-09-07T20:33:56.540+0000] {processor.py:208} INFO - Processing /opt/airflow/dags/03_branching_dag.py took 0.105 seconds
[2026-09-07T20:34:27.169+0000] {processor.py:186} INFO - Started process (PID=723) to work on /opt/airflow/dags/03_branching_dag.py
[2026-09-07T20:34:27.169+0000] {processor.py:914} INFO - Processing file /opt/airflow/dags/03_branching_dag.py for tasks to queue
[2026-09-07T20:34:27.171+0000] {logging_mixin.py:190} INFO - [2026-09-07T20:34:27.171+0000] {dagbag.py:588} INFO - Filling up the DagBag from /opt/airflow/dags/03_branching_dag.py
[2026-09-07T20:34:27.186+0000] {processor.py:925} INFO - DAG(s) 'branching_dag' retrieved from /opt/airflow/dags/03_branching_dag.py
[2026-09-07T20:34:27.209+0000] {logging_mixin.py:190} INFO - [2026-09-07T20:34:27.208+0000] {dag.py:3239} INFO - Sync 1 DAGs
[2026-09-07T20:34:27.222+0000] {logging_mixin.py:190} INFO - [2026-09-07T20:34:27.222+0000] {dag.py:4180} INFO - Setting next_dagrun for branching_dag to None, run_after=None
[2026-09-07T20:34:27.241+0000] {processor.py:208} INFO - Processing /opt/airflow/dags/03_branching_dag.py took 0.078 seconds
[2026-09-07T20:34:57.814+0000] {processor.py:186} INFO - Started process (PID=737) to work on /opt/airflow/dags/03_branching_dag.py
[2026-09-07T20:34:57.815+0000] {processor.py:914} INFO - Processing file /opt/airflow/dags/03_branching_dag.py for tasks to queue
[2026-09-07T20:34:57.816+0000] {logging_mixin.py:190} INFO - [2026-09-07T20:34:57.816+0000] {dagbag.py:588} INFO - Filling up the DagBag from /opt/airflow/dags/03_branching_dag.py
[2026-09-07T20:34:57.830+0000] {processor.py:925} INFO - DAG(s) 'branching_dag' retrieved from /opt/airflow/dags/03_branching_dag.py
[2026-09-07T20:34:57.852+0000] {logging_mixin.py:190} INFO - [2026-09-07T20:34:57.852+0000] {dag.py:3239} INFO - Sync 1 DAGs
[2026-09-07T20:34:57.864+0000] {logging_mixin.py:190} INFO - [2026-09-07T20:34:57.864+0000] {dag.py:4180} INFO - Setting next_dagrun for branching_dag to None, run_after=None
[2026-09-07T20:34:57.881+0000] {processor.py:208} INFO - Processing /opt/airflow/dags/03_branching_dag.py took 0.072 seconds
[2026-09-07T20:35:28.475+0000] {processor.py:186} INFO - Started process (PID=751) to work on /opt/airflow/dags/03_branching_dag.py
[2026-09-07T20:35:28.476+0000] {processor.py:914} INFO - Processing file /opt/airflow/dags/03_branching_dag.py for tasks to queue
[2026-09-07T20:35:28.477+0000] {logging_mixin.py:190} INFO - [2026-09-07T20:35:28.477+0000] {dagbag.py:588} INFO - Filling up the DagBag from /opt/airflow/dags/03_branching_dag.py
[2026-09-07T20:35:28.492+0000] {processor.py:925} INFO - DAG(s) 'branching_dag' retrieved from /opt/airflow/dags/03_branching_dag.py
[2026-09-07T20:35:28.518+0000] {logging_mixin.py:190} INFO - [2026-09-07T20:35:28.517+0000] {dag.py:3239} INFO - Sync 1 DAGs
[2026-09-07T20:35:28.531+0000] {logging_mixin.py:190} INFO - [2026-09-07T20:35:28.531+0000] {dag.py:4180} INFO - Setting next_dagrun for branching_dag to None, run_after=None
[2026-09-07T20:35:28.553+0000] {processor.py:208} INFO - Processing /opt/airflow/dags/03_branching_dag.py took 0.084 seconds
[2026-09-07T20:35:58.999+0000] {processor.py:186} INFO - Started process (PID=765) to work on /opt/airflow/dags/03_branching_dag.py
[2026-09-07T20:35:59.000+0000] {processor.py:914} INFO - Processing file /opt/airflow/dags/03_branching_dag.py for tasks to queue
[2026-09-07T20:35:59.001+0000] {logging_mixin.py:190} INFO - [2026-09-07T20:35:59.001+0000] {dagbag.py:588} INFO - Filling up the DagBag from /opt/airflow/dags/03_branching_dag.py
[2026-09-07T20:35:59.017+0000] {processor.py:925} INFO - DAG(s) 'branching_dag' retrieved from /opt/airflow/dags/03_branching_dag.py
[2026-09-07T20:35:59.043+0000] {logging_mixin.py:190} INFO - [2026-09-07T20:35:59.043+0000] {dag.py:3239} INFO - Sync 1 DAGs
[2026-09-07T20:35:59.057+0000] {logging_mixin.py:190} INFO - [2026-09-07T20:35:59.057+0000] {dag.py:4180} INFO - Setting next_dagrun for branching_dag to None, run_after=None
[2026-09-07T20:35:59.075+0000] {processor.py:208} INFO - Processing /opt/airflow/dags/03_branching_dag.py took 0.081 seconds
[2026-09-07T20:36:29.680+0000] {processor.py:186} INFO - Started process (PID=779) to work on /opt/airflow/dags/03_branching_dag.py
[2026-09-07T20:36:29.681+0000] {processor.py:914} INFO - Processing file /opt/airflow/dags/03_branching_dag.py for tasks to queue
[2026-09-07T20:36:29.682+0000] {logging_mixin.py:190} INFO - [2026-09-07T20:36:29.682+0000] {dagbag.py:588} INFO - Filling up the DagBag from /opt/airflow/dags/03_branching_dag.py
[2026-09-07T20:36:29.697+0000] {processor.py:925} INFO - DAG(s) 'branching_dag' retrieved from /opt/airflow/dags/03_branching_dag.py
[2026-09-07T20:36:29.723+0000] {logging_mixin.py:190} INFO - [2026-09-07T20:36:29.722+0000] {dag.py:3239} INFO - Sync 1 DAGs
[2026-09-07T20:36:29.735+0000] {logging_mixin.py:190} INFO - [2026-09-07T20:36:29.735+0000] {dag.py:4180} INFO - Setting next_dagrun for branching_dag to None, run_after=None
[2026-09-07T20:36:29.754+0000] {processor.py:208} INFO - Processing /opt/airflow/dags/03_branching_dag.py took 0.079 seconds
[2026-09-07T20:37:00.362+0000] {processor.py:186} INFO - Started process (PID=793) to work on /opt/airflow/dags/03_branching_dag.py
[2026-09-07T20:37:00.363+0000] {processor.py:914} INFO - Processing file /opt/airflow/dags/03_branching_dag.py for tasks to queue
[2026-09-07T20:37:00.364+0000] {logging_mixin.py:190} INFO - [2026-09-07T20:37:00.364+0000] {dagbag.py:588} INFO - Filling up the DagBag from /opt/airflow/dags/03_branching_dag.py
[2026-09-07T20:37:00.377+0000] {processor.py:925} INFO - DAG(s) 'branching_dag' retrieved from /opt/airflow/dags/03_branching_dag.py
[2026-09-07T20:37:00.400+0000] {logging_mixin.py:190} INFO - [2026-09-07T20:37:00.400+0000] {dag.py:3239} INFO - Sync 1 DAGs
[2026-09-07T20:37:00.412+0000] {logging_mixin.py:190} INFO - [2026-09-07T20:37:00.412+0000] {dag.py:4180} INFO - Setting next_dagrun for branching_dag to None, run_after=None
[2026-09-07T20:37:00.430+0000] {processor.py:208} INFO - Processing /opt/airflow/dags/03_branching_dag.py took 0.073 seconds
[2026-09-07T20:37:31.069+0000] {processor.py:186} INFO - Started process (PID=807) to work on /opt/airflow/dags/03_branching_dag.py
[2026-09-07T20:37:31.071+0000] {processor.py:914} INFO - Processing file /opt/airflow/dags/03_branching_dag.py for tasks to queue
[2026-09-07T20:37:31.073+0000] {logging_mixin.py:190} INFO - [2026-09-07T20:37:31.073+0000] {dagbag.py:588} INFO - Filling up the DagBag from /opt/airflow/dags/03_branching_dag.py
[2026-09-07T20:37:31.099+0000] {processor.py:925} INFO - DAG(s) 'branching_dag' retrieved from /opt/airflow/dags/03_branching_dag.py
[2026-09-07T20:37:31.126+0000] {logging_mixin.py:190} INFO - [2026-09-07T20:37:31.126+0000] {dag.py:3239} INFO - Sync 1 DAGs
[2026-09-07T20:37:31.140+0000] {logging_mixin.py:190} INFO - [2026-09-07T20:37:31.140+0000] {dag.py:4180} INFO - Setting next_dagrun for branching_dag to None, run_after=None
[2026-09-07T20:37:31.162+0000] {processor.py:208} INFO - Processing /opt/airflow/dags/03_branching_dag.py took 0.104 seconds
[2026-09-07T20:38:01.648+0000] {processor.py:186} INFO - Started process (PID=821) to work on /opt/airflow/dags/03_branching_dag.py
[2026-09-07T20:38:01.649+0000] {processor.py:914} INFO - Processing file /opt/airflow/dags/03_branching_dag.py for tasks to queue
[2026-09-07T20:38:01.650+0000] {logging_mixin.py:190} INFO - [2026-09-07T20:38:01.650+0000] {dagbag.py:588} INFO - Filling up the DagBag from /opt/airflow/dags/03_branching_dag.py
[2026-09-07T20:38:01.666+0000] {processor.py:925} INFO - DAG(s) 'branching_dag' retrieved from /opt/airflow/dags/03_branching_dag.py
[2026-09-07T20:38:01.688+0000] {logging_mixin.py:190} INFO - [2026-09-07T20:38:01.688+0000] {dag.py:3239} INFO - Sync 1 DAGs
[2026-09-07T20:38:01.700+0000] {logging_mixin.py:190} INFO - [2026-09-07T20:38:01.700+0000] {dag.py:4180} INFO - Setting next_dagrun for branching_dag to None, run_after=None
[2026-09-07T20:38:01.719+0000] {processor.py:208} INFO - Processing /opt/airflow/dags/03_branching_dag.py took 0.077 seconds
[2026-09-07T20:38:32.242+0000] {processor.py:186} INFO - Started process (PID=835) to work on /opt/airflow/dags/03_branching_dag.py
[2026-09-07T20:38:32.242+0000] {processor.py:914} INFO - Processing file /opt/airflow/dags/03_branching_dag.py for tasks to queue
[2026-09-07T20:38:32.244+0000] {logging_mixin.py:190} INFO - [2026-09-07T20:38:32.243+0000] {dagbag.py:588} INFO - Filling up the DagBag from /opt/airflow/dags/03_branching_dag.py
[2026-09-07T20:38:32.261+0000] {processor.py:925} INFO - DAG(s) 'branching_dag' retrieved from /opt/airflow/dags/03_branching_dag.py
[2026-09-07T20:38:32.294+0000] {logging_mixin.py:190} INFO - [2026-09-07T20:38:32.293+0000] {dag.py:3239} INFO - Sync 1 DAGs
[2026-09-07T20:38:32.310+0000] {logging_mixin.py:190} INFO - [2026-09-07T20:38:32.310+0000] {dag.py:4180} INFO - Setting next_dagrun for branching_dag to None, run_after=None
[2026-09-07T20:38:32.333+0000] {processor.py:208} INFO - Processing /opt/airflow/dags/03_branching_dag.py took 0.097 seconds
[2026-09-07T20:39:02.851+0000] {processor.py:186} INFO - Started process (PID=849) to work on /opt/airflow/dags/03_branching_dag.py
[2026-09-07T20:39:02.852+0000] {processor.py:914} INFO - Processing file /opt/airflow/dags/03_branching_dag.py for tasks to queue
[2026-09-07T20:39:02.853+0000] {logging_mixin.py:190} INFO - [2026-09-07T20:39:02.853+0000] {dagbag.py:588} INFO - Filling up the DagBag from /opt/airflow/dags/03_branching_dag.py
[2026-09-07T20:39:02.866+0000] {processor.py:925} INFO - DAG(s) 'branching_dag' retrieved from /opt/airflow/dags/03_branching_dag.py
[2026-09-07T20:39:02.888+0000] {logging_mixin.py:190} INFO - [2026-09-07T20:39:02.888+0000] {dag.py:3239} INFO - Sync 1 DAGs
[2026-09-07T20:39:02.902+0000] {logging_mixin.py:190} INFO - [2026-09-07T20:39:02.902+0000] {dag.py:4180} INFO - Setting next_dagrun for branching_dag to None, run_after=None
[2026-09-07T20:39:02.920+0000] {processor.py:208} INFO - Processing /opt/airflow/dags/03_branching_dag.py took 0.074 seconds
[2026-09-07T20:39:33.392+0000] {processor.py:186} INFO - Started process (PID=863) to work on /opt/airflow/dags/03_branching_dag.py
[2026-09-07T20:39:33.393+0000] {processor.py:914} INFO - Processing file /opt/airflow/dags/03_branching_dag.py for tasks to queue
[2026-09-07T20:39:33.394+0000] {logging_mixin.py:190} INFO - [2026-09-07T20:39:33.394+0000] {dagbag.py:588} INFO - Filling up the DagBag from /opt/airflow/dags/03_branching_dag.py
[2026-09-07T20:39:33.409+0000] {processor.py:925} INFO - DAG(s) 'branching_dag' retrieved from /opt/airflow/dags/03_branching_dag.py
[2026-09-07T20:39:33.431+0000] {logging_mixin.py:190} INFO - [2026-09-07T20:39:33.431+0000] {dag.py:3239} INFO - Sync 1 DAGs
[2026-09-07T20:39:33.443+0000] {logging_mixin.py:190} INFO - [2026-09-07T20:39:33.443+0000] {dag.py:4180} INFO - Setting next_dagrun for branching_dag to None, run_after=None
[2026-09-07T20:39:33.461+0000] {processor.py:208} INFO - Processing /opt/airflow/dags/03_branching_dag.py took 0.075 seconds
[2026-09-07T20:40:04.057+0000] {processor.py:186} INFO - Started process (PID=877) to work on /opt/airflow/dags/03_branching_dag.py
[2026-09-07T20:40:04.058+0000] {processor.py:914} INFO - Processing file /opt/airflow/dags/03_branching_dag.py for tasks to queue
[2026-09-07T20:40:04.059+0000] {logging_mixin.py:190} INFO - [2026-09-07T20:40:04.059+0000] {dagbag.py:588} INFO - Filling up the DagBag from /opt/airflow/dags/03_branching_dag.py
[2026-09-07T20:40:04.071+0000] {processor.py:925} INFO - DAG(s) 'branching_dag' retrieved from /opt/airflow/dags/03_branching_dag.py
[2026-09-07T20:40:04.093+0000] {logging_mixin.py:190} INFO - [2026-09-07T20:40:04.093+0000] {dag.py:3239} INFO - Sync 1 DAGs
[2026-09-07T20:40:04.104+0000] {logging_mixin.py:190} INFO - [2026-09-07T20:40:04.104+0000] {dag.py:4180} INFO - Setting next_dagrun for branching_dag to None, run_after=None
[2026-09-07T20:40:04.124+0000] {processor.py:208} INFO - Processing /opt/airflow/dags/03_branching_dag.py took 0.072 seconds
[2026-09-07T20:40:34.691+0000] {processor.py:186} INFO - Started process (PID=891) to work on /opt/airflow/dags/03_branching_dag.py
[2026-09-07T20:40:34.692+0000] {processor.py:914} INFO - Processing file /opt/airflow/dags/03_branching_dag.py for tasks to queue
[2026-09-07T20:40:34.694+0000] {logging_mixin.py:190} INFO - [2026-09-07T20:40:34.693+0000] {dagbag.py:588} INFO - Filling up the DagBag from /opt/airflow/dags/03_branching_dag.py
[2026-09-07T20:40:34.710+0000] {processor.py:925} INFO - DAG(s) 'branching_dag' retrieved from /opt/airflow/dags/03_branching_dag.py
[2026-09-07T20:40:34.737+0000] {logging_mixin.py:190} INFO - [2026-09-07T20:40:34.737+0000] {dag.py:3239} INFO - Sync 1 DAGs
[2026-09-07T20:40:34.754+0000] {logging_mixin.py:190} INFO - [2026-09-07T20:40:34.754+0000] {dag.py:4180} INFO - Setting next_dagrun for branching_dag to None, run_after=None
[2026-09-07T20:40:34.777+0000] {processor.py:208} INFO - Processing /opt/airflow/dags/03_branching_dag.py took 0.091 seconds
[2026-09-07T20:41:05.305+0000] {processor.py:186} INFO - Started process (PID=905) to work on /opt/airflow/dags/03_branching_dag.py
[2026-09-07T20:41:05.306+0000] {processor.py:914} INFO - Processing file /opt/airflow/dags/03_branching_dag.py for tasks to queue
[2026-09-07T20:41:05.307+0000] {logging_mixin.py:190} INFO - [2026-09-07T20:41:05.307+0000] {dagbag.py:588} INFO - Filling up the DagBag from /opt/airflow/dags/03_branching_dag.py
[2026-09-07T20:41:05.323+0000] {processor.py:925} INFO - DAG(s) 'branching_dag' retrieved from /opt/airflow/dags/03_branching_dag.py
[2026-09-07T20:41:05.347+0000] {logging_mixin.py:190} INFO - [2026-09-07T20:41:05.347+0000] {dag.py:3239} INFO - Sync 1 DAGs
[2026-09-07T20:41:05.360+0000] {logging_mixin.py:190} INFO - [2026-09-07T20:41:05.359+0000] {dag.py:4180} INFO - Setting next_dagrun for branching_dag to None, run_after=None
[2026-09-07T20:41:05.378+0000] {processor.py:208} INFO - Processing /opt/airflow/dags/03_branching_dag.py took 0.080 seconds
[2026-09-07T20:41:35.855+0000] {processor.py:186} INFO - Started process (PID=919) to work on /opt/airflow/dags/03_branching_dag.py
[2026-09-07T20:41:35.856+0000] {processor.py:914} INFO - Processing file /opt/airflow/dags/03_branching_dag.py for tasks to queue
[2026-09-07T20:41:35.857+0000] {logging_mixin.py:190} INFO - [2026-09-07T20:41:35.857+0000] {dagbag.py:588} INFO - Filling up the DagBag from /opt/airflow/dags/03_branching_dag.py
[2026-09-07T20:41:35.872+0000] {processor.py:925} INFO - DAG(s) 'branching_dag' retrieved from /opt/airflow/dags/03_branching_dag.py
[2026-09-07T20:41:35.897+0000] {logging_mixin.py:190} INFO - [2026-09-07T20:41:35.897+0000] {dag.py:3239} INFO - Sync 1 DAGs
[2026-09-07T20:41:35.915+0000] {logging_mixin.py:190} INFO - [2026-09-07T20:41:35.914+0000] {dag.py:4180} INFO - Setting next_dagrun for branching_dag to None, run_after=None
[2026-09-07T20:41:35.939+0000] {processor.py:208} INFO - Processing /opt/airflow/dags/03_branching_dag.py took 0.089 seconds
[2026-09-07T20:42:06.442+0000] {processor.py:186} INFO - Started process (PID=933) to work on /opt/airflow/dags/03_branching_dag.py
[2026-09-07T20:42:06.442+0000] {processor.py:914} INFO - Processing file /opt/airflow/dags/03_branching_dag.py for tasks to queue
[2026-09-07T20:42:06.444+0000] {logging_mixin.py:190} INFO - [2026-09-07T20:42:06.443+0000] {dagbag.py:588} INFO - Filling up the DagBag from /opt/airflow/dags/03_branching_dag.py
[2026-09-07T20:42:06.457+0000] {processor.py:925} INFO - DAG(s) 'branching_dag' retrieved from /opt/airflow/dags/03_branching_dag.py
[2026-09-07T20:42:06.480+0000] {logging_mixin.py:190} INFO - [2026-09-07T20:42:06.480+0000] {dag.py:3239} INFO - Sync 1 DAGs
[2026-09-07T20:42:06.491+0000] {logging_mixin.py:190} INFO - [2026-09-07T20:42:06.491+0000] {dag.py:4180} INFO - Setting next_dagrun for branching_dag to None, run_after=None
[2026-09-07T20:42:06.509+0000] {processor.py:208} INFO - Processing /opt/airflow/dags/03_branching_dag.py took 0.071 seconds
[2026-09-07T20:42:36.999+0000] {processor.py:186} INFO - Started process (PID=947) to work on /opt/airflow/dags/03_branching_dag.py
[2026-09-07T20:42:36.999+0000] {processor.py:914} INFO - Processing file /opt/airflow/dags/03_branching_dag.py for tasks to queue
[2026-09-07T20:42:37.000+0000] {logging_mixin.py:190} INFO - [2026-09-07T20:42:37.000+0000] {dagbag.py:588} INFO - Filling up the DagBag from /opt/airflow/dags/03_branching_dag.py
[2026-09-07T20:42:37.015+0000] {processor.py:925} INFO - DAG(s) 'branching_dag' retrieved from /opt/airflow/dags/03_branching_dag.py
[2026-09-07T20:42:37.039+0000] {logging_mixin.py:190} INFO - [2026-09-07T20:42:37.039+0000] {dag.py:3239} INFO - Sync 1 DAGs
[2026-09-07T20:42:37.054+0000] {logging_mixin.py:190} INFO - [2026-09-07T20:42:37.053+0000] {dag.py:4180} INFO - Setting next_dagrun for branching_dag to None, run_after=None
[2026-09-07T20:42:37.074+0000] {processor.py:208} INFO - Processing /opt/airflow/dags/03_branching_dag.py took 0.082 seconds
[2026-09-07T20:43:07.783+0000] {processor.py:186} INFO - Started process (PID=961) to work on /opt/airflow/dags/03_branching_dag.py
[2026-09-07T20:43:07.784+0000] {processor.py:914} INFO - Processing file /opt/airflow/dags/03_branching_dag.py for tasks to queue
[2026-09-07T20:43:07.786+0000] {logging_mixin.py:190} INFO - [2026-09-07T20:43:07.785+0000] {dagbag.py:588} INFO - Filling up the DagBag from /opt/airflow/dags/03_branching_dag.py
[2026-09-07T20:43:07.804+0000] {processor.py:925} INFO - DAG(s) 'branching_dag' retrieved from /opt/airflow/dags/03_branching_dag.py
[2026-09-07T20:43:07.829+0000] {logging_mixin.py:190} INFO - [2026-09-07T20:43:07.829+0000] {dag.py:3239} INFO - Sync 1 DAGs
[2026-09-07T20:43:07.842+0000] {logging_mixin.py:190} INFO - [2026-09-07T20:43:07.842+0000] {dag.py:4180} INFO - Setting next_dagrun for branching_dag to None, run_after=None
[2026-09-07T20:43:07.861+0000] {processor.py:208} INFO - Processing /opt/airflow/dags/03_branching_dag.py took 0.086 seconds
[2026-09-07T20:43:37.950+0000] {processor.py:186} INFO - Started process (PID=975) to work on /opt/airflow/dags/03_branching_dag.py
[2026-09-07T20:43:37.950+0000] {processor.py:914} INFO - Processing file /opt/airflow/dags/03_branching_dag.py for tasks to queue
[2026-09-07T20:43:37.951+0000] {logging_mixin.py:190} INFO - [2026-09-07T20:43:37.951+0000] {dagbag.py:588} INFO - Filling up the DagBag from /opt/airflow/dags/03_branching_dag.py
[2026-09-07T20:43:37.964+0000] {processor.py:925} INFO - DAG(s) 'branching_dag' retrieved from /opt/airflow/dags/03_branching_dag.py
[2026-09-07T20:43:37.986+0000] {logging_mixin.py:190} INFO - [2026-09-07T20:43:37.986+0000] {dag.py:3239} INFO - Sync 1 DAGs
[2026-09-07T20:43:37.998+0000] {logging_mixin.py:190} INFO - [2026-09-07T20:43:37.998+0000] {dag.py:4180} INFO - Setting next_dagrun for branching_dag to None, run_after=None
[2026-09-07T20:43:38.017+0000] {processor.py:208} INFO - Processing /opt/airflow/dags/03_branching_dag.py took 0.072 seconds
[2026-09-07T20:44:08.691+0000] {processor.py:186} INFO - Started process (PID=989) to work on /opt/airflow/dags/03_branching_dag.py
[2026-09-07T20:44:08.692+0000] {processor.py:914} INFO - Processing file /opt/airflow/dags/03_branching_dag.py for tasks to queue
[2026-09-07T20:44:08.693+0000] {logging_mixin.py:190} INFO - [2026-09-07T20:44:08.693+0000] {dagbag.py:588} INFO - Filling up the DagBag from /opt/airflow/dags/03_branching_dag.py
[2026-09-07T20:44:08.707+0000] {processor.py:925} INFO - DAG(s) 'branching_dag' retrieved from /opt/airflow/dags/03_branching_dag.py
[2026-09-07T20:44:08.732+0000] {logging_mixin.py:190} INFO - [2026-09-07T20:44:08.732+0000] {dag.py:3239} INFO - Sync 1 DAGs
[2026-09-07T20:44:08.744+0000] {logging_mixin.py:190} INFO - [2026-09-07T20:44:08.744+0000] {dag.py:4180} INFO - Setting next_dagrun for branching_dag to None, run_after=None
[2026-09-07T20:44:08.772+0000] {processor.py:208} INFO - Processing /opt/airflow/dags/03_branching_dag.py took 0.088 seconds
[2026-09-07T20:44:39.278+0000] {processor.py:186} INFO - Started process (PID=1003) to work on /opt/airflow/dags/03_branching_dag.py
[2026-09-07T20:44:39.279+0000] {processor.py:914} INFO - Processing file /opt/airflow/dags/03_branching_dag.py for tasks to queue
[2026-09-07T20:44:39.281+0000] {logging_mixin.py:190} INFO - [2026-09-07T20:44:39.280+0000] {dagbag.py:588} INFO - Filling up the DagBag from /opt/airflow/dags/03_branching_dag.py
[2026-09-07T20:44:39.297+0000] {processor.py:925} INFO - DAG(s) 'branching_dag' retrieved from /opt/airflow/dags/03_branching_dag.py
[2026-09-07T20:44:39.326+0000] {logging_mixin.py:190} INFO - [2026-09-07T20:44:39.326+0000] {dag.py:3239} INFO - Sync 1 DAGs
[2026-09-07T20:44:39.341+0000] {logging_mixin.py:190} INFO - [2026-09-07T20:44:39.340+0000] {dag.py:4180} INFO - Setting next_dagrun for branching_dag to None, run_after=None
[2026-09-07T20:44:39.362+0000] {processor.py:208} INFO - Processing /opt/airflow/dags/03_branching_dag.py took 0.092 seconds
[2026-09-07T20:45:09.893+0000] {processor.py:186} INFO - Started process (PID=1018) to work on /opt/airflow/dags/03_branching_dag.py
[2026-09-07T20:45:09.894+0000] {processor.py:914} INFO - Processing file /opt/airflow/dags/03_branching_dag.py for tasks to queue
[2026-09-07T20:45:09.898+0000] {logging_mixin.py:190} INFO - [2026-09-07T20:45:09.897+0000] {dagbag.py:588} INFO - Filling up the DagBag from /opt/airflow/dags/03_branching_dag.py
[2026-09-07T20:45:09.917+0000] {processor.py:925} INFO - DAG(s) 'branching_dag' retrieved from /opt/airflow/dags/03_branching_dag.py
[2026-09-07T20:45:09.944+0000] {logging_mixin.py:190} INFO - [2026-09-07T20:45:09.944+0000] {dag.py:3239} INFO - Sync 1 DAGs
[2026-09-07T20:45:09.956+0000] {logging_mixin.py:190} INFO - [2026-09-07T20:45:09.956+0000] {dag.py:4180} INFO - Setting next_dagrun for branching_dag to None, run_after=None
[2026-09-07T20:45:09.978+0000] {processor.py:208} INFO - Processing /opt/airflow/dags/03_branching_dag.py took 0.091 seconds
[2026-09-07T20:45:40.558+0000] {processor.py:186} INFO - Started process (PID=1032) to work on /opt/airflow/dags/03_branching_dag.py
[2026-09-07T20:45:40.559+0000] {processor.py:914} INFO - Processing file /opt/airflow/dags/03_branching_dag.py for tasks to queue
[2026-09-07T20:45:40.560+0000] {logging_mixin.py:190} INFO - [2026-09-07T20:45:40.560+0000] {dagbag.py:588} INFO - Filling up the DagBag from /opt/airflow/dags/03_branching_dag.py
[2026-09-07T20:45:40.594+0000] {processor.py:925} INFO - DAG(s) 'branching_dag' retrieved from /opt/airflow/dags/03_branching_dag.py
[2026-09-07T20:45:40.625+0000] {logging_mixin.py:190} INFO - [2026-09-07T20:45:40.625+0000] {dag.py:3239} INFO - Sync 1 DAGs
[2026-09-07T20:45:40.640+0000] {logging_mixin.py:190} INFO - [2026-09-07T20:45:40.640+0000] {dag.py:4180} INFO - Setting next_dagrun for branching_dag to None, run_after=None
[2026-09-07T20:45:40.658+0000] {processor.py:208} INFO - Processing /opt/airflow/dags/03_branching_dag.py took 0.108 seconds
[2026-09-07T20:46:11.692+0000] {processor.py:186} INFO - Started process (PID=1046) to work on /opt/airflow/dags/03_branching_dag.py
[2026-09-07T20:46:11.693+0000] {processor.py:914} INFO - Processing file /opt/airflow/dags/03_branching_dag.py for tasks to queue
[2026-09-07T20:46:11.695+0000] {logging_mixin.py:190} INFO - [2026-09-07T20:46:11.694+0000] {dagbag.py:588} INFO - Filling up the DagBag from /opt/airflow/dags/03_branching_dag.py
[2026-09-07T20:46:11.709+0000] {processor.py:925} INFO - DAG(s) 'branching_dag' retrieved from /opt/airflow/dags/03_branching_dag.py
[2026-09-07T20:46:11.733+0000] {logging_mixin.py:190} INFO - [2026-09-07T20:46:11.733+0000] {dag.py:3239} INFO - Sync 1 DAGs
[2026-09-07T20:46:11.747+0000] {logging_mixin.py:190} INFO - [2026-09-07T20:46:11.747+0000] {dag.py:4180} INFO - Setting next_dagrun for branching_dag to None, run_after=None
[2026-09-07T20:46:11.765+0000] {processor.py:208} INFO - Processing /opt/airflow/dags/03_branching_dag.py took 0.081 seconds
[2026-09-07T20:46:42.265+0000] {processor.py:186} INFO - Started process (PID=1060) to work on /opt/airflow/dags/03_branching_dag.py
[2026-09-07T20:46:42.266+0000] {processor.py:914} INFO - Processing file /opt/airflow/dags/03_branching_dag.py for tasks to queue
[2026-09-07T20:46:42.267+0000] {logging_mixin.py:190} INFO - [2026-09-07T20:46:42.267+0000] {dagbag.py:588} INFO - Filling up the DagBag from /opt/airflow/dags/03_branching_dag.py
[2026-09-07T20:46:42.285+0000] {processor.py:925} INFO - DAG(s) 'branching_dag' retrieved from /opt/airflow/dags/03_branching_dag.py
[2026-09-07T20:46:42.309+0000] {logging_mixin.py:190} INFO - [2026-09-07T20:46:42.309+0000] {dag.py:3239} INFO - Sync 1 DAGs
[2026-09-07T20:46:42.321+0000] {logging_mixin.py:190} INFO - [2026-09-07T20:46:42.320+0000] {dag.py:4180} INFO - Setting next_dagrun for branching_dag to None, run_after=None
[2026-09-07T20:46:42.342+0000] {processor.py:208} INFO - Processing /opt/airflow/dags/03_branching_dag.py took 0.082 seconds
[2026-09-07T20:47:12.903+0000] {processor.py:186} INFO - Started process (PID=1074) to work on /opt/airflow/dags/03_branching_dag.py
[2026-09-07T20:47:12.904+0000] {processor.py:914} INFO - Processing file /opt/airflow/dags/03_branching_dag.py for tasks to queue
[2026-09-07T20:47:12.905+0000] {logging_mixin.py:190} INFO - [2026-09-07T20:47:12.905+0000] {dagbag.py:588} INFO - Filling up the DagBag from /opt/airflow/dags/03_branching_dag.py
[2026-09-07T20:47:12.918+0000] {processor.py:925} INFO - DAG(s) 'branching_dag' retrieved from /opt/airflow/dags/03_branching_dag.py
[2026-09-07T20:47:12.941+0000] {logging_mixin.py:190} INFO - [2026-09-07T20:47:12.940+0000] {dag.py:3239} INFO - Sync 1 DAGs
[2026-09-07T20:47:12.954+0000] {logging_mixin.py:190} INFO - [2026-09-07T20:47:12.953+0000] {dag.py:4180} INFO - Setting next_dagrun for branching_dag to None, run_after=None
[2026-09-07T20:47:12.975+0000] {processor.py:208} INFO - Processing /opt/airflow/dags/03_branching_dag.py took 0.077 seconds
[2026-09-07T20:47:43.563+0000] {processor.py:186} INFO - Started process (PID=1088) to work on /opt/airflow/dags/03_branching_dag.py
[2026-09-07T20:47:43.564+0000] {processor.py:914} INFO - Processing file /opt/airflow/dags/03_branching_dag.py for tasks to queue
[2026-09-07T20:47:43.566+0000] {logging_mixin.py:190} INFO - [2026-09-07T20:47:43.565+0000] {dagbag.py:588} INFO - Filling up the DagBag from /opt/airflow/dags/03_branching_dag.py
[2026-09-07T20:47:43.579+0000] {processor.py:925} INFO - DAG(s) 'branching_dag' retrieved from /opt/airflow/dags/03_branching_dag.py
[2026-09-07T20:47:43.600+0000] {logging_mixin.py:190} INFO - [2026-09-07T20:47:43.600+0000] {dag.py:3239} INFO - Sync 1 DAGs
[2026-09-07T20:47:43.611+0000] {logging_mixin.py:190} INFO - [2026-09-07T20:47:43.611+0000] {dag.py:4180} INFO - Setting next_dagrun for branching_dag to None, run_after=None
[2026-09-07T20:47:43.630+0000] {processor.py:208} INFO - Processing /opt/airflow/dags/03_branching_dag.py took 0.072 seconds
[2026-09-07T20:48:14.126+0000] {processor.py:186} INFO - Started process (PID=1102) to work on /opt/airflow/dags/03_branching_dag.py
[2026-09-07T20:48:14.127+0000] {processor.py:914} INFO - Processing file /opt/airflow/dags/03_branching_dag.py for tasks to queue
[2026-09-07T20:48:14.128+0000] {logging_mixin.py:190} INFO - [2026-09-07T20:48:14.128+0000] {dagbag.py:588} INFO - Filling up the DagBag from /opt/airflow/dags/03_branching_dag.py
[2026-09-07T20:48:14.151+0000] {processor.py:925} INFO - DAG(s) 'branching_dag' retrieved from /opt/airflow/dags/03_branching_dag.py
[2026-09-07T20:48:14.179+0000] {logging_mixin.py:190} INFO - [2026-09-07T20:48:14.179+0000] {dag.py:3239} INFO - Sync 1 DAGs
[2026-09-07T20:48:14.190+0000] {logging_mixin.py:190} INFO - [2026-09-07T20:48:14.190+0000] {dag.py:4180} INFO - Setting next_dagrun for branching_dag to None, run_after=None
[2026-09-07T20:48:14.210+0000] {processor.py:208} INFO - Processing /opt/airflow/dags/03_branching_dag.py took 0.091 seconds
[2026-09-07T20:48:44.722+0000] {processor.py:186} INFO - Started process (PID=1116) to work on /opt/airflow/dags/03_branching_dag.py
[2026-09-07T20:48:44.723+0000] {processor.py:914} INFO - Processing file /opt/airflow/dags/03_branching_dag.py for tasks to queue
[2026-09-07T20:48:44.724+0000] {logging_mixin.py:190} INFO - [2026-09-07T20:48:44.724+0000] {dagbag.py:588} INFO - Filling up the DagBag from /opt/airflow/dags/03_branching_dag.py
[2026-09-07T20:48:44.741+0000] {processor.py:925} INFO - DAG(s) 'branching_dag' retrieved from /opt/airflow/dags/03_branching_dag.py
[2026-09-07T20:48:44.765+0000] {logging_mixin.py:190} INFO - [2026-09-07T20:48:44.765+0000] {dag.py:3239} INFO - Sync 1 DAGs
[2026-09-07T20:48:44.780+0000] {logging_mixin.py:190} INFO - [2026-09-07T20:48:44.780+0000] {dag.py:4180} INFO - Setting next_dagrun for branching_dag to None, run_after=None
[2026-09-07T20:48:44.797+0000] {processor.py:208} INFO - Processing /opt/airflow/dags/03_branching_dag.py took 0.079 seconds
[2026-09-07T20:49:15.236+0000] {processor.py:186} INFO - Started process (PID=1130) to work on /opt/airflow/dags/03_branching_dag.py
[2026-09-07T20:49:15.236+0000] {processor.py:914} INFO - Processing file /opt/airflow/dags/03_branching_dag.py for tasks to queue
[2026-09-07T20:49:15.238+0000] {logging_mixin.py:190} INFO - [2026-09-07T20:49:15.237+0000] {dagbag.py:588} INFO - Filling up the DagBag from /opt/airflow/dags/03_branching_dag.py
[2026-09-07T20:49:15.250+0000] {processor.py:925} INFO - DAG(s) 'branching_dag' retrieved from /opt/airflow/dags/03_branching_dag.py
[2026-09-07T20:49:15.275+0000] {logging_mixin.py:190} INFO - [2026-09-07T20:49:15.275+0000] {dag.py:3239} INFO - Sync 1 DAGs
[2026-09-07T20:49:15.291+0000] {logging_mixin.py:190} INFO - [2026-09-07T20:49:15.290+0000] {dag.py:4180} INFO - Setting next_dagrun for branching_dag to None, run_after=None
[2026-09-07T20:49:15.309+0000] {processor.py:208} INFO - Processing /opt/airflow/dags/03_branching_dag.py took 0.078 seconds
[2026-09-07T20:49:45.931+0000] {processor.py:186} INFO - Started process (PID=1144) to work on /opt/airflow/dags/03_branching_dag.py
[2026-09-07T20:49:45.931+0000] {processor.py:914} INFO - Processing file /opt/airflow/dags/03_branching_dag.py for tasks to queue
[2026-09-07T20:49:45.932+0000] {logging_mixin.py:190} INFO - [2026-09-07T20:49:45.932+0000] {dagbag.py:588} INFO - Filling up the DagBag from /opt/airflow/dags/03_branching_dag.py
[2026-09-07T20:49:45.947+0000] {processor.py:925} INFO - DAG(s) 'branching_dag' retrieved from /opt/airflow/dags/03_branching_dag.py
[2026-09-07T20:49:45.969+0000] {logging_mixin.py:190} INFO - [2026-09-07T20:49:45.968+0000] {dag.py:3239} INFO - Sync 1 DAGs
[2026-09-07T20:49:45.981+0000] {logging_mixin.py:190} INFO - [2026-09-07T20:49:45.981+0000] {dag.py:4180} INFO - Setting next_dagrun for branching_dag to None, run_after=None
[2026-09-07T20:49:45.999+0000] {processor.py:208} INFO - Processing /opt/airflow/dags/03_branching_dag.py took 0.073 seconds
[2026-09-07T20:50:16.644+0000] {processor.py:186} INFO - Started process (PID=1158) to work on /opt/airflow/dags/03_branching_dag.py
[2026-09-07T20:50:16.645+0000] {processor.py:914} INFO - Processing file /opt/airflow/dags/03_branching_dag.py for tasks to queue
[2026-09-07T20:50:16.646+0000] {logging_mixin.py:190} INFO - [2026-09-07T20:50:16.646+0000] {dagbag.py:588} INFO - Filling up the DagBag from /opt/airflow/dags/03_branching_dag.py
[2026-09-07T20:50:16.662+0000] {processor.py:925} INFO - DAG(s) 'branching_dag' retrieved from /opt/airflow/dags/03_branching_dag.py
[2026-09-07T20:50:16.686+0000] {logging_mixin.py:190} INFO - [2026-09-07T20:50:16.686+0000] {dag.py:3239} INFO - Sync 1 DAGs
[2026-09-07T20:50:16.698+0000] {logging_mixin.py:190} INFO - [2026-09-07T20:50:16.698+0000] {dag.py:4180} INFO - Setting next_dagrun for branching_dag to None, run_after=None
[2026-09-07T20:50:16.726+0000] {processor.py:208} INFO - Processing /opt/airflow/dags/03_branching_dag.py took 0.088 seconds
[2026-09-07T20:50:46.776+0000] {processor.py:186} INFO - Started process (PID=1172) to work on /opt/airflow/dags/03_branching_dag.py
[2026-09-07T20:50:46.777+0000] {processor.py:914} INFO - Processing file /opt/airflow/dags/03_branching_dag.py for tasks to queue
[2026-09-07T20:50:46.779+0000] {logging_mixin.py:190} INFO - [2026-09-07T20:50:46.778+0000] {dagbag.py:588} INFO - Filling up the DagBag from /opt/airflow/dags/03_branching_dag.py
[2026-09-07T20:50:46.795+0000] {processor.py:925} INFO - DAG(s) 'branching_dag' retrieved from /opt/airflow/dags/03_branching_dag.py
[2026-09-07T20:50:46.817+0000] {logging_mixin.py:190} INFO - [2026-09-07T20:50:46.817+0000] {dag.py:3239} INFO - Sync 1 DAGs
[2026-09-07T20:50:46.831+0000] {logging_mixin.py:190} INFO - [2026-09-07T20:50:46.830+0000] {dag.py:4180} INFO - Setting next_dagrun for branching_dag to None, run_after=None
[2026-09-07T20:50:46.853+0000] {processor.py:208} INFO - Processing /opt/airflow/dags/03_branching_dag.py took 0.084 seconds
[2026-09-07T20:51:17.386+0000] {processor.py:186} INFO - Started process (PID=1186) to work on /opt/airflow/dags/03_branching_dag.py
[2026-09-07T20:51:17.387+0000] {processor.py:914} INFO - Processing file /opt/airflow/dags/03_branching_dag.py for tasks to queue
[2026-09-07T20:51:17.388+0000] {logging_mixin.py:190} INFO - [2026-09-07T20:51:17.388+0000] {dagbag.py:588} INFO - Filling up the DagBag from /opt/airflow/dags/03_branching_dag.py
[2026-09-07T20:51:17.418+0000] {processor.py:925} INFO - DAG(s) 'branching_dag' retrieved from /opt/airflow/dags/03_branching_dag.py
[2026-09-07T20:51:17.440+0000] {logging_mixin.py:190} INFO - [2026-09-07T20:51:17.439+0000] {dag.py:3239} INFO - Sync 1 DAGs
[2026-09-07T20:51:17.451+0000] {logging_mixin.py:190} INFO - [2026-09-07T20:51:17.451+0000] {dag.py:4180} INFO - Setting next_dagrun for branching_dag to None, run_after=None
[2026-09-07T20:51:17.469+0000] {processor.py:208} INFO - Processing /opt/airflow/dags/03_branching_dag.py took 0.088 seconds
[2026-09-07T20:51:48.054+0000] {processor.py:186} INFO - Started process (PID=1200) to work on /opt/airflow/dags/03_branching_dag.py
[2026-09-07T20:51:48.055+0000] {processor.py:914} INFO - Processing file /opt/airflow/dags/03_branching_dag.py for tasks to queue
[2026-09-07T20:51:48.057+0000] {logging_mixin.py:190} INFO - [2026-09-07T20:51:48.056+0000] {dagbag.py:588} INFO - Filling up the DagBag from /opt/airflow/dags/03_branching_dag.py
[2026-09-07T20:51:48.075+0000] {processor.py:925} INFO - DAG(s) 'branching_dag' retrieved from /opt/airflow/dags/03_branching_dag.py
[2026-09-07T20:51:48.106+0000] {logging_mixin.py:190} INFO - [2026-09-07T20:51:48.106+0000] {dag.py:3239} INFO - Sync 1 DAGs
[2026-09-07T20:51:48.121+0000] {logging_mixin.py:190} INFO - [2026-09-07T20:51:48.121+0000] {dag.py:4180} INFO - Setting next_dagrun for branching_dag to None, run_after=None
[2026-09-07T20:51:48.142+0000] {processor.py:208} INFO - Processing /opt/airflow/dags/03_branching_dag.py took 0.095 seconds
[2026-09-07T20:52:18.718+0000] {processor.py:186} INFO - Started process (PID=1214) to work on /opt/airflow/dags/03_branching_dag.py
[2026-09-07T20:52:18.719+0000] {processor.py:914} INFO - Processing file /opt/airflow/dags/03_branching_dag.py for tasks to queue
[2026-09-07T20:52:18.721+0000] {logging_mixin.py:190} INFO - [2026-09-07T20:52:18.721+0000] {dagbag.py:588} INFO - Filling up the DagBag from /opt/airflow/dags/03_branching_dag.py
[2026-09-07T20:52:18.740+0000] {processor.py:925} INFO - DAG(s) 'branching_dag' retrieved from /opt/airflow/dags/03_branching_dag.py
[2026-09-07T20:52:18.763+0000] {logging_mixin.py:190} INFO - [2026-09-07T20:52:18.763+0000] {dag.py:3239} INFO - Sync 1 DAGs
[2026-09-07T20:52:18.779+0000] {logging_mixin.py:190} INFO - [2026-09-07T20:52:18.779+0000] {dag.py:4180} INFO - Setting next_dagrun for branching_dag to None, run_after=None
[2026-09-07T20:52:18.800+0000] {processor.py:208} INFO - Processing /opt/airflow/dags/03_branching_dag.py took 0.087 seconds
[2026-09-07T20:52:49.326+0000] {processor.py:186} INFO - Started process (PID=1228) to work on /opt/airflow/dags/03_branching_dag.py
[2026-09-07T20:52:49.327+0000] {processor.py:914} INFO - Processing file /opt/airflow/dags/03_branching_dag.py for tasks to queue
[2026-09-07T20:52:49.328+0000] {logging_mixin.py:190} INFO - [2026-09-07T20:52:49.328+0000] {dagbag.py:588} INFO - Filling up the DagBag from /opt/airflow/dags/03_branching_dag.py
[2026-09-07T20:52:49.340+0000] {processor.py:925} INFO - DAG(s) 'branching_dag' retrieved from /opt/airflow/dags/03_branching_dag.py
[2026-09-07T20:52:49.361+0000] {logging_mixin.py:190} INFO - [2026-09-07T20:52:49.361+0000] {dag.py:3239} INFO - Sync 1 DAGs
[2026-09-07T20:52:49.374+0000] {logging_mixin.py:190} INFO - [2026-09-07T20:52:49.374+0000] {dag.py:4180} INFO - Setting next_dagrun for branching_dag to None, run_after=None
[2026-09-07T20:52:49.395+0000] {processor.py:208} INFO - Processing /opt/airflow/dags/03_branching_dag.py took 0.075 seconds
[2026-09-07T20:53:19.993+0000] {processor.py:186} INFO - Started process (PID=1242) to work on /opt/airflow/dags/03_branching_dag.py
[2026-09-07T20:53:19.994+0000] {processor.py:914} INFO - Processing file /opt/airflow/dags/03_branching_dag.py for tasks to queue
[2026-09-07T20:53:19.995+0000] {logging_mixin.py:190} INFO - [2026-09-07T20:53:19.995+0000] {dagbag.py:588} INFO - Filling up the DagBag from /opt/airflow/dags/03_branching_dag.py
[2026-09-07T20:53:20.010+0000] {processor.py:925} INFO - DAG(s) 'branching_dag' retrieved from /opt/airflow/dags/03_branching_dag.py
[2026-09-07T20:53:20.037+0000] {logging_mixin.py:190} INFO - [2026-09-07T20:53:20.037+0000] {dag.py:3239} INFO - Sync 1 DAGs
[2026-09-07T20:53:20.050+0000] {logging_mixin.py:190} INFO - [2026-09-07T20:53:20.050+0000] {dag.py:4180} INFO - Setting next_dagrun for branching_dag to None, run_after=None
[2026-09-07T20:53:20.072+0000] {processor.py:208} INFO - Processing /opt/airflow/dags/03_branching_dag.py took 0.085 seconds
[2026-09-07T20:53:50.593+0000] {processor.py:186} INFO - Started process (PID=1256) to work on /opt/airflow/dags/03_branching_dag.py
[2026-09-07T20:53:50.593+0000] {processor.py:914} INFO - Processing file /opt/airflow/dags/03_branching_dag.py for tasks to queue
[2026-09-07T20:53:50.595+0000] {logging_mixin.py:190} INFO - [2026-09-07T20:53:50.594+0000] {dagbag.py:588} INFO - Filling up the DagBag from /opt/airflow/dags/03_branching_dag.py
[2026-09-07T20:53:50.610+0000] {processor.py:925} INFO - DAG(s) 'branching_dag' retrieved from /opt/airflow/dags/03_branching_dag.py
[2026-09-07T20:53:50.634+0000] {logging_mixin.py:190} INFO - [2026-09-07T20:53:50.634+0000] {dag.py:3239} INFO - Sync 1 DAGs
[2026-09-07T20:53:50.646+0000] {logging_mixin.py:190} INFO - [2026-09-07T20:53:50.646+0000] {dag.py:4180} INFO - Setting next_dagrun for branching_dag to None, run_after=None
[2026-09-07T20:53:50.670+0000] {processor.py:208} INFO - Processing /opt/airflow/dags/03_branching_dag.py took 0.084 seconds
[2026-09-07T20:54:21.131+0000] {processor.py:186} INFO - Started process (PID=1270) to work on /opt/airflow/dags/03_branching_dag.py
[2026-09-07T20:54:21.131+0000] {processor.py:914} INFO - Processing file /opt/airflow/dags/03_branching_dag.py for tasks to queue
[2026-09-07T20:54:21.133+0000] {logging_mixin.py:190} INFO - [2026-09-07T20:54:21.132+0000] {dagbag.py:588} INFO - Filling up the DagBag from /opt/airflow/dags/03_branching_dag.py
[2026-09-07T20:54:21.150+0000] {processor.py:925} INFO - DAG(s) 'branching_dag' retrieved from /opt/airflow/dags/03_branching_dag.py
[2026-09-07T20:54:21.178+0000] {logging_mixin.py:190} INFO - [2026-09-07T20:54:21.178+0000] {dag.py:3239} INFO - Sync 1 DAGs
[2026-09-07T20:54:21.193+0000] {logging_mixin.py:190} INFO - [2026-09-07T20:54:21.193+0000] {dag.py:4180} INFO - Setting next_dagrun for branching_dag to None, run_after=None
[2026-09-07T20:54:21.211+0000] {processor.py:208} INFO - Processing /opt/airflow/dags/03_branching_dag.py took 0.086 seconds
[2026-09-07T20:54:51.807+0000] {processor.py:186} INFO - Started process (PID=1284) to work on /opt/airflow/dags/03_branching_dag.py
[2026-09-07T20:54:51.807+0000] {processor.py:914} INFO - Processing file /opt/airflow/dags/03_branching_dag.py for tasks to queue
[2026-09-07T20:54:51.809+0000] {logging_mixin.py:190} INFO - [2026-09-07T20:54:51.808+0000] {dagbag.py:588} INFO - Filling up the DagBag from /opt/airflow/dags/03_branching_dag.py
[2026-09-07T20:54:51.825+0000] {processor.py:925} INFO - DAG(s) 'branching_dag' retrieved from /opt/airflow/dags/03_branching_dag.py
[2026-09-07T20:54:51.853+0000] {logging_mixin.py:190} INFO - [2026-09-07T20:54:51.853+0000] {dag.py:3239} INFO - Sync 1 DAGs
[2026-09-07T20:54:51.868+0000] {logging_mixin.py:190} INFO - [2026-09-07T20:54:51.868+0000] {dag.py:4180} INFO - Setting next_dagrun for branching_dag to None, run_after=None
[2026-09-07T20:54:51.888+0000] {processor.py:208} INFO - Processing /opt/airflow/dags/03_branching_dag.py took 0.088 seconds
[2026-09-07T20:55:22.417+0000] {processor.py:186} INFO - Started process (PID=1305) to work on /opt/airflow/dags/03_branching_dag.py
[2026-09-07T20:55:22.418+0000] {processor.py:914} INFO - Processing file /opt/airflow/dags/03_branching_dag.py for tasks to queue
[2026-09-07T20:55:22.419+0000] {logging_mixin.py:190} INFO - [2026-09-07T20:55:22.419+0000] {dagbag.py:588} INFO - Filling up the DagBag from /opt/airflow/dags/03_branching_dag.py
[2026-09-07T20:55:22.442+0000] {processor.py:925} INFO - DAG(s) 'branching_dag' retrieved from /opt/airflow/dags/03_branching_dag.py
[2026-09-07T20:55:22.471+0000] {logging_mixin.py:190} INFO - [2026-09-07T20:55:22.470+0000] {dag.py:3239} INFO - Sync 1 DAGs
[2026-09-07T20:55:22.486+0000] {logging_mixin.py:190} INFO - [2026-09-07T20:55:22.486+0000] {dag.py:4180} INFO - Setting next_dagrun for branching_dag to None, run_after=None
[2026-09-07T20:55:22.504+0000] {processor.py:208} INFO - Processing /opt/airflow/dags/03_branching_dag.py took 0.095 seconds
[2026-09-07T20:55:53.142+0000] {processor.py:186} INFO - Started process (PID=1319) to work on /opt/airflow/dags/03_branching_dag.py
[2026-09-07T20:55:53.142+0000] {processor.py:914} INFO - Processing file /opt/airflow/dags/03_branching_dag.py for tasks to queue
[2026-09-07T20:55:53.144+0000] {logging_mixin.py:190} INFO - [2026-09-07T20:55:53.143+0000] {dagbag.py:588} INFO - Filling up the DagBag from /opt/airflow/dags/03_branching_dag.py
[2026-09-07T20:55:53.158+0000] {processor.py:925} INFO - DAG(s) 'branching_dag' retrieved from /opt/airflow/dags/03_branching_dag.py
[2026-09-07T20:55:53.180+0000] {logging_mixin.py:190} INFO - [2026-09-07T20:55:53.180+0000] {dag.py:3239} INFO - Sync 1 DAGs
[2026-09-07T20:55:53.192+0000] {logging_mixin.py:190} INFO - [2026-09-07T20:55:53.192+0000] {dag.py:4180} INFO - Setting next_dagrun for branching_dag to None, run_after=None
[2026-09-07T20:55:53.211+0000] {processor.py:208} INFO - Processing /opt/airflow/dags/03_branching_dag.py took 0.076 seconds
[2026-09-07T20:56:23.684+0000] {processor.py:186} INFO - Started process (PID=1333) to work on /opt/airflow/dags/03_branching_dag.py
[2026-09-07T20:56:23.685+0000] {processor.py:914} INFO - Processing file /opt/airflow/dags/03_branching_dag.py for tasks to queue
[2026-09-07T20:56:23.686+0000] {logging_mixin.py:190} INFO - [2026-09-07T20:56:23.685+0000] {dagbag.py:588} INFO - Filling up the DagBag from /opt/airflow/dags/03_branching_dag.py
[2026-09-07T20:56:23.698+0000] {processor.py:925} INFO - DAG(s) 'branching_dag' retrieved from /opt/airflow/dags/03_branching_dag.py
[2026-09-07T20:56:23.720+0000] {logging_mixin.py:190} INFO - [2026-09-07T20:56:23.720+0000] {dag.py:3239} INFO - Sync 1 DAGs
[2026-09-07T20:56:23.735+0000] {logging_mixin.py:190} INFO - [2026-09-07T20:56:23.734+0000] {dag.py:4180} INFO - Setting next_dagrun for branching_dag to None, run_after=None
[2026-09-07T20:56:23.753+0000] {processor.py:208} INFO - Processing /opt/airflow/dags/03_branching_dag.py took 0.074 seconds
[2026-09-07T20:56:54.267+0000] {processor.py:186} INFO - Started process (PID=1347) to work on /opt/airflow/dags/03_branching_dag.py
[2026-09-07T20:56:54.268+0000] {processor.py:914} INFO - Processing file /opt/airflow/dags/03_branching_dag.py for tasks to queue
[2026-09-07T20:56:54.270+0000] {logging_mixin.py:190} INFO - [2026-09-07T20:56:54.269+0000] {dagbag.py:588} INFO - Filling up the DagBag from /opt/airflow/dags/03_branching_dag.py
[2026-09-07T20:56:54.286+0000] {processor.py:925} INFO - DAG(s) 'branching_dag' retrieved from /opt/airflow/dags/03_branching_dag.py
[2026-09-07T20:56:54.308+0000] {logging_mixin.py:190} INFO - [2026-09-07T20:56:54.308+0000] {dag.py:3239} INFO - Sync 1 DAGs
[2026-09-07T20:56:54.322+0000] {logging_mixin.py:190} INFO - [2026-09-07T20:56:54.322+0000] {dag.py:4180} INFO - Setting next_dagrun for branching_dag to None, run_after=None
[2026-09-07T20:56:54.344+0000] {processor.py:208} INFO - Processing /opt/airflow/dags/03_branching_dag.py took 0.084 seconds
[2026-09-07T21:02:09.303+0000] {processor.py:186} INFO - Started process (PID=101) to work on /opt/airflow/dags/03_branching_dag.py
[2026-09-07T21:02:09.304+0000] {processor.py:914} INFO - Processing file /opt/airflow/dags/03_branching_dag.py for tasks to queue
[2026-09-07T21:02:09.305+0000] {logging_mixin.py:190} INFO - [2026-09-07T21:02:09.304+0000] {dagbag.py:588} INFO - Filling up the DagBag from /opt/airflow/dags/03_branching_dag.py
[2026-09-07T21:02:09.317+0000] {processor.py:925} INFO - DAG(s) 'branching_dag' retrieved from /opt/airflow/dags/03_branching_dag.py
[2026-09-07T21:02:09.344+0000] {logging_mixin.py:190} INFO - [2026-09-07T21:02:09.343+0000] {dag.py:3239} INFO - Sync 1 DAGs
[2026-09-07T21:02:09.359+0000] {logging_mixin.py:190} INFO - [2026-09-07T21:02:09.359+0000] {dag.py:4180} INFO - Setting next_dagrun for branching_dag to None, run_after=None
[2026-09-07T21:02:09.380+0000] {processor.py:208} INFO - Processing /opt/airflow/dags/03_branching_dag.py took 0.082 seconds
[2026-09-07T21:02:40.038+0000] {processor.py:186} INFO - Started process (PID=115) to work on /opt/airflow/dags/03_branching_dag.py
[2026-09-07T21:02:40.039+0000] {processor.py:914} INFO - Processing file /opt/airflow/dags/03_branching_dag.py for tasks to queue
[2026-09-07T21:02:40.040+0000] {logging_mixin.py:190} INFO - [2026-09-07T21:02:40.039+0000] {dagbag.py:588} INFO - Filling up the DagBag from /opt/airflow/dags/03_branching_dag.py
[2026-09-07T21:02:40.051+0000] {processor.py:925} INFO - DAG(s) 'branching_dag' retrieved from /opt/airflow/dags/03_branching_dag.py
[2026-09-07T21:02:40.071+0000] {logging_mixin.py:190} INFO - [2026-09-07T21:02:40.071+0000] {dag.py:3239} INFO - Sync 1 DAGs
[2026-09-07T21:02:40.084+0000] {logging_mixin.py:190} INFO - [2026-09-07T21:02:40.084+0000] {dag.py:4180} INFO - Setting next_dagrun for branching_dag to None, run_after=None
[2026-09-07T21:02:40.103+0000] {processor.py:208} INFO - Processing /opt/airflow/dags/03_branching_dag.py took 0.070 seconds
[2026-09-07T21:03:10.790+0000] {processor.py:186} INFO - Started process (PID=129) to work on /opt/airflow/dags/03_branching_dag.py
[2026-09-07T21:03:10.791+0000] {processor.py:914} INFO - Processing file /opt/airflow/dags/03_branching_dag.py for tasks to queue
[2026-09-07T21:03:10.793+0000] {logging_mixin.py:190} INFO - [2026-09-07T21:03:10.792+0000] {dagbag.py:588} INFO - Filling up the DagBag from /opt/airflow/dags/03_branching_dag.py
[2026-09-07T21:03:10.811+0000] {processor.py:925} INFO - DAG(s) 'branching_dag' retrieved from /opt/airflow/dags/03_branching_dag.py
[2026-09-07T21:03:10.840+0000] {logging_mixin.py:190} INFO - [2026-09-07T21:03:10.840+0000] {dag.py:3239} INFO - Sync 1 DAGs
[2026-09-07T21:03:10.859+0000] {logging_mixin.py:190} INFO - [2026-09-07T21:03:10.859+0000] {dag.py:4180} INFO - Setting next_dagrun for branching_dag to None, run_after=None
[2026-09-07T21:03:10.882+0000] {processor.py:208} INFO - Processing /opt/airflow/dags/03_branching_dag.py took 0.097 seconds
[2026-09-07T21:03:41.038+0000] {processor.py:186} INFO - Started process (PID=143) to work on /opt/airflow/dags/03_branching_dag.py
[2026-09-07T21:03:41.038+0000] {processor.py:914} INFO - Processing file /opt/airflow/dags/03_branching_dag.py for tasks to queue
[2026-09-07T21:03:41.039+0000] {logging_mixin.py:190} INFO - [2026-09-07T21:03:41.039+0000] {dagbag.py:588} INFO - Filling up the DagBag from /opt/airflow/dags/03_branching_dag.py
[2026-09-07T21:03:41.053+0000] {processor.py:925} INFO - DAG(s) 'branching_dag' retrieved from /opt/airflow/dags/03_branching_dag.py
[2026-09-07T21:03:41.077+0000] {logging_mixin.py:190} INFO - [2026-09-07T21:03:41.077+0000] {dag.py:3239} INFO - Sync 1 DAGs
[2026-09-07T21:03:41.090+0000] {logging_mixin.py:190} INFO - [2026-09-07T21:03:41.089+0000] {dag.py:4180} INFO - Setting next_dagrun for branching_dag to None, run_after=None
[2026-09-07T21:03:41.109+0000] {processor.py:208} INFO - Processing /opt/airflow/dags/03_branching_dag.py took 0.076 seconds
[2026-09-07T21:04:11.864+0000] {processor.py:186} INFO - Started process (PID=157) to work on /opt/airflow/dags/03_branching_dag.py
[2026-09-07T21:04:11.865+0000] {processor.py:914} INFO - Processing file /opt/airflow/dags/03_branching_dag.py for tasks to queue
[2026-09-07T21:04:11.866+0000] {logging_mixin.py:190} INFO - [2026-09-07T21:04:11.865+0000] {dagbag.py:588} INFO - Filling up the DagBag from /opt/airflow/dags/03_branching_dag.py
[2026-09-07T21:04:11.878+0000] {processor.py:925} INFO - DAG(s) 'branching_dag' retrieved from /opt/airflow/dags/03_branching_dag.py
[2026-09-07T21:04:11.900+0000] {logging_mixin.py:190} INFO - [2026-09-07T21:04:11.900+0000] {dag.py:3239} INFO - Sync 1 DAGs
[2026-09-07T21:04:12.015+0000] {logging_mixin.py:190} INFO - [2026-09-07T21:04:12.014+0000] {dag.py:4180} INFO - Setting next_dagrun for branching_dag to None, run_after=None
[2026-09-07T21:04:12.031+0000] {processor.py:208} INFO - Processing /opt/airflow/dags/03_branching_dag.py took 0.171 seconds
[2026-09-07T21:04:43.047+0000] {processor.py:186} INFO - Started process (PID=171) to work on /opt/airflow/dags/03_branching_dag.py
[2026-09-07T21:04:43.047+0000] {processor.py:914} INFO - Processing file /opt/airflow/dags/03_branching_dag.py for tasks to queue
[2026-09-07T21:04:43.049+0000] {logging_mixin.py:190} INFO - [2026-09-07T21:04:43.048+0000] {dagbag.py:588} INFO - Filling up the DagBag from /opt/airflow/dags/03_branching_dag.py
[2026-09-07T21:04:43.062+0000] {processor.py:925} INFO - DAG(s) 'branching_dag' retrieved from /opt/airflow/dags/03_branching_dag.py
[2026-09-07T21:04:43.085+0000] {logging_mixin.py:190} INFO - [2026-09-07T21:04:43.085+0000] {dag.py:3239} INFO - Sync 1 DAGs
[2026-09-07T21:04:43.101+0000] {logging_mixin.py:190} INFO - [2026-09-07T21:04:43.101+0000] {dag.py:4180} INFO - Setting next_dagrun for branching_dag to None, run_after=None
[2026-09-07T21:04:43.120+0000] {processor.py:208} INFO - Processing /opt/airflow/dags/03_branching_dag.py took 0.079 seconds
[2026-09-07T21:05:13.589+0000] {processor.py:186} INFO - Started process (PID=185) to work on /opt/airflow/dags/03_branching_dag.py
[2026-09-07T21:05:13.590+0000] {processor.py:914} INFO - Processing file /opt/airflow/dags/03_branching_dag.py for tasks to queue
[2026-09-07T21:05:13.591+0000] {logging_mixin.py:190} INFO - [2026-09-07T21:05:13.591+0000] {dagbag.py:588} INFO - Filling up the DagBag from /opt/airflow/dags/03_branching_dag.py
[2026-09-07T21:05:13.607+0000] {processor.py:925} INFO - DAG(s) 'branching_dag' retrieved from /opt/airflow/dags/03_branching_dag.py
[2026-09-07T21:05:13.630+0000] {logging_mixin.py:190} INFO - [2026-09-07T21:05:13.629+0000] {dag.py:3239} INFO - Sync 1 DAGs
[2026-09-07T21:05:13.642+0000] {logging_mixin.py:190} INFO - [2026-09-07T21:05:13.641+0000] {dag.py:4180} INFO - Setting next_dagrun for branching_dag to None, run_after=None
[2026-09-07T21:05:13.658+0000] {processor.py:208} INFO - Processing /opt/airflow/dags/03_branching_dag.py took 0.073 seconds
[2026-09-07T21:05:44.158+0000] {processor.py:186} INFO - Started process (PID=199) to work on /opt/airflow/dags/03_branching_dag.py
[2026-09-07T21:05:44.159+0000] {processor.py:914} INFO - Processing file /opt/airflow/dags/03_branching_dag.py for tasks to queue
[2026-09-07T21:05:44.160+0000] {logging_mixin.py:190} INFO - [2026-09-07T21:05:44.160+0000] {dagbag.py:588} INFO - Filling up the DagBag from /opt/airflow/dags/03_branching_dag.py
[2026-09-07T21:05:44.174+0000] {processor.py:925} INFO - DAG(s) 'branching_dag' retrieved from /opt/airflow/dags/03_branching_dag.py
[2026-09-07T21:05:44.196+0000] {logging_mixin.py:190} INFO - [2026-09-07T21:05:44.196+0000] {dag.py:3239} INFO - Sync 1 DAGs
[2026-09-07T21:05:44.209+0000] {logging_mixin.py:190} INFO - [2026-09-07T21:05:44.209+0000] {dag.py:4180} INFO - Setting next_dagrun for branching_dag to None, run_after=None
[2026-09-07T21:05:44.228+0000] {processor.py:208} INFO - Processing /opt/airflow/dags/03_branching_dag.py took 0.074 seconds
[2026-09-07T21:06:14.851+0000] {processor.py:186} INFO - Started process (PID=213) to work on /opt/airflow/dags/03_branching_dag.py
[2026-09-07T21:06:14.852+0000] {processor.py:914} INFO - Processing file /opt/airflow/dags/03_branching_dag.py for tasks to queue
[2026-09-07T21:06:14.853+0000] {logging_mixin.py:190} INFO - [2026-09-07T21:06:14.853+0000] {dagbag.py:588} INFO - Filling up the DagBag from /opt/airflow/dags/03_branching_dag.py
[2026-09-07T21:06:14.869+0000] {processor.py:925} INFO - DAG(s) 'branching_dag' retrieved from /opt/airflow/dags/03_branching_dag.py
[2026-09-07T21:06:14.897+0000] {logging_mixin.py:190} INFO - [2026-09-07T21:06:14.897+0000] {dag.py:3239} INFO - Sync 1 DAGs
[2026-09-07T21:06:14.915+0000] {logging_mixin.py:190} INFO - [2026-09-07T21:06:14.915+0000] {dag.py:4180} INFO - Setting next_dagrun for branching_dag to None, run_after=None
[2026-09-07T21:06:14.935+0000] {processor.py:208} INFO - Processing /opt/airflow/dags/03_branching_dag.py took 0.090 seconds
[2026-09-07T21:06:45.470+0000] {processor.py:186} INFO - Started process (PID=227) to work on /opt/airflow/dags/03_branching_dag.py
[2026-09-07T21:06:45.471+0000] {processor.py:914} INFO - Processing file /opt/airflow/dags/03_branching_dag.py for tasks to queue
[2026-09-07T21:06:45.472+0000] {logging_mixin.py:190} INFO - [2026-09-07T21:06:45.472+0000] {dagbag.py:588} INFO - Filling up the DagBag from /opt/airflow/dags/03_branching_dag.py
[2026-09-07T21:06:45.487+0000] {processor.py:925} INFO - DAG(s) 'branching_dag' retrieved from /opt/airflow/dags/03_branching_dag.py
[2026-09-07T21:06:45.515+0000] {logging_mixin.py:190} INFO - [2026-09-07T21:06:45.515+0000] {dag.py:3239} INFO - Sync 1 DAGs
[2026-09-07T21:06:45.538+0000] {logging_mixin.py:190} INFO - [2026-09-07T21:06:45.537+0000] {dag.py:4180} INFO - Setting next_dagrun for branching_dag to None, run_after=None
[2026-09-07T21:06:45.558+0000] {processor.py:208} INFO - Processing /opt/airflow/dags/03_branching_dag.py took 0.093 seconds
[2026-09-07T21:07:16.043+0000] {processor.py:186} INFO - Started process (PID=242) to work on /opt/airflow/dags/03_branching_dag.py
[2026-09-07T21:07:16.045+0000] {processor.py:914} INFO - Processing file /opt/airflow/dags/03_branching_dag.py for tasks to queue
[2026-09-07T21:07:16.050+0000] {logging_mixin.py:190} INFO - [2026-09-07T21:07:16.048+0000] {dagbag.py:588} INFO - Filling up the DagBag from /opt/airflow/dags/03_branching_dag.py
[2026-09-07T21:07:16.072+0000] {processor.py:925} INFO - DAG(s) 'branching_dag' retrieved from /opt/airflow/dags/03_branching_dag.py
[2026-09-07T21:07:16.103+0000] {logging_mixin.py:190} INFO - [2026-09-07T21:07:16.103+0000] {dag.py:3239} INFO - Sync 1 DAGs
[2026-09-07T21:07:16.122+0000] {logging_mixin.py:190} INFO - [2026-09-07T21:07:16.122+0000] {dag.py:4180} INFO - Setting next_dagrun for branching_dag to None, run_after=None
[2026-09-07T21:07:16.146+0000] {processor.py:208} INFO - Processing /opt/airflow/dags/03_branching_dag.py took 0.109 seconds
[2026-09-07T21:07:46.671+0000] {processor.py:186} INFO - Started process (PID=256) to work on /opt/airflow/dags/03_branching_dag.py
[2026-09-07T21:07:46.672+0000] {processor.py:914} INFO - Processing file /opt/airflow/dags/03_branching_dag.py for tasks to queue
[2026-09-07T21:07:46.673+0000] {logging_mixin.py:190} INFO - [2026-09-07T21:07:46.673+0000] {dagbag.py:588} INFO - Filling up the DagBag from /opt/airflow/dags/03_branching_dag.py
[2026-09-07T21:07:46.689+0000] {processor.py:925} INFO - DAG(s) 'branching_dag' retrieved from /opt/airflow/dags/03_branching_dag.py
[2026-09-07T21:07:46.713+0000] {logging_mixin.py:190} INFO - [2026-09-07T21:07:46.713+0000] {dag.py:3239} INFO - Sync 1 DAGs
[2026-09-07T21:07:46.727+0000] {logging_mixin.py:190} INFO - [2026-09-07T21:07:46.726+0000] {dag.py:4180} INFO - Setting next_dagrun for branching_dag to None, run_after=None
[2026-09-07T21:07:46.763+0000] {processor.py:208} INFO - Processing /opt/airflow/dags/03_branching_dag.py took 0.097 seconds
[2026-09-07T21:08:17.378+0000] {processor.py:186} INFO - Started process (PID=276) to work on /opt/airflow/dags/03_branching_dag.py
[2026-09-07T21:08:17.379+0000] {processor.py:914} INFO - Processing file /opt/airflow/dags/03_branching_dag.py for tasks to queue
[2026-09-07T21:08:17.380+0000] {logging_mixin.py:190} INFO - [2026-09-07T21:08:17.380+0000] {dagbag.py:588} INFO - Filling up the DagBag from /opt/airflow/dags/03_branching_dag.py
[2026-09-07T21:08:17.399+0000] {processor.py:925} INFO - DAG(s) 'branching_dag' retrieved from /opt/airflow/dags/03_branching_dag.py
[2026-09-07T21:08:17.423+0000] {logging_mixin.py:190} INFO - [2026-09-07T21:08:17.423+0000] {dag.py:3239} INFO - Sync 1 DAGs
[2026-09-07T21:08:17.435+0000] {logging_mixin.py:190} INFO - [2026-09-07T21:08:17.435+0000] {dag.py:4180} INFO - Setting next_dagrun for branching_dag to None, run_after=None
[2026-09-07T21:08:17.454+0000] {processor.py:208} INFO - Processing /opt/airflow/dags/03_branching_dag.py took 0.082 seconds
[2026-09-07T21:08:47.906+0000] {processor.py:186} INFO - Started process (PID=290) to work on /opt/airflow/dags/03_branching_dag.py
[2026-09-07T21:08:47.907+0000] {processor.py:914} INFO - Processing file /opt/airflow/dags/03_branching_dag.py for tasks to queue
[2026-09-07T21:08:47.909+0000] {logging_mixin.py:190} INFO - [2026-09-07T21:08:47.909+0000] {dagbag.py:588} INFO - Filling up the DagBag from /opt/airflow/dags/03_branching_dag.py
[2026-09-07T21:08:47.931+0000] {processor.py:925} INFO - DAG(s) 'branching_dag' retrieved from /opt/airflow/dags/03_branching_dag.py
[2026-09-07T21:08:47.964+0000] {logging_mixin.py:190} INFO - [2026-09-07T21:08:47.964+0000] {dag.py:3239} INFO - Sync 1 DAGs
[2026-09-07T21:08:47.991+0000] {logging_mixin.py:190} INFO - [2026-09-07T21:08:47.991+0000] {dag.py:4180} INFO - Setting next_dagrun for branching_dag to None, run_after=None
[2026-09-07T21:08:48.020+0000] {processor.py:208} INFO - Processing /opt/airflow/dags/03_branching_dag.py took 0.121 seconds
