[2026-09-07T12:14:21.744+0000] {processor.py:186} INFO - Started process (PID=104) to work on /opt/airflow/dags/04_parallel_weather.py
[2026-09-07T12:14:21.745+0000] {processor.py:914} INFO - Processing file /opt/airflow/dags/04_parallel_weather.py for tasks to queue
[2026-09-07T12:14:21.746+0000] {logging_mixin.py:190} INFO - [2026-09-07T12:14:21.746+0000] {dagbag.py:588} INFO - Filling up the DagBag from /opt/airflow/dags/04_parallel_weather.py
[2026-09-07T12:14:21.760+0000] {processor.py:925} INFO - DAG(s) 'parallel_weather_dag' retrieved from /opt/airflow/dags/04_parallel_weather.py
[2026-09-07T12:14:21.797+0000] {logging_mixin.py:190} INFO - [2026-09-07T12:14:21.797+0000] {dag.py:3239} INFO - Sync 1 DAGs
[2026-09-07T12:14:21.813+0000] {logging_mixin.py:190} INFO - [2026-09-07T12:14:21.813+0000] {dag.py:4180} INFO - Setting next_dagrun for parallel_weather_dag to None, run_after=None
[2026-09-07T12:14:21.843+0000] {processor.py:208} INFO - Processing /opt/airflow/dags/04_parallel_weather.py took 0.105 seconds
[2026-09-07T12:14:51.884+0000] {processor.py:186} INFO - Started process (PID=116) to work on /opt/airflow/dags/04_parallel_weather.py
[2026-09-07T12:14:51.885+0000] {processor.py:914} INFO - Processing file /opt/airflow/dags/04_parallel_weather.py for tasks to queue
[2026-09-07T12:14:51.886+0000] {logging_mixin.py:190} INFO - [2026-09-07T12:14:51.886+0000] {dagbag.py:588} INFO - Filling up the DagBag from /opt/airflow/dags/04_parallel_weather.py
[2026-09-07T12:14:51.905+0000] {processor.py:925} INFO - DAG(s) 'parallel_weather_dag' retrieved from /opt/airflow/dags/04_parallel_weather.py
[2026-09-07T12:14:51.931+0000] {logging_mixin.py:190} INFO - [2026-09-07T12:14:51.930+0000] {dag.py:3239} INFO - Sync 1 DAGs
[2026-09-07T12:14:51.945+0000] {logging_mixin.py:190} INFO - [2026-09-07T12:14:51.945+0000] {dag.py:4180} INFO - Setting next_dagrun for parallel_weather_dag to None, run_after=None
[2026-09-07T12:14:51.967+0000] {processor.py:208} INFO - Processing /opt/airflow/dags/04_parallel_weather.py took 0.089 seconds
[2026-09-07T12:15:22.623+0000] {processor.py:186} INFO - Started process (PID=130) to work on /opt/airflow/dags/04_parallel_weather.py
[2026-09-07T12:15:22.624+0000] {processor.py:914} INFO - Processing file /opt/airflow/dags/04_parallel_weather.py for tasks to queue
[2026-09-07T12:15:22.625+0000] {logging_mixin.py:190} INFO - [2026-09-07T12:15:22.624+0000] {dagbag.py:588} INFO - Filling up the DagBag from /opt/airflow/dags/04_parallel_weather.py
[2026-09-07T12:15:22.639+0000] {processor.py:925} INFO - DAG(s) 'parallel_weather_dag' retrieved from /opt/airflow/dags/04_parallel_weather.py
[2026-09-07T12:15:22.663+0000] {logging_mixin.py:190} INFO - [2026-09-07T12:15:22.663+0000] {dag.py:3239} INFO - Sync 1 DAGs
[2026-09-07T12:15:22.676+0000] {logging_mixin.py:190} INFO - [2026-09-07T12:15:22.676+0000] {dag.py:4180} INFO - Setting next_dagrun for parallel_weather_dag to None, run_after=None
[2026-09-07T12:15:22.697+0000] {processor.py:208} INFO - Processing /opt/airflow/dags/04_parallel_weather.py took 0.080 seconds
[2026-09-07T12:15:53.350+0000] {processor.py:186} INFO - Started process (PID=144) to work on /opt/airflow/dags/04_parallel_weather.py
[2026-09-07T12:15:53.350+0000] {processor.py:914} INFO - Processing file /opt/airflow/dags/04_parallel_weather.py for tasks to queue
[2026-09-07T12:15:53.351+0000] {logging_mixin.py:190} INFO - [2026-09-07T12:15:53.351+0000] {dagbag.py:588} INFO - Filling up the DagBag from /opt/airflow/dags/04_parallel_weather.py
[2026-09-07T12:15:53.366+0000] {processor.py:925} INFO - DAG(s) 'parallel_weather_dag' retrieved from /opt/airflow/dags/04_parallel_weather.py
[2026-09-07T12:15:53.389+0000] {logging_mixin.py:190} INFO - [2026-09-07T12:15:53.388+0000] {dag.py:3239} INFO - Sync 1 DAGs
[2026-09-07T12:15:53.403+0000] {logging_mixin.py:190} INFO - [2026-09-07T12:15:53.402+0000] {dag.py:4180} INFO - Setting next_dagrun for parallel_weather_dag to None, run_after=None
[2026-09-07T12:15:53.420+0000] {processor.py:208} INFO - Processing /opt/airflow/dags/04_parallel_weather.py took 0.074 seconds
[2026-09-07T12:16:24.339+0000] {processor.py:186} INFO - Started process (PID=158) to work on /opt/airflow/dags/04_parallel_weather.py
[2026-09-07T12:16:24.340+0000] {processor.py:914} INFO - Processing file /opt/airflow/dags/04_parallel_weather.py for tasks to queue
[2026-09-07T12:16:24.341+0000] {logging_mixin.py:190} INFO - [2026-09-07T12:16:24.341+0000] {dagbag.py:588} INFO - Filling up the DagBag from /opt/airflow/dags/04_parallel_weather.py
[2026-09-07T12:16:24.355+0000] {processor.py:925} INFO - DAG(s) 'parallel_weather_dag' retrieved from /opt/airflow/dags/04_parallel_weather.py
[2026-09-07T12:16:24.379+0000] {logging_mixin.py:190} INFO - [2026-09-07T12:16:24.379+0000] {dag.py:3239} INFO - Sync 1 DAGs
[2026-09-07T12:16:24.489+0000] {logging_mixin.py:190} INFO - [2026-09-07T12:16:24.489+0000] {dag.py:4180} INFO - Setting next_dagrun for parallel_weather_dag to None, run_after=None
[2026-09-07T12:16:24.503+0000] {processor.py:208} INFO - Processing /opt/airflow/dags/04_parallel_weather.py took 0.169 seconds
[2026-09-07T12:16:54.544+0000] {processor.py:186} INFO - Started process (PID=172) to work on /opt/airflow/dags/04_parallel_weather.py
[2026-09-07T12:16:54.544+0000] {processor.py:914} INFO - Processing file /opt/airflow/dags/04_parallel_weather.py for tasks to queue
[2026-09-07T12:16:54.545+0000] {logging_mixin.py:190} INFO - [2026-09-07T12:16:54.545+0000] {dagbag.py:588} INFO - Filling up the DagBag from /opt/airflow/dags/04_parallel_weather.py
[2026-09-07T12:16:54.561+0000] {processor.py:925} INFO - DAG(s) 'parallel_weather_dag' retrieved from /opt/airflow/dags/04_parallel_weather.py
[2026-09-07T12:16:54.590+0000] {logging_mixin.py:190} INFO - [2026-09-07T12:16:54.590+0000] {dag.py:3239} INFO - Sync 1 DAGs
[2026-09-07T12:16:54.605+0000] {logging_mixin.py:190} INFO - [2026-09-07T12:16:54.605+0000] {dag.py:4180} INFO - Setting next_dagrun for parallel_weather_dag to None, run_after=None
[2026-09-07T12:16:54.630+0000] {processor.py:208} INFO - Processing /opt/airflow/dags/04_parallel_weather.py took 0.091 seconds
[2026-09-07T12:17:25.199+0000] {processor.py:186} INFO - Started process (PID=186) to work on /opt/airflow/dags/04_parallel_weather.py
[2026-09-07T12:17:25.199+0000] {processor.py:914} INFO - Processing file /opt/airflow/dags/04_parallel_weather.py for tasks to queue
[2026-09-07T12:17:25.201+0000] {logging_mixin.py:190} INFO - [2026-09-07T12:17:25.200+0000] {dagbag.py:588} INFO - Filling up the DagBag from /opt/airflow/dags/04_parallel_weather.py
[2026-09-07T12:17:25.215+0000] {processor.py:925} INFO - DAG(s) 'parallel_weather_dag' retrieved from /opt/airflow/dags/04_parallel_weather.py
[2026-09-07T12:17:25.238+0000] {logging_mixin.py:190} INFO - [2026-09-07T12:17:25.238+0000] {dag.py:3239} INFO - Sync 1 DAGs
[2026-09-07T12:17:25.252+0000] {logging_mixin.py:190} INFO - [2026-09-07T12:17:25.252+0000] {dag.py:4180} INFO - Setting next_dagrun for parallel_weather_dag to None, run_after=None
[2026-09-07T12:17:25.268+0000] {processor.py:208} INFO - Processing /opt/airflow/dags/04_parallel_weather.py took 0.074 seconds
[2026-09-07T12:17:56.063+0000] {processor.py:186} INFO - Started process (PID=200) to work on /opt/airflow/dags/04_parallel_weather.py
[2026-09-07T12:17:56.064+0000] {processor.py:914} INFO - Processing file /opt/airflow/dags/04_parallel_weather.py for tasks to queue
[2026-09-07T12:17:56.065+0000] {logging_mixin.py:190} INFO - [2026-09-07T12:17:56.064+0000] {dagbag.py:588} INFO - Filling up the DagBag from /opt/airflow/dags/04_parallel_weather.py
[2026-09-07T12:17:56.086+0000] {processor.py:925} INFO - DAG(s) 'parallel_weather_dag' retrieved from /opt/airflow/dags/04_parallel_weather.py
[2026-09-07T12:17:56.114+0000] {logging_mixin.py:190} INFO - [2026-09-07T12:17:56.114+0000] {dag.py:3239} INFO - Sync 1 DAGs
[2026-09-07T12:17:56.126+0000] {logging_mixin.py:190} INFO - [2026-09-07T12:17:56.126+0000] {dag.py:4180} INFO - Setting next_dagrun for parallel_weather_dag to None, run_after=None
[2026-09-07T12:17:56.144+0000] {processor.py:208} INFO - Processing /opt/airflow/dags/04_parallel_weather.py took 0.086 seconds
[2026-09-07T12:18:26.667+0000] {processor.py:186} INFO - Started process (PID=214) to work on /opt/airflow/dags/04_parallel_weather.py
[2026-09-07T12:18:26.667+0000] {processor.py:914} INFO - Processing file /opt/airflow/dags/04_parallel_weather.py for tasks to queue
[2026-09-07T12:18:26.668+0000] {logging_mixin.py:190} INFO - [2026-09-07T12:18:26.668+0000] {dagbag.py:588} INFO - Filling up the DagBag from /opt/airflow/dags/04_parallel_weather.py
[2026-09-07T12:18:26.682+0000] {processor.py:925} INFO - DAG(s) 'parallel_weather_dag' retrieved from /opt/airflow/dags/04_parallel_weather.py
[2026-09-07T12:18:26.710+0000] {logging_mixin.py:190} INFO - [2026-09-07T12:18:26.710+0000] {dag.py:3239} INFO - Sync 1 DAGs
[2026-09-07T12:18:26.723+0000] {logging_mixin.py:190} INFO - [2026-09-07T12:18:26.722+0000] {dag.py:4180} INFO - Setting next_dagrun for parallel_weather_dag to None, run_after=None
[2026-09-07T12:18:26.741+0000] {processor.py:208} INFO - Processing /opt/airflow/dags/04_parallel_weather.py took 0.079 seconds
[2026-09-07T12:18:57.455+0000] {processor.py:186} INFO - Started process (PID=228) to work on /opt/airflow/dags/04_parallel_weather.py
[2026-09-07T12:18:57.456+0000] {processor.py:914} INFO - Processing file /opt/airflow/dags/04_parallel_weather.py for tasks to queue
[2026-09-07T12:18:57.458+0000] {logging_mixin.py:190} INFO - [2026-09-07T12:18:57.458+0000] {dagbag.py:588} INFO - Filling up the DagBag from /opt/airflow/dags/04_parallel_weather.py
[2026-09-07T12:18:57.480+0000] {processor.py:925} INFO - DAG(s) 'parallel_weather_dag' retrieved from /opt/airflow/dags/04_parallel_weather.py
[2026-09-07T12:18:57.509+0000] {logging_mixin.py:190} INFO - [2026-09-07T12:18:57.509+0000] {dag.py:3239} INFO - Sync 1 DAGs
[2026-09-07T12:18:57.525+0000] {logging_mixin.py:190} INFO - [2026-09-07T12:18:57.525+0000] {dag.py:4180} INFO - Setting next_dagrun for parallel_weather_dag to None, run_after=None
[2026-09-07T12:18:57.546+0000] {processor.py:208} INFO - Processing /opt/airflow/dags/04_parallel_weather.py took 0.100 seconds
[2026-09-07T12:19:28.180+0000] {processor.py:186} INFO - Started process (PID=242) to work on /opt/airflow/dags/04_parallel_weather.py
[2026-09-07T12:19:28.181+0000] {processor.py:914} INFO - Processing file /opt/airflow/dags/04_parallel_weather.py for tasks to queue
[2026-09-07T12:19:28.182+0000] {logging_mixin.py:190} INFO - [2026-09-07T12:19:28.182+0000] {dagbag.py:588} INFO - Filling up the DagBag from /opt/airflow/dags/04_parallel_weather.py
[2026-09-07T12:19:28.194+0000] {processor.py:925} INFO - DAG(s) 'parallel_weather_dag' retrieved from /opt/airflow/dags/04_parallel_weather.py
[2026-09-07T12:19:28.215+0000] {logging_mixin.py:190} INFO - [2026-09-07T12:19:28.215+0000] {dag.py:3239} INFO - Sync 1 DAGs
[2026-09-07T12:19:28.226+0000] {logging_mixin.py:190} INFO - [2026-09-07T12:19:28.226+0000] {dag.py:4180} INFO - Setting next_dagrun for parallel_weather_dag to None, run_after=None
[2026-09-07T12:19:28.244+0000] {processor.py:208} INFO - Processing /opt/airflow/dags/04_parallel_weather.py took 0.068 seconds
[2026-09-07T12:19:58.833+0000] {processor.py:186} INFO - Started process (PID=256) to work on /opt/airflow/dags/04_parallel_weather.py
[2026-09-07T12:19:58.834+0000] {processor.py:914} INFO - Processing file /opt/airflow/dags/04_parallel_weather.py for tasks to queue
[2026-09-07T12:19:58.835+0000] {logging_mixin.py:190} INFO - [2026-09-07T12:19:58.835+0000] {dagbag.py:588} INFO - Filling up the DagBag from /opt/airflow/dags/04_parallel_weather.py
[2026-09-07T12:19:58.847+0000] {processor.py:925} INFO - DAG(s) 'parallel_weather_dag' retrieved from /opt/airflow/dags/04_parallel_weather.py
[2026-09-07T12:19:58.869+0000] {logging_mixin.py:190} INFO - [2026-09-07T12:19:58.869+0000] {dag.py:3239} INFO - Sync 1 DAGs
[2026-09-07T12:19:58.880+0000] {logging_mixin.py:190} INFO - [2026-09-07T12:19:58.880+0000] {dag.py:4180} INFO - Setting next_dagrun for parallel_weather_dag to None, run_after=None
[2026-09-07T12:19:58.899+0000] {processor.py:208} INFO - Processing /opt/airflow/dags/04_parallel_weather.py took 0.071 seconds
[2026-09-07T12:20:29.539+0000] {processor.py:186} INFO - Started process (PID=270) to work on /opt/airflow/dags/04_parallel_weather.py
[2026-09-07T12:20:29.539+0000] {processor.py:914} INFO - Processing file /opt/airflow/dags/04_parallel_weather.py for tasks to queue
[2026-09-07T12:20:29.541+0000] {logging_mixin.py:190} INFO - [2026-09-07T12:20:29.540+0000] {dagbag.py:588} INFO - Filling up the DagBag from /opt/airflow/dags/04_parallel_weather.py
[2026-09-07T12:20:29.556+0000] {processor.py:925} INFO - DAG(s) 'parallel_weather_dag' retrieved from /opt/airflow/dags/04_parallel_weather.py
[2026-09-07T12:20:29.583+0000] {logging_mixin.py:190} INFO - [2026-09-07T12:20:29.583+0000] {dag.py:3239} INFO - Sync 1 DAGs
[2026-09-07T12:20:29.599+0000] {logging_mixin.py:190} INFO - [2026-09-07T12:20:29.598+0000] {dag.py:4180} INFO - Setting next_dagrun for parallel_weather_dag to None, run_after=None
[2026-09-07T12:20:29.627+0000] {processor.py:208} INFO - Processing /opt/airflow/dags/04_parallel_weather.py took 0.093 seconds
[2026-09-07T12:21:00.184+0000] {processor.py:186} INFO - Started process (PID=284) to work on /opt/airflow/dags/04_parallel_weather.py
[2026-09-07T12:21:00.184+0000] {processor.py:914} INFO - Processing file /opt/airflow/dags/04_parallel_weather.py for tasks to queue
[2026-09-07T12:21:00.185+0000] {logging_mixin.py:190} INFO - [2026-09-07T12:21:00.185+0000] {dagbag.py:588} INFO - Filling up the DagBag from /opt/airflow/dags/04_parallel_weather.py
[2026-09-07T12:21:00.199+0000] {processor.py:925} INFO - DAG(s) 'parallel_weather_dag' retrieved from /opt/airflow/dags/04_parallel_weather.py
[2026-09-07T12:21:00.224+0000] {logging_mixin.py:190} INFO - [2026-09-07T12:21:00.224+0000] {dag.py:3239} INFO - Sync 1 DAGs
[2026-09-07T12:21:00.238+0000] {logging_mixin.py:190} INFO - [2026-09-07T12:21:00.237+0000] {dag.py:4180} INFO - Setting next_dagrun for parallel_weather_dag to None, run_after=None
[2026-09-07T12:21:00.263+0000] {processor.py:208} INFO - Processing /opt/airflow/dags/04_parallel_weather.py took 0.084 seconds
[2026-09-07T12:21:30.897+0000] {processor.py:186} INFO - Started process (PID=298) to work on /opt/airflow/dags/04_parallel_weather.py
[2026-09-07T12:21:30.897+0000] {processor.py:914} INFO - Processing file /opt/airflow/dags/04_parallel_weather.py for tasks to queue
[2026-09-07T12:21:30.898+0000] {logging_mixin.py:190} INFO - [2026-09-07T12:21:30.898+0000] {dagbag.py:588} INFO - Filling up the DagBag from /opt/airflow/dags/04_parallel_weather.py
[2026-09-07T12:21:30.911+0000] {processor.py:925} INFO - DAG(s) 'parallel_weather_dag' retrieved from /opt/airflow/dags/04_parallel_weather.py
[2026-09-07T12:21:30.932+0000] {logging_mixin.py:190} INFO - [2026-09-07T12:21:30.932+0000] {dag.py:3239} INFO - Sync 1 DAGs
[2026-09-07T12:21:30.945+0000] {logging_mixin.py:190} INFO - [2026-09-07T12:21:30.945+0000] {dag.py:4180} INFO - Setting next_dagrun for parallel_weather_dag to None, run_after=None
[2026-09-07T12:21:30.976+0000] {processor.py:208} INFO - Processing /opt/airflow/dags/04_parallel_weather.py took 0.084 seconds
[2026-09-07T12:22:01.623+0000] {processor.py:186} INFO - Started process (PID=312) to work on /opt/airflow/dags/04_parallel_weather.py
[2026-09-07T12:22:01.623+0000] {processor.py:914} INFO - Processing file /opt/airflow/dags/04_parallel_weather.py for tasks to queue
[2026-09-07T12:22:01.624+0000] {logging_mixin.py:190} INFO - [2026-09-07T12:22:01.624+0000] {dagbag.py:588} INFO - Filling up the DagBag from /opt/airflow/dags/04_parallel_weather.py
[2026-09-07T12:22:01.638+0000] {processor.py:925} INFO - DAG(s) 'parallel_weather_dag' retrieved from /opt/airflow/dags/04_parallel_weather.py
[2026-09-07T12:22:01.666+0000] {logging_mixin.py:190} INFO - [2026-09-07T12:22:01.666+0000] {dag.py:3239} INFO - Sync 1 DAGs
[2026-09-07T12:22:01.685+0000] {logging_mixin.py:190} INFO - [2026-09-07T12:22:01.684+0000] {dag.py:4180} INFO - Setting next_dagrun for parallel_weather_dag to None, run_after=None
[2026-09-07T12:22:01.707+0000] {processor.py:208} INFO - Processing /opt/airflow/dags/04_parallel_weather.py took 0.090 seconds
[2026-09-07T12:22:32.391+0000] {processor.py:186} INFO - Started process (PID=326) to work on /opt/airflow/dags/04_parallel_weather.py
[2026-09-07T12:22:32.391+0000] {processor.py:914} INFO - Processing file /opt/airflow/dags/04_parallel_weather.py for tasks to queue
[2026-09-07T12:22:32.392+0000] {logging_mixin.py:190} INFO - [2026-09-07T12:22:32.392+0000] {dagbag.py:588} INFO - Filling up the DagBag from /opt/airflow/dags/04_parallel_weather.py
[2026-09-07T12:22:32.405+0000] {processor.py:925} INFO - DAG(s) 'parallel_weather_dag' retrieved from /opt/airflow/dags/04_parallel_weather.py
[2026-09-07T12:22:32.426+0000] {logging_mixin.py:190} INFO - [2026-09-07T12:22:32.426+0000] {dag.py:3239} INFO - Sync 1 DAGs
[2026-09-07T12:22:32.438+0000] {logging_mixin.py:190} INFO - [2026-09-07T12:22:32.438+0000] {dag.py:4180} INFO - Setting next_dagrun for parallel_weather_dag to None, run_after=None
[2026-09-07T12:22:32.455+0000] {processor.py:208} INFO - Processing /opt/airflow/dags/04_parallel_weather.py took 0.069 seconds
[2026-09-07T12:23:03.104+0000] {processor.py:186} INFO - Started process (PID=340) to work on /opt/airflow/dags/04_parallel_weather.py
[2026-09-07T12:23:03.105+0000] {processor.py:914} INFO - Processing file /opt/airflow/dags/04_parallel_weather.py for tasks to queue
[2026-09-07T12:23:03.106+0000] {logging_mixin.py:190} INFO - [2026-09-07T12:23:03.105+0000] {dagbag.py:588} INFO - Filling up the DagBag from /opt/airflow/dags/04_parallel_weather.py
[2026-09-07T12:23:03.122+0000] {processor.py:925} INFO - DAG(s) 'parallel_weather_dag' retrieved from /opt/airflow/dags/04_parallel_weather.py
[2026-09-07T12:23:03.151+0000] {logging_mixin.py:190} INFO - [2026-09-07T12:23:03.150+0000] {dag.py:3239} INFO - Sync 1 DAGs
[2026-09-07T12:23:03.164+0000] {logging_mixin.py:190} INFO - [2026-09-07T12:23:03.164+0000] {dag.py:4180} INFO - Setting next_dagrun for parallel_weather_dag to None, run_after=None
[2026-09-07T12:23:03.183+0000] {processor.py:208} INFO - Processing /opt/airflow/dags/04_parallel_weather.py took 0.084 seconds
[2026-09-07T12:23:33.761+0000] {processor.py:186} INFO - Started process (PID=354) to work on /opt/airflow/dags/04_parallel_weather.py
[2026-09-07T12:23:33.762+0000] {processor.py:914} INFO - Processing file /opt/airflow/dags/04_parallel_weather.py for tasks to queue
[2026-09-07T12:23:33.763+0000] {logging_mixin.py:190} INFO - [2026-09-07T12:23:33.762+0000] {dagbag.py:588} INFO - Filling up the DagBag from /opt/airflow/dags/04_parallel_weather.py
[2026-09-07T12:23:33.776+0000] {processor.py:925} INFO - DAG(s) 'parallel_weather_dag' retrieved from /opt/airflow/dags/04_parallel_weather.py
[2026-09-07T12:23:33.801+0000] {logging_mixin.py:190} INFO - [2026-09-07T12:23:33.801+0000] {dag.py:3239} INFO - Sync 1 DAGs
[2026-09-07T12:23:33.815+0000] {logging_mixin.py:190} INFO - [2026-09-07T12:23:33.814+0000] {dag.py:4180} INFO - Setting next_dagrun for parallel_weather_dag to None, run_after=None
[2026-09-07T12:23:33.833+0000] {processor.py:208} INFO - Processing /opt/airflow/dags/04_parallel_weather.py took 0.076 seconds
[2026-09-07T12:24:04.590+0000] {processor.py:186} INFO - Started process (PID=368) to work on /opt/airflow/dags/04_parallel_weather.py
[2026-09-07T12:24:04.591+0000] {processor.py:914} INFO - Processing file /opt/airflow/dags/04_parallel_weather.py for tasks to queue
[2026-09-07T12:24:04.592+0000] {logging_mixin.py:190} INFO - [2026-09-07T12:24:04.592+0000] {dagbag.py:588} INFO - Filling up the DagBag from /opt/airflow/dags/04_parallel_weather.py
[2026-09-07T12:24:04.606+0000] {processor.py:925} INFO - DAG(s) 'parallel_weather_dag' retrieved from /opt/airflow/dags/04_parallel_weather.py
[2026-09-07T12:24:04.629+0000] {logging_mixin.py:190} INFO - [2026-09-07T12:24:04.629+0000] {dag.py:3239} INFO - Sync 1 DAGs
[2026-09-07T12:24:04.642+0000] {logging_mixin.py:190} INFO - [2026-09-07T12:24:04.641+0000] {dag.py:4180} INFO - Setting next_dagrun for parallel_weather_dag to None, run_after=None
[2026-09-07T12:24:04.659+0000] {processor.py:208} INFO - Processing /opt/airflow/dags/04_parallel_weather.py took 0.074 seconds
[2026-09-07T12:24:35.307+0000] {processor.py:186} INFO - Started process (PID=382) to work on /opt/airflow/dags/04_parallel_weather.py
[2026-09-07T12:24:35.308+0000] {processor.py:914} INFO - Processing file /opt/airflow/dags/04_parallel_weather.py for tasks to queue
[2026-09-07T12:24:35.309+0000] {logging_mixin.py:190} INFO - [2026-09-07T12:24:35.309+0000] {dagbag.py:588} INFO - Filling up the DagBag from /opt/airflow/dags/04_parallel_weather.py
[2026-09-07T12:24:35.321+0000] {processor.py:925} INFO - DAG(s) 'parallel_weather_dag' retrieved from /opt/airflow/dags/04_parallel_weather.py
[2026-09-07T12:24:35.343+0000] {logging_mixin.py:190} INFO - [2026-09-07T12:24:35.343+0000] {dag.py:3239} INFO - Sync 1 DAGs
[2026-09-07T12:24:35.355+0000] {logging_mixin.py:190} INFO - [2026-09-07T12:24:35.355+0000] {dag.py:4180} INFO - Setting next_dagrun for parallel_weather_dag to None, run_after=None
[2026-09-07T12:24:35.370+0000] {processor.py:208} INFO - Processing /opt/airflow/dags/04_parallel_weather.py took 0.068 seconds
[2026-09-07T12:25:05.952+0000] {processor.py:186} INFO - Started process (PID=396) to work on /opt/airflow/dags/04_parallel_weather.py
[2026-09-07T12:25:05.953+0000] {processor.py:914} INFO - Processing file /opt/airflow/dags/04_parallel_weather.py for tasks to queue
[2026-09-07T12:25:05.954+0000] {logging_mixin.py:190} INFO - [2026-09-07T12:25:05.953+0000] {dagbag.py:588} INFO - Filling up the DagBag from /opt/airflow/dags/04_parallel_weather.py
[2026-09-07T12:25:05.966+0000] {processor.py:925} INFO - DAG(s) 'parallel_weather_dag' retrieved from /opt/airflow/dags/04_parallel_weather.py
[2026-09-07T12:25:05.987+0000] {logging_mixin.py:190} INFO - [2026-09-07T12:25:05.987+0000] {dag.py:3239} INFO - Sync 1 DAGs
[2026-09-07T12:25:05.998+0000] {logging_mixin.py:190} INFO - [2026-09-07T12:25:05.998+0000] {dag.py:4180} INFO - Setting next_dagrun for parallel_weather_dag to None, run_after=None
[2026-09-07T12:25:06.015+0000] {processor.py:208} INFO - Processing /opt/airflow/dags/04_parallel_weather.py took 0.068 seconds
[2026-09-07T12:25:36.625+0000] {processor.py:186} INFO - Started process (PID=416) to work on /opt/airflow/dags/04_parallel_weather.py
[2026-09-07T12:25:36.625+0000] {processor.py:914} INFO - Processing file /opt/airflow/dags/04_parallel_weather.py for tasks to queue
[2026-09-07T12:25:36.626+0000] {logging_mixin.py:190} INFO - [2026-09-07T12:25:36.626+0000] {dagbag.py:588} INFO - Filling up the DagBag from /opt/airflow/dags/04_parallel_weather.py
[2026-09-07T12:25:36.637+0000] {processor.py:925} INFO - DAG(s) 'parallel_weather_dag' retrieved from /opt/airflow/dags/04_parallel_weather.py
[2026-09-07T12:25:36.658+0000] {logging_mixin.py:190} INFO - [2026-09-07T12:25:36.658+0000] {dag.py:3239} INFO - Sync 1 DAGs
[2026-09-07T12:25:36.670+0000] {logging_mixin.py:190} INFO - [2026-09-07T12:25:36.669+0000] {dag.py:4180} INFO - Setting next_dagrun for parallel_weather_dag to None, run_after=None
[2026-09-07T12:25:36.684+0000] {processor.py:208} INFO - Processing /opt/airflow/dags/04_parallel_weather.py took 0.064 seconds
[2026-09-07T12:26:07.305+0000] {processor.py:186} INFO - Started process (PID=430) to work on /opt/airflow/dags/04_parallel_weather.py
[2026-09-07T12:26:07.305+0000] {processor.py:914} INFO - Processing file /opt/airflow/dags/04_parallel_weather.py for tasks to queue
[2026-09-07T12:26:07.306+0000] {logging_mixin.py:190} INFO - [2026-09-07T12:26:07.306+0000] {dagbag.py:588} INFO - Filling up the DagBag from /opt/airflow/dags/04_parallel_weather.py
[2026-09-07T12:26:07.320+0000] {processor.py:925} INFO - DAG(s) 'parallel_weather_dag' retrieved from /opt/airflow/dags/04_parallel_weather.py
[2026-09-07T12:26:07.342+0000] {logging_mixin.py:190} INFO - [2026-09-07T12:26:07.342+0000] {dag.py:3239} INFO - Sync 1 DAGs
[2026-09-07T12:26:07.355+0000] {logging_mixin.py:190} INFO - [2026-09-07T12:26:07.355+0000] {dag.py:4180} INFO - Setting next_dagrun for parallel_weather_dag to None, run_after=None
[2026-09-07T12:26:07.371+0000] {processor.py:208} INFO - Processing /opt/airflow/dags/04_parallel_weather.py took 0.071 seconds
[2026-09-07T12:26:37.857+0000] {processor.py:186} INFO - Started process (PID=444) to work on /opt/airflow/dags/04_parallel_weather.py
[2026-09-07T12:26:37.857+0000] {processor.py:914} INFO - Processing file /opt/airflow/dags/04_parallel_weather.py for tasks to queue
[2026-09-07T12:26:37.859+0000] {logging_mixin.py:190} INFO - [2026-09-07T12:26:37.859+0000] {dagbag.py:588} INFO - Filling up the DagBag from /opt/airflow/dags/04_parallel_weather.py
[2026-09-07T12:26:37.880+0000] {processor.py:925} INFO - DAG(s) 'parallel_weather_dag' retrieved from /opt/airflow/dags/04_parallel_weather.py
[2026-09-07T12:26:37.908+0000] {logging_mixin.py:190} INFO - [2026-09-07T12:26:37.908+0000] {dag.py:3239} INFO - Sync 1 DAGs
[2026-09-07T12:26:37.926+0000] {logging_mixin.py:190} INFO - [2026-09-07T12:26:37.926+0000] {dag.py:4180} INFO - Setting next_dagrun for parallel_weather_dag to None, run_after=None
[2026-09-07T12:26:37.948+0000] {processor.py:208} INFO - Processing /opt/airflow/dags/04_parallel_weather.py took 0.099 seconds
[2026-09-07T12:27:08.518+0000] {processor.py:186} INFO - Started process (PID=458) to work on /opt/airflow/dags/04_parallel_weather.py
[2026-09-07T12:27:08.518+0000] {processor.py:914} INFO - Processing file /opt/airflow/dags/04_parallel_weather.py for tasks to queue
[2026-09-07T12:27:08.519+0000] {logging_mixin.py:190} INFO - [2026-09-07T12:27:08.519+0000] {dagbag.py:588} INFO - Filling up the DagBag from /opt/airflow/dags/04_parallel_weather.py
[2026-09-07T12:27:08.532+0000] {processor.py:925} INFO - DAG(s) 'parallel_weather_dag' retrieved from /opt/airflow/dags/04_parallel_weather.py
[2026-09-07T12:27:08.557+0000] {logging_mixin.py:190} INFO - [2026-09-07T12:27:08.556+0000] {dag.py:3239} INFO - Sync 1 DAGs
[2026-09-07T12:27:08.567+0000] {logging_mixin.py:190} INFO - [2026-09-07T12:27:08.567+0000] {dag.py:4180} INFO - Setting next_dagrun for parallel_weather_dag to None, run_after=None
[2026-09-07T12:27:08.583+0000] {processor.py:208} INFO - Processing /opt/airflow/dags/04_parallel_weather.py took 0.070 seconds
[2026-09-07T12:27:39.204+0000] {processor.py:186} INFO - Started process (PID=472) to work on /opt/airflow/dags/04_parallel_weather.py
[2026-09-07T12:27:39.205+0000] {processor.py:914} INFO - Processing file /opt/airflow/dags/04_parallel_weather.py for tasks to queue
[2026-09-07T12:27:39.206+0000] {logging_mixin.py:190} INFO - [2026-09-07T12:27:39.205+0000] {dagbag.py:588} INFO - Filling up the DagBag from /opt/airflow/dags/04_parallel_weather.py
[2026-09-07T12:27:39.218+0000] {processor.py:925} INFO - DAG(s) 'parallel_weather_dag' retrieved from /opt/airflow/dags/04_parallel_weather.py
[2026-09-07T12:27:39.240+0000] {logging_mixin.py:190} INFO - [2026-09-07T12:27:39.240+0000] {dag.py:3239} INFO - Sync 1 DAGs
[2026-09-07T12:27:39.251+0000] {logging_mixin.py:190} INFO - [2026-09-07T12:27:39.251+0000] {dag.py:4180} INFO - Setting next_dagrun for parallel_weather_dag to None, run_after=None
[2026-09-07T12:27:39.269+0000] {processor.py:208} INFO - Processing /opt/airflow/dags/04_parallel_weather.py took 0.070 seconds
[2026-09-07T12:28:09.862+0000] {processor.py:186} INFO - Started process (PID=486) to work on /opt/airflow/dags/04_parallel_weather.py
[2026-09-07T12:28:09.862+0000] {processor.py:914} INFO - Processing file /opt/airflow/dags/04_parallel_weather.py for tasks to queue
[2026-09-07T12:28:09.864+0000] {logging_mixin.py:190} INFO - [2026-09-07T12:28:09.863+0000] {dagbag.py:588} INFO - Filling up the DagBag from /opt/airflow/dags/04_parallel_weather.py
[2026-09-07T12:28:09.878+0000] {processor.py:925} INFO - DAG(s) 'parallel_weather_dag' retrieved from /opt/airflow/dags/04_parallel_weather.py
[2026-09-07T12:28:09.901+0000] {logging_mixin.py:190} INFO - [2026-09-07T12:28:09.901+0000] {dag.py:3239} INFO - Sync 1 DAGs
[2026-09-07T12:28:09.912+0000] {logging_mixin.py:190} INFO - [2026-09-07T12:28:09.911+0000] {dag.py:4180} INFO - Setting next_dagrun for parallel_weather_dag to None, run_after=None
[2026-09-07T12:28:09.928+0000] {processor.py:208} INFO - Processing /opt/airflow/dags/04_parallel_weather.py took 0.071 seconds
[2026-09-07T12:28:40.525+0000] {processor.py:186} INFO - Started process (PID=500) to work on /opt/airflow/dags/04_parallel_weather.py
[2026-09-07T12:28:40.526+0000] {processor.py:914} INFO - Processing file /opt/airflow/dags/04_parallel_weather.py for tasks to queue
[2026-09-07T12:28:40.527+0000] {logging_mixin.py:190} INFO - [2026-09-07T12:28:40.526+0000] {dagbag.py:588} INFO - Filling up the DagBag from /opt/airflow/dags/04_parallel_weather.py
[2026-09-07T12:28:40.538+0000] {processor.py:925} INFO - DAG(s) 'parallel_weather_dag' retrieved from /opt/airflow/dags/04_parallel_weather.py
[2026-09-07T12:28:40.558+0000] {logging_mixin.py:190} INFO - [2026-09-07T12:28:40.558+0000] {dag.py:3239} INFO - Sync 1 DAGs
[2026-09-07T12:28:40.573+0000] {logging_mixin.py:190} INFO - [2026-09-07T12:28:40.573+0000] {dag.py:4180} INFO - Setting next_dagrun for parallel_weather_dag to None, run_after=None
[2026-09-07T12:28:40.596+0000] {processor.py:208} INFO - Processing /opt/airflow/dags/04_parallel_weather.py took 0.075 seconds
[2026-09-07T12:29:11.174+0000] {processor.py:186} INFO - Started process (PID=514) to work on /opt/airflow/dags/04_parallel_weather.py
[2026-09-07T12:29:11.174+0000] {processor.py:914} INFO - Processing file /opt/airflow/dags/04_parallel_weather.py for tasks to queue
[2026-09-07T12:29:11.175+0000] {logging_mixin.py:190} INFO - [2026-09-07T12:29:11.175+0000] {dagbag.py:588} INFO - Filling up the DagBag from /opt/airflow/dags/04_parallel_weather.py
[2026-09-07T12:29:11.187+0000] {processor.py:925} INFO - DAG(s) 'parallel_weather_dag' retrieved from /opt/airflow/dags/04_parallel_weather.py
[2026-09-07T12:29:11.210+0000] {logging_mixin.py:190} INFO - [2026-09-07T12:29:11.210+0000] {dag.py:3239} INFO - Sync 1 DAGs
[2026-09-07T12:29:11.222+0000] {logging_mixin.py:190} INFO - [2026-09-07T12:29:11.222+0000] {dag.py:4180} INFO - Setting next_dagrun for parallel_weather_dag to None, run_after=None
[2026-09-07T12:29:11.237+0000] {processor.py:208} INFO - Processing /opt/airflow/dags/04_parallel_weather.py took 0.069 seconds
[2026-09-07T12:29:41.937+0000] {processor.py:186} INFO - Started process (PID=528) to work on /opt/airflow/dags/04_parallel_weather.py
[2026-09-07T12:29:41.938+0000] {processor.py:914} INFO - Processing file /opt/airflow/dags/04_parallel_weather.py for tasks to queue
[2026-09-07T12:29:41.939+0000] {logging_mixin.py:190} INFO - [2026-09-07T12:29:41.938+0000] {dagbag.py:588} INFO - Filling up the DagBag from /opt/airflow/dags/04_parallel_weather.py
[2026-09-07T12:29:41.952+0000] {processor.py:925} INFO - DAG(s) 'parallel_weather_dag' retrieved from /opt/airflow/dags/04_parallel_weather.py
[2026-09-07T12:29:41.973+0000] {logging_mixin.py:190} INFO - [2026-09-07T12:29:41.973+0000] {dag.py:3239} INFO - Sync 1 DAGs
[2026-09-07T12:29:41.986+0000] {logging_mixin.py:190} INFO - [2026-09-07T12:29:41.985+0000] {dag.py:4180} INFO - Setting next_dagrun for parallel_weather_dag to None, run_after=None
[2026-09-07T12:29:42.002+0000] {processor.py:208} INFO - Processing /opt/airflow/dags/04_parallel_weather.py took 0.070 seconds
[2026-09-07T12:30:12.596+0000] {processor.py:186} INFO - Started process (PID=542) to work on /opt/airflow/dags/04_parallel_weather.py
[2026-09-07T12:30:12.597+0000] {processor.py:914} INFO - Processing file /opt/airflow/dags/04_parallel_weather.py for tasks to queue
[2026-09-07T12:30:12.598+0000] {logging_mixin.py:190} INFO - [2026-09-07T12:30:12.598+0000] {dagbag.py:588} INFO - Filling up the DagBag from /opt/airflow/dags/04_parallel_weather.py
[2026-09-07T12:30:12.611+0000] {processor.py:925} INFO - DAG(s) 'parallel_weather_dag' retrieved from /opt/airflow/dags/04_parallel_weather.py
[2026-09-07T12:30:12.634+0000] {logging_mixin.py:190} INFO - [2026-09-07T12:30:12.634+0000] {dag.py:3239} INFO - Sync 1 DAGs
[2026-09-07T12:30:12.646+0000] {logging_mixin.py:190} INFO - [2026-09-07T12:30:12.646+0000] {dag.py:4180} INFO - Setting next_dagrun for parallel_weather_dag to None, run_after=None
[2026-09-07T12:30:12.661+0000] {processor.py:208} INFO - Processing /opt/airflow/dags/04_parallel_weather.py took 0.069 seconds
[2026-09-07T12:30:43.241+0000] {processor.py:186} INFO - Started process (PID=556) to work on /opt/airflow/dags/04_parallel_weather.py
[2026-09-07T12:30:43.241+0000] {processor.py:914} INFO - Processing file /opt/airflow/dags/04_parallel_weather.py for tasks to queue
[2026-09-07T12:30:43.242+0000] {logging_mixin.py:190} INFO - [2026-09-07T12:30:43.242+0000] {dagbag.py:588} INFO - Filling up the DagBag from /opt/airflow/dags/04_parallel_weather.py
[2026-09-07T12:30:43.256+0000] {processor.py:925} INFO - DAG(s) 'parallel_weather_dag' retrieved from /opt/airflow/dags/04_parallel_weather.py
[2026-09-07T12:30:43.278+0000] {logging_mixin.py:190} INFO - [2026-09-07T12:30:43.277+0000] {dag.py:3239} INFO - Sync 1 DAGs
[2026-09-07T12:30:43.290+0000] {logging_mixin.py:190} INFO - [2026-09-07T12:30:43.290+0000] {dag.py:4180} INFO - Setting next_dagrun for parallel_weather_dag to None, run_after=None
[2026-09-07T12:30:43.304+0000] {processor.py:208} INFO - Processing /opt/airflow/dags/04_parallel_weather.py took 0.068 seconds
[2026-09-07T12:31:13.906+0000] {processor.py:186} INFO - Started process (PID=570) to work on /opt/airflow/dags/04_parallel_weather.py
[2026-09-07T12:31:13.907+0000] {processor.py:914} INFO - Processing file /opt/airflow/dags/04_parallel_weather.py for tasks to queue
[2026-09-07T12:31:13.908+0000] {logging_mixin.py:190} INFO - [2026-09-07T12:31:13.907+0000] {dagbag.py:588} INFO - Filling up the DagBag from /opt/airflow/dags/04_parallel_weather.py
[2026-09-07T12:31:13.921+0000] {processor.py:925} INFO - DAG(s) 'parallel_weather_dag' retrieved from /opt/airflow/dags/04_parallel_weather.py
[2026-09-07T12:31:13.945+0000] {logging_mixin.py:190} INFO - [2026-09-07T12:31:13.945+0000] {dag.py:3239} INFO - Sync 1 DAGs
[2026-09-07T12:31:13.957+0000] {logging_mixin.py:190} INFO - [2026-09-07T12:31:13.957+0000] {dag.py:4180} INFO - Setting next_dagrun for parallel_weather_dag to None, run_after=None
[2026-09-07T12:31:13.973+0000] {processor.py:208} INFO - Processing /opt/airflow/dags/04_parallel_weather.py took 0.072 seconds
[2026-09-07T12:31:44.591+0000] {processor.py:186} INFO - Started process (PID=584) to work on /opt/airflow/dags/04_parallel_weather.py
[2026-09-07T12:31:44.591+0000] {processor.py:914} INFO - Processing file /opt/airflow/dags/04_parallel_weather.py for tasks to queue
[2026-09-07T12:31:44.593+0000] {logging_mixin.py:190} INFO - [2026-09-07T12:31:44.592+0000] {dagbag.py:588} INFO - Filling up the DagBag from /opt/airflow/dags/04_parallel_weather.py
[2026-09-07T12:31:44.606+0000] {processor.py:925} INFO - DAG(s) 'parallel_weather_dag' retrieved from /opt/airflow/dags/04_parallel_weather.py
[2026-09-07T12:31:44.630+0000] {logging_mixin.py:190} INFO - [2026-09-07T12:31:44.630+0000] {dag.py:3239} INFO - Sync 1 DAGs
[2026-09-07T12:31:44.642+0000] {logging_mixin.py:190} INFO - [2026-09-07T12:31:44.642+0000] {dag.py:4180} INFO - Setting next_dagrun for parallel_weather_dag to None, run_after=None
[2026-09-07T12:31:44.669+0000] {processor.py:208} INFO - Processing /opt/airflow/dags/04_parallel_weather.py took 0.083 seconds
[2026-09-07T12:32:15.265+0000] {processor.py:186} INFO - Started process (PID=598) to work on /opt/airflow/dags/04_parallel_weather.py
[2026-09-07T12:32:15.266+0000] {processor.py:914} INFO - Processing file /opt/airflow/dags/04_parallel_weather.py for tasks to queue
[2026-09-07T12:32:15.267+0000] {logging_mixin.py:190} INFO - [2026-09-07T12:32:15.267+0000] {dagbag.py:588} INFO - Filling up the DagBag from /opt/airflow/dags/04_parallel_weather.py
[2026-09-07T12:32:15.290+0000] {processor.py:925} INFO - DAG(s) 'parallel_weather_dag' retrieved from /opt/airflow/dags/04_parallel_weather.py
[2026-09-07T12:32:15.320+0000] {logging_mixin.py:190} INFO - [2026-09-07T12:32:15.319+0000] {dag.py:3239} INFO - Sync 1 DAGs
[2026-09-07T12:32:15.331+0000] {logging_mixin.py:190} INFO - [2026-09-07T12:32:15.331+0000] {dag.py:4180} INFO - Setting next_dagrun for parallel_weather_dag to None, run_after=None
[2026-09-07T12:32:15.349+0000] {processor.py:208} INFO - Processing /opt/airflow/dags/04_parallel_weather.py took 0.089 seconds
[2026-09-07T12:32:45.831+0000] {processor.py:186} INFO - Started process (PID=612) to work on /opt/airflow/dags/04_parallel_weather.py
[2026-09-07T12:32:45.831+0000] {processor.py:914} INFO - Processing file /opt/airflow/dags/04_parallel_weather.py for tasks to queue
[2026-09-07T12:32:45.832+0000] {logging_mixin.py:190} INFO - [2026-09-07T12:32:45.832+0000] {dagbag.py:588} INFO - Filling up the DagBag from /opt/airflow/dags/04_parallel_weather.py
[2026-09-07T12:32:45.846+0000] {processor.py:925} INFO - DAG(s) 'parallel_weather_dag' retrieved from /opt/airflow/dags/04_parallel_weather.py
[2026-09-07T12:32:45.870+0000] {logging_mixin.py:190} INFO - [2026-09-07T12:32:45.870+0000] {dag.py:3239} INFO - Sync 1 DAGs
[2026-09-07T12:32:45.882+0000] {logging_mixin.py:190} INFO - [2026-09-07T12:32:45.882+0000] {dag.py:4180} INFO - Setting next_dagrun for parallel_weather_dag to None, run_after=None
[2026-09-07T12:32:45.898+0000] {processor.py:208} INFO - Processing /opt/airflow/dags/04_parallel_weather.py took 0.072 seconds
[2026-09-07T12:33:16.470+0000] {processor.py:186} INFO - Started process (PID=626) to work on /opt/airflow/dags/04_parallel_weather.py
[2026-09-07T12:33:16.470+0000] {processor.py:914} INFO - Processing file /opt/airflow/dags/04_parallel_weather.py for tasks to queue
[2026-09-07T12:33:16.471+0000] {logging_mixin.py:190} INFO - [2026-09-07T12:33:16.471+0000] {dagbag.py:588} INFO - Filling up the DagBag from /opt/airflow/dags/04_parallel_weather.py
[2026-09-07T12:33:16.483+0000] {processor.py:925} INFO - DAG(s) 'parallel_weather_dag' retrieved from /opt/airflow/dags/04_parallel_weather.py
[2026-09-07T12:33:16.503+0000] {logging_mixin.py:190} INFO - [2026-09-07T12:33:16.503+0000] {dag.py:3239} INFO - Sync 1 DAGs
[2026-09-07T12:33:16.514+0000] {logging_mixin.py:190} INFO - [2026-09-07T12:33:16.514+0000] {dag.py:4180} INFO - Setting next_dagrun for parallel_weather_dag to None, run_after=None
[2026-09-07T12:33:16.528+0000] {processor.py:208} INFO - Processing /opt/airflow/dags/04_parallel_weather.py took 0.063 seconds
[2026-09-07T12:33:47.138+0000] {processor.py:186} INFO - Started process (PID=640) to work on /opt/airflow/dags/04_parallel_weather.py
[2026-09-07T12:33:47.139+0000] {processor.py:914} INFO - Processing file /opt/airflow/dags/04_parallel_weather.py for tasks to queue
[2026-09-07T12:33:47.140+0000] {logging_mixin.py:190} INFO - [2026-09-07T12:33:47.140+0000] {dagbag.py:588} INFO - Filling up the DagBag from /opt/airflow/dags/04_parallel_weather.py
[2026-09-07T12:33:47.153+0000] {processor.py:925} INFO - DAG(s) 'parallel_weather_dag' retrieved from /opt/airflow/dags/04_parallel_weather.py
[2026-09-07T12:33:47.175+0000] {logging_mixin.py:190} INFO - [2026-09-07T12:33:47.175+0000] {dag.py:3239} INFO - Sync 1 DAGs
[2026-09-07T12:33:47.191+0000] {logging_mixin.py:190} INFO - [2026-09-07T12:33:47.190+0000] {dag.py:4180} INFO - Setting next_dagrun for parallel_weather_dag to None, run_after=None
[2026-09-07T12:33:47.217+0000] {processor.py:208} INFO - Processing /opt/airflow/dags/04_parallel_weather.py took 0.083 seconds
[2026-09-07T12:34:17.872+0000] {processor.py:186} INFO - Started process (PID=654) to work on /opt/airflow/dags/04_parallel_weather.py
[2026-09-07T12:34:17.873+0000] {processor.py:914} INFO - Processing file /opt/airflow/dags/04_parallel_weather.py for tasks to queue
[2026-09-07T12:34:17.874+0000] {logging_mixin.py:190} INFO - [2026-09-07T12:34:17.874+0000] {dagbag.py:588} INFO - Filling up the DagBag from /opt/airflow/dags/04_parallel_weather.py
[2026-09-07T12:34:17.885+0000] {processor.py:925} INFO - DAG(s) 'parallel_weather_dag' retrieved from /opt/airflow/dags/04_parallel_weather.py
[2026-09-07T12:34:17.907+0000] {logging_mixin.py:190} INFO - [2026-09-07T12:34:17.907+0000] {dag.py:3239} INFO - Sync 1 DAGs
[2026-09-07T12:34:17.918+0000] {logging_mixin.py:190} INFO - [2026-09-07T12:34:17.918+0000] {dag.py:4180} INFO - Setting next_dagrun for parallel_weather_dag to None, run_after=None
[2026-09-07T12:34:17.935+0000] {processor.py:208} INFO - Processing /opt/airflow/dags/04_parallel_weather.py took 0.068 seconds
[2026-09-07T12:34:48.603+0000] {processor.py:186} INFO - Started process (PID=668) to work on /opt/airflow/dags/04_parallel_weather.py
[2026-09-07T12:34:48.604+0000] {processor.py:914} INFO - Processing file /opt/airflow/dags/04_parallel_weather.py for tasks to queue
[2026-09-07T12:34:48.605+0000] {logging_mixin.py:190} INFO - [2026-09-07T12:34:48.605+0000] {dagbag.py:588} INFO - Filling up the DagBag from /opt/airflow/dags/04_parallel_weather.py
[2026-09-07T12:34:48.617+0000] {processor.py:925} INFO - DAG(s) 'parallel_weather_dag' retrieved from /opt/airflow/dags/04_parallel_weather.py
[2026-09-07T12:34:48.650+0000] {logging_mixin.py:190} INFO - [2026-09-07T12:34:48.650+0000] {dag.py:3239} INFO - Sync 1 DAGs
[2026-09-07T12:34:48.667+0000] {logging_mixin.py:190} INFO - [2026-09-07T12:34:48.667+0000] {dag.py:4180} INFO - Setting next_dagrun for parallel_weather_dag to None, run_after=None
[2026-09-07T12:34:48.686+0000] {processor.py:208} INFO - Processing /opt/airflow/dags/04_parallel_weather.py took 0.087 seconds
[2026-09-07T19:51:41.514+0000] {processor.py:186} INFO - Started process (PID=104) to work on /opt/airflow/dags/04_parallel_weather.py
[2026-09-07T19:51:41.518+0000] {processor.py:914} INFO - Processing file /opt/airflow/dags/04_parallel_weather.py for tasks to queue
[2026-09-07T19:51:41.520+0000] {logging_mixin.py:190} INFO - [2026-09-07T19:51:41.519+0000] {dagbag.py:588} INFO - Filling up the DagBag from /opt/airflow/dags/04_parallel_weather.py
[2026-09-07T19:51:41.542+0000] {processor.py:925} INFO - DAG(s) 'parallel_weather_dag' retrieved from /opt/airflow/dags/04_parallel_weather.py
[2026-09-07T19:51:41.570+0000] {logging_mixin.py:190} INFO - [2026-09-07T19:51:41.570+0000] {dag.py:3239} INFO - Sync 1 DAGs
[2026-09-07T19:51:41.587+0000] {logging_mixin.py:190} INFO - [2026-09-07T19:51:41.587+0000] {dag.py:4180} INFO - Setting next_dagrun for parallel_weather_dag to None, run_after=None
[2026-09-07T19:51:41.617+0000] {processor.py:208} INFO - Processing /opt/airflow/dags/04_parallel_weather.py took 0.108 seconds
[2026-09-07T19:52:11.973+0000] {processor.py:186} INFO - Started process (PID=116) to work on /opt/airflow/dags/04_parallel_weather.py
[2026-09-07T19:52:11.973+0000] {processor.py:914} INFO - Processing file /opt/airflow/dags/04_parallel_weather.py for tasks to queue
[2026-09-07T19:52:11.974+0000] {logging_mixin.py:190} INFO - [2026-09-07T19:52:11.974+0000] {dagbag.py:588} INFO - Filling up the DagBag from /opt/airflow/dags/04_parallel_weather.py
[2026-09-07T19:52:11.989+0000] {processor.py:925} INFO - DAG(s) 'parallel_weather_dag' retrieved from /opt/airflow/dags/04_parallel_weather.py
[2026-09-07T19:52:12.016+0000] {logging_mixin.py:190} INFO - [2026-09-07T19:52:12.016+0000] {dag.py:3239} INFO - Sync 1 DAGs
[2026-09-07T19:52:12.028+0000] {logging_mixin.py:190} INFO - [2026-09-07T19:52:12.028+0000] {dag.py:4180} INFO - Setting next_dagrun for parallel_weather_dag to None, run_after=None
[2026-09-07T19:52:12.045+0000] {processor.py:208} INFO - Processing /opt/airflow/dags/04_parallel_weather.py took 0.077 seconds
[2026-09-07T19:52:42.658+0000] {processor.py:186} INFO - Started process (PID=130) to work on /opt/airflow/dags/04_parallel_weather.py
[2026-09-07T19:52:42.659+0000] {processor.py:914} INFO - Processing file /opt/airflow/dags/04_parallel_weather.py for tasks to queue
[2026-09-07T19:52:42.660+0000] {logging_mixin.py:190} INFO - [2026-09-07T19:52:42.659+0000] {dagbag.py:588} INFO - Filling up the DagBag from /opt/airflow/dags/04_parallel_weather.py
[2026-09-07T19:52:42.676+0000] {processor.py:925} INFO - DAG(s) 'parallel_weather_dag' retrieved from /opt/airflow/dags/04_parallel_weather.py
[2026-09-07T19:52:42.701+0000] {logging_mixin.py:190} INFO - [2026-09-07T19:52:42.701+0000] {dag.py:3239} INFO - Sync 1 DAGs
[2026-09-07T19:52:42.713+0000] {logging_mixin.py:190} INFO - [2026-09-07T19:52:42.713+0000] {dag.py:4180} INFO - Setting next_dagrun for parallel_weather_dag to None, run_after=None
[2026-09-07T19:52:42.734+0000] {processor.py:208} INFO - Processing /opt/airflow/dags/04_parallel_weather.py took 0.081 seconds
[2026-09-07T19:53:13.305+0000] {processor.py:186} INFO - Started process (PID=144) to work on /opt/airflow/dags/04_parallel_weather.py
[2026-09-07T19:53:13.305+0000] {processor.py:914} INFO - Processing file /opt/airflow/dags/04_parallel_weather.py for tasks to queue
[2026-09-07T19:53:13.307+0000] {logging_mixin.py:190} INFO - [2026-09-07T19:53:13.306+0000] {dagbag.py:588} INFO - Filling up the DagBag from /opt/airflow/dags/04_parallel_weather.py
[2026-09-07T19:53:13.320+0000] {processor.py:925} INFO - DAG(s) 'parallel_weather_dag' retrieved from /opt/airflow/dags/04_parallel_weather.py
[2026-09-07T19:53:13.346+0000] {logging_mixin.py:190} INFO - [2026-09-07T19:53:13.346+0000] {dag.py:3239} INFO - Sync 1 DAGs
[2026-09-07T19:53:13.360+0000] {logging_mixin.py:190} INFO - [2026-09-07T19:53:13.359+0000] {dag.py:4180} INFO - Setting next_dagrun for parallel_weather_dag to None, run_after=None
[2026-09-07T19:53:13.379+0000] {processor.py:208} INFO - Processing /opt/airflow/dags/04_parallel_weather.py took 0.080 seconds
[2026-09-07T19:53:44.227+0000] {processor.py:186} INFO - Started process (PID=158) to work on /opt/airflow/dags/04_parallel_weather.py
[2026-09-07T19:53:44.228+0000] {processor.py:914} INFO - Processing file /opt/airflow/dags/04_parallel_weather.py for tasks to queue
[2026-09-07T19:53:44.229+0000] {logging_mixin.py:190} INFO - [2026-09-07T19:53:44.229+0000] {dagbag.py:588} INFO - Filling up the DagBag from /opt/airflow/dags/04_parallel_weather.py
[2026-09-07T19:53:44.244+0000] {processor.py:925} INFO - DAG(s) 'parallel_weather_dag' retrieved from /opt/airflow/dags/04_parallel_weather.py
[2026-09-07T19:53:44.269+0000] {logging_mixin.py:190} INFO - [2026-09-07T19:53:44.269+0000] {dag.py:3239} INFO - Sync 1 DAGs
[2026-09-07T19:53:44.444+0000] {logging_mixin.py:190} INFO - [2026-09-07T19:53:44.444+0000] {dag.py:4180} INFO - Setting next_dagrun for parallel_weather_dag to None, run_after=None
[2026-09-07T19:53:44.461+0000] {processor.py:208} INFO - Processing /opt/airflow/dags/04_parallel_weather.py took 0.240 seconds
[2026-09-07T19:54:15.373+0000] {processor.py:186} INFO - Started process (PID=172) to work on /opt/airflow/dags/04_parallel_weather.py
[2026-09-07T19:54:15.373+0000] {processor.py:914} INFO - Processing file /opt/airflow/dags/04_parallel_weather.py for tasks to queue
[2026-09-07T19:54:15.375+0000] {logging_mixin.py:190} INFO - [2026-09-07T19:54:15.374+0000] {dagbag.py:588} INFO - Filling up the DagBag from /opt/airflow/dags/04_parallel_weather.py
[2026-09-07T19:54:15.388+0000] {processor.py:925} INFO - DAG(s) 'parallel_weather_dag' retrieved from /opt/airflow/dags/04_parallel_weather.py
[2026-09-07T19:54:15.414+0000] {logging_mixin.py:190} INFO - [2026-09-07T19:54:15.414+0000] {dag.py:3239} INFO - Sync 1 DAGs
[2026-09-07T19:54:15.426+0000] {logging_mixin.py:190} INFO - [2026-09-07T19:54:15.426+0000] {dag.py:4180} INFO - Setting next_dagrun for parallel_weather_dag to None, run_after=None
[2026-09-07T19:54:15.445+0000] {processor.py:208} INFO - Processing /opt/airflow/dags/04_parallel_weather.py took 0.078 seconds
[2026-09-07T19:54:45.967+0000] {processor.py:186} INFO - Started process (PID=186) to work on /opt/airflow/dags/04_parallel_weather.py
[2026-09-07T19:54:45.968+0000] {processor.py:914} INFO - Processing file /opt/airflow/dags/04_parallel_weather.py for tasks to queue
[2026-09-07T19:54:45.970+0000] {logging_mixin.py:190} INFO - [2026-09-07T19:54:45.969+0000] {dagbag.py:588} INFO - Filling up the DagBag from /opt/airflow/dags/04_parallel_weather.py
[2026-09-07T19:54:45.987+0000] {processor.py:925} INFO - DAG(s) 'parallel_weather_dag' retrieved from /opt/airflow/dags/04_parallel_weather.py
[2026-09-07T19:54:46.016+0000] {logging_mixin.py:190} INFO - [2026-09-07T19:54:46.016+0000] {dag.py:3239} INFO - Sync 1 DAGs
[2026-09-07T19:54:46.031+0000] {logging_mixin.py:190} INFO - [2026-09-07T19:54:46.031+0000] {dag.py:4180} INFO - Setting next_dagrun for parallel_weather_dag to None, run_after=None
[2026-09-07T19:54:46.055+0000] {processor.py:208} INFO - Processing /opt/airflow/dags/04_parallel_weather.py took 0.093 seconds
[2026-09-07T19:55:16.596+0000] {processor.py:186} INFO - Started process (PID=200) to work on /opt/airflow/dags/04_parallel_weather.py
[2026-09-07T19:55:16.597+0000] {processor.py:914} INFO - Processing file /opt/airflow/dags/04_parallel_weather.py for tasks to queue
[2026-09-07T19:55:16.598+0000] {logging_mixin.py:190} INFO - [2026-09-07T19:55:16.598+0000] {dagbag.py:588} INFO - Filling up the DagBag from /opt/airflow/dags/04_parallel_weather.py
[2026-09-07T19:55:16.613+0000] {processor.py:925} INFO - DAG(s) 'parallel_weather_dag' retrieved from /opt/airflow/dags/04_parallel_weather.py
[2026-09-07T19:55:16.640+0000] {logging_mixin.py:190} INFO - [2026-09-07T19:55:16.640+0000] {dag.py:3239} INFO - Sync 1 DAGs
[2026-09-07T19:55:16.657+0000] {logging_mixin.py:190} INFO - [2026-09-07T19:55:16.656+0000] {dag.py:4180} INFO - Setting next_dagrun for parallel_weather_dag to None, run_after=None
[2026-09-07T19:55:16.678+0000] {processor.py:208} INFO - Processing /opt/airflow/dags/04_parallel_weather.py took 0.086 seconds
[2026-09-07T19:55:47.159+0000] {processor.py:186} INFO - Started process (PID=214) to work on /opt/airflow/dags/04_parallel_weather.py
[2026-09-07T19:55:47.159+0000] {processor.py:914} INFO - Processing file /opt/airflow/dags/04_parallel_weather.py for tasks to queue
[2026-09-07T19:55:47.161+0000] {logging_mixin.py:190} INFO - [2026-09-07T19:55:47.160+0000] {dagbag.py:588} INFO - Filling up the DagBag from /opt/airflow/dags/04_parallel_weather.py
[2026-09-07T19:55:47.174+0000] {processor.py:925} INFO - DAG(s) 'parallel_weather_dag' retrieved from /opt/airflow/dags/04_parallel_weather.py
[2026-09-07T19:55:47.199+0000] {logging_mixin.py:190} INFO - [2026-09-07T19:55:47.199+0000] {dag.py:3239} INFO - Sync 1 DAGs
[2026-09-07T19:55:47.214+0000] {logging_mixin.py:190} INFO - [2026-09-07T19:55:47.214+0000] {dag.py:4180} INFO - Setting next_dagrun for parallel_weather_dag to None, run_after=None
[2026-09-07T19:55:47.233+0000] {processor.py:208} INFO - Processing /opt/airflow/dags/04_parallel_weather.py took 0.080 seconds
[2026-09-07T19:56:17.722+0000] {processor.py:186} INFO - Started process (PID=228) to work on /opt/airflow/dags/04_parallel_weather.py
[2026-09-07T19:56:17.722+0000] {processor.py:914} INFO - Processing file /opt/airflow/dags/04_parallel_weather.py for tasks to queue
[2026-09-07T19:56:17.724+0000] {logging_mixin.py:190} INFO - [2026-09-07T19:56:17.723+0000] {dagbag.py:588} INFO - Filling up the DagBag from /opt/airflow/dags/04_parallel_weather.py
[2026-09-07T19:56:17.737+0000] {processor.py:925} INFO - DAG(s) 'parallel_weather_dag' retrieved from /opt/airflow/dags/04_parallel_weather.py
[2026-09-07T19:56:17.760+0000] {logging_mixin.py:190} INFO - [2026-09-07T19:56:17.759+0000] {dag.py:3239} INFO - Sync 1 DAGs
[2026-09-07T19:56:17.773+0000] {logging_mixin.py:190} INFO - [2026-09-07T19:56:17.773+0000] {dag.py:4180} INFO - Setting next_dagrun for parallel_weather_dag to None, run_after=None
[2026-09-07T19:56:17.792+0000] {processor.py:208} INFO - Processing /opt/airflow/dags/04_parallel_weather.py took 0.075 seconds
[2026-09-07T19:56:48.355+0000] {processor.py:186} INFO - Started process (PID=242) to work on /opt/airflow/dags/04_parallel_weather.py
[2026-09-07T19:56:48.356+0000] {processor.py:914} INFO - Processing file /opt/airflow/dags/04_parallel_weather.py for tasks to queue
[2026-09-07T19:56:48.358+0000] {logging_mixin.py:190} INFO - [2026-09-07T19:56:48.357+0000] {dagbag.py:588} INFO - Filling up the DagBag from /opt/airflow/dags/04_parallel_weather.py
[2026-09-07T19:56:48.378+0000] {processor.py:925} INFO - DAG(s) 'parallel_weather_dag' retrieved from /opt/airflow/dags/04_parallel_weather.py
[2026-09-07T19:56:48.419+0000] {logging_mixin.py:190} INFO - [2026-09-07T19:56:48.418+0000] {dag.py:3239} INFO - Sync 1 DAGs
[2026-09-07T19:56:48.436+0000] {logging_mixin.py:190} INFO - [2026-09-07T19:56:48.436+0000] {dag.py:4180} INFO - Setting next_dagrun for parallel_weather_dag to None, run_after=None
[2026-09-07T19:56:48.464+0000] {processor.py:208} INFO - Processing /opt/airflow/dags/04_parallel_weather.py took 0.117 seconds
[2026-09-07T19:57:18.981+0000] {processor.py:186} INFO - Started process (PID=257) to work on /opt/airflow/dags/04_parallel_weather.py
[2026-09-07T19:57:18.982+0000] {processor.py:914} INFO - Processing file /opt/airflow/dags/04_parallel_weather.py for tasks to queue
[2026-09-07T19:57:18.983+0000] {logging_mixin.py:190} INFO - [2026-09-07T19:57:18.983+0000] {dagbag.py:588} INFO - Filling up the DagBag from /opt/airflow/dags/04_parallel_weather.py
[2026-09-07T19:57:18.997+0000] {processor.py:925} INFO - DAG(s) 'parallel_weather_dag' retrieved from /opt/airflow/dags/04_parallel_weather.py
[2026-09-07T19:57:19.023+0000] {logging_mixin.py:190} INFO - [2026-09-07T19:57:19.022+0000] {dag.py:3239} INFO - Sync 1 DAGs
[2026-09-07T19:57:19.036+0000] {logging_mixin.py:190} INFO - [2026-09-07T19:57:19.036+0000] {dag.py:4180} INFO - Setting next_dagrun for parallel_weather_dag to None, run_after=None
[2026-09-07T19:57:19.055+0000] {processor.py:208} INFO - Processing /opt/airflow/dags/04_parallel_weather.py took 0.080 seconds
[2026-09-07T19:57:49.562+0000] {processor.py:186} INFO - Started process (PID=271) to work on /opt/airflow/dags/04_parallel_weather.py
[2026-09-07T19:57:49.563+0000] {processor.py:914} INFO - Processing file /opt/airflow/dags/04_parallel_weather.py for tasks to queue
[2026-09-07T19:57:49.564+0000] {logging_mixin.py:190} INFO - [2026-09-07T19:57:49.564+0000] {dagbag.py:588} INFO - Filling up the DagBag from /opt/airflow/dags/04_parallel_weather.py
[2026-09-07T19:57:49.578+0000] {processor.py:925} INFO - DAG(s) 'parallel_weather_dag' retrieved from /opt/airflow/dags/04_parallel_weather.py
[2026-09-07T19:57:49.603+0000] {logging_mixin.py:190} INFO - [2026-09-07T19:57:49.602+0000] {dag.py:3239} INFO - Sync 1 DAGs
[2026-09-07T19:57:49.616+0000] {logging_mixin.py:190} INFO - [2026-09-07T19:57:49.616+0000] {dag.py:4180} INFO - Setting next_dagrun for parallel_weather_dag to None, run_after=None
[2026-09-07T19:57:49.635+0000] {processor.py:208} INFO - Processing /opt/airflow/dags/04_parallel_weather.py took 0.079 seconds
[2026-09-07T19:58:20.137+0000] {processor.py:186} INFO - Started process (PID=285) to work on /opt/airflow/dags/04_parallel_weather.py
[2026-09-07T19:58:20.138+0000] {processor.py:914} INFO - Processing file /opt/airflow/dags/04_parallel_weather.py for tasks to queue
[2026-09-07T19:58:20.139+0000] {logging_mixin.py:190} INFO - [2026-09-07T19:58:20.139+0000] {dagbag.py:588} INFO - Filling up the DagBag from /opt/airflow/dags/04_parallel_weather.py
[2026-09-07T19:58:20.158+0000] {processor.py:925} INFO - DAG(s) 'parallel_weather_dag' retrieved from /opt/airflow/dags/04_parallel_weather.py
[2026-09-07T19:58:20.187+0000] {logging_mixin.py:190} INFO - [2026-09-07T19:58:20.186+0000] {dag.py:3239} INFO - Sync 1 DAGs
[2026-09-07T19:58:20.199+0000] {logging_mixin.py:190} INFO - [2026-09-07T19:58:20.199+0000] {dag.py:4180} INFO - Setting next_dagrun for parallel_weather_dag to None, run_after=None
[2026-09-07T19:58:20.219+0000] {processor.py:208} INFO - Processing /opt/airflow/dags/04_parallel_weather.py took 0.087 seconds
[2026-09-07T19:58:50.757+0000] {processor.py:186} INFO - Started process (PID=300) to work on /opt/airflow/dags/04_parallel_weather.py
[2026-09-07T19:58:50.758+0000] {processor.py:914} INFO - Processing file /opt/airflow/dags/04_parallel_weather.py for tasks to queue
[2026-09-07T19:58:50.759+0000] {logging_mixin.py:190} INFO - [2026-09-07T19:58:50.759+0000] {dagbag.py:588} INFO - Filling up the DagBag from /opt/airflow/dags/04_parallel_weather.py
[2026-09-07T19:58:50.775+0000] {processor.py:925} INFO - DAG(s) 'parallel_weather_dag' retrieved from /opt/airflow/dags/04_parallel_weather.py
[2026-09-07T19:58:50.802+0000] {logging_mixin.py:190} INFO - [2026-09-07T19:58:50.801+0000] {dag.py:3239} INFO - Sync 1 DAGs
[2026-09-07T19:58:50.817+0000] {logging_mixin.py:190} INFO - [2026-09-07T19:58:50.817+0000] {dag.py:4180} INFO - Setting next_dagrun for parallel_weather_dag to None, run_after=None
[2026-09-07T19:58:50.836+0000] {processor.py:208} INFO - Processing /opt/airflow/dags/04_parallel_weather.py took 0.084 seconds
[2026-09-07T19:59:21.337+0000] {processor.py:186} INFO - Started process (PID=314) to work on /opt/airflow/dags/04_parallel_weather.py
[2026-09-07T19:59:21.338+0000] {processor.py:914} INFO - Processing file /opt/airflow/dags/04_parallel_weather.py for tasks to queue
[2026-09-07T19:59:21.339+0000] {logging_mixin.py:190} INFO - [2026-09-07T19:59:21.339+0000] {dagbag.py:588} INFO - Filling up the DagBag from /opt/airflow/dags/04_parallel_weather.py
[2026-09-07T19:59:21.355+0000] {processor.py:925} INFO - DAG(s) 'parallel_weather_dag' retrieved from /opt/airflow/dags/04_parallel_weather.py
[2026-09-07T19:59:21.380+0000] {logging_mixin.py:190} INFO - [2026-09-07T19:59:21.379+0000] {dag.py:3239} INFO - Sync 1 DAGs
[2026-09-07T19:59:21.394+0000] {logging_mixin.py:190} INFO - [2026-09-07T19:59:21.393+0000] {dag.py:4180} INFO - Setting next_dagrun for parallel_weather_dag to None, run_after=None
[2026-09-07T19:59:21.413+0000] {processor.py:208} INFO - Processing /opt/airflow/dags/04_parallel_weather.py took 0.082 seconds
[2026-09-07T19:59:51.950+0000] {processor.py:186} INFO - Started process (PID=328) to work on /opt/airflow/dags/04_parallel_weather.py
[2026-09-07T19:59:51.951+0000] {processor.py:914} INFO - Processing file /opt/airflow/dags/04_parallel_weather.py for tasks to queue
[2026-09-07T19:59:51.952+0000] {logging_mixin.py:190} INFO - [2026-09-07T19:59:51.952+0000] {dagbag.py:588} INFO - Filling up the DagBag from /opt/airflow/dags/04_parallel_weather.py
[2026-09-07T19:59:51.967+0000] {processor.py:925} INFO - DAG(s) 'parallel_weather_dag' retrieved from /opt/airflow/dags/04_parallel_weather.py
[2026-09-07T19:59:51.991+0000] {logging_mixin.py:190} INFO - [2026-09-07T19:59:51.991+0000] {dag.py:3239} INFO - Sync 1 DAGs
[2026-09-07T19:59:52.005+0000] {logging_mixin.py:190} INFO - [2026-09-07T19:59:52.004+0000] {dag.py:4180} INFO - Setting next_dagrun for parallel_weather_dag to None, run_after=None
[2026-09-07T19:59:52.032+0000] {processor.py:208} INFO - Processing /opt/airflow/dags/04_parallel_weather.py took 0.088 seconds
[2026-09-07T20:00:22.527+0000] {processor.py:186} INFO - Started process (PID=342) to work on /opt/airflow/dags/04_parallel_weather.py
[2026-09-07T20:00:22.528+0000] {processor.py:914} INFO - Processing file /opt/airflow/dags/04_parallel_weather.py for tasks to queue
[2026-09-07T20:00:22.529+0000] {logging_mixin.py:190} INFO - [2026-09-07T20:00:22.529+0000] {dagbag.py:588} INFO - Filling up the DagBag from /opt/airflow/dags/04_parallel_weather.py
[2026-09-07T20:00:22.556+0000] {processor.py:925} INFO - DAG(s) 'parallel_weather_dag' retrieved from /opt/airflow/dags/04_parallel_weather.py
[2026-09-07T20:00:22.588+0000] {logging_mixin.py:190} INFO - [2026-09-07T20:00:22.588+0000] {dag.py:3239} INFO - Sync 1 DAGs
[2026-09-07T20:00:22.608+0000] {logging_mixin.py:190} INFO - [2026-09-07T20:00:22.607+0000] {dag.py:4180} INFO - Setting next_dagrun for parallel_weather_dag to None, run_after=None
[2026-09-07T20:00:22.627+0000] {processor.py:208} INFO - Processing /opt/airflow/dags/04_parallel_weather.py took 0.106 seconds
[2026-09-07T20:00:53.155+0000] {processor.py:186} INFO - Started process (PID=356) to work on /opt/airflow/dags/04_parallel_weather.py
[2026-09-07T20:00:53.156+0000] {processor.py:914} INFO - Processing file /opt/airflow/dags/04_parallel_weather.py for tasks to queue
[2026-09-07T20:00:53.157+0000] {logging_mixin.py:190} INFO - [2026-09-07T20:00:53.157+0000] {dagbag.py:588} INFO - Filling up the DagBag from /opt/airflow/dags/04_parallel_weather.py
[2026-09-07T20:00:53.172+0000] {processor.py:925} INFO - DAG(s) 'parallel_weather_dag' retrieved from /opt/airflow/dags/04_parallel_weather.py
[2026-09-07T20:00:53.199+0000] {logging_mixin.py:190} INFO - [2026-09-07T20:00:53.199+0000] {dag.py:3239} INFO - Sync 1 DAGs
[2026-09-07T20:00:53.211+0000] {logging_mixin.py:190} INFO - [2026-09-07T20:00:53.211+0000] {dag.py:4180} INFO - Setting next_dagrun for parallel_weather_dag to None, run_after=None
[2026-09-07T20:00:53.227+0000] {processor.py:208} INFO - Processing /opt/airflow/dags/04_parallel_weather.py took 0.078 seconds
[2026-09-07T20:01:23.768+0000] {processor.py:186} INFO - Started process (PID=370) to work on /opt/airflow/dags/04_parallel_weather.py
[2026-09-07T20:01:23.769+0000] {processor.py:914} INFO - Processing file /opt/airflow/dags/04_parallel_weather.py for tasks to queue
[2026-09-07T20:01:23.770+0000] {logging_mixin.py:190} INFO - [2026-09-07T20:01:23.770+0000] {dagbag.py:588} INFO - Filling up the DagBag from /opt/airflow/dags/04_parallel_weather.py
[2026-09-07T20:01:23.786+0000] {processor.py:925} INFO - DAG(s) 'parallel_weather_dag' retrieved from /opt/airflow/dags/04_parallel_weather.py
[2026-09-07T20:01:23.810+0000] {logging_mixin.py:190} INFO - [2026-09-07T20:01:23.810+0000] {dag.py:3239} INFO - Sync 1 DAGs
[2026-09-07T20:01:23.823+0000] {logging_mixin.py:190} INFO - [2026-09-07T20:01:23.823+0000] {dag.py:4180} INFO - Setting next_dagrun for parallel_weather_dag to None, run_after=None
[2026-09-07T20:01:23.854+0000] {processor.py:208} INFO - Processing /opt/airflow/dags/04_parallel_weather.py took 0.091 seconds
[2026-09-07T20:01:54.428+0000] {processor.py:186} INFO - Started process (PID=384) to work on /opt/airflow/dags/04_parallel_weather.py
[2026-09-07T20:01:54.428+0000] {processor.py:914} INFO - Processing file /opt/airflow/dags/04_parallel_weather.py for tasks to queue
[2026-09-07T20:01:54.430+0000] {logging_mixin.py:190} INFO - [2026-09-07T20:01:54.429+0000] {dagbag.py:588} INFO - Filling up the DagBag from /opt/airflow/dags/04_parallel_weather.py
[2026-09-07T20:01:54.444+0000] {processor.py:925} INFO - DAG(s) 'parallel_weather_dag' retrieved from /opt/airflow/dags/04_parallel_weather.py
[2026-09-07T20:01:54.468+0000] {logging_mixin.py:190} INFO - [2026-09-07T20:01:54.468+0000] {dag.py:3239} INFO - Sync 1 DAGs
[2026-09-07T20:01:54.481+0000] {logging_mixin.py:190} INFO - [2026-09-07T20:01:54.481+0000] {dag.py:4180} INFO - Setting next_dagrun for parallel_weather_dag to None, run_after=None
[2026-09-07T20:01:54.499+0000] {processor.py:208} INFO - Processing /opt/airflow/dags/04_parallel_weather.py took 0.078 seconds
[2026-09-07T20:02:24.979+0000] {processor.py:186} INFO - Started process (PID=398) to work on /opt/airflow/dags/04_parallel_weather.py
[2026-09-07T20:02:24.980+0000] {processor.py:914} INFO - Processing file /opt/airflow/dags/04_parallel_weather.py for tasks to queue
[2026-09-07T20:02:24.981+0000] {logging_mixin.py:190} INFO - [2026-09-07T20:02:24.981+0000] {dagbag.py:588} INFO - Filling up the DagBag from /opt/airflow/dags/04_parallel_weather.py
[2026-09-07T20:02:24.997+0000] {processor.py:925} INFO - DAG(s) 'parallel_weather_dag' retrieved from /opt/airflow/dags/04_parallel_weather.py
[2026-09-07T20:02:25.023+0000] {logging_mixin.py:190} INFO - [2026-09-07T20:02:25.023+0000] {dag.py:3239} INFO - Sync 1 DAGs
[2026-09-07T20:02:25.041+0000] {logging_mixin.py:190} INFO - [2026-09-07T20:02:25.041+0000] {dag.py:4180} INFO - Setting next_dagrun for parallel_weather_dag to None, run_after=None
[2026-09-07T20:02:25.062+0000] {processor.py:208} INFO - Processing /opt/airflow/dags/04_parallel_weather.py took 0.089 seconds
[2026-09-07T20:02:55.600+0000] {processor.py:186} INFO - Started process (PID=412) to work on /opt/airflow/dags/04_parallel_weather.py
[2026-09-07T20:02:55.600+0000] {processor.py:914} INFO - Processing file /opt/airflow/dags/04_parallel_weather.py for tasks to queue
[2026-09-07T20:02:55.601+0000] {logging_mixin.py:190} INFO - [2026-09-07T20:02:55.601+0000] {dagbag.py:588} INFO - Filling up the DagBag from /opt/airflow/dags/04_parallel_weather.py
[2026-09-07T20:02:55.615+0000] {processor.py:925} INFO - DAG(s) 'parallel_weather_dag' retrieved from /opt/airflow/dags/04_parallel_weather.py
[2026-09-07T20:02:55.640+0000] {logging_mixin.py:190} INFO - [2026-09-07T20:02:55.639+0000] {dag.py:3239} INFO - Sync 1 DAGs
[2026-09-07T20:02:55.653+0000] {logging_mixin.py:190} INFO - [2026-09-07T20:02:55.653+0000] {dag.py:4180} INFO - Setting next_dagrun for parallel_weather_dag to None, run_after=None
[2026-09-07T20:02:55.672+0000] {processor.py:208} INFO - Processing /opt/airflow/dags/04_parallel_weather.py took 0.078 seconds
[2026-09-07T20:03:26.161+0000] {processor.py:186} INFO - Started process (PID=426) to work on /opt/airflow/dags/04_parallel_weather.py
[2026-09-07T20:03:26.161+0000] {processor.py:914} INFO - Processing file /opt/airflow/dags/04_parallel_weather.py for tasks to queue
[2026-09-07T20:03:26.162+0000] {logging_mixin.py:190} INFO - [2026-09-07T20:03:26.162+0000] {dagbag.py:588} INFO - Filling up the DagBag from /opt/airflow/dags/04_parallel_weather.py
[2026-09-07T20:03:26.176+0000] {processor.py:925} INFO - DAG(s) 'parallel_weather_dag' retrieved from /opt/airflow/dags/04_parallel_weather.py
[2026-09-07T20:03:26.205+0000] {logging_mixin.py:190} INFO - [2026-09-07T20:03:26.205+0000] {dag.py:3239} INFO - Sync 1 DAGs
[2026-09-07T20:03:26.220+0000] {logging_mixin.py:190} INFO - [2026-09-07T20:03:26.220+0000] {dag.py:4180} INFO - Setting next_dagrun for parallel_weather_dag to None, run_after=None
[2026-09-07T20:03:26.243+0000] {processor.py:208} INFO - Processing /opt/airflow/dags/04_parallel_weather.py took 0.088 seconds
[2026-09-07T20:03:56.789+0000] {processor.py:186} INFO - Started process (PID=440) to work on /opt/airflow/dags/04_parallel_weather.py
[2026-09-07T20:03:56.790+0000] {processor.py:914} INFO - Processing file /opt/airflow/dags/04_parallel_weather.py for tasks to queue
[2026-09-07T20:03:56.791+0000] {logging_mixin.py:190} INFO - [2026-09-07T20:03:56.791+0000] {dagbag.py:588} INFO - Filling up the DagBag from /opt/airflow/dags/04_parallel_weather.py
[2026-09-07T20:03:56.808+0000] {processor.py:925} INFO - DAG(s) 'parallel_weather_dag' retrieved from /opt/airflow/dags/04_parallel_weather.py
[2026-09-07T20:03:56.834+0000] {logging_mixin.py:190} INFO - [2026-09-07T20:03:56.834+0000] {dag.py:3239} INFO - Sync 1 DAGs
[2026-09-07T20:03:56.848+0000] {logging_mixin.py:190} INFO - [2026-09-07T20:03:56.848+0000] {dag.py:4180} INFO - Setting next_dagrun for parallel_weather_dag to None, run_after=None
[2026-09-07T20:03:56.870+0000] {processor.py:208} INFO - Processing /opt/airflow/dags/04_parallel_weather.py took 0.086 seconds
[2026-09-07T20:04:27.357+0000] {processor.py:186} INFO - Started process (PID=454) to work on /opt/airflow/dags/04_parallel_weather.py
[2026-09-07T20:04:27.358+0000] {processor.py:914} INFO - Processing file /opt/airflow/dags/04_parallel_weather.py for tasks to queue
[2026-09-07T20:04:27.359+0000] {logging_mixin.py:190} INFO - [2026-09-07T20:04:27.359+0000] {dagbag.py:588} INFO - Filling up the DagBag from /opt/airflow/dags/04_parallel_weather.py
[2026-09-07T20:04:27.385+0000] {processor.py:925} INFO - DAG(s) 'parallel_weather_dag' retrieved from /opt/airflow/dags/04_parallel_weather.py
[2026-09-07T20:04:27.429+0000] {logging_mixin.py:190} INFO - [2026-09-07T20:04:27.429+0000] {dag.py:3239} INFO - Sync 1 DAGs
[2026-09-07T20:04:27.444+0000] {logging_mixin.py:190} INFO - [2026-09-07T20:04:27.444+0000] {dag.py:4180} INFO - Setting next_dagrun for parallel_weather_dag to None, run_after=None
[2026-09-07T20:04:27.465+0000] {processor.py:208} INFO - Processing /opt/airflow/dags/04_parallel_weather.py took 0.115 seconds
[2026-09-07T20:11:59.053+0000] {processor.py:186} INFO - Started process (PID=101) to work on /opt/airflow/dags/04_parallel_weather.py
[2026-09-07T20:11:59.054+0000] {processor.py:914} INFO - Processing file /opt/airflow/dags/04_parallel_weather.py for tasks to queue
[2026-09-07T20:11:59.055+0000] {logging_mixin.py:190} INFO - [2026-09-07T20:11:59.055+0000] {dagbag.py:588} INFO - Filling up the DagBag from /opt/airflow/dags/04_parallel_weather.py
[2026-09-07T20:11:59.071+0000] {processor.py:925} INFO - DAG(s) 'parallel_weather_dag' retrieved from /opt/airflow/dags/04_parallel_weather.py
[2026-09-07T20:11:59.096+0000] {logging_mixin.py:190} INFO - [2026-09-07T20:11:59.095+0000] {dag.py:3239} INFO - Sync 1 DAGs
[2026-09-07T20:11:59.114+0000] {logging_mixin.py:190} INFO - [2026-09-07T20:11:59.114+0000] {dag.py:4180} INFO - Setting next_dagrun for parallel_weather_dag to None, run_after=None
[2026-09-07T20:11:59.137+0000] {processor.py:208} INFO - Processing /opt/airflow/dags/04_parallel_weather.py took 0.091 seconds
[2026-09-07T20:12:29.202+0000] {processor.py:186} INFO - Started process (PID=115) to work on /opt/airflow/dags/04_parallel_weather.py
[2026-09-07T20:12:29.203+0000] {processor.py:914} INFO - Processing file /opt/airflow/dags/04_parallel_weather.py for tasks to queue
[2026-09-07T20:12:29.204+0000] {logging_mixin.py:190} INFO - [2026-09-07T20:12:29.203+0000] {dagbag.py:588} INFO - Filling up the DagBag from /opt/airflow/dags/04_parallel_weather.py
[2026-09-07T20:12:29.215+0000] {processor.py:925} INFO - DAG(s) 'parallel_weather_dag' retrieved from /opt/airflow/dags/04_parallel_weather.py
[2026-09-07T20:12:29.240+0000] {logging_mixin.py:190} INFO - [2026-09-07T20:12:29.240+0000] {dag.py:3239} INFO - Sync 1 DAGs
[2026-09-07T20:12:29.254+0000] {logging_mixin.py:190} INFO - [2026-09-07T20:12:29.253+0000] {dag.py:4180} INFO - Setting next_dagrun for parallel_weather_dag to None, run_after=None
[2026-09-07T20:12:29.273+0000] {processor.py:208} INFO - Processing /opt/airflow/dags/04_parallel_weather.py took 0.076 seconds
[2026-09-07T20:12:59.872+0000] {processor.py:186} INFO - Started process (PID=129) to work on /opt/airflow/dags/04_parallel_weather.py
[2026-09-07T20:12:59.872+0000] {processor.py:914} INFO - Processing file /opt/airflow/dags/04_parallel_weather.py for tasks to queue
[2026-09-07T20:12:59.874+0000] {logging_mixin.py:190} INFO - [2026-09-07T20:12:59.873+0000] {dagbag.py:588} INFO - Filling up the DagBag from /opt/airflow/dags/04_parallel_weather.py
[2026-09-07T20:12:59.889+0000] {processor.py:925} INFO - DAG(s) 'parallel_weather_dag' retrieved from /opt/airflow/dags/04_parallel_weather.py
[2026-09-07T20:12:59.916+0000] {logging_mixin.py:190} INFO - [2026-09-07T20:12:59.916+0000] {dag.py:3239} INFO - Sync 1 DAGs
[2026-09-07T20:12:59.936+0000] {logging_mixin.py:190} INFO - [2026-09-07T20:12:59.936+0000] {dag.py:4180} INFO - Setting next_dagrun for parallel_weather_dag to None, run_after=None
[2026-09-07T20:12:59.958+0000] {processor.py:208} INFO - Processing /opt/airflow/dags/04_parallel_weather.py took 0.091 seconds
[2026-09-07T20:13:30.581+0000] {processor.py:186} INFO - Started process (PID=143) to work on /opt/airflow/dags/04_parallel_weather.py
[2026-09-07T20:13:30.582+0000] {processor.py:914} INFO - Processing file /opt/airflow/dags/04_parallel_weather.py for tasks to queue
[2026-09-07T20:13:30.583+0000] {logging_mixin.py:190} INFO - [2026-09-07T20:13:30.583+0000] {dagbag.py:588} INFO - Filling up the DagBag from /opt/airflow/dags/04_parallel_weather.py
[2026-09-07T20:13:30.599+0000] {processor.py:925} INFO - DAG(s) 'parallel_weather_dag' retrieved from /opt/airflow/dags/04_parallel_weather.py
[2026-09-07T20:13:30.625+0000] {logging_mixin.py:190} INFO - [2026-09-07T20:13:30.625+0000] {dag.py:3239} INFO - Sync 1 DAGs
[2026-09-07T20:13:30.642+0000] {logging_mixin.py:190} INFO - [2026-09-07T20:13:30.642+0000] {dag.py:4180} INFO - Setting next_dagrun for parallel_weather_dag to None, run_after=None
[2026-09-07T20:13:30.667+0000] {processor.py:208} INFO - Processing /opt/airflow/dags/04_parallel_weather.py took 0.091 seconds
[2026-09-07T20:14:01.671+0000] {processor.py:186} INFO - Started process (PID=157) to work on /opt/airflow/dags/04_parallel_weather.py
[2026-09-07T20:14:01.672+0000] {processor.py:914} INFO - Processing file /opt/airflow/dags/04_parallel_weather.py for tasks to queue
[2026-09-07T20:14:01.673+0000] {logging_mixin.py:190} INFO - [2026-09-07T20:14:01.673+0000] {dagbag.py:588} INFO - Filling up the DagBag from /opt/airflow/dags/04_parallel_weather.py
[2026-09-07T20:14:01.686+0000] {processor.py:925} INFO - DAG(s) 'parallel_weather_dag' retrieved from /opt/airflow/dags/04_parallel_weather.py
[2026-09-07T20:14:01.714+0000] {logging_mixin.py:190} INFO - [2026-09-07T20:14:01.714+0000] {dag.py:3239} INFO - Sync 1 DAGs
[2026-09-07T20:14:01.855+0000] {logging_mixin.py:190} INFO - [2026-09-07T20:14:01.855+0000] {dag.py:4180} INFO - Setting next_dagrun for parallel_weather_dag to None, run_after=None
[2026-09-07T20:14:01.874+0000] {processor.py:208} INFO - Processing /opt/airflow/dags/04_parallel_weather.py took 0.207 seconds
[2026-09-07T20:14:32.601+0000] {processor.py:186} INFO - Started process (PID=171) to work on /opt/airflow/dags/04_parallel_weather.py
[2026-09-07T20:14:32.602+0000] {processor.py:914} INFO - Processing file /opt/airflow/dags/04_parallel_weather.py for tasks to queue
[2026-09-07T20:14:32.603+0000] {logging_mixin.py:190} INFO - [2026-09-07T20:14:32.603+0000] {dagbag.py:588} INFO - Filling up the DagBag from /opt/airflow/dags/04_parallel_weather.py
[2026-09-07T20:14:32.616+0000] {processor.py:925} INFO - DAG(s) 'parallel_weather_dag' retrieved from /opt/airflow/dags/04_parallel_weather.py
[2026-09-07T20:14:32.637+0000] {logging_mixin.py:190} INFO - [2026-09-07T20:14:32.637+0000] {dag.py:3239} INFO - Sync 1 DAGs
[2026-09-07T20:14:32.650+0000] {logging_mixin.py:190} INFO - [2026-09-07T20:14:32.650+0000] {dag.py:4180} INFO - Setting next_dagrun for parallel_weather_dag to None, run_after=None
[2026-09-07T20:14:32.672+0000] {processor.py:208} INFO - Processing /opt/airflow/dags/04_parallel_weather.py took 0.074 seconds
[2026-09-07T20:15:03.339+0000] {processor.py:186} INFO - Started process (PID=185) to work on /opt/airflow/dags/04_parallel_weather.py
[2026-09-07T20:15:03.340+0000] {processor.py:914} INFO - Processing file /opt/airflow/dags/04_parallel_weather.py for tasks to queue
[2026-09-07T20:15:03.341+0000] {logging_mixin.py:190} INFO - [2026-09-07T20:15:03.341+0000] {dagbag.py:588} INFO - Filling up the DagBag from /opt/airflow/dags/04_parallel_weather.py
[2026-09-07T20:15:03.359+0000] {processor.py:925} INFO - DAG(s) 'parallel_weather_dag' retrieved from /opt/airflow/dags/04_parallel_weather.py
[2026-09-07T20:15:03.387+0000] {logging_mixin.py:190} INFO - [2026-09-07T20:15:03.386+0000] {dag.py:3239} INFO - Sync 1 DAGs
[2026-09-07T20:15:03.399+0000] {logging_mixin.py:190} INFO - [2026-09-07T20:15:03.399+0000] {dag.py:4180} INFO - Setting next_dagrun for parallel_weather_dag to None, run_after=None
[2026-09-07T20:15:03.418+0000] {processor.py:208} INFO - Processing /opt/airflow/dags/04_parallel_weather.py took 0.086 seconds
[2026-09-07T20:15:33.892+0000] {processor.py:186} INFO - Started process (PID=199) to work on /opt/airflow/dags/04_parallel_weather.py
[2026-09-07T20:15:33.893+0000] {processor.py:914} INFO - Processing file /opt/airflow/dags/04_parallel_weather.py for tasks to queue
[2026-09-07T20:15:33.895+0000] {logging_mixin.py:190} INFO - [2026-09-07T20:15:33.894+0000] {dagbag.py:588} INFO - Filling up the DagBag from /opt/airflow/dags/04_parallel_weather.py
[2026-09-07T20:15:33.912+0000] {processor.py:925} INFO - DAG(s) 'parallel_weather_dag' retrieved from /opt/airflow/dags/04_parallel_weather.py
[2026-09-07T20:15:33.939+0000] {logging_mixin.py:190} INFO - [2026-09-07T20:15:33.939+0000] {dag.py:3239} INFO - Sync 1 DAGs
[2026-09-07T20:15:33.952+0000] {logging_mixin.py:190} INFO - [2026-09-07T20:15:33.952+0000] {dag.py:4180} INFO - Setting next_dagrun for parallel_weather_dag to None, run_after=None
[2026-09-07T20:15:33.973+0000] {processor.py:208} INFO - Processing /opt/airflow/dags/04_parallel_weather.py took 0.085 seconds
[2026-09-07T20:16:04.492+0000] {processor.py:186} INFO - Started process (PID=213) to work on /opt/airflow/dags/04_parallel_weather.py
[2026-09-07T20:16:04.493+0000] {processor.py:914} INFO - Processing file /opt/airflow/dags/04_parallel_weather.py for tasks to queue
[2026-09-07T20:16:04.494+0000] {logging_mixin.py:190} INFO - [2026-09-07T20:16:04.494+0000] {dagbag.py:588} INFO - Filling up the DagBag from /opt/airflow/dags/04_parallel_weather.py
[2026-09-07T20:16:04.509+0000] {processor.py:925} INFO - DAG(s) 'parallel_weather_dag' retrieved from /opt/airflow/dags/04_parallel_weather.py
[2026-09-07T20:16:04.542+0000] {logging_mixin.py:190} INFO - [2026-09-07T20:16:04.542+0000] {dag.py:3239} INFO - Sync 1 DAGs
[2026-09-07T20:16:04.554+0000] {logging_mixin.py:190} INFO - [2026-09-07T20:16:04.554+0000] {dag.py:4180} INFO - Setting next_dagrun for parallel_weather_dag to None, run_after=None
[2026-09-07T20:16:04.572+0000] {processor.py:208} INFO - Processing /opt/airflow/dags/04_parallel_weather.py took 0.085 seconds
[2026-09-07T20:16:35.004+0000] {processor.py:186} INFO - Started process (PID=227) to work on /opt/airflow/dags/04_parallel_weather.py
[2026-09-07T20:16:35.004+0000] {processor.py:914} INFO - Processing file /opt/airflow/dags/04_parallel_weather.py for tasks to queue
[2026-09-07T20:16:35.005+0000] {logging_mixin.py:190} INFO - [2026-09-07T20:16:35.005+0000] {dagbag.py:588} INFO - Filling up the DagBag from /opt/airflow/dags/04_parallel_weather.py
[2026-09-07T20:16:35.020+0000] {processor.py:925} INFO - DAG(s) 'parallel_weather_dag' retrieved from /opt/airflow/dags/04_parallel_weather.py
[2026-09-07T20:16:35.045+0000] {logging_mixin.py:190} INFO - [2026-09-07T20:16:35.045+0000] {dag.py:3239} INFO - Sync 1 DAGs
[2026-09-07T20:16:35.060+0000] {logging_mixin.py:190} INFO - [2026-09-07T20:16:35.060+0000] {dag.py:4180} INFO - Setting next_dagrun for parallel_weather_dag to None, run_after=None
[2026-09-07T20:16:35.080+0000] {processor.py:208} INFO - Processing /opt/airflow/dags/04_parallel_weather.py took 0.081 seconds
[2026-09-07T20:17:05.488+0000] {processor.py:186} INFO - Started process (PID=241) to work on /opt/airflow/dags/04_parallel_weather.py
[2026-09-07T20:17:05.489+0000] {processor.py:914} INFO - Processing file /opt/airflow/dags/04_parallel_weather.py for tasks to queue
[2026-09-07T20:17:05.490+0000] {logging_mixin.py:190} INFO - [2026-09-07T20:17:05.490+0000] {dagbag.py:588} INFO - Filling up the DagBag from /opt/airflow/dags/04_parallel_weather.py
[2026-09-07T20:17:05.504+0000] {processor.py:925} INFO - DAG(s) 'parallel_weather_dag' retrieved from /opt/airflow/dags/04_parallel_weather.py
[2026-09-07T20:17:05.527+0000] {logging_mixin.py:190} INFO - [2026-09-07T20:17:05.526+0000] {dag.py:3239} INFO - Sync 1 DAGs
[2026-09-07T20:17:05.538+0000] {logging_mixin.py:190} INFO - [2026-09-07T20:17:05.538+0000] {dag.py:4180} INFO - Setting next_dagrun for parallel_weather_dag to None, run_after=None
[2026-09-07T20:17:05.557+0000] {processor.py:208} INFO - Processing /opt/airflow/dags/04_parallel_weather.py took 0.074 seconds
[2026-09-07T20:17:36.132+0000] {processor.py:186} INFO - Started process (PID=255) to work on /opt/airflow/dags/04_parallel_weather.py
[2026-09-07T20:17:36.132+0000] {processor.py:914} INFO - Processing file /opt/airflow/dags/04_parallel_weather.py for tasks to queue
[2026-09-07T20:17:36.134+0000] {logging_mixin.py:190} INFO - [2026-09-07T20:17:36.133+0000] {dagbag.py:588} INFO - Filling up the DagBag from /opt/airflow/dags/04_parallel_weather.py
[2026-09-07T20:17:36.149+0000] {processor.py:925} INFO - DAG(s) 'parallel_weather_dag' retrieved from /opt/airflow/dags/04_parallel_weather.py
[2026-09-07T20:17:36.174+0000] {logging_mixin.py:190} INFO - [2026-09-07T20:17:36.174+0000] {dag.py:3239} INFO - Sync 1 DAGs
[2026-09-07T20:17:36.187+0000] {logging_mixin.py:190} INFO - [2026-09-07T20:17:36.187+0000] {dag.py:4180} INFO - Setting next_dagrun for parallel_weather_dag to None, run_after=None
[2026-09-07T20:17:36.213+0000] {processor.py:208} INFO - Processing /opt/airflow/dags/04_parallel_weather.py took 0.086 seconds
[2026-09-07T20:18:06.830+0000] {processor.py:186} INFO - Started process (PID=269) to work on /opt/airflow/dags/04_parallel_weather.py
[2026-09-07T20:18:06.830+0000] {processor.py:914} INFO - Processing file /opt/airflow/dags/04_parallel_weather.py for tasks to queue
[2026-09-07T20:18:06.831+0000] {logging_mixin.py:190} INFO - [2026-09-07T20:18:06.831+0000] {dagbag.py:588} INFO - Filling up the DagBag from /opt/airflow/dags/04_parallel_weather.py
[2026-09-07T20:18:06.845+0000] {processor.py:925} INFO - DAG(s) 'parallel_weather_dag' retrieved from /opt/airflow/dags/04_parallel_weather.py
[2026-09-07T20:18:06.867+0000] {logging_mixin.py:190} INFO - [2026-09-07T20:18:06.867+0000] {dag.py:3239} INFO - Sync 1 DAGs
[2026-09-07T20:18:06.880+0000] {logging_mixin.py:190} INFO - [2026-09-07T20:18:06.880+0000] {dag.py:4180} INFO - Setting next_dagrun for parallel_weather_dag to None, run_after=None
[2026-09-07T20:18:06.911+0000] {processor.py:208} INFO - Processing /opt/airflow/dags/04_parallel_weather.py took 0.087 seconds
[2026-09-07T20:18:37.527+0000] {processor.py:186} INFO - Started process (PID=283) to work on /opt/airflow/dags/04_parallel_weather.py
[2026-09-07T20:18:37.527+0000] {processor.py:914} INFO - Processing file /opt/airflow/dags/04_parallel_weather.py for tasks to queue
[2026-09-07T20:18:37.529+0000] {logging_mixin.py:190} INFO - [2026-09-07T20:18:37.528+0000] {dagbag.py:588} INFO - Filling up the DagBag from /opt/airflow/dags/04_parallel_weather.py
[2026-09-07T20:18:37.543+0000] {processor.py:925} INFO - DAG(s) 'parallel_weather_dag' retrieved from /opt/airflow/dags/04_parallel_weather.py
[2026-09-07T20:18:37.566+0000] {logging_mixin.py:190} INFO - [2026-09-07T20:18:37.566+0000] {dag.py:3239} INFO - Sync 1 DAGs
[2026-09-07T20:18:37.577+0000] {logging_mixin.py:190} INFO - [2026-09-07T20:18:37.577+0000] {dag.py:4180} INFO - Setting next_dagrun for parallel_weather_dag to None, run_after=None
[2026-09-07T20:18:37.594+0000] {processor.py:208} INFO - Processing /opt/airflow/dags/04_parallel_weather.py took 0.073 seconds
[2026-09-07T20:19:08.170+0000] {processor.py:186} INFO - Started process (PID=297) to work on /opt/airflow/dags/04_parallel_weather.py
[2026-09-07T20:19:08.170+0000] {processor.py:914} INFO - Processing file /opt/airflow/dags/04_parallel_weather.py for tasks to queue
[2026-09-07T20:19:08.171+0000] {logging_mixin.py:190} INFO - [2026-09-07T20:19:08.171+0000] {dagbag.py:588} INFO - Filling up the DagBag from /opt/airflow/dags/04_parallel_weather.py
[2026-09-07T20:19:08.186+0000] {processor.py:925} INFO - DAG(s) 'parallel_weather_dag' retrieved from /opt/airflow/dags/04_parallel_weather.py
[2026-09-07T20:19:08.208+0000] {logging_mixin.py:190} INFO - [2026-09-07T20:19:08.208+0000] {dag.py:3239} INFO - Sync 1 DAGs
[2026-09-07T20:19:08.220+0000] {logging_mixin.py:190} INFO - [2026-09-07T20:19:08.220+0000] {dag.py:4180} INFO - Setting next_dagrun for parallel_weather_dag to None, run_after=None
[2026-09-07T20:19:08.238+0000] {processor.py:208} INFO - Processing /opt/airflow/dags/04_parallel_weather.py took 0.075 seconds
[2026-09-07T20:19:38.823+0000] {processor.py:186} INFO - Started process (PID=311) to work on /opt/airflow/dags/04_parallel_weather.py
[2026-09-07T20:19:38.823+0000] {processor.py:914} INFO - Processing file /opt/airflow/dags/04_parallel_weather.py for tasks to queue
[2026-09-07T20:19:38.824+0000] {logging_mixin.py:190} INFO - [2026-09-07T20:19:38.824+0000] {dagbag.py:588} INFO - Filling up the DagBag from /opt/airflow/dags/04_parallel_weather.py
[2026-09-07T20:19:38.841+0000] {processor.py:925} INFO - DAG(s) 'parallel_weather_dag' retrieved from /opt/airflow/dags/04_parallel_weather.py
[2026-09-07T20:19:38.863+0000] {logging_mixin.py:190} INFO - [2026-09-07T20:19:38.863+0000] {dag.py:3239} INFO - Sync 1 DAGs
[2026-09-07T20:19:38.876+0000] {logging_mixin.py:190} INFO - [2026-09-07T20:19:38.876+0000] {dag.py:4180} INFO - Setting next_dagrun for parallel_weather_dag to None, run_after=None
[2026-09-07T20:19:38.893+0000] {processor.py:208} INFO - Processing /opt/airflow/dags/04_parallel_weather.py took 0.075 seconds
[2026-09-07T20:20:09.387+0000] {processor.py:186} INFO - Started process (PID=325) to work on /opt/airflow/dags/04_parallel_weather.py
[2026-09-07T20:20:09.387+0000] {processor.py:914} INFO - Processing file /opt/airflow/dags/04_parallel_weather.py for tasks to queue
[2026-09-07T20:20:09.388+0000] {logging_mixin.py:190} INFO - [2026-09-07T20:20:09.388+0000] {dagbag.py:588} INFO - Filling up the DagBag from /opt/airflow/dags/04_parallel_weather.py
[2026-09-07T20:20:09.402+0000] {processor.py:925} INFO - DAG(s) 'parallel_weather_dag' retrieved from /opt/airflow/dags/04_parallel_weather.py
[2026-09-07T20:20:09.425+0000] {logging_mixin.py:190} INFO - [2026-09-07T20:20:09.425+0000] {dag.py:3239} INFO - Sync 1 DAGs
[2026-09-07T20:20:09.437+0000] {logging_mixin.py:190} INFO - [2026-09-07T20:20:09.436+0000] {dag.py:4180} INFO - Setting next_dagrun for parallel_weather_dag to None, run_after=None
[2026-09-07T20:20:09.454+0000] {processor.py:208} INFO - Processing /opt/airflow/dags/04_parallel_weather.py took 0.072 seconds
[2026-09-07T20:20:39.937+0000] {processor.py:186} INFO - Started process (PID=338) to work on /opt/airflow/dags/04_parallel_weather.py
[2026-09-07T20:20:39.938+0000] {processor.py:914} INFO - Processing file /opt/airflow/dags/04_parallel_weather.py for tasks to queue
[2026-09-07T20:20:39.940+0000] {logging_mixin.py:190} INFO - [2026-09-07T20:20:39.939+0000] {dagbag.py:588} INFO - Filling up the DagBag from /opt/airflow/dags/04_parallel_weather.py
[2026-09-07T20:20:39.956+0000] {processor.py:925} INFO - DAG(s) 'parallel_weather_dag' retrieved from /opt/airflow/dags/04_parallel_weather.py
[2026-09-07T20:20:39.981+0000] {logging_mixin.py:190} INFO - [2026-09-07T20:20:39.981+0000] {dag.py:3239} INFO - Sync 1 DAGs
[2026-09-07T20:20:39.997+0000] {logging_mixin.py:190} INFO - [2026-09-07T20:20:39.997+0000] {dag.py:4180} INFO - Setting next_dagrun for parallel_weather_dag to None, run_after=None
[2026-09-07T20:20:40.019+0000] {processor.py:208} INFO - Processing /opt/airflow/dags/04_parallel_weather.py took 0.088 seconds
[2026-09-07T20:21:10.513+0000] {processor.py:186} INFO - Started process (PID=353) to work on /opt/airflow/dags/04_parallel_weather.py
[2026-09-07T20:21:10.513+0000] {processor.py:914} INFO - Processing file /opt/airflow/dags/04_parallel_weather.py for tasks to queue
[2026-09-07T20:21:10.514+0000] {logging_mixin.py:190} INFO - [2026-09-07T20:21:10.514+0000] {dagbag.py:588} INFO - Filling up the DagBag from /opt/airflow/dags/04_parallel_weather.py
[2026-09-07T20:21:10.529+0000] {processor.py:925} INFO - DAG(s) 'parallel_weather_dag' retrieved from /opt/airflow/dags/04_parallel_weather.py
[2026-09-07T20:21:10.552+0000] {logging_mixin.py:190} INFO - [2026-09-07T20:21:10.552+0000] {dag.py:3239} INFO - Sync 1 DAGs
[2026-09-07T20:21:10.567+0000] {logging_mixin.py:190} INFO - [2026-09-07T20:21:10.566+0000] {dag.py:4180} INFO - Setting next_dagrun for parallel_weather_dag to None, run_after=None
[2026-09-07T20:21:10.588+0000] {processor.py:208} INFO - Processing /opt/airflow/dags/04_parallel_weather.py took 0.080 seconds
[2026-09-07T20:21:41.128+0000] {processor.py:186} INFO - Started process (PID=367) to work on /opt/airflow/dags/04_parallel_weather.py
[2026-09-07T20:21:41.128+0000] {processor.py:914} INFO - Processing file /opt/airflow/dags/04_parallel_weather.py for tasks to queue
[2026-09-07T20:21:41.130+0000] {logging_mixin.py:190} INFO - [2026-09-07T20:21:41.129+0000] {dagbag.py:588} INFO - Filling up the DagBag from /opt/airflow/dags/04_parallel_weather.py
[2026-09-07T20:21:41.144+0000] {processor.py:925} INFO - DAG(s) 'parallel_weather_dag' retrieved from /opt/airflow/dags/04_parallel_weather.py
[2026-09-07T20:21:41.170+0000] {logging_mixin.py:190} INFO - [2026-09-07T20:21:41.169+0000] {dag.py:3239} INFO - Sync 1 DAGs
[2026-09-07T20:21:41.183+0000] {logging_mixin.py:190} INFO - [2026-09-07T20:21:41.183+0000] {dag.py:4180} INFO - Setting next_dagrun for parallel_weather_dag to None, run_after=None
[2026-09-07T20:21:41.200+0000] {processor.py:208} INFO - Processing /opt/airflow/dags/04_parallel_weather.py took 0.077 seconds
[2026-09-07T20:22:11.696+0000] {processor.py:186} INFO - Started process (PID=381) to work on /opt/airflow/dags/04_parallel_weather.py
[2026-09-07T20:22:11.696+0000] {processor.py:914} INFO - Processing file /opt/airflow/dags/04_parallel_weather.py for tasks to queue
[2026-09-07T20:22:11.697+0000] {logging_mixin.py:190} INFO - [2026-09-07T20:22:11.697+0000] {dagbag.py:588} INFO - Filling up the DagBag from /opt/airflow/dags/04_parallel_weather.py
[2026-09-07T20:22:11.710+0000] {processor.py:925} INFO - DAG(s) 'parallel_weather_dag' retrieved from /opt/airflow/dags/04_parallel_weather.py
[2026-09-07T20:22:11.733+0000] {logging_mixin.py:190} INFO - [2026-09-07T20:22:11.732+0000] {dag.py:3239} INFO - Sync 1 DAGs
[2026-09-07T20:22:11.744+0000] {logging_mixin.py:190} INFO - [2026-09-07T20:22:11.744+0000] {dag.py:4180} INFO - Setting next_dagrun for parallel_weather_dag to None, run_after=None
[2026-09-07T20:22:11.763+0000] {processor.py:208} INFO - Processing /opt/airflow/dags/04_parallel_weather.py took 0.074 seconds
[2026-09-07T20:22:42.259+0000] {processor.py:186} INFO - Started process (PID=395) to work on /opt/airflow/dags/04_parallel_weather.py
[2026-09-07T20:22:42.260+0000] {processor.py:914} INFO - Processing file /opt/airflow/dags/04_parallel_weather.py for tasks to queue
[2026-09-07T20:22:42.261+0000] {logging_mixin.py:190} INFO - [2026-09-07T20:22:42.261+0000] {dagbag.py:588} INFO - Filling up the DagBag from /opt/airflow/dags/04_parallel_weather.py
[2026-09-07T20:22:42.277+0000] {processor.py:925} INFO - DAG(s) 'parallel_weather_dag' retrieved from /opt/airflow/dags/04_parallel_weather.py
[2026-09-07T20:22:42.306+0000] {logging_mixin.py:190} INFO - [2026-09-07T20:22:42.306+0000] {dag.py:3239} INFO - Sync 1 DAGs
[2026-09-07T20:22:42.318+0000] {logging_mixin.py:190} INFO - [2026-09-07T20:22:42.318+0000] {dag.py:4180} INFO - Setting next_dagrun for parallel_weather_dag to None, run_after=None
[2026-09-07T20:22:42.335+0000] {processor.py:208} INFO - Processing /opt/airflow/dags/04_parallel_weather.py took 0.081 seconds
[2026-09-07T20:23:12.856+0000] {processor.py:186} INFO - Started process (PID=409) to work on /opt/airflow/dags/04_parallel_weather.py
[2026-09-07T20:23:12.857+0000] {processor.py:914} INFO - Processing file /opt/airflow/dags/04_parallel_weather.py for tasks to queue
[2026-09-07T20:23:12.859+0000] {logging_mixin.py:190} INFO - [2026-09-07T20:23:12.858+0000] {dagbag.py:588} INFO - Filling up the DagBag from /opt/airflow/dags/04_parallel_weather.py
[2026-09-07T20:23:12.882+0000] {processor.py:925} INFO - DAG(s) 'parallel_weather_dag' retrieved from /opt/airflow/dags/04_parallel_weather.py
[2026-09-07T20:23:12.914+0000] {logging_mixin.py:190} INFO - [2026-09-07T20:23:12.914+0000] {dag.py:3239} INFO - Sync 1 DAGs
[2026-09-07T20:23:12.931+0000] {logging_mixin.py:190} INFO - [2026-09-07T20:23:12.931+0000] {dag.py:4180} INFO - Setting next_dagrun for parallel_weather_dag to None, run_after=None
[2026-09-07T20:23:12.954+0000] {processor.py:208} INFO - Processing /opt/airflow/dags/04_parallel_weather.py took 0.105 seconds
[2026-09-07T20:23:43.520+0000] {processor.py:186} INFO - Started process (PID=423) to work on /opt/airflow/dags/04_parallel_weather.py
[2026-09-07T20:23:43.520+0000] {processor.py:914} INFO - Processing file /opt/airflow/dags/04_parallel_weather.py for tasks to queue
[2026-09-07T20:23:43.521+0000] {logging_mixin.py:190} INFO - [2026-09-07T20:23:43.521+0000] {dagbag.py:588} INFO - Filling up the DagBag from /opt/airflow/dags/04_parallel_weather.py
[2026-09-07T20:23:43.537+0000] {processor.py:925} INFO - DAG(s) 'parallel_weather_dag' retrieved from /opt/airflow/dags/04_parallel_weather.py
[2026-09-07T20:23:43.563+0000] {logging_mixin.py:190} INFO - [2026-09-07T20:23:43.563+0000] {dag.py:3239} INFO - Sync 1 DAGs
[2026-09-07T20:23:43.575+0000] {logging_mixin.py:190} INFO - [2026-09-07T20:23:43.575+0000] {dag.py:4180} INFO - Setting next_dagrun for parallel_weather_dag to None, run_after=None
[2026-09-07T20:23:43.594+0000] {processor.py:208} INFO - Processing /opt/airflow/dags/04_parallel_weather.py took 0.080 seconds
[2026-09-07T20:24:14.227+0000] {processor.py:186} INFO - Started process (PID=437) to work on /opt/airflow/dags/04_parallel_weather.py
[2026-09-07T20:24:14.227+0000] {processor.py:914} INFO - Processing file /opt/airflow/dags/04_parallel_weather.py for tasks to queue
[2026-09-07T20:24:14.228+0000] {logging_mixin.py:190} INFO - [2026-09-07T20:24:14.228+0000] {dagbag.py:588} INFO - Filling up the DagBag from /opt/airflow/dags/04_parallel_weather.py
[2026-09-07T20:24:14.243+0000] {processor.py:925} INFO - DAG(s) 'parallel_weather_dag' retrieved from /opt/airflow/dags/04_parallel_weather.py
[2026-09-07T20:24:14.265+0000] {logging_mixin.py:190} INFO - [2026-09-07T20:24:14.265+0000] {dag.py:3239} INFO - Sync 1 DAGs
[2026-09-07T20:24:14.277+0000] {logging_mixin.py:190} INFO - [2026-09-07T20:24:14.277+0000] {dag.py:4180} INFO - Setting next_dagrun for parallel_weather_dag to None, run_after=None
[2026-09-07T20:24:14.296+0000] {processor.py:208} INFO - Processing /opt/airflow/dags/04_parallel_weather.py took 0.074 seconds
[2026-09-07T20:24:44.761+0000] {processor.py:186} INFO - Started process (PID=451) to work on /opt/airflow/dags/04_parallel_weather.py
[2026-09-07T20:24:44.762+0000] {processor.py:914} INFO - Processing file /opt/airflow/dags/04_parallel_weather.py for tasks to queue
[2026-09-07T20:24:44.763+0000] {logging_mixin.py:190} INFO - [2026-09-07T20:24:44.762+0000] {dagbag.py:588} INFO - Filling up the DagBag from /opt/airflow/dags/04_parallel_weather.py
[2026-09-07T20:24:44.776+0000] {processor.py:925} INFO - DAG(s) 'parallel_weather_dag' retrieved from /opt/airflow/dags/04_parallel_weather.py
[2026-09-07T20:24:44.799+0000] {logging_mixin.py:190} INFO - [2026-09-07T20:24:44.799+0000] {dag.py:3239} INFO - Sync 1 DAGs
[2026-09-07T20:24:44.814+0000] {logging_mixin.py:190} INFO - [2026-09-07T20:24:44.814+0000] {dag.py:4180} INFO - Setting next_dagrun for parallel_weather_dag to None, run_after=None
[2026-09-07T20:24:44.833+0000] {processor.py:208} INFO - Processing /opt/airflow/dags/04_parallel_weather.py took 0.076 seconds
[2026-09-07T20:25:15.428+0000] {processor.py:186} INFO - Started process (PID=465) to work on /opt/airflow/dags/04_parallel_weather.py
[2026-09-07T20:25:15.428+0000] {processor.py:914} INFO - Processing file /opt/airflow/dags/04_parallel_weather.py for tasks to queue
[2026-09-07T20:25:15.430+0000] {logging_mixin.py:190} INFO - [2026-09-07T20:25:15.429+0000] {dagbag.py:588} INFO - Filling up the DagBag from /opt/airflow/dags/04_parallel_weather.py
[2026-09-07T20:25:15.445+0000] {processor.py:925} INFO - DAG(s) 'parallel_weather_dag' retrieved from /opt/airflow/dags/04_parallel_weather.py
[2026-09-07T20:25:15.472+0000] {logging_mixin.py:190} INFO - [2026-09-07T20:25:15.472+0000] {dag.py:3239} INFO - Sync 1 DAGs
[2026-09-07T20:25:15.485+0000] {logging_mixin.py:190} INFO - [2026-09-07T20:25:15.485+0000] {dag.py:4180} INFO - Setting next_dagrun for parallel_weather_dag to None, run_after=None
[2026-09-07T20:25:15.504+0000] {processor.py:208} INFO - Processing /opt/airflow/dags/04_parallel_weather.py took 0.081 seconds
[2026-09-07T20:25:46.035+0000] {processor.py:186} INFO - Started process (PID=479) to work on /opt/airflow/dags/04_parallel_weather.py
[2026-09-07T20:25:46.035+0000] {processor.py:914} INFO - Processing file /opt/airflow/dags/04_parallel_weather.py for tasks to queue
[2026-09-07T20:25:46.036+0000] {logging_mixin.py:190} INFO - [2026-09-07T20:25:46.036+0000] {dagbag.py:588} INFO - Filling up the DagBag from /opt/airflow/dags/04_parallel_weather.py
[2026-09-07T20:25:46.051+0000] {processor.py:925} INFO - DAG(s) 'parallel_weather_dag' retrieved from /opt/airflow/dags/04_parallel_weather.py
[2026-09-07T20:25:46.074+0000] {logging_mixin.py:190} INFO - [2026-09-07T20:25:46.074+0000] {dag.py:3239} INFO - Sync 1 DAGs
[2026-09-07T20:25:46.088+0000] {logging_mixin.py:190} INFO - [2026-09-07T20:25:46.088+0000] {dag.py:4180} INFO - Setting next_dagrun for parallel_weather_dag to None, run_after=None
[2026-09-07T20:25:46.106+0000] {processor.py:208} INFO - Processing /opt/airflow/dags/04_parallel_weather.py took 0.077 seconds
[2026-09-07T20:26:16.780+0000] {processor.py:186} INFO - Started process (PID=493) to work on /opt/airflow/dags/04_parallel_weather.py
[2026-09-07T20:26:16.780+0000] {processor.py:914} INFO - Processing file /opt/airflow/dags/04_parallel_weather.py for tasks to queue
[2026-09-07T20:26:16.781+0000] {logging_mixin.py:190} INFO - [2026-09-07T20:26:16.781+0000] {dagbag.py:588} INFO - Filling up the DagBag from /opt/airflow/dags/04_parallel_weather.py
[2026-09-07T20:26:16.796+0000] {processor.py:925} INFO - DAG(s) 'parallel_weather_dag' retrieved from /opt/airflow/dags/04_parallel_weather.py
[2026-09-07T20:26:16.820+0000] {logging_mixin.py:190} INFO - [2026-09-07T20:26:16.820+0000] {dag.py:3239} INFO - Sync 1 DAGs
[2026-09-07T20:26:16.833+0000] {logging_mixin.py:190} INFO - [2026-09-07T20:26:16.833+0000] {dag.py:4180} INFO - Setting next_dagrun for parallel_weather_dag to None, run_after=None
[2026-09-07T20:26:16.850+0000] {processor.py:208} INFO - Processing /opt/airflow/dags/04_parallel_weather.py took 0.076 seconds
[2026-09-07T20:26:47.440+0000] {processor.py:186} INFO - Started process (PID=507) to work on /opt/airflow/dags/04_parallel_weather.py
[2026-09-07T20:26:47.440+0000] {processor.py:914} INFO - Processing file /opt/airflow/dags/04_parallel_weather.py for tasks to queue
[2026-09-07T20:26:47.442+0000] {logging_mixin.py:190} INFO - [2026-09-07T20:26:47.442+0000] {dagbag.py:588} INFO - Filling up the DagBag from /opt/airflow/dags/04_parallel_weather.py
[2026-09-07T20:26:47.459+0000] {processor.py:925} INFO - DAG(s) 'parallel_weather_dag' retrieved from /opt/airflow/dags/04_parallel_weather.py
[2026-09-07T20:26:47.485+0000] {logging_mixin.py:190} INFO - [2026-09-07T20:26:47.485+0000] {dag.py:3239} INFO - Sync 1 DAGs
[2026-09-07T20:26:47.500+0000] {logging_mixin.py:190} INFO - [2026-09-07T20:26:47.500+0000] {dag.py:4180} INFO - Setting next_dagrun for parallel_weather_dag to None, run_after=None
[2026-09-07T20:26:47.516+0000] {processor.py:208} INFO - Processing /opt/airflow/dags/04_parallel_weather.py took 0.081 seconds
[2026-09-07T20:27:18.083+0000] {processor.py:186} INFO - Started process (PID=521) to work on /opt/airflow/dags/04_parallel_weather.py
[2026-09-07T20:27:18.083+0000] {processor.py:914} INFO - Processing file /opt/airflow/dags/04_parallel_weather.py for tasks to queue
[2026-09-07T20:27:18.085+0000] {logging_mixin.py:190} INFO - [2026-09-07T20:27:18.084+0000] {dagbag.py:588} INFO - Filling up the DagBag from /opt/airflow/dags/04_parallel_weather.py
[2026-09-07T20:27:18.101+0000] {processor.py:925} INFO - DAG(s) 'parallel_weather_dag' retrieved from /opt/airflow/dags/04_parallel_weather.py
[2026-09-07T20:27:18.126+0000] {logging_mixin.py:190} INFO - [2026-09-07T20:27:18.125+0000] {dag.py:3239} INFO - Sync 1 DAGs
[2026-09-07T20:27:18.140+0000] {logging_mixin.py:190} INFO - [2026-09-07T20:27:18.139+0000] {dag.py:4180} INFO - Setting next_dagrun for parallel_weather_dag to None, run_after=None
[2026-09-07T20:27:18.156+0000] {processor.py:208} INFO - Processing /opt/airflow/dags/04_parallel_weather.py took 0.079 seconds
[2026-09-07T20:27:48.657+0000] {processor.py:186} INFO - Started process (PID=535) to work on /opt/airflow/dags/04_parallel_weather.py
[2026-09-07T20:27:48.658+0000] {processor.py:914} INFO - Processing file /opt/airflow/dags/04_parallel_weather.py for tasks to queue
[2026-09-07T20:27:48.659+0000] {logging_mixin.py:190} INFO - [2026-09-07T20:27:48.659+0000] {dagbag.py:588} INFO - Filling up the DagBag from /opt/airflow/dags/04_parallel_weather.py
[2026-09-07T20:27:48.684+0000] {processor.py:925} INFO - DAG(s) 'parallel_weather_dag' retrieved from /opt/airflow/dags/04_parallel_weather.py
[2026-09-07T20:27:48.718+0000] {logging_mixin.py:190} INFO - [2026-09-07T20:27:48.717+0000] {dag.py:3239} INFO - Sync 1 DAGs
[2026-09-07T20:27:48.732+0000] {logging_mixin.py:190} INFO - [2026-09-07T20:27:48.732+0000] {dag.py:4180} INFO - Setting next_dagrun for parallel_weather_dag to None, run_after=None
[2026-09-07T20:27:48.754+0000] {processor.py:208} INFO - Processing /opt/airflow/dags/04_parallel_weather.py took 0.103 seconds
[2026-09-07T20:28:19.322+0000] {processor.py:186} INFO - Started process (PID=549) to work on /opt/airflow/dags/04_parallel_weather.py
[2026-09-07T20:28:19.323+0000] {processor.py:914} INFO - Processing file /opt/airflow/dags/04_parallel_weather.py for tasks to queue
[2026-09-07T20:28:19.324+0000] {logging_mixin.py:190} INFO - [2026-09-07T20:28:19.323+0000] {dagbag.py:588} INFO - Filling up the DagBag from /opt/airflow/dags/04_parallel_weather.py
[2026-09-07T20:28:19.342+0000] {processor.py:925} INFO - DAG(s) 'parallel_weather_dag' retrieved from /opt/airflow/dags/04_parallel_weather.py
[2026-09-07T20:28:19.369+0000] {logging_mixin.py:190} INFO - [2026-09-07T20:28:19.369+0000] {dag.py:3239} INFO - Sync 1 DAGs
[2026-09-07T20:28:19.384+0000] {logging_mixin.py:190} INFO - [2026-09-07T20:28:19.384+0000] {dag.py:4180} INFO - Setting next_dagrun for parallel_weather_dag to None, run_after=None
[2026-09-07T20:28:19.404+0000] {processor.py:208} INFO - Processing /opt/airflow/dags/04_parallel_weather.py took 0.088 seconds
[2026-09-07T20:28:50.075+0000] {processor.py:186} INFO - Started process (PID=563) to work on /opt/airflow/dags/04_parallel_weather.py
[2026-09-07T20:28:50.078+0000] {processor.py:914} INFO - Processing file /opt/airflow/dags/04_parallel_weather.py for tasks to queue
[2026-09-07T20:28:50.081+0000] {logging_mixin.py:190} INFO - [2026-09-07T20:28:50.080+0000] {dagbag.py:588} INFO - Filling up the DagBag from /opt/airflow/dags/04_parallel_weather.py
[2026-09-07T20:28:50.107+0000] {processor.py:925} INFO - DAG(s) 'parallel_weather_dag' retrieved from /opt/airflow/dags/04_parallel_weather.py
[2026-09-07T20:28:50.134+0000] {logging_mixin.py:190} INFO - [2026-09-07T20:28:50.134+0000] {dag.py:3239} INFO - Sync 1 DAGs
[2026-09-07T20:28:50.149+0000] {logging_mixin.py:190} INFO - [2026-09-07T20:28:50.149+0000] {dag.py:4180} INFO - Setting next_dagrun for parallel_weather_dag to None, run_after=None
[2026-09-07T20:28:50.169+0000] {processor.py:208} INFO - Processing /opt/airflow/dags/04_parallel_weather.py took 0.101 seconds
[2026-09-07T20:29:20.794+0000] {processor.py:186} INFO - Started process (PID=583) to work on /opt/airflow/dags/04_parallel_weather.py
[2026-09-07T20:29:20.794+0000] {processor.py:914} INFO - Processing file /opt/airflow/dags/04_parallel_weather.py for tasks to queue
[2026-09-07T20:29:20.796+0000] {logging_mixin.py:190} INFO - [2026-09-07T20:29:20.795+0000] {dagbag.py:588} INFO - Filling up the DagBag from /opt/airflow/dags/04_parallel_weather.py
[2026-09-07T20:29:20.809+0000] {processor.py:925} INFO - DAG(s) 'parallel_weather_dag' retrieved from /opt/airflow/dags/04_parallel_weather.py
[2026-09-07T20:29:20.832+0000] {logging_mixin.py:190} INFO - [2026-09-07T20:29:20.832+0000] {dag.py:3239} INFO - Sync 1 DAGs
[2026-09-07T20:29:20.844+0000] {logging_mixin.py:190} INFO - [2026-09-07T20:29:20.844+0000] {dag.py:4180} INFO - Setting next_dagrun for parallel_weather_dag to None, run_after=None
[2026-09-07T20:29:20.862+0000] {processor.py:208} INFO - Processing /opt/airflow/dags/04_parallel_weather.py took 0.073 seconds
[2026-09-07T20:29:51.345+0000] {processor.py:186} INFO - Started process (PID=597) to work on /opt/airflow/dags/04_parallel_weather.py
[2026-09-07T20:29:51.346+0000] {processor.py:914} INFO - Processing file /opt/airflow/dags/04_parallel_weather.py for tasks to queue
[2026-09-07T20:29:51.347+0000] {logging_mixin.py:190} INFO - [2026-09-07T20:29:51.347+0000] {dagbag.py:588} INFO - Filling up the DagBag from /opt/airflow/dags/04_parallel_weather.py
[2026-09-07T20:29:51.361+0000] {processor.py:925} INFO - DAG(s) 'parallel_weather_dag' retrieved from /opt/airflow/dags/04_parallel_weather.py
[2026-09-07T20:29:51.384+0000] {logging_mixin.py:190} INFO - [2026-09-07T20:29:51.383+0000] {dag.py:3239} INFO - Sync 1 DAGs
[2026-09-07T20:29:51.395+0000] {logging_mixin.py:190} INFO - [2026-09-07T20:29:51.395+0000] {dag.py:4180} INFO - Setting next_dagrun for parallel_weather_dag to None, run_after=None
[2026-09-07T20:29:51.419+0000] {processor.py:208} INFO - Processing /opt/airflow/dags/04_parallel_weather.py took 0.078 seconds
[2026-09-07T20:30:22.079+0000] {processor.py:186} INFO - Started process (PID=611) to work on /opt/airflow/dags/04_parallel_weather.py
[2026-09-07T20:30:22.080+0000] {processor.py:914} INFO - Processing file /opt/airflow/dags/04_parallel_weather.py for tasks to queue
[2026-09-07T20:30:22.081+0000] {logging_mixin.py:190} INFO - [2026-09-07T20:30:22.080+0000] {dagbag.py:588} INFO - Filling up the DagBag from /opt/airflow/dags/04_parallel_weather.py
[2026-09-07T20:30:22.096+0000] {processor.py:925} INFO - DAG(s) 'parallel_weather_dag' retrieved from /opt/airflow/dags/04_parallel_weather.py
[2026-09-07T20:30:22.121+0000] {logging_mixin.py:190} INFO - [2026-09-07T20:30:22.121+0000] {dag.py:3239} INFO - Sync 1 DAGs
[2026-09-07T20:30:22.135+0000] {logging_mixin.py:190} INFO - [2026-09-07T20:30:22.135+0000] {dag.py:4180} INFO - Setting next_dagrun for parallel_weather_dag to None, run_after=None
[2026-09-07T20:30:22.152+0000] {processor.py:208} INFO - Processing /opt/airflow/dags/04_parallel_weather.py took 0.078 seconds
[2026-09-07T20:30:52.726+0000] {processor.py:186} INFO - Started process (PID=625) to work on /opt/airflow/dags/04_parallel_weather.py
[2026-09-07T20:30:52.727+0000] {processor.py:914} INFO - Processing file /opt/airflow/dags/04_parallel_weather.py for tasks to queue
[2026-09-07T20:30:52.728+0000] {logging_mixin.py:190} INFO - [2026-09-07T20:30:52.728+0000] {dagbag.py:588} INFO - Filling up the DagBag from /opt/airflow/dags/04_parallel_weather.py
[2026-09-07T20:30:52.745+0000] {processor.py:925} INFO - DAG(s) 'parallel_weather_dag' retrieved from /opt/airflow/dags/04_parallel_weather.py
[2026-09-07T20:30:52.770+0000] {logging_mixin.py:190} INFO - [2026-09-07T20:30:52.770+0000] {dag.py:3239} INFO - Sync 1 DAGs
[2026-09-07T20:30:52.784+0000] {logging_mixin.py:190} INFO - [2026-09-07T20:30:52.783+0000] {dag.py:4180} INFO - Setting next_dagrun for parallel_weather_dag to None, run_after=None
[2026-09-07T20:30:52.816+0000] {processor.py:208} INFO - Processing /opt/airflow/dags/04_parallel_weather.py took 0.095 seconds
[2026-09-07T20:31:23.229+0000] {processor.py:186} INFO - Started process (PID=639) to work on /opt/airflow/dags/04_parallel_weather.py
[2026-09-07T20:31:23.229+0000] {processor.py:914} INFO - Processing file /opt/airflow/dags/04_parallel_weather.py for tasks to queue
[2026-09-07T20:31:23.230+0000] {logging_mixin.py:190} INFO - [2026-09-07T20:31:23.230+0000] {dagbag.py:588} INFO - Filling up the DagBag from /opt/airflow/dags/04_parallel_weather.py
[2026-09-07T20:31:23.244+0000] {processor.py:925} INFO - DAG(s) 'parallel_weather_dag' retrieved from /opt/airflow/dags/04_parallel_weather.py
[2026-09-07T20:31:23.265+0000] {logging_mixin.py:190} INFO - [2026-09-07T20:31:23.265+0000] {dag.py:3239} INFO - Sync 1 DAGs
[2026-09-07T20:31:23.278+0000] {logging_mixin.py:190} INFO - [2026-09-07T20:31:23.278+0000] {dag.py:4180} INFO - Setting next_dagrun for parallel_weather_dag to None, run_after=None
[2026-09-07T20:31:23.299+0000] {processor.py:208} INFO - Processing /opt/airflow/dags/04_parallel_weather.py took 0.075 seconds
[2026-09-07T20:31:53.814+0000] {processor.py:186} INFO - Started process (PID=653) to work on /opt/airflow/dags/04_parallel_weather.py
[2026-09-07T20:31:53.815+0000] {processor.py:914} INFO - Processing file /opt/airflow/dags/04_parallel_weather.py for tasks to queue
[2026-09-07T20:31:53.816+0000] {logging_mixin.py:190} INFO - [2026-09-07T20:31:53.816+0000] {dagbag.py:588} INFO - Filling up the DagBag from /opt/airflow/dags/04_parallel_weather.py
[2026-09-07T20:31:53.832+0000] {processor.py:925} INFO - DAG(s) 'parallel_weather_dag' retrieved from /opt/airflow/dags/04_parallel_weather.py
[2026-09-07T20:31:53.857+0000] {logging_mixin.py:190} INFO - [2026-09-07T20:31:53.857+0000] {dag.py:3239} INFO - Sync 1 DAGs
[2026-09-07T20:31:53.870+0000] {logging_mixin.py:190} INFO - [2026-09-07T20:31:53.870+0000] {dag.py:4180} INFO - Setting next_dagrun for parallel_weather_dag to None, run_after=None
[2026-09-07T20:31:53.888+0000] {processor.py:208} INFO - Processing /opt/airflow/dags/04_parallel_weather.py took 0.079 seconds
[2026-09-07T20:32:24.439+0000] {processor.py:186} INFO - Started process (PID=667) to work on /opt/airflow/dags/04_parallel_weather.py
[2026-09-07T20:32:24.440+0000] {processor.py:914} INFO - Processing file /opt/airflow/dags/04_parallel_weather.py for tasks to queue
[2026-09-07T20:32:24.441+0000] {logging_mixin.py:190} INFO - [2026-09-07T20:32:24.440+0000] {dagbag.py:588} INFO - Filling up the DagBag from /opt/airflow/dags/04_parallel_weather.py
[2026-09-07T20:32:24.456+0000] {processor.py:925} INFO - DAG(s) 'parallel_weather_dag' retrieved from /opt/airflow/dags/04_parallel_weather.py
[2026-09-07T20:32:24.483+0000] {logging_mixin.py:190} INFO - [2026-09-07T20:32:24.483+0000] {dag.py:3239} INFO - Sync 1 DAGs
[2026-09-07T20:32:24.498+0000] {logging_mixin.py:190} INFO - [2026-09-07T20:32:24.498+0000] {dag.py:4180} INFO - Setting next_dagrun for parallel_weather_dag to None, run_after=None
[2026-09-07T20:32:24.518+0000] {processor.py:208} INFO - Processing /opt/airflow/dags/04_parallel_weather.py took 0.085 seconds
[2026-09-07T20:32:55.019+0000] {processor.py:186} INFO - Started process (PID=681) to work on /opt/airflow/dags/04_parallel_weather.py
[2026-09-07T20:32:55.019+0000] {processor.py:914} INFO - Processing file /opt/airflow/dags/04_parallel_weather.py for tasks to queue
[2026-09-07T20:32:55.022+0000] {logging_mixin.py:190} INFO - [2026-09-07T20:32:55.020+0000] {dagbag.py:588} INFO - Filling up the DagBag from /opt/airflow/dags/04_parallel_weather.py
[2026-09-07T20:32:55.044+0000] {processor.py:925} INFO - DAG(s) 'parallel_weather_dag' retrieved from /opt/airflow/dags/04_parallel_weather.py
[2026-09-07T20:32:55.078+0000] {logging_mixin.py:190} INFO - [2026-09-07T20:32:55.077+0000] {dag.py:3239} INFO - Sync 1 DAGs
[2026-09-07T20:32:55.098+0000] {logging_mixin.py:190} INFO - [2026-09-07T20:32:55.097+0000] {dag.py:4180} INFO - Setting next_dagrun for parallel_weather_dag to None, run_after=None
[2026-09-07T20:32:55.121+0000] {processor.py:208} INFO - Processing /opt/airflow/dags/04_parallel_weather.py took 0.109 seconds
[2026-09-07T20:33:25.774+0000] {processor.py:186} INFO - Started process (PID=695) to work on /opt/airflow/dags/04_parallel_weather.py
[2026-09-07T20:33:25.774+0000] {processor.py:914} INFO - Processing file /opt/airflow/dags/04_parallel_weather.py for tasks to queue
[2026-09-07T20:33:25.776+0000] {logging_mixin.py:190} INFO - [2026-09-07T20:33:25.776+0000] {dagbag.py:588} INFO - Filling up the DagBag from /opt/airflow/dags/04_parallel_weather.py
[2026-09-07T20:33:25.792+0000] {processor.py:925} INFO - DAG(s) 'parallel_weather_dag' retrieved from /opt/airflow/dags/04_parallel_weather.py
[2026-09-07T20:33:25.817+0000] {logging_mixin.py:190} INFO - [2026-09-07T20:33:25.817+0000] {dag.py:3239} INFO - Sync 1 DAGs
[2026-09-07T20:33:25.830+0000] {logging_mixin.py:190} INFO - [2026-09-07T20:33:25.830+0000] {dag.py:4180} INFO - Setting next_dagrun for parallel_weather_dag to None, run_after=None
[2026-09-07T20:33:25.850+0000] {processor.py:208} INFO - Processing /opt/airflow/dags/04_parallel_weather.py took 0.081 seconds
[2026-09-07T20:33:56.451+0000] {processor.py:186} INFO - Started process (PID=710) to work on /opt/airflow/dags/04_parallel_weather.py
[2026-09-07T20:33:56.452+0000] {processor.py:914} INFO - Processing file /opt/airflow/dags/04_parallel_weather.py for tasks to queue
[2026-09-07T20:33:56.454+0000] {logging_mixin.py:190} INFO - [2026-09-07T20:33:56.454+0000] {dagbag.py:588} INFO - Filling up the DagBag from /opt/airflow/dags/04_parallel_weather.py
[2026-09-07T20:33:56.477+0000] {processor.py:925} INFO - DAG(s) 'parallel_weather_dag' retrieved from /opt/airflow/dags/04_parallel_weather.py
[2026-09-07T20:33:56.504+0000] {logging_mixin.py:190} INFO - [2026-09-07T20:33:56.504+0000] {dag.py:3239} INFO - Sync 1 DAGs
[2026-09-07T20:33:56.521+0000] {logging_mixin.py:190} INFO - [2026-09-07T20:33:56.521+0000] {dag.py:4180} INFO - Setting next_dagrun for parallel_weather_dag to None, run_after=None
[2026-09-07T20:33:56.543+0000] {processor.py:208} INFO - Processing /opt/airflow/dags/04_parallel_weather.py took 0.099 seconds
[2026-09-07T20:34:27.176+0000] {processor.py:186} INFO - Started process (PID=724) to work on /opt/airflow/dags/04_parallel_weather.py
[2026-09-07T20:34:27.177+0000] {processor.py:914} INFO - Processing file /opt/airflow/dags/04_parallel_weather.py for tasks to queue
[2026-09-07T20:34:27.178+0000] {logging_mixin.py:190} INFO - [2026-09-07T20:34:27.178+0000] {dagbag.py:588} INFO - Filling up the DagBag from /opt/airflow/dags/04_parallel_weather.py
[2026-09-07T20:34:27.192+0000] {processor.py:925} INFO - DAG(s) 'parallel_weather_dag' retrieved from /opt/airflow/dags/04_parallel_weather.py
[2026-09-07T20:34:27.215+0000] {logging_mixin.py:190} INFO - [2026-09-07T20:34:27.215+0000] {dag.py:3239} INFO - Sync 1 DAGs
[2026-09-07T20:34:27.229+0000] {logging_mixin.py:190} INFO - [2026-09-07T20:34:27.229+0000] {dag.py:4180} INFO - Setting next_dagrun for parallel_weather_dag to None, run_after=None
[2026-09-07T20:34:27.246+0000] {processor.py:208} INFO - Processing /opt/airflow/dags/04_parallel_weather.py took 0.075 seconds
[2026-09-07T20:34:57.823+0000] {processor.py:186} INFO - Started process (PID=738) to work on /opt/airflow/dags/04_parallel_weather.py
[2026-09-07T20:34:57.824+0000] {processor.py:914} INFO - Processing file /opt/airflow/dags/04_parallel_weather.py for tasks to queue
[2026-09-07T20:34:57.825+0000] {logging_mixin.py:190} INFO - [2026-09-07T20:34:57.824+0000] {dagbag.py:588} INFO - Filling up the DagBag from /opt/airflow/dags/04_parallel_weather.py
[2026-09-07T20:34:57.837+0000] {processor.py:925} INFO - DAG(s) 'parallel_weather_dag' retrieved from /opt/airflow/dags/04_parallel_weather.py
[2026-09-07T20:34:57.858+0000] {logging_mixin.py:190} INFO - [2026-09-07T20:34:57.858+0000] {dag.py:3239} INFO - Sync 1 DAGs
[2026-09-07T20:34:57.870+0000] {logging_mixin.py:190} INFO - [2026-09-07T20:34:57.870+0000] {dag.py:4180} INFO - Setting next_dagrun for parallel_weather_dag to None, run_after=None
[2026-09-07T20:34:57.887+0000] {processor.py:208} INFO - Processing /opt/airflow/dags/04_parallel_weather.py took 0.069 seconds
[2026-09-07T20:35:28.482+0000] {processor.py:186} INFO - Started process (PID=752) to work on /opt/airflow/dags/04_parallel_weather.py
[2026-09-07T20:35:28.483+0000] {processor.py:914} INFO - Processing file /opt/airflow/dags/04_parallel_weather.py for tasks to queue
[2026-09-07T20:35:28.485+0000] {logging_mixin.py:190} INFO - [2026-09-07T20:35:28.484+0000] {dagbag.py:588} INFO - Filling up the DagBag from /opt/airflow/dags/04_parallel_weather.py
[2026-09-07T20:35:28.501+0000] {processor.py:925} INFO - DAG(s) 'parallel_weather_dag' retrieved from /opt/airflow/dags/04_parallel_weather.py
[2026-09-07T20:35:28.526+0000] {logging_mixin.py:190} INFO - [2026-09-07T20:35:28.526+0000] {dag.py:3239} INFO - Sync 1 DAGs
[2026-09-07T20:35:28.540+0000] {logging_mixin.py:190} INFO - [2026-09-07T20:35:28.540+0000] {dag.py:4180} INFO - Setting next_dagrun for parallel_weather_dag to None, run_after=None
[2026-09-07T20:35:28.567+0000] {processor.py:208} INFO - Processing /opt/airflow/dags/04_parallel_weather.py took 0.090 seconds
[2026-09-07T20:35:59.008+0000] {processor.py:186} INFO - Started process (PID=766) to work on /opt/airflow/dags/04_parallel_weather.py
[2026-09-07T20:35:59.008+0000] {processor.py:914} INFO - Processing file /opt/airflow/dags/04_parallel_weather.py for tasks to queue
[2026-09-07T20:35:59.010+0000] {logging_mixin.py:190} INFO - [2026-09-07T20:35:59.009+0000] {dagbag.py:588} INFO - Filling up the DagBag from /opt/airflow/dags/04_parallel_weather.py
[2026-09-07T20:35:59.025+0000] {processor.py:925} INFO - DAG(s) 'parallel_weather_dag' retrieved from /opt/airflow/dags/04_parallel_weather.py
[2026-09-07T20:35:59.050+0000] {logging_mixin.py:190} INFO - [2026-09-07T20:35:59.050+0000] {dag.py:3239} INFO - Sync 1 DAGs
[2026-09-07T20:35:59.062+0000] {logging_mixin.py:190} INFO - [2026-09-07T20:35:59.061+0000] {dag.py:4180} INFO - Setting next_dagrun for parallel_weather_dag to None, run_after=None
[2026-09-07T20:35:59.081+0000] {processor.py:208} INFO - Processing /opt/airflow/dags/04_parallel_weather.py took 0.078 seconds
[2026-09-07T20:36:29.689+0000] {processor.py:186} INFO - Started process (PID=780) to work on /opt/airflow/dags/04_parallel_weather.py
[2026-09-07T20:36:29.690+0000] {processor.py:914} INFO - Processing file /opt/airflow/dags/04_parallel_weather.py for tasks to queue
[2026-09-07T20:36:29.691+0000] {logging_mixin.py:190} INFO - [2026-09-07T20:36:29.690+0000] {dagbag.py:588} INFO - Filling up the DagBag from /opt/airflow/dags/04_parallel_weather.py
[2026-09-07T20:36:29.705+0000] {processor.py:925} INFO - DAG(s) 'parallel_weather_dag' retrieved from /opt/airflow/dags/04_parallel_weather.py
[2026-09-07T20:36:29.728+0000] {logging_mixin.py:190} INFO - [2026-09-07T20:36:29.728+0000] {dag.py:3239} INFO - Sync 1 DAGs
[2026-09-07T20:36:29.740+0000] {logging_mixin.py:190} INFO - [2026-09-07T20:36:29.740+0000] {dag.py:4180} INFO - Setting next_dagrun for parallel_weather_dag to None, run_after=None
[2026-09-07T20:36:29.757+0000] {processor.py:208} INFO - Processing /opt/airflow/dags/04_parallel_weather.py took 0.073 seconds
[2026-09-07T20:37:00.372+0000] {processor.py:186} INFO - Started process (PID=794) to work on /opt/airflow/dags/04_parallel_weather.py
[2026-09-07T20:37:00.372+0000] {processor.py:914} INFO - Processing file /opt/airflow/dags/04_parallel_weather.py for tasks to queue
[2026-09-07T20:37:00.373+0000] {logging_mixin.py:190} INFO - [2026-09-07T20:37:00.373+0000] {dagbag.py:588} INFO - Filling up the DagBag from /opt/airflow/dags/04_parallel_weather.py
[2026-09-07T20:37:00.387+0000] {processor.py:925} INFO - DAG(s) 'parallel_weather_dag' retrieved from /opt/airflow/dags/04_parallel_weather.py
[2026-09-07T20:37:00.409+0000] {logging_mixin.py:190} INFO - [2026-09-07T20:37:00.409+0000] {dag.py:3239} INFO - Sync 1 DAGs
[2026-09-07T20:37:00.421+0000] {logging_mixin.py:190} INFO - [2026-09-07T20:37:00.421+0000] {dag.py:4180} INFO - Setting next_dagrun for parallel_weather_dag to None, run_after=None
[2026-09-07T20:37:00.440+0000] {processor.py:208} INFO - Processing /opt/airflow/dags/04_parallel_weather.py took 0.074 seconds
[2026-09-07T20:37:31.086+0000] {processor.py:186} INFO - Started process (PID=808) to work on /opt/airflow/dags/04_parallel_weather.py
[2026-09-07T20:37:31.087+0000] {processor.py:914} INFO - Processing file /opt/airflow/dags/04_parallel_weather.py for tasks to queue
[2026-09-07T20:37:31.088+0000] {logging_mixin.py:190} INFO - [2026-09-07T20:37:31.088+0000] {dagbag.py:588} INFO - Filling up the DagBag from /opt/airflow/dags/04_parallel_weather.py
[2026-09-07T20:37:31.108+0000] {processor.py:925} INFO - DAG(s) 'parallel_weather_dag' retrieved from /opt/airflow/dags/04_parallel_weather.py
[2026-09-07T20:37:31.135+0000] {logging_mixin.py:190} INFO - [2026-09-07T20:37:31.135+0000] {dag.py:3239} INFO - Sync 1 DAGs
[2026-09-07T20:37:31.148+0000] {logging_mixin.py:190} INFO - [2026-09-07T20:37:31.148+0000] {dag.py:4180} INFO - Setting next_dagrun for parallel_weather_dag to None, run_after=None
[2026-09-07T20:37:31.170+0000] {processor.py:208} INFO - Processing /opt/airflow/dags/04_parallel_weather.py took 0.090 seconds
[2026-09-07T20:38:01.651+0000] {processor.py:186} INFO - Started process (PID=822) to work on /opt/airflow/dags/04_parallel_weather.py
[2026-09-07T20:38:01.652+0000] {processor.py:914} INFO - Processing file /opt/airflow/dags/04_parallel_weather.py for tasks to queue
[2026-09-07T20:38:01.653+0000] {logging_mixin.py:190} INFO - [2026-09-07T20:38:01.653+0000] {dagbag.py:588} INFO - Filling up the DagBag from /opt/airflow/dags/04_parallel_weather.py
[2026-09-07T20:38:01.669+0000] {processor.py:925} INFO - DAG(s) 'parallel_weather_dag' retrieved from /opt/airflow/dags/04_parallel_weather.py
[2026-09-07T20:38:01.690+0000] {logging_mixin.py:190} INFO - [2026-09-07T20:38:01.690+0000] {dag.py:3239} INFO - Sync 1 DAGs
[2026-09-07T20:38:01.703+0000] {logging_mixin.py:190} INFO - [2026-09-07T20:38:01.702+0000] {dag.py:4180} INFO - Setting next_dagrun for parallel_weather_dag to None, run_after=None
[2026-09-07T20:38:01.721+0000] {processor.py:208} INFO - Processing /opt/airflow/dags/04_parallel_weather.py took 0.076 seconds
[2026-09-07T20:38:32.252+0000] {processor.py:186} INFO - Started process (PID=836) to work on /opt/airflow/dags/04_parallel_weather.py
[2026-09-07T20:38:32.253+0000] {processor.py:914} INFO - Processing file /opt/airflow/dags/04_parallel_weather.py for tasks to queue
[2026-09-07T20:38:32.255+0000] {logging_mixin.py:190} INFO - [2026-09-07T20:38:32.254+0000] {dagbag.py:588} INFO - Filling up the DagBag from /opt/airflow/dags/04_parallel_weather.py
[2026-09-07T20:38:32.276+0000] {processor.py:925} INFO - DAG(s) 'parallel_weather_dag' retrieved from /opt/airflow/dags/04_parallel_weather.py
[2026-09-07T20:38:32.308+0000] {logging_mixin.py:190} INFO - [2026-09-07T20:38:32.308+0000] {dag.py:3239} INFO - Sync 1 DAGs
[2026-09-07T20:38:32.324+0000] {logging_mixin.py:190} INFO - [2026-09-07T20:38:32.324+0000] {dag.py:4180} INFO - Setting next_dagrun for parallel_weather_dag to None, run_after=None
[2026-09-07T20:38:32.344+0000] {processor.py:208} INFO - Processing /opt/airflow/dags/04_parallel_weather.py took 0.099 seconds
[2026-09-07T20:39:02.858+0000] {processor.py:186} INFO - Started process (PID=850) to work on /opt/airflow/dags/04_parallel_weather.py
[2026-09-07T20:39:02.858+0000] {processor.py:914} INFO - Processing file /opt/airflow/dags/04_parallel_weather.py for tasks to queue
[2026-09-07T20:39:02.860+0000] {logging_mixin.py:190} INFO - [2026-09-07T20:39:02.859+0000] {dagbag.py:588} INFO - Filling up the DagBag from /opt/airflow/dags/04_parallel_weather.py
[2026-09-07T20:39:02.872+0000] {processor.py:925} INFO - DAG(s) 'parallel_weather_dag' retrieved from /opt/airflow/dags/04_parallel_weather.py
[2026-09-07T20:39:02.896+0000] {logging_mixin.py:190} INFO - [2026-09-07T20:39:02.896+0000] {dag.py:3239} INFO - Sync 1 DAGs
[2026-09-07T20:39:02.909+0000] {logging_mixin.py:190} INFO - [2026-09-07T20:39:02.909+0000] {dag.py:4180} INFO - Setting next_dagrun for parallel_weather_dag to None, run_after=None
[2026-09-07T20:39:02.929+0000] {processor.py:208} INFO - Processing /opt/airflow/dags/04_parallel_weather.py took 0.076 seconds
[2026-09-07T20:39:33.400+0000] {processor.py:186} INFO - Started process (PID=864) to work on /opt/airflow/dags/04_parallel_weather.py
[2026-09-07T20:39:33.400+0000] {processor.py:914} INFO - Processing file /opt/airflow/dags/04_parallel_weather.py for tasks to queue
[2026-09-07T20:39:33.401+0000] {logging_mixin.py:190} INFO - [2026-09-07T20:39:33.401+0000] {dagbag.py:588} INFO - Filling up the DagBag from /opt/airflow/dags/04_parallel_weather.py
[2026-09-07T20:39:33.415+0000] {processor.py:925} INFO - DAG(s) 'parallel_weather_dag' retrieved from /opt/airflow/dags/04_parallel_weather.py
[2026-09-07T20:39:33.437+0000] {logging_mixin.py:190} INFO - [2026-09-07T20:39:33.437+0000] {dag.py:3239} INFO - Sync 1 DAGs
[2026-09-07T20:39:33.448+0000] {logging_mixin.py:190} INFO - [2026-09-07T20:39:33.448+0000] {dag.py:4180} INFO - Setting next_dagrun for parallel_weather_dag to None, run_after=None
[2026-09-07T20:39:33.466+0000] {processor.py:208} INFO - Processing /opt/airflow/dags/04_parallel_weather.py took 0.072 seconds
[2026-09-07T20:40:04.064+0000] {processor.py:186} INFO - Started process (PID=878) to work on /opt/airflow/dags/04_parallel_weather.py
[2026-09-07T20:40:04.064+0000] {processor.py:914} INFO - Processing file /opt/airflow/dags/04_parallel_weather.py for tasks to queue
[2026-09-07T20:40:04.065+0000] {logging_mixin.py:190} INFO - [2026-09-07T20:40:04.065+0000] {dagbag.py:588} INFO - Filling up the DagBag from /opt/airflow/dags/04_parallel_weather.py
[2026-09-07T20:40:04.079+0000] {processor.py:925} INFO - DAG(s) 'parallel_weather_dag' retrieved from /opt/airflow/dags/04_parallel_weather.py
[2026-09-07T20:40:04.100+0000] {logging_mixin.py:190} INFO - [2026-09-07T20:40:04.100+0000] {dag.py:3239} INFO - Sync 1 DAGs
[2026-09-07T20:40:04.114+0000] {logging_mixin.py:190} INFO - [2026-09-07T20:40:04.113+0000] {dag.py:4180} INFO - Setting next_dagrun for parallel_weather_dag to None, run_after=None
[2026-09-07T20:40:04.131+0000] {processor.py:208} INFO - Processing /opt/airflow/dags/04_parallel_weather.py took 0.071 seconds
[2026-09-07T20:40:34.702+0000] {processor.py:186} INFO - Started process (PID=892) to work on /opt/airflow/dags/04_parallel_weather.py
[2026-09-07T20:40:34.703+0000] {processor.py:914} INFO - Processing file /opt/airflow/dags/04_parallel_weather.py for tasks to queue
[2026-09-07T20:40:34.704+0000] {logging_mixin.py:190} INFO - [2026-09-07T20:40:34.704+0000] {dagbag.py:588} INFO - Filling up the DagBag from /opt/airflow/dags/04_parallel_weather.py
[2026-09-07T20:40:34.721+0000] {processor.py:925} INFO - DAG(s) 'parallel_weather_dag' retrieved from /opt/airflow/dags/04_parallel_weather.py
[2026-09-07T20:40:34.749+0000] {logging_mixin.py:190} INFO - [2026-09-07T20:40:34.748+0000] {dag.py:3239} INFO - Sync 1 DAGs
[2026-09-07T20:40:34.762+0000] {logging_mixin.py:190} INFO - [2026-09-07T20:40:34.762+0000] {dag.py:4180} INFO - Setting next_dagrun for parallel_weather_dag to None, run_after=None
[2026-09-07T20:40:34.783+0000] {processor.py:208} INFO - Processing /opt/airflow/dags/04_parallel_weather.py took 0.089 seconds
[2026-09-07T20:41:05.315+0000] {processor.py:186} INFO - Started process (PID=906) to work on /opt/airflow/dags/04_parallel_weather.py
[2026-09-07T20:41:05.316+0000] {processor.py:914} INFO - Processing file /opt/airflow/dags/04_parallel_weather.py for tasks to queue
[2026-09-07T20:41:05.317+0000] {logging_mixin.py:190} INFO - [2026-09-07T20:41:05.317+0000] {dagbag.py:588} INFO - Filling up the DagBag from /opt/airflow/dags/04_parallel_weather.py
[2026-09-07T20:41:05.333+0000] {processor.py:925} INFO - DAG(s) 'parallel_weather_dag' retrieved from /opt/airflow/dags/04_parallel_weather.py
[2026-09-07T20:41:05.358+0000] {logging_mixin.py:190} INFO - [2026-09-07T20:41:05.358+0000] {dag.py:3239} INFO - Sync 1 DAGs
[2026-09-07T20:41:05.370+0000] {logging_mixin.py:190} INFO - [2026-09-07T20:41:05.370+0000] {dag.py:4180} INFO - Setting next_dagrun for parallel_weather_dag to None, run_after=None
[2026-09-07T20:41:05.390+0000] {processor.py:208} INFO - Processing /opt/airflow/dags/04_parallel_weather.py took 0.082 seconds
[2026-09-07T20:41:35.865+0000] {processor.py:186} INFO - Started process (PID=920) to work on /opt/airflow/dags/04_parallel_weather.py
[2026-09-07T20:41:35.865+0000] {processor.py:914} INFO - Processing file /opt/airflow/dags/04_parallel_weather.py for tasks to queue
[2026-09-07T20:41:35.867+0000] {logging_mixin.py:190} INFO - [2026-09-07T20:41:35.867+0000] {dagbag.py:588} INFO - Filling up the DagBag from /opt/airflow/dags/04_parallel_weather.py
[2026-09-07T20:41:35.886+0000] {processor.py:925} INFO - DAG(s) 'parallel_weather_dag' retrieved from /opt/airflow/dags/04_parallel_weather.py
[2026-09-07T20:41:35.915+0000] {logging_mixin.py:190} INFO - [2026-09-07T20:41:35.914+0000] {dag.py:3239} INFO - Sync 1 DAGs
[2026-09-07T20:41:35.931+0000] {logging_mixin.py:190} INFO - [2026-09-07T20:41:35.931+0000] {dag.py:4180} INFO - Setting next_dagrun for parallel_weather_dag to None, run_after=None
[2026-09-07T20:41:35.956+0000] {processor.py:208} INFO - Processing /opt/airflow/dags/04_parallel_weather.py took 0.097 seconds
[2026-09-07T20:42:06.451+0000] {processor.py:186} INFO - Started process (PID=934) to work on /opt/airflow/dags/04_parallel_weather.py
[2026-09-07T20:42:06.451+0000] {processor.py:914} INFO - Processing file /opt/airflow/dags/04_parallel_weather.py for tasks to queue
[2026-09-07T20:42:06.452+0000] {logging_mixin.py:190} INFO - [2026-09-07T20:42:06.452+0000] {dagbag.py:588} INFO - Filling up the DagBag from /opt/airflow/dags/04_parallel_weather.py
[2026-09-07T20:42:06.466+0000] {processor.py:925} INFO - DAG(s) 'parallel_weather_dag' retrieved from /opt/airflow/dags/04_parallel_weather.py
[2026-09-07T20:42:06.489+0000] {logging_mixin.py:190} INFO - [2026-09-07T20:42:06.489+0000] {dag.py:3239} INFO - Sync 1 DAGs
[2026-09-07T20:42:06.501+0000] {logging_mixin.py:190} INFO - [2026-09-07T20:42:06.500+0000] {dag.py:4180} INFO - Setting next_dagrun for parallel_weather_dag to None, run_after=None
[2026-09-07T20:42:06.518+0000] {processor.py:208} INFO - Processing /opt/airflow/dags/04_parallel_weather.py took 0.073 seconds
[2026-09-07T20:42:37.004+0000] {processor.py:186} INFO - Started process (PID=948) to work on /opt/airflow/dags/04_parallel_weather.py
[2026-09-07T20:42:37.004+0000] {processor.py:914} INFO - Processing file /opt/airflow/dags/04_parallel_weather.py for tasks to queue
[2026-09-07T20:42:37.006+0000] {logging_mixin.py:190} INFO - [2026-09-07T20:42:37.006+0000] {dagbag.py:588} INFO - Filling up the DagBag from /opt/airflow/dags/04_parallel_weather.py
[2026-09-07T20:42:37.020+0000] {processor.py:925} INFO - DAG(s) 'parallel_weather_dag' retrieved from /opt/airflow/dags/04_parallel_weather.py
[2026-09-07T20:42:37.046+0000] {logging_mixin.py:190} INFO - [2026-09-07T20:42:37.046+0000] {dag.py:3239} INFO - Sync 1 DAGs
[2026-09-07T20:42:37.062+0000] {logging_mixin.py:190} INFO - [2026-09-07T20:42:37.061+0000] {dag.py:4180} INFO - Setting next_dagrun for parallel_weather_dag to None, run_after=None
[2026-09-07T20:42:37.080+0000] {processor.py:208} INFO - Processing /opt/airflow/dags/04_parallel_weather.py took 0.082 seconds
[2026-09-07T20:43:07.792+0000] {processor.py:186} INFO - Started process (PID=962) to work on /opt/airflow/dags/04_parallel_weather.py
[2026-09-07T20:43:07.793+0000] {processor.py:914} INFO - Processing file /opt/airflow/dags/04_parallel_weather.py for tasks to queue
[2026-09-07T20:43:07.794+0000] {logging_mixin.py:190} INFO - [2026-09-07T20:43:07.794+0000] {dagbag.py:588} INFO - Filling up the DagBag from /opt/airflow/dags/04_parallel_weather.py
[2026-09-07T20:43:07.809+0000] {processor.py:925} INFO - DAG(s) 'parallel_weather_dag' retrieved from /opt/airflow/dags/04_parallel_weather.py
[2026-09-07T20:43:07.834+0000] {logging_mixin.py:190} INFO - [2026-09-07T20:43:07.833+0000] {dag.py:3239} INFO - Sync 1 DAGs
[2026-09-07T20:43:07.847+0000] {logging_mixin.py:190} INFO - [2026-09-07T20:43:07.847+0000] {dag.py:4180} INFO - Setting next_dagrun for parallel_weather_dag to None, run_after=None
[2026-09-07T20:43:07.868+0000] {processor.py:208} INFO - Processing /opt/airflow/dags/04_parallel_weather.py took 0.082 seconds
[2026-09-07T20:43:37.958+0000] {processor.py:186} INFO - Started process (PID=976) to work on /opt/airflow/dags/04_parallel_weather.py
[2026-09-07T20:43:37.958+0000] {processor.py:914} INFO - Processing file /opt/airflow/dags/04_parallel_weather.py for tasks to queue
[2026-09-07T20:43:37.960+0000] {logging_mixin.py:190} INFO - [2026-09-07T20:43:37.959+0000] {dagbag.py:588} INFO - Filling up the DagBag from /opt/airflow/dags/04_parallel_weather.py
[2026-09-07T20:43:37.972+0000] {processor.py:925} INFO - DAG(s) 'parallel_weather_dag' retrieved from /opt/airflow/dags/04_parallel_weather.py
[2026-09-07T20:43:37.994+0000] {logging_mixin.py:190} INFO - [2026-09-07T20:43:37.994+0000] {dag.py:3239} INFO - Sync 1 DAGs
[2026-09-07T20:43:38.006+0000] {logging_mixin.py:190} INFO - [2026-09-07T20:43:38.006+0000] {dag.py:4180} INFO - Setting next_dagrun for parallel_weather_dag to None, run_after=None
[2026-09-07T20:43:38.023+0000] {processor.py:208} INFO - Processing /opt/airflow/dags/04_parallel_weather.py took 0.071 seconds
[2026-09-07T20:44:08.699+0000] {processor.py:186} INFO - Started process (PID=990) to work on /opt/airflow/dags/04_parallel_weather.py
[2026-09-07T20:44:08.700+0000] {processor.py:914} INFO - Processing file /opt/airflow/dags/04_parallel_weather.py for tasks to queue
[2026-09-07T20:44:08.701+0000] {logging_mixin.py:190} INFO - [2026-09-07T20:44:08.700+0000] {dagbag.py:588} INFO - Filling up the DagBag from /opt/airflow/dags/04_parallel_weather.py
[2026-09-07T20:44:08.716+0000] {processor.py:925} INFO - DAG(s) 'parallel_weather_dag' retrieved from /opt/airflow/dags/04_parallel_weather.py
[2026-09-07T20:44:08.739+0000] {logging_mixin.py:190} INFO - [2026-09-07T20:44:08.739+0000] {dag.py:3239} INFO - Sync 1 DAGs
[2026-09-07T20:44:08.753+0000] {logging_mixin.py:190} INFO - [2026-09-07T20:44:08.752+0000] {dag.py:4180} INFO - Setting next_dagrun for parallel_weather_dag to None, run_after=None
[2026-09-07T20:44:08.782+0000] {processor.py:208} INFO - Processing /opt/airflow/dags/04_parallel_weather.py took 0.088 seconds
[2026-09-07T20:44:39.286+0000] {processor.py:186} INFO - Started process (PID=1004) to work on /opt/airflow/dags/04_parallel_weather.py
[2026-09-07T20:44:39.287+0000] {processor.py:914} INFO - Processing file /opt/airflow/dags/04_parallel_weather.py for tasks to queue
[2026-09-07T20:44:39.288+0000] {logging_mixin.py:190} INFO - [2026-09-07T20:44:39.288+0000] {dagbag.py:588} INFO - Filling up the DagBag from /opt/airflow/dags/04_parallel_weather.py
[2026-09-07T20:44:39.304+0000] {processor.py:925} INFO - DAG(s) 'parallel_weather_dag' retrieved from /opt/airflow/dags/04_parallel_weather.py
[2026-09-07T20:44:39.334+0000] {logging_mixin.py:190} INFO - [2026-09-07T20:44:39.334+0000] {dag.py:3239} INFO - Sync 1 DAGs
[2026-09-07T20:44:39.348+0000] {logging_mixin.py:190} INFO - [2026-09-07T20:44:39.348+0000] {dag.py:4180} INFO - Setting next_dagrun for parallel_weather_dag to None, run_after=None
[2026-09-07T20:44:39.368+0000] {processor.py:208} INFO - Processing /opt/airflow/dags/04_parallel_weather.py took 0.088 seconds
[2026-09-07T20:45:09.907+0000] {processor.py:186} INFO - Started process (PID=1019) to work on /opt/airflow/dags/04_parallel_weather.py
[2026-09-07T20:45:09.908+0000] {processor.py:914} INFO - Processing file /opt/airflow/dags/04_parallel_weather.py for tasks to queue
[2026-09-07T20:45:09.909+0000] {logging_mixin.py:190} INFO - [2026-09-07T20:45:09.909+0000] {dagbag.py:588} INFO - Filling up the DagBag from /opt/airflow/dags/04_parallel_weather.py
[2026-09-07T20:45:09.923+0000] {processor.py:925} INFO - DAG(s) 'parallel_weather_dag' retrieved from /opt/airflow/dags/04_parallel_weather.py
[2026-09-07T20:45:09.945+0000] {logging_mixin.py:190} INFO - [2026-09-07T20:45:09.945+0000] {dag.py:3239} INFO - Sync 1 DAGs
[2026-09-07T20:45:09.956+0000] {logging_mixin.py:190} INFO - [2026-09-07T20:45:09.956+0000] {dag.py:4180} INFO - Setting next_dagrun for parallel_weather_dag to None, run_after=None
[2026-09-07T20:45:09.975+0000] {processor.py:208} INFO - Processing /opt/airflow/dags/04_parallel_weather.py took 0.074 seconds
[2026-09-07T20:45:40.570+0000] {processor.py:186} INFO - Started process (PID=1033) to work on /opt/airflow/dags/04_parallel_weather.py
[2026-09-07T20:45:40.571+0000] {processor.py:914} INFO - Processing file /opt/airflow/dags/04_parallel_weather.py for tasks to queue
[2026-09-07T20:45:40.573+0000] {logging_mixin.py:190} INFO - [2026-09-07T20:45:40.573+0000] {dagbag.py:588} INFO - Filling up the DagBag from /opt/airflow/dags/04_parallel_weather.py
[2026-09-07T20:45:40.602+0000] {processor.py:925} INFO - DAG(s) 'parallel_weather_dag' retrieved from /opt/airflow/dags/04_parallel_weather.py
[2026-09-07T20:45:40.632+0000] {logging_mixin.py:190} INFO - [2026-09-07T20:45:40.632+0000] {dag.py:3239} INFO - Sync 1 DAGs
[2026-09-07T20:45:40.645+0000] {logging_mixin.py:190} INFO - [2026-09-07T20:45:40.645+0000] {dag.py:4180} INFO - Setting next_dagrun for parallel_weather_dag to None, run_after=None
[2026-09-07T20:45:40.666+0000] {processor.py:208} INFO - Processing /opt/airflow/dags/04_parallel_weather.py took 0.104 seconds
[2026-09-07T20:46:11.702+0000] {processor.py:186} INFO - Started process (PID=1047) to work on /opt/airflow/dags/04_parallel_weather.py
[2026-09-07T20:46:11.703+0000] {processor.py:914} INFO - Processing file /opt/airflow/dags/04_parallel_weather.py for tasks to queue
[2026-09-07T20:46:11.704+0000] {logging_mixin.py:190} INFO - [2026-09-07T20:46:11.704+0000] {dagbag.py:588} INFO - Filling up the DagBag from /opt/airflow/dags/04_parallel_weather.py
[2026-09-07T20:46:11.720+0000] {processor.py:925} INFO - DAG(s) 'parallel_weather_dag' retrieved from /opt/airflow/dags/04_parallel_weather.py
[2026-09-07T20:46:11.744+0000] {logging_mixin.py:190} INFO - [2026-09-07T20:46:11.744+0000] {dag.py:3239} INFO - Sync 1 DAGs
[2026-09-07T20:46:11.756+0000] {logging_mixin.py:190} INFO - [2026-09-07T20:46:11.755+0000] {dag.py:4180} INFO - Setting next_dagrun for parallel_weather_dag to None, run_after=None
[2026-09-07T20:46:11.774+0000] {processor.py:208} INFO - Processing /opt/airflow/dags/04_parallel_weather.py took 0.077 seconds
[2026-09-07T20:46:42.274+0000] {processor.py:186} INFO - Started process (PID=1061) to work on /opt/airflow/dags/04_parallel_weather.py
[2026-09-07T20:46:42.274+0000] {processor.py:914} INFO - Processing file /opt/airflow/dags/04_parallel_weather.py for tasks to queue
[2026-09-07T20:46:42.276+0000] {logging_mixin.py:190} INFO - [2026-09-07T20:46:42.276+0000] {dagbag.py:588} INFO - Filling up the DagBag from /opt/airflow/dags/04_parallel_weather.py
[2026-09-07T20:46:42.292+0000] {processor.py:925} INFO - DAG(s) 'parallel_weather_dag' retrieved from /opt/airflow/dags/04_parallel_weather.py
[2026-09-07T20:46:42.314+0000] {logging_mixin.py:190} INFO - [2026-09-07T20:46:42.314+0000] {dag.py:3239} INFO - Sync 1 DAGs
[2026-09-07T20:46:42.326+0000] {logging_mixin.py:190} INFO - [2026-09-07T20:46:42.326+0000] {dag.py:4180} INFO - Setting next_dagrun for parallel_weather_dag to None, run_after=None
[2026-09-07T20:46:42.346+0000] {processor.py:208} INFO - Processing /opt/airflow/dags/04_parallel_weather.py took 0.077 seconds
[2026-09-07T20:47:12.911+0000] {processor.py:186} INFO - Started process (PID=1075) to work on /opt/airflow/dags/04_parallel_weather.py
[2026-09-07T20:47:12.912+0000] {processor.py:914} INFO - Processing file /opt/airflow/dags/04_parallel_weather.py for tasks to queue
[2026-09-07T20:47:12.913+0000] {logging_mixin.py:190} INFO - [2026-09-07T20:47:12.912+0000] {dagbag.py:588} INFO - Filling up the DagBag from /opt/airflow/dags/04_parallel_weather.py
[2026-09-07T20:47:12.925+0000] {processor.py:925} INFO - DAG(s) 'parallel_weather_dag' retrieved from /opt/airflow/dags/04_parallel_weather.py
[2026-09-07T20:47:12.948+0000] {logging_mixin.py:190} INFO - [2026-09-07T20:47:12.948+0000] {dag.py:3239} INFO - Sync 1 DAGs
[2026-09-07T20:47:12.963+0000] {logging_mixin.py:190} INFO - [2026-09-07T20:47:12.963+0000] {dag.py:4180} INFO - Setting next_dagrun for parallel_weather_dag to None, run_after=None
[2026-09-07T20:47:12.982+0000] {processor.py:208} INFO - Processing /opt/airflow/dags/04_parallel_weather.py took 0.077 seconds
[2026-09-07T20:47:43.572+0000] {processor.py:186} INFO - Started process (PID=1089) to work on /opt/airflow/dags/04_parallel_weather.py
[2026-09-07T20:47:43.572+0000] {processor.py:914} INFO - Processing file /opt/airflow/dags/04_parallel_weather.py for tasks to queue
[2026-09-07T20:47:43.573+0000] {logging_mixin.py:190} INFO - [2026-09-07T20:47:43.573+0000] {dagbag.py:588} INFO - Filling up the DagBag from /opt/airflow/dags/04_parallel_weather.py
[2026-09-07T20:47:43.588+0000] {processor.py:925} INFO - DAG(s) 'parallel_weather_dag' retrieved from /opt/airflow/dags/04_parallel_weather.py
[2026-09-07T20:47:43.609+0000] {logging_mixin.py:190} INFO - [2026-09-07T20:47:43.609+0000] {dag.py:3239} INFO - Sync 1 DAGs
[2026-09-07T20:47:43.621+0000] {logging_mixin.py:190} INFO - [2026-09-07T20:47:43.621+0000] {dag.py:4180} INFO - Setting next_dagrun for parallel_weather_dag to None, run_after=None
[2026-09-07T20:47:43.640+0000] {processor.py:208} INFO - Processing /opt/airflow/dags/04_parallel_weather.py took 0.073 seconds
[2026-09-07T20:48:14.136+0000] {processor.py:186} INFO - Started process (PID=1103) to work on /opt/airflow/dags/04_parallel_weather.py
[2026-09-07T20:48:14.137+0000] {processor.py:914} INFO - Processing file /opt/airflow/dags/04_parallel_weather.py for tasks to queue
[2026-09-07T20:48:14.140+0000] {logging_mixin.py:190} INFO - [2026-09-07T20:48:14.139+0000] {dagbag.py:588} INFO - Filling up the DagBag from /opt/airflow/dags/04_parallel_weather.py
[2026-09-07T20:48:14.165+0000] {processor.py:925} INFO - DAG(s) 'parallel_weather_dag' retrieved from /opt/airflow/dags/04_parallel_weather.py
[2026-09-07T20:48:14.188+0000] {logging_mixin.py:190} INFO - [2026-09-07T20:48:14.187+0000] {dag.py:3239} INFO - Sync 1 DAGs
[2026-09-07T20:48:14.200+0000] {logging_mixin.py:190} INFO - [2026-09-07T20:48:14.200+0000] {dag.py:4180} INFO - Setting next_dagrun for parallel_weather_dag to None, run_after=None
[2026-09-07T20:48:14.220+0000] {processor.py:208} INFO - Processing /opt/airflow/dags/04_parallel_weather.py took 0.091 seconds
[2026-09-07T20:48:44.733+0000] {processor.py:186} INFO - Started process (PID=1117) to work on /opt/airflow/dags/04_parallel_weather.py
[2026-09-07T20:48:44.734+0000] {processor.py:914} INFO - Processing file /opt/airflow/dags/04_parallel_weather.py for tasks to queue
[2026-09-07T20:48:44.735+0000] {logging_mixin.py:190} INFO - [2026-09-07T20:48:44.735+0000] {dagbag.py:588} INFO - Filling up the DagBag from /opt/airflow/dags/04_parallel_weather.py
[2026-09-07T20:48:44.752+0000] {processor.py:925} INFO - DAG(s) 'parallel_weather_dag' retrieved from /opt/airflow/dags/04_parallel_weather.py
[2026-09-07T20:48:44.781+0000] {logging_mixin.py:190} INFO - [2026-09-07T20:48:44.781+0000] {dag.py:3239} INFO - Sync 1 DAGs
[2026-09-07T20:48:44.794+0000] {logging_mixin.py:190} INFO - [2026-09-07T20:48:44.794+0000] {dag.py:4180} INFO - Setting next_dagrun for parallel_weather_dag to None, run_after=None
[2026-09-07T20:48:44.810+0000] {processor.py:208} INFO - Processing /opt/airflow/dags/04_parallel_weather.py took 0.083 seconds
[2026-09-07T20:49:15.244+0000] {processor.py:186} INFO - Started process (PID=1131) to work on /opt/airflow/dags/04_parallel_weather.py
[2026-09-07T20:49:15.244+0000] {processor.py:914} INFO - Processing file /opt/airflow/dags/04_parallel_weather.py for tasks to queue
[2026-09-07T20:49:15.245+0000] {logging_mixin.py:190} INFO - [2026-09-07T20:49:15.245+0000] {dagbag.py:588} INFO - Filling up the DagBag from /opt/airflow/dags/04_parallel_weather.py
[2026-09-07T20:49:15.261+0000] {processor.py:925} INFO - DAG(s) 'parallel_weather_dag' retrieved from /opt/airflow/dags/04_parallel_weather.py
[2026-09-07T20:49:15.285+0000] {logging_mixin.py:190} INFO - [2026-09-07T20:49:15.285+0000] {dag.py:3239} INFO - Sync 1 DAGs
[2026-09-07T20:49:15.297+0000] {logging_mixin.py:190} INFO - [2026-09-07T20:49:15.297+0000] {dag.py:4180} INFO - Setting next_dagrun for parallel_weather_dag to None, run_after=None
[2026-09-07T20:49:15.315+0000] {processor.py:208} INFO - Processing /opt/airflow/dags/04_parallel_weather.py took 0.078 seconds
[2026-09-07T20:49:45.934+0000] {processor.py:186} INFO - Started process (PID=1145) to work on /opt/airflow/dags/04_parallel_weather.py
[2026-09-07T20:49:45.934+0000] {processor.py:914} INFO - Processing file /opt/airflow/dags/04_parallel_weather.py for tasks to queue
[2026-09-07T20:49:45.936+0000] {logging_mixin.py:190} INFO - [2026-09-07T20:49:45.936+0000] {dagbag.py:588} INFO - Filling up the DagBag from /opt/airflow/dags/04_parallel_weather.py
[2026-09-07T20:49:45.949+0000] {processor.py:925} INFO - DAG(s) 'parallel_weather_dag' retrieved from /opt/airflow/dags/04_parallel_weather.py
[2026-09-07T20:49:45.969+0000] {logging_mixin.py:190} INFO - [2026-09-07T20:49:45.969+0000] {dag.py:3239} INFO - Sync 1 DAGs
[2026-09-07T20:49:45.982+0000] {logging_mixin.py:190} INFO - [2026-09-07T20:49:45.982+0000] {dag.py:4180} INFO - Setting next_dagrun for parallel_weather_dag to None, run_after=None
[2026-09-07T20:49:46.001+0000] {processor.py:208} INFO - Processing /opt/airflow/dags/04_parallel_weather.py took 0.072 seconds
[2026-09-07T20:50:16.655+0000] {processor.py:186} INFO - Started process (PID=1159) to work on /opt/airflow/dags/04_parallel_weather.py
[2026-09-07T20:50:16.655+0000] {processor.py:914} INFO - Processing file /opt/airflow/dags/04_parallel_weather.py for tasks to queue
[2026-09-07T20:50:16.657+0000] {logging_mixin.py:190} INFO - [2026-09-07T20:50:16.657+0000] {dagbag.py:588} INFO - Filling up the DagBag from /opt/airflow/dags/04_parallel_weather.py
[2026-09-07T20:50:16.671+0000] {processor.py:925} INFO - DAG(s) 'parallel_weather_dag' retrieved from /opt/airflow/dags/04_parallel_weather.py
[2026-09-07T20:50:16.695+0000] {logging_mixin.py:190} INFO - [2026-09-07T20:50:16.695+0000] {dag.py:3239} INFO - Sync 1 DAGs
[2026-09-07T20:50:16.708+0000] {logging_mixin.py:190} INFO - [2026-09-07T20:50:16.707+0000] {dag.py:4180} INFO - Setting next_dagrun for parallel_weather_dag to None, run_after=None
[2026-09-07T20:50:16.736+0000] {processor.py:208} INFO - Processing /opt/airflow/dags/04_parallel_weather.py took 0.087 seconds
[2026-09-07T20:50:46.784+0000] {processor.py:186} INFO - Started process (PID=1173) to work on /opt/airflow/dags/04_parallel_weather.py
[2026-09-07T20:50:46.784+0000] {processor.py:914} INFO - Processing file /opt/airflow/dags/04_parallel_weather.py for tasks to queue
[2026-09-07T20:50:46.786+0000] {logging_mixin.py:190} INFO - [2026-09-07T20:50:46.785+0000] {dagbag.py:588} INFO - Filling up the DagBag from /opt/airflow/dags/04_parallel_weather.py
[2026-09-07T20:50:46.802+0000] {processor.py:925} INFO - DAG(s) 'parallel_weather_dag' retrieved from /opt/airflow/dags/04_parallel_weather.py
[2026-09-07T20:50:46.826+0000] {logging_mixin.py:190} INFO - [2026-09-07T20:50:46.826+0000] {dag.py:3239} INFO - Sync 1 DAGs
[2026-09-07T20:50:46.842+0000] {logging_mixin.py:190} INFO - [2026-09-07T20:50:46.841+0000] {dag.py:4180} INFO - Setting next_dagrun for parallel_weather_dag to None, run_after=None
[2026-09-07T20:50:46.862+0000] {processor.py:208} INFO - Processing /opt/airflow/dags/04_parallel_weather.py took 0.083 seconds
[2026-09-07T20:51:17.395+0000] {processor.py:186} INFO - Started process (PID=1187) to work on /opt/airflow/dags/04_parallel_weather.py
[2026-09-07T20:51:17.397+0000] {processor.py:914} INFO - Processing file /opt/airflow/dags/04_parallel_weather.py for tasks to queue
[2026-09-07T20:51:17.401+0000] {logging_mixin.py:190} INFO - [2026-09-07T20:51:17.401+0000] {dagbag.py:588} INFO - Filling up the DagBag from /opt/airflow/dags/04_parallel_weather.py
[2026-09-07T20:51:17.423+0000] {processor.py:925} INFO - DAG(s) 'parallel_weather_dag' retrieved from /opt/airflow/dags/04_parallel_weather.py
[2026-09-07T20:51:17.444+0000] {logging_mixin.py:190} INFO - [2026-09-07T20:51:17.443+0000] {dag.py:3239} INFO - Sync 1 DAGs
[2026-09-07T20:51:17.454+0000] {logging_mixin.py:190} INFO - [2026-09-07T20:51:17.454+0000] {dag.py:4180} INFO - Setting next_dagrun for parallel_weather_dag to None, run_after=None
[2026-09-07T20:51:17.474+0000] {processor.py:208} INFO - Processing /opt/airflow/dags/04_parallel_weather.py took 0.086 seconds
[2026-09-07T20:51:48.064+0000] {processor.py:186} INFO - Started process (PID=1201) to work on /opt/airflow/dags/04_parallel_weather.py
[2026-09-07T20:51:48.065+0000] {processor.py:914} INFO - Processing file /opt/airflow/dags/04_parallel_weather.py for tasks to queue
[2026-09-07T20:51:48.066+0000] {logging_mixin.py:190} INFO - [2026-09-07T20:51:48.066+0000] {dagbag.py:588} INFO - Filling up the DagBag from /opt/airflow/dags/04_parallel_weather.py
[2026-09-07T20:51:48.086+0000] {processor.py:925} INFO - DAG(s) 'parallel_weather_dag' retrieved from /opt/airflow/dags/04_parallel_weather.py
[2026-09-07T20:51:48.116+0000] {logging_mixin.py:190} INFO - [2026-09-07T20:51:48.116+0000] {dag.py:3239} INFO - Sync 1 DAGs
[2026-09-07T20:51:48.129+0000] {logging_mixin.py:190} INFO - [2026-09-07T20:51:48.129+0000] {dag.py:4180} INFO - Setting next_dagrun for parallel_weather_dag to None, run_after=None
[2026-09-07T20:51:48.149+0000] {processor.py:208} INFO - Processing /opt/airflow/dags/04_parallel_weather.py took 0.090 seconds
[2026-09-07T20:52:18.728+0000] {processor.py:186} INFO - Started process (PID=1215) to work on /opt/airflow/dags/04_parallel_weather.py
[2026-09-07T20:52:18.729+0000] {processor.py:914} INFO - Processing file /opt/airflow/dags/04_parallel_weather.py for tasks to queue
[2026-09-07T20:52:18.730+0000] {logging_mixin.py:190} INFO - [2026-09-07T20:52:18.730+0000] {dagbag.py:588} INFO - Filling up the DagBag from /opt/airflow/dags/04_parallel_weather.py
[2026-09-07T20:52:18.745+0000] {processor.py:925} INFO - DAG(s) 'parallel_weather_dag' retrieved from /opt/airflow/dags/04_parallel_weather.py
[2026-09-07T20:52:18.768+0000] {logging_mixin.py:190} INFO - [2026-09-07T20:52:18.768+0000] {dag.py:3239} INFO - Sync 1 DAGs
[2026-09-07T20:52:18.783+0000] {logging_mixin.py:190} INFO - [2026-09-07T20:52:18.783+0000] {dag.py:4180} INFO - Setting next_dagrun for parallel_weather_dag to None, run_after=None
[2026-09-07T20:52:18.801+0000] {processor.py:208} INFO - Processing /opt/airflow/dags/04_parallel_weather.py took 0.079 seconds
[2026-09-07T20:52:49.334+0000] {processor.py:186} INFO - Started process (PID=1229) to work on /opt/airflow/dags/04_parallel_weather.py
[2026-09-07T20:52:49.334+0000] {processor.py:914} INFO - Processing file /opt/airflow/dags/04_parallel_weather.py for tasks to queue
[2026-09-07T20:52:49.335+0000] {logging_mixin.py:190} INFO - [2026-09-07T20:52:49.335+0000] {dagbag.py:588} INFO - Filling up the DagBag from /opt/airflow/dags/04_parallel_weather.py
[2026-09-07T20:52:49.347+0000] {processor.py:925} INFO - DAG(s) 'parallel_weather_dag' retrieved from /opt/airflow/dags/04_parallel_weather.py
[2026-09-07T20:52:49.369+0000] {logging_mixin.py:190} INFO - [2026-09-07T20:52:49.369+0000] {dag.py:3239} INFO - Sync 1 DAGs
[2026-09-07T20:52:49.382+0000] {logging_mixin.py:190} INFO - [2026-09-07T20:52:49.382+0000] {dag.py:4180} INFO - Setting next_dagrun for parallel_weather_dag to None, run_after=None
[2026-09-07T20:52:49.400+0000] {processor.py:208} INFO - Processing /opt/airflow/dags/04_parallel_weather.py took 0.072 seconds
[2026-09-07T20:53:20.002+0000] {processor.py:186} INFO - Started process (PID=1243) to work on /opt/airflow/dags/04_parallel_weather.py
[2026-09-07T20:53:20.002+0000] {processor.py:914} INFO - Processing file /opt/airflow/dags/04_parallel_weather.py for tasks to queue
[2026-09-07T20:53:20.004+0000] {logging_mixin.py:190} INFO - [2026-09-07T20:53:20.003+0000] {dagbag.py:588} INFO - Filling up the DagBag from /opt/airflow/dags/04_parallel_weather.py
[2026-09-07T20:53:20.020+0000] {processor.py:925} INFO - DAG(s) 'parallel_weather_dag' retrieved from /opt/airflow/dags/04_parallel_weather.py
[2026-09-07T20:53:20.045+0000] {logging_mixin.py:190} INFO - [2026-09-07T20:53:20.044+0000] {dag.py:3239} INFO - Sync 1 DAGs
[2026-09-07T20:53:20.058+0000] {logging_mixin.py:190} INFO - [2026-09-07T20:53:20.057+0000] {dag.py:4180} INFO - Setting next_dagrun for parallel_weather_dag to None, run_after=None
[2026-09-07T20:53:20.077+0000] {processor.py:208} INFO - Processing /opt/airflow/dags/04_parallel_weather.py took 0.080 seconds
[2026-09-07T20:53:50.606+0000] {processor.py:186} INFO - Started process (PID=1257) to work on /opt/airflow/dags/04_parallel_weather.py
[2026-09-07T20:53:50.606+0000] {processor.py:914} INFO - Processing file /opt/airflow/dags/04_parallel_weather.py for tasks to queue
[2026-09-07T20:53:50.608+0000] {logging_mixin.py:190} INFO - [2026-09-07T20:53:50.607+0000] {dagbag.py:588} INFO - Filling up the DagBag from /opt/airflow/dags/04_parallel_weather.py
[2026-09-07T20:53:50.623+0000] {processor.py:925} INFO - DAG(s) 'parallel_weather_dag' retrieved from /opt/airflow/dags/04_parallel_weather.py
[2026-09-07T20:53:50.648+0000] {logging_mixin.py:190} INFO - [2026-09-07T20:53:50.648+0000] {dag.py:3239} INFO - Sync 1 DAGs
[2026-09-07T20:53:50.664+0000] {logging_mixin.py:190} INFO - [2026-09-07T20:53:50.664+0000] {dag.py:4180} INFO - Setting next_dagrun for parallel_weather_dag to None, run_after=None
[2026-09-07T20:53:50.683+0000] {processor.py:208} INFO - Processing /opt/airflow/dags/04_parallel_weather.py took 0.086 seconds
[2026-09-07T20:54:21.140+0000] {processor.py:186} INFO - Started process (PID=1271) to work on /opt/airflow/dags/04_parallel_weather.py
[2026-09-07T20:54:21.140+0000] {processor.py:914} INFO - Processing file /opt/airflow/dags/04_parallel_weather.py for tasks to queue
[2026-09-07T20:54:21.141+0000] {logging_mixin.py:190} INFO - [2026-09-07T20:54:21.141+0000] {dagbag.py:588} INFO - Filling up the DagBag from /opt/airflow/dags/04_parallel_weather.py
[2026-09-07T20:54:21.159+0000] {processor.py:925} INFO - DAG(s) 'parallel_weather_dag' retrieved from /opt/airflow/dags/04_parallel_weather.py
[2026-09-07T20:54:21.190+0000] {logging_mixin.py:190} INFO - [2026-09-07T20:54:21.189+0000] {dag.py:3239} INFO - Sync 1 DAGs
[2026-09-07T20:54:21.203+0000] {logging_mixin.py:190} INFO - [2026-09-07T20:54:21.203+0000] {dag.py:4180} INFO - Setting next_dagrun for parallel_weather_dag to None, run_after=None
[2026-09-07T20:54:21.220+0000] {processor.py:208} INFO - Processing /opt/airflow/dags/04_parallel_weather.py took 0.088 seconds
[2026-09-07T20:54:51.815+0000] {processor.py:186} INFO - Started process (PID=1285) to work on /opt/airflow/dags/04_parallel_weather.py
[2026-09-07T20:54:51.816+0000] {processor.py:914} INFO - Processing file /opt/airflow/dags/04_parallel_weather.py for tasks to queue
[2026-09-07T20:54:51.817+0000] {logging_mixin.py:190} INFO - [2026-09-07T20:54:51.817+0000] {dagbag.py:588} INFO - Filling up the DagBag from /opt/airflow/dags/04_parallel_weather.py
[2026-09-07T20:54:51.831+0000] {processor.py:925} INFO - DAG(s) 'parallel_weather_dag' retrieved from /opt/airflow/dags/04_parallel_weather.py
[2026-09-07T20:54:51.859+0000] {logging_mixin.py:190} INFO - [2026-09-07T20:54:51.859+0000] {dag.py:3239} INFO - Sync 1 DAGs
[2026-09-07T20:54:51.872+0000] {logging_mixin.py:190} INFO - [2026-09-07T20:54:51.872+0000] {dag.py:4180} INFO - Setting next_dagrun for parallel_weather_dag to None, run_after=None
[2026-09-07T20:54:51.892+0000] {processor.py:208} INFO - Processing /opt/airflow/dags/04_parallel_weather.py took 0.082 seconds
[2026-09-07T20:55:22.428+0000] {processor.py:186} INFO - Started process (PID=1306) to work on /opt/airflow/dags/04_parallel_weather.py
[2026-09-07T20:55:22.429+0000] {processor.py:914} INFO - Processing file /opt/airflow/dags/04_parallel_weather.py for tasks to queue
[2026-09-07T20:55:22.431+0000] {logging_mixin.py:190} INFO - [2026-09-07T20:55:22.430+0000] {dagbag.py:588} INFO - Filling up the DagBag from /opt/airflow/dags/04_parallel_weather.py
[2026-09-07T20:55:22.451+0000] {processor.py:925} INFO - DAG(s) 'parallel_weather_dag' retrieved from /opt/airflow/dags/04_parallel_weather.py
[2026-09-07T20:55:22.481+0000] {logging_mixin.py:190} INFO - [2026-09-07T20:55:22.481+0000] {dag.py:3239} INFO - Sync 1 DAGs
[2026-09-07T20:55:22.495+0000] {logging_mixin.py:190} INFO - [2026-09-07T20:55:22.495+0000] {dag.py:4180} INFO - Setting next_dagrun for parallel_weather_dag to None, run_after=None
[2026-09-07T20:55:22.512+0000] {processor.py:208} INFO - Processing /opt/airflow/dags/04_parallel_weather.py took 0.091 seconds
[2026-09-07T20:55:53.149+0000] {processor.py:186} INFO - Started process (PID=1320) to work on /opt/airflow/dags/04_parallel_weather.py
[2026-09-07T20:55:53.149+0000] {processor.py:914} INFO - Processing file /opt/airflow/dags/04_parallel_weather.py for tasks to queue
[2026-09-07T20:55:53.150+0000] {logging_mixin.py:190} INFO - [2026-09-07T20:55:53.150+0000] {dagbag.py:588} INFO - Filling up the DagBag from /opt/airflow/dags/04_parallel_weather.py
[2026-09-07T20:55:53.166+0000] {processor.py:925} INFO - DAG(s) 'parallel_weather_dag' retrieved from /opt/airflow/dags/04_parallel_weather.py
[2026-09-07T20:55:53.187+0000] {logging_mixin.py:190} INFO - [2026-09-07T20:55:53.186+0000] {dag.py:3239} INFO - Sync 1 DAGs
[2026-09-07T20:55:53.199+0000] {logging_mixin.py:190} INFO - [2026-09-07T20:55:53.199+0000] {dag.py:4180} INFO - Setting next_dagrun for parallel_weather_dag to None, run_after=None
[2026-09-07T20:55:53.219+0000] {processor.py:208} INFO - Processing /opt/airflow/dags/04_parallel_weather.py took 0.075 seconds
[2026-09-07T20:56:23.692+0000] {processor.py:186} INFO - Started process (PID=1334) to work on /opt/airflow/dags/04_parallel_weather.py
[2026-09-07T20:56:23.693+0000] {processor.py:914} INFO - Processing file /opt/airflow/dags/04_parallel_weather.py for tasks to queue
[2026-09-07T20:56:23.694+0000] {logging_mixin.py:190} INFO - [2026-09-07T20:56:23.693+0000] {dagbag.py:588} INFO - Filling up the DagBag from /opt/airflow/dags/04_parallel_weather.py
[2026-09-07T20:56:23.707+0000] {processor.py:925} INFO - DAG(s) 'parallel_weather_dag' retrieved from /opt/airflow/dags/04_parallel_weather.py
[2026-09-07T20:56:23.733+0000] {logging_mixin.py:190} INFO - [2026-09-07T20:56:23.733+0000] {dag.py:3239} INFO - Sync 1 DAGs
[2026-09-07T20:56:23.745+0000] {logging_mixin.py:190} INFO - [2026-09-07T20:56:23.745+0000] {dag.py:4180} INFO - Setting next_dagrun for parallel_weather_dag to None, run_after=None
[2026-09-07T20:56:23.763+0000] {processor.py:208} INFO - Processing /opt/airflow/dags/04_parallel_weather.py took 0.077 seconds
[2026-09-07T20:56:54.278+0000] {processor.py:186} INFO - Started process (PID=1348) to work on /opt/airflow/dags/04_parallel_weather.py
[2026-09-07T20:56:54.278+0000] {processor.py:914} INFO - Processing file /opt/airflow/dags/04_parallel_weather.py for tasks to queue
[2026-09-07T20:56:54.279+0000] {logging_mixin.py:190} INFO - [2026-09-07T20:56:54.279+0000] {dagbag.py:588} INFO - Filling up the DagBag from /opt/airflow/dags/04_parallel_weather.py
[2026-09-07T20:56:54.295+0000] {processor.py:925} INFO - DAG(s) 'parallel_weather_dag' retrieved from /opt/airflow/dags/04_parallel_weather.py
[2026-09-07T20:56:54.316+0000] {logging_mixin.py:190} INFO - [2026-09-07T20:56:54.316+0000] {dag.py:3239} INFO - Sync 1 DAGs
[2026-09-07T20:56:54.333+0000] {logging_mixin.py:190} INFO - [2026-09-07T20:56:54.333+0000] {dag.py:4180} INFO - Setting next_dagrun for parallel_weather_dag to None, run_after=None
[2026-09-07T20:56:54.354+0000] {processor.py:208} INFO - Processing /opt/airflow/dags/04_parallel_weather.py took 0.083 seconds
[2026-09-07T21:02:09.409+0000] {processor.py:186} INFO - Started process (PID=102) to work on /opt/airflow/dags/04_parallel_weather.py
[2026-09-07T21:02:09.410+0000] {processor.py:914} INFO - Processing file /opt/airflow/dags/04_parallel_weather.py for tasks to queue
[2026-09-07T21:02:09.411+0000] {logging_mixin.py:190} INFO - [2026-09-07T21:02:09.411+0000] {dagbag.py:588} INFO - Filling up the DagBag from /opt/airflow/dags/04_parallel_weather.py
[2026-09-07T21:02:09.426+0000] {processor.py:925} INFO - DAG(s) 'parallel_weather_dag' retrieved from /opt/airflow/dags/04_parallel_weather.py
[2026-09-07T21:02:09.450+0000] {logging_mixin.py:190} INFO - [2026-09-07T21:02:09.450+0000] {dag.py:3239} INFO - Sync 1 DAGs
[2026-09-07T21:02:09.466+0000] {logging_mixin.py:190} INFO - [2026-09-07T21:02:09.465+0000] {dag.py:4180} INFO - Setting next_dagrun for parallel_weather_dag to None, run_after=None
[2026-09-07T21:02:09.486+0000] {processor.py:208} INFO - Processing /opt/airflow/dags/04_parallel_weather.py took 0.082 seconds
[2026-09-07T21:02:40.130+0000] {processor.py:186} INFO - Started process (PID=116) to work on /opt/airflow/dags/04_parallel_weather.py
[2026-09-07T21:02:40.131+0000] {processor.py:914} INFO - Processing file /opt/airflow/dags/04_parallel_weather.py for tasks to queue
[2026-09-07T21:02:40.132+0000] {logging_mixin.py:190} INFO - [2026-09-07T21:02:40.132+0000] {dagbag.py:588} INFO - Filling up the DagBag from /opt/airflow/dags/04_parallel_weather.py
[2026-09-07T21:02:40.147+0000] {processor.py:925} INFO - DAG(s) 'parallel_weather_dag' retrieved from /opt/airflow/dags/04_parallel_weather.py
[2026-09-07T21:02:40.170+0000] {logging_mixin.py:190} INFO - [2026-09-07T21:02:40.170+0000] {dag.py:3239} INFO - Sync 1 DAGs
[2026-09-07T21:02:40.182+0000] {logging_mixin.py:190} INFO - [2026-09-07T21:02:40.182+0000] {dag.py:4180} INFO - Setting next_dagrun for parallel_weather_dag to None, run_after=None
[2026-09-07T21:02:40.198+0000] {processor.py:208} INFO - Processing /opt/airflow/dags/04_parallel_weather.py took 0.073 seconds
[2026-09-07T21:03:10.814+0000] {processor.py:186} INFO - Started process (PID=130) to work on /opt/airflow/dags/04_parallel_weather.py
[2026-09-07T21:03:10.815+0000] {processor.py:914} INFO - Processing file /opt/airflow/dags/04_parallel_weather.py for tasks to queue
[2026-09-07T21:03:10.816+0000] {logging_mixin.py:190} INFO - [2026-09-07T21:03:10.816+0000] {dagbag.py:588} INFO - Filling up the DagBag from /opt/airflow/dags/04_parallel_weather.py
[2026-09-07T21:03:10.835+0000] {processor.py:925} INFO - DAG(s) 'parallel_weather_dag' retrieved from /opt/airflow/dags/04_parallel_weather.py
[2026-09-07T21:03:10.867+0000] {logging_mixin.py:190} INFO - [2026-09-07T21:03:10.867+0000] {dag.py:3239} INFO - Sync 1 DAGs
[2026-09-07T21:03:10.884+0000] {logging_mixin.py:190} INFO - [2026-09-07T21:03:10.884+0000] {dag.py:4180} INFO - Setting next_dagrun for parallel_weather_dag to None, run_after=None
[2026-09-07T21:03:10.907+0000] {processor.py:208} INFO - Processing /opt/airflow/dags/04_parallel_weather.py took 0.099 seconds
[2026-09-07T21:03:41.054+0000] {processor.py:186} INFO - Started process (PID=144) to work on /opt/airflow/dags/04_parallel_weather.py
[2026-09-07T21:03:41.055+0000] {processor.py:914} INFO - Processing file /opt/airflow/dags/04_parallel_weather.py for tasks to queue
[2026-09-07T21:03:41.056+0000] {logging_mixin.py:190} INFO - [2026-09-07T21:03:41.056+0000] {dagbag.py:588} INFO - Filling up the DagBag from /opt/airflow/dags/04_parallel_weather.py
[2026-09-07T21:03:41.072+0000] {processor.py:925} INFO - DAG(s) 'parallel_weather_dag' retrieved from /opt/airflow/dags/04_parallel_weather.py
[2026-09-07T21:03:41.097+0000] {logging_mixin.py:190} INFO - [2026-09-07T21:03:41.096+0000] {dag.py:3239} INFO - Sync 1 DAGs
[2026-09-07T21:03:41.110+0000] {logging_mixin.py:190} INFO - [2026-09-07T21:03:41.110+0000] {dag.py:4180} INFO - Setting next_dagrun for parallel_weather_dag to None, run_after=None
[2026-09-07T21:03:41.127+0000] {processor.py:208} INFO - Processing /opt/airflow/dags/04_parallel_weather.py took 0.078 seconds
[2026-09-07T21:04:12.060+0000] {processor.py:186} INFO - Started process (PID=158) to work on /opt/airflow/dags/04_parallel_weather.py
[2026-09-07T21:04:12.060+0000] {processor.py:914} INFO - Processing file /opt/airflow/dags/04_parallel_weather.py for tasks to queue
[2026-09-07T21:04:12.061+0000] {logging_mixin.py:190} INFO - [2026-09-07T21:04:12.061+0000] {dagbag.py:588} INFO - Filling up the DagBag from /opt/airflow/dags/04_parallel_weather.py
[2026-09-07T21:04:12.076+0000] {processor.py:925} INFO - DAG(s) 'parallel_weather_dag' retrieved from /opt/airflow/dags/04_parallel_weather.py
[2026-09-07T21:04:12.106+0000] {logging_mixin.py:190} INFO - [2026-09-07T21:04:12.106+0000] {dag.py:3239} INFO - Sync 1 DAGs
[2026-09-07T21:04:12.226+0000] {logging_mixin.py:190} INFO - [2026-09-07T21:04:12.226+0000] {dag.py:4180} INFO - Setting next_dagrun for parallel_weather_dag to None, run_after=None
[2026-09-07T21:04:12.242+0000] {processor.py:208} INFO - Processing /opt/airflow/dags/04_parallel_weather.py took 0.187 seconds
[2026-09-07T21:04:43.054+0000] {processor.py:186} INFO - Started process (PID=172) to work on /opt/airflow/dags/04_parallel_weather.py
[2026-09-07T21:04:43.055+0000] {processor.py:914} INFO - Processing file /opt/airflow/dags/04_parallel_weather.py for tasks to queue
[2026-09-07T21:04:43.056+0000] {logging_mixin.py:190} INFO - [2026-09-07T21:04:43.056+0000] {dagbag.py:588} INFO - Filling up the DagBag from /opt/airflow/dags/04_parallel_weather.py
[2026-09-07T21:04:43.069+0000] {processor.py:925} INFO - DAG(s) 'parallel_weather_dag' retrieved from /opt/airflow/dags/04_parallel_weather.py
[2026-09-07T21:04:43.090+0000] {logging_mixin.py:190} INFO - [2026-09-07T21:04:43.089+0000] {dag.py:3239} INFO - Sync 1 DAGs
[2026-09-07T21:04:43.103+0000] {logging_mixin.py:190} INFO - [2026-09-07T21:04:43.103+0000] {dag.py:4180} INFO - Setting next_dagrun for parallel_weather_dag to None, run_after=None
[2026-09-07T21:04:43.122+0000] {processor.py:208} INFO - Processing /opt/airflow/dags/04_parallel_weather.py took 0.072 seconds
[2026-09-07T21:05:13.597+0000] {processor.py:186} INFO - Started process (PID=186) to work on /opt/airflow/dags/04_parallel_weather.py
[2026-09-07T21:05:13.597+0000] {processor.py:914} INFO - Processing file /opt/airflow/dags/04_parallel_weather.py for tasks to queue
[2026-09-07T21:05:13.599+0000] {logging_mixin.py:190} INFO - [2026-09-07T21:05:13.598+0000] {dagbag.py:588} INFO - Filling up the DagBag from /opt/airflow/dags/04_parallel_weather.py
[2026-09-07T21:05:13.613+0000] {processor.py:925} INFO - DAG(s) 'parallel_weather_dag' retrieved from /opt/airflow/dags/04_parallel_weather.py
[2026-09-07T21:05:13.637+0000] {logging_mixin.py:190} INFO - [2026-09-07T21:05:13.637+0000] {dag.py:3239} INFO - Sync 1 DAGs
[2026-09-07T21:05:13.649+0000] {logging_mixin.py:190} INFO - [2026-09-07T21:05:13.649+0000] {dag.py:4180} INFO - Setting next_dagrun for parallel_weather_dag to None, run_after=None
[2026-09-07T21:05:13.666+0000] {processor.py:208} INFO - Processing /opt/airflow/dags/04_parallel_weather.py took 0.074 seconds
[2026-09-07T21:05:44.165+0000] {processor.py:186} INFO - Started process (PID=200) to work on /opt/airflow/dags/04_parallel_weather.py
[2026-09-07T21:05:44.165+0000] {processor.py:914} INFO - Processing file /opt/airflow/dags/04_parallel_weather.py for tasks to queue
[2026-09-07T21:05:44.167+0000] {logging_mixin.py:190} INFO - [2026-09-07T21:05:44.166+0000] {dagbag.py:588} INFO - Filling up the DagBag from /opt/airflow/dags/04_parallel_weather.py
[2026-09-07T21:05:44.180+0000] {processor.py:925} INFO - DAG(s) 'parallel_weather_dag' retrieved from /opt/airflow/dags/04_parallel_weather.py
[2026-09-07T21:05:44.202+0000] {logging_mixin.py:190} INFO - [2026-09-07T21:05:44.202+0000] {dag.py:3239} INFO - Sync 1 DAGs
[2026-09-07T21:05:44.215+0000] {logging_mixin.py:190} INFO - [2026-09-07T21:05:44.215+0000] {dag.py:4180} INFO - Setting next_dagrun for parallel_weather_dag to None, run_after=None
[2026-09-07T21:05:44.232+0000] {processor.py:208} INFO - Processing /opt/airflow/dags/04_parallel_weather.py took 0.072 seconds
[2026-09-07T21:06:14.859+0000] {processor.py:186} INFO - Started process (PID=214) to work on /opt/airflow/dags/04_parallel_weather.py
[2026-09-07T21:06:14.859+0000] {processor.py:914} INFO - Processing file /opt/airflow/dags/04_parallel_weather.py for tasks to queue
[2026-09-07T21:06:14.861+0000] {logging_mixin.py:190} INFO - [2026-09-07T21:06:14.860+0000] {dagbag.py:588} INFO - Filling up the DagBag from /opt/airflow/dags/04_parallel_weather.py
[2026-09-07T21:06:14.880+0000] {processor.py:925} INFO - DAG(s) 'parallel_weather_dag' retrieved from /opt/airflow/dags/04_parallel_weather.py
[2026-09-07T21:06:14.911+0000] {logging_mixin.py:190} INFO - [2026-09-07T21:06:14.911+0000] {dag.py:3239} INFO - Sync 1 DAGs
[2026-09-07T21:06:14.927+0000] {logging_mixin.py:190} INFO - [2026-09-07T21:06:14.927+0000] {dag.py:4180} INFO - Setting next_dagrun for parallel_weather_dag to None, run_after=None
[2026-09-07T21:06:14.949+0000] {processor.py:208} INFO - Processing /opt/airflow/dags/04_parallel_weather.py took 0.097 seconds
[2026-09-07T21:06:45.476+0000] {processor.py:186} INFO - Started process (PID=228) to work on /opt/airflow/dags/04_parallel_weather.py
[2026-09-07T21:06:45.477+0000] {processor.py:914} INFO - Processing file /opt/airflow/dags/04_parallel_weather.py for tasks to queue
[2026-09-07T21:06:45.478+0000] {logging_mixin.py:190} INFO - [2026-09-07T21:06:45.478+0000] {dagbag.py:588} INFO - Filling up the DagBag from /opt/airflow/dags/04_parallel_weather.py
[2026-09-07T21:06:45.492+0000] {processor.py:925} INFO - DAG(s) 'parallel_weather_dag' retrieved from /opt/airflow/dags/04_parallel_weather.py
[2026-09-07T21:06:45.529+0000] {logging_mixin.py:190} INFO - [2026-09-07T21:06:45.528+0000] {dag.py:3239} INFO - Sync 1 DAGs
[2026-09-07T21:06:45.543+0000] {logging_mixin.py:190} INFO - [2026-09-07T21:06:45.543+0000] {dag.py:4180} INFO - Setting next_dagrun for parallel_weather_dag to None, run_after=None
[2026-09-07T21:06:45.563+0000] {processor.py:208} INFO - Processing /opt/airflow/dags/04_parallel_weather.py took 0.091 seconds
[2026-09-07T21:07:16.062+0000] {processor.py:186} INFO - Started process (PID=243) to work on /opt/airflow/dags/04_parallel_weather.py
[2026-09-07T21:07:16.063+0000] {processor.py:914} INFO - Processing file /opt/airflow/dags/04_parallel_weather.py for tasks to queue
[2026-09-07T21:07:16.064+0000] {logging_mixin.py:190} INFO - [2026-09-07T21:07:16.064+0000] {dagbag.py:588} INFO - Filling up the DagBag from /opt/airflow/dags/04_parallel_weather.py
[2026-09-07T21:07:16.084+0000] {processor.py:925} INFO - DAG(s) 'parallel_weather_dag' retrieved from /opt/airflow/dags/04_parallel_weather.py
[2026-09-07T21:07:16.112+0000] {logging_mixin.py:190} INFO - [2026-09-07T21:07:16.112+0000] {dag.py:3239} INFO - Sync 1 DAGs
[2026-09-07T21:07:16.129+0000] {logging_mixin.py:190} INFO - [2026-09-07T21:07:16.129+0000] {dag.py:4180} INFO - Setting next_dagrun for parallel_weather_dag to None, run_after=None
[2026-09-07T21:07:16.151+0000] {processor.py:208} INFO - Processing /opt/airflow/dags/04_parallel_weather.py took 0.099 seconds
[2026-09-07T21:07:46.678+0000] {processor.py:186} INFO - Started process (PID=257) to work on /opt/airflow/dags/04_parallel_weather.py
[2026-09-07T21:07:46.679+0000] {processor.py:914} INFO - Processing file /opt/airflow/dags/04_parallel_weather.py for tasks to queue
[2026-09-07T21:07:46.680+0000] {logging_mixin.py:190} INFO - [2026-09-07T21:07:46.680+0000] {dagbag.py:588} INFO - Filling up the DagBag from /opt/airflow/dags/04_parallel_weather.py
[2026-09-07T21:07:46.697+0000] {processor.py:925} INFO - DAG(s) 'parallel_weather_dag' retrieved from /opt/airflow/dags/04_parallel_weather.py
[2026-09-07T21:07:46.722+0000] {logging_mixin.py:190} INFO - [2026-09-07T21:07:46.721+0000] {dag.py:3239} INFO - Sync 1 DAGs
[2026-09-07T21:07:46.734+0000] {logging_mixin.py:190} INFO - [2026-09-07T21:07:46.734+0000] {dag.py:4180} INFO - Setting next_dagrun for parallel_weather_dag to None, run_after=None
[2026-09-07T21:07:46.765+0000] {processor.py:208} INFO - Processing /opt/airflow/dags/04_parallel_weather.py took 0.092 seconds
[2026-09-07T21:08:17.387+0000] {processor.py:186} INFO - Started process (PID=277) to work on /opt/airflow/dags/04_parallel_weather.py
[2026-09-07T21:08:17.388+0000] {processor.py:914} INFO - Processing file /opt/airflow/dags/04_parallel_weather.py for tasks to queue
[2026-09-07T21:08:17.389+0000] {logging_mixin.py:190} INFO - [2026-09-07T21:08:17.389+0000] {dagbag.py:588} INFO - Filling up the DagBag from /opt/airflow/dags/04_parallel_weather.py
[2026-09-07T21:08:17.408+0000] {processor.py:925} INFO - DAG(s) 'parallel_weather_dag' retrieved from /opt/airflow/dags/04_parallel_weather.py
[2026-09-07T21:08:17.433+0000] {logging_mixin.py:190} INFO - [2026-09-07T21:08:17.432+0000] {dag.py:3239} INFO - Sync 1 DAGs
[2026-09-07T21:08:17.446+0000] {logging_mixin.py:190} INFO - [2026-09-07T21:08:17.446+0000] {dag.py:4180} INFO - Setting next_dagrun for parallel_weather_dag to None, run_after=None
[2026-09-07T21:08:17.466+0000] {processor.py:208} INFO - Processing /opt/airflow/dags/04_parallel_weather.py took 0.085 seconds
[2026-09-07T21:08:47.916+0000] {processor.py:186} INFO - Started process (PID=291) to work on /opt/airflow/dags/04_parallel_weather.py
[2026-09-07T21:08:47.917+0000] {processor.py:914} INFO - Processing file /opt/airflow/dags/04_parallel_weather.py for tasks to queue
[2026-09-07T21:08:47.919+0000] {logging_mixin.py:190} INFO - [2026-09-07T21:08:47.918+0000] {dagbag.py:588} INFO - Filling up the DagBag from /opt/airflow/dags/04_parallel_weather.py
[2026-09-07T21:08:47.943+0000] {processor.py:925} INFO - DAG(s) 'parallel_weather_dag' retrieved from /opt/airflow/dags/04_parallel_weather.py
[2026-09-07T21:08:47.977+0000] {logging_mixin.py:190} INFO - [2026-09-07T21:08:47.976+0000] {dag.py:3239} INFO - Sync 1 DAGs
[2026-09-07T21:08:47.996+0000] {logging_mixin.py:190} INFO - [2026-09-07T21:08:47.996+0000] {dag.py:4180} INFO - Setting next_dagrun for parallel_weather_dag to None, run_after=None
[2026-09-07T21:08:48.022+0000] {processor.py:208} INFO - Processing /opt/airflow/dags/04_parallel_weather.py took 0.113 seconds
