[2026-09-07T12:14:21.890+0000] {processor.py:186} INFO - Started process (PID=105) to work on /opt/airflow/dags/05_etl_weather_postgres.py
[2026-09-07T12:14:21.891+0000] {processor.py:914} INFO - Processing file /opt/airflow/dags/05_etl_weather_postgres.py for tasks to queue
[2026-09-07T12:14:21.893+0000] {logging_mixin.py:190} INFO - [2026-09-07T12:14:21.893+0000] {dagbag.py:588} INFO - Filling up the DagBag from /opt/airflow/dags/05_etl_weather_postgres.py
[2026-09-07T12:14:21.910+0000] {processor.py:925} INFO - DAG(s) 'etl_weather_postgres_dag' retrieved from /opt/airflow/dags/05_etl_weather_postgres.py
[2026-09-07T12:14:21.939+0000] {logging_mixin.py:190} INFO - [2026-09-07T12:14:21.939+0000] {dag.py:3239} INFO - Sync 1 DAGs
[2026-09-07T12:14:21.955+0000] {logging_mixin.py:190} INFO - [2026-09-07T12:14:21.955+0000] {dag.py:4180} INFO - Setting next_dagrun for etl_weather_postgres_dag to None, run_after=None
[2026-09-07T12:14:21.977+0000] {processor.py:208} INFO - Processing /opt/airflow/dags/05_etl_weather_postgres.py took 0.093 seconds
[2026-09-07T12:14:52.908+0000] {processor.py:186} INFO - Started process (PID=118) to work on /opt/airflow/dags/05_etl_weather_postgres.py
[2026-09-07T12:14:52.909+0000] {processor.py:914} INFO - Processing file /opt/airflow/dags/05_etl_weather_postgres.py for tasks to queue
[2026-09-07T12:14:52.911+0000] {logging_mixin.py:190} INFO - [2026-09-07T12:14:52.910+0000] {dagbag.py:588} INFO - Filling up the DagBag from /opt/airflow/dags/05_etl_weather_postgres.py
[2026-09-07T12:14:52.928+0000] {processor.py:925} INFO - DAG(s) 'etl_weather_postgres_dag' retrieved from /opt/airflow/dags/05_etl_weather_postgres.py
[2026-09-07T12:14:52.966+0000] {logging_mixin.py:190} INFO - [2026-09-07T12:14:52.966+0000] {dag.py:3239} INFO - Sync 1 DAGs
[2026-09-07T12:14:52.983+0000] {logging_mixin.py:190} INFO - [2026-09-07T12:14:52.983+0000] {dag.py:4180} INFO - Setting next_dagrun for etl_weather_postgres_dag to None, run_after=None
[2026-09-07T12:14:53.007+0000] {processor.py:208} INFO - Processing /opt/airflow/dags/05_etl_weather_postgres.py took 0.104 seconds
[2026-09-07T12:15:23.652+0000] {processor.py:186} INFO - Started process (PID=132) to work on /opt/airflow/dags/05_etl_weather_postgres.py
[2026-09-07T12:15:23.652+0000] {processor.py:914} INFO - Processing file /opt/airflow/dags/05_etl_weather_postgres.py for tasks to queue
[2026-09-07T12:15:23.654+0000] {logging_mixin.py:190} INFO - [2026-09-07T12:15:23.653+0000] {dagbag.py:588} INFO - Filling up the DagBag from /opt/airflow/dags/05_etl_weather_postgres.py
[2026-09-07T12:15:23.675+0000] {processor.py:925} INFO - DAG(s) 'etl_weather_postgres_dag' retrieved from /opt/airflow/dags/05_etl_weather_postgres.py
[2026-09-07T12:15:23.707+0000] {logging_mixin.py:190} INFO - [2026-09-07T12:15:23.706+0000] {dag.py:3239} INFO - Sync 1 DAGs
[2026-09-07T12:15:23.723+0000] {logging_mixin.py:190} INFO - [2026-09-07T12:15:23.723+0000] {dag.py:4180} INFO - Setting next_dagrun for etl_weather_postgres_dag to None, run_after=None
[2026-09-07T12:15:23.752+0000] {processor.py:208} INFO - Processing /opt/airflow/dags/05_etl_weather_postgres.py took 0.106 seconds
[2026-09-07T12:15:54.372+0000] {processor.py:186} INFO - Started process (PID=146) to work on /opt/airflow/dags/05_etl_weather_postgres.py
[2026-09-07T12:15:54.373+0000] {processor.py:914} INFO - Processing file /opt/airflow/dags/05_etl_weather_postgres.py for tasks to queue
[2026-09-07T12:15:54.374+0000] {logging_mixin.py:190} INFO - [2026-09-07T12:15:54.374+0000] {dagbag.py:588} INFO - Filling up the DagBag from /opt/airflow/dags/05_etl_weather_postgres.py
[2026-09-07T12:15:54.387+0000] {processor.py:925} INFO - DAG(s) 'etl_weather_postgres_dag' retrieved from /opt/airflow/dags/05_etl_weather_postgres.py
[2026-09-07T12:15:54.412+0000] {logging_mixin.py:190} INFO - [2026-09-07T12:15:54.411+0000] {dag.py:3239} INFO - Sync 1 DAGs
[2026-09-07T12:15:54.423+0000] {logging_mixin.py:190} INFO - [2026-09-07T12:15:54.423+0000] {dag.py:4180} INFO - Setting next_dagrun for etl_weather_postgres_dag to None, run_after=None
[2026-09-07T12:15:54.443+0000] {processor.py:208} INFO - Processing /opt/airflow/dags/05_etl_weather_postgres.py took 0.075 seconds
[2026-09-07T12:16:24.533+0000] {processor.py:186} INFO - Started process (PID=159) to work on /opt/airflow/dags/05_etl_weather_postgres.py
[2026-09-07T12:16:24.533+0000] {processor.py:914} INFO - Processing file /opt/airflow/dags/05_etl_weather_postgres.py for tasks to queue
[2026-09-07T12:16:24.534+0000] {logging_mixin.py:190} INFO - [2026-09-07T12:16:24.534+0000] {dagbag.py:588} INFO - Filling up the DagBag from /opt/airflow/dags/05_etl_weather_postgres.py
[2026-09-07T12:16:24.546+0000] {processor.py:925} INFO - DAG(s) 'etl_weather_postgres_dag' retrieved from /opt/airflow/dags/05_etl_weather_postgres.py
[2026-09-07T12:16:24.675+0000] {logging_mixin.py:190} INFO - [2026-09-07T12:16:24.675+0000] {dag.py:3239} INFO - Sync 1 DAGs
[2026-09-07T12:16:24.685+0000] {logging_mixin.py:190} INFO - [2026-09-07T12:16:24.685+0000] {dag.py:4180} INFO - Setting next_dagrun for etl_weather_postgres_dag to None, run_after=None
[2026-09-07T12:16:24.701+0000] {processor.py:208} INFO - Processing /opt/airflow/dags/05_etl_weather_postgres.py took 0.172 seconds
[2026-09-07T12:16:55.579+0000] {processor.py:186} INFO - Started process (PID=174) to work on /opt/airflow/dags/05_etl_weather_postgres.py
[2026-09-07T12:16:55.580+0000] {processor.py:914} INFO - Processing file /opt/airflow/dags/05_etl_weather_postgres.py for tasks to queue
[2026-09-07T12:16:55.581+0000] {logging_mixin.py:190} INFO - [2026-09-07T12:16:55.580+0000] {dagbag.py:588} INFO - Filling up the DagBag from /opt/airflow/dags/05_etl_weather_postgres.py
[2026-09-07T12:16:55.597+0000] {processor.py:925} INFO - DAG(s) 'etl_weather_postgres_dag' retrieved from /opt/airflow/dags/05_etl_weather_postgres.py
[2026-09-07T12:16:55.620+0000] {logging_mixin.py:190} INFO - [2026-09-07T12:16:55.620+0000] {dag.py:3239} INFO - Sync 1 DAGs
[2026-09-07T12:16:55.635+0000] {logging_mixin.py:190} INFO - [2026-09-07T12:16:55.634+0000] {dag.py:4180} INFO - Setting next_dagrun for etl_weather_postgres_dag to None, run_after=None
[2026-09-07T12:16:55.654+0000] {processor.py:208} INFO - Processing /opt/airflow/dags/05_etl_weather_postgres.py took 0.081 seconds
[2026-09-07T12:17:26.232+0000] {processor.py:186} INFO - Started process (PID=188) to work on /opt/airflow/dags/05_etl_weather_postgres.py
[2026-09-07T12:17:26.233+0000] {processor.py:914} INFO - Processing file /opt/airflow/dags/05_etl_weather_postgres.py for tasks to queue
[2026-09-07T12:17:26.234+0000] {logging_mixin.py:190} INFO - [2026-09-07T12:17:26.234+0000] {dagbag.py:588} INFO - Filling up the DagBag from /opt/airflow/dags/05_etl_weather_postgres.py
[2026-09-07T12:17:26.250+0000] {processor.py:925} INFO - DAG(s) 'etl_weather_postgres_dag' retrieved from /opt/airflow/dags/05_etl_weather_postgres.py
[2026-09-07T12:17:26.282+0000] {logging_mixin.py:190} INFO - [2026-09-07T12:17:26.282+0000] {dag.py:3239} INFO - Sync 1 DAGs
[2026-09-07T12:17:26.300+0000] {logging_mixin.py:190} INFO - [2026-09-07T12:17:26.300+0000] {dag.py:4180} INFO - Setting next_dagrun for etl_weather_postgres_dag to None, run_after=None
[2026-09-07T12:17:26.321+0000] {processor.py:208} INFO - Processing /opt/airflow/dags/05_etl_weather_postgres.py took 0.095 seconds
[2026-09-07T12:17:57.089+0000] {processor.py:186} INFO - Started process (PID=202) to work on /opt/airflow/dags/05_etl_weather_postgres.py
[2026-09-07T12:17:57.089+0000] {processor.py:914} INFO - Processing file /opt/airflow/dags/05_etl_weather_postgres.py for tasks to queue
[2026-09-07T12:17:57.091+0000] {logging_mixin.py:190} INFO - [2026-09-07T12:17:57.090+0000] {dagbag.py:588} INFO - Filling up the DagBag from /opt/airflow/dags/05_etl_weather_postgres.py
[2026-09-07T12:17:57.107+0000] {processor.py:925} INFO - DAG(s) 'etl_weather_postgres_dag' retrieved from /opt/airflow/dags/05_etl_weather_postgres.py
[2026-09-07T12:17:57.144+0000] {logging_mixin.py:190} INFO - [2026-09-07T12:17:57.143+0000] {dag.py:3239} INFO - Sync 1 DAGs
[2026-09-07T12:17:57.161+0000] {logging_mixin.py:190} INFO - [2026-09-07T12:17:57.161+0000] {dag.py:4180} INFO - Setting next_dagrun for etl_weather_postgres_dag to None, run_after=None
[2026-09-07T12:17:57.182+0000] {processor.py:208} INFO - Processing /opt/airflow/dags/05_etl_weather_postgres.py took 0.098 seconds
[2026-09-07T12:18:27.783+0000] {processor.py:186} INFO - Started process (PID=216) to work on /opt/airflow/dags/05_etl_weather_postgres.py
[2026-09-07T12:18:27.783+0000] {processor.py:914} INFO - Processing file /opt/airflow/dags/05_etl_weather_postgres.py for tasks to queue
[2026-09-07T12:18:27.785+0000] {logging_mixin.py:190} INFO - [2026-09-07T12:18:27.784+0000] {dagbag.py:588} INFO - Filling up the DagBag from /opt/airflow/dags/05_etl_weather_postgres.py
[2026-09-07T12:18:27.802+0000] {processor.py:925} INFO - DAG(s) 'etl_weather_postgres_dag' retrieved from /opt/airflow/dags/05_etl_weather_postgres.py
[2026-09-07T12:18:27.834+0000] {logging_mixin.py:190} INFO - [2026-09-07T12:18:27.834+0000] {dag.py:3239} INFO - Sync 1 DAGs
[2026-09-07T12:18:27.855+0000] {logging_mixin.py:190} INFO - [2026-09-07T12:18:27.855+0000] {dag.py:4180} INFO - Setting next_dagrun for etl_weather_postgres_dag to None, run_after=None
[2026-09-07T12:18:27.873+0000] {processor.py:208} INFO - Processing /opt/airflow/dags/05_etl_weather_postgres.py took 0.095 seconds
[2026-09-07T12:18:58.481+0000] {processor.py:186} INFO - Started process (PID=230) to work on /opt/airflow/dags/05_etl_weather_postgres.py
[2026-09-07T12:18:58.481+0000] {processor.py:914} INFO - Processing file /opt/airflow/dags/05_etl_weather_postgres.py for tasks to queue
[2026-09-07T12:18:58.482+0000] {logging_mixin.py:190} INFO - [2026-09-07T12:18:58.482+0000] {dagbag.py:588} INFO - Filling up the DagBag from /opt/airflow/dags/05_etl_weather_postgres.py
[2026-09-07T12:18:58.498+0000] {processor.py:925} INFO - DAG(s) 'etl_weather_postgres_dag' retrieved from /opt/airflow/dags/05_etl_weather_postgres.py
[2026-09-07T12:18:58.525+0000] {logging_mixin.py:190} INFO - [2026-09-07T12:18:58.525+0000] {dag.py:3239} INFO - Sync 1 DAGs
[2026-09-07T12:18:58.539+0000] {logging_mixin.py:190} INFO - [2026-09-07T12:18:58.539+0000] {dag.py:4180} INFO - Setting next_dagrun for etl_weather_postgres_dag to None, run_after=None
[2026-09-07T12:18:58.557+0000] {processor.py:208} INFO - Processing /opt/airflow/dags/05_etl_weather_postgres.py took 0.082 seconds
[2026-09-07T12:19:29.209+0000] {processor.py:186} INFO - Started process (PID=244) to work on /opt/airflow/dags/05_etl_weather_postgres.py
[2026-09-07T12:19:29.210+0000] {processor.py:914} INFO - Processing file /opt/airflow/dags/05_etl_weather_postgres.py for tasks to queue
[2026-09-07T12:19:29.211+0000] {logging_mixin.py:190} INFO - [2026-09-07T12:19:29.211+0000] {dagbag.py:588} INFO - Filling up the DagBag from /opt/airflow/dags/05_etl_weather_postgres.py
[2026-09-07T12:19:29.225+0000] {processor.py:925} INFO - DAG(s) 'etl_weather_postgres_dag' retrieved from /opt/airflow/dags/05_etl_weather_postgres.py
[2026-09-07T12:19:29.249+0000] {logging_mixin.py:190} INFO - [2026-09-07T12:19:29.249+0000] {dag.py:3239} INFO - Sync 1 DAGs
[2026-09-07T12:19:29.262+0000] {logging_mixin.py:190} INFO - [2026-09-07T12:19:29.261+0000] {dag.py:4180} INFO - Setting next_dagrun for etl_weather_postgres_dag to None, run_after=None
[2026-09-07T12:19:29.279+0000] {processor.py:208} INFO - Processing /opt/airflow/dags/05_etl_weather_postgres.py took 0.075 seconds
[2026-09-07T12:19:59.858+0000] {processor.py:186} INFO - Started process (PID=258) to work on /opt/airflow/dags/05_etl_weather_postgres.py
[2026-09-07T12:19:59.858+0000] {processor.py:914} INFO - Processing file /opt/airflow/dags/05_etl_weather_postgres.py for tasks to queue
[2026-09-07T12:19:59.860+0000] {logging_mixin.py:190} INFO - [2026-09-07T12:19:59.859+0000] {dagbag.py:588} INFO - Filling up the DagBag from /opt/airflow/dags/05_etl_weather_postgres.py
[2026-09-07T12:19:59.874+0000] {processor.py:925} INFO - DAG(s) 'etl_weather_postgres_dag' retrieved from /opt/airflow/dags/05_etl_weather_postgres.py
[2026-09-07T12:19:59.900+0000] {logging_mixin.py:190} INFO - [2026-09-07T12:19:59.900+0000] {dag.py:3239} INFO - Sync 1 DAGs
[2026-09-07T12:19:59.912+0000] {logging_mixin.py:190} INFO - [2026-09-07T12:19:59.911+0000] {dag.py:4180} INFO - Setting next_dagrun for etl_weather_postgres_dag to None, run_after=None
[2026-09-07T12:19:59.930+0000] {processor.py:208} INFO - Processing /opt/airflow/dags/05_etl_weather_postgres.py took 0.078 seconds
[2026-09-07T12:20:30.568+0000] {processor.py:186} INFO - Started process (PID=272) to work on /opt/airflow/dags/05_etl_weather_postgres.py
[2026-09-07T12:20:30.569+0000] {processor.py:914} INFO - Processing file /opt/airflow/dags/05_etl_weather_postgres.py for tasks to queue
[2026-09-07T12:20:30.571+0000] {logging_mixin.py:190} INFO - [2026-09-07T12:20:30.571+0000] {dagbag.py:588} INFO - Filling up the DagBag from /opt/airflow/dags/05_etl_weather_postgres.py
[2026-09-07T12:20:30.588+0000] {processor.py:925} INFO - DAG(s) 'etl_weather_postgres_dag' retrieved from /opt/airflow/dags/05_etl_weather_postgres.py
[2026-09-07T12:20:30.615+0000] {logging_mixin.py:190} INFO - [2026-09-07T12:20:30.614+0000] {dag.py:3239} INFO - Sync 1 DAGs
[2026-09-07T12:20:30.633+0000] {logging_mixin.py:190} INFO - [2026-09-07T12:20:30.633+0000] {dag.py:4180} INFO - Setting next_dagrun for etl_weather_postgres_dag to None, run_after=None
[2026-09-07T12:20:30.655+0000] {processor.py:208} INFO - Processing /opt/airflow/dags/05_etl_weather_postgres.py took 0.093 seconds
[2026-09-07T12:21:01.305+0000] {processor.py:186} INFO - Started process (PID=286) to work on /opt/airflow/dags/05_etl_weather_postgres.py
[2026-09-07T12:21:01.305+0000] {processor.py:914} INFO - Processing file /opt/airflow/dags/05_etl_weather_postgres.py for tasks to queue
[2026-09-07T12:21:01.306+0000] {logging_mixin.py:190} INFO - [2026-09-07T12:21:01.306+0000] {dagbag.py:588} INFO - Filling up the DagBag from /opt/airflow/dags/05_etl_weather_postgres.py
[2026-09-07T12:21:01.322+0000] {processor.py:925} INFO - DAG(s) 'etl_weather_postgres_dag' retrieved from /opt/airflow/dags/05_etl_weather_postgres.py
[2026-09-07T12:21:01.347+0000] {logging_mixin.py:190} INFO - [2026-09-07T12:21:01.347+0000] {dag.py:3239} INFO - Sync 1 DAGs
[2026-09-07T12:21:01.361+0000] {logging_mixin.py:190} INFO - [2026-09-07T12:21:01.361+0000] {dag.py:4180} INFO - Setting next_dagrun for etl_weather_postgres_dag to None, run_after=None
[2026-09-07T12:21:01.380+0000] {processor.py:208} INFO - Processing /opt/airflow/dags/05_etl_weather_postgres.py took 0.082 seconds
[2026-09-07T12:21:32.009+0000] {processor.py:186} INFO - Started process (PID=300) to work on /opt/airflow/dags/05_etl_weather_postgres.py
[2026-09-07T12:21:32.010+0000] {processor.py:914} INFO - Processing file /opt/airflow/dags/05_etl_weather_postgres.py for tasks to queue
[2026-09-07T12:21:32.011+0000] {logging_mixin.py:190} INFO - [2026-09-07T12:21:32.011+0000] {dagbag.py:588} INFO - Filling up the DagBag from /opt/airflow/dags/05_etl_weather_postgres.py
[2026-09-07T12:21:32.026+0000] {processor.py:925} INFO - DAG(s) 'etl_weather_postgres_dag' retrieved from /opt/airflow/dags/05_etl_weather_postgres.py
[2026-09-07T12:21:32.053+0000] {logging_mixin.py:190} INFO - [2026-09-07T12:21:32.052+0000] {dag.py:3239} INFO - Sync 1 DAGs
[2026-09-07T12:21:32.064+0000] {logging_mixin.py:190} INFO - [2026-09-07T12:21:32.064+0000] {dag.py:4180} INFO - Setting next_dagrun for etl_weather_postgres_dag to None, run_after=None
[2026-09-07T12:21:32.095+0000] {processor.py:208} INFO - Processing /opt/airflow/dags/05_etl_weather_postgres.py took 0.094 seconds
[2026-09-07T12:22:02.733+0000] {processor.py:186} INFO - Started process (PID=314) to work on /opt/airflow/dags/05_etl_weather_postgres.py
[2026-09-07T12:22:02.733+0000] {processor.py:914} INFO - Processing file /opt/airflow/dags/05_etl_weather_postgres.py for tasks to queue
[2026-09-07T12:22:02.734+0000] {logging_mixin.py:190} INFO - [2026-09-07T12:22:02.734+0000] {dagbag.py:588} INFO - Filling up the DagBag from /opt/airflow/dags/05_etl_weather_postgres.py
[2026-09-07T12:22:02.750+0000] {processor.py:925} INFO - DAG(s) 'etl_weather_postgres_dag' retrieved from /opt/airflow/dags/05_etl_weather_postgres.py
[2026-09-07T12:22:02.774+0000] {logging_mixin.py:190} INFO - [2026-09-07T12:22:02.774+0000] {dag.py:3239} INFO - Sync 1 DAGs
[2026-09-07T12:22:02.787+0000] {logging_mixin.py:190} INFO - [2026-09-07T12:22:02.787+0000] {dag.py:4180} INFO - Setting next_dagrun for etl_weather_postgres_dag to None, run_after=None
[2026-09-07T12:22:02.806+0000] {processor.py:208} INFO - Processing /opt/airflow/dags/05_etl_weather_postgres.py took 0.079 seconds
[2026-09-07T12:22:33.415+0000] {processor.py:186} INFO - Started process (PID=328) to work on /opt/airflow/dags/05_etl_weather_postgres.py
[2026-09-07T12:22:33.415+0000] {processor.py:914} INFO - Processing file /opt/airflow/dags/05_etl_weather_postgres.py for tasks to queue
[2026-09-07T12:22:33.416+0000] {logging_mixin.py:190} INFO - [2026-09-07T12:22:33.416+0000] {dagbag.py:588} INFO - Filling up the DagBag from /opt/airflow/dags/05_etl_weather_postgres.py
[2026-09-07T12:22:33.429+0000] {processor.py:925} INFO - DAG(s) 'etl_weather_postgres_dag' retrieved from /opt/airflow/dags/05_etl_weather_postgres.py
[2026-09-07T12:22:33.455+0000] {logging_mixin.py:190} INFO - [2026-09-07T12:22:33.455+0000] {dag.py:3239} INFO - Sync 1 DAGs
[2026-09-07T12:22:33.467+0000] {logging_mixin.py:190} INFO - [2026-09-07T12:22:33.467+0000] {dag.py:4180} INFO - Setting next_dagrun for etl_weather_postgres_dag to None, run_after=None
[2026-09-07T12:22:33.487+0000] {processor.py:208} INFO - Processing /opt/airflow/dags/05_etl_weather_postgres.py took 0.077 seconds
[2026-09-07T12:23:04.143+0000] {processor.py:186} INFO - Started process (PID=342) to work on /opt/airflow/dags/05_etl_weather_postgres.py
[2026-09-07T12:23:04.144+0000] {processor.py:914} INFO - Processing file /opt/airflow/dags/05_etl_weather_postgres.py for tasks to queue
[2026-09-07T12:23:04.146+0000] {logging_mixin.py:190} INFO - [2026-09-07T12:23:04.145+0000] {dagbag.py:588} INFO - Filling up the DagBag from /opt/airflow/dags/05_etl_weather_postgres.py
[2026-09-07T12:23:04.169+0000] {processor.py:925} INFO - DAG(s) 'etl_weather_postgres_dag' retrieved from /opt/airflow/dags/05_etl_weather_postgres.py
[2026-09-07T12:23:04.203+0000] {logging_mixin.py:190} INFO - [2026-09-07T12:23:04.202+0000] {dag.py:3239} INFO - Sync 1 DAGs
[2026-09-07T12:23:04.220+0000] {logging_mixin.py:190} INFO - [2026-09-07T12:23:04.220+0000] {dag.py:4180} INFO - Setting next_dagrun for etl_weather_postgres_dag to None, run_after=None
[2026-09-07T12:23:04.247+0000] {processor.py:208} INFO - Processing /opt/airflow/dags/05_etl_weather_postgres.py took 0.110 seconds
[2026-09-07T12:23:34.868+0000] {processor.py:186} INFO - Started process (PID=356) to work on /opt/airflow/dags/05_etl_weather_postgres.py
[2026-09-07T12:23:34.869+0000] {processor.py:914} INFO - Processing file /opt/airflow/dags/05_etl_weather_postgres.py for tasks to queue
[2026-09-07T12:23:34.870+0000] {logging_mixin.py:190} INFO - [2026-09-07T12:23:34.869+0000] {dagbag.py:588} INFO - Filling up the DagBag from /opt/airflow/dags/05_etl_weather_postgres.py
[2026-09-07T12:23:34.885+0000] {processor.py:925} INFO - DAG(s) 'etl_weather_postgres_dag' retrieved from /opt/airflow/dags/05_etl_weather_postgres.py
[2026-09-07T12:23:34.910+0000] {logging_mixin.py:190} INFO - [2026-09-07T12:23:34.910+0000] {dag.py:3239} INFO - Sync 1 DAGs
[2026-09-07T12:23:34.921+0000] {logging_mixin.py:190} INFO - [2026-09-07T12:23:34.921+0000] {dag.py:4180} INFO - Setting next_dagrun for etl_weather_postgres_dag to None, run_after=None
[2026-09-07T12:23:34.939+0000] {processor.py:208} INFO - Processing /opt/airflow/dags/05_etl_weather_postgres.py took 0.076 seconds
[2026-09-07T12:24:05.622+0000] {processor.py:186} INFO - Started process (PID=370) to work on /opt/airflow/dags/05_etl_weather_postgres.py
[2026-09-07T12:24:05.623+0000] {processor.py:914} INFO - Processing file /opt/airflow/dags/05_etl_weather_postgres.py for tasks to queue
[2026-09-07T12:24:05.624+0000] {logging_mixin.py:190} INFO - [2026-09-07T12:24:05.624+0000] {dagbag.py:588} INFO - Filling up the DagBag from /opt/airflow/dags/05_etl_weather_postgres.py
[2026-09-07T12:24:05.639+0000] {processor.py:925} INFO - DAG(s) 'etl_weather_postgres_dag' retrieved from /opt/airflow/dags/05_etl_weather_postgres.py
[2026-09-07T12:24:05.665+0000] {logging_mixin.py:190} INFO - [2026-09-07T12:24:05.665+0000] {dag.py:3239} INFO - Sync 1 DAGs
[2026-09-07T12:24:05.678+0000] {logging_mixin.py:190} INFO - [2026-09-07T12:24:05.678+0000] {dag.py:4180} INFO - Setting next_dagrun for etl_weather_postgres_dag to None, run_after=None
[2026-09-07T12:24:05.697+0000] {processor.py:208} INFO - Processing /opt/airflow/dags/05_etl_weather_postgres.py took 0.081 seconds
[2026-09-07T12:24:36.337+0000] {processor.py:186} INFO - Started process (PID=384) to work on /opt/airflow/dags/05_etl_weather_postgres.py
[2026-09-07T12:24:36.337+0000] {processor.py:914} INFO - Processing file /opt/airflow/dags/05_etl_weather_postgres.py for tasks to queue
[2026-09-07T12:24:36.338+0000] {logging_mixin.py:190} INFO - [2026-09-07T12:24:36.338+0000] {dagbag.py:588} INFO - Filling up the DagBag from /opt/airflow/dags/05_etl_weather_postgres.py
[2026-09-07T12:24:36.353+0000] {processor.py:925} INFO - DAG(s) 'etl_weather_postgres_dag' retrieved from /opt/airflow/dags/05_etl_weather_postgres.py
[2026-09-07T12:24:36.382+0000] {logging_mixin.py:190} INFO - [2026-09-07T12:24:36.381+0000] {dag.py:3239} INFO - Sync 1 DAGs
[2026-09-07T12:24:36.397+0000] {logging_mixin.py:190} INFO - [2026-09-07T12:24:36.397+0000] {dag.py:4180} INFO - Setting next_dagrun for etl_weather_postgres_dag to None, run_after=None
[2026-09-07T12:24:36.419+0000] {processor.py:208} INFO - Processing /opt/airflow/dags/05_etl_weather_postgres.py took 0.088 seconds
[2026-09-07T12:25:06.981+0000] {processor.py:186} INFO - Started process (PID=404) to work on /opt/airflow/dags/05_etl_weather_postgres.py
[2026-09-07T12:25:06.982+0000] {processor.py:914} INFO - Processing file /opt/airflow/dags/05_etl_weather_postgres.py for tasks to queue
[2026-09-07T12:25:06.985+0000] {logging_mixin.py:190} INFO - [2026-09-07T12:25:06.984+0000] {dagbag.py:588} INFO - Filling up the DagBag from /opt/airflow/dags/05_etl_weather_postgres.py
[2026-09-07T12:25:07.005+0000] {processor.py:925} INFO - DAG(s) 'etl_weather_postgres_dag' retrieved from /opt/airflow/dags/05_etl_weather_postgres.py
[2026-09-07T12:25:07.035+0000] {logging_mixin.py:190} INFO - [2026-09-07T12:25:07.035+0000] {dag.py:3239} INFO - Sync 1 DAGs
[2026-09-07T12:25:07.046+0000] {logging_mixin.py:190} INFO - [2026-09-07T12:25:07.046+0000] {dag.py:4180} INFO - Setting next_dagrun for etl_weather_postgres_dag to None, run_after=None
[2026-09-07T12:25:07.064+0000] {processor.py:208} INFO - Processing /opt/airflow/dags/05_etl_weather_postgres.py took 0.090 seconds
[2026-09-07T12:25:37.656+0000] {processor.py:186} INFO - Started process (PID=418) to work on /opt/airflow/dags/05_etl_weather_postgres.py
[2026-09-07T12:25:37.656+0000] {processor.py:914} INFO - Processing file /opt/airflow/dags/05_etl_weather_postgres.py for tasks to queue
[2026-09-07T12:25:37.657+0000] {logging_mixin.py:190} INFO - [2026-09-07T12:25:37.657+0000] {dagbag.py:588} INFO - Filling up the DagBag from /opt/airflow/dags/05_etl_weather_postgres.py
[2026-09-07T12:25:37.673+0000] {processor.py:925} INFO - DAG(s) 'etl_weather_postgres_dag' retrieved from /opt/airflow/dags/05_etl_weather_postgres.py
[2026-09-07T12:25:37.697+0000] {logging_mixin.py:190} INFO - [2026-09-07T12:25:37.697+0000] {dag.py:3239} INFO - Sync 1 DAGs
[2026-09-07T12:25:37.709+0000] {logging_mixin.py:190} INFO - [2026-09-07T12:25:37.709+0000] {dag.py:4180} INFO - Setting next_dagrun for etl_weather_postgres_dag to None, run_after=None
[2026-09-07T12:25:37.726+0000] {processor.py:208} INFO - Processing /opt/airflow/dags/05_etl_weather_postgres.py took 0.076 seconds
[2026-09-07T12:26:08.332+0000] {processor.py:186} INFO - Started process (PID=432) to work on /opt/airflow/dags/05_etl_weather_postgres.py
[2026-09-07T12:26:08.333+0000] {processor.py:914} INFO - Processing file /opt/airflow/dags/05_etl_weather_postgres.py for tasks to queue
[2026-09-07T12:26:08.334+0000] {logging_mixin.py:190} INFO - [2026-09-07T12:26:08.334+0000] {dagbag.py:588} INFO - Filling up the DagBag from /opt/airflow/dags/05_etl_weather_postgres.py
[2026-09-07T12:26:08.349+0000] {processor.py:925} INFO - DAG(s) 'etl_weather_postgres_dag' retrieved from /opt/airflow/dags/05_etl_weather_postgres.py
[2026-09-07T12:26:08.373+0000] {logging_mixin.py:190} INFO - [2026-09-07T12:26:08.372+0000] {dag.py:3239} INFO - Sync 1 DAGs
[2026-09-07T12:26:08.387+0000] {logging_mixin.py:190} INFO - [2026-09-07T12:26:08.387+0000] {dag.py:4180} INFO - Setting next_dagrun for etl_weather_postgres_dag to None, run_after=None
[2026-09-07T12:26:08.405+0000] {processor.py:208} INFO - Processing /opt/airflow/dags/05_etl_weather_postgres.py took 0.078 seconds
[2026-09-07T12:26:38.881+0000] {processor.py:186} INFO - Started process (PID=446) to work on /opt/airflow/dags/05_etl_weather_postgres.py
[2026-09-07T12:26:38.882+0000] {processor.py:914} INFO - Processing file /opt/airflow/dags/05_etl_weather_postgres.py for tasks to queue
[2026-09-07T12:26:38.883+0000] {logging_mixin.py:190} INFO - [2026-09-07T12:26:38.883+0000] {dagbag.py:588} INFO - Filling up the DagBag from /opt/airflow/dags/05_etl_weather_postgres.py
[2026-09-07T12:26:38.899+0000] {processor.py:925} INFO - DAG(s) 'etl_weather_postgres_dag' retrieved from /opt/airflow/dags/05_etl_weather_postgres.py
[2026-09-07T12:26:38.923+0000] {logging_mixin.py:190} INFO - [2026-09-07T12:26:38.923+0000] {dag.py:3239} INFO - Sync 1 DAGs
[2026-09-07T12:26:38.935+0000] {logging_mixin.py:190} INFO - [2026-09-07T12:26:38.935+0000] {dag.py:4180} INFO - Setting next_dagrun for etl_weather_postgres_dag to None, run_after=None
[2026-09-07T12:26:38.952+0000] {processor.py:208} INFO - Processing /opt/airflow/dags/05_etl_weather_postgres.py took 0.077 seconds
[2026-09-07T12:27:09.554+0000] {processor.py:186} INFO - Started process (PID=460) to work on /opt/airflow/dags/05_etl_weather_postgres.py
[2026-09-07T12:27:09.555+0000] {processor.py:914} INFO - Processing file /opt/airflow/dags/05_etl_weather_postgres.py for tasks to queue
[2026-09-07T12:27:09.556+0000] {logging_mixin.py:190} INFO - [2026-09-07T12:27:09.555+0000] {dagbag.py:588} INFO - Filling up the DagBag from /opt/airflow/dags/05_etl_weather_postgres.py
[2026-09-07T12:27:09.568+0000] {processor.py:925} INFO - DAG(s) 'etl_weather_postgres_dag' retrieved from /opt/airflow/dags/05_etl_weather_postgres.py
[2026-09-07T12:27:09.592+0000] {logging_mixin.py:190} INFO - [2026-09-07T12:27:09.591+0000] {dag.py:3239} INFO - Sync 1 DAGs
[2026-09-07T12:27:09.605+0000] {logging_mixin.py:190} INFO - [2026-09-07T12:27:09.604+0000] {dag.py:4180} INFO - Setting next_dagrun for etl_weather_postgres_dag to None, run_after=None
[2026-09-07T12:27:09.623+0000] {processor.py:208} INFO - Processing /opt/airflow/dags/05_etl_weather_postgres.py took 0.074 seconds
[2026-09-07T12:27:40.230+0000] {processor.py:186} INFO - Started process (PID=474) to work on /opt/airflow/dags/05_etl_weather_postgres.py
[2026-09-07T12:27:40.231+0000] {processor.py:914} INFO - Processing file /opt/airflow/dags/05_etl_weather_postgres.py for tasks to queue
[2026-09-07T12:27:40.232+0000] {logging_mixin.py:190} INFO - [2026-09-07T12:27:40.232+0000] {dagbag.py:588} INFO - Filling up the DagBag from /opt/airflow/dags/05_etl_weather_postgres.py
[2026-09-07T12:27:40.247+0000] {processor.py:925} INFO - DAG(s) 'etl_weather_postgres_dag' retrieved from /opt/airflow/dags/05_etl_weather_postgres.py
[2026-09-07T12:27:40.272+0000] {logging_mixin.py:190} INFO - [2026-09-07T12:27:40.272+0000] {dag.py:3239} INFO - Sync 1 DAGs
[2026-09-07T12:27:40.286+0000] {logging_mixin.py:190} INFO - [2026-09-07T12:27:40.286+0000] {dag.py:4180} INFO - Setting next_dagrun for etl_weather_postgres_dag to None, run_after=None
[2026-09-07T12:27:40.306+0000] {processor.py:208} INFO - Processing /opt/airflow/dags/05_etl_weather_postgres.py took 0.082 seconds
[2026-09-07T12:28:10.894+0000] {processor.py:186} INFO - Started process (PID=488) to work on /opt/airflow/dags/05_etl_weather_postgres.py
[2026-09-07T12:28:10.894+0000] {processor.py:914} INFO - Processing file /opt/airflow/dags/05_etl_weather_postgres.py for tasks to queue
[2026-09-07T12:28:10.895+0000] {logging_mixin.py:190} INFO - [2026-09-07T12:28:10.895+0000] {dagbag.py:588} INFO - Filling up the DagBag from /opt/airflow/dags/05_etl_weather_postgres.py
[2026-09-07T12:28:10.909+0000] {processor.py:925} INFO - DAG(s) 'etl_weather_postgres_dag' retrieved from /opt/airflow/dags/05_etl_weather_postgres.py
[2026-09-07T12:28:10.932+0000] {logging_mixin.py:190} INFO - [2026-09-07T12:28:10.932+0000] {dag.py:3239} INFO - Sync 1 DAGs
[2026-09-07T12:28:10.946+0000] {logging_mixin.py:190} INFO - [2026-09-07T12:28:10.946+0000] {dag.py:4180} INFO - Setting next_dagrun for etl_weather_postgres_dag to None, run_after=None
[2026-09-07T12:28:10.966+0000] {processor.py:208} INFO - Processing /opt/airflow/dags/05_etl_weather_postgres.py took 0.079 seconds
[2026-09-07T12:28:41.556+0000] {processor.py:186} INFO - Started process (PID=502) to work on /opt/airflow/dags/05_etl_weather_postgres.py
[2026-09-07T12:28:41.557+0000] {processor.py:914} INFO - Processing file /opt/airflow/dags/05_etl_weather_postgres.py for tasks to queue
[2026-09-07T12:28:41.558+0000] {logging_mixin.py:190} INFO - [2026-09-07T12:28:41.557+0000] {dagbag.py:588} INFO - Filling up the DagBag from /opt/airflow/dags/05_etl_weather_postgres.py
[2026-09-07T12:28:41.571+0000] {processor.py:925} INFO - DAG(s) 'etl_weather_postgres_dag' retrieved from /opt/airflow/dags/05_etl_weather_postgres.py
[2026-09-07T12:28:41.594+0000] {logging_mixin.py:190} INFO - [2026-09-07T12:28:41.594+0000] {dag.py:3239} INFO - Sync 1 DAGs
[2026-09-07T12:28:41.605+0000] {logging_mixin.py:190} INFO - [2026-09-07T12:28:41.605+0000] {dag.py:4180} INFO - Setting next_dagrun for etl_weather_postgres_dag to None, run_after=None
[2026-09-07T12:28:41.622+0000] {processor.py:208} INFO - Processing /opt/airflow/dags/05_etl_weather_postgres.py took 0.071 seconds
[2026-09-07T12:29:12.204+0000] {processor.py:186} INFO - Started process (PID=516) to work on /opt/airflow/dags/05_etl_weather_postgres.py
[2026-09-07T12:29:12.204+0000] {processor.py:914} INFO - Processing file /opt/airflow/dags/05_etl_weather_postgres.py for tasks to queue
[2026-09-07T12:29:12.205+0000] {logging_mixin.py:190} INFO - [2026-09-07T12:29:12.205+0000] {dagbag.py:588} INFO - Filling up the DagBag from /opt/airflow/dags/05_etl_weather_postgres.py
[2026-09-07T12:29:12.223+0000] {processor.py:925} INFO - DAG(s) 'etl_weather_postgres_dag' retrieved from /opt/airflow/dags/05_etl_weather_postgres.py
[2026-09-07T12:29:12.253+0000] {logging_mixin.py:190} INFO - [2026-09-07T12:29:12.253+0000] {dag.py:3239} INFO - Sync 1 DAGs
[2026-09-07T12:29:12.268+0000] {logging_mixin.py:190} INFO - [2026-09-07T12:29:12.268+0000] {dag.py:4180} INFO - Setting next_dagrun for etl_weather_postgres_dag to None, run_after=None
[2026-09-07T12:29:12.286+0000] {processor.py:208} INFO - Processing /opt/airflow/dags/05_etl_weather_postgres.py took 0.089 seconds
[2026-09-07T12:29:42.964+0000] {processor.py:186} INFO - Started process (PID=530) to work on /opt/airflow/dags/05_etl_weather_postgres.py
[2026-09-07T12:29:42.965+0000] {processor.py:914} INFO - Processing file /opt/airflow/dags/05_etl_weather_postgres.py for tasks to queue
[2026-09-07T12:29:42.966+0000] {logging_mixin.py:190} INFO - [2026-09-07T12:29:42.965+0000] {dagbag.py:588} INFO - Filling up the DagBag from /opt/airflow/dags/05_etl_weather_postgres.py
[2026-09-07T12:29:42.981+0000] {processor.py:925} INFO - DAG(s) 'etl_weather_postgres_dag' retrieved from /opt/airflow/dags/05_etl_weather_postgres.py
[2026-09-07T12:29:43.009+0000] {logging_mixin.py:190} INFO - [2026-09-07T12:29:43.009+0000] {dag.py:3239} INFO - Sync 1 DAGs
[2026-09-07T12:29:43.025+0000] {logging_mixin.py:190} INFO - [2026-09-07T12:29:43.024+0000] {dag.py:4180} INFO - Setting next_dagrun for etl_weather_postgres_dag to None, run_after=None
[2026-09-07T12:29:43.049+0000] {processor.py:208} INFO - Processing /opt/airflow/dags/05_etl_weather_postgres.py took 0.091 seconds
[2026-09-07T12:30:13.623+0000] {processor.py:186} INFO - Started process (PID=544) to work on /opt/airflow/dags/05_etl_weather_postgres.py
[2026-09-07T12:30:13.624+0000] {processor.py:914} INFO - Processing file /opt/airflow/dags/05_etl_weather_postgres.py for tasks to queue
[2026-09-07T12:30:13.625+0000] {logging_mixin.py:190} INFO - [2026-09-07T12:30:13.625+0000] {dagbag.py:588} INFO - Filling up the DagBag from /opt/airflow/dags/05_etl_weather_postgres.py
[2026-09-07T12:30:13.639+0000] {processor.py:925} INFO - DAG(s) 'etl_weather_postgres_dag' retrieved from /opt/airflow/dags/05_etl_weather_postgres.py
[2026-09-07T12:30:13.665+0000] {logging_mixin.py:190} INFO - [2026-09-07T12:30:13.664+0000] {dag.py:3239} INFO - Sync 1 DAGs
[2026-09-07T12:30:13.678+0000] {logging_mixin.py:190} INFO - [2026-09-07T12:30:13.678+0000] {dag.py:4180} INFO - Setting next_dagrun for etl_weather_postgres_dag to None, run_after=None
[2026-09-07T12:30:13.696+0000] {processor.py:208} INFO - Processing /opt/airflow/dags/05_etl_weather_postgres.py took 0.078 seconds
[2026-09-07T12:30:44.270+0000] {processor.py:186} INFO - Started process (PID=558) to work on /opt/airflow/dags/05_etl_weather_postgres.py
[2026-09-07T12:30:44.270+0000] {processor.py:914} INFO - Processing file /opt/airflow/dags/05_etl_weather_postgres.py for tasks to queue
[2026-09-07T12:30:44.271+0000] {logging_mixin.py:190} INFO - [2026-09-07T12:30:44.271+0000] {dagbag.py:588} INFO - Filling up the DagBag from /opt/airflow/dags/05_etl_weather_postgres.py
[2026-09-07T12:30:44.285+0000] {processor.py:925} INFO - DAG(s) 'etl_weather_postgres_dag' retrieved from /opt/airflow/dags/05_etl_weather_postgres.py
[2026-09-07T12:30:44.310+0000] {logging_mixin.py:190} INFO - [2026-09-07T12:30:44.310+0000] {dag.py:3239} INFO - Sync 1 DAGs
[2026-09-07T12:30:44.325+0000] {logging_mixin.py:190} INFO - [2026-09-07T12:30:44.324+0000] {dag.py:4180} INFO - Setting next_dagrun for etl_weather_postgres_dag to None, run_after=None
[2026-09-07T12:30:44.343+0000] {processor.py:208} INFO - Processing /opt/airflow/dags/05_etl_weather_postgres.py took 0.078 seconds
[2026-09-07T12:31:14.938+0000] {processor.py:186} INFO - Started process (PID=572) to work on /opt/airflow/dags/05_etl_weather_postgres.py
[2026-09-07T12:31:14.938+0000] {processor.py:914} INFO - Processing file /opt/airflow/dags/05_etl_weather_postgres.py for tasks to queue
[2026-09-07T12:31:14.939+0000] {logging_mixin.py:190} INFO - [2026-09-07T12:31:14.939+0000] {dagbag.py:588} INFO - Filling up the DagBag from /opt/airflow/dags/05_etl_weather_postgres.py
[2026-09-07T12:31:14.954+0000] {processor.py:925} INFO - DAG(s) 'etl_weather_postgres_dag' retrieved from /opt/airflow/dags/05_etl_weather_postgres.py
[2026-09-07T12:31:14.977+0000] {logging_mixin.py:190} INFO - [2026-09-07T12:31:14.977+0000] {dag.py:3239} INFO - Sync 1 DAGs
[2026-09-07T12:31:14.993+0000] {logging_mixin.py:190} INFO - [2026-09-07T12:31:14.993+0000] {dag.py:4180} INFO - Setting next_dagrun for etl_weather_postgres_dag to None, run_after=None
[2026-09-07T12:31:15.010+0000] {processor.py:208} INFO - Processing /opt/airflow/dags/05_etl_weather_postgres.py took 0.078 seconds
[2026-09-07T12:31:45.618+0000] {processor.py:186} INFO - Started process (PID=586) to work on /opt/airflow/dags/05_etl_weather_postgres.py
[2026-09-07T12:31:45.619+0000] {processor.py:914} INFO - Processing file /opt/airflow/dags/05_etl_weather_postgres.py for tasks to queue
[2026-09-07T12:31:45.620+0000] {logging_mixin.py:190} INFO - [2026-09-07T12:31:45.619+0000] {dagbag.py:588} INFO - Filling up the DagBag from /opt/airflow/dags/05_etl_weather_postgres.py
[2026-09-07T12:31:45.636+0000] {processor.py:925} INFO - DAG(s) 'etl_weather_postgres_dag' retrieved from /opt/airflow/dags/05_etl_weather_postgres.py
[2026-09-07T12:31:45.667+0000] {logging_mixin.py:190} INFO - [2026-09-07T12:31:45.667+0000] {dag.py:3239} INFO - Sync 1 DAGs
[2026-09-07T12:31:45.681+0000] {logging_mixin.py:190} INFO - [2026-09-07T12:31:45.681+0000] {dag.py:4180} INFO - Setting next_dagrun for etl_weather_postgres_dag to None, run_after=None
[2026-09-07T12:31:45.710+0000] {processor.py:208} INFO - Processing /opt/airflow/dags/05_etl_weather_postgres.py took 0.098 seconds
[2026-09-07T12:32:16.292+0000] {processor.py:186} INFO - Started process (PID=600) to work on /opt/airflow/dags/05_etl_weather_postgres.py
[2026-09-07T12:32:16.293+0000] {processor.py:914} INFO - Processing file /opt/airflow/dags/05_etl_weather_postgres.py for tasks to queue
[2026-09-07T12:32:16.294+0000] {logging_mixin.py:190} INFO - [2026-09-07T12:32:16.294+0000] {dagbag.py:588} INFO - Filling up the DagBag from /opt/airflow/dags/05_etl_weather_postgres.py
[2026-09-07T12:32:16.310+0000] {processor.py:925} INFO - DAG(s) 'etl_weather_postgres_dag' retrieved from /opt/airflow/dags/05_etl_weather_postgres.py
[2026-09-07T12:32:16.334+0000] {logging_mixin.py:190} INFO - [2026-09-07T12:32:16.334+0000] {dag.py:3239} INFO - Sync 1 DAGs
[2026-09-07T12:32:16.347+0000] {logging_mixin.py:190} INFO - [2026-09-07T12:32:16.346+0000] {dag.py:4180} INFO - Setting next_dagrun for etl_weather_postgres_dag to None, run_after=None
[2026-09-07T12:32:16.364+0000] {processor.py:208} INFO - Processing /opt/airflow/dags/05_etl_weather_postgres.py took 0.076 seconds
[2026-09-07T12:32:46.861+0000] {processor.py:186} INFO - Started process (PID=614) to work on /opt/airflow/dags/05_etl_weather_postgres.py
[2026-09-07T12:32:46.861+0000] {processor.py:914} INFO - Processing file /opt/airflow/dags/05_etl_weather_postgres.py for tasks to queue
[2026-09-07T12:32:46.863+0000] {logging_mixin.py:190} INFO - [2026-09-07T12:32:46.862+0000] {dagbag.py:588} INFO - Filling up the DagBag from /opt/airflow/dags/05_etl_weather_postgres.py
[2026-09-07T12:32:46.877+0000] {processor.py:925} INFO - DAG(s) 'etl_weather_postgres_dag' retrieved from /opt/airflow/dags/05_etl_weather_postgres.py
[2026-09-07T12:32:46.901+0000] {logging_mixin.py:190} INFO - [2026-09-07T12:32:46.901+0000] {dag.py:3239} INFO - Sync 1 DAGs
[2026-09-07T12:32:46.916+0000] {logging_mixin.py:190} INFO - [2026-09-07T12:32:46.916+0000] {dag.py:4180} INFO - Setting next_dagrun for etl_weather_postgres_dag to None, run_after=None
[2026-09-07T12:32:46.935+0000] {processor.py:208} INFO - Processing /opt/airflow/dags/05_etl_weather_postgres.py took 0.080 seconds
[2026-09-07T12:33:17.505+0000] {processor.py:186} INFO - Started process (PID=628) to work on /opt/airflow/dags/05_etl_weather_postgres.py
[2026-09-07T12:33:17.505+0000] {processor.py:914} INFO - Processing file /opt/airflow/dags/05_etl_weather_postgres.py for tasks to queue
[2026-09-07T12:33:17.506+0000] {logging_mixin.py:190} INFO - [2026-09-07T12:33:17.506+0000] {dagbag.py:588} INFO - Filling up the DagBag from /opt/airflow/dags/05_etl_weather_postgres.py
[2026-09-07T12:33:17.519+0000] {processor.py:925} INFO - DAG(s) 'etl_weather_postgres_dag' retrieved from /opt/airflow/dags/05_etl_weather_postgres.py
[2026-09-07T12:33:17.544+0000] {logging_mixin.py:190} INFO - [2026-09-07T12:33:17.544+0000] {dag.py:3239} INFO - Sync 1 DAGs
[2026-09-07T12:33:17.555+0000] {logging_mixin.py:190} INFO - [2026-09-07T12:33:17.555+0000] {dag.py:4180} INFO - Setting next_dagrun for etl_weather_postgres_dag to None, run_after=None
[2026-09-07T12:33:17.574+0000] {processor.py:208} INFO - Processing /opt/airflow/dags/05_etl_weather_postgres.py took 0.076 seconds
[2026-09-07T12:33:48.193+0000] {processor.py:186} INFO - Started process (PID=642) to work on /opt/airflow/dags/05_etl_weather_postgres.py
[2026-09-07T12:33:48.194+0000] {processor.py:914} INFO - Processing file /opt/airflow/dags/05_etl_weather_postgres.py for tasks to queue
[2026-09-07T12:33:48.195+0000] {logging_mixin.py:190} INFO - [2026-09-07T12:33:48.195+0000] {dagbag.py:588} INFO - Filling up the DagBag from /opt/airflow/dags/05_etl_weather_postgres.py
[2026-09-07T12:33:48.219+0000] {processor.py:925} INFO - DAG(s) 'etl_weather_postgres_dag' retrieved from /opt/airflow/dags/05_etl_weather_postgres.py
[2026-09-07T12:33:48.252+0000] {logging_mixin.py:190} INFO - [2026-09-07T12:33:48.252+0000] {dag.py:3239} INFO - Sync 1 DAGs
[2026-09-07T12:33:48.271+0000] {logging_mixin.py:190} INFO - [2026-09-07T12:33:48.271+0000] {dag.py:4180} INFO - Setting next_dagrun for etl_weather_postgres_dag to None, run_after=None
[2026-09-07T12:33:48.296+0000] {processor.py:208} INFO - Processing /opt/airflow/dags/05_etl_weather_postgres.py took 0.111 seconds
[2026-09-07T12:34:18.911+0000] {processor.py:186} INFO - Started process (PID=656) to work on /opt/airflow/dags/05_etl_weather_postgres.py
[2026-09-07T12:34:18.912+0000] {processor.py:914} INFO - Processing file /opt/airflow/dags/05_etl_weather_postgres.py for tasks to queue
[2026-09-07T12:34:18.913+0000] {logging_mixin.py:190} INFO - [2026-09-07T12:34:18.913+0000] {dagbag.py:588} INFO - Filling up the DagBag from /opt/airflow/dags/05_etl_weather_postgres.py
[2026-09-07T12:34:18.930+0000] {processor.py:925} INFO - DAG(s) 'etl_weather_postgres_dag' retrieved from /opt/airflow/dags/05_etl_weather_postgres.py
[2026-09-07T12:34:18.960+0000] {logging_mixin.py:190} INFO - [2026-09-07T12:34:18.960+0000] {dag.py:3239} INFO - Sync 1 DAGs
[2026-09-07T12:34:18.976+0000] {logging_mixin.py:190} INFO - [2026-09-07T12:34:18.975+0000] {dag.py:4180} INFO - Setting next_dagrun for etl_weather_postgres_dag to None, run_after=None
[2026-09-07T12:34:18.994+0000] {processor.py:208} INFO - Processing /opt/airflow/dags/05_etl_weather_postgres.py took 0.090 seconds
[2026-09-07T12:34:49.644+0000] {processor.py:186} INFO - Started process (PID=670) to work on /opt/airflow/dags/05_etl_weather_postgres.py
[2026-09-07T12:34:49.645+0000] {processor.py:914} INFO - Processing file /opt/airflow/dags/05_etl_weather_postgres.py for tasks to queue
[2026-09-07T12:34:49.646+0000] {logging_mixin.py:190} INFO - [2026-09-07T12:34:49.646+0000] {dagbag.py:588} INFO - Filling up the DagBag from /opt/airflow/dags/05_etl_weather_postgres.py
[2026-09-07T12:34:49.667+0000] {processor.py:925} INFO - DAG(s) 'etl_weather_postgres_dag' retrieved from /opt/airflow/dags/05_etl_weather_postgres.py
[2026-09-07T12:34:49.717+0000] {logging_mixin.py:190} INFO - [2026-09-07T12:34:49.716+0000] {dag.py:3239} INFO - Sync 1 DAGs
[2026-09-07T12:34:49.733+0000] {logging_mixin.py:190} INFO - [2026-09-07T12:34:49.733+0000] {dag.py:4180} INFO - Setting next_dagrun for etl_weather_postgres_dag to None, run_after=None
[2026-09-07T12:34:49.756+0000] {processor.py:208} INFO - Processing /opt/airflow/dags/05_etl_weather_postgres.py took 0.118 seconds
[2026-09-07T19:51:41.645+0000] {processor.py:186} INFO - Started process (PID=105) to work on /opt/airflow/dags/05_etl_weather_postgres.py
[2026-09-07T19:51:41.647+0000] {processor.py:914} INFO - Processing file /opt/airflow/dags/05_etl_weather_postgres.py for tasks to queue
[2026-09-07T19:51:41.649+0000] {logging_mixin.py:190} INFO - [2026-09-07T19:51:41.648+0000] {dagbag.py:588} INFO - Filling up the DagBag from /opt/airflow/dags/05_etl_weather_postgres.py
[2026-09-07T19:51:41.672+0000] {processor.py:925} INFO - DAG(s) 'etl_weather_postgres_dag' retrieved from /opt/airflow/dags/05_etl_weather_postgres.py
[2026-09-07T19:51:41.703+0000] {logging_mixin.py:190} INFO - [2026-09-07T19:51:41.703+0000] {dag.py:3239} INFO - Sync 1 DAGs
[2026-09-07T19:51:41.723+0000] {logging_mixin.py:190} INFO - [2026-09-07T19:51:41.723+0000] {dag.py:4180} INFO - Setting next_dagrun for etl_weather_postgres_dag to None, run_after=None
[2026-09-07T19:51:41.758+0000] {processor.py:208} INFO - Processing /opt/airflow/dags/05_etl_weather_postgres.py took 0.118 seconds
[2026-09-07T19:52:12.089+0000] {processor.py:186} INFO - Started process (PID=117) to work on /opt/airflow/dags/05_etl_weather_postgres.py
[2026-09-07T19:52:12.089+0000] {processor.py:914} INFO - Processing file /opt/airflow/dags/05_etl_weather_postgres.py for tasks to queue
[2026-09-07T19:52:12.091+0000] {logging_mixin.py:190} INFO - [2026-09-07T19:52:12.091+0000] {dagbag.py:588} INFO - Filling up the DagBag from /opt/airflow/dags/05_etl_weather_postgres.py
[2026-09-07T19:52:12.113+0000] {processor.py:925} INFO - DAG(s) 'etl_weather_postgres_dag' retrieved from /opt/airflow/dags/05_etl_weather_postgres.py
[2026-09-07T19:52:12.149+0000] {logging_mixin.py:190} INFO - [2026-09-07T19:52:12.148+0000] {dag.py:3239} INFO - Sync 1 DAGs
[2026-09-07T19:52:12.168+0000] {logging_mixin.py:190} INFO - [2026-09-07T19:52:12.167+0000] {dag.py:4180} INFO - Setting next_dagrun for etl_weather_postgres_dag to None, run_after=None
[2026-09-07T19:52:12.195+0000] {processor.py:208} INFO - Processing /opt/airflow/dags/05_etl_weather_postgres.py took 0.114 seconds
[2026-09-07T19:52:42.668+0000] {processor.py:186} INFO - Started process (PID=131) to work on /opt/airflow/dags/05_etl_weather_postgres.py
[2026-09-07T19:52:42.669+0000] {processor.py:914} INFO - Processing file /opt/airflow/dags/05_etl_weather_postgres.py for tasks to queue
[2026-09-07T19:52:42.670+0000] {logging_mixin.py:190} INFO - [2026-09-07T19:52:42.670+0000] {dagbag.py:588} INFO - Filling up the DagBag from /opt/airflow/dags/05_etl_weather_postgres.py
[2026-09-07T19:52:42.686+0000] {processor.py:925} INFO - DAG(s) 'etl_weather_postgres_dag' retrieved from /opt/airflow/dags/05_etl_weather_postgres.py
[2026-09-07T19:52:42.710+0000] {logging_mixin.py:190} INFO - [2026-09-07T19:52:42.710+0000] {dag.py:3239} INFO - Sync 1 DAGs
[2026-09-07T19:52:42.724+0000] {logging_mixin.py:190} INFO - [2026-09-07T19:52:42.723+0000] {dag.py:4180} INFO - Setting next_dagrun for etl_weather_postgres_dag to None, run_after=None
[2026-09-07T19:52:42.743+0000] {processor.py:208} INFO - Processing /opt/airflow/dags/05_etl_weather_postgres.py took 0.080 seconds
[2026-09-07T19:53:13.314+0000] {processor.py:186} INFO - Started process (PID=145) to work on /opt/airflow/dags/05_etl_weather_postgres.py
[2026-09-07T19:53:13.314+0000] {processor.py:914} INFO - Processing file /opt/airflow/dags/05_etl_weather_postgres.py for tasks to queue
[2026-09-07T19:53:13.315+0000] {logging_mixin.py:190} INFO - [2026-09-07T19:53:13.315+0000] {dagbag.py:588} INFO - Filling up the DagBag from /opt/airflow/dags/05_etl_weather_postgres.py
[2026-09-07T19:53:13.330+0000] {processor.py:925} INFO - DAG(s) 'etl_weather_postgres_dag' retrieved from /opt/airflow/dags/05_etl_weather_postgres.py
[2026-09-07T19:53:13.359+0000] {logging_mixin.py:190} INFO - [2026-09-07T19:53:13.359+0000] {dag.py:3239} INFO - Sync 1 DAGs
[2026-09-07T19:53:13.372+0000] {logging_mixin.py:190} INFO - [2026-09-07T19:53:13.372+0000] {dag.py:4180} INFO - Setting next_dagrun for etl_weather_postgres_dag to None, run_after=None
[2026-09-07T19:53:13.391+0000] {processor.py:208} INFO - Processing /opt/airflow/dags/05_etl_weather_postgres.py took 0.083 seconds
[2026-09-07T19:53:44.233+0000] {processor.py:186} INFO - Started process (PID=159) to work on /opt/airflow/dags/05_etl_weather_postgres.py
[2026-09-07T19:53:44.233+0000] {processor.py:914} INFO - Processing file /opt/airflow/dags/05_etl_weather_postgres.py for tasks to queue
[2026-09-07T19:53:44.235+0000] {logging_mixin.py:190} INFO - [2026-09-07T19:53:44.234+0000] {dagbag.py:588} INFO - Filling up the DagBag from /opt/airflow/dags/05_etl_weather_postgres.py
[2026-09-07T19:53:44.251+0000] {processor.py:925} INFO - DAG(s) 'etl_weather_postgres_dag' retrieved from /opt/airflow/dags/05_etl_weather_postgres.py
[2026-09-07T19:53:44.431+0000] {logging_mixin.py:190} INFO - [2026-09-07T19:53:44.431+0000] {dag.py:3239} INFO - Sync 1 DAGs
[2026-09-07T19:53:44.444+0000] {logging_mixin.py:190} INFO - [2026-09-07T19:53:44.444+0000] {dag.py:4180} INFO - Setting next_dagrun for etl_weather_postgres_dag to None, run_after=None
[2026-09-07T19:53:44.463+0000] {processor.py:208} INFO - Processing /opt/airflow/dags/05_etl_weather_postgres.py took 0.236 seconds
[2026-09-07T19:54:15.384+0000] {processor.py:186} INFO - Started process (PID=173) to work on /opt/airflow/dags/05_etl_weather_postgres.py
[2026-09-07T19:54:15.385+0000] {processor.py:914} INFO - Processing file /opt/airflow/dags/05_etl_weather_postgres.py for tasks to queue
[2026-09-07T19:54:15.386+0000] {logging_mixin.py:190} INFO - [2026-09-07T19:54:15.386+0000] {dagbag.py:588} INFO - Filling up the DagBag from /opt/airflow/dags/05_etl_weather_postgres.py
[2026-09-07T19:54:15.403+0000] {processor.py:925} INFO - DAG(s) 'etl_weather_postgres_dag' retrieved from /opt/airflow/dags/05_etl_weather_postgres.py
[2026-09-07T19:54:15.429+0000] {logging_mixin.py:190} INFO - [2026-09-07T19:54:15.429+0000] {dag.py:3239} INFO - Sync 1 DAGs
[2026-09-07T19:54:15.446+0000] {logging_mixin.py:190} INFO - [2026-09-07T19:54:15.446+0000] {dag.py:4180} INFO - Setting next_dagrun for etl_weather_postgres_dag to None, run_after=None
[2026-09-07T19:54:15.464+0000] {processor.py:208} INFO - Processing /opt/airflow/dags/05_etl_weather_postgres.py took 0.085 seconds
[2026-09-07T19:54:45.980+0000] {processor.py:186} INFO - Started process (PID=187) to work on /opt/airflow/dags/05_etl_weather_postgres.py
[2026-09-07T19:54:45.981+0000] {processor.py:914} INFO - Processing file /opt/airflow/dags/05_etl_weather_postgres.py for tasks to queue
[2026-09-07T19:54:45.982+0000] {logging_mixin.py:190} INFO - [2026-09-07T19:54:45.982+0000] {dagbag.py:588} INFO - Filling up the DagBag from /opt/airflow/dags/05_etl_weather_postgres.py
[2026-09-07T19:54:46.001+0000] {processor.py:925} INFO - DAG(s) 'etl_weather_postgres_dag' retrieved from /opt/airflow/dags/05_etl_weather_postgres.py
[2026-09-07T19:54:46.031+0000] {logging_mixin.py:190} INFO - [2026-09-07T19:54:46.031+0000] {dag.py:3239} INFO - Sync 1 DAGs
[2026-09-07T19:54:46.045+0000] {logging_mixin.py:190} INFO - [2026-09-07T19:54:46.045+0000] {dag.py:4180} INFO - Setting next_dagrun for etl_weather_postgres_dag to None, run_after=None
[2026-09-07T19:54:46.063+0000] {processor.py:208} INFO - Processing /opt/airflow/dags/05_etl_weather_postgres.py took 0.090 seconds
[2026-09-07T19:55:16.606+0000] {processor.py:186} INFO - Started process (PID=201) to work on /opt/airflow/dags/05_etl_weather_postgres.py
[2026-09-07T19:55:16.607+0000] {processor.py:914} INFO - Processing file /opt/airflow/dags/05_etl_weather_postgres.py for tasks to queue
[2026-09-07T19:55:16.608+0000] {logging_mixin.py:190} INFO - [2026-09-07T19:55:16.608+0000] {dagbag.py:588} INFO - Filling up the DagBag from /opt/airflow/dags/05_etl_weather_postgres.py
[2026-09-07T19:55:16.624+0000] {processor.py:925} INFO - DAG(s) 'etl_weather_postgres_dag' retrieved from /opt/airflow/dags/05_etl_weather_postgres.py
[2026-09-07T19:55:16.648+0000] {logging_mixin.py:190} INFO - [2026-09-07T19:55:16.647+0000] {dag.py:3239} INFO - Sync 1 DAGs
[2026-09-07T19:55:16.664+0000] {logging_mixin.py:190} INFO - [2026-09-07T19:55:16.663+0000] {dag.py:4180} INFO - Setting next_dagrun for etl_weather_postgres_dag to None, run_after=None
[2026-09-07T19:55:16.683+0000] {processor.py:208} INFO - Processing /opt/airflow/dags/05_etl_weather_postgres.py took 0.083 seconds
[2026-09-07T19:55:47.167+0000] {processor.py:186} INFO - Started process (PID=215) to work on /opt/airflow/dags/05_etl_weather_postgres.py
[2026-09-07T19:55:47.168+0000] {processor.py:914} INFO - Processing file /opt/airflow/dags/05_etl_weather_postgres.py for tasks to queue
[2026-09-07T19:55:47.169+0000] {logging_mixin.py:190} INFO - [2026-09-07T19:55:47.169+0000] {dagbag.py:588} INFO - Filling up the DagBag from /opt/airflow/dags/05_etl_weather_postgres.py
[2026-09-07T19:55:47.183+0000] {processor.py:925} INFO - DAG(s) 'etl_weather_postgres_dag' retrieved from /opt/airflow/dags/05_etl_weather_postgres.py
[2026-09-07T19:55:47.210+0000] {logging_mixin.py:190} INFO - [2026-09-07T19:55:47.210+0000] {dag.py:3239} INFO - Sync 1 DAGs
[2026-09-07T19:55:47.224+0000] {logging_mixin.py:190} INFO - [2026-09-07T19:55:47.224+0000] {dag.py:4180} INFO - Setting next_dagrun for etl_weather_postgres_dag to None, run_after=None
[2026-09-07T19:55:47.244+0000] {processor.py:208} INFO - Processing /opt/airflow/dags/05_etl_weather_postgres.py took 0.081 seconds
[2026-09-07T19:56:17.730+0000] {processor.py:186} INFO - Started process (PID=229) to work on /opt/airflow/dags/05_etl_weather_postgres.py
[2026-09-07T19:56:17.731+0000] {processor.py:914} INFO - Processing file /opt/airflow/dags/05_etl_weather_postgres.py for tasks to queue
[2026-09-07T19:56:17.732+0000] {logging_mixin.py:190} INFO - [2026-09-07T19:56:17.731+0000] {dagbag.py:588} INFO - Filling up the DagBag from /opt/airflow/dags/05_etl_weather_postgres.py
[2026-09-07T19:56:17.748+0000] {processor.py:925} INFO - DAG(s) 'etl_weather_postgres_dag' retrieved from /opt/airflow/dags/05_etl_weather_postgres.py
[2026-09-07T19:56:17.773+0000] {logging_mixin.py:190} INFO - [2026-09-07T19:56:17.773+0000] {dag.py:3239} INFO - Sync 1 DAGs
[2026-09-07T19:56:17.787+0000] {logging_mixin.py:190} INFO - [2026-09-07T19:56:17.787+0000] {dag.py:4180} INFO - Setting next_dagrun for etl_weather_postgres_dag to None, run_after=None
[2026-09-07T19:56:17.804+0000] {processor.py:208} INFO - Processing /opt/airflow/dags/05_etl_weather_postgres.py took 0.078 seconds
[2026-09-07T19:56:48.367+0000] {processor.py:186} INFO - Started process (PID=243) to work on /opt/airflow/dags/05_etl_weather_postgres.py
[2026-09-07T19:56:48.368+0000] {processor.py:914} INFO - Processing file /opt/airflow/dags/05_etl_weather_postgres.py for tasks to queue
[2026-09-07T19:56:48.369+0000] {logging_mixin.py:190} INFO - [2026-09-07T19:56:48.369+0000] {dagbag.py:588} INFO - Filling up the DagBag from /opt/airflow/dags/05_etl_weather_postgres.py
[2026-09-07T19:56:48.389+0000] {processor.py:925} INFO - DAG(s) 'etl_weather_postgres_dag' retrieved from /opt/airflow/dags/05_etl_weather_postgres.py
[2026-09-07T19:56:48.427+0000] {logging_mixin.py:190} INFO - [2026-09-07T19:56:48.426+0000] {dag.py:3239} INFO - Sync 1 DAGs
[2026-09-07T19:56:48.443+0000] {logging_mixin.py:190} INFO - [2026-09-07T19:56:48.443+0000] {dag.py:4180} INFO - Setting next_dagrun for etl_weather_postgres_dag to None, run_after=None
[2026-09-07T19:56:48.467+0000] {processor.py:208} INFO - Processing /opt/airflow/dags/05_etl_weather_postgres.py took 0.107 seconds
[2026-09-07T19:57:18.992+0000] {processor.py:186} INFO - Started process (PID=258) to work on /opt/airflow/dags/05_etl_weather_postgres.py
[2026-09-07T19:57:18.993+0000] {processor.py:914} INFO - Processing file /opt/airflow/dags/05_etl_weather_postgres.py for tasks to queue
[2026-09-07T19:57:18.994+0000] {logging_mixin.py:190} INFO - [2026-09-07T19:57:18.993+0000] {dagbag.py:588} INFO - Filling up the DagBag from /opt/airflow/dags/05_etl_weather_postgres.py
[2026-09-07T19:57:19.009+0000] {processor.py:925} INFO - DAG(s) 'etl_weather_postgres_dag' retrieved from /opt/airflow/dags/05_etl_weather_postgres.py
[2026-09-07T19:57:19.036+0000] {logging_mixin.py:190} INFO - [2026-09-07T19:57:19.036+0000] {dag.py:3239} INFO - Sync 1 DAGs
[2026-09-07T19:57:19.049+0000] {logging_mixin.py:190} INFO - [2026-09-07T19:57:19.049+0000] {dag.py:4180} INFO - Setting next_dagrun for etl_weather_postgres_dag to None, run_after=None
[2026-09-07T19:57:19.067+0000] {processor.py:208} INFO - Processing /opt/airflow/dags/05_etl_weather_postgres.py took 0.081 seconds
[2026-09-07T19:57:49.572+0000] {processor.py:186} INFO - Started process (PID=272) to work on /opt/airflow/dags/05_etl_weather_postgres.py
[2026-09-07T19:57:49.573+0000] {processor.py:914} INFO - Processing file /opt/airflow/dags/05_etl_weather_postgres.py for tasks to queue
[2026-09-07T19:57:49.574+0000] {logging_mixin.py:190} INFO - [2026-09-07T19:57:49.573+0000] {dagbag.py:588} INFO - Filling up the DagBag from /opt/airflow/dags/05_etl_weather_postgres.py
[2026-09-07T19:57:49.590+0000] {processor.py:925} INFO - DAG(s) 'etl_weather_postgres_dag' retrieved from /opt/airflow/dags/05_etl_weather_postgres.py
[2026-09-07T19:57:49.614+0000] {logging_mixin.py:190} INFO - [2026-09-07T19:57:49.614+0000] {dag.py:3239} INFO - Sync 1 DAGs
[2026-09-07T19:57:49.625+0000] {logging_mixin.py:190} INFO - [2026-09-07T19:57:49.625+0000] {dag.py:4180} INFO - Setting next_dagrun for etl_weather_postgres_dag to None, run_after=None
[2026-09-07T19:57:49.645+0000] {processor.py:208} INFO - Processing /opt/airflow/dags/05_etl_weather_postgres.py took 0.079 seconds
[2026-09-07T19:58:20.149+0000] {processor.py:186} INFO - Started process (PID=286) to work on /opt/airflow/dags/05_etl_weather_postgres.py
[2026-09-07T19:58:20.151+0000] {processor.py:914} INFO - Processing file /opt/airflow/dags/05_etl_weather_postgres.py for tasks to queue
[2026-09-07T19:58:20.152+0000] {logging_mixin.py:190} INFO - [2026-09-07T19:58:20.152+0000] {dagbag.py:588} INFO - Filling up the DagBag from /opt/airflow/dags/05_etl_weather_postgres.py
[2026-09-07T19:58:20.170+0000] {processor.py:925} INFO - DAG(s) 'etl_weather_postgres_dag' retrieved from /opt/airflow/dags/05_etl_weather_postgres.py
[2026-09-07T19:58:20.199+0000] {logging_mixin.py:190} INFO - [2026-09-07T19:58:20.199+0000] {dag.py:3239} INFO - Sync 1 DAGs
[2026-09-07T19:58:20.212+0000] {logging_mixin.py:190} INFO - [2026-09-07T19:58:20.211+0000] {dag.py:4180} INFO - Setting next_dagrun for etl_weather_postgres_dag to None, run_after=None
[2026-09-07T19:58:20.231+0000] {processor.py:208} INFO - Processing /opt/airflow/dags/05_etl_weather_postgres.py took 0.089 seconds
[2026-09-07T19:58:50.767+0000] {processor.py:186} INFO - Started process (PID=301) to work on /opt/airflow/dags/05_etl_weather_postgres.py
[2026-09-07T19:58:50.768+0000] {processor.py:914} INFO - Processing file /opt/airflow/dags/05_etl_weather_postgres.py for tasks to queue
[2026-09-07T19:58:50.770+0000] {logging_mixin.py:190} INFO - [2026-09-07T19:58:50.769+0000] {dagbag.py:588} INFO - Filling up the DagBag from /opt/airflow/dags/05_etl_weather_postgres.py
[2026-09-07T19:58:50.786+0000] {processor.py:925} INFO - DAG(s) 'etl_weather_postgres_dag' retrieved from /opt/airflow/dags/05_etl_weather_postgres.py
[2026-09-07T19:58:50.816+0000] {logging_mixin.py:190} INFO - [2026-09-07T19:58:50.816+0000] {dag.py:3239} INFO - Sync 1 DAGs
[2026-09-07T19:58:50.830+0000] {logging_mixin.py:190} INFO - [2026-09-07T19:58:50.829+0000] {dag.py:4180} INFO - Setting next_dagrun for etl_weather_postgres_dag to None, run_after=None
[2026-09-07T19:58:50.848+0000] {processor.py:208} INFO - Processing /opt/airflow/dags/05_etl_weather_postgres.py took 0.086 seconds
[2026-09-07T19:59:21.348+0000] {processor.py:186} INFO - Started process (PID=315) to work on /opt/airflow/dags/05_etl_weather_postgres.py
[2026-09-07T19:59:21.348+0000] {processor.py:914} INFO - Processing file /opt/airflow/dags/05_etl_weather_postgres.py for tasks to queue
[2026-09-07T19:59:21.349+0000] {logging_mixin.py:190} INFO - [2026-09-07T19:59:21.349+0000] {dagbag.py:588} INFO - Filling up the DagBag from /opt/airflow/dags/05_etl_weather_postgres.py
[2026-09-07T19:59:21.364+0000] {processor.py:925} INFO - DAG(s) 'etl_weather_postgres_dag' retrieved from /opt/airflow/dags/05_etl_weather_postgres.py
[2026-09-07T19:59:21.390+0000] {logging_mixin.py:190} INFO - [2026-09-07T19:59:21.390+0000] {dag.py:3239} INFO - Sync 1 DAGs
[2026-09-07T19:59:21.404+0000] {logging_mixin.py:190} INFO - [2026-09-07T19:59:21.404+0000] {dag.py:4180} INFO - Setting next_dagrun for etl_weather_postgres_dag to None, run_after=None
[2026-09-07T19:59:21.421+0000] {processor.py:208} INFO - Processing /opt/airflow/dags/05_etl_weather_postgres.py took 0.079 seconds
[2026-09-07T19:59:51.960+0000] {processor.py:186} INFO - Started process (PID=329) to work on /opt/airflow/dags/05_etl_weather_postgres.py
[2026-09-07T19:59:51.960+0000] {processor.py:914} INFO - Processing file /opt/airflow/dags/05_etl_weather_postgres.py for tasks to queue
[2026-09-07T19:59:51.961+0000] {logging_mixin.py:190} INFO - [2026-09-07T19:59:51.961+0000] {dagbag.py:588} INFO - Filling up the DagBag from /opt/airflow/dags/05_etl_weather_postgres.py
[2026-09-07T19:59:51.976+0000] {processor.py:925} INFO - DAG(s) 'etl_weather_postgres_dag' retrieved from /opt/airflow/dags/05_etl_weather_postgres.py
[2026-09-07T19:59:52.000+0000] {logging_mixin.py:190} INFO - [2026-09-07T19:59:52.000+0000] {dag.py:3239} INFO - Sync 1 DAGs
[2026-09-07T19:59:52.013+0000] {logging_mixin.py:190} INFO - [2026-09-07T19:59:52.013+0000] {dag.py:4180} INFO - Setting next_dagrun for etl_weather_postgres_dag to None, run_after=None
[2026-09-07T19:59:52.038+0000] {processor.py:208} INFO - Processing /opt/airflow/dags/05_etl_weather_postgres.py took 0.084 seconds
[2026-09-07T20:00:22.539+0000] {processor.py:186} INFO - Started process (PID=343) to work on /opt/airflow/dags/05_etl_weather_postgres.py
[2026-09-07T20:00:22.540+0000] {processor.py:914} INFO - Processing file /opt/airflow/dags/05_etl_weather_postgres.py for tasks to queue
[2026-09-07T20:00:22.541+0000] {logging_mixin.py:190} INFO - [2026-09-07T20:00:22.541+0000] {dagbag.py:588} INFO - Filling up the DagBag from /opt/airflow/dags/05_etl_weather_postgres.py
[2026-09-07T20:00:22.561+0000] {processor.py:925} INFO - DAG(s) 'etl_weather_postgres_dag' retrieved from /opt/airflow/dags/05_etl_weather_postgres.py
[2026-09-07T20:00:22.599+0000] {logging_mixin.py:190} INFO - [2026-09-07T20:00:22.599+0000] {dag.py:3239} INFO - Sync 1 DAGs
[2026-09-07T20:00:22.616+0000] {logging_mixin.py:190} INFO - [2026-09-07T20:00:22.616+0000] {dag.py:4180} INFO - Setting next_dagrun for etl_weather_postgres_dag to None, run_after=None
[2026-09-07T20:00:22.634+0000] {processor.py:208} INFO - Processing /opt/airflow/dags/05_etl_weather_postgres.py took 0.101 seconds
[2026-09-07T20:00:53.165+0000] {processor.py:186} INFO - Started process (PID=357) to work on /opt/airflow/dags/05_etl_weather_postgres.py
[2026-09-07T20:00:53.166+0000] {processor.py:914} INFO - Processing file /opt/airflow/dags/05_etl_weather_postgres.py for tasks to queue
[2026-09-07T20:00:53.167+0000] {logging_mixin.py:190} INFO - [2026-09-07T20:00:53.167+0000] {dagbag.py:588} INFO - Filling up the DagBag from /opt/airflow/dags/05_etl_weather_postgres.py
[2026-09-07T20:00:53.181+0000] {processor.py:925} INFO - DAG(s) 'etl_weather_postgres_dag' retrieved from /opt/airflow/dags/05_etl_weather_postgres.py
[2026-09-07T20:00:53.209+0000] {logging_mixin.py:190} INFO - [2026-09-07T20:00:53.209+0000] {dag.py:3239} INFO - Sync 1 DAGs
[2026-09-07T20:00:53.220+0000] {logging_mixin.py:190} INFO - [2026-09-07T20:00:53.220+0000] {dag.py:4180} INFO - Setting next_dagrun for etl_weather_postgres_dag to None, run_after=None
[2026-09-07T20:00:53.236+0000] {processor.py:208} INFO - Processing /opt/airflow/dags/05_etl_weather_postgres.py took 0.076 seconds
[2026-09-07T20:01:23.778+0000] {processor.py:186} INFO - Started process (PID=371) to work on /opt/airflow/dags/05_etl_weather_postgres.py
[2026-09-07T20:01:23.778+0000] {processor.py:914} INFO - Processing file /opt/airflow/dags/05_etl_weather_postgres.py for tasks to queue
[2026-09-07T20:01:23.780+0000] {logging_mixin.py:190} INFO - [2026-09-07T20:01:23.779+0000] {dagbag.py:588} INFO - Filling up the DagBag from /opt/airflow/dags/05_etl_weather_postgres.py
[2026-09-07T20:01:23.797+0000] {processor.py:925} INFO - DAG(s) 'etl_weather_postgres_dag' retrieved from /opt/airflow/dags/05_etl_weather_postgres.py
[2026-09-07T20:01:23.821+0000] {logging_mixin.py:190} INFO - [2026-09-07T20:01:23.821+0000] {dag.py:3239} INFO - Sync 1 DAGs
[2026-09-07T20:01:23.837+0000] {logging_mixin.py:190} INFO - [2026-09-07T20:01:23.836+0000] {dag.py:4180} INFO - Setting next_dagrun for etl_weather_postgres_dag to None, run_after=None
[2026-09-07T20:01:23.862+0000] {processor.py:208} INFO - Processing /opt/airflow/dags/05_etl_weather_postgres.py took 0.089 seconds
[2026-09-07T20:01:54.434+0000] {processor.py:186} INFO - Started process (PID=385) to work on /opt/airflow/dags/05_etl_weather_postgres.py
[2026-09-07T20:01:54.434+0000] {processor.py:914} INFO - Processing file /opt/airflow/dags/05_etl_weather_postgres.py for tasks to queue
[2026-09-07T20:01:54.435+0000] {logging_mixin.py:190} INFO - [2026-09-07T20:01:54.435+0000] {dagbag.py:588} INFO - Filling up the DagBag from /opt/airflow/dags/05_etl_weather_postgres.py
[2026-09-07T20:01:54.452+0000] {processor.py:925} INFO - DAG(s) 'etl_weather_postgres_dag' retrieved from /opt/airflow/dags/05_etl_weather_postgres.py
[2026-09-07T20:01:54.477+0000] {logging_mixin.py:190} INFO - [2026-09-07T20:01:54.477+0000] {dag.py:3239} INFO - Sync 1 DAGs
[2026-09-07T20:01:54.490+0000] {logging_mixin.py:190} INFO - [2026-09-07T20:01:54.489+0000] {dag.py:4180} INFO - Setting next_dagrun for etl_weather_postgres_dag to None, run_after=None
[2026-09-07T20:01:54.508+0000] {processor.py:208} INFO - Processing /opt/airflow/dags/05_etl_weather_postgres.py took 0.079 seconds
[2026-09-07T20:02:24.989+0000] {processor.py:186} INFO - Started process (PID=399) to work on /opt/airflow/dags/05_etl_weather_postgres.py
[2026-09-07T20:02:24.990+0000] {processor.py:914} INFO - Processing file /opt/airflow/dags/05_etl_weather_postgres.py for tasks to queue
[2026-09-07T20:02:24.991+0000] {logging_mixin.py:190} INFO - [2026-09-07T20:02:24.991+0000] {dagbag.py:588} INFO - Filling up the DagBag from /opt/airflow/dags/05_etl_weather_postgres.py
[2026-09-07T20:02:25.006+0000] {processor.py:925} INFO - DAG(s) 'etl_weather_postgres_dag' retrieved from /opt/airflow/dags/05_etl_weather_postgres.py
[2026-09-07T20:02:25.037+0000] {logging_mixin.py:190} INFO - [2026-09-07T20:02:25.037+0000] {dag.py:3239} INFO - Sync 1 DAGs
[2026-09-07T20:02:25.052+0000] {logging_mixin.py:190} INFO - [2026-09-07T20:02:25.052+0000] {dag.py:4180} INFO - Setting next_dagrun for etl_weather_postgres_dag to None, run_after=None
[2026-09-07T20:02:25.071+0000] {processor.py:208} INFO - Processing /opt/airflow/dags/05_etl_weather_postgres.py took 0.087 seconds
[2026-09-07T20:02:55.609+0000] {processor.py:186} INFO - Started process (PID=413) to work on /opt/airflow/dags/05_etl_weather_postgres.py
[2026-09-07T20:02:55.610+0000] {processor.py:914} INFO - Processing file /opt/airflow/dags/05_etl_weather_postgres.py for tasks to queue
[2026-09-07T20:02:55.611+0000] {logging_mixin.py:190} INFO - [2026-09-07T20:02:55.611+0000] {dagbag.py:588} INFO - Filling up the DagBag from /opt/airflow/dags/05_etl_weather_postgres.py
[2026-09-07T20:02:55.627+0000] {processor.py:925} INFO - DAG(s) 'etl_weather_postgres_dag' retrieved from /opt/airflow/dags/05_etl_weather_postgres.py
[2026-09-07T20:02:55.654+0000] {logging_mixin.py:190} INFO - [2026-09-07T20:02:55.654+0000] {dag.py:3239} INFO - Sync 1 DAGs
[2026-09-07T20:02:55.667+0000] {logging_mixin.py:190} INFO - [2026-09-07T20:02:55.667+0000] {dag.py:4180} INFO - Setting next_dagrun for etl_weather_postgres_dag to None, run_after=None
[2026-09-07T20:02:55.685+0000] {processor.py:208} INFO - Processing /opt/airflow/dags/05_etl_weather_postgres.py took 0.081 seconds
[2026-09-07T20:03:26.170+0000] {processor.py:186} INFO - Started process (PID=427) to work on /opt/airflow/dags/05_etl_weather_postgres.py
[2026-09-07T20:03:26.171+0000] {processor.py:914} INFO - Processing file /opt/airflow/dags/05_etl_weather_postgres.py for tasks to queue
[2026-09-07T20:03:26.172+0000] {logging_mixin.py:190} INFO - [2026-09-07T20:03:26.172+0000] {dagbag.py:588} INFO - Filling up the DagBag from /opt/airflow/dags/05_etl_weather_postgres.py
[2026-09-07T20:03:26.192+0000] {processor.py:925} INFO - DAG(s) 'etl_weather_postgres_dag' retrieved from /opt/airflow/dags/05_etl_weather_postgres.py
[2026-09-07T20:03:26.225+0000] {logging_mixin.py:190} INFO - [2026-09-07T20:03:26.224+0000] {dag.py:3239} INFO - Sync 1 DAGs
[2026-09-07T20:03:26.239+0000] {logging_mixin.py:190} INFO - [2026-09-07T20:03:26.239+0000] {dag.py:4180} INFO - Setting next_dagrun for etl_weather_postgres_dag to None, run_after=None
[2026-09-07T20:03:26.264+0000] {processor.py:208} INFO - Processing /opt/airflow/dags/05_etl_weather_postgres.py took 0.101 seconds
[2026-09-07T20:03:56.802+0000] {processor.py:186} INFO - Started process (PID=441) to work on /opt/airflow/dags/05_etl_weather_postgres.py
[2026-09-07T20:03:56.802+0000] {processor.py:914} INFO - Processing file /opt/airflow/dags/05_etl_weather_postgres.py for tasks to queue
[2026-09-07T20:03:56.804+0000] {logging_mixin.py:190} INFO - [2026-09-07T20:03:56.803+0000] {dagbag.py:588} INFO - Filling up the DagBag from /opt/airflow/dags/05_etl_weather_postgres.py
[2026-09-07T20:03:56.821+0000] {processor.py:925} INFO - DAG(s) 'etl_weather_postgres_dag' retrieved from /opt/airflow/dags/05_etl_weather_postgres.py
[2026-09-07T20:03:56.848+0000] {logging_mixin.py:190} INFO - [2026-09-07T20:03:56.848+0000] {dag.py:3239} INFO - Sync 1 DAGs
[2026-09-07T20:03:56.862+0000] {logging_mixin.py:190} INFO - [2026-09-07T20:03:56.862+0000] {dag.py:4180} INFO - Setting next_dagrun for etl_weather_postgres_dag to None, run_after=None
[2026-09-07T20:03:56.881+0000] {processor.py:208} INFO - Processing /opt/airflow/dags/05_etl_weather_postgres.py took 0.085 seconds
[2026-09-07T20:04:27.370+0000] {processor.py:186} INFO - Started process (PID=455) to work on /opt/airflow/dags/05_etl_weather_postgres.py
[2026-09-07T20:04:27.371+0000] {processor.py:914} INFO - Processing file /opt/airflow/dags/05_etl_weather_postgres.py for tasks to queue
[2026-09-07T20:04:27.372+0000] {logging_mixin.py:190} INFO - [2026-09-07T20:04:27.371+0000] {dagbag.py:588} INFO - Filling up the DagBag from /opt/airflow/dags/05_etl_weather_postgres.py
[2026-09-07T20:04:27.421+0000] {processor.py:925} INFO - DAG(s) 'etl_weather_postgres_dag' retrieved from /opt/airflow/dags/05_etl_weather_postgres.py
[2026-09-07T20:04:27.450+0000] {logging_mixin.py:190} INFO - [2026-09-07T20:04:27.450+0000] {dag.py:3239} INFO - Sync 1 DAGs
[2026-09-07T20:04:27.463+0000] {logging_mixin.py:190} INFO - [2026-09-07T20:04:27.462+0000] {dag.py:4180} INFO - Setting next_dagrun for etl_weather_postgres_dag to None, run_after=None
[2026-09-07T20:04:27.481+0000] {processor.py:208} INFO - Processing /opt/airflow/dags/05_etl_weather_postgres.py took 0.118 seconds
[2026-09-07T20:11:59.148+0000] {processor.py:186} INFO - Started process (PID=102) to work on /opt/airflow/dags/05_etl_weather_postgres.py
[2026-09-07T20:11:59.149+0000] {processor.py:914} INFO - Processing file /opt/airflow/dags/05_etl_weather_postgres.py for tasks to queue
[2026-09-07T20:11:59.150+0000] {logging_mixin.py:190} INFO - [2026-09-07T20:11:59.150+0000] {dagbag.py:588} INFO - Filling up the DagBag from /opt/airflow/dags/05_etl_weather_postgres.py
[2026-09-07T20:11:59.165+0000] {processor.py:925} INFO - DAG(s) 'etl_weather_postgres_dag' retrieved from /opt/airflow/dags/05_etl_weather_postgres.py
[2026-09-07T20:11:59.196+0000] {logging_mixin.py:190} INFO - [2026-09-07T20:11:59.196+0000] {dag.py:3239} INFO - Sync 1 DAGs
[2026-09-07T20:11:59.211+0000] {logging_mixin.py:190} INFO - [2026-09-07T20:11:59.210+0000] {dag.py:4180} INFO - Setting next_dagrun for etl_weather_postgres_dag to None, run_after=None
[2026-09-07T20:11:59.231+0000] {processor.py:208} INFO - Processing /opt/airflow/dags/05_etl_weather_postgres.py took 0.088 seconds
[2026-09-07T20:12:29.310+0000] {processor.py:186} INFO - Started process (PID=116) to work on /opt/airflow/dags/05_etl_weather_postgres.py
[2026-09-07T20:12:29.310+0000] {processor.py:914} INFO - Processing file /opt/airflow/dags/05_etl_weather_postgres.py for tasks to queue
[2026-09-07T20:12:29.312+0000] {logging_mixin.py:190} INFO - [2026-09-07T20:12:29.311+0000] {dagbag.py:588} INFO - Filling up the DagBag from /opt/airflow/dags/05_etl_weather_postgres.py
[2026-09-07T20:12:29.329+0000] {processor.py:925} INFO - DAG(s) 'etl_weather_postgres_dag' retrieved from /opt/airflow/dags/05_etl_weather_postgres.py
[2026-09-07T20:12:29.357+0000] {logging_mixin.py:190} INFO - [2026-09-07T20:12:29.357+0000] {dag.py:3239} INFO - Sync 1 DAGs
[2026-09-07T20:12:29.374+0000] {logging_mixin.py:190} INFO - [2026-09-07T20:12:29.373+0000] {dag.py:4180} INFO - Setting next_dagrun for etl_weather_postgres_dag to None, run_after=None
[2026-09-07T20:12:29.396+0000] {processor.py:208} INFO - Processing /opt/airflow/dags/05_etl_weather_postgres.py took 0.092 seconds
[2026-09-07T20:12:59.880+0000] {processor.py:186} INFO - Started process (PID=130) to work on /opt/airflow/dags/05_etl_weather_postgres.py
[2026-09-07T20:12:59.881+0000] {processor.py:914} INFO - Processing file /opt/airflow/dags/05_etl_weather_postgres.py for tasks to queue
[2026-09-07T20:12:59.882+0000] {logging_mixin.py:190} INFO - [2026-09-07T20:12:59.882+0000] {dagbag.py:588} INFO - Filling up the DagBag from /opt/airflow/dags/05_etl_weather_postgres.py
[2026-09-07T20:12:59.897+0000] {processor.py:925} INFO - DAG(s) 'etl_weather_postgres_dag' retrieved from /opt/airflow/dags/05_etl_weather_postgres.py
[2026-09-07T20:12:59.933+0000] {logging_mixin.py:190} INFO - [2026-09-07T20:12:59.933+0000] {dag.py:3239} INFO - Sync 1 DAGs
[2026-09-07T20:12:59.952+0000] {logging_mixin.py:190} INFO - [2026-09-07T20:12:59.952+0000] {dag.py:4180} INFO - Setting next_dagrun for etl_weather_postgres_dag to None, run_after=None
[2026-09-07T20:12:59.969+0000] {processor.py:208} INFO - Processing /opt/airflow/dags/05_etl_weather_postgres.py took 0.094 seconds
[2026-09-07T20:13:30.590+0000] {processor.py:186} INFO - Started process (PID=144) to work on /opt/airflow/dags/05_etl_weather_postgres.py
[2026-09-07T20:13:30.591+0000] {processor.py:914} INFO - Processing file /opt/airflow/dags/05_etl_weather_postgres.py for tasks to queue
[2026-09-07T20:13:30.592+0000] {logging_mixin.py:190} INFO - [2026-09-07T20:13:30.592+0000] {dagbag.py:588} INFO - Filling up the DagBag from /opt/airflow/dags/05_etl_weather_postgres.py
[2026-09-07T20:13:30.608+0000] {processor.py:925} INFO - DAG(s) 'etl_weather_postgres_dag' retrieved from /opt/airflow/dags/05_etl_weather_postgres.py
[2026-09-07T20:13:30.640+0000] {logging_mixin.py:190} INFO - [2026-09-07T20:13:30.640+0000] {dag.py:3239} INFO - Sync 1 DAGs
[2026-09-07T20:13:30.655+0000] {logging_mixin.py:190} INFO - [2026-09-07T20:13:30.655+0000] {dag.py:4180} INFO - Setting next_dagrun for etl_weather_postgres_dag to None, run_after=None
[2026-09-07T20:13:30.677+0000] {processor.py:208} INFO - Processing /opt/airflow/dags/05_etl_weather_postgres.py took 0.093 seconds
[2026-09-07T20:14:01.680+0000] {processor.py:186} INFO - Started process (PID=158) to work on /opt/airflow/dags/05_etl_weather_postgres.py
[2026-09-07T20:14:01.680+0000] {processor.py:914} INFO - Processing file /opt/airflow/dags/05_etl_weather_postgres.py for tasks to queue
[2026-09-07T20:14:01.681+0000] {logging_mixin.py:190} INFO - [2026-09-07T20:14:01.681+0000] {dagbag.py:588} INFO - Filling up the DagBag from /opt/airflow/dags/05_etl_weather_postgres.py
[2026-09-07T20:14:01.696+0000] {processor.py:925} INFO - DAG(s) 'etl_weather_postgres_dag' retrieved from /opt/airflow/dags/05_etl_weather_postgres.py
[2026-09-07T20:14:01.853+0000] {logging_mixin.py:190} INFO - [2026-09-07T20:14:01.853+0000] {dag.py:3239} INFO - Sync 1 DAGs
[2026-09-07T20:14:01.865+0000] {logging_mixin.py:190} INFO - [2026-09-07T20:14:01.865+0000] {dag.py:4180} INFO - Setting next_dagrun for etl_weather_postgres_dag to None, run_after=None
[2026-09-07T20:14:01.883+0000] {processor.py:208} INFO - Processing /opt/airflow/dags/05_etl_weather_postgres.py took 0.207 seconds
[2026-09-07T20:14:32.700+0000] {processor.py:186} INFO - Started process (PID=172) to work on /opt/airflow/dags/05_etl_weather_postgres.py
[2026-09-07T20:14:32.701+0000] {processor.py:914} INFO - Processing file /opt/airflow/dags/05_etl_weather_postgres.py for tasks to queue
[2026-09-07T20:14:32.702+0000] {logging_mixin.py:190} INFO - [2026-09-07T20:14:32.702+0000] {dagbag.py:588} INFO - Filling up the DagBag from /opt/airflow/dags/05_etl_weather_postgres.py
[2026-09-07T20:14:32.717+0000] {processor.py:925} INFO - DAG(s) 'etl_weather_postgres_dag' retrieved from /opt/airflow/dags/05_etl_weather_postgres.py
[2026-09-07T20:14:32.739+0000] {logging_mixin.py:190} INFO - [2026-09-07T20:14:32.739+0000] {dag.py:3239} INFO - Sync 1 DAGs
[2026-09-07T20:14:32.751+0000] {logging_mixin.py:190} INFO - [2026-09-07T20:14:32.751+0000] {dag.py:4180} INFO - Setting next_dagrun for etl_weather_postgres_dag to None, run_after=None
[2026-09-07T20:14:32.771+0000] {processor.py:208} INFO - Processing /opt/airflow/dags/05_etl_weather_postgres.py took 0.075 seconds
[2026-09-07T20:15:03.439+0000] {processor.py:186} INFO - Started process (PID=186) to work on /opt/airflow/dags/05_etl_weather_postgres.py
[2026-09-07T20:15:03.439+0000] {processor.py:914} INFO - Processing file /opt/airflow/dags/05_etl_weather_postgres.py for tasks to queue
[2026-09-07T20:15:03.441+0000] {logging_mixin.py:190} INFO - [2026-09-07T20:15:03.440+0000] {dagbag.py:588} INFO - Filling up the DagBag from /opt/airflow/dags/05_etl_weather_postgres.py
[2026-09-07T20:15:03.455+0000] {processor.py:925} INFO - DAG(s) 'etl_weather_postgres_dag' retrieved from /opt/airflow/dags/05_etl_weather_postgres.py
[2026-09-07T20:15:03.480+0000] {logging_mixin.py:190} INFO - [2026-09-07T20:15:03.479+0000] {dag.py:3239} INFO - Sync 1 DAGs
[2026-09-07T20:15:03.494+0000] {logging_mixin.py:190} INFO - [2026-09-07T20:15:03.493+0000] {dag.py:4180} INFO - Setting next_dagrun for etl_weather_postgres_dag to None, run_after=None
[2026-09-07T20:15:03.510+0000] {processor.py:208} INFO - Processing /opt/airflow/dags/05_etl_weather_postgres.py took 0.077 seconds
[2026-09-07T20:15:34.000+0000] {processor.py:186} INFO - Started process (PID=200) to work on /opt/airflow/dags/05_etl_weather_postgres.py
[2026-09-07T20:15:34.001+0000] {processor.py:914} INFO - Processing file /opt/airflow/dags/05_etl_weather_postgres.py for tasks to queue
[2026-09-07T20:15:34.002+0000] {logging_mixin.py:190} INFO - [2026-09-07T20:15:34.001+0000] {dagbag.py:588} INFO - Filling up the DagBag from /opt/airflow/dags/05_etl_weather_postgres.py
[2026-09-07T20:15:34.016+0000] {processor.py:925} INFO - DAG(s) 'etl_weather_postgres_dag' retrieved from /opt/airflow/dags/05_etl_weather_postgres.py
[2026-09-07T20:15:34.044+0000] {logging_mixin.py:190} INFO - [2026-09-07T20:15:34.044+0000] {dag.py:3239} INFO - Sync 1 DAGs
[2026-09-07T20:15:34.058+0000] {logging_mixin.py:190} INFO - [2026-09-07T20:15:34.058+0000] {dag.py:4180} INFO - Setting next_dagrun for etl_weather_postgres_dag to None, run_after=None
[2026-09-07T20:15:34.077+0000] {processor.py:208} INFO - Processing /opt/airflow/dags/05_etl_weather_postgres.py took 0.082 seconds
[2026-09-07T20:16:04.587+0000] {processor.py:186} INFO - Started process (PID=214) to work on /opt/airflow/dags/05_etl_weather_postgres.py
[2026-09-07T20:16:04.588+0000] {processor.py:914} INFO - Processing file /opt/airflow/dags/05_etl_weather_postgres.py for tasks to queue
[2026-09-07T20:16:04.589+0000] {logging_mixin.py:190} INFO - [2026-09-07T20:16:04.588+0000] {dagbag.py:588} INFO - Filling up the DagBag from /opt/airflow/dags/05_etl_weather_postgres.py
[2026-09-07T20:16:04.602+0000] {processor.py:925} INFO - DAG(s) 'etl_weather_postgres_dag' retrieved from /opt/airflow/dags/05_etl_weather_postgres.py
[2026-09-07T20:16:04.630+0000] {logging_mixin.py:190} INFO - [2026-09-07T20:16:04.629+0000] {dag.py:3239} INFO - Sync 1 DAGs
[2026-09-07T20:16:04.644+0000] {logging_mixin.py:190} INFO - [2026-09-07T20:16:04.644+0000] {dag.py:4180} INFO - Setting next_dagrun for etl_weather_postgres_dag to None, run_after=None
[2026-09-07T20:16:04.664+0000] {processor.py:208} INFO - Processing /opt/airflow/dags/05_etl_weather_postgres.py took 0.081 seconds
[2026-09-07T20:16:35.098+0000] {processor.py:186} INFO - Started process (PID=228) to work on /opt/airflow/dags/05_etl_weather_postgres.py
[2026-09-07T20:16:35.098+0000] {processor.py:914} INFO - Processing file /opt/airflow/dags/05_etl_weather_postgres.py for tasks to queue
[2026-09-07T20:16:35.099+0000] {logging_mixin.py:190} INFO - [2026-09-07T20:16:35.099+0000] {dagbag.py:588} INFO - Filling up the DagBag from /opt/airflow/dags/05_etl_weather_postgres.py
[2026-09-07T20:16:35.114+0000] {processor.py:925} INFO - DAG(s) 'etl_weather_postgres_dag' retrieved from /opt/airflow/dags/05_etl_weather_postgres.py
[2026-09-07T20:16:35.141+0000] {logging_mixin.py:190} INFO - [2026-09-07T20:16:35.141+0000] {dag.py:3239} INFO - Sync 1 DAGs
[2026-09-07T20:16:35.156+0000] {logging_mixin.py:190} INFO - [2026-09-07T20:16:35.155+0000] {dag.py:4180} INFO - Setting next_dagrun for etl_weather_postgres_dag to None, run_after=None
[2026-09-07T20:16:35.175+0000] {processor.py:208} INFO - Processing /opt/airflow/dags/05_etl_weather_postgres.py took 0.082 seconds
[2026-09-07T20:17:05.577+0000] {processor.py:186} INFO - Started process (PID=242) to work on /opt/airflow/dags/05_etl_weather_postgres.py
[2026-09-07T20:17:05.578+0000] {processor.py:914} INFO - Processing file /opt/airflow/dags/05_etl_weather_postgres.py for tasks to queue
[2026-09-07T20:17:05.579+0000] {logging_mixin.py:190} INFO - [2026-09-07T20:17:05.579+0000] {dagbag.py:588} INFO - Filling up the DagBag from /opt/airflow/dags/05_etl_weather_postgres.py
[2026-09-07T20:17:05.592+0000] {processor.py:925} INFO - DAG(s) 'etl_weather_postgres_dag' retrieved from /opt/airflow/dags/05_etl_weather_postgres.py
[2026-09-07T20:17:05.614+0000] {logging_mixin.py:190} INFO - [2026-09-07T20:17:05.614+0000] {dag.py:3239} INFO - Sync 1 DAGs
[2026-09-07T20:17:05.625+0000] {logging_mixin.py:190} INFO - [2026-09-07T20:17:05.625+0000] {dag.py:4180} INFO - Setting next_dagrun for etl_weather_postgres_dag to None, run_after=None
[2026-09-07T20:17:05.641+0000] {processor.py:208} INFO - Processing /opt/airflow/dags/05_etl_weather_postgres.py took 0.069 seconds
[2026-09-07T20:17:36.239+0000] {processor.py:186} INFO - Started process (PID=256) to work on /opt/airflow/dags/05_etl_weather_postgres.py
[2026-09-07T20:17:36.240+0000] {processor.py:914} INFO - Processing file /opt/airflow/dags/05_etl_weather_postgres.py for tasks to queue
[2026-09-07T20:17:36.242+0000] {logging_mixin.py:190} INFO - [2026-09-07T20:17:36.241+0000] {dagbag.py:588} INFO - Filling up the DagBag from /opt/airflow/dags/05_etl_weather_postgres.py
[2026-09-07T20:17:36.260+0000] {processor.py:925} INFO - DAG(s) 'etl_weather_postgres_dag' retrieved from /opt/airflow/dags/05_etl_weather_postgres.py
[2026-09-07T20:17:36.288+0000] {logging_mixin.py:190} INFO - [2026-09-07T20:17:36.287+0000] {dag.py:3239} INFO - Sync 1 DAGs
[2026-09-07T20:17:36.301+0000] {logging_mixin.py:190} INFO - [2026-09-07T20:17:36.301+0000] {dag.py:4180} INFO - Setting next_dagrun for etl_weather_postgres_dag to None, run_after=None
[2026-09-07T20:17:36.323+0000] {processor.py:208} INFO - Processing /opt/airflow/dags/05_etl_weather_postgres.py took 0.092 seconds
[2026-09-07T20:18:06.928+0000] {processor.py:186} INFO - Started process (PID=270) to work on /opt/airflow/dags/05_etl_weather_postgres.py
[2026-09-07T20:18:06.928+0000] {processor.py:914} INFO - Processing file /opt/airflow/dags/05_etl_weather_postgres.py for tasks to queue
[2026-09-07T20:18:06.929+0000] {logging_mixin.py:190} INFO - [2026-09-07T20:18:06.929+0000] {dagbag.py:588} INFO - Filling up the DagBag from /opt/airflow/dags/05_etl_weather_postgres.py
[2026-09-07T20:18:06.942+0000] {processor.py:925} INFO - DAG(s) 'etl_weather_postgres_dag' retrieved from /opt/airflow/dags/05_etl_weather_postgres.py
[2026-09-07T20:18:06.963+0000] {logging_mixin.py:190} INFO - [2026-09-07T20:18:06.963+0000] {dag.py:3239} INFO - Sync 1 DAGs
[2026-09-07T20:18:06.977+0000] {logging_mixin.py:190} INFO - [2026-09-07T20:18:06.976+0000] {dag.py:4180} INFO - Setting next_dagrun for etl_weather_postgres_dag to None, run_after=None
[2026-09-07T20:18:07.001+0000] {processor.py:208} INFO - Processing /opt/airflow/dags/05_etl_weather_postgres.py took 0.077 seconds
[2026-09-07T20:18:37.616+0000] {processor.py:186} INFO - Started process (PID=284) to work on /opt/airflow/dags/05_etl_weather_postgres.py
[2026-09-07T20:18:37.617+0000] {processor.py:914} INFO - Processing file /opt/airflow/dags/05_etl_weather_postgres.py for tasks to queue
[2026-09-07T20:18:37.618+0000] {logging_mixin.py:190} INFO - [2026-09-07T20:18:37.618+0000] {dagbag.py:588} INFO - Filling up the DagBag from /opt/airflow/dags/05_etl_weather_postgres.py
[2026-09-07T20:18:37.631+0000] {processor.py:925} INFO - DAG(s) 'etl_weather_postgres_dag' retrieved from /opt/airflow/dags/05_etl_weather_postgres.py
[2026-09-07T20:18:37.654+0000] {logging_mixin.py:190} INFO - [2026-09-07T20:18:37.654+0000] {dag.py:3239} INFO - Sync 1 DAGs
[2026-09-07T20:18:37.665+0000] {logging_mixin.py:190} INFO - [2026-09-07T20:18:37.665+0000] {dag.py:4180} INFO - Setting next_dagrun for etl_weather_postgres_dag to None, run_after=None
[2026-09-07T20:18:37.681+0000] {processor.py:208} INFO - Processing /opt/airflow/dags/05_etl_weather_postgres.py took 0.069 seconds
[2026-09-07T20:19:08.256+0000] {processor.py:186} INFO - Started process (PID=298) to work on /opt/airflow/dags/05_etl_weather_postgres.py
[2026-09-07T20:19:08.256+0000] {processor.py:914} INFO - Processing file /opt/airflow/dags/05_etl_weather_postgres.py for tasks to queue
[2026-09-07T20:19:08.257+0000] {logging_mixin.py:190} INFO - [2026-09-07T20:19:08.257+0000] {dagbag.py:588} INFO - Filling up the DagBag from /opt/airflow/dags/05_etl_weather_postgres.py
[2026-09-07T20:19:08.270+0000] {processor.py:925} INFO - DAG(s) 'etl_weather_postgres_dag' retrieved from /opt/airflow/dags/05_etl_weather_postgres.py
[2026-09-07T20:19:08.293+0000] {logging_mixin.py:190} INFO - [2026-09-07T20:19:08.293+0000] {dag.py:3239} INFO - Sync 1 DAGs
[2026-09-07T20:19:08.306+0000] {logging_mixin.py:190} INFO - [2026-09-07T20:19:08.306+0000] {dag.py:4180} INFO - Setting next_dagrun for etl_weather_postgres_dag to None, run_after=None
[2026-09-07T20:19:08.324+0000] {processor.py:208} INFO - Processing /opt/airflow/dags/05_etl_weather_postgres.py took 0.073 seconds
[2026-09-07T20:19:38.915+0000] {processor.py:186} INFO - Started process (PID=312) to work on /opt/airflow/dags/05_etl_weather_postgres.py
[2026-09-07T20:19:38.915+0000] {processor.py:914} INFO - Processing file /opt/airflow/dags/05_etl_weather_postgres.py for tasks to queue
[2026-09-07T20:19:38.916+0000] {logging_mixin.py:190} INFO - [2026-09-07T20:19:38.916+0000] {dagbag.py:588} INFO - Filling up the DagBag from /opt/airflow/dags/05_etl_weather_postgres.py
[2026-09-07T20:19:38.931+0000] {processor.py:925} INFO - DAG(s) 'etl_weather_postgres_dag' retrieved from /opt/airflow/dags/05_etl_weather_postgres.py
[2026-09-07T20:19:38.953+0000] {logging_mixin.py:190} INFO - [2026-09-07T20:19:38.953+0000] {dag.py:3239} INFO - Sync 1 DAGs
[2026-09-07T20:19:38.964+0000] {logging_mixin.py:190} INFO - [2026-09-07T20:19:38.964+0000] {dag.py:4180} INFO - Setting next_dagrun for etl_weather_postgres_dag to None, run_after=None
[2026-09-07T20:19:38.982+0000] {processor.py:208} INFO - Processing /opt/airflow/dags/05_etl_weather_postgres.py took 0.072 seconds
[2026-09-07T20:20:09.470+0000] {processor.py:186} INFO - Started process (PID=326) to work on /opt/airflow/dags/05_etl_weather_postgres.py
[2026-09-07T20:20:09.471+0000] {processor.py:914} INFO - Processing file /opt/airflow/dags/05_etl_weather_postgres.py for tasks to queue
[2026-09-07T20:20:09.472+0000] {logging_mixin.py:190} INFO - [2026-09-07T20:20:09.472+0000] {dagbag.py:588} INFO - Filling up the DagBag from /opt/airflow/dags/05_etl_weather_postgres.py
[2026-09-07T20:20:09.484+0000] {processor.py:925} INFO - DAG(s) 'etl_weather_postgres_dag' retrieved from /opt/airflow/dags/05_etl_weather_postgres.py
[2026-09-07T20:20:09.505+0000] {logging_mixin.py:190} INFO - [2026-09-07T20:20:09.505+0000] {dag.py:3239} INFO - Sync 1 DAGs
[2026-09-07T20:20:09.517+0000] {logging_mixin.py:190} INFO - [2026-09-07T20:20:09.517+0000] {dag.py:4180} INFO - Setting next_dagrun for etl_weather_postgres_dag to None, run_after=None
[2026-09-07T20:20:09.535+0000] {processor.py:208} INFO - Processing /opt/airflow/dags/05_etl_weather_postgres.py took 0.069 seconds
[2026-09-07T20:20:40.030+0000] {processor.py:186} INFO - Started process (PID=339) to work on /opt/airflow/dags/05_etl_weather_postgres.py
[2026-09-07T20:20:40.031+0000] {processor.py:914} INFO - Processing file /opt/airflow/dags/05_etl_weather_postgres.py for tasks to queue
[2026-09-07T20:20:40.032+0000] {logging_mixin.py:190} INFO - [2026-09-07T20:20:40.032+0000] {dagbag.py:588} INFO - Filling up the DagBag from /opt/airflow/dags/05_etl_weather_postgres.py
[2026-09-07T20:20:40.045+0000] {processor.py:925} INFO - DAG(s) 'etl_weather_postgres_dag' retrieved from /opt/airflow/dags/05_etl_weather_postgres.py
[2026-09-07T20:20:40.071+0000] {logging_mixin.py:190} INFO - [2026-09-07T20:20:40.071+0000] {dag.py:3239} INFO - Sync 1 DAGs
[2026-09-07T20:20:40.084+0000] {logging_mixin.py:190} INFO - [2026-09-07T20:20:40.084+0000] {dag.py:4180} INFO - Setting next_dagrun for etl_weather_postgres_dag to None, run_after=None
[2026-09-07T20:20:40.105+0000] {processor.py:208} INFO - Processing /opt/airflow/dags/05_etl_weather_postgres.py took 0.080 seconds
[2026-09-07T20:21:10.622+0000] {processor.py:186} INFO - Started process (PID=354) to work on /opt/airflow/dags/05_etl_weather_postgres.py
[2026-09-07T20:21:10.623+0000] {processor.py:914} INFO - Processing file /opt/airflow/dags/05_etl_weather_postgres.py for tasks to queue
[2026-09-07T20:21:10.624+0000] {logging_mixin.py:190} INFO - [2026-09-07T20:21:10.624+0000] {dagbag.py:588} INFO - Filling up the DagBag from /opt/airflow/dags/05_etl_weather_postgres.py
[2026-09-07T20:21:10.643+0000] {processor.py:925} INFO - DAG(s) 'etl_weather_postgres_dag' retrieved from /opt/airflow/dags/05_etl_weather_postgres.py
[2026-09-07T20:21:10.676+0000] {logging_mixin.py:190} INFO - [2026-09-07T20:21:10.675+0000] {dag.py:3239} INFO - Sync 1 DAGs
[2026-09-07T20:21:10.691+0000] {logging_mixin.py:190} INFO - [2026-09-07T20:21:10.691+0000] {dag.py:4180} INFO - Setting next_dagrun for etl_weather_postgres_dag to None, run_after=None
[2026-09-07T20:21:10.714+0000] {processor.py:208} INFO - Processing /opt/airflow/dags/05_etl_weather_postgres.py took 0.098 seconds
[2026-09-07T20:21:41.223+0000] {processor.py:186} INFO - Started process (PID=368) to work on /opt/airflow/dags/05_etl_weather_postgres.py
[2026-09-07T20:21:41.224+0000] {processor.py:914} INFO - Processing file /opt/airflow/dags/05_etl_weather_postgres.py for tasks to queue
[2026-09-07T20:21:41.225+0000] {logging_mixin.py:190} INFO - [2026-09-07T20:21:41.225+0000] {dagbag.py:588} INFO - Filling up the DagBag from /opt/airflow/dags/05_etl_weather_postgres.py
[2026-09-07T20:21:41.238+0000] {processor.py:925} INFO - DAG(s) 'etl_weather_postgres_dag' retrieved from /opt/airflow/dags/05_etl_weather_postgres.py
[2026-09-07T20:21:41.262+0000] {logging_mixin.py:190} INFO - [2026-09-07T20:21:41.262+0000] {dag.py:3239} INFO - Sync 1 DAGs
[2026-09-07T20:21:41.274+0000] {logging_mixin.py:190} INFO - [2026-09-07T20:21:41.274+0000] {dag.py:4180} INFO - Setting next_dagrun for etl_weather_postgres_dag to None, run_after=None
[2026-09-07T20:21:41.291+0000] {processor.py:208} INFO - Processing /opt/airflow/dags/05_etl_weather_postgres.py took 0.072 seconds
[2026-09-07T20:22:11.782+0000] {processor.py:186} INFO - Started process (PID=382) to work on /opt/airflow/dags/05_etl_weather_postgres.py
[2026-09-07T20:22:11.782+0000] {processor.py:914} INFO - Processing file /opt/airflow/dags/05_etl_weather_postgres.py for tasks to queue
[2026-09-07T20:22:11.784+0000] {logging_mixin.py:190} INFO - [2026-09-07T20:22:11.783+0000] {dagbag.py:588} INFO - Filling up the DagBag from /opt/airflow/dags/05_etl_weather_postgres.py
[2026-09-07T20:22:11.798+0000] {processor.py:925} INFO - DAG(s) 'etl_weather_postgres_dag' retrieved from /opt/airflow/dags/05_etl_weather_postgres.py
[2026-09-07T20:22:11.822+0000] {logging_mixin.py:190} INFO - [2026-09-07T20:22:11.822+0000] {dag.py:3239} INFO - Sync 1 DAGs
[2026-09-07T20:22:11.836+0000] {logging_mixin.py:190} INFO - [2026-09-07T20:22:11.835+0000] {dag.py:4180} INFO - Setting next_dagrun for etl_weather_postgres_dag to None, run_after=None
[2026-09-07T20:22:11.853+0000] {processor.py:208} INFO - Processing /opt/airflow/dags/05_etl_weather_postgres.py took 0.075 seconds
[2026-09-07T20:22:42.360+0000] {processor.py:186} INFO - Started process (PID=396) to work on /opt/airflow/dags/05_etl_weather_postgres.py
[2026-09-07T20:22:42.361+0000] {processor.py:914} INFO - Processing file /opt/airflow/dags/05_etl_weather_postgres.py for tasks to queue
[2026-09-07T20:22:42.362+0000] {logging_mixin.py:190} INFO - [2026-09-07T20:22:42.361+0000] {dagbag.py:588} INFO - Filling up the DagBag from /opt/airflow/dags/05_etl_weather_postgres.py
[2026-09-07T20:22:42.375+0000] {processor.py:925} INFO - DAG(s) 'etl_weather_postgres_dag' retrieved from /opt/airflow/dags/05_etl_weather_postgres.py
[2026-09-07T20:22:42.398+0000] {logging_mixin.py:190} INFO - [2026-09-07T20:22:42.398+0000] {dag.py:3239} INFO - Sync 1 DAGs
[2026-09-07T20:22:42.409+0000] {logging_mixin.py:190} INFO - [2026-09-07T20:22:42.409+0000] {dag.py:4180} INFO - Setting next_dagrun for etl_weather_postgres_dag to None, run_after=None
[2026-09-07T20:22:42.424+0000] {processor.py:208} INFO - Processing /opt/airflow/dags/05_etl_weather_postgres.py took 0.069 seconds
[2026-09-07T20:23:12.983+0000] {processor.py:186} INFO - Started process (PID=410) to work on /opt/airflow/dags/05_etl_weather_postgres.py
[2026-09-07T20:23:12.984+0000] {processor.py:914} INFO - Processing file /opt/airflow/dags/05_etl_weather_postgres.py for tasks to queue
[2026-09-07T20:23:12.986+0000] {logging_mixin.py:190} INFO - [2026-09-07T20:23:12.985+0000] {dagbag.py:588} INFO - Filling up the DagBag from /opt/airflow/dags/05_etl_weather_postgres.py
[2026-09-07T20:23:13.002+0000] {processor.py:925} INFO - DAG(s) 'etl_weather_postgres_dag' retrieved from /opt/airflow/dags/05_etl_weather_postgres.py
[2026-09-07T20:23:13.029+0000] {logging_mixin.py:190} INFO - [2026-09-07T20:23:13.029+0000] {dag.py:3239} INFO - Sync 1 DAGs
[2026-09-07T20:23:13.046+0000] {logging_mixin.py:190} INFO - [2026-09-07T20:23:13.046+0000] {dag.py:4180} INFO - Setting next_dagrun for etl_weather_postgres_dag to None, run_after=None
[2026-09-07T20:23:13.067+0000] {processor.py:208} INFO - Processing /opt/airflow/dags/05_etl_weather_postgres.py took 0.088 seconds
[2026-09-07T20:23:43.617+0000] {processor.py:186} INFO - Started process (PID=424) to work on /opt/airflow/dags/05_etl_weather_postgres.py
[2026-09-07T20:23:43.618+0000] {processor.py:914} INFO - Processing file /opt/airflow/dags/05_etl_weather_postgres.py for tasks to queue
[2026-09-07T20:23:43.619+0000] {logging_mixin.py:190} INFO - [2026-09-07T20:23:43.618+0000] {dagbag.py:588} INFO - Filling up the DagBag from /opt/airflow/dags/05_etl_weather_postgres.py
[2026-09-07T20:23:43.635+0000] {processor.py:925} INFO - DAG(s) 'etl_weather_postgres_dag' retrieved from /opt/airflow/dags/05_etl_weather_postgres.py
[2026-09-07T20:23:43.661+0000] {logging_mixin.py:190} INFO - [2026-09-07T20:23:43.661+0000] {dag.py:3239} INFO - Sync 1 DAGs
[2026-09-07T20:23:43.675+0000] {logging_mixin.py:190} INFO - [2026-09-07T20:23:43.675+0000] {dag.py:4180} INFO - Setting next_dagrun for etl_weather_postgres_dag to None, run_after=None
[2026-09-07T20:23:43.693+0000] {processor.py:208} INFO - Processing /opt/airflow/dags/05_etl_weather_postgres.py took 0.081 seconds
[2026-09-07T20:24:14.314+0000] {processor.py:186} INFO - Started process (PID=438) to work on /opt/airflow/dags/05_etl_weather_postgres.py
[2026-09-07T20:24:14.314+0000] {processor.py:914} INFO - Processing file /opt/airflow/dags/05_etl_weather_postgres.py for tasks to queue
[2026-09-07T20:24:14.316+0000] {logging_mixin.py:190} INFO - [2026-09-07T20:24:14.315+0000] {dagbag.py:588} INFO - Filling up the DagBag from /opt/airflow/dags/05_etl_weather_postgres.py
[2026-09-07T20:24:14.330+0000] {processor.py:925} INFO - DAG(s) 'etl_weather_postgres_dag' retrieved from /opt/airflow/dags/05_etl_weather_postgres.py
[2026-09-07T20:24:14.351+0000] {logging_mixin.py:190} INFO - [2026-09-07T20:24:14.351+0000] {dag.py:3239} INFO - Sync 1 DAGs
[2026-09-07T20:24:14.363+0000] {logging_mixin.py:190} INFO - [2026-09-07T20:24:14.363+0000] {dag.py:4180} INFO - Setting next_dagrun for etl_weather_postgres_dag to None, run_after=None
[2026-09-07T20:24:14.379+0000] {processor.py:208} INFO - Processing /opt/airflow/dags/05_etl_weather_postgres.py took 0.070 seconds
[2026-09-07T20:24:44.849+0000] {processor.py:186} INFO - Started process (PID=452) to work on /opt/airflow/dags/05_etl_weather_postgres.py
[2026-09-07T20:24:44.850+0000] {processor.py:914} INFO - Processing file /opt/airflow/dags/05_etl_weather_postgres.py for tasks to queue
[2026-09-07T20:24:44.851+0000] {logging_mixin.py:190} INFO - [2026-09-07T20:24:44.851+0000] {dagbag.py:588} INFO - Filling up the DagBag from /opt/airflow/dags/05_etl_weather_postgres.py
[2026-09-07T20:24:44.863+0000] {processor.py:925} INFO - DAG(s) 'etl_weather_postgres_dag' retrieved from /opt/airflow/dags/05_etl_weather_postgres.py
[2026-09-07T20:24:44.884+0000] {logging_mixin.py:190} INFO - [2026-09-07T20:24:44.884+0000] {dag.py:3239} INFO - Sync 1 DAGs
[2026-09-07T20:24:44.894+0000] {logging_mixin.py:190} INFO - [2026-09-07T20:24:44.894+0000] {dag.py:4180} INFO - Setting next_dagrun for etl_weather_postgres_dag to None, run_after=None
[2026-09-07T20:24:44.911+0000] {processor.py:208} INFO - Processing /opt/airflow/dags/05_etl_weather_postgres.py took 0.067 seconds
[2026-09-07T20:25:15.533+0000] {processor.py:186} INFO - Started process (PID=466) to work on /opt/airflow/dags/05_etl_weather_postgres.py
[2026-09-07T20:25:15.534+0000] {processor.py:914} INFO - Processing file /opt/airflow/dags/05_etl_weather_postgres.py for tasks to queue
[2026-09-07T20:25:15.535+0000] {logging_mixin.py:190} INFO - [2026-09-07T20:25:15.534+0000] {dagbag.py:588} INFO - Filling up the DagBag from /opt/airflow/dags/05_etl_weather_postgres.py
[2026-09-07T20:25:15.549+0000] {processor.py:925} INFO - DAG(s) 'etl_weather_postgres_dag' retrieved from /opt/airflow/dags/05_etl_weather_postgres.py
[2026-09-07T20:25:15.582+0000] {logging_mixin.py:190} INFO - [2026-09-07T20:25:15.582+0000] {dag.py:3239} INFO - Sync 1 DAGs
[2026-09-07T20:25:15.594+0000] {logging_mixin.py:190} INFO - [2026-09-07T20:25:15.593+0000] {dag.py:4180} INFO - Setting next_dagrun for etl_weather_postgres_dag to None, run_after=None
[2026-09-07T20:25:15.613+0000] {processor.py:208} INFO - Processing /opt/airflow/dags/05_etl_weather_postgres.py took 0.086 seconds
[2026-09-07T20:25:46.132+0000] {processor.py:186} INFO - Started process (PID=480) to work on /opt/airflow/dags/05_etl_weather_postgres.py
[2026-09-07T20:25:46.133+0000] {processor.py:914} INFO - Processing file /opt/airflow/dags/05_etl_weather_postgres.py for tasks to queue
[2026-09-07T20:25:46.134+0000] {logging_mixin.py:190} INFO - [2026-09-07T20:25:46.134+0000] {dagbag.py:588} INFO - Filling up the DagBag from /opt/airflow/dags/05_etl_weather_postgres.py
[2026-09-07T20:25:46.148+0000] {processor.py:925} INFO - DAG(s) 'etl_weather_postgres_dag' retrieved from /opt/airflow/dags/05_etl_weather_postgres.py
[2026-09-07T20:25:46.175+0000] {logging_mixin.py:190} INFO - [2026-09-07T20:25:46.174+0000] {dag.py:3239} INFO - Sync 1 DAGs
[2026-09-07T20:25:46.188+0000] {logging_mixin.py:190} INFO - [2026-09-07T20:25:46.187+0000] {dag.py:4180} INFO - Setting next_dagrun for etl_weather_postgres_dag to None, run_after=None
[2026-09-07T20:25:46.205+0000] {processor.py:208} INFO - Processing /opt/airflow/dags/05_etl_weather_postgres.py took 0.077 seconds
[2026-09-07T20:26:16.871+0000] {processor.py:186} INFO - Started process (PID=494) to work on /opt/airflow/dags/05_etl_weather_postgres.py
[2026-09-07T20:26:16.871+0000] {processor.py:914} INFO - Processing file /opt/airflow/dags/05_etl_weather_postgres.py for tasks to queue
[2026-09-07T20:26:16.872+0000] {logging_mixin.py:190} INFO - [2026-09-07T20:26:16.872+0000] {dagbag.py:588} INFO - Filling up the DagBag from /opt/airflow/dags/05_etl_weather_postgres.py
[2026-09-07T20:26:16.886+0000] {processor.py:925} INFO - DAG(s) 'etl_weather_postgres_dag' retrieved from /opt/airflow/dags/05_etl_weather_postgres.py
[2026-09-07T20:26:16.908+0000] {logging_mixin.py:190} INFO - [2026-09-07T20:26:16.908+0000] {dag.py:3239} INFO - Sync 1 DAGs
[2026-09-07T20:26:16.920+0000] {logging_mixin.py:190} INFO - [2026-09-07T20:26:16.920+0000] {dag.py:4180} INFO - Setting next_dagrun for etl_weather_postgres_dag to None, run_after=None
[2026-09-07T20:26:16.938+0000] {processor.py:208} INFO - Processing /opt/airflow/dags/05_etl_weather_postgres.py took 0.072 seconds
[2026-09-07T20:26:47.538+0000] {processor.py:186} INFO - Started process (PID=508) to work on /opt/airflow/dags/05_etl_weather_postgres.py
[2026-09-07T20:26:47.539+0000] {processor.py:914} INFO - Processing file /opt/airflow/dags/05_etl_weather_postgres.py for tasks to queue
[2026-09-07T20:26:47.540+0000] {logging_mixin.py:190} INFO - [2026-09-07T20:26:47.540+0000] {dagbag.py:588} INFO - Filling up the DagBag from /opt/airflow/dags/05_etl_weather_postgres.py
[2026-09-07T20:26:47.554+0000] {processor.py:925} INFO - DAG(s) 'etl_weather_postgres_dag' retrieved from /opt/airflow/dags/05_etl_weather_postgres.py
[2026-09-07T20:26:47.580+0000] {logging_mixin.py:190} INFO - [2026-09-07T20:26:47.579+0000] {dag.py:3239} INFO - Sync 1 DAGs
[2026-09-07T20:26:47.591+0000] {logging_mixin.py:190} INFO - [2026-09-07T20:26:47.591+0000] {dag.py:4180} INFO - Setting next_dagrun for etl_weather_postgres_dag to None, run_after=None
[2026-09-07T20:26:47.607+0000] {processor.py:208} INFO - Processing /opt/airflow/dags/05_etl_weather_postgres.py took 0.074 seconds
[2026-09-07T20:27:18.177+0000] {processor.py:186} INFO - Started process (PID=522) to work on /opt/airflow/dags/05_etl_weather_postgres.py
[2026-09-07T20:27:18.178+0000] {processor.py:914} INFO - Processing file /opt/airflow/dags/05_etl_weather_postgres.py for tasks to queue
[2026-09-07T20:27:18.179+0000] {logging_mixin.py:190} INFO - [2026-09-07T20:27:18.179+0000] {dagbag.py:588} INFO - Filling up the DagBag from /opt/airflow/dags/05_etl_weather_postgres.py
[2026-09-07T20:27:18.193+0000] {processor.py:925} INFO - DAG(s) 'etl_weather_postgres_dag' retrieved from /opt/airflow/dags/05_etl_weather_postgres.py
[2026-09-07T20:27:18.216+0000] {logging_mixin.py:190} INFO - [2026-09-07T20:27:18.216+0000] {dag.py:3239} INFO - Sync 1 DAGs
[2026-09-07T20:27:18.228+0000] {logging_mixin.py:190} INFO - [2026-09-07T20:27:18.228+0000] {dag.py:4180} INFO - Setting next_dagrun for etl_weather_postgres_dag to None, run_after=None
[2026-09-07T20:27:18.245+0000] {processor.py:208} INFO - Processing /opt/airflow/dags/05_etl_weather_postgres.py took 0.073 seconds
[2026-09-07T20:27:48.779+0000] {processor.py:186} INFO - Started process (PID=536) to work on /opt/airflow/dags/05_etl_weather_postgres.py
[2026-09-07T20:27:48.780+0000] {processor.py:914} INFO - Processing file /opt/airflow/dags/05_etl_weather_postgres.py for tasks to queue
[2026-09-07T20:27:48.781+0000] {logging_mixin.py:190} INFO - [2026-09-07T20:27:48.781+0000] {dagbag.py:588} INFO - Filling up the DagBag from /opt/airflow/dags/05_etl_weather_postgres.py
[2026-09-07T20:27:48.797+0000] {processor.py:925} INFO - DAG(s) 'etl_weather_postgres_dag' retrieved from /opt/airflow/dags/05_etl_weather_postgres.py
[2026-09-07T20:27:48.820+0000] {logging_mixin.py:190} INFO - [2026-09-07T20:27:48.820+0000] {dag.py:3239} INFO - Sync 1 DAGs
[2026-09-07T20:27:48.833+0000] {logging_mixin.py:190} INFO - [2026-09-07T20:27:48.833+0000] {dag.py:4180} INFO - Setting next_dagrun for etl_weather_postgres_dag to None, run_after=None
[2026-09-07T20:27:48.860+0000] {processor.py:208} INFO - Processing /opt/airflow/dags/05_etl_weather_postgres.py took 0.086 seconds
[2026-09-07T20:28:19.427+0000] {processor.py:186} INFO - Started process (PID=550) to work on /opt/airflow/dags/05_etl_weather_postgres.py
[2026-09-07T20:28:19.428+0000] {processor.py:914} INFO - Processing file /opt/airflow/dags/05_etl_weather_postgres.py for tasks to queue
[2026-09-07T20:28:19.429+0000] {logging_mixin.py:190} INFO - [2026-09-07T20:28:19.429+0000] {dagbag.py:588} INFO - Filling up the DagBag from /opt/airflow/dags/05_etl_weather_postgres.py
[2026-09-07T20:28:19.442+0000] {processor.py:925} INFO - DAG(s) 'etl_weather_postgres_dag' retrieved from /opt/airflow/dags/05_etl_weather_postgres.py
[2026-09-07T20:28:19.469+0000] {logging_mixin.py:190} INFO - [2026-09-07T20:28:19.468+0000] {dag.py:3239} INFO - Sync 1 DAGs
[2026-09-07T20:28:19.481+0000] {logging_mixin.py:190} INFO - [2026-09-07T20:28:19.480+0000] {dag.py:4180} INFO - Setting next_dagrun for etl_weather_postgres_dag to None, run_after=None
[2026-09-07T20:28:19.500+0000] {processor.py:208} INFO - Processing /opt/airflow/dags/05_etl_weather_postgres.py took 0.079 seconds
[2026-09-07T20:28:50.194+0000] {processor.py:186} INFO - Started process (PID=564) to work on /opt/airflow/dags/05_etl_weather_postgres.py
[2026-09-07T20:28:50.195+0000] {processor.py:914} INFO - Processing file /opt/airflow/dags/05_etl_weather_postgres.py for tasks to queue
[2026-09-07T20:28:50.197+0000] {logging_mixin.py:190} INFO - [2026-09-07T20:28:50.196+0000] {dagbag.py:588} INFO - Filling up the DagBag from /opt/airflow/dags/05_etl_weather_postgres.py
[2026-09-07T20:28:50.214+0000] {processor.py:925} INFO - DAG(s) 'etl_weather_postgres_dag' retrieved from /opt/airflow/dags/05_etl_weather_postgres.py
[2026-09-07T20:28:50.238+0000] {logging_mixin.py:190} INFO - [2026-09-07T20:28:50.238+0000] {dag.py:3239} INFO - Sync 1 DAGs
[2026-09-07T20:28:50.252+0000] {logging_mixin.py:190} INFO - [2026-09-07T20:28:50.252+0000] {dag.py:4180} INFO - Setting next_dagrun for etl_weather_postgres_dag to None, run_after=None
[2026-09-07T20:28:50.273+0000] {processor.py:208} INFO - Processing /opt/airflow/dags/05_etl_weather_postgres.py took 0.084 seconds
[2026-09-07T20:29:20.883+0000] {processor.py:186} INFO - Started process (PID=584) to work on /opt/airflow/dags/05_etl_weather_postgres.py
[2026-09-07T20:29:20.884+0000] {processor.py:914} INFO - Processing file /opt/airflow/dags/05_etl_weather_postgres.py for tasks to queue
[2026-09-07T20:29:20.885+0000] {logging_mixin.py:190} INFO - [2026-09-07T20:29:20.885+0000] {dagbag.py:588} INFO - Filling up the DagBag from /opt/airflow/dags/05_etl_weather_postgres.py
[2026-09-07T20:29:20.899+0000] {processor.py:925} INFO - DAG(s) 'etl_weather_postgres_dag' retrieved from /opt/airflow/dags/05_etl_weather_postgres.py
[2026-09-07T20:29:20.921+0000] {logging_mixin.py:190} INFO - [2026-09-07T20:29:20.921+0000] {dag.py:3239} INFO - Sync 1 DAGs
[2026-09-07T20:29:20.932+0000] {logging_mixin.py:190} INFO - [2026-09-07T20:29:20.932+0000] {dag.py:4180} INFO - Setting next_dagrun for etl_weather_postgres_dag to None, run_after=None
[2026-09-07T20:29:20.949+0000] {processor.py:208} INFO - Processing /opt/airflow/dags/05_etl_weather_postgres.py took 0.071 seconds
[2026-09-07T20:29:51.440+0000] {processor.py:186} INFO - Started process (PID=598) to work on /opt/airflow/dags/05_etl_weather_postgres.py
[2026-09-07T20:29:51.441+0000] {processor.py:914} INFO - Processing file /opt/airflow/dags/05_etl_weather_postgres.py for tasks to queue
[2026-09-07T20:29:51.442+0000] {logging_mixin.py:190} INFO - [2026-09-07T20:29:51.442+0000] {dagbag.py:588} INFO - Filling up the DagBag from /opt/airflow/dags/05_etl_weather_postgres.py
[2026-09-07T20:29:51.455+0000] {processor.py:925} INFO - DAG(s) 'etl_weather_postgres_dag' retrieved from /opt/airflow/dags/05_etl_weather_postgres.py
[2026-09-07T20:29:51.479+0000] {logging_mixin.py:190} INFO - [2026-09-07T20:29:51.479+0000] {dag.py:3239} INFO - Sync 1 DAGs
[2026-09-07T20:29:51.511+0000] {logging_mixin.py:190} INFO - [2026-09-07T20:29:51.510+0000] {dag.py:4180} INFO - Setting next_dagrun for etl_weather_postgres_dag to None, run_after=None
[2026-09-07T20:29:51.563+0000] {processor.py:208} INFO - Processing /opt/airflow/dags/05_etl_weather_postgres.py took 0.127 seconds
[2026-09-07T20:30:22.173+0000] {processor.py:186} INFO - Started process (PID=612) to work on /opt/airflow/dags/05_etl_weather_postgres.py
[2026-09-07T20:30:22.173+0000] {processor.py:914} INFO - Processing file /opt/airflow/dags/05_etl_weather_postgres.py for tasks to queue
[2026-09-07T20:30:22.174+0000] {logging_mixin.py:190} INFO - [2026-09-07T20:30:22.174+0000] {dagbag.py:588} INFO - Filling up the DagBag from /opt/airflow/dags/05_etl_weather_postgres.py
[2026-09-07T20:30:22.187+0000] {processor.py:925} INFO - DAG(s) 'etl_weather_postgres_dag' retrieved from /opt/airflow/dags/05_etl_weather_postgres.py
[2026-09-07T20:30:22.213+0000] {logging_mixin.py:190} INFO - [2026-09-07T20:30:22.213+0000] {dag.py:3239} INFO - Sync 1 DAGs
[2026-09-07T20:30:22.225+0000] {logging_mixin.py:190} INFO - [2026-09-07T20:30:22.225+0000] {dag.py:4180} INFO - Setting next_dagrun for etl_weather_postgres_dag to None, run_after=None
[2026-09-07T20:30:22.242+0000] {processor.py:208} INFO - Processing /opt/airflow/dags/05_etl_weather_postgres.py took 0.074 seconds
[2026-09-07T20:30:52.824+0000] {processor.py:186} INFO - Started process (PID=626) to work on /opt/airflow/dags/05_etl_weather_postgres.py
[2026-09-07T20:30:52.825+0000] {processor.py:914} INFO - Processing file /opt/airflow/dags/05_etl_weather_postgres.py for tasks to queue
[2026-09-07T20:30:52.826+0000] {logging_mixin.py:190} INFO - [2026-09-07T20:30:52.826+0000] {dagbag.py:588} INFO - Filling up the DagBag from /opt/airflow/dags/05_etl_weather_postgres.py
[2026-09-07T20:30:52.842+0000] {processor.py:925} INFO - DAG(s) 'etl_weather_postgres_dag' retrieved from /opt/airflow/dags/05_etl_weather_postgres.py
[2026-09-07T20:30:52.868+0000] {logging_mixin.py:190} INFO - [2026-09-07T20:30:52.868+0000] {dag.py:3239} INFO - Sync 1 DAGs
[2026-09-07T20:30:52.880+0000] {logging_mixin.py:190} INFO - [2026-09-07T20:30:52.880+0000] {dag.py:4180} INFO - Setting next_dagrun for etl_weather_postgres_dag to None, run_after=None
[2026-09-07T20:30:52.913+0000] {processor.py:208} INFO - Processing /opt/airflow/dags/05_etl_weather_postgres.py took 0.095 seconds
[2026-09-07T20:31:23.321+0000] {processor.py:186} INFO - Started process (PID=640) to work on /opt/airflow/dags/05_etl_weather_postgres.py
[2026-09-07T20:31:23.322+0000] {processor.py:914} INFO - Processing file /opt/airflow/dags/05_etl_weather_postgres.py for tasks to queue
[2026-09-07T20:31:23.323+0000] {logging_mixin.py:190} INFO - [2026-09-07T20:31:23.323+0000] {dagbag.py:588} INFO - Filling up the DagBag from /opt/airflow/dags/05_etl_weather_postgres.py
[2026-09-07T20:31:23.336+0000] {processor.py:925} INFO - DAG(s) 'etl_weather_postgres_dag' retrieved from /opt/airflow/dags/05_etl_weather_postgres.py
[2026-09-07T20:31:23.361+0000] {logging_mixin.py:190} INFO - [2026-09-07T20:31:23.361+0000] {dag.py:3239} INFO - Sync 1 DAGs
[2026-09-07T20:31:23.374+0000] {logging_mixin.py:190} INFO - [2026-09-07T20:31:23.373+0000] {dag.py:4180} INFO - Setting next_dagrun for etl_weather_postgres_dag to None, run_after=None
[2026-09-07T20:31:23.392+0000] {processor.py:208} INFO - Processing /opt/airflow/dags/05_etl_weather_postgres.py took 0.076 seconds
[2026-09-07T20:31:53.908+0000] {processor.py:186} INFO - Started process (PID=654) to work on /opt/airflow/dags/05_etl_weather_postgres.py
[2026-09-07T20:31:53.909+0000] {processor.py:914} INFO - Processing file /opt/airflow/dags/05_etl_weather_postgres.py for tasks to queue
[2026-09-07T20:31:53.910+0000] {logging_mixin.py:190} INFO - [2026-09-07T20:31:53.909+0000] {dagbag.py:588} INFO - Filling up the DagBag from /opt/airflow/dags/05_etl_weather_postgres.py
[2026-09-07T20:31:53.923+0000] {processor.py:925} INFO - DAG(s) 'etl_weather_postgres_dag' retrieved from /opt/airflow/dags/05_etl_weather_postgres.py
[2026-09-07T20:31:53.946+0000] {logging_mixin.py:190} INFO - [2026-09-07T20:31:53.946+0000] {dag.py:3239} INFO - Sync 1 DAGs
[2026-09-07T20:31:53.957+0000] {logging_mixin.py:190} INFO - [2026-09-07T20:31:53.957+0000] {dag.py:4180} INFO - Setting next_dagrun for etl_weather_postgres_dag to None, run_after=None
[2026-09-07T20:31:53.975+0000] {processor.py:208} INFO - Processing /opt/airflow/dags/05_etl_weather_postgres.py took 0.072 seconds
[2026-09-07T20:32:24.537+0000] {processor.py:186} INFO - Started process (PID=668) to work on /opt/airflow/dags/05_etl_weather_postgres.py
[2026-09-07T20:32:24.537+0000] {processor.py:914} INFO - Processing file /opt/airflow/dags/05_etl_weather_postgres.py for tasks to queue
[2026-09-07T20:32:24.539+0000] {logging_mixin.py:190} INFO - [2026-09-07T20:32:24.538+0000] {dagbag.py:588} INFO - Filling up the DagBag from /opt/airflow/dags/05_etl_weather_postgres.py
[2026-09-07T20:32:24.553+0000] {processor.py:925} INFO - DAG(s) 'etl_weather_postgres_dag' retrieved from /opt/airflow/dags/05_etl_weather_postgres.py
[2026-09-07T20:32:24.579+0000] {logging_mixin.py:190} INFO - [2026-09-07T20:32:24.579+0000] {dag.py:3239} INFO - Sync 1 DAGs
[2026-09-07T20:32:24.592+0000] {logging_mixin.py:190} INFO - [2026-09-07T20:32:24.592+0000] {dag.py:4180} INFO - Setting next_dagrun for etl_weather_postgres_dag to None, run_after=None
[2026-09-07T20:32:24.611+0000] {processor.py:208} INFO - Processing /opt/airflow/dags/05_etl_weather_postgres.py took 0.079 seconds
[2026-09-07T20:32:55.144+0000] {processor.py:186} INFO - Started process (PID=682) to work on /opt/airflow/dags/05_etl_weather_postgres.py
[2026-09-07T20:32:55.145+0000] {processor.py:914} INFO - Processing file /opt/airflow/dags/05_etl_weather_postgres.py for tasks to queue
[2026-09-07T20:32:55.146+0000] {logging_mixin.py:190} INFO - [2026-09-07T20:32:55.146+0000] {dagbag.py:588} INFO - Filling up the DagBag from /opt/airflow/dags/05_etl_weather_postgres.py
[2026-09-07T20:32:55.163+0000] {processor.py:925} INFO - DAG(s) 'etl_weather_postgres_dag' retrieved from /opt/airflow/dags/05_etl_weather_postgres.py
[2026-09-07T20:32:55.190+0000] {logging_mixin.py:190} INFO - [2026-09-07T20:32:55.190+0000] {dag.py:3239} INFO - Sync 1 DAGs
[2026-09-07T20:32:55.205+0000] {logging_mixin.py:190} INFO - [2026-09-07T20:32:55.204+0000] {dag.py:4180} INFO - Setting next_dagrun for etl_weather_postgres_dag to None, run_after=None
[2026-09-07T20:32:55.221+0000] {processor.py:208} INFO - Processing /opt/airflow/dags/05_etl_weather_postgres.py took 0.083 seconds
[2026-09-07T20:33:25.875+0000] {processor.py:186} INFO - Started process (PID=696) to work on /opt/airflow/dags/05_etl_weather_postgres.py
[2026-09-07T20:33:25.876+0000] {processor.py:914} INFO - Processing file /opt/airflow/dags/05_etl_weather_postgres.py for tasks to queue
[2026-09-07T20:33:25.877+0000] {logging_mixin.py:190} INFO - [2026-09-07T20:33:25.876+0000] {dagbag.py:588} INFO - Filling up the DagBag from /opt/airflow/dags/05_etl_weather_postgres.py
[2026-09-07T20:33:25.890+0000] {processor.py:925} INFO - DAG(s) 'etl_weather_postgres_dag' retrieved from /opt/airflow/dags/05_etl_weather_postgres.py
[2026-09-07T20:33:25.915+0000] {logging_mixin.py:190} INFO - [2026-09-07T20:33:25.914+0000] {dag.py:3239} INFO - Sync 1 DAGs
[2026-09-07T20:33:25.926+0000] {logging_mixin.py:190} INFO - [2026-09-07T20:33:25.926+0000] {dag.py:4180} INFO - Setting next_dagrun for etl_weather_postgres_dag to None, run_after=None
[2026-09-07T20:33:25.943+0000] {processor.py:208} INFO - Processing /opt/airflow/dags/05_etl_weather_postgres.py took 0.073 seconds
[2026-09-07T20:33:56.570+0000] {processor.py:186} INFO - Started process (PID=711) to work on /opt/airflow/dags/05_etl_weather_postgres.py
[2026-09-07T20:33:56.570+0000] {processor.py:914} INFO - Processing file /opt/airflow/dags/05_etl_weather_postgres.py for tasks to queue
[2026-09-07T20:33:56.571+0000] {logging_mixin.py:190} INFO - [2026-09-07T20:33:56.571+0000] {dagbag.py:588} INFO - Filling up the DagBag from /opt/airflow/dags/05_etl_weather_postgres.py
[2026-09-07T20:33:56.586+0000] {processor.py:925} INFO - DAG(s) 'etl_weather_postgres_dag' retrieved from /opt/airflow/dags/05_etl_weather_postgres.py
[2026-09-07T20:33:56.608+0000] {logging_mixin.py:190} INFO - [2026-09-07T20:33:56.608+0000] {dag.py:3239} INFO - Sync 1 DAGs
[2026-09-07T20:33:56.620+0000] {logging_mixin.py:190} INFO - [2026-09-07T20:33:56.620+0000] {dag.py:4180} INFO - Setting next_dagrun for etl_weather_postgres_dag to None, run_after=None
[2026-09-07T20:33:56.640+0000] {processor.py:208} INFO - Processing /opt/airflow/dags/05_etl_weather_postgres.py took 0.075 seconds
[2026-09-07T20:34:27.272+0000] {processor.py:186} INFO - Started process (PID=725) to work on /opt/airflow/dags/05_etl_weather_postgres.py
[2026-09-07T20:34:27.272+0000] {processor.py:914} INFO - Processing file /opt/airflow/dags/05_etl_weather_postgres.py for tasks to queue
[2026-09-07T20:34:27.273+0000] {logging_mixin.py:190} INFO - [2026-09-07T20:34:27.273+0000] {dagbag.py:588} INFO - Filling up the DagBag from /opt/airflow/dags/05_etl_weather_postgres.py
[2026-09-07T20:34:27.286+0000] {processor.py:925} INFO - DAG(s) 'etl_weather_postgres_dag' retrieved from /opt/airflow/dags/05_etl_weather_postgres.py
[2026-09-07T20:34:27.309+0000] {logging_mixin.py:190} INFO - [2026-09-07T20:34:27.308+0000] {dag.py:3239} INFO - Sync 1 DAGs
[2026-09-07T20:34:27.320+0000] {logging_mixin.py:190} INFO - [2026-09-07T20:34:27.319+0000] {dag.py:4180} INFO - Setting next_dagrun for etl_weather_postgres_dag to None, run_after=None
[2026-09-07T20:34:27.337+0000] {processor.py:208} INFO - Processing /opt/airflow/dags/05_etl_weather_postgres.py took 0.070 seconds
[2026-09-07T20:34:57.910+0000] {processor.py:186} INFO - Started process (PID=739) to work on /opt/airflow/dags/05_etl_weather_postgres.py
[2026-09-07T20:34:57.911+0000] {processor.py:914} INFO - Processing file /opt/airflow/dags/05_etl_weather_postgres.py for tasks to queue
[2026-09-07T20:34:57.912+0000] {logging_mixin.py:190} INFO - [2026-09-07T20:34:57.911+0000] {dagbag.py:588} INFO - Filling up the DagBag from /opt/airflow/dags/05_etl_weather_postgres.py
[2026-09-07T20:34:57.924+0000] {processor.py:925} INFO - DAG(s) 'etl_weather_postgres_dag' retrieved from /opt/airflow/dags/05_etl_weather_postgres.py
[2026-09-07T20:34:57.946+0000] {logging_mixin.py:190} INFO - [2026-09-07T20:34:57.946+0000] {dag.py:3239} INFO - Sync 1 DAGs
[2026-09-07T20:34:57.957+0000] {logging_mixin.py:190} INFO - [2026-09-07T20:34:57.957+0000] {dag.py:4180} INFO - Setting next_dagrun for etl_weather_postgres_dag to None, run_after=None
[2026-09-07T20:34:57.976+0000] {processor.py:208} INFO - Processing /opt/airflow/dags/05_etl_weather_postgres.py took 0.070 seconds
[2026-09-07T20:35:28.583+0000] {processor.py:186} INFO - Started process (PID=753) to work on /opt/airflow/dags/05_etl_weather_postgres.py
[2026-09-07T20:35:28.584+0000] {processor.py:914} INFO - Processing file /opt/airflow/dags/05_etl_weather_postgres.py for tasks to queue
[2026-09-07T20:35:28.585+0000] {logging_mixin.py:190} INFO - [2026-09-07T20:35:28.585+0000] {dagbag.py:588} INFO - Filling up the DagBag from /opt/airflow/dags/05_etl_weather_postgres.py
[2026-09-07T20:35:28.605+0000] {processor.py:925} INFO - DAG(s) 'etl_weather_postgres_dag' retrieved from /opt/airflow/dags/05_etl_weather_postgres.py
[2026-09-07T20:35:28.634+0000] {logging_mixin.py:190} INFO - [2026-09-07T20:35:28.633+0000] {dag.py:3239} INFO - Sync 1 DAGs
[2026-09-07T20:35:28.650+0000] {logging_mixin.py:190} INFO - [2026-09-07T20:35:28.650+0000] {dag.py:4180} INFO - Setting next_dagrun for etl_weather_postgres_dag to None, run_after=None
[2026-09-07T20:35:28.670+0000] {processor.py:208} INFO - Processing /opt/airflow/dags/05_etl_weather_postgres.py took 0.093 seconds
[2026-09-07T20:35:59.104+0000] {processor.py:186} INFO - Started process (PID=767) to work on /opt/airflow/dags/05_etl_weather_postgres.py
[2026-09-07T20:35:59.104+0000] {processor.py:914} INFO - Processing file /opt/airflow/dags/05_etl_weather_postgres.py for tasks to queue
[2026-09-07T20:35:59.105+0000] {logging_mixin.py:190} INFO - [2026-09-07T20:35:59.105+0000] {dagbag.py:588} INFO - Filling up the DagBag from /opt/airflow/dags/05_etl_weather_postgres.py
[2026-09-07T20:35:59.121+0000] {processor.py:925} INFO - DAG(s) 'etl_weather_postgres_dag' retrieved from /opt/airflow/dags/05_etl_weather_postgres.py
[2026-09-07T20:35:59.146+0000] {logging_mixin.py:190} INFO - [2026-09-07T20:35:59.145+0000] {dag.py:3239} INFO - Sync 1 DAGs
[2026-09-07T20:35:59.158+0000] {logging_mixin.py:190} INFO - [2026-09-07T20:35:59.158+0000] {dag.py:4180} INFO - Setting next_dagrun for etl_weather_postgres_dag to None, run_after=None
[2026-09-07T20:35:59.176+0000] {processor.py:208} INFO - Processing /opt/airflow/dags/05_etl_weather_postgres.py took 0.077 seconds
[2026-09-07T20:36:29.780+0000] {processor.py:186} INFO - Started process (PID=781) to work on /opt/airflow/dags/05_etl_weather_postgres.py
[2026-09-07T20:36:29.781+0000] {processor.py:914} INFO - Processing file /opt/airflow/dags/05_etl_weather_postgres.py for tasks to queue
[2026-09-07T20:36:29.782+0000] {logging_mixin.py:190} INFO - [2026-09-07T20:36:29.782+0000] {dagbag.py:588} INFO - Filling up the DagBag from /opt/airflow/dags/05_etl_weather_postgres.py
[2026-09-07T20:36:29.795+0000] {processor.py:925} INFO - DAG(s) 'etl_weather_postgres_dag' retrieved from /opt/airflow/dags/05_etl_weather_postgres.py
[2026-09-07T20:36:29.823+0000] {logging_mixin.py:190} INFO - [2026-09-07T20:36:29.823+0000] {dag.py:3239} INFO - Sync 1 DAGs
[2026-09-07T20:36:29.837+0000] {logging_mixin.py:190} INFO - [2026-09-07T20:36:29.837+0000] {dag.py:4180} INFO - Setting next_dagrun for etl_weather_postgres_dag to None, run_after=None
[2026-09-07T20:36:29.855+0000] {processor.py:208} INFO - Processing /opt/airflow/dags/05_etl_weather_postgres.py took 0.079 seconds
[2026-09-07T20:37:00.458+0000] {processor.py:186} INFO - Started process (PID=795) to work on /opt/airflow/dags/05_etl_weather_postgres.py
[2026-09-07T20:37:00.460+0000] {processor.py:914} INFO - Processing file /opt/airflow/dags/05_etl_weather_postgres.py for tasks to queue
[2026-09-07T20:37:00.463+0000] {logging_mixin.py:190} INFO - [2026-09-07T20:37:00.462+0000] {dagbag.py:588} INFO - Filling up the DagBag from /opt/airflow/dags/05_etl_weather_postgres.py
[2026-09-07T20:37:00.485+0000] {processor.py:925} INFO - DAG(s) 'etl_weather_postgres_dag' retrieved from /opt/airflow/dags/05_etl_weather_postgres.py
[2026-09-07T20:37:00.512+0000] {logging_mixin.py:190} INFO - [2026-09-07T20:37:00.511+0000] {dag.py:3239} INFO - Sync 1 DAGs
[2026-09-07T20:37:00.523+0000] {logging_mixin.py:190} INFO - [2026-09-07T20:37:00.522+0000] {dag.py:4180} INFO - Setting next_dagrun for etl_weather_postgres_dag to None, run_after=None
[2026-09-07T20:37:00.538+0000] {processor.py:208} INFO - Processing /opt/airflow/dags/05_etl_weather_postgres.py took 0.085 seconds
[2026-09-07T20:37:31.193+0000] {processor.py:186} INFO - Started process (PID=809) to work on /opt/airflow/dags/05_etl_weather_postgres.py
[2026-09-07T20:37:31.194+0000] {processor.py:914} INFO - Processing file /opt/airflow/dags/05_etl_weather_postgres.py for tasks to queue
[2026-09-07T20:37:31.195+0000] {logging_mixin.py:190} INFO - [2026-09-07T20:37:31.195+0000] {dagbag.py:588} INFO - Filling up the DagBag from /opt/airflow/dags/05_etl_weather_postgres.py
[2026-09-07T20:37:31.209+0000] {processor.py:925} INFO - DAG(s) 'etl_weather_postgres_dag' retrieved from /opt/airflow/dags/05_etl_weather_postgres.py
[2026-09-07T20:37:31.233+0000] {logging_mixin.py:190} INFO - [2026-09-07T20:37:31.233+0000] {dag.py:3239} INFO - Sync 1 DAGs
[2026-09-07T20:37:31.247+0000] {logging_mixin.py:190} INFO - [2026-09-07T20:37:31.247+0000] {dag.py:4180} INFO - Setting next_dagrun for etl_weather_postgres_dag to None, run_after=None
[2026-09-07T20:37:31.264+0000] {processor.py:208} INFO - Processing /opt/airflow/dags/05_etl_weather_postgres.py took 0.075 seconds
[2026-09-07T20:38:01.746+0000] {processor.py:186} INFO - Started process (PID=823) to work on /opt/airflow/dags/05_etl_weather_postgres.py
[2026-09-07T20:38:01.747+0000] {processor.py:914} INFO - Processing file /opt/airflow/dags/05_etl_weather_postgres.py for tasks to queue
[2026-09-07T20:38:01.748+0000] {logging_mixin.py:190} INFO - [2026-09-07T20:38:01.747+0000] {dagbag.py:588} INFO - Filling up the DagBag from /opt/airflow/dags/05_etl_weather_postgres.py
[2026-09-07T20:38:01.762+0000] {processor.py:925} INFO - DAG(s) 'etl_weather_postgres_dag' retrieved from /opt/airflow/dags/05_etl_weather_postgres.py
[2026-09-07T20:38:01.787+0000] {logging_mixin.py:190} INFO - [2026-09-07T20:38:01.787+0000] {dag.py:3239} INFO - Sync 1 DAGs
[2026-09-07T20:38:01.798+0000] {logging_mixin.py:190} INFO - [2026-09-07T20:38:01.798+0000] {dag.py:4180} INFO - Setting next_dagrun for etl_weather_postgres_dag to None, run_after=None
[2026-09-07T20:38:01.813+0000] {processor.py:208} INFO - Processing /opt/airflow/dags/05_etl_weather_postgres.py took 0.072 seconds
[2026-09-07T20:38:32.363+0000] {processor.py:186} INFO - Started process (PID=837) to work on /opt/airflow/dags/05_etl_weather_postgres.py
[2026-09-07T20:38:32.364+0000] {processor.py:914} INFO - Processing file /opt/airflow/dags/05_etl_weather_postgres.py for tasks to queue
[2026-09-07T20:38:32.365+0000] {logging_mixin.py:190} INFO - [2026-09-07T20:38:32.364+0000] {dagbag.py:588} INFO - Filling up the DagBag from /opt/airflow/dags/05_etl_weather_postgres.py
[2026-09-07T20:38:32.378+0000] {processor.py:925} INFO - DAG(s) 'etl_weather_postgres_dag' retrieved from /opt/airflow/dags/05_etl_weather_postgres.py
[2026-09-07T20:38:32.402+0000] {logging_mixin.py:190} INFO - [2026-09-07T20:38:32.402+0000] {dag.py:3239} INFO - Sync 1 DAGs
[2026-09-07T20:38:32.416+0000] {logging_mixin.py:190} INFO - [2026-09-07T20:38:32.415+0000] {dag.py:4180} INFO - Setting next_dagrun for etl_weather_postgres_dag to None, run_after=None
[2026-09-07T20:38:32.439+0000] {processor.py:208} INFO - Processing /opt/airflow/dags/05_etl_weather_postgres.py took 0.081 seconds
[2026-09-07T20:39:02.949+0000] {processor.py:186} INFO - Started process (PID=851) to work on /opt/airflow/dags/05_etl_weather_postgres.py
[2026-09-07T20:39:02.950+0000] {processor.py:914} INFO - Processing file /opt/airflow/dags/05_etl_weather_postgres.py for tasks to queue
[2026-09-07T20:39:02.951+0000] {logging_mixin.py:190} INFO - [2026-09-07T20:39:02.950+0000] {dagbag.py:588} INFO - Filling up the DagBag from /opt/airflow/dags/05_etl_weather_postgres.py
[2026-09-07T20:39:02.964+0000] {processor.py:925} INFO - DAG(s) 'etl_weather_postgres_dag' retrieved from /opt/airflow/dags/05_etl_weather_postgres.py
[2026-09-07T20:39:02.987+0000] {logging_mixin.py:190} INFO - [2026-09-07T20:39:02.987+0000] {dag.py:3239} INFO - Sync 1 DAGs
[2026-09-07T20:39:02.998+0000] {logging_mixin.py:190} INFO - [2026-09-07T20:39:02.998+0000] {dag.py:4180} INFO - Setting next_dagrun for etl_weather_postgres_dag to None, run_after=None
[2026-09-07T20:39:03.015+0000] {processor.py:208} INFO - Processing /opt/airflow/dags/05_etl_weather_postgres.py took 0.071 seconds
[2026-09-07T20:39:33.491+0000] {processor.py:186} INFO - Started process (PID=865) to work on /opt/airflow/dags/05_etl_weather_postgres.py
[2026-09-07T20:39:33.492+0000] {processor.py:914} INFO - Processing file /opt/airflow/dags/05_etl_weather_postgres.py for tasks to queue
[2026-09-07T20:39:33.493+0000] {logging_mixin.py:190} INFO - [2026-09-07T20:39:33.493+0000] {dagbag.py:588} INFO - Filling up the DagBag from /opt/airflow/dags/05_etl_weather_postgres.py
[2026-09-07T20:39:33.506+0000] {processor.py:925} INFO - DAG(s) 'etl_weather_postgres_dag' retrieved from /opt/airflow/dags/05_etl_weather_postgres.py
[2026-09-07T20:39:33.530+0000] {logging_mixin.py:190} INFO - [2026-09-07T20:39:33.530+0000] {dag.py:3239} INFO - Sync 1 DAGs
[2026-09-07T20:39:33.541+0000] {logging_mixin.py:190} INFO - [2026-09-07T20:39:33.541+0000] {dag.py:4180} INFO - Setting next_dagrun for etl_weather_postgres_dag to None, run_after=None
[2026-09-07T20:39:33.557+0000] {processor.py:208} INFO - Processing /opt/airflow/dags/05_etl_weather_postgres.py took 0.070 seconds
[2026-09-07T20:40:04.149+0000] {processor.py:186} INFO - Started process (PID=879) to work on /opt/airflow/dags/05_etl_weather_postgres.py
[2026-09-07T20:40:04.150+0000] {processor.py:914} INFO - Processing file /opt/airflow/dags/05_etl_weather_postgres.py for tasks to queue
[2026-09-07T20:40:04.151+0000] {logging_mixin.py:190} INFO - [2026-09-07T20:40:04.151+0000] {dagbag.py:588} INFO - Filling up the DagBag from /opt/airflow/dags/05_etl_weather_postgres.py
[2026-09-07T20:40:04.167+0000] {processor.py:925} INFO - DAG(s) 'etl_weather_postgres_dag' retrieved from /opt/airflow/dags/05_etl_weather_postgres.py
[2026-09-07T20:40:04.188+0000] {logging_mixin.py:190} INFO - [2026-09-07T20:40:04.188+0000] {dag.py:3239} INFO - Sync 1 DAGs
[2026-09-07T20:40:04.200+0000] {logging_mixin.py:190} INFO - [2026-09-07T20:40:04.200+0000] {dag.py:4180} INFO - Setting next_dagrun for etl_weather_postgres_dag to None, run_after=None
[2026-09-07T20:40:04.215+0000] {processor.py:208} INFO - Processing /opt/airflow/dags/05_etl_weather_postgres.py took 0.070 seconds
[2026-09-07T20:40:34.809+0000] {processor.py:186} INFO - Started process (PID=893) to work on /opt/airflow/dags/05_etl_weather_postgres.py
[2026-09-07T20:40:34.810+0000] {processor.py:914} INFO - Processing file /opt/airflow/dags/05_etl_weather_postgres.py for tasks to queue
[2026-09-07T20:40:34.812+0000] {logging_mixin.py:190} INFO - [2026-09-07T20:40:34.811+0000] {dagbag.py:588} INFO - Filling up the DagBag from /opt/airflow/dags/05_etl_weather_postgres.py
[2026-09-07T20:40:34.829+0000] {processor.py:925} INFO - DAG(s) 'etl_weather_postgres_dag' retrieved from /opt/airflow/dags/05_etl_weather_postgres.py
[2026-09-07T20:40:34.855+0000] {logging_mixin.py:190} INFO - [2026-09-07T20:40:34.855+0000] {dag.py:3239} INFO - Sync 1 DAGs
[2026-09-07T20:40:34.871+0000] {logging_mixin.py:190} INFO - [2026-09-07T20:40:34.870+0000] {dag.py:4180} INFO - Setting next_dagrun for etl_weather_postgres_dag to None, run_after=None
[2026-09-07T20:40:34.898+0000] {processor.py:208} INFO - Processing /opt/airflow/dags/05_etl_weather_postgres.py took 0.093 seconds
[2026-09-07T20:41:05.408+0000] {processor.py:186} INFO - Started process (PID=907) to work on /opt/airflow/dags/05_etl_weather_postgres.py
[2026-09-07T20:41:05.408+0000] {processor.py:914} INFO - Processing file /opt/airflow/dags/05_etl_weather_postgres.py for tasks to queue
[2026-09-07T20:41:05.409+0000] {logging_mixin.py:190} INFO - [2026-09-07T20:41:05.409+0000] {dagbag.py:588} INFO - Filling up the DagBag from /opt/airflow/dags/05_etl_weather_postgres.py
[2026-09-07T20:41:05.424+0000] {processor.py:925} INFO - DAG(s) 'etl_weather_postgres_dag' retrieved from /opt/airflow/dags/05_etl_weather_postgres.py
[2026-09-07T20:41:05.446+0000] {logging_mixin.py:190} INFO - [2026-09-07T20:41:05.446+0000] {dag.py:3239} INFO - Sync 1 DAGs
[2026-09-07T20:41:05.457+0000] {logging_mixin.py:190} INFO - [2026-09-07T20:41:05.457+0000] {dag.py:4180} INFO - Setting next_dagrun for etl_weather_postgres_dag to None, run_after=None
[2026-09-07T20:41:05.476+0000] {processor.py:208} INFO - Processing /opt/airflow/dags/05_etl_weather_postgres.py took 0.074 seconds
[2026-09-07T20:41:35.975+0000] {processor.py:186} INFO - Started process (PID=921) to work on /opt/airflow/dags/05_etl_weather_postgres.py
[2026-09-07T20:41:35.976+0000] {processor.py:914} INFO - Processing file /opt/airflow/dags/05_etl_weather_postgres.py for tasks to queue
[2026-09-07T20:41:35.977+0000] {logging_mixin.py:190} INFO - [2026-09-07T20:41:35.977+0000] {dagbag.py:588} INFO - Filling up the DagBag from /opt/airflow/dags/05_etl_weather_postgres.py
[2026-09-07T20:41:35.992+0000] {processor.py:925} INFO - DAG(s) 'etl_weather_postgres_dag' retrieved from /opt/airflow/dags/05_etl_weather_postgres.py
[2026-09-07T20:41:36.020+0000] {logging_mixin.py:190} INFO - [2026-09-07T20:41:36.020+0000] {dag.py:3239} INFO - Sync 1 DAGs
[2026-09-07T20:41:36.036+0000] {logging_mixin.py:190} INFO - [2026-09-07T20:41:36.036+0000] {dag.py:4180} INFO - Setting next_dagrun for etl_weather_postgres_dag to None, run_after=None
[2026-09-07T20:41:36.058+0000] {processor.py:208} INFO - Processing /opt/airflow/dags/05_etl_weather_postgres.py took 0.089 seconds
[2026-09-07T20:42:06.535+0000] {processor.py:186} INFO - Started process (PID=935) to work on /opt/airflow/dags/05_etl_weather_postgres.py
[2026-09-07T20:42:06.536+0000] {processor.py:914} INFO - Processing file /opt/airflow/dags/05_etl_weather_postgres.py for tasks to queue
[2026-09-07T20:42:06.537+0000] {logging_mixin.py:190} INFO - [2026-09-07T20:42:06.537+0000] {dagbag.py:588} INFO - Filling up the DagBag from /opt/airflow/dags/05_etl_weather_postgres.py
[2026-09-07T20:42:06.550+0000] {processor.py:925} INFO - DAG(s) 'etl_weather_postgres_dag' retrieved from /opt/airflow/dags/05_etl_weather_postgres.py
[2026-09-07T20:42:06.574+0000] {logging_mixin.py:190} INFO - [2026-09-07T20:42:06.574+0000] {dag.py:3239} INFO - Sync 1 DAGs
[2026-09-07T20:42:06.586+0000] {logging_mixin.py:190} INFO - [2026-09-07T20:42:06.586+0000] {dag.py:4180} INFO - Setting next_dagrun for etl_weather_postgres_dag to None, run_after=None
[2026-09-07T20:42:06.604+0000] {processor.py:208} INFO - Processing /opt/airflow/dags/05_etl_weather_postgres.py took 0.074 seconds
[2026-09-07T20:42:37.101+0000] {processor.py:186} INFO - Started process (PID=949) to work on /opt/airflow/dags/05_etl_weather_postgres.py
[2026-09-07T20:42:37.102+0000] {processor.py:914} INFO - Processing file /opt/airflow/dags/05_etl_weather_postgres.py for tasks to queue
[2026-09-07T20:42:37.103+0000] {logging_mixin.py:190} INFO - [2026-09-07T20:42:37.102+0000] {dagbag.py:588} INFO - Filling up the DagBag from /opt/airflow/dags/05_etl_weather_postgres.py
[2026-09-07T20:42:37.117+0000] {processor.py:925} INFO - DAG(s) 'etl_weather_postgres_dag' retrieved from /opt/airflow/dags/05_etl_weather_postgres.py
[2026-09-07T20:42:37.145+0000] {logging_mixin.py:190} INFO - [2026-09-07T20:42:37.145+0000] {dag.py:3239} INFO - Sync 1 DAGs
[2026-09-07T20:42:37.163+0000] {logging_mixin.py:190} INFO - [2026-09-07T20:42:37.163+0000] {dag.py:4180} INFO - Setting next_dagrun for etl_weather_postgres_dag to None, run_after=None
[2026-09-07T20:42:37.183+0000] {processor.py:208} INFO - Processing /opt/airflow/dags/05_etl_weather_postgres.py took 0.087 seconds
[2026-09-07T20:43:07.893+0000] {processor.py:186} INFO - Started process (PID=963) to work on /opt/airflow/dags/05_etl_weather_postgres.py
[2026-09-07T20:43:07.894+0000] {processor.py:914} INFO - Processing file /opt/airflow/dags/05_etl_weather_postgres.py for tasks to queue
[2026-09-07T20:43:07.895+0000] {logging_mixin.py:190} INFO - [2026-09-07T20:43:07.895+0000] {dagbag.py:588} INFO - Filling up the DagBag from /opt/airflow/dags/05_etl_weather_postgres.py
[2026-09-07T20:43:07.910+0000] {processor.py:925} INFO - DAG(s) 'etl_weather_postgres_dag' retrieved from /opt/airflow/dags/05_etl_weather_postgres.py
[2026-09-07T20:43:07.933+0000] {logging_mixin.py:190} INFO - [2026-09-07T20:43:07.933+0000] {dag.py:3239} INFO - Sync 1 DAGs
[2026-09-07T20:43:07.946+0000] {logging_mixin.py:190} INFO - [2026-09-07T20:43:07.946+0000] {dag.py:4180} INFO - Setting next_dagrun for etl_weather_postgres_dag to None, run_after=None
[2026-09-07T20:43:07.966+0000] {processor.py:208} INFO - Processing /opt/airflow/dags/05_etl_weather_postgres.py took 0.078 seconds
[2026-09-07T20:43:38.057+0000] {processor.py:186} INFO - Started process (PID=977) to work on /opt/airflow/dags/05_etl_weather_postgres.py
[2026-09-07T20:43:38.058+0000] {processor.py:914} INFO - Processing file /opt/airflow/dags/05_etl_weather_postgres.py for tasks to queue
[2026-09-07T20:43:38.059+0000] {logging_mixin.py:190} INFO - [2026-09-07T20:43:38.059+0000] {dagbag.py:588} INFO - Filling up the DagBag from /opt/airflow/dags/05_etl_weather_postgres.py
[2026-09-07T20:43:38.073+0000] {processor.py:925} INFO - DAG(s) 'etl_weather_postgres_dag' retrieved from /opt/airflow/dags/05_etl_weather_postgres.py
[2026-09-07T20:43:38.097+0000] {logging_mixin.py:190} INFO - [2026-09-07T20:43:38.096+0000] {dag.py:3239} INFO - Sync 1 DAGs
[2026-09-07T20:43:38.109+0000] {logging_mixin.py:190} INFO - [2026-09-07T20:43:38.109+0000] {dag.py:4180} INFO - Setting next_dagrun for etl_weather_postgres_dag to None, run_after=None
[2026-09-07T20:43:38.126+0000] {processor.py:208} INFO - Processing /opt/airflow/dags/05_etl_weather_postgres.py took 0.074 seconds
[2026-09-07T20:44:08.806+0000] {processor.py:186} INFO - Started process (PID=991) to work on /opt/airflow/dags/05_etl_weather_postgres.py
[2026-09-07T20:44:08.806+0000] {processor.py:914} INFO - Processing file /opt/airflow/dags/05_etl_weather_postgres.py for tasks to queue
[2026-09-07T20:44:08.807+0000] {logging_mixin.py:190} INFO - [2026-09-07T20:44:08.807+0000] {dagbag.py:588} INFO - Filling up the DagBag from /opt/airflow/dags/05_etl_weather_postgres.py
[2026-09-07T20:44:08.821+0000] {processor.py:925} INFO - DAG(s) 'etl_weather_postgres_dag' retrieved from /opt/airflow/dags/05_etl_weather_postgres.py
[2026-09-07T20:44:08.846+0000] {logging_mixin.py:190} INFO - [2026-09-07T20:44:08.846+0000] {dag.py:3239} INFO - Sync 1 DAGs
[2026-09-07T20:44:08.858+0000] {logging_mixin.py:190} INFO - [2026-09-07T20:44:08.858+0000] {dag.py:4180} INFO - Setting next_dagrun for etl_weather_postgres_dag to None, run_after=None
[2026-09-07T20:44:08.884+0000] {processor.py:208} INFO - Processing /opt/airflow/dags/05_etl_weather_postgres.py took 0.083 seconds
[2026-09-07T20:44:39.395+0000] {processor.py:186} INFO - Started process (PID=1005) to work on /opt/airflow/dags/05_etl_weather_postgres.py
[2026-09-07T20:44:39.396+0000] {processor.py:914} INFO - Processing file /opt/airflow/dags/05_etl_weather_postgres.py for tasks to queue
[2026-09-07T20:44:39.397+0000] {logging_mixin.py:190} INFO - [2026-09-07T20:44:39.396+0000] {dagbag.py:588} INFO - Filling up the DagBag from /opt/airflow/dags/05_etl_weather_postgres.py
[2026-09-07T20:44:39.415+0000] {processor.py:925} INFO - DAG(s) 'etl_weather_postgres_dag' retrieved from /opt/airflow/dags/05_etl_weather_postgres.py
[2026-09-07T20:44:39.443+0000] {logging_mixin.py:190} INFO - [2026-09-07T20:44:39.443+0000] {dag.py:3239} INFO - Sync 1 DAGs
[2026-09-07T20:44:39.458+0000] {logging_mixin.py:190} INFO - [2026-09-07T20:44:39.458+0000] {dag.py:4180} INFO - Setting next_dagrun for etl_weather_postgres_dag to None, run_after=None
[2026-09-07T20:44:39.481+0000] {processor.py:208} INFO - Processing /opt/airflow/dags/05_etl_weather_postgres.py took 0.092 seconds
[2026-09-07T20:45:10.001+0000] {processor.py:186} INFO - Started process (PID=1020) to work on /opt/airflow/dags/05_etl_weather_postgres.py
[2026-09-07T20:45:10.002+0000] {processor.py:914} INFO - Processing file /opt/airflow/dags/05_etl_weather_postgres.py for tasks to queue
[2026-09-07T20:45:10.003+0000] {logging_mixin.py:190} INFO - [2026-09-07T20:45:10.003+0000] {dagbag.py:588} INFO - Filling up the DagBag from /opt/airflow/dags/05_etl_weather_postgres.py
[2026-09-07T20:45:10.019+0000] {processor.py:925} INFO - DAG(s) 'etl_weather_postgres_dag' retrieved from /opt/airflow/dags/05_etl_weather_postgres.py
[2026-09-07T20:45:10.044+0000] {logging_mixin.py:190} INFO - [2026-09-07T20:45:10.044+0000] {dag.py:3239} INFO - Sync 1 DAGs
[2026-09-07T20:45:10.058+0000] {logging_mixin.py:190} INFO - [2026-09-07T20:45:10.058+0000] {dag.py:4180} INFO - Setting next_dagrun for etl_weather_postgres_dag to None, run_after=None
[2026-09-07T20:45:10.081+0000] {processor.py:208} INFO - Processing /opt/airflow/dags/05_etl_weather_postgres.py took 0.085 seconds
[2026-09-07T20:45:40.694+0000] {processor.py:186} INFO - Started process (PID=1034) to work on /opt/airflow/dags/05_etl_weather_postgres.py
[2026-09-07T20:45:40.695+0000] {processor.py:914} INFO - Processing file /opt/airflow/dags/05_etl_weather_postgres.py for tasks to queue
[2026-09-07T20:45:40.696+0000] {logging_mixin.py:190} INFO - [2026-09-07T20:45:40.696+0000] {dagbag.py:588} INFO - Filling up the DagBag from /opt/airflow/dags/05_etl_weather_postgres.py
[2026-09-07T20:45:40.711+0000] {processor.py:925} INFO - DAG(s) 'etl_weather_postgres_dag' retrieved from /opt/airflow/dags/05_etl_weather_postgres.py
[2026-09-07T20:45:40.736+0000] {logging_mixin.py:190} INFO - [2026-09-07T20:45:40.735+0000] {dag.py:3239} INFO - Sync 1 DAGs
[2026-09-07T20:45:40.747+0000] {logging_mixin.py:190} INFO - [2026-09-07T20:45:40.747+0000] {dag.py:4180} INFO - Setting next_dagrun for etl_weather_postgres_dag to None, run_after=None
[2026-09-07T20:45:40.764+0000] {processor.py:208} INFO - Processing /opt/airflow/dags/05_etl_weather_postgres.py took 0.075 seconds
[2026-09-07T20:46:11.792+0000] {processor.py:186} INFO - Started process (PID=1048) to work on /opt/airflow/dags/05_etl_weather_postgres.py
[2026-09-07T20:46:11.793+0000] {processor.py:914} INFO - Processing file /opt/airflow/dags/05_etl_weather_postgres.py for tasks to queue
[2026-09-07T20:46:11.794+0000] {logging_mixin.py:190} INFO - [2026-09-07T20:46:11.794+0000] {dagbag.py:588} INFO - Filling up the DagBag from /opt/airflow/dags/05_etl_weather_postgres.py
[2026-09-07T20:46:11.810+0000] {processor.py:925} INFO - DAG(s) 'etl_weather_postgres_dag' retrieved from /opt/airflow/dags/05_etl_weather_postgres.py
[2026-09-07T20:46:11.838+0000] {logging_mixin.py:190} INFO - [2026-09-07T20:46:11.838+0000] {dag.py:3239} INFO - Sync 1 DAGs
[2026-09-07T20:46:11.850+0000] {logging_mixin.py:190} INFO - [2026-09-07T20:46:11.850+0000] {dag.py:4180} INFO - Setting next_dagrun for etl_weather_postgres_dag to None, run_after=None
[2026-09-07T20:46:11.867+0000] {processor.py:208} INFO - Processing /opt/airflow/dags/05_etl_weather_postgres.py took 0.079 seconds
[2026-09-07T20:46:42.372+0000] {processor.py:186} INFO - Started process (PID=1062) to work on /opt/airflow/dags/05_etl_weather_postgres.py
[2026-09-07T20:46:42.372+0000] {processor.py:914} INFO - Processing file /opt/airflow/dags/05_etl_weather_postgres.py for tasks to queue
[2026-09-07T20:46:42.373+0000] {logging_mixin.py:190} INFO - [2026-09-07T20:46:42.373+0000] {dagbag.py:588} INFO - Filling up the DagBag from /opt/airflow/dags/05_etl_weather_postgres.py
[2026-09-07T20:46:42.387+0000] {processor.py:925} INFO - DAG(s) 'etl_weather_postgres_dag' retrieved from /opt/airflow/dags/05_etl_weather_postgres.py
[2026-09-07T20:46:42.409+0000] {logging_mixin.py:190} INFO - [2026-09-07T20:46:42.409+0000] {dag.py:3239} INFO - Sync 1 DAGs
[2026-09-07T20:46:42.420+0000] {logging_mixin.py:190} INFO - [2026-09-07T20:46:42.419+0000] {dag.py:4180} INFO - Setting next_dagrun for etl_weather_postgres_dag to None, run_after=None
[2026-09-07T20:46:42.436+0000] {processor.py:208} INFO - Processing /opt/airflow/dags/05_etl_weather_postgres.py took 0.069 seconds
[2026-09-07T20:47:13.004+0000] {processor.py:186} INFO - Started process (PID=1076) to work on /opt/airflow/dags/05_etl_weather_postgres.py
[2026-09-07T20:47:13.005+0000] {processor.py:914} INFO - Processing file /opt/airflow/dags/05_etl_weather_postgres.py for tasks to queue
[2026-09-07T20:47:13.006+0000] {logging_mixin.py:190} INFO - [2026-09-07T20:47:13.006+0000] {dagbag.py:588} INFO - Filling up the DagBag from /opt/airflow/dags/05_etl_weather_postgres.py
[2026-09-07T20:47:13.020+0000] {processor.py:925} INFO - DAG(s) 'etl_weather_postgres_dag' retrieved from /opt/airflow/dags/05_etl_weather_postgres.py
[2026-09-07T20:47:13.041+0000] {logging_mixin.py:190} INFO - [2026-09-07T20:47:13.041+0000] {dag.py:3239} INFO - Sync 1 DAGs
[2026-09-07T20:47:13.053+0000] {logging_mixin.py:190} INFO - [2026-09-07T20:47:13.053+0000] {dag.py:4180} INFO - Setting next_dagrun for etl_weather_postgres_dag to None, run_after=None
[2026-09-07T20:47:13.070+0000] {processor.py:208} INFO - Processing /opt/airflow/dags/05_etl_weather_postgres.py took 0.070 seconds
[2026-09-07T20:47:43.659+0000] {processor.py:186} INFO - Started process (PID=1090) to work on /opt/airflow/dags/05_etl_weather_postgres.py
[2026-09-07T20:47:43.660+0000] {processor.py:914} INFO - Processing file /opt/airflow/dags/05_etl_weather_postgres.py for tasks to queue
[2026-09-07T20:47:43.661+0000] {logging_mixin.py:190} INFO - [2026-09-07T20:47:43.661+0000] {dagbag.py:588} INFO - Filling up the DagBag from /opt/airflow/dags/05_etl_weather_postgres.py
[2026-09-07T20:47:43.676+0000] {processor.py:925} INFO - DAG(s) 'etl_weather_postgres_dag' retrieved from /opt/airflow/dags/05_etl_weather_postgres.py
[2026-09-07T20:47:43.697+0000] {logging_mixin.py:190} INFO - [2026-09-07T20:47:43.697+0000] {dag.py:3239} INFO - Sync 1 DAGs
[2026-09-07T20:47:43.709+0000] {logging_mixin.py:190} INFO - [2026-09-07T20:47:43.709+0000] {dag.py:4180} INFO - Setting next_dagrun for etl_weather_postgres_dag to None, run_after=None
[2026-09-07T20:47:43.731+0000] {processor.py:208} INFO - Processing /opt/airflow/dags/05_etl_weather_postgres.py took 0.077 seconds
[2026-09-07T20:48:14.238+0000] {processor.py:186} INFO - Started process (PID=1104) to work on /opt/airflow/dags/05_etl_weather_postgres.py
[2026-09-07T20:48:14.239+0000] {processor.py:914} INFO - Processing file /opt/airflow/dags/05_etl_weather_postgres.py for tasks to queue
[2026-09-07T20:48:14.240+0000] {logging_mixin.py:190} INFO - [2026-09-07T20:48:14.240+0000] {dagbag.py:588} INFO - Filling up the DagBag from /opt/airflow/dags/05_etl_weather_postgres.py
[2026-09-07T20:48:14.254+0000] {processor.py:925} INFO - DAG(s) 'etl_weather_postgres_dag' retrieved from /opt/airflow/dags/05_etl_weather_postgres.py
[2026-09-07T20:48:14.278+0000] {logging_mixin.py:190} INFO - [2026-09-07T20:48:14.278+0000] {dag.py:3239} INFO - Sync 1 DAGs
[2026-09-07T20:48:14.291+0000] {logging_mixin.py:190} INFO - [2026-09-07T20:48:14.291+0000] {dag.py:4180} INFO - Setting next_dagrun for etl_weather_postgres_dag to None, run_after=None
[2026-09-07T20:48:14.309+0000] {processor.py:208} INFO - Processing /opt/airflow/dags/05_etl_weather_postgres.py took 0.075 seconds
[2026-09-07T20:48:44.826+0000] {processor.py:186} INFO - Started process (PID=1118) to work on /opt/airflow/dags/05_etl_weather_postgres.py
[2026-09-07T20:48:44.826+0000] {processor.py:914} INFO - Processing file /opt/airflow/dags/05_etl_weather_postgres.py for tasks to queue
[2026-09-07T20:48:44.828+0000] {logging_mixin.py:190} INFO - [2026-09-07T20:48:44.827+0000] {dagbag.py:588} INFO - Filling up the DagBag from /opt/airflow/dags/05_etl_weather_postgres.py
[2026-09-07T20:48:44.846+0000] {processor.py:925} INFO - DAG(s) 'etl_weather_postgres_dag' retrieved from /opt/airflow/dags/05_etl_weather_postgres.py
[2026-09-07T20:48:44.872+0000] {logging_mixin.py:190} INFO - [2026-09-07T20:48:44.872+0000] {dag.py:3239} INFO - Sync 1 DAGs
[2026-09-07T20:48:44.885+0000] {logging_mixin.py:190} INFO - [2026-09-07T20:48:44.885+0000] {dag.py:4180} INFO - Setting next_dagrun for etl_weather_postgres_dag to None, run_after=None
[2026-09-07T20:48:44.905+0000] {processor.py:208} INFO - Processing /opt/airflow/dags/05_etl_weather_postgres.py took 0.085 seconds
[2026-09-07T20:49:15.339+0000] {processor.py:186} INFO - Started process (PID=1132) to work on /opt/airflow/dags/05_etl_weather_postgres.py
[2026-09-07T20:49:15.340+0000] {processor.py:914} INFO - Processing file /opt/airflow/dags/05_etl_weather_postgres.py for tasks to queue
[2026-09-07T20:49:15.341+0000] {logging_mixin.py:190} INFO - [2026-09-07T20:49:15.341+0000] {dagbag.py:588} INFO - Filling up the DagBag from /opt/airflow/dags/05_etl_weather_postgres.py
[2026-09-07T20:49:15.355+0000] {processor.py:925} INFO - DAG(s) 'etl_weather_postgres_dag' retrieved from /opt/airflow/dags/05_etl_weather_postgres.py
[2026-09-07T20:49:15.377+0000] {logging_mixin.py:190} INFO - [2026-09-07T20:49:15.377+0000] {dag.py:3239} INFO - Sync 1 DAGs
[2026-09-07T20:49:15.388+0000] {logging_mixin.py:190} INFO - [2026-09-07T20:49:15.388+0000] {dag.py:4180} INFO - Setting next_dagrun for etl_weather_postgres_dag to None, run_after=None
[2026-09-07T20:49:15.404+0000] {processor.py:208} INFO - Processing /opt/airflow/dags/05_etl_weather_postgres.py took 0.069 seconds
[2026-09-07T20:49:46.027+0000] {processor.py:186} INFO - Started process (PID=1146) to work on /opt/airflow/dags/05_etl_weather_postgres.py
[2026-09-07T20:49:46.028+0000] {processor.py:914} INFO - Processing file /opt/airflow/dags/05_etl_weather_postgres.py for tasks to queue
[2026-09-07T20:49:46.030+0000] {logging_mixin.py:190} INFO - [2026-09-07T20:49:46.029+0000] {dagbag.py:588} INFO - Filling up the DagBag from /opt/airflow/dags/05_etl_weather_postgres.py
[2026-09-07T20:49:46.043+0000] {processor.py:925} INFO - DAG(s) 'etl_weather_postgres_dag' retrieved from /opt/airflow/dags/05_etl_weather_postgres.py
[2026-09-07T20:49:46.065+0000] {logging_mixin.py:190} INFO - [2026-09-07T20:49:46.065+0000] {dag.py:3239} INFO - Sync 1 DAGs
[2026-09-07T20:49:46.077+0000] {logging_mixin.py:190} INFO - [2026-09-07T20:49:46.076+0000] {dag.py:4180} INFO - Setting next_dagrun for etl_weather_postgres_dag to None, run_after=None
[2026-09-07T20:49:46.094+0000] {processor.py:208} INFO - Processing /opt/airflow/dags/05_etl_weather_postgres.py took 0.071 seconds
[2026-09-07T20:50:16.756+0000] {processor.py:186} INFO - Started process (PID=1160) to work on /opt/airflow/dags/05_etl_weather_postgres.py
[2026-09-07T20:50:16.756+0000] {processor.py:914} INFO - Processing file /opt/airflow/dags/05_etl_weather_postgres.py for tasks to queue
[2026-09-07T20:50:16.757+0000] {logging_mixin.py:190} INFO - [2026-09-07T20:50:16.757+0000] {dagbag.py:588} INFO - Filling up the DagBag from /opt/airflow/dags/05_etl_weather_postgres.py
[2026-09-07T20:50:16.771+0000] {processor.py:925} INFO - DAG(s) 'etl_weather_postgres_dag' retrieved from /opt/airflow/dags/05_etl_weather_postgres.py
[2026-09-07T20:50:16.794+0000] {logging_mixin.py:190} INFO - [2026-09-07T20:50:16.794+0000] {dag.py:3239} INFO - Sync 1 DAGs
[2026-09-07T20:50:16.808+0000] {logging_mixin.py:190} INFO - [2026-09-07T20:50:16.808+0000] {dag.py:4180} INFO - Setting next_dagrun for etl_weather_postgres_dag to None, run_after=None
[2026-09-07T20:50:16.831+0000] {processor.py:208} INFO - Processing /opt/airflow/dags/05_etl_weather_postgres.py took 0.081 seconds
[2026-09-07T20:50:46.885+0000] {processor.py:186} INFO - Started process (PID=1174) to work on /opt/airflow/dags/05_etl_weather_postgres.py
[2026-09-07T20:50:46.885+0000] {processor.py:914} INFO - Processing file /opt/airflow/dags/05_etl_weather_postgres.py for tasks to queue
[2026-09-07T20:50:46.887+0000] {logging_mixin.py:190} INFO - [2026-09-07T20:50:46.886+0000] {dagbag.py:588} INFO - Filling up the DagBag from /opt/airflow/dags/05_etl_weather_postgres.py
[2026-09-07T20:50:46.902+0000] {processor.py:925} INFO - DAG(s) 'etl_weather_postgres_dag' retrieved from /opt/airflow/dags/05_etl_weather_postgres.py
[2026-09-07T20:50:46.931+0000] {logging_mixin.py:190} INFO - [2026-09-07T20:50:46.931+0000] {dag.py:3239} INFO - Sync 1 DAGs
[2026-09-07T20:50:46.948+0000] {logging_mixin.py:190} INFO - [2026-09-07T20:50:46.948+0000] {dag.py:4180} INFO - Setting next_dagrun for etl_weather_postgres_dag to None, run_after=None
[2026-09-07T20:50:46.968+0000] {processor.py:208} INFO - Processing /opt/airflow/dags/05_etl_weather_postgres.py took 0.089 seconds
[2026-09-07T20:51:17.517+0000] {processor.py:186} INFO - Started process (PID=1188) to work on /opt/airflow/dags/05_etl_weather_postgres.py
[2026-09-07T20:51:17.517+0000] {processor.py:914} INFO - Processing file /opt/airflow/dags/05_etl_weather_postgres.py for tasks to queue
[2026-09-07T20:51:17.518+0000] {logging_mixin.py:190} INFO - [2026-09-07T20:51:17.518+0000] {dagbag.py:588} INFO - Filling up the DagBag from /opt/airflow/dags/05_etl_weather_postgres.py
[2026-09-07T20:51:17.533+0000] {processor.py:925} INFO - DAG(s) 'etl_weather_postgres_dag' retrieved from /opt/airflow/dags/05_etl_weather_postgres.py
[2026-09-07T20:51:17.555+0000] {logging_mixin.py:190} INFO - [2026-09-07T20:51:17.555+0000] {dag.py:3239} INFO - Sync 1 DAGs
[2026-09-07T20:51:17.567+0000] {logging_mixin.py:190} INFO - [2026-09-07T20:51:17.567+0000] {dag.py:4180} INFO - Setting next_dagrun for etl_weather_postgres_dag to None, run_after=None
[2026-09-07T20:51:17.582+0000] {processor.py:208} INFO - Processing /opt/airflow/dags/05_etl_weather_postgres.py took 0.071 seconds
[2026-09-07T20:51:48.170+0000] {processor.py:186} INFO - Started process (PID=1202) to work on /opt/airflow/dags/05_etl_weather_postgres.py
[2026-09-07T20:51:48.170+0000] {processor.py:914} INFO - Processing file /opt/airflow/dags/05_etl_weather_postgres.py for tasks to queue
[2026-09-07T20:51:48.171+0000] {logging_mixin.py:190} INFO - [2026-09-07T20:51:48.171+0000] {dagbag.py:588} INFO - Filling up the DagBag from /opt/airflow/dags/05_etl_weather_postgres.py
[2026-09-07T20:51:48.185+0000] {processor.py:925} INFO - DAG(s) 'etl_weather_postgres_dag' retrieved from /opt/airflow/dags/05_etl_weather_postgres.py
[2026-09-07T20:51:48.210+0000] {logging_mixin.py:190} INFO - [2026-09-07T20:51:48.210+0000] {dag.py:3239} INFO - Sync 1 DAGs
[2026-09-07T20:51:48.225+0000] {logging_mixin.py:190} INFO - [2026-09-07T20:51:48.225+0000] {dag.py:4180} INFO - Setting next_dagrun for etl_weather_postgres_dag to None, run_after=None
[2026-09-07T20:51:48.243+0000] {processor.py:208} INFO - Processing /opt/airflow/dags/05_etl_weather_postgres.py took 0.078 seconds
[2026-09-07T20:52:18.828+0000] {processor.py:186} INFO - Started process (PID=1216) to work on /opt/airflow/dags/05_etl_weather_postgres.py
[2026-09-07T20:52:18.829+0000] {processor.py:914} INFO - Processing file /opt/airflow/dags/05_etl_weather_postgres.py for tasks to queue
[2026-09-07T20:52:18.830+0000] {logging_mixin.py:190} INFO - [2026-09-07T20:52:18.830+0000] {dagbag.py:588} INFO - Filling up the DagBag from /opt/airflow/dags/05_etl_weather_postgres.py
[2026-09-07T20:52:18.844+0000] {processor.py:925} INFO - DAG(s) 'etl_weather_postgres_dag' retrieved from /opt/airflow/dags/05_etl_weather_postgres.py
[2026-09-07T20:52:18.867+0000] {logging_mixin.py:190} INFO - [2026-09-07T20:52:18.867+0000] {dag.py:3239} INFO - Sync 1 DAGs
[2026-09-07T20:52:18.883+0000] {logging_mixin.py:190} INFO - [2026-09-07T20:52:18.883+0000] {dag.py:4180} INFO - Setting next_dagrun for etl_weather_postgres_dag to None, run_after=None
[2026-09-07T20:52:18.905+0000] {processor.py:208} INFO - Processing /opt/airflow/dags/05_etl_weather_postgres.py took 0.082 seconds
[2026-09-07T20:52:49.423+0000] {processor.py:186} INFO - Started process (PID=1230) to work on /opt/airflow/dags/05_etl_weather_postgres.py
[2026-09-07T20:52:49.424+0000] {processor.py:914} INFO - Processing file /opt/airflow/dags/05_etl_weather_postgres.py for tasks to queue
[2026-09-07T20:52:49.425+0000] {logging_mixin.py:190} INFO - [2026-09-07T20:52:49.425+0000] {dagbag.py:588} INFO - Filling up the DagBag from /opt/airflow/dags/05_etl_weather_postgres.py
[2026-09-07T20:52:49.437+0000] {processor.py:925} INFO - DAG(s) 'etl_weather_postgres_dag' retrieved from /opt/airflow/dags/05_etl_weather_postgres.py
[2026-09-07T20:52:49.460+0000] {logging_mixin.py:190} INFO - [2026-09-07T20:52:49.460+0000] {dag.py:3239} INFO - Sync 1 DAGs
[2026-09-07T20:52:49.472+0000] {logging_mixin.py:190} INFO - [2026-09-07T20:52:49.472+0000] {dag.py:4180} INFO - Setting next_dagrun for etl_weather_postgres_dag to None, run_after=None
[2026-09-07T20:52:49.492+0000] {processor.py:208} INFO - Processing /opt/airflow/dags/05_etl_weather_postgres.py took 0.073 seconds
[2026-09-07T20:53:20.102+0000] {processor.py:186} INFO - Started process (PID=1244) to work on /opt/airflow/dags/05_etl_weather_postgres.py
[2026-09-07T20:53:20.103+0000] {processor.py:914} INFO - Processing file /opt/airflow/dags/05_etl_weather_postgres.py for tasks to queue
[2026-09-07T20:53:20.104+0000] {logging_mixin.py:190} INFO - [2026-09-07T20:53:20.103+0000] {dagbag.py:588} INFO - Filling up the DagBag from /opt/airflow/dags/05_etl_weather_postgres.py
[2026-09-07T20:53:20.119+0000] {processor.py:925} INFO - DAG(s) 'etl_weather_postgres_dag' retrieved from /opt/airflow/dags/05_etl_weather_postgres.py
[2026-09-07T20:53:20.146+0000] {logging_mixin.py:190} INFO - [2026-09-07T20:53:20.145+0000] {dag.py:3239} INFO - Sync 1 DAGs
[2026-09-07T20:53:20.160+0000] {logging_mixin.py:190} INFO - [2026-09-07T20:53:20.159+0000] {dag.py:4180} INFO - Setting next_dagrun for etl_weather_postgres_dag to None, run_after=None
[2026-09-07T20:53:20.179+0000] {processor.py:208} INFO - Processing /opt/airflow/dags/05_etl_weather_postgres.py took 0.082 seconds
[2026-09-07T20:53:50.700+0000] {processor.py:186} INFO - Started process (PID=1258) to work on /opt/airflow/dags/05_etl_weather_postgres.py
[2026-09-07T20:53:50.700+0000] {processor.py:914} INFO - Processing file /opt/airflow/dags/05_etl_weather_postgres.py for tasks to queue
[2026-09-07T20:53:50.701+0000] {logging_mixin.py:190} INFO - [2026-09-07T20:53:50.701+0000] {dagbag.py:588} INFO - Filling up the DagBag from /opt/airflow/dags/05_etl_weather_postgres.py
[2026-09-07T20:53:50.717+0000] {processor.py:925} INFO - DAG(s) 'etl_weather_postgres_dag' retrieved from /opt/airflow/dags/05_etl_weather_postgres.py
[2026-09-07T20:53:50.750+0000] {logging_mixin.py:190} INFO - [2026-09-07T20:53:50.750+0000] {dag.py:3239} INFO - Sync 1 DAGs
[2026-09-07T20:53:50.769+0000] {logging_mixin.py:190} INFO - [2026-09-07T20:53:50.769+0000] {dag.py:4180} INFO - Setting next_dagrun for etl_weather_postgres_dag to None, run_after=None
[2026-09-07T20:53:50.799+0000] {processor.py:208} INFO - Processing /opt/airflow/dags/05_etl_weather_postgres.py took 0.105 seconds
[2026-09-07T20:54:21.237+0000] {processor.py:186} INFO - Started process (PID=1272) to work on /opt/airflow/dags/05_etl_weather_postgres.py
[2026-09-07T20:54:21.238+0000] {processor.py:914} INFO - Processing file /opt/airflow/dags/05_etl_weather_postgres.py for tasks to queue
[2026-09-07T20:54:21.239+0000] {logging_mixin.py:190} INFO - [2026-09-07T20:54:21.239+0000] {dagbag.py:588} INFO - Filling up the DagBag from /opt/airflow/dags/05_etl_weather_postgres.py
[2026-09-07T20:54:21.253+0000] {processor.py:925} INFO - DAG(s) 'etl_weather_postgres_dag' retrieved from /opt/airflow/dags/05_etl_weather_postgres.py
[2026-09-07T20:54:21.275+0000] {logging_mixin.py:190} INFO - [2026-09-07T20:54:21.275+0000] {dag.py:3239} INFO - Sync 1 DAGs
[2026-09-07T20:54:21.287+0000] {logging_mixin.py:190} INFO - [2026-09-07T20:54:21.286+0000] {dag.py:4180} INFO - Setting next_dagrun for etl_weather_postgres_dag to None, run_after=None
[2026-09-07T20:54:21.303+0000] {processor.py:208} INFO - Processing /opt/airflow/dags/05_etl_weather_postgres.py took 0.071 seconds
[2026-09-07T20:54:51.919+0000] {processor.py:186} INFO - Started process (PID=1293) to work on /opt/airflow/dags/05_etl_weather_postgres.py
[2026-09-07T20:54:51.920+0000] {processor.py:914} INFO - Processing file /opt/airflow/dags/05_etl_weather_postgres.py for tasks to queue
[2026-09-07T20:54:51.921+0000] {logging_mixin.py:190} INFO - [2026-09-07T20:54:51.920+0000] {dagbag.py:588} INFO - Filling up the DagBag from /opt/airflow/dags/05_etl_weather_postgres.py
[2026-09-07T20:54:51.935+0000] {processor.py:925} INFO - DAG(s) 'etl_weather_postgres_dag' retrieved from /opt/airflow/dags/05_etl_weather_postgres.py
[2026-09-07T20:54:51.959+0000] {logging_mixin.py:190} INFO - [2026-09-07T20:54:51.958+0000] {dag.py:3239} INFO - Sync 1 DAGs
[2026-09-07T20:54:51.973+0000] {logging_mixin.py:190} INFO - [2026-09-07T20:54:51.973+0000] {dag.py:4180} INFO - Setting next_dagrun for etl_weather_postgres_dag to None, run_after=None
[2026-09-07T20:54:52.001+0000] {processor.py:208} INFO - Processing /opt/airflow/dags/05_etl_weather_postgres.py took 0.088 seconds
[2026-09-07T20:55:22.532+0000] {processor.py:186} INFO - Started process (PID=1307) to work on /opt/airflow/dags/05_etl_weather_postgres.py
[2026-09-07T20:55:22.533+0000] {processor.py:914} INFO - Processing file /opt/airflow/dags/05_etl_weather_postgres.py for tasks to queue
[2026-09-07T20:55:22.534+0000] {logging_mixin.py:190} INFO - [2026-09-07T20:55:22.533+0000] {dagbag.py:588} INFO - Filling up the DagBag from /opt/airflow/dags/05_etl_weather_postgres.py
[2026-09-07T20:55:22.548+0000] {processor.py:925} INFO - DAG(s) 'etl_weather_postgres_dag' retrieved from /opt/airflow/dags/05_etl_weather_postgres.py
[2026-09-07T20:55:22.574+0000] {logging_mixin.py:190} INFO - [2026-09-07T20:55:22.573+0000] {dag.py:3239} INFO - Sync 1 DAGs
[2026-09-07T20:55:22.587+0000] {logging_mixin.py:190} INFO - [2026-09-07T20:55:22.587+0000] {dag.py:4180} INFO - Setting next_dagrun for etl_weather_postgres_dag to None, run_after=None
[2026-09-07T20:55:22.606+0000] {processor.py:208} INFO - Processing /opt/airflow/dags/05_etl_weather_postgres.py took 0.080 seconds
[2026-09-07T20:55:53.241+0000] {processor.py:186} INFO - Started process (PID=1321) to work on /opt/airflow/dags/05_etl_weather_postgres.py
[2026-09-07T20:55:53.242+0000] {processor.py:914} INFO - Processing file /opt/airflow/dags/05_etl_weather_postgres.py for tasks to queue
[2026-09-07T20:55:53.243+0000] {logging_mixin.py:190} INFO - [2026-09-07T20:55:53.242+0000] {dagbag.py:588} INFO - Filling up the DagBag from /opt/airflow/dags/05_etl_weather_postgres.py
[2026-09-07T20:55:53.255+0000] {processor.py:925} INFO - DAG(s) 'etl_weather_postgres_dag' retrieved from /opt/airflow/dags/05_etl_weather_postgres.py
[2026-09-07T20:55:53.277+0000] {logging_mixin.py:190} INFO - [2026-09-07T20:55:53.277+0000] {dag.py:3239} INFO - Sync 1 DAGs
[2026-09-07T20:55:53.288+0000] {logging_mixin.py:190} INFO - [2026-09-07T20:55:53.288+0000] {dag.py:4180} INFO - Setting next_dagrun for etl_weather_postgres_dag to None, run_after=None
[2026-09-07T20:55:53.306+0000] {processor.py:208} INFO - Processing /opt/airflow/dags/05_etl_weather_postgres.py took 0.070 seconds
[2026-09-07T20:56:23.781+0000] {processor.py:186} INFO - Started process (PID=1335) to work on /opt/airflow/dags/05_etl_weather_postgres.py
[2026-09-07T20:56:23.782+0000] {processor.py:914} INFO - Processing file /opt/airflow/dags/05_etl_weather_postgres.py for tasks to queue
[2026-09-07T20:56:23.783+0000] {logging_mixin.py:190} INFO - [2026-09-07T20:56:23.782+0000] {dagbag.py:588} INFO - Filling up the DagBag from /opt/airflow/dags/05_etl_weather_postgres.py
[2026-09-07T20:56:23.796+0000] {processor.py:925} INFO - DAG(s) 'etl_weather_postgres_dag' retrieved from /opt/airflow/dags/05_etl_weather_postgres.py
[2026-09-07T20:56:23.819+0000] {logging_mixin.py:190} INFO - [2026-09-07T20:56:23.818+0000] {dag.py:3239} INFO - Sync 1 DAGs
[2026-09-07T20:56:23.831+0000] {logging_mixin.py:190} INFO - [2026-09-07T20:56:23.831+0000] {dag.py:4180} INFO - Setting next_dagrun for etl_weather_postgres_dag to None, run_after=None
[2026-09-07T20:56:23.848+0000] {processor.py:208} INFO - Processing /opt/airflow/dags/05_etl_weather_postgres.py took 0.071 seconds
[2026-09-07T20:56:54.376+0000] {processor.py:186} INFO - Started process (PID=1349) to work on /opt/airflow/dags/05_etl_weather_postgres.py
[2026-09-07T20:56:54.377+0000] {processor.py:914} INFO - Processing file /opt/airflow/dags/05_etl_weather_postgres.py for tasks to queue
[2026-09-07T20:56:54.378+0000] {logging_mixin.py:190} INFO - [2026-09-07T20:56:54.378+0000] {dagbag.py:588} INFO - Filling up the DagBag from /opt/airflow/dags/05_etl_weather_postgres.py
[2026-09-07T20:56:54.399+0000] {processor.py:925} INFO - DAG(s) 'etl_weather_postgres_dag' retrieved from /opt/airflow/dags/05_etl_weather_postgres.py
[2026-09-07T20:56:54.429+0000] {logging_mixin.py:190} INFO - [2026-09-07T20:56:54.428+0000] {dag.py:3239} INFO - Sync 1 DAGs
[2026-09-07T20:56:54.443+0000] {logging_mixin.py:190} INFO - [2026-09-07T20:56:54.443+0000] {dag.py:4180} INFO - Setting next_dagrun for etl_weather_postgres_dag to None, run_after=None
[2026-09-07T20:56:54.463+0000] {processor.py:208} INFO - Processing /opt/airflow/dags/05_etl_weather_postgres.py took 0.094 seconds
[2026-09-07T21:02:09.499+0000] {processor.py:186} INFO - Started process (PID=103) to work on /opt/airflow/dags/05_etl_weather_postgres.py
[2026-09-07T21:02:09.500+0000] {processor.py:914} INFO - Processing file /opt/airflow/dags/05_etl_weather_postgres.py for tasks to queue
[2026-09-07T21:02:09.501+0000] {logging_mixin.py:190} INFO - [2026-09-07T21:02:09.501+0000] {dagbag.py:588} INFO - Filling up the DagBag from /opt/airflow/dags/05_etl_weather_postgres.py
[2026-09-07T21:02:09.516+0000] {processor.py:925} INFO - DAG(s) 'etl_weather_postgres_dag' retrieved from /opt/airflow/dags/05_etl_weather_postgres.py
[2026-09-07T21:02:09.547+0000] {logging_mixin.py:190} INFO - [2026-09-07T21:02:09.547+0000] {dag.py:3239} INFO - Sync 1 DAGs
[2026-09-07T21:02:09.570+0000] {logging_mixin.py:190} INFO - [2026-09-07T21:02:09.569+0000] {dag.py:4180} INFO - Setting next_dagrun for etl_weather_postgres_dag to None, run_after=None
[2026-09-07T21:02:09.604+0000] {processor.py:208} INFO - Processing /opt/airflow/dags/05_etl_weather_postgres.py took 0.110 seconds
[2026-09-07T21:02:40.138+0000] {processor.py:186} INFO - Started process (PID=117) to work on /opt/airflow/dags/05_etl_weather_postgres.py
[2026-09-07T21:02:40.139+0000] {processor.py:914} INFO - Processing file /opt/airflow/dags/05_etl_weather_postgres.py for tasks to queue
[2026-09-07T21:02:40.140+0000] {logging_mixin.py:190} INFO - [2026-09-07T21:02:40.139+0000] {dagbag.py:588} INFO - Filling up the DagBag from /opt/airflow/dags/05_etl_weather_postgres.py
[2026-09-07T21:02:40.156+0000] {processor.py:925} INFO - DAG(s) 'etl_weather_postgres_dag' retrieved from /opt/airflow/dags/05_etl_weather_postgres.py
[2026-09-07T21:02:40.180+0000] {logging_mixin.py:190} INFO - [2026-09-07T21:02:40.179+0000] {dag.py:3239} INFO - Sync 1 DAGs
[2026-09-07T21:02:40.192+0000] {logging_mixin.py:190} INFO - [2026-09-07T21:02:40.192+0000] {dag.py:4180} INFO - Setting next_dagrun for etl_weather_postgres_dag to None, run_after=None
[2026-09-07T21:02:40.210+0000] {processor.py:208} INFO - Processing /opt/airflow/dags/05_etl_weather_postgres.py took 0.077 seconds
[2026-09-07T21:03:10.917+0000] {processor.py:186} INFO - Started process (PID=131) to work on /opt/airflow/dags/05_etl_weather_postgres.py
[2026-09-07T21:03:10.918+0000] {processor.py:914} INFO - Processing file /opt/airflow/dags/05_etl_weather_postgres.py for tasks to queue
[2026-09-07T21:03:10.920+0000] {logging_mixin.py:190} INFO - [2026-09-07T21:03:10.919+0000] {dagbag.py:588} INFO - Filling up the DagBag from /opt/airflow/dags/05_etl_weather_postgres.py
[2026-09-07T21:03:10.942+0000] {processor.py:925} INFO - DAG(s) 'etl_weather_postgres_dag' retrieved from /opt/airflow/dags/05_etl_weather_postgres.py
[2026-09-07T21:03:10.976+0000] {logging_mixin.py:190} INFO - [2026-09-07T21:03:10.976+0000] {dag.py:3239} INFO - Sync 1 DAGs
[2026-09-07T21:03:10.993+0000] {logging_mixin.py:190} INFO - [2026-09-07T21:03:10.993+0000] {dag.py:4180} INFO - Setting next_dagrun for etl_weather_postgres_dag to None, run_after=None
[2026-09-07T21:03:11.019+0000] {processor.py:208} INFO - Processing /opt/airflow/dags/05_etl_weather_postgres.py took 0.109 seconds
[2026-09-07T21:03:41.140+0000] {processor.py:186} INFO - Started process (PID=145) to work on /opt/airflow/dags/05_etl_weather_postgres.py
[2026-09-07T21:03:41.141+0000] {processor.py:914} INFO - Processing file /opt/airflow/dags/05_etl_weather_postgres.py for tasks to queue
[2026-09-07T21:03:41.142+0000] {logging_mixin.py:190} INFO - [2026-09-07T21:03:41.142+0000] {dagbag.py:588} INFO - Filling up the DagBag from /opt/airflow/dags/05_etl_weather_postgres.py
[2026-09-07T21:03:41.156+0000] {processor.py:925} INFO - DAG(s) 'etl_weather_postgres_dag' retrieved from /opt/airflow/dags/05_etl_weather_postgres.py
[2026-09-07T21:03:41.180+0000] {logging_mixin.py:190} INFO - [2026-09-07T21:03:41.179+0000] {dag.py:3239} INFO - Sync 1 DAGs
[2026-09-07T21:03:41.191+0000] {logging_mixin.py:190} INFO - [2026-09-07T21:03:41.191+0000] {dag.py:4180} INFO - Setting next_dagrun for etl_weather_postgres_dag to None, run_after=None
[2026-09-07T21:03:41.212+0000] {processor.py:208} INFO - Processing /opt/airflow/dags/05_etl_weather_postgres.py took 0.076 seconds
[2026-09-07T21:04:12.068+0000] {processor.py:186} INFO - Started process (PID=159) to work on /opt/airflow/dags/05_etl_weather_postgres.py
[2026-09-07T21:04:12.068+0000] {processor.py:914} INFO - Processing file /opt/airflow/dags/05_etl_weather_postgres.py for tasks to queue
[2026-09-07T21:04:12.069+0000] {logging_mixin.py:190} INFO - [2026-09-07T21:04:12.069+0000] {dagbag.py:588} INFO - Filling up the DagBag from /opt/airflow/dags/05_etl_weather_postgres.py
[2026-09-07T21:04:12.083+0000] {processor.py:925} INFO - DAG(s) 'etl_weather_postgres_dag' retrieved from /opt/airflow/dags/05_etl_weather_postgres.py
[2026-09-07T21:04:12.222+0000] {logging_mixin.py:190} INFO - [2026-09-07T21:04:12.222+0000] {dag.py:3239} INFO - Sync 1 DAGs
[2026-09-07T21:04:12.231+0000] {logging_mixin.py:190} INFO - [2026-09-07T21:04:12.231+0000] {dag.py:4180} INFO - Setting next_dagrun for etl_weather_postgres_dag to None, run_after=None
[2026-09-07T21:04:12.247+0000] {processor.py:208} INFO - Processing /opt/airflow/dags/05_etl_weather_postgres.py took 0.184 seconds
[2026-09-07T21:04:43.147+0000] {processor.py:186} INFO - Started process (PID=173) to work on /opt/airflow/dags/05_etl_weather_postgres.py
[2026-09-07T21:04:43.147+0000] {processor.py:914} INFO - Processing file /opt/airflow/dags/05_etl_weather_postgres.py for tasks to queue
[2026-09-07T21:04:43.149+0000] {logging_mixin.py:190} INFO - [2026-09-07T21:04:43.148+0000] {dagbag.py:588} INFO - Filling up the DagBag from /opt/airflow/dags/05_etl_weather_postgres.py
[2026-09-07T21:04:43.164+0000] {processor.py:925} INFO - DAG(s) 'etl_weather_postgres_dag' retrieved from /opt/airflow/dags/05_etl_weather_postgres.py
[2026-09-07T21:04:43.185+0000] {logging_mixin.py:190} INFO - [2026-09-07T21:04:43.185+0000] {dag.py:3239} INFO - Sync 1 DAGs
[2026-09-07T21:04:43.198+0000] {logging_mixin.py:190} INFO - [2026-09-07T21:04:43.198+0000] {dag.py:4180} INFO - Setting next_dagrun for etl_weather_postgres_dag to None, run_after=None
[2026-09-07T21:04:43.216+0000] {processor.py:208} INFO - Processing /opt/airflow/dags/05_etl_weather_postgres.py took 0.075 seconds
[2026-09-07T21:05:13.687+0000] {processor.py:186} INFO - Started process (PID=187) to work on /opt/airflow/dags/05_etl_weather_postgres.py
[2026-09-07T21:05:13.688+0000] {processor.py:914} INFO - Processing file /opt/airflow/dags/05_etl_weather_postgres.py for tasks to queue
[2026-09-07T21:05:13.689+0000] {logging_mixin.py:190} INFO - [2026-09-07T21:05:13.689+0000] {dagbag.py:588} INFO - Filling up the DagBag from /opt/airflow/dags/05_etl_weather_postgres.py
[2026-09-07T21:05:13.702+0000] {processor.py:925} INFO - DAG(s) 'etl_weather_postgres_dag' retrieved from /opt/airflow/dags/05_etl_weather_postgres.py
[2026-09-07T21:05:13.725+0000] {logging_mixin.py:190} INFO - [2026-09-07T21:05:13.725+0000] {dag.py:3239} INFO - Sync 1 DAGs
[2026-09-07T21:05:13.737+0000] {logging_mixin.py:190} INFO - [2026-09-07T21:05:13.737+0000] {dag.py:4180} INFO - Setting next_dagrun for etl_weather_postgres_dag to None, run_after=None
[2026-09-07T21:05:13.754+0000] {processor.py:208} INFO - Processing /opt/airflow/dags/05_etl_weather_postgres.py took 0.072 seconds
[2026-09-07T21:05:44.254+0000] {processor.py:186} INFO - Started process (PID=201) to work on /opt/airflow/dags/05_etl_weather_postgres.py
[2026-09-07T21:05:44.255+0000] {processor.py:914} INFO - Processing file /opt/airflow/dags/05_etl_weather_postgres.py for tasks to queue
[2026-09-07T21:05:44.256+0000] {logging_mixin.py:190} INFO - [2026-09-07T21:05:44.256+0000] {dagbag.py:588} INFO - Filling up the DagBag from /opt/airflow/dags/05_etl_weather_postgres.py
[2026-09-07T21:05:44.277+0000] {processor.py:925} INFO - DAG(s) 'etl_weather_postgres_dag' retrieved from /opt/airflow/dags/05_etl_weather_postgres.py
[2026-09-07T21:05:44.299+0000] {logging_mixin.py:190} INFO - [2026-09-07T21:05:44.299+0000] {dag.py:3239} INFO - Sync 1 DAGs
[2026-09-07T21:05:44.309+0000] {logging_mixin.py:190} INFO - [2026-09-07T21:05:44.309+0000] {dag.py:4180} INFO - Setting next_dagrun for etl_weather_postgres_dag to None, run_after=None
[2026-09-07T21:05:44.327+0000] {processor.py:208} INFO - Processing /opt/airflow/dags/05_etl_weather_postgres.py took 0.077 seconds
[2026-09-07T21:06:14.971+0000] {processor.py:186} INFO - Started process (PID=215) to work on /opt/airflow/dags/05_etl_weather_postgres.py
[2026-09-07T21:06:14.972+0000] {processor.py:914} INFO - Processing file /opt/airflow/dags/05_etl_weather_postgres.py for tasks to queue
[2026-09-07T21:06:14.974+0000] {logging_mixin.py:190} INFO - [2026-09-07T21:06:14.973+0000] {dagbag.py:588} INFO - Filling up the DagBag from /opt/airflow/dags/05_etl_weather_postgres.py
[2026-09-07T21:06:14.992+0000] {processor.py:925} INFO - DAG(s) 'etl_weather_postgres_dag' retrieved from /opt/airflow/dags/05_etl_weather_postgres.py
[2026-09-07T21:06:15.023+0000] {logging_mixin.py:190} INFO - [2026-09-07T21:06:15.023+0000] {dag.py:3239} INFO - Sync 1 DAGs
[2026-09-07T21:06:15.037+0000] {logging_mixin.py:190} INFO - [2026-09-07T21:06:15.037+0000] {dag.py:4180} INFO - Setting next_dagrun for etl_weather_postgres_dag to None, run_after=None
[2026-09-07T21:06:15.055+0000] {processor.py:208} INFO - Processing /opt/airflow/dags/05_etl_weather_postgres.py took 0.090 seconds
[2026-09-07T21:06:45.587+0000] {processor.py:186} INFO - Started process (PID=229) to work on /opt/airflow/dags/05_etl_weather_postgres.py
[2026-09-07T21:06:45.587+0000] {processor.py:914} INFO - Processing file /opt/airflow/dags/05_etl_weather_postgres.py for tasks to queue
[2026-09-07T21:06:45.588+0000] {logging_mixin.py:190} INFO - [2026-09-07T21:06:45.588+0000] {dagbag.py:588} INFO - Filling up the DagBag from /opt/airflow/dags/05_etl_weather_postgres.py
[2026-09-07T21:06:45.602+0000] {processor.py:925} INFO - DAG(s) 'etl_weather_postgres_dag' retrieved from /opt/airflow/dags/05_etl_weather_postgres.py
[2026-09-07T21:06:45.627+0000] {logging_mixin.py:190} INFO - [2026-09-07T21:06:45.627+0000] {dag.py:3239} INFO - Sync 1 DAGs
[2026-09-07T21:06:45.639+0000] {logging_mixin.py:190} INFO - [2026-09-07T21:06:45.639+0000] {dag.py:4180} INFO - Setting next_dagrun for etl_weather_postgres_dag to None, run_after=None
[2026-09-07T21:06:45.658+0000] {processor.py:208} INFO - Processing /opt/airflow/dags/05_etl_weather_postgres.py took 0.077 seconds
[2026-09-07T21:07:16.178+0000] {processor.py:186} INFO - Started process (PID=244) to work on /opt/airflow/dags/05_etl_weather_postgres.py
[2026-09-07T21:07:16.178+0000] {processor.py:914} INFO - Processing file /opt/airflow/dags/05_etl_weather_postgres.py for tasks to queue
[2026-09-07T21:07:16.180+0000] {logging_mixin.py:190} INFO - [2026-09-07T21:07:16.179+0000] {dagbag.py:588} INFO - Filling up the DagBag from /opt/airflow/dags/05_etl_weather_postgres.py
[2026-09-07T21:07:16.195+0000] {processor.py:925} INFO - DAG(s) 'etl_weather_postgres_dag' retrieved from /opt/airflow/dags/05_etl_weather_postgres.py
[2026-09-07T21:07:16.224+0000] {logging_mixin.py:190} INFO - [2026-09-07T21:07:16.224+0000] {dag.py:3239} INFO - Sync 1 DAGs
[2026-09-07T21:07:16.240+0000] {logging_mixin.py:190} INFO - [2026-09-07T21:07:16.240+0000] {dag.py:4180} INFO - Setting next_dagrun for etl_weather_postgres_dag to None, run_after=None
[2026-09-07T21:07:16.264+0000] {processor.py:208} INFO - Processing /opt/airflow/dags/05_etl_weather_postgres.py took 0.092 seconds
[2026-09-07T21:07:46.793+0000] {processor.py:186} INFO - Started process (PID=258) to work on /opt/airflow/dags/05_etl_weather_postgres.py
[2026-09-07T21:07:46.794+0000] {processor.py:914} INFO - Processing file /opt/airflow/dags/05_etl_weather_postgres.py for tasks to queue
[2026-09-07T21:07:46.795+0000] {logging_mixin.py:190} INFO - [2026-09-07T21:07:46.795+0000] {dagbag.py:588} INFO - Filling up the DagBag from /opt/airflow/dags/05_etl_weather_postgres.py
[2026-09-07T21:07:46.810+0000] {processor.py:925} INFO - DAG(s) 'etl_weather_postgres_dag' retrieved from /opt/airflow/dags/05_etl_weather_postgres.py
[2026-09-07T21:07:46.834+0000] {logging_mixin.py:190} INFO - [2026-09-07T21:07:46.834+0000] {dag.py:3239} INFO - Sync 1 DAGs
[2026-09-07T21:07:46.849+0000] {logging_mixin.py:190} INFO - [2026-09-07T21:07:46.848+0000] {dag.py:4180} INFO - Setting next_dagrun for etl_weather_postgres_dag to None, run_after=None
[2026-09-07T21:07:46.868+0000] {processor.py:208} INFO - Processing /opt/airflow/dags/05_etl_weather_postgres.py took 0.080 seconds
[2026-09-07T21:08:17.492+0000] {processor.py:186} INFO - Started process (PID=278) to work on /opt/airflow/dags/05_etl_weather_postgres.py
[2026-09-07T21:08:17.492+0000] {processor.py:914} INFO - Processing file /opt/airflow/dags/05_etl_weather_postgres.py for tasks to queue
[2026-09-07T21:08:17.493+0000] {logging_mixin.py:190} INFO - [2026-09-07T21:08:17.493+0000] {dagbag.py:588} INFO - Filling up the DagBag from /opt/airflow/dags/05_etl_weather_postgres.py
[2026-09-07T21:08:17.507+0000] {processor.py:925} INFO - DAG(s) 'etl_weather_postgres_dag' retrieved from /opt/airflow/dags/05_etl_weather_postgres.py
[2026-09-07T21:08:17.530+0000] {logging_mixin.py:190} INFO - [2026-09-07T21:08:17.529+0000] {dag.py:3239} INFO - Sync 1 DAGs
[2026-09-07T21:08:17.542+0000] {logging_mixin.py:190} INFO - [2026-09-07T21:08:17.542+0000] {dag.py:4180} INFO - Setting next_dagrun for etl_weather_postgres_dag to None, run_after=None
[2026-09-07T21:08:17.562+0000] {processor.py:208} INFO - Processing /opt/airflow/dags/05_etl_weather_postgres.py took 0.075 seconds
[2026-09-07T21:08:48.056+0000] {processor.py:186} INFO - Started process (PID=292) to work on /opt/airflow/dags/05_etl_weather_postgres.py
[2026-09-07T21:08:48.057+0000] {processor.py:914} INFO - Processing file /opt/airflow/dags/05_etl_weather_postgres.py for tasks to queue
[2026-09-07T21:08:48.058+0000] {logging_mixin.py:190} INFO - [2026-09-07T21:08:48.058+0000] {dagbag.py:588} INFO - Filling up the DagBag from /opt/airflow/dags/05_etl_weather_postgres.py
[2026-09-07T21:08:48.074+0000] {processor.py:925} INFO - DAG(s) 'etl_weather_postgres_dag' retrieved from /opt/airflow/dags/05_etl_weather_postgres.py
[2026-09-07T21:08:48.099+0000] {logging_mixin.py:190} INFO - [2026-09-07T21:08:48.098+0000] {dag.py:3239} INFO - Sync 1 DAGs
[2026-09-07T21:08:48.113+0000] {logging_mixin.py:190} INFO - [2026-09-07T21:08:48.112+0000] {dag.py:4180} INFO - Setting next_dagrun for etl_weather_postgres_dag to None, run_after=None
[2026-09-07T21:08:48.131+0000] {processor.py:208} INFO - Processing /opt/airflow/dags/05_etl_weather_postgres.py took 0.080 seconds
