[2026-09-07T12:14:21.289+0000] {processor.py:186} INFO - Started process (PID=99) to work on /opt/airflow/dags/ml_03_oil_pipeline.py
[2026-09-07T12:14:21.290+0000] {processor.py:914} INFO - Processing file /opt/airflow/dags/ml_03_oil_pipeline.py for tasks to queue
[2026-09-07T12:14:21.291+0000] {logging_mixin.py:190} INFO - [2026-09-07T12:14:21.291+0000] {dagbag.py:588} INFO - Filling up the DagBag from /opt/airflow/dags/ml_03_oil_pipeline.py
[2026-09-07T12:14:22.632+0000] {processor.py:925} INFO - DAG(s) 'oil_price_pipeline_dag' retrieved from /opt/airflow/dags/ml_03_oil_pipeline.py
[2026-09-07T12:14:22.800+0000] {logging_mixin.py:190} INFO - [2026-09-07T12:14:22.799+0000] {dag.py:3239} INFO - Sync 1 DAGs
[2026-09-07T12:14:22.809+0000] {logging_mixin.py:190} INFO - [2026-09-07T12:14:22.809+0000] {dag.py:4180} INFO - Setting next_dagrun for oil_price_pipeline_dag to None, run_after=None
[2026-09-07T12:14:22.834+0000] {processor.py:208} INFO - Processing /opt/airflow/dags/ml_03_oil_pipeline.py took 1.552 seconds
[2026-09-07T12:14:52.900+0000] {processor.py:186} INFO - Started process (PID=117) to work on /opt/airflow/dags/ml_03_oil_pipeline.py
[2026-09-07T12:14:52.901+0000] {processor.py:914} INFO - Processing file /opt/airflow/dags/ml_03_oil_pipeline.py for tasks to queue
[2026-09-07T12:14:52.903+0000] {logging_mixin.py:190} INFO - [2026-09-07T12:14:52.902+0000] {dagbag.py:588} INFO - Filling up the DagBag from /opt/airflow/dags/ml_03_oil_pipeline.py
[2026-09-07T12:14:53.348+0000] {processor.py:925} INFO - DAG(s) 'oil_price_pipeline_dag' retrieved from /opt/airflow/dags/ml_03_oil_pipeline.py
[2026-09-07T12:14:53.372+0000] {logging_mixin.py:190} INFO - [2026-09-07T12:14:53.371+0000] {dag.py:3239} INFO - Sync 1 DAGs
[2026-09-07T12:14:53.383+0000] {logging_mixin.py:190} INFO - [2026-09-07T12:14:53.383+0000] {dag.py:4180} INFO - Setting next_dagrun for oil_price_pipeline_dag to None, run_after=None
[2026-09-07T12:14:53.400+0000] {processor.py:208} INFO - Processing /opt/airflow/dags/ml_03_oil_pipeline.py took 0.505 seconds
[2026-09-07T12:15:23.642+0000] {processor.py:186} INFO - Started process (PID=131) to work on /opt/airflow/dags/ml_03_oil_pipeline.py
[2026-09-07T12:15:23.643+0000] {processor.py:914} INFO - Processing file /opt/airflow/dags/ml_03_oil_pipeline.py for tasks to queue
[2026-09-07T12:15:23.644+0000] {logging_mixin.py:190} INFO - [2026-09-07T12:15:23.644+0000] {dagbag.py:588} INFO - Filling up the DagBag from /opt/airflow/dags/ml_03_oil_pipeline.py
[2026-09-07T12:15:24.097+0000] {processor.py:925} INFO - DAG(s) 'oil_price_pipeline_dag' retrieved from /opt/airflow/dags/ml_03_oil_pipeline.py
[2026-09-07T12:15:24.120+0000] {logging_mixin.py:190} INFO - [2026-09-07T12:15:24.120+0000] {dag.py:3239} INFO - Sync 1 DAGs
[2026-09-07T12:15:24.130+0000] {logging_mixin.py:190} INFO - [2026-09-07T12:15:24.130+0000] {dag.py:4180} INFO - Setting next_dagrun for oil_price_pipeline_dag to None, run_after=None
[2026-09-07T12:15:24.165+0000] {processor.py:208} INFO - Processing /opt/airflow/dags/ml_03_oil_pipeline.py took 0.528 seconds
[2026-09-07T12:15:54.366+0000] {processor.py:186} INFO - Started process (PID=145) to work on /opt/airflow/dags/ml_03_oil_pipeline.py
[2026-09-07T12:15:54.366+0000] {processor.py:914} INFO - Processing file /opt/airflow/dags/ml_03_oil_pipeline.py for tasks to queue
[2026-09-07T12:15:54.367+0000] {logging_mixin.py:190} INFO - [2026-09-07T12:15:54.367+0000] {dagbag.py:588} INFO - Filling up the DagBag from /opt/airflow/dags/ml_03_oil_pipeline.py
[2026-09-07T12:15:54.723+0000] {processor.py:925} INFO - DAG(s) 'oil_price_pipeline_dag' retrieved from /opt/airflow/dags/ml_03_oil_pipeline.py
[2026-09-07T12:15:54.741+0000] {logging_mixin.py:190} INFO - [2026-09-07T12:15:54.740+0000] {dag.py:3239} INFO - Sync 1 DAGs
[2026-09-07T12:15:54.749+0000] {logging_mixin.py:190} INFO - [2026-09-07T12:15:54.749+0000] {dag.py:4180} INFO - Setting next_dagrun for oil_price_pipeline_dag to None, run_after=None
[2026-09-07T12:15:54.765+0000] {processor.py:208} INFO - Processing /opt/airflow/dags/ml_03_oil_pipeline.py took 0.404 seconds
[2026-09-07T12:16:24.944+0000] {processor.py:186} INFO - Started process (PID=161) to work on /opt/airflow/dags/ml_03_oil_pipeline.py
[2026-09-07T12:16:24.945+0000] {processor.py:914} INFO - Processing file /opt/airflow/dags/ml_03_oil_pipeline.py for tasks to queue
[2026-09-07T12:16:24.946+0000] {logging_mixin.py:190} INFO - [2026-09-07T12:16:24.946+0000] {dagbag.py:588} INFO - Filling up the DagBag from /opt/airflow/dags/ml_03_oil_pipeline.py
[2026-09-07T12:16:25.267+0000] {processor.py:925} INFO - DAG(s) 'oil_price_pipeline_dag' retrieved from /opt/airflow/dags/ml_03_oil_pipeline.py
[2026-09-07T12:16:25.287+0000] {logging_mixin.py:190} INFO - [2026-09-07T12:16:25.287+0000] {dag.py:3239} INFO - Sync 1 DAGs
[2026-09-07T12:16:25.296+0000] {logging_mixin.py:190} INFO - [2026-09-07T12:16:25.296+0000] {dag.py:4180} INFO - Setting next_dagrun for oil_price_pipeline_dag to None, run_after=None
[2026-09-07T12:16:25.312+0000] {processor.py:208} INFO - Processing /opt/airflow/dags/ml_03_oil_pipeline.py took 0.372 seconds
[2026-09-07T12:16:55.571+0000] {processor.py:186} INFO - Started process (PID=173) to work on /opt/airflow/dags/ml_03_oil_pipeline.py
[2026-09-07T12:16:55.571+0000] {processor.py:914} INFO - Processing file /opt/airflow/dags/ml_03_oil_pipeline.py for tasks to queue
[2026-09-07T12:16:55.573+0000] {logging_mixin.py:190} INFO - [2026-09-07T12:16:55.573+0000] {dagbag.py:588} INFO - Filling up the DagBag from /opt/airflow/dags/ml_03_oil_pipeline.py
[2026-09-07T12:16:55.821+0000] {processor.py:925} INFO - DAG(s) 'oil_price_pipeline_dag' retrieved from /opt/airflow/dags/ml_03_oil_pipeline.py
[2026-09-07T12:16:55.842+0000] {logging_mixin.py:190} INFO - [2026-09-07T12:16:55.841+0000] {dag.py:3239} INFO - Sync 1 DAGs
[2026-09-07T12:16:55.853+0000] {logging_mixin.py:190} INFO - [2026-09-07T12:16:55.852+0000] {dag.py:4180} INFO - Setting next_dagrun for oil_price_pipeline_dag to None, run_after=None
[2026-09-07T12:16:55.871+0000] {processor.py:208} INFO - Processing /opt/airflow/dags/ml_03_oil_pipeline.py took 0.307 seconds
[2026-09-07T12:17:26.224+0000] {processor.py:186} INFO - Started process (PID=187) to work on /opt/airflow/dags/ml_03_oil_pipeline.py
[2026-09-07T12:17:26.224+0000] {processor.py:914} INFO - Processing file /opt/airflow/dags/ml_03_oil_pipeline.py for tasks to queue
[2026-09-07T12:17:26.225+0000] {logging_mixin.py:190} INFO - [2026-09-07T12:17:26.225+0000] {dagbag.py:588} INFO - Filling up the DagBag from /opt/airflow/dags/ml_03_oil_pipeline.py
[2026-09-07T12:17:26.488+0000] {processor.py:925} INFO - DAG(s) 'oil_price_pipeline_dag' retrieved from /opt/airflow/dags/ml_03_oil_pipeline.py
[2026-09-07T12:17:26.509+0000] {logging_mixin.py:190} INFO - [2026-09-07T12:17:26.509+0000] {dag.py:3239} INFO - Sync 1 DAGs
[2026-09-07T12:17:26.520+0000] {logging_mixin.py:190} INFO - [2026-09-07T12:17:26.520+0000] {dag.py:4180} INFO - Setting next_dagrun for oil_price_pipeline_dag to None, run_after=None
[2026-09-07T12:17:26.540+0000] {processor.py:208} INFO - Processing /opt/airflow/dags/ml_03_oil_pipeline.py took 0.325 seconds
[2026-09-07T12:17:57.081+0000] {processor.py:186} INFO - Started process (PID=201) to work on /opt/airflow/dags/ml_03_oil_pipeline.py
[2026-09-07T12:17:57.081+0000] {processor.py:914} INFO - Processing file /opt/airflow/dags/ml_03_oil_pipeline.py for tasks to queue
[2026-09-07T12:17:57.083+0000] {logging_mixin.py:190} INFO - [2026-09-07T12:17:57.082+0000] {dagbag.py:588} INFO - Filling up the DagBag from /opt/airflow/dags/ml_03_oil_pipeline.py
[2026-09-07T12:17:57.364+0000] {processor.py:925} INFO - DAG(s) 'oil_price_pipeline_dag' retrieved from /opt/airflow/dags/ml_03_oil_pipeline.py
[2026-09-07T12:17:57.394+0000] {logging_mixin.py:190} INFO - [2026-09-07T12:17:57.393+0000] {dag.py:3239} INFO - Sync 1 DAGs
[2026-09-07T12:17:57.407+0000] {logging_mixin.py:190} INFO - [2026-09-07T12:17:57.407+0000] {dag.py:4180} INFO - Setting next_dagrun for oil_price_pipeline_dag to None, run_after=None
[2026-09-07T12:17:57.430+0000] {processor.py:208} INFO - Processing /opt/airflow/dags/ml_03_oil_pipeline.py took 0.355 seconds
[2026-09-07T12:18:27.775+0000] {processor.py:186} INFO - Started process (PID=215) to work on /opt/airflow/dags/ml_03_oil_pipeline.py
[2026-09-07T12:18:27.775+0000] {processor.py:914} INFO - Processing file /opt/airflow/dags/ml_03_oil_pipeline.py for tasks to queue
[2026-09-07T12:18:27.777+0000] {logging_mixin.py:190} INFO - [2026-09-07T12:18:27.776+0000] {dagbag.py:588} INFO - Filling up the DagBag from /opt/airflow/dags/ml_03_oil_pipeline.py
[2026-09-07T12:18:28.090+0000] {processor.py:925} INFO - DAG(s) 'oil_price_pipeline_dag' retrieved from /opt/airflow/dags/ml_03_oil_pipeline.py
[2026-09-07T12:18:28.120+0000] {logging_mixin.py:190} INFO - [2026-09-07T12:18:28.120+0000] {dag.py:3239} INFO - Sync 1 DAGs
[2026-09-07T12:18:28.131+0000] {logging_mixin.py:190} INFO - [2026-09-07T12:18:28.131+0000] {dag.py:4180} INFO - Setting next_dagrun for oil_price_pipeline_dag to None, run_after=None
[2026-09-07T12:18:28.150+0000] {processor.py:208} INFO - Processing /opt/airflow/dags/ml_03_oil_pipeline.py took 0.382 seconds
[2026-09-07T12:18:58.470+0000] {processor.py:186} INFO - Started process (PID=229) to work on /opt/airflow/dags/ml_03_oil_pipeline.py
[2026-09-07T12:18:58.471+0000] {processor.py:914} INFO - Processing file /opt/airflow/dags/ml_03_oil_pipeline.py for tasks to queue
[2026-09-07T12:18:58.472+0000] {logging_mixin.py:190} INFO - [2026-09-07T12:18:58.472+0000] {dagbag.py:588} INFO - Filling up the DagBag from /opt/airflow/dags/ml_03_oil_pipeline.py
[2026-09-07T12:18:58.738+0000] {processor.py:925} INFO - DAG(s) 'oil_price_pipeline_dag' retrieved from /opt/airflow/dags/ml_03_oil_pipeline.py
[2026-09-07T12:18:58.760+0000] {logging_mixin.py:190} INFO - [2026-09-07T12:18:58.760+0000] {dag.py:3239} INFO - Sync 1 DAGs
[2026-09-07T12:18:58.769+0000] {logging_mixin.py:190} INFO - [2026-09-07T12:18:58.769+0000] {dag.py:4180} INFO - Setting next_dagrun for oil_price_pipeline_dag to None, run_after=None
[2026-09-07T12:18:58.788+0000] {processor.py:208} INFO - Processing /opt/airflow/dags/ml_03_oil_pipeline.py took 0.325 seconds
[2026-09-07T12:19:29.201+0000] {processor.py:186} INFO - Started process (PID=243) to work on /opt/airflow/dags/ml_03_oil_pipeline.py
[2026-09-07T12:19:29.202+0000] {processor.py:914} INFO - Processing file /opt/airflow/dags/ml_03_oil_pipeline.py for tasks to queue
[2026-09-07T12:19:29.203+0000] {logging_mixin.py:190} INFO - [2026-09-07T12:19:29.203+0000] {dagbag.py:588} INFO - Filling up the DagBag from /opt/airflow/dags/ml_03_oil_pipeline.py
[2026-09-07T12:19:29.462+0000] {processor.py:925} INFO - DAG(s) 'oil_price_pipeline_dag' retrieved from /opt/airflow/dags/ml_03_oil_pipeline.py
[2026-09-07T12:19:29.484+0000] {logging_mixin.py:190} INFO - [2026-09-07T12:19:29.484+0000] {dag.py:3239} INFO - Sync 1 DAGs
[2026-09-07T12:19:29.494+0000] {logging_mixin.py:190} INFO - [2026-09-07T12:19:29.494+0000] {dag.py:4180} INFO - Setting next_dagrun for oil_price_pipeline_dag to None, run_after=None
[2026-09-07T12:19:29.513+0000] {processor.py:208} INFO - Processing /opt/airflow/dags/ml_03_oil_pipeline.py took 0.317 seconds
[2026-09-07T12:19:59.848+0000] {processor.py:186} INFO - Started process (PID=257) to work on /opt/airflow/dags/ml_03_oil_pipeline.py
[2026-09-07T12:19:59.848+0000] {processor.py:914} INFO - Processing file /opt/airflow/dags/ml_03_oil_pipeline.py for tasks to queue
[2026-09-07T12:19:59.849+0000] {logging_mixin.py:190} INFO - [2026-09-07T12:19:59.849+0000] {dagbag.py:588} INFO - Filling up the DagBag from /opt/airflow/dags/ml_03_oil_pipeline.py
[2026-09-07T12:20:00.105+0000] {processor.py:925} INFO - DAG(s) 'oil_price_pipeline_dag' retrieved from /opt/airflow/dags/ml_03_oil_pipeline.py
[2026-09-07T12:20:00.125+0000] {logging_mixin.py:190} INFO - [2026-09-07T12:20:00.124+0000] {dag.py:3239} INFO - Sync 1 DAGs
[2026-09-07T12:20:00.134+0000] {logging_mixin.py:190} INFO - [2026-09-07T12:20:00.134+0000] {dag.py:4180} INFO - Setting next_dagrun for oil_price_pipeline_dag to None, run_after=None
[2026-09-07T12:20:00.152+0000] {processor.py:208} INFO - Processing /opt/airflow/dags/ml_03_oil_pipeline.py took 0.309 seconds
[2026-09-07T12:20:30.558+0000] {processor.py:186} INFO - Started process (PID=271) to work on /opt/airflow/dags/ml_03_oil_pipeline.py
[2026-09-07T12:20:30.559+0000] {processor.py:914} INFO - Processing file /opt/airflow/dags/ml_03_oil_pipeline.py for tasks to queue
[2026-09-07T12:20:30.560+0000] {logging_mixin.py:190} INFO - [2026-09-07T12:20:30.560+0000] {dagbag.py:588} INFO - Filling up the DagBag from /opt/airflow/dags/ml_03_oil_pipeline.py
[2026-09-07T12:20:30.875+0000] {processor.py:925} INFO - DAG(s) 'oil_price_pipeline_dag' retrieved from /opt/airflow/dags/ml_03_oil_pipeline.py
[2026-09-07T12:20:30.901+0000] {logging_mixin.py:190} INFO - [2026-09-07T12:20:30.901+0000] {dag.py:3239} INFO - Sync 1 DAGs
[2026-09-07T12:20:30.919+0000] {logging_mixin.py:190} INFO - [2026-09-07T12:20:30.917+0000] {dag.py:4180} INFO - Setting next_dagrun for oil_price_pipeline_dag to None, run_after=None
[2026-09-07T12:20:30.944+0000] {processor.py:208} INFO - Processing /opt/airflow/dags/ml_03_oil_pipeline.py took 0.392 seconds
[2026-09-07T12:21:01.296+0000] {processor.py:186} INFO - Started process (PID=285) to work on /opt/airflow/dags/ml_03_oil_pipeline.py
[2026-09-07T12:21:01.296+0000] {processor.py:914} INFO - Processing file /opt/airflow/dags/ml_03_oil_pipeline.py for tasks to queue
[2026-09-07T12:21:01.298+0000] {logging_mixin.py:190} INFO - [2026-09-07T12:21:01.298+0000] {dagbag.py:588} INFO - Filling up the DagBag from /opt/airflow/dags/ml_03_oil_pipeline.py
[2026-09-07T12:21:01.556+0000] {processor.py:925} INFO - DAG(s) 'oil_price_pipeline_dag' retrieved from /opt/airflow/dags/ml_03_oil_pipeline.py
[2026-09-07T12:21:01.579+0000] {logging_mixin.py:190} INFO - [2026-09-07T12:21:01.579+0000] {dag.py:3239} INFO - Sync 1 DAGs
[2026-09-07T12:21:01.590+0000] {logging_mixin.py:190} INFO - [2026-09-07T12:21:01.590+0000] {dag.py:4180} INFO - Setting next_dagrun for oil_price_pipeline_dag to None, run_after=None
[2026-09-07T12:21:01.615+0000] {processor.py:208} INFO - Processing /opt/airflow/dags/ml_03_oil_pipeline.py took 0.326 seconds
[2026-09-07T12:21:31.996+0000] {processor.py:186} INFO - Started process (PID=299) to work on /opt/airflow/dags/ml_03_oil_pipeline.py
[2026-09-07T12:21:31.997+0000] {processor.py:914} INFO - Processing file /opt/airflow/dags/ml_03_oil_pipeline.py for tasks to queue
[2026-09-07T12:21:31.998+0000] {logging_mixin.py:190} INFO - [2026-09-07T12:21:31.998+0000] {dagbag.py:588} INFO - Filling up the DagBag from /opt/airflow/dags/ml_03_oil_pipeline.py
[2026-09-07T12:21:32.259+0000] {processor.py:925} INFO - DAG(s) 'oil_price_pipeline_dag' retrieved from /opt/airflow/dags/ml_03_oil_pipeline.py
[2026-09-07T12:21:32.279+0000] {logging_mixin.py:190} INFO - [2026-09-07T12:21:32.279+0000] {dag.py:3239} INFO - Sync 1 DAGs
[2026-09-07T12:21:32.289+0000] {logging_mixin.py:190} INFO - [2026-09-07T12:21:32.289+0000] {dag.py:4180} INFO - Setting next_dagrun for oil_price_pipeline_dag to None, run_after=None
[2026-09-07T12:21:32.317+0000] {processor.py:208} INFO - Processing /opt/airflow/dags/ml_03_oil_pipeline.py took 0.326 seconds
[2026-09-07T12:22:02.723+0000] {processor.py:186} INFO - Started process (PID=313) to work on /opt/airflow/dags/ml_03_oil_pipeline.py
[2026-09-07T12:22:02.723+0000] {processor.py:914} INFO - Processing file /opt/airflow/dags/ml_03_oil_pipeline.py for tasks to queue
[2026-09-07T12:22:02.725+0000] {logging_mixin.py:190} INFO - [2026-09-07T12:22:02.724+0000] {dagbag.py:588} INFO - Filling up the DagBag from /opt/airflow/dags/ml_03_oil_pipeline.py
[2026-09-07T12:22:02.975+0000] {processor.py:925} INFO - DAG(s) 'oil_price_pipeline_dag' retrieved from /opt/airflow/dags/ml_03_oil_pipeline.py
[2026-09-07T12:22:02.996+0000] {logging_mixin.py:190} INFO - [2026-09-07T12:22:02.996+0000] {dag.py:3239} INFO - Sync 1 DAGs
[2026-09-07T12:22:03.006+0000] {logging_mixin.py:190} INFO - [2026-09-07T12:22:03.006+0000] {dag.py:4180} INFO - Setting next_dagrun for oil_price_pipeline_dag to None, run_after=None
[2026-09-07T12:22:03.022+0000] {processor.py:208} INFO - Processing /opt/airflow/dags/ml_03_oil_pipeline.py took 0.304 seconds
[2026-09-07T12:22:33.408+0000] {processor.py:186} INFO - Started process (PID=327) to work on /opt/airflow/dags/ml_03_oil_pipeline.py
[2026-09-07T12:22:33.408+0000] {processor.py:914} INFO - Processing file /opt/airflow/dags/ml_03_oil_pipeline.py for tasks to queue
[2026-09-07T12:22:33.410+0000] {logging_mixin.py:190} INFO - [2026-09-07T12:22:33.410+0000] {dagbag.py:588} INFO - Filling up the DagBag from /opt/airflow/dags/ml_03_oil_pipeline.py
[2026-09-07T12:22:33.662+0000] {processor.py:925} INFO - DAG(s) 'oil_price_pipeline_dag' retrieved from /opt/airflow/dags/ml_03_oil_pipeline.py
[2026-09-07T12:22:33.683+0000] {logging_mixin.py:190} INFO - [2026-09-07T12:22:33.683+0000] {dag.py:3239} INFO - Sync 1 DAGs
[2026-09-07T12:22:33.692+0000] {logging_mixin.py:190} INFO - [2026-09-07T12:22:33.692+0000] {dag.py:4180} INFO - Setting next_dagrun for oil_price_pipeline_dag to None, run_after=None
[2026-09-07T12:22:33.707+0000] {processor.py:208} INFO - Processing /opt/airflow/dags/ml_03_oil_pipeline.py took 0.305 seconds
[2026-09-07T12:23:04.135+0000] {processor.py:186} INFO - Started process (PID=341) to work on /opt/airflow/dags/ml_03_oil_pipeline.py
[2026-09-07T12:23:04.135+0000] {processor.py:914} INFO - Processing file /opt/airflow/dags/ml_03_oil_pipeline.py for tasks to queue
[2026-09-07T12:23:04.137+0000] {logging_mixin.py:190} INFO - [2026-09-07T12:23:04.136+0000] {dagbag.py:588} INFO - Filling up the DagBag from /opt/airflow/dags/ml_03_oil_pipeline.py
[2026-09-07T12:23:04.460+0000] {processor.py:925} INFO - DAG(s) 'oil_price_pipeline_dag' retrieved from /opt/airflow/dags/ml_03_oil_pipeline.py
[2026-09-07T12:23:04.495+0000] {logging_mixin.py:190} INFO - [2026-09-07T12:23:04.494+0000] {dag.py:3239} INFO - Sync 1 DAGs
[2026-09-07T12:23:04.511+0000] {logging_mixin.py:190} INFO - [2026-09-07T12:23:04.511+0000] {dag.py:4180} INFO - Setting next_dagrun for oil_price_pipeline_dag to None, run_after=None
[2026-09-07T12:23:04.535+0000] {processor.py:208} INFO - Processing /opt/airflow/dags/ml_03_oil_pipeline.py took 0.406 seconds
[2026-09-07T12:23:34.861+0000] {processor.py:186} INFO - Started process (PID=355) to work on /opt/airflow/dags/ml_03_oil_pipeline.py
[2026-09-07T12:23:34.862+0000] {processor.py:914} INFO - Processing file /opt/airflow/dags/ml_03_oil_pipeline.py for tasks to queue
[2026-09-07T12:23:34.863+0000] {logging_mixin.py:190} INFO - [2026-09-07T12:23:34.863+0000] {dagbag.py:588} INFO - Filling up the DagBag from /opt/airflow/dags/ml_03_oil_pipeline.py
[2026-09-07T12:23:35.128+0000] {processor.py:925} INFO - DAG(s) 'oil_price_pipeline_dag' retrieved from /opt/airflow/dags/ml_03_oil_pipeline.py
[2026-09-07T12:23:35.151+0000] {logging_mixin.py:190} INFO - [2026-09-07T12:23:35.150+0000] {dag.py:3239} INFO - Sync 1 DAGs
[2026-09-07T12:23:35.161+0000] {logging_mixin.py:190} INFO - [2026-09-07T12:23:35.160+0000] {dag.py:4180} INFO - Setting next_dagrun for oil_price_pipeline_dag to None, run_after=None
[2026-09-07T12:23:35.177+0000] {processor.py:208} INFO - Processing /opt/airflow/dags/ml_03_oil_pipeline.py took 0.321 seconds
[2026-09-07T12:24:05.612+0000] {processor.py:186} INFO - Started process (PID=369) to work on /opt/airflow/dags/ml_03_oil_pipeline.py
[2026-09-07T12:24:05.613+0000] {processor.py:914} INFO - Processing file /opt/airflow/dags/ml_03_oil_pipeline.py for tasks to queue
[2026-09-07T12:24:05.615+0000] {logging_mixin.py:190} INFO - [2026-09-07T12:24:05.614+0000] {dagbag.py:588} INFO - Filling up the DagBag from /opt/airflow/dags/ml_03_oil_pipeline.py
[2026-09-07T12:24:05.863+0000] {processor.py:925} INFO - DAG(s) 'oil_price_pipeline_dag' retrieved from /opt/airflow/dags/ml_03_oil_pipeline.py
[2026-09-07T12:24:05.884+0000] {logging_mixin.py:190} INFO - [2026-09-07T12:24:05.883+0000] {dag.py:3239} INFO - Sync 1 DAGs
[2026-09-07T12:24:05.895+0000] {logging_mixin.py:190} INFO - [2026-09-07T12:24:05.895+0000] {dag.py:4180} INFO - Setting next_dagrun for oil_price_pipeline_dag to None, run_after=None
[2026-09-07T12:24:05.910+0000] {processor.py:208} INFO - Processing /opt/airflow/dags/ml_03_oil_pipeline.py took 0.305 seconds
[2026-09-07T12:24:36.328+0000] {processor.py:186} INFO - Started process (PID=383) to work on /opt/airflow/dags/ml_03_oil_pipeline.py
[2026-09-07T12:24:36.329+0000] {processor.py:914} INFO - Processing file /opt/airflow/dags/ml_03_oil_pipeline.py for tasks to queue
[2026-09-07T12:24:36.330+0000] {logging_mixin.py:190} INFO - [2026-09-07T12:24:36.329+0000] {dagbag.py:588} INFO - Filling up the DagBag from /opt/airflow/dags/ml_03_oil_pipeline.py
[2026-09-07T12:24:36.586+0000] {processor.py:925} INFO - DAG(s) 'oil_price_pipeline_dag' retrieved from /opt/airflow/dags/ml_03_oil_pipeline.py
[2026-09-07T12:24:36.606+0000] {logging_mixin.py:190} INFO - [2026-09-07T12:24:36.606+0000] {dag.py:3239} INFO - Sync 1 DAGs
[2026-09-07T12:24:36.615+0000] {logging_mixin.py:190} INFO - [2026-09-07T12:24:36.615+0000] {dag.py:4180} INFO - Setting next_dagrun for oil_price_pipeline_dag to None, run_after=None
[2026-09-07T12:24:36.629+0000] {processor.py:208} INFO - Processing /opt/airflow/dags/ml_03_oil_pipeline.py took 0.307 seconds
[2026-09-07T12:25:06.971+0000] {processor.py:186} INFO - Started process (PID=403) to work on /opt/airflow/dags/ml_03_oil_pipeline.py
[2026-09-07T12:25:06.972+0000] {processor.py:914} INFO - Processing file /opt/airflow/dags/ml_03_oil_pipeline.py for tasks to queue
[2026-09-07T12:25:06.973+0000] {logging_mixin.py:190} INFO - [2026-09-07T12:25:06.972+0000] {dagbag.py:588} INFO - Filling up the DagBag from /opt/airflow/dags/ml_03_oil_pipeline.py
[2026-09-07T12:25:07.221+0000] {processor.py:925} INFO - DAG(s) 'oil_price_pipeline_dag' retrieved from /opt/airflow/dags/ml_03_oil_pipeline.py
[2026-09-07T12:25:07.244+0000] {logging_mixin.py:190} INFO - [2026-09-07T12:25:07.244+0000] {dag.py:3239} INFO - Sync 1 DAGs
[2026-09-07T12:25:07.256+0000] {logging_mixin.py:190} INFO - [2026-09-07T12:25:07.256+0000] {dag.py:4180} INFO - Setting next_dagrun for oil_price_pipeline_dag to None, run_after=None
[2026-09-07T12:25:07.273+0000] {processor.py:208} INFO - Processing /opt/airflow/dags/ml_03_oil_pipeline.py took 0.307 seconds
[2026-09-07T12:25:37.645+0000] {processor.py:186} INFO - Started process (PID=417) to work on /opt/airflow/dags/ml_03_oil_pipeline.py
[2026-09-07T12:25:37.646+0000] {processor.py:914} INFO - Processing file /opt/airflow/dags/ml_03_oil_pipeline.py for tasks to queue
[2026-09-07T12:25:37.648+0000] {logging_mixin.py:190} INFO - [2026-09-07T12:25:37.648+0000] {dagbag.py:588} INFO - Filling up the DagBag from /opt/airflow/dags/ml_03_oil_pipeline.py
[2026-09-07T12:25:37.955+0000] {processor.py:925} INFO - DAG(s) 'oil_price_pipeline_dag' retrieved from /opt/airflow/dags/ml_03_oil_pipeline.py
[2026-09-07T12:25:37.978+0000] {logging_mixin.py:190} INFO - [2026-09-07T12:25:37.977+0000] {dag.py:3239} INFO - Sync 1 DAGs
[2026-09-07T12:25:37.988+0000] {logging_mixin.py:190} INFO - [2026-09-07T12:25:37.988+0000] {dag.py:4180} INFO - Setting next_dagrun for oil_price_pipeline_dag to None, run_after=None
[2026-09-07T12:25:38.004+0000] {processor.py:208} INFO - Processing /opt/airflow/dags/ml_03_oil_pipeline.py took 0.363 seconds
[2026-09-07T12:26:08.326+0000] {processor.py:186} INFO - Started process (PID=431) to work on /opt/airflow/dags/ml_03_oil_pipeline.py
[2026-09-07T12:26:08.327+0000] {processor.py:914} INFO - Processing file /opt/airflow/dags/ml_03_oil_pipeline.py for tasks to queue
[2026-09-07T12:26:08.328+0000] {logging_mixin.py:190} INFO - [2026-09-07T12:26:08.328+0000] {dagbag.py:588} INFO - Filling up the DagBag from /opt/airflow/dags/ml_03_oil_pipeline.py
[2026-09-07T12:26:08.569+0000] {processor.py:925} INFO - DAG(s) 'oil_price_pipeline_dag' retrieved from /opt/airflow/dags/ml_03_oil_pipeline.py
[2026-09-07T12:26:08.588+0000] {logging_mixin.py:190} INFO - [2026-09-07T12:26:08.588+0000] {dag.py:3239} INFO - Sync 1 DAGs
[2026-09-07T12:26:08.598+0000] {logging_mixin.py:190} INFO - [2026-09-07T12:26:08.597+0000] {dag.py:4180} INFO - Setting next_dagrun for oil_price_pipeline_dag to None, run_after=None
[2026-09-07T12:26:08.615+0000] {processor.py:208} INFO - Processing /opt/airflow/dags/ml_03_oil_pipeline.py took 0.297 seconds
[2026-09-07T12:26:38.872+0000] {processor.py:186} INFO - Started process (PID=445) to work on /opt/airflow/dags/ml_03_oil_pipeline.py
[2026-09-07T12:26:38.873+0000] {processor.py:914} INFO - Processing file /opt/airflow/dags/ml_03_oil_pipeline.py for tasks to queue
[2026-09-07T12:26:38.874+0000] {logging_mixin.py:190} INFO - [2026-09-07T12:26:38.874+0000] {dagbag.py:588} INFO - Filling up the DagBag from /opt/airflow/dags/ml_03_oil_pipeline.py
[2026-09-07T12:26:39.129+0000] {processor.py:925} INFO - DAG(s) 'oil_price_pipeline_dag' retrieved from /opt/airflow/dags/ml_03_oil_pipeline.py
[2026-09-07T12:26:39.150+0000] {logging_mixin.py:190} INFO - [2026-09-07T12:26:39.150+0000] {dag.py:3239} INFO - Sync 1 DAGs
[2026-09-07T12:26:39.160+0000] {logging_mixin.py:190} INFO - [2026-09-07T12:26:39.160+0000] {dag.py:4180} INFO - Setting next_dagrun for oil_price_pipeline_dag to None, run_after=None
[2026-09-07T12:26:39.174+0000] {processor.py:208} INFO - Processing /opt/airflow/dags/ml_03_oil_pipeline.py took 0.306 seconds
[2026-09-07T12:27:09.546+0000] {processor.py:186} INFO - Started process (PID=459) to work on /opt/airflow/dags/ml_03_oil_pipeline.py
[2026-09-07T12:27:09.547+0000] {processor.py:914} INFO - Processing file /opt/airflow/dags/ml_03_oil_pipeline.py for tasks to queue
[2026-09-07T12:27:09.548+0000] {logging_mixin.py:190} INFO - [2026-09-07T12:27:09.548+0000] {dagbag.py:588} INFO - Filling up the DagBag from /opt/airflow/dags/ml_03_oil_pipeline.py
[2026-09-07T12:27:09.797+0000] {processor.py:925} INFO - DAG(s) 'oil_price_pipeline_dag' retrieved from /opt/airflow/dags/ml_03_oil_pipeline.py
[2026-09-07T12:27:09.820+0000] {logging_mixin.py:190} INFO - [2026-09-07T12:27:09.820+0000] {dag.py:3239} INFO - Sync 1 DAGs
[2026-09-07T12:27:09.832+0000] {logging_mixin.py:190} INFO - [2026-09-07T12:27:09.831+0000] {dag.py:4180} INFO - Setting next_dagrun for oil_price_pipeline_dag to None, run_after=None
[2026-09-07T12:27:09.848+0000] {processor.py:208} INFO - Processing /opt/airflow/dags/ml_03_oil_pipeline.py took 0.306 seconds
[2026-09-07T12:27:40.221+0000] {processor.py:186} INFO - Started process (PID=473) to work on /opt/airflow/dags/ml_03_oil_pipeline.py
[2026-09-07T12:27:40.221+0000] {processor.py:914} INFO - Processing file /opt/airflow/dags/ml_03_oil_pipeline.py for tasks to queue
[2026-09-07T12:27:40.223+0000] {logging_mixin.py:190} INFO - [2026-09-07T12:27:40.222+0000] {dagbag.py:588} INFO - Filling up the DagBag from /opt/airflow/dags/ml_03_oil_pipeline.py
[2026-09-07T12:27:40.471+0000] {processor.py:925} INFO - DAG(s) 'oil_price_pipeline_dag' retrieved from /opt/airflow/dags/ml_03_oil_pipeline.py
[2026-09-07T12:27:40.490+0000] {logging_mixin.py:190} INFO - [2026-09-07T12:27:40.490+0000] {dag.py:3239} INFO - Sync 1 DAGs
[2026-09-07T12:27:40.500+0000] {logging_mixin.py:190} INFO - [2026-09-07T12:27:40.500+0000] {dag.py:4180} INFO - Setting next_dagrun for oil_price_pipeline_dag to None, run_after=None
[2026-09-07T12:27:40.521+0000] {processor.py:208} INFO - Processing /opt/airflow/dags/ml_03_oil_pipeline.py took 0.305 seconds
[2026-09-07T12:28:10.886+0000] {processor.py:186} INFO - Started process (PID=487) to work on /opt/airflow/dags/ml_03_oil_pipeline.py
[2026-09-07T12:28:10.887+0000] {processor.py:914} INFO - Processing file /opt/airflow/dags/ml_03_oil_pipeline.py for tasks to queue
[2026-09-07T12:28:10.888+0000] {logging_mixin.py:190} INFO - [2026-09-07T12:28:10.887+0000] {dagbag.py:588} INFO - Filling up the DagBag from /opt/airflow/dags/ml_03_oil_pipeline.py
[2026-09-07T12:28:11.147+0000] {processor.py:925} INFO - DAG(s) 'oil_price_pipeline_dag' retrieved from /opt/airflow/dags/ml_03_oil_pipeline.py
[2026-09-07T12:28:11.168+0000] {logging_mixin.py:190} INFO - [2026-09-07T12:28:11.168+0000] {dag.py:3239} INFO - Sync 1 DAGs
[2026-09-07T12:28:11.179+0000] {logging_mixin.py:190} INFO - [2026-09-07T12:28:11.178+0000] {dag.py:4180} INFO - Setting next_dagrun for oil_price_pipeline_dag to None, run_after=None
[2026-09-07T12:28:11.197+0000] {processor.py:208} INFO - Processing /opt/airflow/dags/ml_03_oil_pipeline.py took 0.317 seconds
[2026-09-07T12:28:41.547+0000] {processor.py:186} INFO - Started process (PID=501) to work on /opt/airflow/dags/ml_03_oil_pipeline.py
[2026-09-07T12:28:41.547+0000] {processor.py:914} INFO - Processing file /opt/airflow/dags/ml_03_oil_pipeline.py for tasks to queue
[2026-09-07T12:28:41.548+0000] {logging_mixin.py:190} INFO - [2026-09-07T12:28:41.548+0000] {dagbag.py:588} INFO - Filling up the DagBag from /opt/airflow/dags/ml_03_oil_pipeline.py
[2026-09-07T12:28:41.800+0000] {processor.py:925} INFO - DAG(s) 'oil_price_pipeline_dag' retrieved from /opt/airflow/dags/ml_03_oil_pipeline.py
[2026-09-07T12:28:41.820+0000] {logging_mixin.py:190} INFO - [2026-09-07T12:28:41.819+0000] {dag.py:3239} INFO - Sync 1 DAGs
[2026-09-07T12:28:41.829+0000] {logging_mixin.py:190} INFO - [2026-09-07T12:28:41.829+0000] {dag.py:4180} INFO - Setting next_dagrun for oil_price_pipeline_dag to None, run_after=None
[2026-09-07T12:28:41.846+0000] {processor.py:208} INFO - Processing /opt/airflow/dags/ml_03_oil_pipeline.py took 0.304 seconds
[2026-09-07T12:29:12.194+0000] {processor.py:186} INFO - Started process (PID=515) to work on /opt/airflow/dags/ml_03_oil_pipeline.py
[2026-09-07T12:29:12.195+0000] {processor.py:914} INFO - Processing file /opt/airflow/dags/ml_03_oil_pipeline.py for tasks to queue
[2026-09-07T12:29:12.196+0000] {logging_mixin.py:190} INFO - [2026-09-07T12:29:12.196+0000] {dagbag.py:588} INFO - Filling up the DagBag from /opt/airflow/dags/ml_03_oil_pipeline.py
[2026-09-07T12:29:12.450+0000] {processor.py:925} INFO - DAG(s) 'oil_price_pipeline_dag' retrieved from /opt/airflow/dags/ml_03_oil_pipeline.py
[2026-09-07T12:29:12.473+0000] {logging_mixin.py:190} INFO - [2026-09-07T12:29:12.472+0000] {dag.py:3239} INFO - Sync 1 DAGs
[2026-09-07T12:29:12.484+0000] {logging_mixin.py:190} INFO - [2026-09-07T12:29:12.483+0000] {dag.py:4180} INFO - Setting next_dagrun for oil_price_pipeline_dag to None, run_after=None
[2026-09-07T12:29:12.499+0000] {processor.py:208} INFO - Processing /opt/airflow/dags/ml_03_oil_pipeline.py took 0.311 seconds
[2026-09-07T12:29:42.954+0000] {processor.py:186} INFO - Started process (PID=529) to work on /opt/airflow/dags/ml_03_oil_pipeline.py
[2026-09-07T12:29:42.955+0000] {processor.py:914} INFO - Processing file /opt/airflow/dags/ml_03_oil_pipeline.py for tasks to queue
[2026-09-07T12:29:42.956+0000] {logging_mixin.py:190} INFO - [2026-09-07T12:29:42.956+0000] {dagbag.py:588} INFO - Filling up the DagBag from /opt/airflow/dags/ml_03_oil_pipeline.py
[2026-09-07T12:29:43.211+0000] {processor.py:925} INFO - DAG(s) 'oil_price_pipeline_dag' retrieved from /opt/airflow/dags/ml_03_oil_pipeline.py
[2026-09-07T12:29:43.236+0000] {logging_mixin.py:190} INFO - [2026-09-07T12:29:43.236+0000] {dag.py:3239} INFO - Sync 1 DAGs
[2026-09-07T12:29:43.247+0000] {logging_mixin.py:190} INFO - [2026-09-07T12:29:43.246+0000] {dag.py:4180} INFO - Setting next_dagrun for oil_price_pipeline_dag to None, run_after=None
[2026-09-07T12:29:43.262+0000] {processor.py:208} INFO - Processing /opt/airflow/dags/ml_03_oil_pipeline.py took 0.314 seconds
[2026-09-07T12:30:13.617+0000] {processor.py:186} INFO - Started process (PID=543) to work on /opt/airflow/dags/ml_03_oil_pipeline.py
[2026-09-07T12:30:13.617+0000] {processor.py:914} INFO - Processing file /opt/airflow/dags/ml_03_oil_pipeline.py for tasks to queue
[2026-09-07T12:30:13.618+0000] {logging_mixin.py:190} INFO - [2026-09-07T12:30:13.618+0000] {dagbag.py:588} INFO - Filling up the DagBag from /opt/airflow/dags/ml_03_oil_pipeline.py
[2026-09-07T12:30:13.859+0000] {processor.py:925} INFO - DAG(s) 'oil_price_pipeline_dag' retrieved from /opt/airflow/dags/ml_03_oil_pipeline.py
[2026-09-07T12:30:13.879+0000] {logging_mixin.py:190} INFO - [2026-09-07T12:30:13.879+0000] {dag.py:3239} INFO - Sync 1 DAGs
[2026-09-07T12:30:13.889+0000] {logging_mixin.py:190} INFO - [2026-09-07T12:30:13.889+0000] {dag.py:4180} INFO - Setting next_dagrun for oil_price_pipeline_dag to None, run_after=None
[2026-09-07T12:30:13.905+0000] {processor.py:208} INFO - Processing /opt/airflow/dags/ml_03_oil_pipeline.py took 0.294 seconds
[2026-09-07T12:30:44.261+0000] {processor.py:186} INFO - Started process (PID=557) to work on /opt/airflow/dags/ml_03_oil_pipeline.py
[2026-09-07T12:30:44.262+0000] {processor.py:914} INFO - Processing file /opt/airflow/dags/ml_03_oil_pipeline.py for tasks to queue
[2026-09-07T12:30:44.263+0000] {logging_mixin.py:190} INFO - [2026-09-07T12:30:44.263+0000] {dagbag.py:588} INFO - Filling up the DagBag from /opt/airflow/dags/ml_03_oil_pipeline.py
[2026-09-07T12:30:44.497+0000] {processor.py:925} INFO - DAG(s) 'oil_price_pipeline_dag' retrieved from /opt/airflow/dags/ml_03_oil_pipeline.py
[2026-09-07T12:30:44.517+0000] {logging_mixin.py:190} INFO - [2026-09-07T12:30:44.517+0000] {dag.py:3239} INFO - Sync 1 DAGs
[2026-09-07T12:30:44.527+0000] {logging_mixin.py:190} INFO - [2026-09-07T12:30:44.527+0000] {dag.py:4180} INFO - Setting next_dagrun for oil_price_pipeline_dag to None, run_after=None
[2026-09-07T12:30:44.541+0000] {processor.py:208} INFO - Processing /opt/airflow/dags/ml_03_oil_pipeline.py took 0.285 seconds
[2026-09-07T12:31:14.929+0000] {processor.py:186} INFO - Started process (PID=571) to work on /opt/airflow/dags/ml_03_oil_pipeline.py
[2026-09-07T12:31:14.929+0000] {processor.py:914} INFO - Processing file /opt/airflow/dags/ml_03_oil_pipeline.py for tasks to queue
[2026-09-07T12:31:14.931+0000] {logging_mixin.py:190} INFO - [2026-09-07T12:31:14.930+0000] {dagbag.py:588} INFO - Filling up the DagBag from /opt/airflow/dags/ml_03_oil_pipeline.py
[2026-09-07T12:31:15.184+0000] {processor.py:925} INFO - DAG(s) 'oil_price_pipeline_dag' retrieved from /opt/airflow/dags/ml_03_oil_pipeline.py
[2026-09-07T12:31:15.205+0000] {logging_mixin.py:190} INFO - [2026-09-07T12:31:15.205+0000] {dag.py:3239} INFO - Sync 1 DAGs
[2026-09-07T12:31:15.217+0000] {logging_mixin.py:190} INFO - [2026-09-07T12:31:15.217+0000] {dag.py:4180} INFO - Setting next_dagrun for oil_price_pipeline_dag to None, run_after=None
[2026-09-07T12:31:15.234+0000] {processor.py:208} INFO - Processing /opt/airflow/dags/ml_03_oil_pipeline.py took 0.310 seconds
[2026-09-07T12:31:45.607+0000] {processor.py:186} INFO - Started process (PID=585) to work on /opt/airflow/dags/ml_03_oil_pipeline.py
[2026-09-07T12:31:45.608+0000] {processor.py:914} INFO - Processing file /opt/airflow/dags/ml_03_oil_pipeline.py for tasks to queue
[2026-09-07T12:31:45.610+0000] {logging_mixin.py:190} INFO - [2026-09-07T12:31:45.609+0000] {dagbag.py:588} INFO - Filling up the DagBag from /opt/airflow/dags/ml_03_oil_pipeline.py
[2026-09-07T12:31:45.854+0000] {processor.py:925} INFO - DAG(s) 'oil_price_pipeline_dag' retrieved from /opt/airflow/dags/ml_03_oil_pipeline.py
[2026-09-07T12:31:45.875+0000] {logging_mixin.py:190} INFO - [2026-09-07T12:31:45.875+0000] {dag.py:3239} INFO - Sync 1 DAGs
[2026-09-07T12:31:45.886+0000] {logging_mixin.py:190} INFO - [2026-09-07T12:31:45.885+0000] {dag.py:4180} INFO - Setting next_dagrun for oil_price_pipeline_dag to None, run_after=None
[2026-09-07T12:31:45.918+0000] {processor.py:208} INFO - Processing /opt/airflow/dags/ml_03_oil_pipeline.py took 0.316 seconds
[2026-09-07T12:32:16.288+0000] {processor.py:186} INFO - Started process (PID=599) to work on /opt/airflow/dags/ml_03_oil_pipeline.py
[2026-09-07T12:32:16.289+0000] {processor.py:914} INFO - Processing file /opt/airflow/dags/ml_03_oil_pipeline.py for tasks to queue
[2026-09-07T12:32:16.290+0000] {logging_mixin.py:190} INFO - [2026-09-07T12:32:16.290+0000] {dagbag.py:588} INFO - Filling up the DagBag from /opt/airflow/dags/ml_03_oil_pipeline.py
[2026-09-07T12:32:16.534+0000] {processor.py:925} INFO - DAG(s) 'oil_price_pipeline_dag' retrieved from /opt/airflow/dags/ml_03_oil_pipeline.py
[2026-09-07T12:32:16.554+0000] {logging_mixin.py:190} INFO - [2026-09-07T12:32:16.554+0000] {dag.py:3239} INFO - Sync 1 DAGs
[2026-09-07T12:32:16.565+0000] {logging_mixin.py:190} INFO - [2026-09-07T12:32:16.565+0000] {dag.py:4180} INFO - Setting next_dagrun for oil_price_pipeline_dag to None, run_after=None
[2026-09-07T12:32:16.583+0000] {processor.py:208} INFO - Processing /opt/airflow/dags/ml_03_oil_pipeline.py took 0.300 seconds
[2026-09-07T12:32:46.852+0000] {processor.py:186} INFO - Started process (PID=613) to work on /opt/airflow/dags/ml_03_oil_pipeline.py
[2026-09-07T12:32:46.852+0000] {processor.py:914} INFO - Processing file /opt/airflow/dags/ml_03_oil_pipeline.py for tasks to queue
[2026-09-07T12:32:46.853+0000] {logging_mixin.py:190} INFO - [2026-09-07T12:32:46.853+0000] {dagbag.py:588} INFO - Filling up the DagBag from /opt/airflow/dags/ml_03_oil_pipeline.py
[2026-09-07T12:32:47.092+0000] {processor.py:925} INFO - DAG(s) 'oil_price_pipeline_dag' retrieved from /opt/airflow/dags/ml_03_oil_pipeline.py
[2026-09-07T12:32:47.114+0000] {logging_mixin.py:190} INFO - [2026-09-07T12:32:47.114+0000] {dag.py:3239} INFO - Sync 1 DAGs
[2026-09-07T12:32:47.125+0000] {logging_mixin.py:190} INFO - [2026-09-07T12:32:47.125+0000] {dag.py:4180} INFO - Setting next_dagrun for oil_price_pipeline_dag to None, run_after=None
[2026-09-07T12:32:47.141+0000] {processor.py:208} INFO - Processing /opt/airflow/dags/ml_03_oil_pipeline.py took 0.294 seconds
[2026-09-07T12:33:17.492+0000] {processor.py:186} INFO - Started process (PID=627) to work on /opt/airflow/dags/ml_03_oil_pipeline.py
[2026-09-07T12:33:17.493+0000] {processor.py:914} INFO - Processing file /opt/airflow/dags/ml_03_oil_pipeline.py for tasks to queue
[2026-09-07T12:33:17.495+0000] {logging_mixin.py:190} INFO - [2026-09-07T12:33:17.494+0000] {dagbag.py:588} INFO - Filling up the DagBag from /opt/airflow/dags/ml_03_oil_pipeline.py
[2026-09-07T12:33:17.738+0000] {processor.py:925} INFO - DAG(s) 'oil_price_pipeline_dag' retrieved from /opt/airflow/dags/ml_03_oil_pipeline.py
[2026-09-07T12:33:17.759+0000] {logging_mixin.py:190} INFO - [2026-09-07T12:33:17.758+0000] {dag.py:3239} INFO - Sync 1 DAGs
[2026-09-07T12:33:17.769+0000] {logging_mixin.py:190} INFO - [2026-09-07T12:33:17.769+0000] {dag.py:4180} INFO - Setting next_dagrun for oil_price_pipeline_dag to None, run_after=None
[2026-09-07T12:33:17.783+0000] {processor.py:208} INFO - Processing /opt/airflow/dags/ml_03_oil_pipeline.py took 0.302 seconds
[2026-09-07T12:33:48.181+0000] {processor.py:186} INFO - Started process (PID=641) to work on /opt/airflow/dags/ml_03_oil_pipeline.py
[2026-09-07T12:33:48.182+0000] {processor.py:914} INFO - Processing file /opt/airflow/dags/ml_03_oil_pipeline.py for tasks to queue
[2026-09-07T12:33:48.185+0000] {logging_mixin.py:190} INFO - [2026-09-07T12:33:48.184+0000] {dagbag.py:588} INFO - Filling up the DagBag from /opt/airflow/dags/ml_03_oil_pipeline.py
[2026-09-07T12:33:48.474+0000] {processor.py:925} INFO - DAG(s) 'oil_price_pipeline_dag' retrieved from /opt/airflow/dags/ml_03_oil_pipeline.py
[2026-09-07T12:33:48.494+0000] {logging_mixin.py:190} INFO - [2026-09-07T12:33:48.494+0000] {dag.py:3239} INFO - Sync 1 DAGs
[2026-09-07T12:33:48.505+0000] {logging_mixin.py:190} INFO - [2026-09-07T12:33:48.504+0000] {dag.py:4180} INFO - Setting next_dagrun for oil_price_pipeline_dag to None, run_after=None
[2026-09-07T12:33:48.522+0000] {processor.py:208} INFO - Processing /opt/airflow/dags/ml_03_oil_pipeline.py took 0.349 seconds
[2026-09-07T12:34:18.899+0000] {processor.py:186} INFO - Started process (PID=655) to work on /opt/airflow/dags/ml_03_oil_pipeline.py
[2026-09-07T12:34:18.900+0000] {processor.py:914} INFO - Processing file /opt/airflow/dags/ml_03_oil_pipeline.py for tasks to queue
[2026-09-07T12:34:18.902+0000] {logging_mixin.py:190} INFO - [2026-09-07T12:34:18.901+0000] {dagbag.py:588} INFO - Filling up the DagBag from /opt/airflow/dags/ml_03_oil_pipeline.py
[2026-09-07T12:34:19.167+0000] {processor.py:925} INFO - DAG(s) 'oil_price_pipeline_dag' retrieved from /opt/airflow/dags/ml_03_oil_pipeline.py
[2026-09-07T12:34:19.194+0000] {logging_mixin.py:190} INFO - [2026-09-07T12:34:19.193+0000] {dag.py:3239} INFO - Sync 1 DAGs
[2026-09-07T12:34:19.207+0000] {logging_mixin.py:190} INFO - [2026-09-07T12:34:19.206+0000] {dag.py:4180} INFO - Setting next_dagrun for oil_price_pipeline_dag to None, run_after=None
[2026-09-07T12:34:19.227+0000] {processor.py:208} INFO - Processing /opt/airflow/dags/ml_03_oil_pipeline.py took 0.335 seconds
[2026-09-07T12:34:49.634+0000] {processor.py:186} INFO - Started process (PID=669) to work on /opt/airflow/dags/ml_03_oil_pipeline.py
[2026-09-07T12:34:49.635+0000] {processor.py:914} INFO - Processing file /opt/airflow/dags/ml_03_oil_pipeline.py for tasks to queue
[2026-09-07T12:34:49.636+0000] {logging_mixin.py:190} INFO - [2026-09-07T12:34:49.636+0000] {dagbag.py:588} INFO - Filling up the DagBag from /opt/airflow/dags/ml_03_oil_pipeline.py
[2026-09-07T12:34:49.970+0000] {processor.py:925} INFO - DAG(s) 'oil_price_pipeline_dag' retrieved from /opt/airflow/dags/ml_03_oil_pipeline.py
[2026-09-07T12:34:49.993+0000] {logging_mixin.py:190} INFO - [2026-09-07T12:34:49.993+0000] {dag.py:3239} INFO - Sync 1 DAGs
[2026-09-07T12:34:50.005+0000] {logging_mixin.py:190} INFO - [2026-09-07T12:34:50.005+0000] {dag.py:4180} INFO - Setting next_dagrun for oil_price_pipeline_dag to None, run_after=None
[2026-09-07T12:34:50.021+0000] {processor.py:208} INFO - Processing /opt/airflow/dags/ml_03_oil_pipeline.py took 0.393 seconds
[2026-09-07T19:51:41.090+0000] {processor.py:186} INFO - Started process (PID=99) to work on /opt/airflow/dags/ml_03_oil_pipeline.py
[2026-09-07T19:51:41.091+0000] {processor.py:914} INFO - Processing file /opt/airflow/dags/ml_03_oil_pipeline.py for tasks to queue
[2026-09-07T19:51:41.093+0000] {logging_mixin.py:190} INFO - [2026-09-07T19:51:41.092+0000] {dagbag.py:588} INFO - Filling up the DagBag from /opt/airflow/dags/ml_03_oil_pipeline.py
[2026-09-07T19:51:42.402+0000] {processor.py:925} INFO - DAG(s) 'oil_price_pipeline_dag' retrieved from /opt/airflow/dags/ml_03_oil_pipeline.py
[2026-09-07T19:51:42.425+0000] {logging_mixin.py:190} INFO - [2026-09-07T19:51:42.425+0000] {dag.py:3239} INFO - Sync 1 DAGs
[2026-09-07T19:51:42.436+0000] {logging_mixin.py:190} INFO - [2026-09-07T19:51:42.435+0000] {dag.py:4180} INFO - Setting next_dagrun for oil_price_pipeline_dag to None, run_after=None
[2026-09-07T19:51:42.467+0000] {processor.py:208} INFO - Processing /opt/airflow/dags/ml_03_oil_pipeline.py took 1.385 seconds
[2026-09-07T19:52:13.113+0000] {processor.py:186} INFO - Started process (PID=119) to work on /opt/airflow/dags/ml_03_oil_pipeline.py
[2026-09-07T19:52:13.114+0000] {processor.py:914} INFO - Processing file /opt/airflow/dags/ml_03_oil_pipeline.py for tasks to queue
[2026-09-07T19:52:13.115+0000] {logging_mixin.py:190} INFO - [2026-09-07T19:52:13.114+0000] {dagbag.py:588} INFO - Filling up the DagBag from /opt/airflow/dags/ml_03_oil_pipeline.py
[2026-09-07T19:52:13.474+0000] {processor.py:925} INFO - DAG(s) 'oil_price_pipeline_dag' retrieved from /opt/airflow/dags/ml_03_oil_pipeline.py
[2026-09-07T19:52:13.492+0000] {logging_mixin.py:190} INFO - [2026-09-07T19:52:13.492+0000] {dag.py:3239} INFO - Sync 1 DAGs
[2026-09-07T19:52:13.501+0000] {logging_mixin.py:190} INFO - [2026-09-07T19:52:13.501+0000] {dag.py:4180} INFO - Setting next_dagrun for oil_price_pipeline_dag to None, run_after=None
[2026-09-07T19:52:13.516+0000] {processor.py:208} INFO - Processing /opt/airflow/dags/ml_03_oil_pipeline.py took 0.407 seconds
[2026-09-07T19:52:43.787+0000] {processor.py:186} INFO - Started process (PID=133) to work on /opt/airflow/dags/ml_03_oil_pipeline.py
[2026-09-07T19:52:43.788+0000] {processor.py:914} INFO - Processing file /opt/airflow/dags/ml_03_oil_pipeline.py for tasks to queue
[2026-09-07T19:52:43.789+0000] {logging_mixin.py:190} INFO - [2026-09-07T19:52:43.788+0000] {dagbag.py:588} INFO - Filling up the DagBag from /opt/airflow/dags/ml_03_oil_pipeline.py
[2026-09-07T19:52:44.190+0000] {processor.py:925} INFO - DAG(s) 'oil_price_pipeline_dag' retrieved from /opt/airflow/dags/ml_03_oil_pipeline.py
[2026-09-07T19:52:44.209+0000] {logging_mixin.py:190} INFO - [2026-09-07T19:52:44.209+0000] {dag.py:3239} INFO - Sync 1 DAGs
[2026-09-07T19:52:44.219+0000] {logging_mixin.py:190} INFO - [2026-09-07T19:52:44.219+0000] {dag.py:4180} INFO - Setting next_dagrun for oil_price_pipeline_dag to None, run_after=None
[2026-09-07T19:52:44.235+0000] {processor.py:208} INFO - Processing /opt/airflow/dags/ml_03_oil_pipeline.py took 0.454 seconds
[2026-09-07T19:53:14.436+0000] {processor.py:186} INFO - Started process (PID=147) to work on /opt/airflow/dags/ml_03_oil_pipeline.py
[2026-09-07T19:53:14.438+0000] {processor.py:914} INFO - Processing file /opt/airflow/dags/ml_03_oil_pipeline.py for tasks to queue
[2026-09-07T19:53:14.440+0000] {logging_mixin.py:190} INFO - [2026-09-07T19:53:14.439+0000] {dagbag.py:588} INFO - Filling up the DagBag from /opt/airflow/dags/ml_03_oil_pipeline.py
[2026-09-07T19:53:14.782+0000] {processor.py:925} INFO - DAG(s) 'oil_price_pipeline_dag' retrieved from /opt/airflow/dags/ml_03_oil_pipeline.py
[2026-09-07T19:53:14.812+0000] {logging_mixin.py:190} INFO - [2026-09-07T19:53:14.812+0000] {dag.py:3239} INFO - Sync 1 DAGs
[2026-09-07T19:53:14.823+0000] {logging_mixin.py:190} INFO - [2026-09-07T19:53:14.823+0000] {dag.py:4180} INFO - Setting next_dagrun for oil_price_pipeline_dag to None, run_after=None
[2026-09-07T19:53:14.841+0000] {processor.py:208} INFO - Processing /opt/airflow/dags/ml_03_oil_pipeline.py took 0.411 seconds
[2026-09-07T19:53:45.513+0000] {processor.py:186} INFO - Started process (PID=161) to work on /opt/airflow/dags/ml_03_oil_pipeline.py
[2026-09-07T19:53:45.514+0000] {processor.py:914} INFO - Processing file /opt/airflow/dags/ml_03_oil_pipeline.py for tasks to queue
[2026-09-07T19:53:45.515+0000] {logging_mixin.py:190} INFO - [2026-09-07T19:53:45.515+0000] {dagbag.py:588} INFO - Filling up the DagBag from /opt/airflow/dags/ml_03_oil_pipeline.py
[2026-09-07T19:53:45.849+0000] {processor.py:925} INFO - DAG(s) 'oil_price_pipeline_dag' retrieved from /opt/airflow/dags/ml_03_oil_pipeline.py
[2026-09-07T19:53:45.869+0000] {logging_mixin.py:190} INFO - [2026-09-07T19:53:45.869+0000] {dag.py:3239} INFO - Sync 1 DAGs
[2026-09-07T19:53:45.877+0000] {logging_mixin.py:190} INFO - [2026-09-07T19:53:45.877+0000] {dag.py:4180} INFO - Setting next_dagrun for oil_price_pipeline_dag to None, run_after=None
[2026-09-07T19:53:45.894+0000] {processor.py:208} INFO - Processing /opt/airflow/dags/ml_03_oil_pipeline.py took 0.385 seconds
[2026-09-07T19:54:16.513+0000] {processor.py:186} INFO - Started process (PID=175) to work on /opt/airflow/dags/ml_03_oil_pipeline.py
[2026-09-07T19:54:16.514+0000] {processor.py:914} INFO - Processing file /opt/airflow/dags/ml_03_oil_pipeline.py for tasks to queue
[2026-09-07T19:54:16.515+0000] {logging_mixin.py:190} INFO - [2026-09-07T19:54:16.514+0000] {dagbag.py:588} INFO - Filling up the DagBag from /opt/airflow/dags/ml_03_oil_pipeline.py
[2026-09-07T19:54:16.789+0000] {processor.py:925} INFO - DAG(s) 'oil_price_pipeline_dag' retrieved from /opt/airflow/dags/ml_03_oil_pipeline.py
[2026-09-07T19:54:16.813+0000] {logging_mixin.py:190} INFO - [2026-09-07T19:54:16.813+0000] {dag.py:3239} INFO - Sync 1 DAGs
[2026-09-07T19:54:16.826+0000] {logging_mixin.py:190} INFO - [2026-09-07T19:54:16.825+0000] {dag.py:4180} INFO - Setting next_dagrun for oil_price_pipeline_dag to None, run_after=None
[2026-09-07T19:54:16.843+0000] {processor.py:208} INFO - Processing /opt/airflow/dags/ml_03_oil_pipeline.py took 0.336 seconds
[2026-09-07T19:54:47.109+0000] {processor.py:186} INFO - Started process (PID=189) to work on /opt/airflow/dags/ml_03_oil_pipeline.py
[2026-09-07T19:54:47.110+0000] {processor.py:914} INFO - Processing file /opt/airflow/dags/ml_03_oil_pipeline.py for tasks to queue
[2026-09-07T19:54:47.111+0000] {logging_mixin.py:190} INFO - [2026-09-07T19:54:47.111+0000] {dagbag.py:588} INFO - Filling up the DagBag from /opt/airflow/dags/ml_03_oil_pipeline.py
[2026-09-07T19:54:47.351+0000] {processor.py:925} INFO - DAG(s) 'oil_price_pipeline_dag' retrieved from /opt/airflow/dags/ml_03_oil_pipeline.py
[2026-09-07T19:54:47.381+0000] {logging_mixin.py:190} INFO - [2026-09-07T19:54:47.380+0000] {dag.py:3239} INFO - Sync 1 DAGs
[2026-09-07T19:54:47.391+0000] {logging_mixin.py:190} INFO - [2026-09-07T19:54:47.391+0000] {dag.py:4180} INFO - Setting next_dagrun for oil_price_pipeline_dag to None, run_after=None
[2026-09-07T19:54:47.407+0000] {processor.py:208} INFO - Processing /opt/airflow/dags/ml_03_oil_pipeline.py took 0.304 seconds
[2026-09-07T19:55:17.730+0000] {processor.py:186} INFO - Started process (PID=203) to work on /opt/airflow/dags/ml_03_oil_pipeline.py
[2026-09-07T19:55:17.731+0000] {processor.py:914} INFO - Processing file /opt/airflow/dags/ml_03_oil_pipeline.py for tasks to queue
[2026-09-07T19:55:17.732+0000] {logging_mixin.py:190} INFO - [2026-09-07T19:55:17.732+0000] {dagbag.py:588} INFO - Filling up the DagBag from /opt/airflow/dags/ml_03_oil_pipeline.py
[2026-09-07T19:55:17.966+0000] {processor.py:925} INFO - DAG(s) 'oil_price_pipeline_dag' retrieved from /opt/airflow/dags/ml_03_oil_pipeline.py
[2026-09-07T19:55:17.988+0000] {logging_mixin.py:190} INFO - [2026-09-07T19:55:17.988+0000] {dag.py:3239} INFO - Sync 1 DAGs
[2026-09-07T19:55:18.001+0000] {logging_mixin.py:190} INFO - [2026-09-07T19:55:18.000+0000] {dag.py:4180} INFO - Setting next_dagrun for oil_price_pipeline_dag to None, run_after=None
[2026-09-07T19:55:18.024+0000] {processor.py:208} INFO - Processing /opt/airflow/dags/ml_03_oil_pipeline.py took 0.298 seconds
[2026-09-07T19:55:48.286+0000] {processor.py:186} INFO - Started process (PID=217) to work on /opt/airflow/dags/ml_03_oil_pipeline.py
[2026-09-07T19:55:48.287+0000] {processor.py:914} INFO - Processing file /opt/airflow/dags/ml_03_oil_pipeline.py for tasks to queue
[2026-09-07T19:55:48.289+0000] {logging_mixin.py:190} INFO - [2026-09-07T19:55:48.289+0000] {dagbag.py:588} INFO - Filling up the DagBag from /opt/airflow/dags/ml_03_oil_pipeline.py
[2026-09-07T19:55:48.567+0000] {processor.py:925} INFO - DAG(s) 'oil_price_pipeline_dag' retrieved from /opt/airflow/dags/ml_03_oil_pipeline.py
[2026-09-07T19:55:48.593+0000] {logging_mixin.py:190} INFO - [2026-09-07T19:55:48.593+0000] {dag.py:3239} INFO - Sync 1 DAGs
[2026-09-07T19:55:48.604+0000] {logging_mixin.py:190} INFO - [2026-09-07T19:55:48.604+0000] {dag.py:4180} INFO - Setting next_dagrun for oil_price_pipeline_dag to None, run_after=None
[2026-09-07T19:55:48.620+0000] {processor.py:208} INFO - Processing /opt/airflow/dags/ml_03_oil_pipeline.py took 0.339 seconds
[2026-09-07T19:56:18.845+0000] {processor.py:186} INFO - Started process (PID=231) to work on /opt/airflow/dags/ml_03_oil_pipeline.py
[2026-09-07T19:56:18.846+0000] {processor.py:914} INFO - Processing file /opt/airflow/dags/ml_03_oil_pipeline.py for tasks to queue
[2026-09-07T19:56:18.847+0000] {logging_mixin.py:190} INFO - [2026-09-07T19:56:18.847+0000] {dagbag.py:588} INFO - Filling up the DagBag from /opt/airflow/dags/ml_03_oil_pipeline.py
[2026-09-07T19:56:19.077+0000] {processor.py:925} INFO - DAG(s) 'oil_price_pipeline_dag' retrieved from /opt/airflow/dags/ml_03_oil_pipeline.py
[2026-09-07T19:56:19.099+0000] {logging_mixin.py:190} INFO - [2026-09-07T19:56:19.098+0000] {dag.py:3239} INFO - Sync 1 DAGs
[2026-09-07T19:56:19.110+0000] {logging_mixin.py:190} INFO - [2026-09-07T19:56:19.110+0000] {dag.py:4180} INFO - Setting next_dagrun for oil_price_pipeline_dag to None, run_after=None
[2026-09-07T19:56:19.130+0000] {processor.py:208} INFO - Processing /opt/airflow/dags/ml_03_oil_pipeline.py took 0.289 seconds
[2026-09-07T19:56:49.520+0000] {processor.py:186} INFO - Started process (PID=245) to work on /opt/airflow/dags/ml_03_oil_pipeline.py
[2026-09-07T19:56:49.521+0000] {processor.py:914} INFO - Processing file /opt/airflow/dags/ml_03_oil_pipeline.py for tasks to queue
[2026-09-07T19:56:49.522+0000] {logging_mixin.py:190} INFO - [2026-09-07T19:56:49.522+0000] {dagbag.py:588} INFO - Filling up the DagBag from /opt/airflow/dags/ml_03_oil_pipeline.py
[2026-09-07T19:56:49.753+0000] {processor.py:925} INFO - DAG(s) 'oil_price_pipeline_dag' retrieved from /opt/airflow/dags/ml_03_oil_pipeline.py
[2026-09-07T19:56:49.774+0000] {logging_mixin.py:190} INFO - [2026-09-07T19:56:49.773+0000] {dag.py:3239} INFO - Sync 1 DAGs
[2026-09-07T19:56:49.783+0000] {logging_mixin.py:190} INFO - [2026-09-07T19:56:49.783+0000] {dag.py:4180} INFO - Setting next_dagrun for oil_price_pipeline_dag to None, run_after=None
[2026-09-07T19:56:49.799+0000] {processor.py:208} INFO - Processing /opt/airflow/dags/ml_03_oil_pipeline.py took 0.284 seconds
[2026-09-07T19:57:20.116+0000] {processor.py:186} INFO - Started process (PID=260) to work on /opt/airflow/dags/ml_03_oil_pipeline.py
[2026-09-07T19:57:20.116+0000] {processor.py:914} INFO - Processing file /opt/airflow/dags/ml_03_oil_pipeline.py for tasks to queue
[2026-09-07T19:57:20.118+0000] {logging_mixin.py:190} INFO - [2026-09-07T19:57:20.117+0000] {dagbag.py:588} INFO - Filling up the DagBag from /opt/airflow/dags/ml_03_oil_pipeline.py
[2026-09-07T19:57:20.342+0000] {processor.py:925} INFO - DAG(s) 'oil_price_pipeline_dag' retrieved from /opt/airflow/dags/ml_03_oil_pipeline.py
[2026-09-07T19:57:20.361+0000] {logging_mixin.py:190} INFO - [2026-09-07T19:57:20.361+0000] {dag.py:3239} INFO - Sync 1 DAGs
[2026-09-07T19:57:20.371+0000] {logging_mixin.py:190} INFO - [2026-09-07T19:57:20.371+0000] {dag.py:4180} INFO - Setting next_dagrun for oil_price_pipeline_dag to None, run_after=None
[2026-09-07T19:57:20.387+0000] {processor.py:208} INFO - Processing /opt/airflow/dags/ml_03_oil_pipeline.py took 0.275 seconds
[2026-09-07T19:57:50.687+0000] {processor.py:186} INFO - Started process (PID=274) to work on /opt/airflow/dags/ml_03_oil_pipeline.py
[2026-09-07T19:57:50.688+0000] {processor.py:914} INFO - Processing file /opt/airflow/dags/ml_03_oil_pipeline.py for tasks to queue
[2026-09-07T19:57:50.689+0000] {logging_mixin.py:190} INFO - [2026-09-07T19:57:50.689+0000] {dagbag.py:588} INFO - Filling up the DagBag from /opt/airflow/dags/ml_03_oil_pipeline.py
[2026-09-07T19:57:50.917+0000] {processor.py:925} INFO - DAG(s) 'oil_price_pipeline_dag' retrieved from /opt/airflow/dags/ml_03_oil_pipeline.py
[2026-09-07T19:57:50.941+0000] {logging_mixin.py:190} INFO - [2026-09-07T19:57:50.941+0000] {dag.py:3239} INFO - Sync 1 DAGs
[2026-09-07T19:57:50.951+0000] {logging_mixin.py:190} INFO - [2026-09-07T19:57:50.951+0000] {dag.py:4180} INFO - Setting next_dagrun for oil_price_pipeline_dag to None, run_after=None
[2026-09-07T19:57:50.966+0000] {processor.py:208} INFO - Processing /opt/airflow/dags/ml_03_oil_pipeline.py took 0.284 seconds
[2026-09-07T19:58:21.284+0000] {processor.py:186} INFO - Started process (PID=288) to work on /opt/airflow/dags/ml_03_oil_pipeline.py
[2026-09-07T19:58:21.285+0000] {processor.py:914} INFO - Processing file /opt/airflow/dags/ml_03_oil_pipeline.py for tasks to queue
[2026-09-07T19:58:21.286+0000] {logging_mixin.py:190} INFO - [2026-09-07T19:58:21.286+0000] {dagbag.py:588} INFO - Filling up the DagBag from /opt/airflow/dags/ml_03_oil_pipeline.py
[2026-09-07T19:58:21.539+0000] {processor.py:925} INFO - DAG(s) 'oil_price_pipeline_dag' retrieved from /opt/airflow/dags/ml_03_oil_pipeline.py
[2026-09-07T19:58:21.560+0000] {logging_mixin.py:190} INFO - [2026-09-07T19:58:21.560+0000] {dag.py:3239} INFO - Sync 1 DAGs
[2026-09-07T19:58:21.570+0000] {logging_mixin.py:190} INFO - [2026-09-07T19:58:21.570+0000] {dag.py:4180} INFO - Setting next_dagrun for oil_price_pipeline_dag to None, run_after=None
[2026-09-07T19:58:21.588+0000] {processor.py:208} INFO - Processing /opt/airflow/dags/ml_03_oil_pipeline.py took 0.309 seconds
[2026-09-07T19:58:51.885+0000] {processor.py:186} INFO - Started process (PID=303) to work on /opt/airflow/dags/ml_03_oil_pipeline.py
[2026-09-07T19:58:51.886+0000] {processor.py:914} INFO - Processing file /opt/airflow/dags/ml_03_oil_pipeline.py for tasks to queue
[2026-09-07T19:58:51.887+0000] {logging_mixin.py:190} INFO - [2026-09-07T19:58:51.886+0000] {dagbag.py:588} INFO - Filling up the DagBag from /opt/airflow/dags/ml_03_oil_pipeline.py
[2026-09-07T19:58:52.135+0000] {processor.py:925} INFO - DAG(s) 'oil_price_pipeline_dag' retrieved from /opt/airflow/dags/ml_03_oil_pipeline.py
[2026-09-07T19:58:52.159+0000] {logging_mixin.py:190} INFO - [2026-09-07T19:58:52.159+0000] {dag.py:3239} INFO - Sync 1 DAGs
[2026-09-07T19:58:52.172+0000] {logging_mixin.py:190} INFO - [2026-09-07T19:58:52.172+0000] {dag.py:4180} INFO - Setting next_dagrun for oil_price_pipeline_dag to None, run_after=None
[2026-09-07T19:58:52.192+0000] {processor.py:208} INFO - Processing /opt/airflow/dags/ml_03_oil_pipeline.py took 0.313 seconds
[2026-09-07T19:59:22.471+0000] {processor.py:186} INFO - Started process (PID=317) to work on /opt/airflow/dags/ml_03_oil_pipeline.py
[2026-09-07T19:59:22.472+0000] {processor.py:914} INFO - Processing file /opt/airflow/dags/ml_03_oil_pipeline.py for tasks to queue
[2026-09-07T19:59:22.473+0000] {logging_mixin.py:190} INFO - [2026-09-07T19:59:22.473+0000] {dagbag.py:588} INFO - Filling up the DagBag from /opt/airflow/dags/ml_03_oil_pipeline.py
[2026-09-07T19:59:22.730+0000] {processor.py:925} INFO - DAG(s) 'oil_price_pipeline_dag' retrieved from /opt/airflow/dags/ml_03_oil_pipeline.py
[2026-09-07T19:59:22.750+0000] {logging_mixin.py:190} INFO - [2026-09-07T19:59:22.750+0000] {dag.py:3239} INFO - Sync 1 DAGs
[2026-09-07T19:59:22.760+0000] {logging_mixin.py:190} INFO - [2026-09-07T19:59:22.760+0000] {dag.py:4180} INFO - Setting next_dagrun for oil_price_pipeline_dag to None, run_after=None
[2026-09-07T19:59:22.777+0000] {processor.py:208} INFO - Processing /opt/airflow/dags/ml_03_oil_pipeline.py took 0.311 seconds
[2026-09-07T19:59:53.085+0000] {processor.py:186} INFO - Started process (PID=331) to work on /opt/airflow/dags/ml_03_oil_pipeline.py
[2026-09-07T19:59:53.086+0000] {processor.py:914} INFO - Processing file /opt/airflow/dags/ml_03_oil_pipeline.py for tasks to queue
[2026-09-07T19:59:53.087+0000] {logging_mixin.py:190} INFO - [2026-09-07T19:59:53.087+0000] {dagbag.py:588} INFO - Filling up the DagBag from /opt/airflow/dags/ml_03_oil_pipeline.py
[2026-09-07T19:59:53.332+0000] {processor.py:925} INFO - DAG(s) 'oil_price_pipeline_dag' retrieved from /opt/airflow/dags/ml_03_oil_pipeline.py
[2026-09-07T19:59:53.354+0000] {logging_mixin.py:190} INFO - [2026-09-07T19:59:53.353+0000] {dag.py:3239} INFO - Sync 1 DAGs
[2026-09-07T19:59:53.365+0000] {logging_mixin.py:190} INFO - [2026-09-07T19:59:53.365+0000] {dag.py:4180} INFO - Setting next_dagrun for oil_price_pipeline_dag to None, run_after=None
[2026-09-07T19:59:53.382+0000] {processor.py:208} INFO - Processing /opt/airflow/dags/ml_03_oil_pipeline.py took 0.302 seconds
[2026-09-07T20:00:23.675+0000] {processor.py:186} INFO - Started process (PID=345) to work on /opt/airflow/dags/ml_03_oil_pipeline.py
[2026-09-07T20:00:23.676+0000] {processor.py:914} INFO - Processing file /opt/airflow/dags/ml_03_oil_pipeline.py for tasks to queue
[2026-09-07T20:00:23.677+0000] {logging_mixin.py:190} INFO - [2026-09-07T20:00:23.676+0000] {dagbag.py:588} INFO - Filling up the DagBag from /opt/airflow/dags/ml_03_oil_pipeline.py
[2026-09-07T20:00:23.901+0000] {processor.py:925} INFO - DAG(s) 'oil_price_pipeline_dag' retrieved from /opt/airflow/dags/ml_03_oil_pipeline.py
[2026-09-07T20:00:23.921+0000] {logging_mixin.py:190} INFO - [2026-09-07T20:00:23.921+0000] {dag.py:3239} INFO - Sync 1 DAGs
[2026-09-07T20:00:23.931+0000] {logging_mixin.py:190} INFO - [2026-09-07T20:00:23.931+0000] {dag.py:4180} INFO - Setting next_dagrun for oil_price_pipeline_dag to None, run_after=None
[2026-09-07T20:00:23.946+0000] {processor.py:208} INFO - Processing /opt/airflow/dags/ml_03_oil_pipeline.py took 0.275 seconds
[2026-09-07T20:00:54.274+0000] {processor.py:186} INFO - Started process (PID=359) to work on /opt/airflow/dags/ml_03_oil_pipeline.py
[2026-09-07T20:00:54.275+0000] {processor.py:914} INFO - Processing file /opt/airflow/dags/ml_03_oil_pipeline.py for tasks to queue
[2026-09-07T20:00:54.276+0000] {logging_mixin.py:190} INFO - [2026-09-07T20:00:54.276+0000] {dagbag.py:588} INFO - Filling up the DagBag from /opt/airflow/dags/ml_03_oil_pipeline.py
[2026-09-07T20:00:54.506+0000] {processor.py:925} INFO - DAG(s) 'oil_price_pipeline_dag' retrieved from /opt/airflow/dags/ml_03_oil_pipeline.py
[2026-09-07T20:00:54.529+0000] {logging_mixin.py:190} INFO - [2026-09-07T20:00:54.528+0000] {dag.py:3239} INFO - Sync 1 DAGs
[2026-09-07T20:00:54.540+0000] {logging_mixin.py:190} INFO - [2026-09-07T20:00:54.540+0000] {dag.py:4180} INFO - Setting next_dagrun for oil_price_pipeline_dag to None, run_after=None
[2026-09-07T20:00:54.557+0000] {processor.py:208} INFO - Processing /opt/airflow/dags/ml_03_oil_pipeline.py took 0.287 seconds
[2026-09-07T20:01:24.909+0000] {processor.py:186} INFO - Started process (PID=373) to work on /opt/airflow/dags/ml_03_oil_pipeline.py
[2026-09-07T20:01:24.910+0000] {processor.py:914} INFO - Processing file /opt/airflow/dags/ml_03_oil_pipeline.py for tasks to queue
[2026-09-07T20:01:24.911+0000] {logging_mixin.py:190} INFO - [2026-09-07T20:01:24.911+0000] {dagbag.py:588} INFO - Filling up the DagBag from /opt/airflow/dags/ml_03_oil_pipeline.py
[2026-09-07T20:01:25.145+0000] {processor.py:925} INFO - DAG(s) 'oil_price_pipeline_dag' retrieved from /opt/airflow/dags/ml_03_oil_pipeline.py
[2026-09-07T20:01:25.165+0000] {logging_mixin.py:190} INFO - [2026-09-07T20:01:25.165+0000] {dag.py:3239} INFO - Sync 1 DAGs
[2026-09-07T20:01:25.177+0000] {logging_mixin.py:190} INFO - [2026-09-07T20:01:25.176+0000] {dag.py:4180} INFO - Setting next_dagrun for oil_price_pipeline_dag to None, run_after=None
[2026-09-07T20:01:25.196+0000] {processor.py:208} INFO - Processing /opt/airflow/dags/ml_03_oil_pipeline.py took 0.294 seconds
[2026-09-07T20:01:55.551+0000] {processor.py:186} INFO - Started process (PID=387) to work on /opt/airflow/dags/ml_03_oil_pipeline.py
[2026-09-07T20:01:55.552+0000] {processor.py:914} INFO - Processing file /opt/airflow/dags/ml_03_oil_pipeline.py for tasks to queue
[2026-09-07T20:01:55.554+0000] {logging_mixin.py:190} INFO - [2026-09-07T20:01:55.553+0000] {dagbag.py:588} INFO - Filling up the DagBag from /opt/airflow/dags/ml_03_oil_pipeline.py
[2026-09-07T20:01:55.817+0000] {processor.py:925} INFO - DAG(s) 'oil_price_pipeline_dag' retrieved from /opt/airflow/dags/ml_03_oil_pipeline.py
[2026-09-07T20:01:55.840+0000] {logging_mixin.py:190} INFO - [2026-09-07T20:01:55.840+0000] {dag.py:3239} INFO - Sync 1 DAGs
[2026-09-07T20:01:55.850+0000] {logging_mixin.py:190} INFO - [2026-09-07T20:01:55.850+0000] {dag.py:4180} INFO - Setting next_dagrun for oil_price_pipeline_dag to None, run_after=None
[2026-09-07T20:01:55.865+0000] {processor.py:208} INFO - Processing /opt/airflow/dags/ml_03_oil_pipeline.py took 0.319 seconds
[2026-09-07T20:02:26.117+0000] {processor.py:186} INFO - Started process (PID=401) to work on /opt/airflow/dags/ml_03_oil_pipeline.py
[2026-09-07T20:02:26.118+0000] {processor.py:914} INFO - Processing file /opt/airflow/dags/ml_03_oil_pipeline.py for tasks to queue
[2026-09-07T20:02:26.119+0000] {logging_mixin.py:190} INFO - [2026-09-07T20:02:26.119+0000] {dagbag.py:588} INFO - Filling up the DagBag from /opt/airflow/dags/ml_03_oil_pipeline.py
[2026-09-07T20:02:26.368+0000] {processor.py:925} INFO - DAG(s) 'oil_price_pipeline_dag' retrieved from /opt/airflow/dags/ml_03_oil_pipeline.py
[2026-09-07T20:02:26.394+0000] {logging_mixin.py:190} INFO - [2026-09-07T20:02:26.394+0000] {dag.py:3239} INFO - Sync 1 DAGs
[2026-09-07T20:02:26.409+0000] {logging_mixin.py:190} INFO - [2026-09-07T20:02:26.409+0000] {dag.py:4180} INFO - Setting next_dagrun for oil_price_pipeline_dag to None, run_after=None
[2026-09-07T20:02:26.431+0000] {processor.py:208} INFO - Processing /opt/airflow/dags/ml_03_oil_pipeline.py took 0.319 seconds
[2026-09-07T20:02:56.736+0000] {processor.py:186} INFO - Started process (PID=415) to work on /opt/airflow/dags/ml_03_oil_pipeline.py
[2026-09-07T20:02:56.737+0000] {processor.py:914} INFO - Processing file /opt/airflow/dags/ml_03_oil_pipeline.py for tasks to queue
[2026-09-07T20:02:56.738+0000] {logging_mixin.py:190} INFO - [2026-09-07T20:02:56.738+0000] {dagbag.py:588} INFO - Filling up the DagBag from /opt/airflow/dags/ml_03_oil_pipeline.py
[2026-09-07T20:02:57.012+0000] {processor.py:925} INFO - DAG(s) 'oil_price_pipeline_dag' retrieved from /opt/airflow/dags/ml_03_oil_pipeline.py
[2026-09-07T20:02:57.034+0000] {logging_mixin.py:190} INFO - [2026-09-07T20:02:57.033+0000] {dag.py:3239} INFO - Sync 1 DAGs
[2026-09-07T20:02:57.043+0000] {logging_mixin.py:190} INFO - [2026-09-07T20:02:57.043+0000] {dag.py:4180} INFO - Setting next_dagrun for oil_price_pipeline_dag to None, run_after=None
[2026-09-07T20:02:57.059+0000] {processor.py:208} INFO - Processing /opt/airflow/dags/ml_03_oil_pipeline.py took 0.328 seconds
[2026-09-07T20:03:27.324+0000] {processor.py:186} INFO - Started process (PID=429) to work on /opt/airflow/dags/ml_03_oil_pipeline.py
[2026-09-07T20:03:27.325+0000] {processor.py:914} INFO - Processing file /opt/airflow/dags/ml_03_oil_pipeline.py for tasks to queue
[2026-09-07T20:03:27.327+0000] {logging_mixin.py:190} INFO - [2026-09-07T20:03:27.327+0000] {dagbag.py:588} INFO - Filling up the DagBag from /opt/airflow/dags/ml_03_oil_pipeline.py
[2026-09-07T20:03:27.663+0000] {processor.py:925} INFO - DAG(s) 'oil_price_pipeline_dag' retrieved from /opt/airflow/dags/ml_03_oil_pipeline.py
[2026-09-07T20:03:27.685+0000] {logging_mixin.py:190} INFO - [2026-09-07T20:03:27.685+0000] {dag.py:3239} INFO - Sync 1 DAGs
[2026-09-07T20:03:27.696+0000] {logging_mixin.py:190} INFO - [2026-09-07T20:03:27.696+0000] {dag.py:4180} INFO - Setting next_dagrun for oil_price_pipeline_dag to None, run_after=None
[2026-09-07T20:03:27.715+0000] {processor.py:208} INFO - Processing /opt/airflow/dags/ml_03_oil_pipeline.py took 0.400 seconds
[2026-09-07T20:03:57.920+0000] {processor.py:186} INFO - Started process (PID=443) to work on /opt/airflow/dags/ml_03_oil_pipeline.py
[2026-09-07T20:03:57.921+0000] {processor.py:914} INFO - Processing file /opt/airflow/dags/ml_03_oil_pipeline.py for tasks to queue
[2026-09-07T20:03:57.922+0000] {logging_mixin.py:190} INFO - [2026-09-07T20:03:57.921+0000] {dagbag.py:588} INFO - Filling up the DagBag from /opt/airflow/dags/ml_03_oil_pipeline.py
[2026-09-07T20:03:58.190+0000] {processor.py:925} INFO - DAG(s) 'oil_price_pipeline_dag' retrieved from /opt/airflow/dags/ml_03_oil_pipeline.py
[2026-09-07T20:03:58.213+0000] {logging_mixin.py:190} INFO - [2026-09-07T20:03:58.212+0000] {dag.py:3239} INFO - Sync 1 DAGs
[2026-09-07T20:03:58.227+0000] {logging_mixin.py:190} INFO - [2026-09-07T20:03:58.227+0000] {dag.py:4180} INFO - Setting next_dagrun for oil_price_pipeline_dag to None, run_after=None
[2026-09-07T20:03:58.245+0000] {processor.py:208} INFO - Processing /opt/airflow/dags/ml_03_oil_pipeline.py took 0.330 seconds
[2026-09-07T20:04:28.530+0000] {processor.py:186} INFO - Started process (PID=457) to work on /opt/airflow/dags/ml_03_oil_pipeline.py
[2026-09-07T20:04:28.530+0000] {processor.py:914} INFO - Processing file /opt/airflow/dags/ml_03_oil_pipeline.py for tasks to queue
[2026-09-07T20:04:28.531+0000] {logging_mixin.py:190} INFO - [2026-09-07T20:04:28.531+0000] {dagbag.py:588} INFO - Filling up the DagBag from /opt/airflow/dags/ml_03_oil_pipeline.py
[2026-09-07T20:04:28.798+0000] {processor.py:925} INFO - DAG(s) 'oil_price_pipeline_dag' retrieved from /opt/airflow/dags/ml_03_oil_pipeline.py
[2026-09-07T20:04:28.819+0000] {logging_mixin.py:190} INFO - [2026-09-07T20:04:28.819+0000] {dag.py:3239} INFO - Sync 1 DAGs
[2026-09-07T20:04:28.830+0000] {logging_mixin.py:190} INFO - [2026-09-07T20:04:28.829+0000] {dag.py:4180} INFO - Setting next_dagrun for oil_price_pipeline_dag to None, run_after=None
[2026-09-07T20:04:28.851+0000] {processor.py:208} INFO - Processing /opt/airflow/dags/ml_03_oil_pipeline.py took 0.326 seconds
[2026-09-07T20:11:59.265+0000] {processor.py:186} INFO - Started process (PID=104) to work on /opt/airflow/dags/ml_03_oil_pipeline.py
[2026-09-07T20:11:59.266+0000] {processor.py:914} INFO - Processing file /opt/airflow/dags/ml_03_oil_pipeline.py for tasks to queue
[2026-09-07T20:11:59.267+0000] {logging_mixin.py:190} INFO - [2026-09-07T20:11:59.267+0000] {dagbag.py:588} INFO - Filling up the DagBag from /opt/airflow/dags/ml_03_oil_pipeline.py
[2026-09-07T20:12:00.612+0000] {processor.py:925} INFO - DAG(s) 'oil_price_pipeline_dag' retrieved from /opt/airflow/dags/ml_03_oil_pipeline.py
[2026-09-07T20:12:00.635+0000] {logging_mixin.py:190} INFO - [2026-09-07T20:12:00.635+0000] {dag.py:3239} INFO - Sync 1 DAGs
[2026-09-07T20:12:00.644+0000] {logging_mixin.py:190} INFO - [2026-09-07T20:12:00.644+0000] {dag.py:4180} INFO - Setting next_dagrun for oil_price_pipeline_dag to None, run_after=None
[2026-09-07T20:12:00.669+0000] {processor.py:208} INFO - Processing /opt/airflow/dags/ml_03_oil_pipeline.py took 1.409 seconds
[2026-09-07T20:12:31.355+0000] {processor.py:186} INFO - Started process (PID=118) to work on /opt/airflow/dags/ml_03_oil_pipeline.py
[2026-09-07T20:12:31.355+0000] {processor.py:914} INFO - Processing file /opt/airflow/dags/ml_03_oil_pipeline.py for tasks to queue
[2026-09-07T20:12:31.356+0000] {logging_mixin.py:190} INFO - [2026-09-07T20:12:31.356+0000] {dagbag.py:588} INFO - Filling up the DagBag from /opt/airflow/dags/ml_03_oil_pipeline.py
[2026-09-07T20:12:31.710+0000] {processor.py:925} INFO - DAG(s) 'oil_price_pipeline_dag' retrieved from /opt/airflow/dags/ml_03_oil_pipeline.py
[2026-09-07T20:12:31.730+0000] {logging_mixin.py:190} INFO - [2026-09-07T20:12:31.730+0000] {dag.py:3239} INFO - Sync 1 DAGs
[2026-09-07T20:12:31.740+0000] {logging_mixin.py:190} INFO - [2026-09-07T20:12:31.740+0000] {dag.py:4180} INFO - Setting next_dagrun for oil_price_pipeline_dag to None, run_after=None
[2026-09-07T20:12:31.754+0000] {processor.py:208} INFO - Processing /opt/airflow/dags/ml_03_oil_pipeline.py took 0.404 seconds
[2026-09-07T20:13:02.029+0000] {processor.py:186} INFO - Started process (PID=132) to work on /opt/airflow/dags/ml_03_oil_pipeline.py
[2026-09-07T20:13:02.030+0000] {processor.py:914} INFO - Processing file /opt/airflow/dags/ml_03_oil_pipeline.py for tasks to queue
[2026-09-07T20:13:02.031+0000] {logging_mixin.py:190} INFO - [2026-09-07T20:13:02.031+0000] {dagbag.py:588} INFO - Filling up the DagBag from /opt/airflow/dags/ml_03_oil_pipeline.py
[2026-09-07T20:13:02.455+0000] {processor.py:925} INFO - DAG(s) 'oil_price_pipeline_dag' retrieved from /opt/airflow/dags/ml_03_oil_pipeline.py
[2026-09-07T20:13:02.477+0000] {logging_mixin.py:190} INFO - [2026-09-07T20:13:02.477+0000] {dag.py:3239} INFO - Sync 1 DAGs
[2026-09-07T20:13:02.487+0000] {logging_mixin.py:190} INFO - [2026-09-07T20:13:02.487+0000] {dag.py:4180} INFO - Setting next_dagrun for oil_price_pipeline_dag to None, run_after=None
[2026-09-07T20:13:02.504+0000] {processor.py:208} INFO - Processing /opt/airflow/dags/ml_03_oil_pipeline.py took 0.482 seconds
[2026-09-07T20:13:32.730+0000] {processor.py:186} INFO - Started process (PID=146) to work on /opt/airflow/dags/ml_03_oil_pipeline.py
[2026-09-07T20:13:32.731+0000] {processor.py:914} INFO - Processing file /opt/airflow/dags/ml_03_oil_pipeline.py for tasks to queue
[2026-09-07T20:13:32.732+0000] {logging_mixin.py:190} INFO - [2026-09-07T20:13:32.731+0000] {dagbag.py:588} INFO - Filling up the DagBag from /opt/airflow/dags/ml_03_oil_pipeline.py
[2026-09-07T20:13:33.123+0000] {processor.py:925} INFO - DAG(s) 'oil_price_pipeline_dag' retrieved from /opt/airflow/dags/ml_03_oil_pipeline.py
[2026-09-07T20:13:33.149+0000] {logging_mixin.py:190} INFO - [2026-09-07T20:13:33.148+0000] {dag.py:3239} INFO - Sync 1 DAGs
[2026-09-07T20:13:33.163+0000] {logging_mixin.py:190} INFO - [2026-09-07T20:13:33.162+0000] {dag.py:4180} INFO - Setting next_dagrun for oil_price_pipeline_dag to None, run_after=None
[2026-09-07T20:13:33.181+0000] {processor.py:208} INFO - Processing /opt/airflow/dags/ml_03_oil_pipeline.py took 0.457 seconds
[2026-09-07T20:14:03.931+0000] {processor.py:186} INFO - Started process (PID=160) to work on /opt/airflow/dags/ml_03_oil_pipeline.py
[2026-09-07T20:14:03.931+0000] {processor.py:914} INFO - Processing file /opt/airflow/dags/ml_03_oil_pipeline.py for tasks to queue
[2026-09-07T20:14:03.933+0000] {logging_mixin.py:190} INFO - [2026-09-07T20:14:03.932+0000] {dagbag.py:588} INFO - Filling up the DagBag from /opt/airflow/dags/ml_03_oil_pipeline.py
[2026-09-07T20:14:04.300+0000] {processor.py:925} INFO - DAG(s) 'oil_price_pipeline_dag' retrieved from /opt/airflow/dags/ml_03_oil_pipeline.py
[2026-09-07T20:14:04.323+0000] {logging_mixin.py:190} INFO - [2026-09-07T20:14:04.322+0000] {dag.py:3239} INFO - Sync 1 DAGs
[2026-09-07T20:14:04.334+0000] {logging_mixin.py:190} INFO - [2026-09-07T20:14:04.334+0000] {dag.py:4180} INFO - Setting next_dagrun for oil_price_pipeline_dag to None, run_after=None
[2026-09-07T20:14:04.349+0000] {processor.py:208} INFO - Processing /opt/airflow/dags/ml_03_oil_pipeline.py took 0.423 seconds
[2026-09-07T20:14:34.832+0000] {processor.py:186} INFO - Started process (PID=174) to work on /opt/airflow/dags/ml_03_oil_pipeline.py
[2026-09-07T20:14:34.833+0000] {processor.py:914} INFO - Processing file /opt/airflow/dags/ml_03_oil_pipeline.py for tasks to queue
[2026-09-07T20:14:34.834+0000] {logging_mixin.py:190} INFO - [2026-09-07T20:14:34.833+0000] {dagbag.py:588} INFO - Filling up the DagBag from /opt/airflow/dags/ml_03_oil_pipeline.py
[2026-09-07T20:14:35.161+0000] {processor.py:925} INFO - DAG(s) 'oil_price_pipeline_dag' retrieved from /opt/airflow/dags/ml_03_oil_pipeline.py
[2026-09-07T20:14:35.193+0000] {logging_mixin.py:190} INFO - [2026-09-07T20:14:35.192+0000] {dag.py:3239} INFO - Sync 1 DAGs
[2026-09-07T20:14:35.210+0000] {logging_mixin.py:190} INFO - [2026-09-07T20:14:35.210+0000] {dag.py:4180} INFO - Setting next_dagrun for oil_price_pipeline_dag to None, run_after=None
[2026-09-07T20:14:35.229+0000] {processor.py:208} INFO - Processing /opt/airflow/dags/ml_03_oil_pipeline.py took 0.402 seconds
[2026-09-07T20:15:05.569+0000] {processor.py:186} INFO - Started process (PID=188) to work on /opt/airflow/dags/ml_03_oil_pipeline.py
[2026-09-07T20:15:05.569+0000] {processor.py:914} INFO - Processing file /opt/airflow/dags/ml_03_oil_pipeline.py for tasks to queue
[2026-09-07T20:15:05.570+0000] {logging_mixin.py:190} INFO - [2026-09-07T20:15:05.570+0000] {dagbag.py:588} INFO - Filling up the DagBag from /opt/airflow/dags/ml_03_oil_pipeline.py
[2026-09-07T20:15:05.810+0000] {processor.py:925} INFO - DAG(s) 'oil_price_pipeline_dag' retrieved from /opt/airflow/dags/ml_03_oil_pipeline.py
[2026-09-07T20:15:05.832+0000] {logging_mixin.py:190} INFO - [2026-09-07T20:15:05.832+0000] {dag.py:3239} INFO - Sync 1 DAGs
[2026-09-07T20:15:05.844+0000] {logging_mixin.py:190} INFO - [2026-09-07T20:15:05.844+0000] {dag.py:4180} INFO - Setting next_dagrun for oil_price_pipeline_dag to None, run_after=None
[2026-09-07T20:15:05.863+0000] {processor.py:208} INFO - Processing /opt/airflow/dags/ml_03_oil_pipeline.py took 0.300 seconds
[2026-09-07T20:15:36.147+0000] {processor.py:186} INFO - Started process (PID=202) to work on /opt/airflow/dags/ml_03_oil_pipeline.py
[2026-09-07T20:15:36.148+0000] {processor.py:914} INFO - Processing file /opt/airflow/dags/ml_03_oil_pipeline.py for tasks to queue
[2026-09-07T20:15:36.149+0000] {logging_mixin.py:190} INFO - [2026-09-07T20:15:36.149+0000] {dagbag.py:588} INFO - Filling up the DagBag from /opt/airflow/dags/ml_03_oil_pipeline.py
[2026-09-07T20:15:36.418+0000] {processor.py:925} INFO - DAG(s) 'oil_price_pipeline_dag' retrieved from /opt/airflow/dags/ml_03_oil_pipeline.py
[2026-09-07T20:15:36.451+0000] {logging_mixin.py:190} INFO - [2026-09-07T20:15:36.451+0000] {dag.py:3239} INFO - Sync 1 DAGs
[2026-09-07T20:15:36.467+0000] {logging_mixin.py:190} INFO - [2026-09-07T20:15:36.466+0000] {dag.py:4180} INFO - Setting next_dagrun for oil_price_pipeline_dag to None, run_after=None
[2026-09-07T20:15:36.488+0000] {processor.py:208} INFO - Processing /opt/airflow/dags/ml_03_oil_pipeline.py took 0.347 seconds
[2026-09-07T20:16:06.728+0000] {processor.py:186} INFO - Started process (PID=216) to work on /opt/airflow/dags/ml_03_oil_pipeline.py
[2026-09-07T20:16:06.729+0000] {processor.py:914} INFO - Processing file /opt/airflow/dags/ml_03_oil_pipeline.py for tasks to queue
[2026-09-07T20:16:06.730+0000] {logging_mixin.py:190} INFO - [2026-09-07T20:16:06.729+0000] {dagbag.py:588} INFO - Filling up the DagBag from /opt/airflow/dags/ml_03_oil_pipeline.py
[2026-09-07T20:16:06.990+0000] {processor.py:925} INFO - DAG(s) 'oil_price_pipeline_dag' retrieved from /opt/airflow/dags/ml_03_oil_pipeline.py
[2026-09-07T20:16:07.014+0000] {logging_mixin.py:190} INFO - [2026-09-07T20:16:07.014+0000] {dag.py:3239} INFO - Sync 1 DAGs
[2026-09-07T20:16:07.026+0000] {logging_mixin.py:190} INFO - [2026-09-07T20:16:07.026+0000] {dag.py:4180} INFO - Setting next_dagrun for oil_price_pipeline_dag to None, run_after=None
[2026-09-07T20:16:07.044+0000] {processor.py:208} INFO - Processing /opt/airflow/dags/ml_03_oil_pipeline.py took 0.323 seconds
[2026-09-07T20:16:37.227+0000] {processor.py:186} INFO - Started process (PID=230) to work on /opt/airflow/dags/ml_03_oil_pipeline.py
[2026-09-07T20:16:37.228+0000] {processor.py:914} INFO - Processing file /opt/airflow/dags/ml_03_oil_pipeline.py for tasks to queue
[2026-09-07T20:16:37.229+0000] {logging_mixin.py:190} INFO - [2026-09-07T20:16:37.229+0000] {dagbag.py:588} INFO - Filling up the DagBag from /opt/airflow/dags/ml_03_oil_pipeline.py
[2026-09-07T20:16:37.462+0000] {processor.py:925} INFO - DAG(s) 'oil_price_pipeline_dag' retrieved from /opt/airflow/dags/ml_03_oil_pipeline.py
[2026-09-07T20:16:37.485+0000] {logging_mixin.py:190} INFO - [2026-09-07T20:16:37.484+0000] {dag.py:3239} INFO - Sync 1 DAGs
[2026-09-07T20:16:37.497+0000] {logging_mixin.py:190} INFO - [2026-09-07T20:16:37.497+0000] {dag.py:4180} INFO - Setting next_dagrun for oil_price_pipeline_dag to None, run_after=None
[2026-09-07T20:16:37.514+0000] {processor.py:208} INFO - Processing /opt/airflow/dags/ml_03_oil_pipeline.py took 0.291 seconds
[2026-09-07T20:17:07.700+0000] {processor.py:186} INFO - Started process (PID=244) to work on /opt/airflow/dags/ml_03_oil_pipeline.py
[2026-09-07T20:17:07.701+0000] {processor.py:914} INFO - Processing file /opt/airflow/dags/ml_03_oil_pipeline.py for tasks to queue
[2026-09-07T20:17:07.702+0000] {logging_mixin.py:190} INFO - [2026-09-07T20:17:07.702+0000] {dagbag.py:588} INFO - Filling up the DagBag from /opt/airflow/dags/ml_03_oil_pipeline.py
[2026-09-07T20:17:07.938+0000] {processor.py:925} INFO - DAG(s) 'oil_price_pipeline_dag' retrieved from /opt/airflow/dags/ml_03_oil_pipeline.py
[2026-09-07T20:17:07.962+0000] {logging_mixin.py:190} INFO - [2026-09-07T20:17:07.962+0000] {dag.py:3239} INFO - Sync 1 DAGs
[2026-09-07T20:17:07.973+0000] {logging_mixin.py:190} INFO - [2026-09-07T20:17:07.973+0000] {dag.py:4180} INFO - Setting next_dagrun for oil_price_pipeline_dag to None, run_after=None
[2026-09-07T20:17:07.990+0000] {processor.py:208} INFO - Processing /opt/airflow/dags/ml_03_oil_pipeline.py took 0.296 seconds
[2026-09-07T20:17:38.382+0000] {processor.py:186} INFO - Started process (PID=258) to work on /opt/airflow/dags/ml_03_oil_pipeline.py
[2026-09-07T20:17:38.383+0000] {processor.py:914} INFO - Processing file /opt/airflow/dags/ml_03_oil_pipeline.py for tasks to queue
[2026-09-07T20:17:38.384+0000] {logging_mixin.py:190} INFO - [2026-09-07T20:17:38.384+0000] {dagbag.py:588} INFO - Filling up the DagBag from /opt/airflow/dags/ml_03_oil_pipeline.py
[2026-09-07T20:17:38.628+0000] {processor.py:925} INFO - DAG(s) 'oil_price_pipeline_dag' retrieved from /opt/airflow/dags/ml_03_oil_pipeline.py
[2026-09-07T20:17:38.652+0000] {logging_mixin.py:190} INFO - [2026-09-07T20:17:38.651+0000] {dag.py:3239} INFO - Sync 1 DAGs
[2026-09-07T20:17:38.666+0000] {logging_mixin.py:190} INFO - [2026-09-07T20:17:38.665+0000] {dag.py:4180} INFO - Setting next_dagrun for oil_price_pipeline_dag to None, run_after=None
[2026-09-07T20:17:38.693+0000] {processor.py:208} INFO - Processing /opt/airflow/dags/ml_03_oil_pipeline.py took 0.316 seconds
[2026-09-07T20:18:09.056+0000] {processor.py:186} INFO - Started process (PID=272) to work on /opt/airflow/dags/ml_03_oil_pipeline.py
[2026-09-07T20:18:09.056+0000] {processor.py:914} INFO - Processing file /opt/airflow/dags/ml_03_oil_pipeline.py for tasks to queue
[2026-09-07T20:18:09.058+0000] {logging_mixin.py:190} INFO - [2026-09-07T20:18:09.057+0000] {dagbag.py:588} INFO - Filling up the DagBag from /opt/airflow/dags/ml_03_oil_pipeline.py
[2026-09-07T20:18:09.370+0000] {processor.py:925} INFO - DAG(s) 'oil_price_pipeline_dag' retrieved from /opt/airflow/dags/ml_03_oil_pipeline.py
[2026-09-07T20:18:09.391+0000] {logging_mixin.py:190} INFO - [2026-09-07T20:18:09.391+0000] {dag.py:3239} INFO - Sync 1 DAGs
[2026-09-07T20:18:09.403+0000] {logging_mixin.py:190} INFO - [2026-09-07T20:18:09.402+0000] {dag.py:4180} INFO - Setting next_dagrun for oil_price_pipeline_dag to None, run_after=None
[2026-09-07T20:18:09.432+0000] {processor.py:208} INFO - Processing /opt/airflow/dags/ml_03_oil_pipeline.py took 0.382 seconds
[2026-09-07T20:18:39.736+0000] {processor.py:186} INFO - Started process (PID=286) to work on /opt/airflow/dags/ml_03_oil_pipeline.py
[2026-09-07T20:18:39.737+0000] {processor.py:914} INFO - Processing file /opt/airflow/dags/ml_03_oil_pipeline.py for tasks to queue
[2026-09-07T20:18:39.738+0000] {logging_mixin.py:190} INFO - [2026-09-07T20:18:39.738+0000] {dagbag.py:588} INFO - Filling up the DagBag from /opt/airflow/dags/ml_03_oil_pipeline.py
[2026-09-07T20:18:39.985+0000] {processor.py:925} INFO - DAG(s) 'oil_price_pipeline_dag' retrieved from /opt/airflow/dags/ml_03_oil_pipeline.py
[2026-09-07T20:18:40.007+0000] {logging_mixin.py:190} INFO - [2026-09-07T20:18:40.007+0000] {dag.py:3239} INFO - Sync 1 DAGs
[2026-09-07T20:18:40.018+0000] {logging_mixin.py:190} INFO - [2026-09-07T20:18:40.018+0000] {dag.py:4180} INFO - Setting next_dagrun for oil_price_pipeline_dag to None, run_after=None
[2026-09-07T20:18:40.033+0000] {processor.py:208} INFO - Processing /opt/airflow/dags/ml_03_oil_pipeline.py took 0.302 seconds
[2026-09-07T20:19:10.380+0000] {processor.py:186} INFO - Started process (PID=300) to work on /opt/airflow/dags/ml_03_oil_pipeline.py
[2026-09-07T20:19:10.380+0000] {processor.py:914} INFO - Processing file /opt/airflow/dags/ml_03_oil_pipeline.py for tasks to queue
[2026-09-07T20:19:10.381+0000] {logging_mixin.py:190} INFO - [2026-09-07T20:19:10.381+0000] {dagbag.py:588} INFO - Filling up the DagBag from /opt/airflow/dags/ml_03_oil_pipeline.py
[2026-09-07T20:19:10.621+0000] {processor.py:925} INFO - DAG(s) 'oil_price_pipeline_dag' retrieved from /opt/airflow/dags/ml_03_oil_pipeline.py
[2026-09-07T20:19:10.643+0000] {logging_mixin.py:190} INFO - [2026-09-07T20:19:10.642+0000] {dag.py:3239} INFO - Sync 1 DAGs
[2026-09-07T20:19:10.655+0000] {logging_mixin.py:190} INFO - [2026-09-07T20:19:10.655+0000] {dag.py:4180} INFO - Setting next_dagrun for oil_price_pipeline_dag to None, run_after=None
[2026-09-07T20:19:10.676+0000] {processor.py:208} INFO - Processing /opt/airflow/dags/ml_03_oil_pipeline.py took 0.300 seconds
[2026-09-07T20:19:41.038+0000] {processor.py:186} INFO - Started process (PID=314) to work on /opt/airflow/dags/ml_03_oil_pipeline.py
[2026-09-07T20:19:41.039+0000] {processor.py:914} INFO - Processing file /opt/airflow/dags/ml_03_oil_pipeline.py for tasks to queue
[2026-09-07T20:19:41.040+0000] {logging_mixin.py:190} INFO - [2026-09-07T20:19:41.040+0000] {dagbag.py:588} INFO - Filling up the DagBag from /opt/airflow/dags/ml_03_oil_pipeline.py
[2026-09-07T20:19:41.264+0000] {processor.py:925} INFO - DAG(s) 'oil_price_pipeline_dag' retrieved from /opt/airflow/dags/ml_03_oil_pipeline.py
[2026-09-07T20:19:41.284+0000] {logging_mixin.py:190} INFO - [2026-09-07T20:19:41.284+0000] {dag.py:3239} INFO - Sync 1 DAGs
[2026-09-07T20:19:41.302+0000] {logging_mixin.py:190} INFO - [2026-09-07T20:19:41.301+0000] {dag.py:4180} INFO - Setting next_dagrun for oil_price_pipeline_dag to None, run_after=None
[2026-09-07T20:19:41.318+0000] {processor.py:208} INFO - Processing /opt/airflow/dags/ml_03_oil_pipeline.py took 0.285 seconds
[2026-09-07T20:20:11.594+0000] {processor.py:186} INFO - Started process (PID=328) to work on /opt/airflow/dags/ml_03_oil_pipeline.py
[2026-09-07T20:20:11.595+0000] {processor.py:914} INFO - Processing file /opt/airflow/dags/ml_03_oil_pipeline.py for tasks to queue
[2026-09-07T20:20:11.596+0000] {logging_mixin.py:190} INFO - [2026-09-07T20:20:11.596+0000] {dagbag.py:588} INFO - Filling up the DagBag from /opt/airflow/dags/ml_03_oil_pipeline.py
[2026-09-07T20:20:11.838+0000] {processor.py:925} INFO - DAG(s) 'oil_price_pipeline_dag' retrieved from /opt/airflow/dags/ml_03_oil_pipeline.py
[2026-09-07T20:20:11.858+0000] {logging_mixin.py:190} INFO - [2026-09-07T20:20:11.858+0000] {dag.py:3239} INFO - Sync 1 DAGs
[2026-09-07T20:20:11.869+0000] {logging_mixin.py:190} INFO - [2026-09-07T20:20:11.868+0000] {dag.py:4180} INFO - Setting next_dagrun for oil_price_pipeline_dag to None, run_after=None
[2026-09-07T20:20:11.887+0000] {processor.py:208} INFO - Processing /opt/airflow/dags/ml_03_oil_pipeline.py took 0.298 seconds
[2026-09-07T20:20:42.163+0000] {processor.py:186} INFO - Started process (PID=341) to work on /opt/airflow/dags/ml_03_oil_pipeline.py
[2026-09-07T20:20:42.164+0000] {processor.py:914} INFO - Processing file /opt/airflow/dags/ml_03_oil_pipeline.py for tasks to queue
[2026-09-07T20:20:42.165+0000] {logging_mixin.py:190} INFO - [2026-09-07T20:20:42.165+0000] {dagbag.py:588} INFO - Filling up the DagBag from /opt/airflow/dags/ml_03_oil_pipeline.py
[2026-09-07T20:20:42.389+0000] {processor.py:925} INFO - DAG(s) 'oil_price_pipeline_dag' retrieved from /opt/airflow/dags/ml_03_oil_pipeline.py
[2026-09-07T20:20:42.412+0000] {logging_mixin.py:190} INFO - [2026-09-07T20:20:42.411+0000] {dag.py:3239} INFO - Sync 1 DAGs
[2026-09-07T20:20:42.422+0000] {logging_mixin.py:190} INFO - [2026-09-07T20:20:42.422+0000] {dag.py:4180} INFO - Setting next_dagrun for oil_price_pipeline_dag to None, run_after=None
[2026-09-07T20:20:42.438+0000] {processor.py:208} INFO - Processing /opt/airflow/dags/ml_03_oil_pipeline.py took 0.280 seconds
[2026-09-07T20:21:12.792+0000] {processor.py:186} INFO - Started process (PID=356) to work on /opt/airflow/dags/ml_03_oil_pipeline.py
[2026-09-07T20:21:12.793+0000] {processor.py:914} INFO - Processing file /opt/airflow/dags/ml_03_oil_pipeline.py for tasks to queue
[2026-09-07T20:21:12.794+0000] {logging_mixin.py:190} INFO - [2026-09-07T20:21:12.794+0000] {dagbag.py:588} INFO - Filling up the DagBag from /opt/airflow/dags/ml_03_oil_pipeline.py
[2026-09-07T20:21:13.094+0000] {processor.py:925} INFO - DAG(s) 'oil_price_pipeline_dag' retrieved from /opt/airflow/dags/ml_03_oil_pipeline.py
[2026-09-07T20:21:13.119+0000] {logging_mixin.py:190} INFO - [2026-09-07T20:21:13.118+0000] {dag.py:3239} INFO - Sync 1 DAGs
[2026-09-07T20:21:13.130+0000] {logging_mixin.py:190} INFO - [2026-09-07T20:21:13.130+0000] {dag.py:4180} INFO - Setting next_dagrun for oil_price_pipeline_dag to None, run_after=None
[2026-09-07T20:21:13.148+0000] {processor.py:208} INFO - Processing /opt/airflow/dags/ml_03_oil_pipeline.py took 0.363 seconds
[2026-09-07T20:21:43.351+0000] {processor.py:186} INFO - Started process (PID=370) to work on /opt/airflow/dags/ml_03_oil_pipeline.py
[2026-09-07T20:21:43.351+0000] {processor.py:914} INFO - Processing file /opt/airflow/dags/ml_03_oil_pipeline.py for tasks to queue
[2026-09-07T20:21:43.352+0000] {logging_mixin.py:190} INFO - [2026-09-07T20:21:43.352+0000] {dagbag.py:588} INFO - Filling up the DagBag from /opt/airflow/dags/ml_03_oil_pipeline.py
[2026-09-07T20:21:43.607+0000] {processor.py:925} INFO - DAG(s) 'oil_price_pipeline_dag' retrieved from /opt/airflow/dags/ml_03_oil_pipeline.py
[2026-09-07T20:21:43.628+0000] {logging_mixin.py:190} INFO - [2026-09-07T20:21:43.628+0000] {dag.py:3239} INFO - Sync 1 DAGs
[2026-09-07T20:21:43.639+0000] {logging_mixin.py:190} INFO - [2026-09-07T20:21:43.639+0000] {dag.py:4180} INFO - Setting next_dagrun for oil_price_pipeline_dag to None, run_after=None
[2026-09-07T20:21:43.656+0000] {processor.py:208} INFO - Processing /opt/airflow/dags/ml_03_oil_pipeline.py took 0.311 seconds
[2026-09-07T20:22:13.907+0000] {processor.py:186} INFO - Started process (PID=384) to work on /opt/airflow/dags/ml_03_oil_pipeline.py
[2026-09-07T20:22:13.908+0000] {processor.py:914} INFO - Processing file /opt/airflow/dags/ml_03_oil_pipeline.py for tasks to queue
[2026-09-07T20:22:13.909+0000] {logging_mixin.py:190} INFO - [2026-09-07T20:22:13.908+0000] {dagbag.py:588} INFO - Filling up the DagBag from /opt/airflow/dags/ml_03_oil_pipeline.py
[2026-09-07T20:22:14.156+0000] {processor.py:925} INFO - DAG(s) 'oil_price_pipeline_dag' retrieved from /opt/airflow/dags/ml_03_oil_pipeline.py
[2026-09-07T20:22:14.176+0000] {logging_mixin.py:190} INFO - [2026-09-07T20:22:14.176+0000] {dag.py:3239} INFO - Sync 1 DAGs
[2026-09-07T20:22:14.186+0000] {logging_mixin.py:190} INFO - [2026-09-07T20:22:14.186+0000] {dag.py:4180} INFO - Setting next_dagrun for oil_price_pipeline_dag to None, run_after=None
[2026-09-07T20:22:14.202+0000] {processor.py:208} INFO - Processing /opt/airflow/dags/ml_03_oil_pipeline.py took 0.300 seconds
[2026-09-07T20:22:44.496+0000] {processor.py:186} INFO - Started process (PID=398) to work on /opt/airflow/dags/ml_03_oil_pipeline.py
[2026-09-07T20:22:44.496+0000] {processor.py:914} INFO - Processing file /opt/airflow/dags/ml_03_oil_pipeline.py for tasks to queue
[2026-09-07T20:22:44.497+0000] {logging_mixin.py:190} INFO - [2026-09-07T20:22:44.497+0000] {dagbag.py:588} INFO - Filling up the DagBag from /opt/airflow/dags/ml_03_oil_pipeline.py
[2026-09-07T20:22:44.730+0000] {processor.py:925} INFO - DAG(s) 'oil_price_pipeline_dag' retrieved from /opt/airflow/dags/ml_03_oil_pipeline.py
[2026-09-07T20:22:44.756+0000] {logging_mixin.py:190} INFO - [2026-09-07T20:22:44.755+0000] {dag.py:3239} INFO - Sync 1 DAGs
[2026-09-07T20:22:44.770+0000] {logging_mixin.py:190} INFO - [2026-09-07T20:22:44.770+0000] {dag.py:4180} INFO - Setting next_dagrun for oil_price_pipeline_dag to None, run_after=None
[2026-09-07T20:22:44.791+0000] {processor.py:208} INFO - Processing /opt/airflow/dags/ml_03_oil_pipeline.py took 0.300 seconds
[2026-09-07T20:23:15.124+0000] {processor.py:186} INFO - Started process (PID=412) to work on /opt/airflow/dags/ml_03_oil_pipeline.py
[2026-09-07T20:23:15.125+0000] {processor.py:914} INFO - Processing file /opt/airflow/dags/ml_03_oil_pipeline.py for tasks to queue
[2026-09-07T20:23:15.126+0000] {logging_mixin.py:190} INFO - [2026-09-07T20:23:15.126+0000] {dagbag.py:588} INFO - Filling up the DagBag from /opt/airflow/dags/ml_03_oil_pipeline.py
[2026-09-07T20:23:15.366+0000] {processor.py:925} INFO - DAG(s) 'oil_price_pipeline_dag' retrieved from /opt/airflow/dags/ml_03_oil_pipeline.py
[2026-09-07T20:23:15.385+0000] {logging_mixin.py:190} INFO - [2026-09-07T20:23:15.384+0000] {dag.py:3239} INFO - Sync 1 DAGs
[2026-09-07T20:23:15.395+0000] {logging_mixin.py:190} INFO - [2026-09-07T20:23:15.395+0000] {dag.py:4180} INFO - Setting next_dagrun for oil_price_pipeline_dag to None, run_after=None
[2026-09-07T20:23:15.410+0000] {processor.py:208} INFO - Processing /opt/airflow/dags/ml_03_oil_pipeline.py took 0.290 seconds
[2026-09-07T20:23:45.764+0000] {processor.py:186} INFO - Started process (PID=426) to work on /opt/airflow/dags/ml_03_oil_pipeline.py
[2026-09-07T20:23:45.764+0000] {processor.py:914} INFO - Processing file /opt/airflow/dags/ml_03_oil_pipeline.py for tasks to queue
[2026-09-07T20:23:45.766+0000] {logging_mixin.py:190} INFO - [2026-09-07T20:23:45.766+0000] {dagbag.py:588} INFO - Filling up the DagBag from /opt/airflow/dags/ml_03_oil_pipeline.py
[2026-09-07T20:23:46.082+0000] {processor.py:925} INFO - DAG(s) 'oil_price_pipeline_dag' retrieved from /opt/airflow/dags/ml_03_oil_pipeline.py
[2026-09-07T20:23:46.111+0000] {logging_mixin.py:190} INFO - [2026-09-07T20:23:46.111+0000] {dag.py:3239} INFO - Sync 1 DAGs
[2026-09-07T20:23:46.125+0000] {logging_mixin.py:190} INFO - [2026-09-07T20:23:46.125+0000] {dag.py:4180} INFO - Setting next_dagrun for oil_price_pipeline_dag to None, run_after=None
[2026-09-07T20:23:46.145+0000] {processor.py:208} INFO - Processing /opt/airflow/dags/ml_03_oil_pipeline.py took 0.388 seconds
[2026-09-07T20:24:16.436+0000] {processor.py:186} INFO - Started process (PID=440) to work on /opt/airflow/dags/ml_03_oil_pipeline.py
[2026-09-07T20:24:16.437+0000] {processor.py:914} INFO - Processing file /opt/airflow/dags/ml_03_oil_pipeline.py for tasks to queue
[2026-09-07T20:24:16.439+0000] {logging_mixin.py:190} INFO - [2026-09-07T20:24:16.438+0000] {dagbag.py:588} INFO - Filling up the DagBag from /opt/airflow/dags/ml_03_oil_pipeline.py
[2026-09-07T20:24:16.735+0000] {processor.py:925} INFO - DAG(s) 'oil_price_pipeline_dag' retrieved from /opt/airflow/dags/ml_03_oil_pipeline.py
[2026-09-07T20:24:16.770+0000] {logging_mixin.py:190} INFO - [2026-09-07T20:24:16.770+0000] {dag.py:3239} INFO - Sync 1 DAGs
[2026-09-07T20:24:16.789+0000] {logging_mixin.py:190} INFO - [2026-09-07T20:24:16.789+0000] {dag.py:4180} INFO - Setting next_dagrun for oil_price_pipeline_dag to None, run_after=None
[2026-09-07T20:24:16.814+0000] {processor.py:208} INFO - Processing /opt/airflow/dags/ml_03_oil_pipeline.py took 0.383 seconds
[2026-09-07T20:24:46.980+0000] {processor.py:186} INFO - Started process (PID=454) to work on /opt/airflow/dags/ml_03_oil_pipeline.py
[2026-09-07T20:24:46.982+0000] {processor.py:914} INFO - Processing file /opt/airflow/dags/ml_03_oil_pipeline.py for tasks to queue
[2026-09-07T20:24:46.984+0000] {logging_mixin.py:190} INFO - [2026-09-07T20:24:46.983+0000] {dagbag.py:588} INFO - Filling up the DagBag from /opt/airflow/dags/ml_03_oil_pipeline.py
[2026-09-07T20:24:47.237+0000] {processor.py:925} INFO - DAG(s) 'oil_price_pipeline_dag' retrieved from /opt/airflow/dags/ml_03_oil_pipeline.py
[2026-09-07T20:24:47.258+0000] {logging_mixin.py:190} INFO - [2026-09-07T20:24:47.258+0000] {dag.py:3239} INFO - Sync 1 DAGs
[2026-09-07T20:24:47.269+0000] {logging_mixin.py:190} INFO - [2026-09-07T20:24:47.268+0000] {dag.py:4180} INFO - Setting next_dagrun for oil_price_pipeline_dag to None, run_after=None
[2026-09-07T20:24:47.287+0000] {processor.py:208} INFO - Processing /opt/airflow/dags/ml_03_oil_pipeline.py took 0.315 seconds
[2026-09-07T20:25:17.692+0000] {processor.py:186} INFO - Started process (PID=468) to work on /opt/airflow/dags/ml_03_oil_pipeline.py
[2026-09-07T20:25:17.692+0000] {processor.py:914} INFO - Processing file /opt/airflow/dags/ml_03_oil_pipeline.py for tasks to queue
[2026-09-07T20:25:17.693+0000] {logging_mixin.py:190} INFO - [2026-09-07T20:25:17.693+0000] {dagbag.py:588} INFO - Filling up the DagBag from /opt/airflow/dags/ml_03_oil_pipeline.py
[2026-09-07T20:25:17.969+0000] {processor.py:925} INFO - DAG(s) 'oil_price_pipeline_dag' retrieved from /opt/airflow/dags/ml_03_oil_pipeline.py
[2026-09-07T20:25:17.996+0000] {logging_mixin.py:190} INFO - [2026-09-07T20:25:17.995+0000] {dag.py:3239} INFO - Sync 1 DAGs
[2026-09-07T20:25:18.012+0000] {logging_mixin.py:190} INFO - [2026-09-07T20:25:18.011+0000] {dag.py:4180} INFO - Setting next_dagrun for oil_price_pipeline_dag to None, run_after=None
[2026-09-07T20:25:18.031+0000] {processor.py:208} INFO - Processing /opt/airflow/dags/ml_03_oil_pipeline.py took 0.344 seconds
[2026-09-07T20:25:48.260+0000] {processor.py:186} INFO - Started process (PID=482) to work on /opt/airflow/dags/ml_03_oil_pipeline.py
[2026-09-07T20:25:48.261+0000] {processor.py:914} INFO - Processing file /opt/airflow/dags/ml_03_oil_pipeline.py for tasks to queue
[2026-09-07T20:25:48.262+0000] {logging_mixin.py:190} INFO - [2026-09-07T20:25:48.262+0000] {dagbag.py:588} INFO - Filling up the DagBag from /opt/airflow/dags/ml_03_oil_pipeline.py
[2026-09-07T20:25:48.489+0000] {processor.py:925} INFO - DAG(s) 'oil_price_pipeline_dag' retrieved from /opt/airflow/dags/ml_03_oil_pipeline.py
[2026-09-07T20:25:48.512+0000] {logging_mixin.py:190} INFO - [2026-09-07T20:25:48.511+0000] {dag.py:3239} INFO - Sync 1 DAGs
[2026-09-07T20:25:48.525+0000] {logging_mixin.py:190} INFO - [2026-09-07T20:25:48.525+0000] {dag.py:4180} INFO - Setting next_dagrun for oil_price_pipeline_dag to None, run_after=None
[2026-09-07T20:25:48.544+0000] {processor.py:208} INFO - Processing /opt/airflow/dags/ml_03_oil_pipeline.py took 0.288 seconds
[2026-09-07T20:26:19.000+0000] {processor.py:186} INFO - Started process (PID=496) to work on /opt/airflow/dags/ml_03_oil_pipeline.py
[2026-09-07T20:26:19.001+0000] {processor.py:914} INFO - Processing file /opt/airflow/dags/ml_03_oil_pipeline.py for tasks to queue
[2026-09-07T20:26:19.002+0000] {logging_mixin.py:190} INFO - [2026-09-07T20:26:19.001+0000] {dagbag.py:588} INFO - Filling up the DagBag from /opt/airflow/dags/ml_03_oil_pipeline.py
[2026-09-07T20:26:19.221+0000] {processor.py:925} INFO - DAG(s) 'oil_price_pipeline_dag' retrieved from /opt/airflow/dags/ml_03_oil_pipeline.py
[2026-09-07T20:26:19.243+0000] {logging_mixin.py:190} INFO - [2026-09-07T20:26:19.242+0000] {dag.py:3239} INFO - Sync 1 DAGs
[2026-09-07T20:26:19.253+0000] {logging_mixin.py:190} INFO - [2026-09-07T20:26:19.253+0000] {dag.py:4180} INFO - Setting next_dagrun for oil_price_pipeline_dag to None, run_after=None
[2026-09-07T20:26:19.275+0000] {processor.py:208} INFO - Processing /opt/airflow/dags/ml_03_oil_pipeline.py took 0.280 seconds
[2026-09-07T20:26:49.668+0000] {processor.py:186} INFO - Started process (PID=510) to work on /opt/airflow/dags/ml_03_oil_pipeline.py
[2026-09-07T20:26:49.669+0000] {processor.py:914} INFO - Processing file /opt/airflow/dags/ml_03_oil_pipeline.py for tasks to queue
[2026-09-07T20:26:49.670+0000] {logging_mixin.py:190} INFO - [2026-09-07T20:26:49.670+0000] {dagbag.py:588} INFO - Filling up the DagBag from /opt/airflow/dags/ml_03_oil_pipeline.py
[2026-09-07T20:26:49.921+0000] {processor.py:925} INFO - DAG(s) 'oil_price_pipeline_dag' retrieved from /opt/airflow/dags/ml_03_oil_pipeline.py
[2026-09-07T20:26:49.944+0000] {logging_mixin.py:190} INFO - [2026-09-07T20:26:49.943+0000] {dag.py:3239} INFO - Sync 1 DAGs
[2026-09-07T20:26:49.954+0000] {logging_mixin.py:190} INFO - [2026-09-07T20:26:49.954+0000] {dag.py:4180} INFO - Setting next_dagrun for oil_price_pipeline_dag to None, run_after=None
[2026-09-07T20:26:49.972+0000] {processor.py:208} INFO - Processing /opt/airflow/dags/ml_03_oil_pipeline.py took 0.309 seconds
[2026-09-07T20:27:20.318+0000] {processor.py:186} INFO - Started process (PID=530) to work on /opt/airflow/dags/ml_03_oil_pipeline.py
[2026-09-07T20:27:20.319+0000] {processor.py:914} INFO - Processing file /opt/airflow/dags/ml_03_oil_pipeline.py for tasks to queue
[2026-09-07T20:27:20.321+0000] {logging_mixin.py:190} INFO - [2026-09-07T20:27:20.320+0000] {dagbag.py:588} INFO - Filling up the DagBag from /opt/airflow/dags/ml_03_oil_pipeline.py
[2026-09-07T20:27:20.558+0000] {processor.py:925} INFO - DAG(s) 'oil_price_pipeline_dag' retrieved from /opt/airflow/dags/ml_03_oil_pipeline.py
[2026-09-07T20:27:20.588+0000] {logging_mixin.py:190} INFO - [2026-09-07T20:27:20.588+0000] {dag.py:3239} INFO - Sync 1 DAGs
[2026-09-07T20:27:20.601+0000] {logging_mixin.py:190} INFO - [2026-09-07T20:27:20.601+0000] {dag.py:4180} INFO - Setting next_dagrun for oil_price_pipeline_dag to None, run_after=None
[2026-09-07T20:27:20.621+0000] {processor.py:208} INFO - Processing /opt/airflow/dags/ml_03_oil_pipeline.py took 0.309 seconds
[2026-09-07T20:27:50.949+0000] {processor.py:186} INFO - Started process (PID=544) to work on /opt/airflow/dags/ml_03_oil_pipeline.py
[2026-09-07T20:27:50.950+0000] {processor.py:914} INFO - Processing file /opt/airflow/dags/ml_03_oil_pipeline.py for tasks to queue
[2026-09-07T20:27:50.951+0000] {logging_mixin.py:190} INFO - [2026-09-07T20:27:50.951+0000] {dagbag.py:588} INFO - Filling up the DagBag from /opt/airflow/dags/ml_03_oil_pipeline.py
[2026-09-07T20:27:51.214+0000] {processor.py:925} INFO - DAG(s) 'oil_price_pipeline_dag' retrieved from /opt/airflow/dags/ml_03_oil_pipeline.py
[2026-09-07T20:27:51.239+0000] {logging_mixin.py:190} INFO - [2026-09-07T20:27:51.239+0000] {dag.py:3239} INFO - Sync 1 DAGs
[2026-09-07T20:27:51.251+0000] {logging_mixin.py:190} INFO - [2026-09-07T20:27:51.251+0000] {dag.py:4180} INFO - Setting next_dagrun for oil_price_pipeline_dag to None, run_after=None
[2026-09-07T20:27:51.268+0000] {processor.py:208} INFO - Processing /opt/airflow/dags/ml_03_oil_pipeline.py took 0.324 seconds
[2026-09-07T20:28:21.560+0000] {processor.py:186} INFO - Started process (PID=558) to work on /opt/airflow/dags/ml_03_oil_pipeline.py
[2026-09-07T20:28:21.561+0000] {processor.py:914} INFO - Processing file /opt/airflow/dags/ml_03_oil_pipeline.py for tasks to queue
[2026-09-07T20:28:21.562+0000] {logging_mixin.py:190} INFO - [2026-09-07T20:28:21.562+0000] {dagbag.py:588} INFO - Filling up the DagBag from /opt/airflow/dags/ml_03_oil_pipeline.py
[2026-09-07T20:28:21.830+0000] {processor.py:925} INFO - DAG(s) 'oil_price_pipeline_dag' retrieved from /opt/airflow/dags/ml_03_oil_pipeline.py
[2026-09-07T20:28:21.852+0000] {logging_mixin.py:190} INFO - [2026-09-07T20:28:21.852+0000] {dag.py:3239} INFO - Sync 1 DAGs
[2026-09-07T20:28:21.862+0000] {logging_mixin.py:190} INFO - [2026-09-07T20:28:21.862+0000] {dag.py:4180} INFO - Setting next_dagrun for oil_price_pipeline_dag to None, run_after=None
[2026-09-07T20:28:21.880+0000] {processor.py:208} INFO - Processing /opt/airflow/dags/ml_03_oil_pipeline.py took 0.325 seconds
[2026-09-07T20:28:52.371+0000] {processor.py:186} INFO - Started process (PID=572) to work on /opt/airflow/dags/ml_03_oil_pipeline.py
[2026-09-07T20:28:52.372+0000] {processor.py:914} INFO - Processing file /opt/airflow/dags/ml_03_oil_pipeline.py for tasks to queue
[2026-09-07T20:28:52.373+0000] {logging_mixin.py:190} INFO - [2026-09-07T20:28:52.373+0000] {dagbag.py:588} INFO - Filling up the DagBag from /opt/airflow/dags/ml_03_oil_pipeline.py
[2026-09-07T20:28:52.618+0000] {processor.py:925} INFO - DAG(s) 'oil_price_pipeline_dag' retrieved from /opt/airflow/dags/ml_03_oil_pipeline.py
[2026-09-07T20:28:52.642+0000] {logging_mixin.py:190} INFO - [2026-09-07T20:28:52.642+0000] {dag.py:3239} INFO - Sync 1 DAGs
[2026-09-07T20:28:52.656+0000] {logging_mixin.py:190} INFO - [2026-09-07T20:28:52.656+0000] {dag.py:4180} INFO - Setting next_dagrun for oil_price_pipeline_dag to None, run_after=None
[2026-09-07T20:28:52.678+0000] {processor.py:208} INFO - Processing /opt/airflow/dags/ml_03_oil_pipeline.py took 0.313 seconds
[2026-09-07T20:29:23.006+0000] {processor.py:186} INFO - Started process (PID=586) to work on /opt/airflow/dags/ml_03_oil_pipeline.py
[2026-09-07T20:29:23.006+0000] {processor.py:914} INFO - Processing file /opt/airflow/dags/ml_03_oil_pipeline.py for tasks to queue
[2026-09-07T20:29:23.008+0000] {logging_mixin.py:190} INFO - [2026-09-07T20:29:23.007+0000] {dagbag.py:588} INFO - Filling up the DagBag from /opt/airflow/dags/ml_03_oil_pipeline.py
[2026-09-07T20:29:23.234+0000] {processor.py:925} INFO - DAG(s) 'oil_price_pipeline_dag' retrieved from /opt/airflow/dags/ml_03_oil_pipeline.py
[2026-09-07T20:29:23.255+0000] {logging_mixin.py:190} INFO - [2026-09-07T20:29:23.255+0000] {dag.py:3239} INFO - Sync 1 DAGs
[2026-09-07T20:29:23.266+0000] {logging_mixin.py:190} INFO - [2026-09-07T20:29:23.266+0000] {dag.py:4180} INFO - Setting next_dagrun for oil_price_pipeline_dag to None, run_after=None
[2026-09-07T20:29:23.284+0000] {processor.py:208} INFO - Processing /opt/airflow/dags/ml_03_oil_pipeline.py took 0.284 seconds
[2026-09-07T20:29:53.627+0000] {processor.py:186} INFO - Started process (PID=600) to work on /opt/airflow/dags/ml_03_oil_pipeline.py
[2026-09-07T20:29:53.627+0000] {processor.py:914} INFO - Processing file /opt/airflow/dags/ml_03_oil_pipeline.py for tasks to queue
[2026-09-07T20:29:53.630+0000] {logging_mixin.py:190} INFO - [2026-09-07T20:29:53.629+0000] {dagbag.py:588} INFO - Filling up the DagBag from /opt/airflow/dags/ml_03_oil_pipeline.py
[2026-09-07T20:29:53.868+0000] {processor.py:925} INFO - DAG(s) 'oil_price_pipeline_dag' retrieved from /opt/airflow/dags/ml_03_oil_pipeline.py
[2026-09-07T20:29:53.888+0000] {logging_mixin.py:190} INFO - [2026-09-07T20:29:53.888+0000] {dag.py:3239} INFO - Sync 1 DAGs
[2026-09-07T20:29:53.898+0000] {logging_mixin.py:190} INFO - [2026-09-07T20:29:53.898+0000] {dag.py:4180} INFO - Setting next_dagrun for oil_price_pipeline_dag to None, run_after=None
[2026-09-07T20:29:53.914+0000] {processor.py:208} INFO - Processing /opt/airflow/dags/ml_03_oil_pipeline.py took 0.292 seconds
[2026-09-07T20:30:24.298+0000] {processor.py:186} INFO - Started process (PID=614) to work on /opt/airflow/dags/ml_03_oil_pipeline.py
[2026-09-07T20:30:24.298+0000] {processor.py:914} INFO - Processing file /opt/airflow/dags/ml_03_oil_pipeline.py for tasks to queue
[2026-09-07T20:30:24.299+0000] {logging_mixin.py:190} INFO - [2026-09-07T20:30:24.299+0000] {dagbag.py:588} INFO - Filling up the DagBag from /opt/airflow/dags/ml_03_oil_pipeline.py
[2026-09-07T20:30:24.542+0000] {processor.py:925} INFO - DAG(s) 'oil_price_pipeline_dag' retrieved from /opt/airflow/dags/ml_03_oil_pipeline.py
[2026-09-07T20:30:24.564+0000] {logging_mixin.py:190} INFO - [2026-09-07T20:30:24.564+0000] {dag.py:3239} INFO - Sync 1 DAGs
[2026-09-07T20:30:24.574+0000] {logging_mixin.py:190} INFO - [2026-09-07T20:30:24.574+0000] {dag.py:4180} INFO - Setting next_dagrun for oil_price_pipeline_dag to None, run_after=None
[2026-09-07T20:30:24.589+0000] {processor.py:208} INFO - Processing /opt/airflow/dags/ml_03_oil_pipeline.py took 0.296 seconds
[2026-09-07T20:30:54.965+0000] {processor.py:186} INFO - Started process (PID=628) to work on /opt/airflow/dags/ml_03_oil_pipeline.py
[2026-09-07T20:30:54.966+0000] {processor.py:914} INFO - Processing file /opt/airflow/dags/ml_03_oil_pipeline.py for tasks to queue
[2026-09-07T20:30:54.967+0000] {logging_mixin.py:190} INFO - [2026-09-07T20:30:54.966+0000] {dagbag.py:588} INFO - Filling up the DagBag from /opt/airflow/dags/ml_03_oil_pipeline.py
[2026-09-07T20:30:55.192+0000] {processor.py:925} INFO - DAG(s) 'oil_price_pipeline_dag' retrieved from /opt/airflow/dags/ml_03_oil_pipeline.py
[2026-09-07T20:30:55.211+0000] {logging_mixin.py:190} INFO - [2026-09-07T20:30:55.211+0000] {dag.py:3239} INFO - Sync 1 DAGs
[2026-09-07T20:30:55.222+0000] {logging_mixin.py:190} INFO - [2026-09-07T20:30:55.222+0000] {dag.py:4180} INFO - Setting next_dagrun for oil_price_pipeline_dag to None, run_after=None
[2026-09-07T20:30:55.258+0000] {processor.py:208} INFO - Processing /opt/airflow/dags/ml_03_oil_pipeline.py took 0.297 seconds
[2026-09-07T20:31:25.451+0000] {processor.py:186} INFO - Started process (PID=642) to work on /opt/airflow/dags/ml_03_oil_pipeline.py
[2026-09-07T20:31:25.451+0000] {processor.py:914} INFO - Processing file /opt/airflow/dags/ml_03_oil_pipeline.py for tasks to queue
[2026-09-07T20:31:25.453+0000] {logging_mixin.py:190} INFO - [2026-09-07T20:31:25.452+0000] {dagbag.py:588} INFO - Filling up the DagBag from /opt/airflow/dags/ml_03_oil_pipeline.py
[2026-09-07T20:31:25.686+0000] {processor.py:925} INFO - DAG(s) 'oil_price_pipeline_dag' retrieved from /opt/airflow/dags/ml_03_oil_pipeline.py
[2026-09-07T20:31:25.708+0000] {logging_mixin.py:190} INFO - [2026-09-07T20:31:25.708+0000] {dag.py:3239} INFO - Sync 1 DAGs
[2026-09-07T20:31:25.720+0000] {logging_mixin.py:190} INFO - [2026-09-07T20:31:25.720+0000] {dag.py:4180} INFO - Setting next_dagrun for oil_price_pipeline_dag to None, run_after=None
[2026-09-07T20:31:25.735+0000] {processor.py:208} INFO - Processing /opt/airflow/dags/ml_03_oil_pipeline.py took 0.289 seconds
[2026-09-07T20:31:56.030+0000] {processor.py:186} INFO - Started process (PID=656) to work on /opt/airflow/dags/ml_03_oil_pipeline.py
[2026-09-07T20:31:56.031+0000] {processor.py:914} INFO - Processing file /opt/airflow/dags/ml_03_oil_pipeline.py for tasks to queue
[2026-09-07T20:31:56.032+0000] {logging_mixin.py:190} INFO - [2026-09-07T20:31:56.031+0000] {dagbag.py:588} INFO - Filling up the DagBag from /opt/airflow/dags/ml_03_oil_pipeline.py
[2026-09-07T20:31:56.274+0000] {processor.py:925} INFO - DAG(s) 'oil_price_pipeline_dag' retrieved from /opt/airflow/dags/ml_03_oil_pipeline.py
[2026-09-07T20:31:56.294+0000] {logging_mixin.py:190} INFO - [2026-09-07T20:31:56.293+0000] {dag.py:3239} INFO - Sync 1 DAGs
[2026-09-07T20:31:56.303+0000] {logging_mixin.py:190} INFO - [2026-09-07T20:31:56.303+0000] {dag.py:4180} INFO - Setting next_dagrun for oil_price_pipeline_dag to None, run_after=None
[2026-09-07T20:31:56.322+0000] {processor.py:208} INFO - Processing /opt/airflow/dags/ml_03_oil_pipeline.py took 0.297 seconds
[2026-09-07T20:32:26.672+0000] {processor.py:186} INFO - Started process (PID=670) to work on /opt/airflow/dags/ml_03_oil_pipeline.py
[2026-09-07T20:32:26.672+0000] {processor.py:914} INFO - Processing file /opt/airflow/dags/ml_03_oil_pipeline.py for tasks to queue
[2026-09-07T20:32:26.673+0000] {logging_mixin.py:190} INFO - [2026-09-07T20:32:26.673+0000] {dagbag.py:588} INFO - Filling up the DagBag from /opt/airflow/dags/ml_03_oil_pipeline.py
[2026-09-07T20:32:26.950+0000] {processor.py:925} INFO - DAG(s) 'oil_price_pipeline_dag' retrieved from /opt/airflow/dags/ml_03_oil_pipeline.py
[2026-09-07T20:32:26.972+0000] {logging_mixin.py:190} INFO - [2026-09-07T20:32:26.972+0000] {dag.py:3239} INFO - Sync 1 DAGs
[2026-09-07T20:32:26.986+0000] {logging_mixin.py:190} INFO - [2026-09-07T20:32:26.986+0000] {dag.py:4180} INFO - Setting next_dagrun for oil_price_pipeline_dag to None, run_after=None
[2026-09-07T20:32:27.002+0000] {processor.py:208} INFO - Processing /opt/airflow/dags/ml_03_oil_pipeline.py took 0.336 seconds
[2026-09-07T20:32:57.276+0000] {processor.py:186} INFO - Started process (PID=684) to work on /opt/airflow/dags/ml_03_oil_pipeline.py
[2026-09-07T20:32:57.277+0000] {processor.py:914} INFO - Processing file /opt/airflow/dags/ml_03_oil_pipeline.py for tasks to queue
[2026-09-07T20:32:57.278+0000] {logging_mixin.py:190} INFO - [2026-09-07T20:32:57.278+0000] {dagbag.py:588} INFO - Filling up the DagBag from /opt/airflow/dags/ml_03_oil_pipeline.py
[2026-09-07T20:32:57.505+0000] {processor.py:925} INFO - DAG(s) 'oil_price_pipeline_dag' retrieved from /opt/airflow/dags/ml_03_oil_pipeline.py
[2026-09-07T20:32:57.524+0000] {logging_mixin.py:190} INFO - [2026-09-07T20:32:57.524+0000] {dag.py:3239} INFO - Sync 1 DAGs
[2026-09-07T20:32:57.534+0000] {logging_mixin.py:190} INFO - [2026-09-07T20:32:57.533+0000] {dag.py:4180} INFO - Setting next_dagrun for oil_price_pipeline_dag to None, run_after=None
[2026-09-07T20:32:57.549+0000] {processor.py:208} INFO - Processing /opt/airflow/dags/ml_03_oil_pipeline.py took 0.278 seconds
[2026-09-07T20:33:28.021+0000] {processor.py:186} INFO - Started process (PID=698) to work on /opt/airflow/dags/ml_03_oil_pipeline.py
[2026-09-07T20:33:28.022+0000] {processor.py:914} INFO - Processing file /opt/airflow/dags/ml_03_oil_pipeline.py for tasks to queue
[2026-09-07T20:33:28.024+0000] {logging_mixin.py:190} INFO - [2026-09-07T20:33:28.024+0000] {dagbag.py:588} INFO - Filling up the DagBag from /opt/airflow/dags/ml_03_oil_pipeline.py
[2026-09-07T20:33:28.362+0000] {processor.py:925} INFO - DAG(s) 'oil_price_pipeline_dag' retrieved from /opt/airflow/dags/ml_03_oil_pipeline.py
[2026-09-07T20:33:28.399+0000] {logging_mixin.py:190} INFO - [2026-09-07T20:33:28.399+0000] {dag.py:3239} INFO - Sync 1 DAGs
[2026-09-07T20:33:28.415+0000] {logging_mixin.py:190} INFO - [2026-09-07T20:33:28.415+0000] {dag.py:4180} INFO - Setting next_dagrun for oil_price_pipeline_dag to None, run_after=None
[2026-09-07T20:33:28.438+0000] {processor.py:208} INFO - Processing /opt/airflow/dags/ml_03_oil_pipeline.py took 0.429 seconds
[2026-09-07T20:33:58.715+0000] {processor.py:186} INFO - Started process (PID=713) to work on /opt/airflow/dags/ml_03_oil_pipeline.py
[2026-09-07T20:33:58.716+0000] {processor.py:914} INFO - Processing file /opt/airflow/dags/ml_03_oil_pipeline.py for tasks to queue
[2026-09-07T20:33:58.717+0000] {logging_mixin.py:190} INFO - [2026-09-07T20:33:58.716+0000] {dagbag.py:588} INFO - Filling up the DagBag from /opt/airflow/dags/ml_03_oil_pipeline.py
[2026-09-07T20:33:58.995+0000] {processor.py:925} INFO - DAG(s) 'oil_price_pipeline_dag' retrieved from /opt/airflow/dags/ml_03_oil_pipeline.py
[2026-09-07T20:33:59.018+0000] {logging_mixin.py:190} INFO - [2026-09-07T20:33:59.018+0000] {dag.py:3239} INFO - Sync 1 DAGs
[2026-09-07T20:33:59.029+0000] {logging_mixin.py:190} INFO - [2026-09-07T20:33:59.028+0000] {dag.py:4180} INFO - Setting next_dagrun for oil_price_pipeline_dag to None, run_after=None
[2026-09-07T20:33:59.047+0000] {processor.py:208} INFO - Processing /opt/airflow/dags/ml_03_oil_pipeline.py took 0.337 seconds
[2026-09-07T20:34:29.394+0000] {processor.py:186} INFO - Started process (PID=727) to work on /opt/airflow/dags/ml_03_oil_pipeline.py
[2026-09-07T20:34:29.394+0000] {processor.py:914} INFO - Processing file /opt/airflow/dags/ml_03_oil_pipeline.py for tasks to queue
[2026-09-07T20:34:29.396+0000] {logging_mixin.py:190} INFO - [2026-09-07T20:34:29.396+0000] {dagbag.py:588} INFO - Filling up the DagBag from /opt/airflow/dags/ml_03_oil_pipeline.py
[2026-09-07T20:34:29.658+0000] {processor.py:925} INFO - DAG(s) 'oil_price_pipeline_dag' retrieved from /opt/airflow/dags/ml_03_oil_pipeline.py
[2026-09-07T20:34:29.682+0000] {logging_mixin.py:190} INFO - [2026-09-07T20:34:29.681+0000] {dag.py:3239} INFO - Sync 1 DAGs
[2026-09-07T20:34:29.694+0000] {logging_mixin.py:190} INFO - [2026-09-07T20:34:29.694+0000] {dag.py:4180} INFO - Setting next_dagrun for oil_price_pipeline_dag to None, run_after=None
[2026-09-07T20:34:29.716+0000] {processor.py:208} INFO - Processing /opt/airflow/dags/ml_03_oil_pipeline.py took 0.327 seconds
[2026-09-07T20:35:00.052+0000] {processor.py:186} INFO - Started process (PID=741) to work on /opt/airflow/dags/ml_03_oil_pipeline.py
[2026-09-07T20:35:00.052+0000] {processor.py:914} INFO - Processing file /opt/airflow/dags/ml_03_oil_pipeline.py for tasks to queue
[2026-09-07T20:35:00.053+0000] {logging_mixin.py:190} INFO - [2026-09-07T20:35:00.053+0000] {dagbag.py:588} INFO - Filling up the DagBag from /opt/airflow/dags/ml_03_oil_pipeline.py
[2026-09-07T20:35:00.302+0000] {processor.py:925} INFO - DAG(s) 'oil_price_pipeline_dag' retrieved from /opt/airflow/dags/ml_03_oil_pipeline.py
[2026-09-07T20:35:00.324+0000] {logging_mixin.py:190} INFO - [2026-09-07T20:35:00.323+0000] {dag.py:3239} INFO - Sync 1 DAGs
[2026-09-07T20:35:00.337+0000] {logging_mixin.py:190} INFO - [2026-09-07T20:35:00.337+0000] {dag.py:4180} INFO - Setting next_dagrun for oil_price_pipeline_dag to None, run_after=None
[2026-09-07T20:35:00.354+0000] {processor.py:208} INFO - Processing /opt/airflow/dags/ml_03_oil_pipeline.py took 0.309 seconds
[2026-09-07T20:35:30.731+0000] {processor.py:186} INFO - Started process (PID=755) to work on /opt/airflow/dags/ml_03_oil_pipeline.py
[2026-09-07T20:35:30.732+0000] {processor.py:914} INFO - Processing file /opt/airflow/dags/ml_03_oil_pipeline.py for tasks to queue
[2026-09-07T20:35:30.733+0000] {logging_mixin.py:190} INFO - [2026-09-07T20:35:30.733+0000] {dagbag.py:588} INFO - Filling up the DagBag from /opt/airflow/dags/ml_03_oil_pipeline.py
[2026-09-07T20:35:31.034+0000] {processor.py:925} INFO - DAG(s) 'oil_price_pipeline_dag' retrieved from /opt/airflow/dags/ml_03_oil_pipeline.py
[2026-09-07T20:35:31.056+0000] {logging_mixin.py:190} INFO - [2026-09-07T20:35:31.056+0000] {dag.py:3239} INFO - Sync 1 DAGs
[2026-09-07T20:35:31.068+0000] {logging_mixin.py:190} INFO - [2026-09-07T20:35:31.068+0000] {dag.py:4180} INFO - Setting next_dagrun for oil_price_pipeline_dag to None, run_after=None
[2026-09-07T20:35:31.087+0000] {processor.py:208} INFO - Processing /opt/airflow/dags/ml_03_oil_pipeline.py took 0.362 seconds
[2026-09-07T20:36:01.243+0000] {processor.py:186} INFO - Started process (PID=769) to work on /opt/airflow/dags/ml_03_oil_pipeline.py
[2026-09-07T20:36:01.244+0000] {processor.py:914} INFO - Processing file /opt/airflow/dags/ml_03_oil_pipeline.py for tasks to queue
[2026-09-07T20:36:01.245+0000] {logging_mixin.py:190} INFO - [2026-09-07T20:36:01.245+0000] {dagbag.py:588} INFO - Filling up the DagBag from /opt/airflow/dags/ml_03_oil_pipeline.py
[2026-09-07T20:36:01.501+0000] {processor.py:925} INFO - DAG(s) 'oil_price_pipeline_dag' retrieved from /opt/airflow/dags/ml_03_oil_pipeline.py
[2026-09-07T20:36:01.522+0000] {logging_mixin.py:190} INFO - [2026-09-07T20:36:01.521+0000] {dag.py:3239} INFO - Sync 1 DAGs
[2026-09-07T20:36:01.532+0000] {logging_mixin.py:190} INFO - [2026-09-07T20:36:01.532+0000] {dag.py:4180} INFO - Setting next_dagrun for oil_price_pipeline_dag to None, run_after=None
[2026-09-07T20:36:01.664+0000] {processor.py:208} INFO - Processing /opt/airflow/dags/ml_03_oil_pipeline.py took 0.425 seconds
[2026-09-07T20:36:31.920+0000] {processor.py:186} INFO - Started process (PID=783) to work on /opt/airflow/dags/ml_03_oil_pipeline.py
[2026-09-07T20:36:31.920+0000] {processor.py:914} INFO - Processing file /opt/airflow/dags/ml_03_oil_pipeline.py for tasks to queue
[2026-09-07T20:36:31.921+0000] {logging_mixin.py:190} INFO - [2026-09-07T20:36:31.921+0000] {dagbag.py:588} INFO - Filling up the DagBag from /opt/airflow/dags/ml_03_oil_pipeline.py
[2026-09-07T20:36:32.155+0000] {processor.py:925} INFO - DAG(s) 'oil_price_pipeline_dag' retrieved from /opt/airflow/dags/ml_03_oil_pipeline.py
[2026-09-07T20:36:32.176+0000] {logging_mixin.py:190} INFO - [2026-09-07T20:36:32.176+0000] {dag.py:3239} INFO - Sync 1 DAGs
[2026-09-07T20:36:32.185+0000] {logging_mixin.py:190} INFO - [2026-09-07T20:36:32.185+0000] {dag.py:4180} INFO - Setting next_dagrun for oil_price_pipeline_dag to None, run_after=None
[2026-09-07T20:36:32.200+0000] {processor.py:208} INFO - Processing /opt/airflow/dags/ml_03_oil_pipeline.py took 0.286 seconds
[2026-09-07T20:37:02.596+0000] {processor.py:186} INFO - Started process (PID=797) to work on /opt/airflow/dags/ml_03_oil_pipeline.py
[2026-09-07T20:37:02.597+0000] {processor.py:914} INFO - Processing file /opt/airflow/dags/ml_03_oil_pipeline.py for tasks to queue
[2026-09-07T20:37:02.598+0000] {logging_mixin.py:190} INFO - [2026-09-07T20:37:02.598+0000] {dagbag.py:588} INFO - Filling up the DagBag from /opt/airflow/dags/ml_03_oil_pipeline.py
[2026-09-07T20:37:02.855+0000] {processor.py:925} INFO - DAG(s) 'oil_price_pipeline_dag' retrieved from /opt/airflow/dags/ml_03_oil_pipeline.py
[2026-09-07T20:37:02.879+0000] {logging_mixin.py:190} INFO - [2026-09-07T20:37:02.878+0000] {dag.py:3239} INFO - Sync 1 DAGs
[2026-09-07T20:37:02.889+0000] {logging_mixin.py:190} INFO - [2026-09-07T20:37:02.889+0000] {dag.py:4180} INFO - Setting next_dagrun for oil_price_pipeline_dag to None, run_after=None
[2026-09-07T20:37:02.906+0000] {processor.py:208} INFO - Processing /opt/airflow/dags/ml_03_oil_pipeline.py took 0.314 seconds
[2026-09-07T20:37:33.322+0000] {processor.py:186} INFO - Started process (PID=811) to work on /opt/airflow/dags/ml_03_oil_pipeline.py
[2026-09-07T20:37:33.323+0000] {processor.py:914} INFO - Processing file /opt/airflow/dags/ml_03_oil_pipeline.py for tasks to queue
[2026-09-07T20:37:33.324+0000] {logging_mixin.py:190} INFO - [2026-09-07T20:37:33.324+0000] {dagbag.py:588} INFO - Filling up the DagBag from /opt/airflow/dags/ml_03_oil_pipeline.py
[2026-09-07T20:37:33.561+0000] {processor.py:925} INFO - DAG(s) 'oil_price_pipeline_dag' retrieved from /opt/airflow/dags/ml_03_oil_pipeline.py
[2026-09-07T20:37:33.584+0000] {logging_mixin.py:190} INFO - [2026-09-07T20:37:33.584+0000] {dag.py:3239} INFO - Sync 1 DAGs
[2026-09-07T20:37:33.705+0000] {logging_mixin.py:190} INFO - [2026-09-07T20:37:33.705+0000] {dag.py:4180} INFO - Setting next_dagrun for oil_price_pipeline_dag to None, run_after=None
[2026-09-07T20:37:33.722+0000] {processor.py:208} INFO - Processing /opt/airflow/dags/ml_03_oil_pipeline.py took 0.404 seconds
[2026-09-07T20:38:03.873+0000] {processor.py:186} INFO - Started process (PID=825) to work on /opt/airflow/dags/ml_03_oil_pipeline.py
[2026-09-07T20:38:03.874+0000] {processor.py:914} INFO - Processing file /opt/airflow/dags/ml_03_oil_pipeline.py for tasks to queue
[2026-09-07T20:38:03.875+0000] {logging_mixin.py:190} INFO - [2026-09-07T20:38:03.875+0000] {dagbag.py:588} INFO - Filling up the DagBag from /opt/airflow/dags/ml_03_oil_pipeline.py
[2026-09-07T20:38:04.207+0000] {processor.py:925} INFO - DAG(s) 'oil_price_pipeline_dag' retrieved from /opt/airflow/dags/ml_03_oil_pipeline.py
[2026-09-07T20:38:04.226+0000] {logging_mixin.py:190} INFO - [2026-09-07T20:38:04.225+0000] {dag.py:3239} INFO - Sync 1 DAGs
[2026-09-07T20:38:04.235+0000] {logging_mixin.py:190} INFO - [2026-09-07T20:38:04.235+0000] {dag.py:4180} INFO - Setting next_dagrun for oil_price_pipeline_dag to None, run_after=None
[2026-09-07T20:38:04.250+0000] {processor.py:208} INFO - Processing /opt/airflow/dags/ml_03_oil_pipeline.py took 0.381 seconds
[2026-09-07T20:38:34.507+0000] {processor.py:186} INFO - Started process (PID=839) to work on /opt/airflow/dags/ml_03_oil_pipeline.py
[2026-09-07T20:38:34.508+0000] {processor.py:914} INFO - Processing file /opt/airflow/dags/ml_03_oil_pipeline.py for tasks to queue
[2026-09-07T20:38:34.510+0000] {logging_mixin.py:190} INFO - [2026-09-07T20:38:34.509+0000] {dagbag.py:588} INFO - Filling up the DagBag from /opt/airflow/dags/ml_03_oil_pipeline.py
[2026-09-07T20:38:34.892+0000] {processor.py:925} INFO - DAG(s) 'oil_price_pipeline_dag' retrieved from /opt/airflow/dags/ml_03_oil_pipeline.py
[2026-09-07T20:38:34.917+0000] {logging_mixin.py:190} INFO - [2026-09-07T20:38:34.916+0000] {dag.py:3239} INFO - Sync 1 DAGs
[2026-09-07T20:38:34.927+0000] {logging_mixin.py:190} INFO - [2026-09-07T20:38:34.927+0000] {dag.py:4180} INFO - Setting next_dagrun for oil_price_pipeline_dag to None, run_after=None
[2026-09-07T20:38:34.944+0000] {processor.py:208} INFO - Processing /opt/airflow/dags/ml_03_oil_pipeline.py took 0.444 seconds
[2026-09-07T20:39:05.071+0000] {processor.py:186} INFO - Started process (PID=853) to work on /opt/airflow/dags/ml_03_oil_pipeline.py
[2026-09-07T20:39:05.072+0000] {processor.py:914} INFO - Processing file /opt/airflow/dags/ml_03_oil_pipeline.py for tasks to queue
[2026-09-07T20:39:05.073+0000] {logging_mixin.py:190} INFO - [2026-09-07T20:39:05.072+0000] {dagbag.py:588} INFO - Filling up the DagBag from /opt/airflow/dags/ml_03_oil_pipeline.py
[2026-09-07T20:39:05.309+0000] {processor.py:925} INFO - DAG(s) 'oil_price_pipeline_dag' retrieved from /opt/airflow/dags/ml_03_oil_pipeline.py
[2026-09-07T20:39:05.447+0000] {logging_mixin.py:190} INFO - [2026-09-07T20:39:05.447+0000] {dag.py:3239} INFO - Sync 1 DAGs
[2026-09-07T20:39:05.456+0000] {logging_mixin.py:190} INFO - [2026-09-07T20:39:05.456+0000] {dag.py:4180} INFO - Setting next_dagrun for oil_price_pipeline_dag to None, run_after=None
[2026-09-07T20:39:05.471+0000] {processor.py:208} INFO - Processing /opt/airflow/dags/ml_03_oil_pipeline.py took 0.405 seconds
[2026-09-07T20:39:35.619+0000] {processor.py:186} INFO - Started process (PID=867) to work on /opt/airflow/dags/ml_03_oil_pipeline.py
[2026-09-07T20:39:35.620+0000] {processor.py:914} INFO - Processing file /opt/airflow/dags/ml_03_oil_pipeline.py for tasks to queue
[2026-09-07T20:39:35.625+0000] {logging_mixin.py:190} INFO - [2026-09-07T20:39:35.624+0000] {dagbag.py:588} INFO - Filling up the DagBag from /opt/airflow/dags/ml_03_oil_pipeline.py
[2026-09-07T20:39:36.007+0000] {processor.py:925} INFO - DAG(s) 'oil_price_pipeline_dag' retrieved from /opt/airflow/dags/ml_03_oil_pipeline.py
[2026-09-07T20:39:36.026+0000] {logging_mixin.py:190} INFO - [2026-09-07T20:39:36.026+0000] {dag.py:3239} INFO - Sync 1 DAGs
[2026-09-07T20:39:36.035+0000] {logging_mixin.py:190} INFO - [2026-09-07T20:39:36.035+0000] {dag.py:4180} INFO - Setting next_dagrun for oil_price_pipeline_dag to None, run_after=None
[2026-09-07T20:39:36.050+0000] {processor.py:208} INFO - Processing /opt/airflow/dags/ml_03_oil_pipeline.py took 0.439 seconds
[2026-09-07T20:40:06.284+0000] {processor.py:186} INFO - Started process (PID=881) to work on /opt/airflow/dags/ml_03_oil_pipeline.py
[2026-09-07T20:40:06.285+0000] {processor.py:914} INFO - Processing file /opt/airflow/dags/ml_03_oil_pipeline.py for tasks to queue
[2026-09-07T20:40:06.286+0000] {logging_mixin.py:190} INFO - [2026-09-07T20:40:06.286+0000] {dagbag.py:588} INFO - Filling up the DagBag from /opt/airflow/dags/ml_03_oil_pipeline.py
[2026-09-07T20:40:06.632+0000] {processor.py:925} INFO - DAG(s) 'oil_price_pipeline_dag' retrieved from /opt/airflow/dags/ml_03_oil_pipeline.py
[2026-09-07T20:40:06.650+0000] {logging_mixin.py:190} INFO - [2026-09-07T20:40:06.650+0000] {dag.py:3239} INFO - Sync 1 DAGs
[2026-09-07T20:40:06.659+0000] {logging_mixin.py:190} INFO - [2026-09-07T20:40:06.659+0000] {dag.py:4180} INFO - Setting next_dagrun for oil_price_pipeline_dag to None, run_after=None
[2026-09-07T20:40:06.674+0000] {processor.py:208} INFO - Processing /opt/airflow/dags/ml_03_oil_pipeline.py took 0.394 seconds
[2026-09-07T20:40:36.956+0000] {processor.py:186} INFO - Started process (PID=895) to work on /opt/airflow/dags/ml_03_oil_pipeline.py
[2026-09-07T20:40:36.956+0000] {processor.py:914} INFO - Processing file /opt/airflow/dags/ml_03_oil_pipeline.py for tasks to queue
[2026-09-07T20:40:36.958+0000] {logging_mixin.py:190} INFO - [2026-09-07T20:40:36.957+0000] {dagbag.py:588} INFO - Filling up the DagBag from /opt/airflow/dags/ml_03_oil_pipeline.py
[2026-09-07T20:40:37.349+0000] {processor.py:925} INFO - DAG(s) 'oil_price_pipeline_dag' retrieved from /opt/airflow/dags/ml_03_oil_pipeline.py
[2026-09-07T20:40:37.369+0000] {logging_mixin.py:190} INFO - [2026-09-07T20:40:37.368+0000] {dag.py:3239} INFO - Sync 1 DAGs
[2026-09-07T20:40:37.379+0000] {logging_mixin.py:190} INFO - [2026-09-07T20:40:37.378+0000] {dag.py:4180} INFO - Setting next_dagrun for oil_price_pipeline_dag to None, run_after=None
[2026-09-07T20:40:37.396+0000] {processor.py:208} INFO - Processing /opt/airflow/dags/ml_03_oil_pipeline.py took 0.445 seconds
[2026-09-07T20:41:07.536+0000] {processor.py:186} INFO - Started process (PID=909) to work on /opt/airflow/dags/ml_03_oil_pipeline.py
[2026-09-07T20:41:07.537+0000] {processor.py:914} INFO - Processing file /opt/airflow/dags/ml_03_oil_pipeline.py for tasks to queue
[2026-09-07T20:41:07.538+0000] {logging_mixin.py:190} INFO - [2026-09-07T20:41:07.538+0000] {dagbag.py:588} INFO - Filling up the DagBag from /opt/airflow/dags/ml_03_oil_pipeline.py
[2026-09-07T20:41:07.911+0000] {processor.py:925} INFO - DAG(s) 'oil_price_pipeline_dag' retrieved from /opt/airflow/dags/ml_03_oil_pipeline.py
[2026-09-07T20:41:07.931+0000] {logging_mixin.py:190} INFO - [2026-09-07T20:41:07.930+0000] {dag.py:3239} INFO - Sync 1 DAGs
[2026-09-07T20:41:07.940+0000] {logging_mixin.py:190} INFO - [2026-09-07T20:41:07.940+0000] {dag.py:4180} INFO - Setting next_dagrun for oil_price_pipeline_dag to None, run_after=None
[2026-09-07T20:41:07.956+0000] {processor.py:208} INFO - Processing /opt/airflow/dags/ml_03_oil_pipeline.py took 0.424 seconds
[2026-09-07T20:41:38.111+0000] {processor.py:186} INFO - Started process (PID=923) to work on /opt/airflow/dags/ml_03_oil_pipeline.py
[2026-09-07T20:41:38.112+0000] {processor.py:914} INFO - Processing file /opt/airflow/dags/ml_03_oil_pipeline.py for tasks to queue
[2026-09-07T20:41:38.113+0000] {logging_mixin.py:190} INFO - [2026-09-07T20:41:38.113+0000] {dagbag.py:588} INFO - Filling up the DagBag from /opt/airflow/dags/ml_03_oil_pipeline.py
[2026-09-07T20:41:38.458+0000] {processor.py:925} INFO - DAG(s) 'oil_price_pipeline_dag' retrieved from /opt/airflow/dags/ml_03_oil_pipeline.py
[2026-09-07T20:41:38.478+0000] {logging_mixin.py:190} INFO - [2026-09-07T20:41:38.478+0000] {dag.py:3239} INFO - Sync 1 DAGs
[2026-09-07T20:41:38.488+0000] {logging_mixin.py:190} INFO - [2026-09-07T20:41:38.488+0000] {dag.py:4180} INFO - Setting next_dagrun for oil_price_pipeline_dag to None, run_after=None
[2026-09-07T20:41:38.503+0000] {processor.py:208} INFO - Processing /opt/airflow/dags/ml_03_oil_pipeline.py took 0.397 seconds
[2026-09-07T20:42:08.668+0000] {processor.py:186} INFO - Started process (PID=937) to work on /opt/airflow/dags/ml_03_oil_pipeline.py
[2026-09-07T20:42:08.668+0000] {processor.py:914} INFO - Processing file /opt/airflow/dags/ml_03_oil_pipeline.py for tasks to queue
[2026-09-07T20:42:08.669+0000] {logging_mixin.py:190} INFO - [2026-09-07T20:42:08.669+0000] {dagbag.py:588} INFO - Filling up the DagBag from /opt/airflow/dags/ml_03_oil_pipeline.py
[2026-09-07T20:42:09.028+0000] {processor.py:925} INFO - DAG(s) 'oil_price_pipeline_dag' retrieved from /opt/airflow/dags/ml_03_oil_pipeline.py
[2026-09-07T20:42:09.047+0000] {logging_mixin.py:190} INFO - [2026-09-07T20:42:09.047+0000] {dag.py:3239} INFO - Sync 1 DAGs
[2026-09-07T20:42:09.058+0000] {logging_mixin.py:190} INFO - [2026-09-07T20:42:09.058+0000] {dag.py:4180} INFO - Setting next_dagrun for oil_price_pipeline_dag to None, run_after=None
[2026-09-07T20:42:09.074+0000] {processor.py:208} INFO - Processing /opt/airflow/dags/ml_03_oil_pipeline.py took 0.411 seconds
[2026-09-07T20:42:39.242+0000] {processor.py:186} INFO - Started process (PID=951) to work on /opt/airflow/dags/ml_03_oil_pipeline.py
[2026-09-07T20:42:39.242+0000] {processor.py:914} INFO - Processing file /opt/airflow/dags/ml_03_oil_pipeline.py for tasks to queue
[2026-09-07T20:42:39.244+0000] {logging_mixin.py:190} INFO - [2026-09-07T20:42:39.243+0000] {dagbag.py:588} INFO - Filling up the DagBag from /opt/airflow/dags/ml_03_oil_pipeline.py
[2026-09-07T20:42:39.647+0000] {processor.py:925} INFO - DAG(s) 'oil_price_pipeline_dag' retrieved from /opt/airflow/dags/ml_03_oil_pipeline.py
[2026-09-07T20:42:39.668+0000] {logging_mixin.py:190} INFO - [2026-09-07T20:42:39.667+0000] {dag.py:3239} INFO - Sync 1 DAGs
[2026-09-07T20:42:39.679+0000] {logging_mixin.py:190} INFO - [2026-09-07T20:42:39.678+0000] {dag.py:4180} INFO - Setting next_dagrun for oil_price_pipeline_dag to None, run_after=None
[2026-09-07T20:42:39.694+0000] {processor.py:208} INFO - Processing /opt/airflow/dags/ml_03_oil_pipeline.py took 0.459 seconds
[2026-09-07T20:43:10.033+0000] {processor.py:186} INFO - Started process (PID=965) to work on /opt/airflow/dags/ml_03_oil_pipeline.py
[2026-09-07T20:43:10.034+0000] {processor.py:914} INFO - Processing file /opt/airflow/dags/ml_03_oil_pipeline.py for tasks to queue
[2026-09-07T20:43:10.036+0000] {logging_mixin.py:190} INFO - [2026-09-07T20:43:10.036+0000] {dagbag.py:588} INFO - Filling up the DagBag from /opt/airflow/dags/ml_03_oil_pipeline.py
[2026-09-07T20:43:10.541+0000] {processor.py:925} INFO - DAG(s) 'oil_price_pipeline_dag' retrieved from /opt/airflow/dags/ml_03_oil_pipeline.py
[2026-09-07T20:43:10.564+0000] {logging_mixin.py:190} INFO - [2026-09-07T20:43:10.564+0000] {dag.py:3239} INFO - Sync 1 DAGs
[2026-09-07T20:43:10.575+0000] {logging_mixin.py:190} INFO - [2026-09-07T20:43:10.575+0000] {dag.py:4180} INFO - Setting next_dagrun for oil_price_pipeline_dag to None, run_after=None
[2026-09-07T20:43:10.592+0000] {processor.py:208} INFO - Processing /opt/airflow/dags/ml_03_oil_pipeline.py took 0.564 seconds
[2026-09-07T20:43:41.200+0000] {processor.py:186} INFO - Started process (PID=979) to work on /opt/airflow/dags/ml_03_oil_pipeline.py
[2026-09-07T20:43:41.200+0000] {processor.py:914} INFO - Processing file /opt/airflow/dags/ml_03_oil_pipeline.py for tasks to queue
[2026-09-07T20:43:41.202+0000] {logging_mixin.py:190} INFO - [2026-09-07T20:43:41.201+0000] {dagbag.py:588} INFO - Filling up the DagBag from /opt/airflow/dags/ml_03_oil_pipeline.py
[2026-09-07T20:43:41.591+0000] {processor.py:925} INFO - DAG(s) 'oil_price_pipeline_dag' retrieved from /opt/airflow/dags/ml_03_oil_pipeline.py
[2026-09-07T20:43:41.614+0000] {logging_mixin.py:190} INFO - [2026-09-07T20:43:41.614+0000] {dag.py:3239} INFO - Sync 1 DAGs
[2026-09-07T20:43:41.627+0000] {logging_mixin.py:190} INFO - [2026-09-07T20:43:41.627+0000] {dag.py:4180} INFO - Setting next_dagrun for oil_price_pipeline_dag to None, run_after=None
[2026-09-07T20:43:41.660+0000] {processor.py:208} INFO - Processing /opt/airflow/dags/ml_03_oil_pipeline.py took 0.466 seconds
[2026-09-07T20:44:11.949+0000] {processor.py:186} INFO - Started process (PID=993) to work on /opt/airflow/dags/ml_03_oil_pipeline.py
[2026-09-07T20:44:11.950+0000] {processor.py:914} INFO - Processing file /opt/airflow/dags/ml_03_oil_pipeline.py for tasks to queue
[2026-09-07T20:44:11.951+0000] {logging_mixin.py:190} INFO - [2026-09-07T20:44:11.951+0000] {dagbag.py:588} INFO - Filling up the DagBag from /opt/airflow/dags/ml_03_oil_pipeline.py
[2026-09-07T20:44:12.331+0000] {processor.py:925} INFO - DAG(s) 'oil_price_pipeline_dag' retrieved from /opt/airflow/dags/ml_03_oil_pipeline.py
[2026-09-07T20:44:12.348+0000] {logging_mixin.py:190} INFO - [2026-09-07T20:44:12.348+0000] {dag.py:3239} INFO - Sync 1 DAGs
[2026-09-07T20:44:12.357+0000] {logging_mixin.py:190} INFO - [2026-09-07T20:44:12.357+0000] {dag.py:4180} INFO - Setting next_dagrun for oil_price_pipeline_dag to None, run_after=None
[2026-09-07T20:44:12.373+0000] {processor.py:208} INFO - Processing /opt/airflow/dags/ml_03_oil_pipeline.py took 0.430 seconds
[2026-09-07T20:44:42.544+0000] {processor.py:186} INFO - Started process (PID=1007) to work on /opt/airflow/dags/ml_03_oil_pipeline.py
[2026-09-07T20:44:42.545+0000] {processor.py:914} INFO - Processing file /opt/airflow/dags/ml_03_oil_pipeline.py for tasks to queue
[2026-09-07T20:44:42.548+0000] {logging_mixin.py:190} INFO - [2026-09-07T20:44:42.548+0000] {dagbag.py:588} INFO - Filling up the DagBag from /opt/airflow/dags/ml_03_oil_pipeline.py
[2026-09-07T20:44:42.887+0000] {processor.py:925} INFO - DAG(s) 'oil_price_pipeline_dag' retrieved from /opt/airflow/dags/ml_03_oil_pipeline.py
[2026-09-07T20:44:42.905+0000] {logging_mixin.py:190} INFO - [2026-09-07T20:44:42.904+0000] {dag.py:3239} INFO - Sync 1 DAGs
[2026-09-07T20:44:42.913+0000] {logging_mixin.py:190} INFO - [2026-09-07T20:44:42.913+0000] {dag.py:4180} INFO - Setting next_dagrun for oil_price_pipeline_dag to None, run_after=None
[2026-09-07T20:44:42.928+0000] {processor.py:208} INFO - Processing /opt/airflow/dags/ml_03_oil_pipeline.py took 0.389 seconds
[2026-09-07T20:45:13.184+0000] {processor.py:186} INFO - Started process (PID=1022) to work on /opt/airflow/dags/ml_03_oil_pipeline.py
[2026-09-07T20:45:13.185+0000] {processor.py:914} INFO - Processing file /opt/airflow/dags/ml_03_oil_pipeline.py for tasks to queue
[2026-09-07T20:45:13.186+0000] {logging_mixin.py:190} INFO - [2026-09-07T20:45:13.186+0000] {dagbag.py:588} INFO - Filling up the DagBag from /opt/airflow/dags/ml_03_oil_pipeline.py
[2026-09-07T20:45:13.558+0000] {processor.py:925} INFO - DAG(s) 'oil_price_pipeline_dag' retrieved from /opt/airflow/dags/ml_03_oil_pipeline.py
[2026-09-07T20:45:13.579+0000] {logging_mixin.py:190} INFO - [2026-09-07T20:45:13.578+0000] {dag.py:3239} INFO - Sync 1 DAGs
[2026-09-07T20:45:13.589+0000] {logging_mixin.py:190} INFO - [2026-09-07T20:45:13.588+0000] {dag.py:4180} INFO - Setting next_dagrun for oil_price_pipeline_dag to None, run_after=None
[2026-09-07T20:45:13.605+0000] {processor.py:208} INFO - Processing /opt/airflow/dags/ml_03_oil_pipeline.py took 0.427 seconds
[2026-09-07T20:45:43.835+0000] {processor.py:186} INFO - Started process (PID=1036) to work on /opt/airflow/dags/ml_03_oil_pipeline.py
[2026-09-07T20:45:43.836+0000] {processor.py:914} INFO - Processing file /opt/airflow/dags/ml_03_oil_pipeline.py for tasks to queue
[2026-09-07T20:45:43.837+0000] {logging_mixin.py:190} INFO - [2026-09-07T20:45:43.837+0000] {dagbag.py:588} INFO - Filling up the DagBag from /opt/airflow/dags/ml_03_oil_pipeline.py
[2026-09-07T20:45:44.261+0000] {processor.py:925} INFO - DAG(s) 'oil_price_pipeline_dag' retrieved from /opt/airflow/dags/ml_03_oil_pipeline.py
[2026-09-07T20:45:44.281+0000] {logging_mixin.py:190} INFO - [2026-09-07T20:45:44.280+0000] {dag.py:3239} INFO - Sync 1 DAGs
[2026-09-07T20:45:44.290+0000] {logging_mixin.py:190} INFO - [2026-09-07T20:45:44.289+0000] {dag.py:4180} INFO - Setting next_dagrun for oil_price_pipeline_dag to None, run_after=None
[2026-09-07T20:45:44.311+0000] {processor.py:208} INFO - Processing /opt/airflow/dags/ml_03_oil_pipeline.py took 0.482 seconds
[2026-09-07T20:46:14.935+0000] {processor.py:186} INFO - Started process (PID=1050) to work on /opt/airflow/dags/ml_03_oil_pipeline.py
[2026-09-07T20:46:14.935+0000] {processor.py:914} INFO - Processing file /opt/airflow/dags/ml_03_oil_pipeline.py for tasks to queue
[2026-09-07T20:46:14.936+0000] {logging_mixin.py:190} INFO - [2026-09-07T20:46:14.936+0000] {dagbag.py:588} INFO - Filling up the DagBag from /opt/airflow/dags/ml_03_oil_pipeline.py
[2026-09-07T20:46:15.328+0000] {processor.py:925} INFO - DAG(s) 'oil_price_pipeline_dag' retrieved from /opt/airflow/dags/ml_03_oil_pipeline.py
[2026-09-07T20:46:15.350+0000] {logging_mixin.py:190} INFO - [2026-09-07T20:46:15.349+0000] {dag.py:3239} INFO - Sync 1 DAGs
[2026-09-07T20:46:15.359+0000] {logging_mixin.py:190} INFO - [2026-09-07T20:46:15.359+0000] {dag.py:4180} INFO - Setting next_dagrun for oil_price_pipeline_dag to None, run_after=None
[2026-09-07T20:46:15.382+0000] {processor.py:208} INFO - Processing /opt/airflow/dags/ml_03_oil_pipeline.py took 0.453 seconds
[2026-09-07T20:46:45.502+0000] {processor.py:186} INFO - Started process (PID=1064) to work on /opt/airflow/dags/ml_03_oil_pipeline.py
[2026-09-07T20:46:45.503+0000] {processor.py:914} INFO - Processing file /opt/airflow/dags/ml_03_oil_pipeline.py for tasks to queue
[2026-09-07T20:46:45.504+0000] {logging_mixin.py:190} INFO - [2026-09-07T20:46:45.504+0000] {dagbag.py:588} INFO - Filling up the DagBag from /opt/airflow/dags/ml_03_oil_pipeline.py
[2026-09-07T20:46:45.909+0000] {processor.py:925} INFO - DAG(s) 'oil_price_pipeline_dag' retrieved from /opt/airflow/dags/ml_03_oil_pipeline.py
[2026-09-07T20:46:45.930+0000] {logging_mixin.py:190} INFO - [2026-09-07T20:46:45.930+0000] {dag.py:3239} INFO - Sync 1 DAGs
[2026-09-07T20:46:45.940+0000] {logging_mixin.py:190} INFO - [2026-09-07T20:46:45.940+0000] {dag.py:4180} INFO - Setting next_dagrun for oil_price_pipeline_dag to None, run_after=None
[2026-09-07T20:46:45.959+0000] {processor.py:208} INFO - Processing /opt/airflow/dags/ml_03_oil_pipeline.py took 0.465 seconds
[2026-09-07T20:47:16.137+0000] {processor.py:186} INFO - Started process (PID=1078) to work on /opt/airflow/dags/ml_03_oil_pipeline.py
[2026-09-07T20:47:16.137+0000] {processor.py:914} INFO - Processing file /opt/airflow/dags/ml_03_oil_pipeline.py for tasks to queue
[2026-09-07T20:47:16.138+0000] {logging_mixin.py:190} INFO - [2026-09-07T20:47:16.138+0000] {dagbag.py:588} INFO - Filling up the DagBag from /opt/airflow/dags/ml_03_oil_pipeline.py
[2026-09-07T20:47:16.506+0000] {processor.py:925} INFO - DAG(s) 'oil_price_pipeline_dag' retrieved from /opt/airflow/dags/ml_03_oil_pipeline.py
[2026-09-07T20:47:16.526+0000] {logging_mixin.py:190} INFO - [2026-09-07T20:47:16.526+0000] {dag.py:3239} INFO - Sync 1 DAGs
[2026-09-07T20:47:16.536+0000] {logging_mixin.py:190} INFO - [2026-09-07T20:47:16.536+0000] {dag.py:4180} INFO - Setting next_dagrun for oil_price_pipeline_dag to None, run_after=None
[2026-09-07T20:47:16.550+0000] {processor.py:208} INFO - Processing /opt/airflow/dags/ml_03_oil_pipeline.py took 0.418 seconds
[2026-09-07T20:47:46.832+0000] {processor.py:186} INFO - Started process (PID=1092) to work on /opt/airflow/dags/ml_03_oil_pipeline.py
[2026-09-07T20:47:46.832+0000] {processor.py:914} INFO - Processing file /opt/airflow/dags/ml_03_oil_pipeline.py for tasks to queue
[2026-09-07T20:47:46.834+0000] {logging_mixin.py:190} INFO - [2026-09-07T20:47:46.833+0000] {dagbag.py:588} INFO - Filling up the DagBag from /opt/airflow/dags/ml_03_oil_pipeline.py
[2026-09-07T20:47:47.184+0000] {processor.py:925} INFO - DAG(s) 'oil_price_pipeline_dag' retrieved from /opt/airflow/dags/ml_03_oil_pipeline.py
[2026-09-07T20:47:47.203+0000] {logging_mixin.py:190} INFO - [2026-09-07T20:47:47.202+0000] {dag.py:3239} INFO - Sync 1 DAGs
[2026-09-07T20:47:47.212+0000] {logging_mixin.py:190} INFO - [2026-09-07T20:47:47.212+0000] {dag.py:4180} INFO - Setting next_dagrun for oil_price_pipeline_dag to None, run_after=None
[2026-09-07T20:47:47.240+0000] {processor.py:208} INFO - Processing /opt/airflow/dags/ml_03_oil_pipeline.py took 0.413 seconds
[2026-09-07T20:48:17.375+0000] {processor.py:186} INFO - Started process (PID=1106) to work on /opt/airflow/dags/ml_03_oil_pipeline.py
[2026-09-07T20:48:17.376+0000] {processor.py:914} INFO - Processing file /opt/airflow/dags/ml_03_oil_pipeline.py for tasks to queue
[2026-09-07T20:48:17.377+0000] {logging_mixin.py:190} INFO - [2026-09-07T20:48:17.377+0000] {dagbag.py:588} INFO - Filling up the DagBag from /opt/airflow/dags/ml_03_oil_pipeline.py
[2026-09-07T20:48:17.745+0000] {processor.py:925} INFO - DAG(s) 'oil_price_pipeline_dag' retrieved from /opt/airflow/dags/ml_03_oil_pipeline.py
[2026-09-07T20:48:17.763+0000] {logging_mixin.py:190} INFO - [2026-09-07T20:48:17.763+0000] {dag.py:3239} INFO - Sync 1 DAGs
[2026-09-07T20:48:17.773+0000] {logging_mixin.py:190} INFO - [2026-09-07T20:48:17.772+0000] {dag.py:4180} INFO - Setting next_dagrun for oil_price_pipeline_dag to None, run_after=None
[2026-09-07T20:48:17.789+0000] {processor.py:208} INFO - Processing /opt/airflow/dags/ml_03_oil_pipeline.py took 0.419 seconds
[2026-09-07T20:48:47.976+0000] {processor.py:186} INFO - Started process (PID=1120) to work on /opt/airflow/dags/ml_03_oil_pipeline.py
[2026-09-07T20:48:47.976+0000] {processor.py:914} INFO - Processing file /opt/airflow/dags/ml_03_oil_pipeline.py for tasks to queue
[2026-09-07T20:48:47.977+0000] {logging_mixin.py:190} INFO - [2026-09-07T20:48:47.977+0000] {dagbag.py:588} INFO - Filling up the DagBag from /opt/airflow/dags/ml_03_oil_pipeline.py
[2026-09-07T20:48:48.336+0000] {processor.py:925} INFO - DAG(s) 'oil_price_pipeline_dag' retrieved from /opt/airflow/dags/ml_03_oil_pipeline.py
[2026-09-07T20:48:48.359+0000] {logging_mixin.py:190} INFO - [2026-09-07T20:48:48.358+0000] {dag.py:3239} INFO - Sync 1 DAGs
[2026-09-07T20:48:48.369+0000] {logging_mixin.py:190} INFO - [2026-09-07T20:48:48.368+0000] {dag.py:4180} INFO - Setting next_dagrun for oil_price_pipeline_dag to None, run_after=None
[2026-09-07T20:48:48.387+0000] {processor.py:208} INFO - Processing /opt/airflow/dags/ml_03_oil_pipeline.py took 0.418 seconds
[2026-09-07T20:49:18.470+0000] {processor.py:186} INFO - Started process (PID=1134) to work on /opt/airflow/dags/ml_03_oil_pipeline.py
[2026-09-07T20:49:18.471+0000] {processor.py:914} INFO - Processing file /opt/airflow/dags/ml_03_oil_pipeline.py for tasks to queue
[2026-09-07T20:49:18.472+0000] {logging_mixin.py:190} INFO - [2026-09-07T20:49:18.472+0000] {dagbag.py:588} INFO - Filling up the DagBag from /opt/airflow/dags/ml_03_oil_pipeline.py
[2026-09-07T20:49:18.893+0000] {processor.py:925} INFO - DAG(s) 'oil_price_pipeline_dag' retrieved from /opt/airflow/dags/ml_03_oil_pipeline.py
[2026-09-07T20:49:18.916+0000] {logging_mixin.py:190} INFO - [2026-09-07T20:49:18.916+0000] {dag.py:3239} INFO - Sync 1 DAGs
[2026-09-07T20:49:18.928+0000] {logging_mixin.py:190} INFO - [2026-09-07T20:49:18.928+0000] {dag.py:4180} INFO - Setting next_dagrun for oil_price_pipeline_dag to None, run_after=None
[2026-09-07T20:49:18.944+0000] {processor.py:208} INFO - Processing /opt/airflow/dags/ml_03_oil_pipeline.py took 0.479 seconds
[2026-09-07T20:49:49.172+0000] {processor.py:186} INFO - Started process (PID=1148) to work on /opt/airflow/dags/ml_03_oil_pipeline.py
[2026-09-07T20:49:49.172+0000] {processor.py:914} INFO - Processing file /opt/airflow/dags/ml_03_oil_pipeline.py for tasks to queue
[2026-09-07T20:49:49.173+0000] {logging_mixin.py:190} INFO - [2026-09-07T20:49:49.173+0000] {dagbag.py:588} INFO - Filling up the DagBag from /opt/airflow/dags/ml_03_oil_pipeline.py
[2026-09-07T20:49:49.515+0000] {processor.py:925} INFO - DAG(s) 'oil_price_pipeline_dag' retrieved from /opt/airflow/dags/ml_03_oil_pipeline.py
[2026-09-07T20:49:49.533+0000] {logging_mixin.py:190} INFO - [2026-09-07T20:49:49.533+0000] {dag.py:3239} INFO - Sync 1 DAGs
[2026-09-07T20:49:49.543+0000] {logging_mixin.py:190} INFO - [2026-09-07T20:49:49.542+0000] {dag.py:4180} INFO - Setting next_dagrun for oil_price_pipeline_dag to None, run_after=None
[2026-09-07T20:49:49.558+0000] {processor.py:208} INFO - Processing /opt/airflow/dags/ml_03_oil_pipeline.py took 0.393 seconds
[2026-09-07T20:50:19.893+0000] {processor.py:186} INFO - Started process (PID=1162) to work on /opt/airflow/dags/ml_03_oil_pipeline.py
[2026-09-07T20:50:19.894+0000] {processor.py:914} INFO - Processing file /opt/airflow/dags/ml_03_oil_pipeline.py for tasks to queue
[2026-09-07T20:50:19.895+0000] {logging_mixin.py:190} INFO - [2026-09-07T20:50:19.895+0000] {dagbag.py:588} INFO - Filling up the DagBag from /opt/airflow/dags/ml_03_oil_pipeline.py
[2026-09-07T20:50:20.311+0000] {processor.py:925} INFO - DAG(s) 'oil_price_pipeline_dag' retrieved from /opt/airflow/dags/ml_03_oil_pipeline.py
[2026-09-07T20:50:20.333+0000] {logging_mixin.py:190} INFO - [2026-09-07T20:50:20.333+0000] {dag.py:3239} INFO - Sync 1 DAGs
[2026-09-07T20:50:20.343+0000] {logging_mixin.py:190} INFO - [2026-09-07T20:50:20.343+0000] {dag.py:4180} INFO - Setting next_dagrun for oil_price_pipeline_dag to None, run_after=None
[2026-09-07T20:50:20.368+0000] {processor.py:208} INFO - Processing /opt/airflow/dags/ml_03_oil_pipeline.py took 0.479 seconds
[2026-09-07T20:50:51.060+0000] {processor.py:186} INFO - Started process (PID=1176) to work on /opt/airflow/dags/ml_03_oil_pipeline.py
[2026-09-07T20:50:51.061+0000] {processor.py:914} INFO - Processing file /opt/airflow/dags/ml_03_oil_pipeline.py for tasks to queue
[2026-09-07T20:50:51.063+0000] {logging_mixin.py:190} INFO - [2026-09-07T20:50:51.062+0000] {dagbag.py:588} INFO - Filling up the DagBag from /opt/airflow/dags/ml_03_oil_pipeline.py
[2026-09-07T20:50:51.442+0000] {processor.py:925} INFO - DAG(s) 'oil_price_pipeline_dag' retrieved from /opt/airflow/dags/ml_03_oil_pipeline.py
[2026-09-07T20:50:51.463+0000] {logging_mixin.py:190} INFO - [2026-09-07T20:50:51.462+0000] {dag.py:3239} INFO - Sync 1 DAGs
[2026-09-07T20:50:51.474+0000] {logging_mixin.py:190} INFO - [2026-09-07T20:50:51.474+0000] {dag.py:4180} INFO - Setting next_dagrun for oil_price_pipeline_dag to None, run_after=None
[2026-09-07T20:50:51.492+0000] {processor.py:208} INFO - Processing /opt/airflow/dags/ml_03_oil_pipeline.py took 0.437 seconds
[2026-09-07T20:51:21.673+0000] {processor.py:186} INFO - Started process (PID=1196) to work on /opt/airflow/dags/ml_03_oil_pipeline.py
[2026-09-07T20:51:21.674+0000] {processor.py:914} INFO - Processing file /opt/airflow/dags/ml_03_oil_pipeline.py for tasks to queue
[2026-09-07T20:51:21.675+0000] {logging_mixin.py:190} INFO - [2026-09-07T20:51:21.674+0000] {dagbag.py:588} INFO - Filling up the DagBag from /opt/airflow/dags/ml_03_oil_pipeline.py
[2026-09-07T20:51:22.105+0000] {processor.py:925} INFO - DAG(s) 'oil_price_pipeline_dag' retrieved from /opt/airflow/dags/ml_03_oil_pipeline.py
[2026-09-07T20:51:22.129+0000] {logging_mixin.py:190} INFO - [2026-09-07T20:51:22.128+0000] {dag.py:3239} INFO - Sync 1 DAGs
[2026-09-07T20:51:22.138+0000] {logging_mixin.py:190} INFO - [2026-09-07T20:51:22.137+0000] {dag.py:4180} INFO - Setting next_dagrun for oil_price_pipeline_dag to None, run_after=None
[2026-09-07T20:51:22.157+0000] {processor.py:208} INFO - Processing /opt/airflow/dags/ml_03_oil_pipeline.py took 0.489 seconds
[2026-09-07T20:51:52.325+0000] {processor.py:186} INFO - Started process (PID=1210) to work on /opt/airflow/dags/ml_03_oil_pipeline.py
[2026-09-07T20:51:52.326+0000] {processor.py:914} INFO - Processing file /opt/airflow/dags/ml_03_oil_pipeline.py for tasks to queue
[2026-09-07T20:51:52.328+0000] {logging_mixin.py:190} INFO - [2026-09-07T20:51:52.328+0000] {dagbag.py:588} INFO - Filling up the DagBag from /opt/airflow/dags/ml_03_oil_pipeline.py
[2026-09-07T20:51:52.689+0000] {processor.py:925} INFO - DAG(s) 'oil_price_pipeline_dag' retrieved from /opt/airflow/dags/ml_03_oil_pipeline.py
[2026-09-07T20:51:52.714+0000] {logging_mixin.py:190} INFO - [2026-09-07T20:51:52.714+0000] {dag.py:3239} INFO - Sync 1 DAGs
[2026-09-07T20:51:52.724+0000] {logging_mixin.py:190} INFO - [2026-09-07T20:51:52.724+0000] {dag.py:4180} INFO - Setting next_dagrun for oil_price_pipeline_dag to None, run_after=None
[2026-09-07T20:51:52.744+0000] {processor.py:208} INFO - Processing /opt/airflow/dags/ml_03_oil_pipeline.py took 0.427 seconds
[2026-09-07T20:52:22.984+0000] {processor.py:186} INFO - Started process (PID=1224) to work on /opt/airflow/dags/ml_03_oil_pipeline.py
[2026-09-07T20:52:22.985+0000] {processor.py:914} INFO - Processing file /opt/airflow/dags/ml_03_oil_pipeline.py for tasks to queue
[2026-09-07T20:52:22.986+0000] {logging_mixin.py:190} INFO - [2026-09-07T20:52:22.986+0000] {dagbag.py:588} INFO - Filling up the DagBag from /opt/airflow/dags/ml_03_oil_pipeline.py
[2026-09-07T20:52:23.326+0000] {processor.py:925} INFO - DAG(s) 'oil_price_pipeline_dag' retrieved from /opt/airflow/dags/ml_03_oil_pipeline.py
[2026-09-07T20:52:23.343+0000] {logging_mixin.py:190} INFO - [2026-09-07T20:52:23.343+0000] {dag.py:3239} INFO - Sync 1 DAGs
[2026-09-07T20:52:23.356+0000] {logging_mixin.py:190} INFO - [2026-09-07T20:52:23.356+0000] {dag.py:4180} INFO - Setting next_dagrun for oil_price_pipeline_dag to None, run_after=None
[2026-09-07T20:52:23.376+0000] {processor.py:208} INFO - Processing /opt/airflow/dags/ml_03_oil_pipeline.py took 0.398 seconds
[2026-09-07T20:52:53.562+0000] {processor.py:186} INFO - Started process (PID=1238) to work on /opt/airflow/dags/ml_03_oil_pipeline.py
[2026-09-07T20:52:53.563+0000] {processor.py:914} INFO - Processing file /opt/airflow/dags/ml_03_oil_pipeline.py for tasks to queue
[2026-09-07T20:52:53.564+0000] {logging_mixin.py:190} INFO - [2026-09-07T20:52:53.564+0000] {dagbag.py:588} INFO - Filling up the DagBag from /opt/airflow/dags/ml_03_oil_pipeline.py
[2026-09-07T20:52:54.010+0000] {processor.py:925} INFO - DAG(s) 'oil_price_pipeline_dag' retrieved from /opt/airflow/dags/ml_03_oil_pipeline.py
[2026-09-07T20:52:54.029+0000] {logging_mixin.py:190} INFO - [2026-09-07T20:52:54.029+0000] {dag.py:3239} INFO - Sync 1 DAGs
[2026-09-07T20:52:54.037+0000] {logging_mixin.py:190} INFO - [2026-09-07T20:52:54.037+0000] {dag.py:4180} INFO - Setting next_dagrun for oil_price_pipeline_dag to None, run_after=None
[2026-09-07T20:52:54.052+0000] {processor.py:208} INFO - Processing /opt/airflow/dags/ml_03_oil_pipeline.py took 0.495 seconds
[2026-09-07T20:53:24.260+0000] {processor.py:186} INFO - Started process (PID=1252) to work on /opt/airflow/dags/ml_03_oil_pipeline.py
[2026-09-07T20:53:24.261+0000] {processor.py:914} INFO - Processing file /opt/airflow/dags/ml_03_oil_pipeline.py for tasks to queue
[2026-09-07T20:53:24.262+0000] {logging_mixin.py:190} INFO - [2026-09-07T20:53:24.262+0000] {dagbag.py:588} INFO - Filling up the DagBag from /opt/airflow/dags/ml_03_oil_pipeline.py
[2026-09-07T20:53:24.691+0000] {processor.py:925} INFO - DAG(s) 'oil_price_pipeline_dag' retrieved from /opt/airflow/dags/ml_03_oil_pipeline.py
[2026-09-07T20:53:24.711+0000] {logging_mixin.py:190} INFO - [2026-09-07T20:53:24.710+0000] {dag.py:3239} INFO - Sync 1 DAGs
[2026-09-07T20:53:24.720+0000] {logging_mixin.py:190} INFO - [2026-09-07T20:53:24.720+0000] {dag.py:4180} INFO - Setting next_dagrun for oil_price_pipeline_dag to None, run_after=None
[2026-09-07T20:53:24.738+0000] {processor.py:208} INFO - Processing /opt/airflow/dags/ml_03_oil_pipeline.py took 0.482 seconds
[2026-09-07T20:53:54.875+0000] {processor.py:186} INFO - Started process (PID=1266) to work on /opt/airflow/dags/ml_03_oil_pipeline.py
[2026-09-07T20:53:54.876+0000] {processor.py:914} INFO - Processing file /opt/airflow/dags/ml_03_oil_pipeline.py for tasks to queue
[2026-09-07T20:53:54.877+0000] {logging_mixin.py:190} INFO - [2026-09-07T20:53:54.877+0000] {dagbag.py:588} INFO - Filling up the DagBag from /opt/airflow/dags/ml_03_oil_pipeline.py
[2026-09-07T20:53:55.251+0000] {processor.py:925} INFO - DAG(s) 'oil_price_pipeline_dag' retrieved from /opt/airflow/dags/ml_03_oil_pipeline.py
[2026-09-07T20:53:55.272+0000] {logging_mixin.py:190} INFO - [2026-09-07T20:53:55.271+0000] {dag.py:3239} INFO - Sync 1 DAGs
[2026-09-07T20:53:55.281+0000] {logging_mixin.py:190} INFO - [2026-09-07T20:53:55.281+0000] {dag.py:4180} INFO - Setting next_dagrun for oil_price_pipeline_dag to None, run_after=None
[2026-09-07T20:53:55.296+0000] {processor.py:208} INFO - Processing /opt/airflow/dags/ml_03_oil_pipeline.py took 0.426 seconds
[2026-09-07T20:54:25.375+0000] {processor.py:186} INFO - Started process (PID=1280) to work on /opt/airflow/dags/ml_03_oil_pipeline.py
[2026-09-07T20:54:25.376+0000] {processor.py:914} INFO - Processing file /opt/airflow/dags/ml_03_oil_pipeline.py for tasks to queue
[2026-09-07T20:54:25.377+0000] {logging_mixin.py:190} INFO - [2026-09-07T20:54:25.377+0000] {dagbag.py:588} INFO - Filling up the DagBag from /opt/airflow/dags/ml_03_oil_pipeline.py
[2026-09-07T20:54:25.731+0000] {processor.py:925} INFO - DAG(s) 'oil_price_pipeline_dag' retrieved from /opt/airflow/dags/ml_03_oil_pipeline.py
[2026-09-07T20:54:25.750+0000] {logging_mixin.py:190} INFO - [2026-09-07T20:54:25.750+0000] {dag.py:3239} INFO - Sync 1 DAGs
[2026-09-07T20:54:25.759+0000] {logging_mixin.py:190} INFO - [2026-09-07T20:54:25.759+0000] {dag.py:4180} INFO - Setting next_dagrun for oil_price_pipeline_dag to None, run_after=None
[2026-09-07T20:54:25.773+0000] {processor.py:208} INFO - Processing /opt/airflow/dags/ml_03_oil_pipeline.py took 0.403 seconds
[2026-09-07T20:54:56.080+0000] {processor.py:186} INFO - Started process (PID=1295) to work on /opt/airflow/dags/ml_03_oil_pipeline.py
[2026-09-07T20:54:56.080+0000] {processor.py:914} INFO - Processing file /opt/airflow/dags/ml_03_oil_pipeline.py for tasks to queue
[2026-09-07T20:54:56.082+0000] {logging_mixin.py:190} INFO - [2026-09-07T20:54:56.081+0000] {dagbag.py:588} INFO - Filling up the DagBag from /opt/airflow/dags/ml_03_oil_pipeline.py
[2026-09-07T20:54:56.418+0000] {processor.py:925} INFO - DAG(s) 'oil_price_pipeline_dag' retrieved from /opt/airflow/dags/ml_03_oil_pipeline.py
[2026-09-07T20:54:56.435+0000] {logging_mixin.py:190} INFO - [2026-09-07T20:54:56.435+0000] {dag.py:3239} INFO - Sync 1 DAGs
[2026-09-07T20:54:56.446+0000] {logging_mixin.py:190} INFO - [2026-09-07T20:54:56.446+0000] {dag.py:4180} INFO - Setting next_dagrun for oil_price_pipeline_dag to None, run_after=None
[2026-09-07T20:54:56.461+0000] {processor.py:208} INFO - Processing /opt/airflow/dags/ml_03_oil_pipeline.py took 0.389 seconds
[2026-09-07T20:55:26.682+0000] {processor.py:186} INFO - Started process (PID=1309) to work on /opt/airflow/dags/ml_03_oil_pipeline.py
[2026-09-07T20:55:26.683+0000] {processor.py:914} INFO - Processing file /opt/airflow/dags/ml_03_oil_pipeline.py for tasks to queue
[2026-09-07T20:55:26.684+0000] {logging_mixin.py:190} INFO - [2026-09-07T20:55:26.683+0000] {dagbag.py:588} INFO - Filling up the DagBag from /opt/airflow/dags/ml_03_oil_pipeline.py
[2026-09-07T20:55:27.109+0000] {processor.py:925} INFO - DAG(s) 'oil_price_pipeline_dag' retrieved from /opt/airflow/dags/ml_03_oil_pipeline.py
[2026-09-07T20:55:27.130+0000] {logging_mixin.py:190} INFO - [2026-09-07T20:55:27.129+0000] {dag.py:3239} INFO - Sync 1 DAGs
[2026-09-07T20:55:27.140+0000] {logging_mixin.py:190} INFO - [2026-09-07T20:55:27.140+0000] {dag.py:4180} INFO - Setting next_dagrun for oil_price_pipeline_dag to None, run_after=None
[2026-09-07T20:55:27.157+0000] {processor.py:208} INFO - Processing /opt/airflow/dags/ml_03_oil_pipeline.py took 0.481 seconds
[2026-09-07T20:55:57.400+0000] {processor.py:186} INFO - Started process (PID=1323) to work on /opt/airflow/dags/ml_03_oil_pipeline.py
[2026-09-07T20:55:57.401+0000] {processor.py:914} INFO - Processing file /opt/airflow/dags/ml_03_oil_pipeline.py for tasks to queue
[2026-09-07T20:55:57.402+0000] {logging_mixin.py:190} INFO - [2026-09-07T20:55:57.402+0000] {dagbag.py:588} INFO - Filling up the DagBag from /opt/airflow/dags/ml_03_oil_pipeline.py
[2026-09-07T20:55:57.768+0000] {processor.py:925} INFO - DAG(s) 'oil_price_pipeline_dag' retrieved from /opt/airflow/dags/ml_03_oil_pipeline.py
[2026-09-07T20:55:57.785+0000] {logging_mixin.py:190} INFO - [2026-09-07T20:55:57.785+0000] {dag.py:3239} INFO - Sync 1 DAGs
[2026-09-07T20:55:57.794+0000] {logging_mixin.py:190} INFO - [2026-09-07T20:55:57.793+0000] {dag.py:4180} INFO - Setting next_dagrun for oil_price_pipeline_dag to None, run_after=None
[2026-09-07T20:55:57.808+0000] {processor.py:208} INFO - Processing /opt/airflow/dags/ml_03_oil_pipeline.py took 0.413 seconds
[2026-09-07T20:56:27.924+0000] {processor.py:186} INFO - Started process (PID=1337) to work on /opt/airflow/dags/ml_03_oil_pipeline.py
[2026-09-07T20:56:27.924+0000] {processor.py:914} INFO - Processing file /opt/airflow/dags/ml_03_oil_pipeline.py for tasks to queue
[2026-09-07T20:56:27.926+0000] {logging_mixin.py:190} INFO - [2026-09-07T20:56:27.925+0000] {dagbag.py:588} INFO - Filling up the DagBag from /opt/airflow/dags/ml_03_oil_pipeline.py
[2026-09-07T20:56:28.253+0000] {processor.py:925} INFO - DAG(s) 'oil_price_pipeline_dag' retrieved from /opt/airflow/dags/ml_03_oil_pipeline.py
[2026-09-07T20:56:28.270+0000] {logging_mixin.py:190} INFO - [2026-09-07T20:56:28.270+0000] {dag.py:3239} INFO - Sync 1 DAGs
[2026-09-07T20:56:28.279+0000] {logging_mixin.py:190} INFO - [2026-09-07T20:56:28.279+0000] {dag.py:4180} INFO - Setting next_dagrun for oil_price_pipeline_dag to None, run_after=None
[2026-09-07T20:56:28.293+0000] {processor.py:208} INFO - Processing /opt/airflow/dags/ml_03_oil_pipeline.py took 0.374 seconds
[2026-09-07T20:56:58.543+0000] {processor.py:186} INFO - Started process (PID=1351) to work on /opt/airflow/dags/ml_03_oil_pipeline.py
[2026-09-07T20:56:58.543+0000] {processor.py:914} INFO - Processing file /opt/airflow/dags/ml_03_oil_pipeline.py for tasks to queue
[2026-09-07T20:56:58.545+0000] {logging_mixin.py:190} INFO - [2026-09-07T20:56:58.544+0000] {dagbag.py:588} INFO - Filling up the DagBag from /opt/airflow/dags/ml_03_oil_pipeline.py
[2026-09-07T20:56:58.938+0000] {processor.py:925} INFO - DAG(s) 'oil_price_pipeline_dag' retrieved from /opt/airflow/dags/ml_03_oil_pipeline.py
[2026-09-07T20:56:58.958+0000] {logging_mixin.py:190} INFO - [2026-09-07T20:56:58.958+0000] {dag.py:3239} INFO - Sync 1 DAGs
[2026-09-07T20:56:58.969+0000] {logging_mixin.py:190} INFO - [2026-09-07T20:56:58.968+0000] {dag.py:4180} INFO - Setting next_dagrun for oil_price_pipeline_dag to None, run_after=None
[2026-09-07T20:56:58.987+0000] {processor.py:208} INFO - Processing /opt/airflow/dags/ml_03_oil_pipeline.py took 0.450 seconds
[2026-09-07T21:02:09.641+0000] {processor.py:186} INFO - Started process (PID=105) to work on /opt/airflow/dags/ml_03_oil_pipeline.py
[2026-09-07T21:02:09.642+0000] {processor.py:914} INFO - Processing file /opt/airflow/dags/ml_03_oil_pipeline.py for tasks to queue
[2026-09-07T21:02:09.643+0000] {logging_mixin.py:190} INFO - [2026-09-07T21:02:09.643+0000] {dagbag.py:588} INFO - Filling up the DagBag from /opt/airflow/dags/ml_03_oil_pipeline.py
[2026-09-07T21:02:10.800+0000] {processor.py:925} INFO - DAG(s) 'oil_price_pipeline_dag' retrieved from /opt/airflow/dags/ml_03_oil_pipeline.py
[2026-09-07T21:02:10.821+0000] {logging_mixin.py:190} INFO - [2026-09-07T21:02:10.820+0000] {dag.py:3239} INFO - Sync 1 DAGs
[2026-09-07T21:02:10.830+0000] {logging_mixin.py:190} INFO - [2026-09-07T21:02:10.830+0000] {dag.py:4180} INFO - Setting next_dagrun for oil_price_pipeline_dag to None, run_after=None
[2026-09-07T21:02:10.846+0000] {processor.py:208} INFO - Processing /opt/airflow/dags/ml_03_oil_pipeline.py took 1.211 seconds
[2026-09-07T21:02:41.259+0000] {processor.py:186} INFO - Started process (PID=119) to work on /opt/airflow/dags/ml_03_oil_pipeline.py
[2026-09-07T21:02:41.260+0000] {processor.py:914} INFO - Processing file /opt/airflow/dags/ml_03_oil_pipeline.py for tasks to queue
[2026-09-07T21:02:41.261+0000] {logging_mixin.py:190} INFO - [2026-09-07T21:02:41.261+0000] {dagbag.py:588} INFO - Filling up the DagBag from /opt/airflow/dags/ml_03_oil_pipeline.py
[2026-09-07T21:02:41.689+0000] {processor.py:925} INFO - DAG(s) 'oil_price_pipeline_dag' retrieved from /opt/airflow/dags/ml_03_oil_pipeline.py
[2026-09-07T21:02:41.711+0000] {logging_mixin.py:190} INFO - [2026-09-07T21:02:41.711+0000] {dag.py:3239} INFO - Sync 1 DAGs
[2026-09-07T21:02:41.721+0000] {logging_mixin.py:190} INFO - [2026-09-07T21:02:41.721+0000] {dag.py:4180} INFO - Setting next_dagrun for oil_price_pipeline_dag to None, run_after=None
[2026-09-07T21:02:41.739+0000] {processor.py:208} INFO - Processing /opt/airflow/dags/ml_03_oil_pipeline.py took 0.486 seconds
[2026-09-07T21:03:12.078+0000] {processor.py:186} INFO - Started process (PID=133) to work on /opt/airflow/dags/ml_03_oil_pipeline.py
[2026-09-07T21:03:12.079+0000] {processor.py:914} INFO - Processing file /opt/airflow/dags/ml_03_oil_pipeline.py for tasks to queue
[2026-09-07T21:03:12.080+0000] {logging_mixin.py:190} INFO - [2026-09-07T21:03:12.080+0000] {dagbag.py:588} INFO - Filling up the DagBag from /opt/airflow/dags/ml_03_oil_pipeline.py
[2026-09-07T21:03:12.529+0000] {processor.py:925} INFO - DAG(s) 'oil_price_pipeline_dag' retrieved from /opt/airflow/dags/ml_03_oil_pipeline.py
[2026-09-07T21:03:12.549+0000] {logging_mixin.py:190} INFO - [2026-09-07T21:03:12.549+0000] {dag.py:3239} INFO - Sync 1 DAGs
[2026-09-07T21:03:12.560+0000] {logging_mixin.py:190} INFO - [2026-09-07T21:03:12.560+0000] {dag.py:4180} INFO - Setting next_dagrun for oil_price_pipeline_dag to None, run_after=None
[2026-09-07T21:03:12.579+0000] {processor.py:208} INFO - Processing /opt/airflow/dags/ml_03_oil_pipeline.py took 0.506 seconds
[2026-09-07T21:03:43.268+0000] {processor.py:186} INFO - Started process (PID=147) to work on /opt/airflow/dags/ml_03_oil_pipeline.py
[2026-09-07T21:03:43.268+0000] {processor.py:914} INFO - Processing file /opt/airflow/dags/ml_03_oil_pipeline.py for tasks to queue
[2026-09-07T21:03:43.270+0000] {logging_mixin.py:190} INFO - [2026-09-07T21:03:43.269+0000] {dagbag.py:588} INFO - Filling up the DagBag from /opt/airflow/dags/ml_03_oil_pipeline.py
[2026-09-07T21:03:43.664+0000] {processor.py:925} INFO - DAG(s) 'oil_price_pipeline_dag' retrieved from /opt/airflow/dags/ml_03_oil_pipeline.py
[2026-09-07T21:03:43.687+0000] {logging_mixin.py:190} INFO - [2026-09-07T21:03:43.686+0000] {dag.py:3239} INFO - Sync 1 DAGs
[2026-09-07T21:03:43.699+0000] {logging_mixin.py:190} INFO - [2026-09-07T21:03:43.699+0000] {dag.py:4180} INFO - Setting next_dagrun for oil_price_pipeline_dag to None, run_after=None
[2026-09-07T21:03:43.718+0000] {processor.py:208} INFO - Processing /opt/airflow/dags/ml_03_oil_pipeline.py took 0.456 seconds
[2026-09-07T21:04:14.300+0000] {processor.py:186} INFO - Started process (PID=161) to work on /opt/airflow/dags/ml_03_oil_pipeline.py
[2026-09-07T21:04:14.301+0000] {processor.py:914} INFO - Processing file /opt/airflow/dags/ml_03_oil_pipeline.py for tasks to queue
[2026-09-07T21:04:14.302+0000] {logging_mixin.py:190} INFO - [2026-09-07T21:04:14.301+0000] {dagbag.py:588} INFO - Filling up the DagBag from /opt/airflow/dags/ml_03_oil_pipeline.py
[2026-09-07T21:04:14.641+0000] {processor.py:925} INFO - DAG(s) 'oil_price_pipeline_dag' retrieved from /opt/airflow/dags/ml_03_oil_pipeline.py
[2026-09-07T21:04:14.660+0000] {logging_mixin.py:190} INFO - [2026-09-07T21:04:14.659+0000] {dag.py:3239} INFO - Sync 1 DAGs
[2026-09-07T21:04:14.669+0000] {logging_mixin.py:190} INFO - [2026-09-07T21:04:14.668+0000] {dag.py:4180} INFO - Setting next_dagrun for oil_price_pipeline_dag to None, run_after=None
[2026-09-07T21:04:14.682+0000] {processor.py:208} INFO - Processing /opt/airflow/dags/ml_03_oil_pipeline.py took 0.386 seconds
[2026-09-07T21:04:45.270+0000] {processor.py:186} INFO - Started process (PID=175) to work on /opt/airflow/dags/ml_03_oil_pipeline.py
[2026-09-07T21:04:45.271+0000] {processor.py:914} INFO - Processing file /opt/airflow/dags/ml_03_oil_pipeline.py for tasks to queue
[2026-09-07T21:04:45.272+0000] {logging_mixin.py:190} INFO - [2026-09-07T21:04:45.272+0000] {dagbag.py:588} INFO - Filling up the DagBag from /opt/airflow/dags/ml_03_oil_pipeline.py
[2026-09-07T21:04:45.527+0000] {processor.py:925} INFO - DAG(s) 'oil_price_pipeline_dag' retrieved from /opt/airflow/dags/ml_03_oil_pipeline.py
[2026-09-07T21:04:45.553+0000] {logging_mixin.py:190} INFO - [2026-09-07T21:04:45.553+0000] {dag.py:3239} INFO - Sync 1 DAGs
[2026-09-07T21:04:45.566+0000] {logging_mixin.py:190} INFO - [2026-09-07T21:04:45.565+0000] {dag.py:4180} INFO - Setting next_dagrun for oil_price_pipeline_dag to None, run_after=None
[2026-09-07T21:04:45.583+0000] {processor.py:208} INFO - Processing /opt/airflow/dags/ml_03_oil_pipeline.py took 0.318 seconds
[2026-09-07T21:05:15.814+0000] {processor.py:186} INFO - Started process (PID=189) to work on /opt/airflow/dags/ml_03_oil_pipeline.py
[2026-09-07T21:05:15.814+0000] {processor.py:914} INFO - Processing file /opt/airflow/dags/ml_03_oil_pipeline.py for tasks to queue
[2026-09-07T21:05:15.816+0000] {logging_mixin.py:190} INFO - [2026-09-07T21:05:15.815+0000] {dagbag.py:588} INFO - Filling up the DagBag from /opt/airflow/dags/ml_03_oil_pipeline.py
[2026-09-07T21:05:16.057+0000] {processor.py:925} INFO - DAG(s) 'oil_price_pipeline_dag' retrieved from /opt/airflow/dags/ml_03_oil_pipeline.py
[2026-09-07T21:05:16.079+0000] {logging_mixin.py:190} INFO - [2026-09-07T21:05:16.079+0000] {dag.py:3239} INFO - Sync 1 DAGs
[2026-09-07T21:05:16.089+0000] {logging_mixin.py:190} INFO - [2026-09-07T21:05:16.089+0000] {dag.py:4180} INFO - Setting next_dagrun for oil_price_pipeline_dag to None, run_after=None
[2026-09-07T21:05:16.106+0000] {processor.py:208} INFO - Processing /opt/airflow/dags/ml_03_oil_pipeline.py took 0.297 seconds
[2026-09-07T21:05:46.385+0000] {processor.py:186} INFO - Started process (PID=203) to work on /opt/airflow/dags/ml_03_oil_pipeline.py
[2026-09-07T21:05:46.386+0000] {processor.py:914} INFO - Processing file /opt/airflow/dags/ml_03_oil_pipeline.py for tasks to queue
[2026-09-07T21:05:46.387+0000] {logging_mixin.py:190} INFO - [2026-09-07T21:05:46.386+0000] {dagbag.py:588} INFO - Filling up the DagBag from /opt/airflow/dags/ml_03_oil_pipeline.py
[2026-09-07T21:05:46.648+0000] {processor.py:925} INFO - DAG(s) 'oil_price_pipeline_dag' retrieved from /opt/airflow/dags/ml_03_oil_pipeline.py
[2026-09-07T21:05:46.674+0000] {logging_mixin.py:190} INFO - [2026-09-07T21:05:46.674+0000] {dag.py:3239} INFO - Sync 1 DAGs
[2026-09-07T21:05:46.687+0000] {logging_mixin.py:190} INFO - [2026-09-07T21:05:46.687+0000] {dag.py:4180} INFO - Setting next_dagrun for oil_price_pipeline_dag to None, run_after=None
[2026-09-07T21:05:46.707+0000] {processor.py:208} INFO - Processing /opt/airflow/dags/ml_03_oil_pipeline.py took 0.327 seconds
[2026-09-07T21:06:17.137+0000] {processor.py:186} INFO - Started process (PID=223) to work on /opt/airflow/dags/ml_03_oil_pipeline.py
[2026-09-07T21:06:17.138+0000] {processor.py:914} INFO - Processing file /opt/airflow/dags/ml_03_oil_pipeline.py for tasks to queue
[2026-09-07T21:06:17.139+0000] {logging_mixin.py:190} INFO - [2026-09-07T21:06:17.139+0000] {dagbag.py:588} INFO - Filling up the DagBag from /opt/airflow/dags/ml_03_oil_pipeline.py
[2026-09-07T21:06:17.454+0000] {processor.py:925} INFO - DAG(s) 'oil_price_pipeline_dag' retrieved from /opt/airflow/dags/ml_03_oil_pipeline.py
[2026-09-07T21:06:17.482+0000] {logging_mixin.py:190} INFO - [2026-09-07T21:06:17.481+0000] {dag.py:3239} INFO - Sync 1 DAGs
[2026-09-07T21:06:17.495+0000] {logging_mixin.py:190} INFO - [2026-09-07T21:06:17.495+0000] {dag.py:4180} INFO - Setting next_dagrun for oil_price_pipeline_dag to None, run_after=None
[2026-09-07T21:06:17.515+0000] {processor.py:208} INFO - Processing /opt/airflow/dags/ml_03_oil_pipeline.py took 0.386 seconds
[2026-09-07T21:06:47.719+0000] {processor.py:186} INFO - Started process (PID=238) to work on /opt/airflow/dags/ml_03_oil_pipeline.py
[2026-09-07T21:06:47.720+0000] {processor.py:914} INFO - Processing file /opt/airflow/dags/ml_03_oil_pipeline.py for tasks to queue
[2026-09-07T21:06:47.721+0000] {logging_mixin.py:190} INFO - [2026-09-07T21:06:47.721+0000] {dagbag.py:588} INFO - Filling up the DagBag from /opt/airflow/dags/ml_03_oil_pipeline.py
[2026-09-07T21:06:48.014+0000] {processor.py:925} INFO - DAG(s) 'oil_price_pipeline_dag' retrieved from /opt/airflow/dags/ml_03_oil_pipeline.py
[2026-09-07T21:06:48.047+0000] {logging_mixin.py:190} INFO - [2026-09-07T21:06:48.047+0000] {dag.py:3239} INFO - Sync 1 DAGs
[2026-09-07T21:06:48.064+0000] {logging_mixin.py:190} INFO - [2026-09-07T21:06:48.063+0000] {dag.py:4180} INFO - Setting next_dagrun for oil_price_pipeline_dag to None, run_after=None
[2026-09-07T21:06:48.087+0000] {processor.py:208} INFO - Processing /opt/airflow/dags/ml_03_oil_pipeline.py took 0.374 seconds
[2026-09-07T21:07:18.334+0000] {processor.py:186} INFO - Started process (PID=252) to work on /opt/airflow/dags/ml_03_oil_pipeline.py
[2026-09-07T21:07:18.335+0000] {processor.py:914} INFO - Processing file /opt/airflow/dags/ml_03_oil_pipeline.py for tasks to queue
[2026-09-07T21:07:18.337+0000] {logging_mixin.py:190} INFO - [2026-09-07T21:07:18.336+0000] {dagbag.py:588} INFO - Filling up the DagBag from /opt/airflow/dags/ml_03_oil_pipeline.py
[2026-09-07T21:07:18.596+0000] {processor.py:925} INFO - DAG(s) 'oil_price_pipeline_dag' retrieved from /opt/airflow/dags/ml_03_oil_pipeline.py
[2026-09-07T21:07:18.620+0000] {logging_mixin.py:190} INFO - [2026-09-07T21:07:18.620+0000] {dag.py:3239} INFO - Sync 1 DAGs
[2026-09-07T21:07:18.632+0000] {logging_mixin.py:190} INFO - [2026-09-07T21:07:18.632+0000] {dag.py:4180} INFO - Setting next_dagrun for oil_price_pipeline_dag to None, run_after=None
[2026-09-07T21:07:18.656+0000] {processor.py:208} INFO - Processing /opt/airflow/dags/ml_03_oil_pipeline.py took 0.329 seconds
[2026-09-07T21:07:48.936+0000] {processor.py:186} INFO - Started process (PID=266) to work on /opt/airflow/dags/ml_03_oil_pipeline.py
[2026-09-07T21:07:48.937+0000] {processor.py:914} INFO - Processing file /opt/airflow/dags/ml_03_oil_pipeline.py for tasks to queue
[2026-09-07T21:07:48.938+0000] {logging_mixin.py:190} INFO - [2026-09-07T21:07:48.938+0000] {dagbag.py:588} INFO - Filling up the DagBag from /opt/airflow/dags/ml_03_oil_pipeline.py
[2026-09-07T21:07:49.312+0000] {processor.py:925} INFO - DAG(s) 'oil_price_pipeline_dag' retrieved from /opt/airflow/dags/ml_03_oil_pipeline.py
[2026-09-07T21:07:49.355+0000] {logging_mixin.py:190} INFO - [2026-09-07T21:07:49.354+0000] {dag.py:3239} INFO - Sync 1 DAGs
[2026-09-07T21:07:49.375+0000] {logging_mixin.py:190} INFO - [2026-09-07T21:07:49.375+0000] {dag.py:4180} INFO - Setting next_dagrun for oil_price_pipeline_dag to None, run_after=None
[2026-09-07T21:07:49.411+0000] {processor.py:208} INFO - Processing /opt/airflow/dags/ml_03_oil_pipeline.py took 0.484 seconds
[2026-09-07T21:08:19.623+0000] {processor.py:186} INFO - Started process (PID=280) to work on /opt/airflow/dags/ml_03_oil_pipeline.py
[2026-09-07T21:08:19.624+0000] {processor.py:914} INFO - Processing file /opt/airflow/dags/ml_03_oil_pipeline.py for tasks to queue
[2026-09-07T21:08:19.625+0000] {logging_mixin.py:190} INFO - [2026-09-07T21:08:19.624+0000] {dagbag.py:588} INFO - Filling up the DagBag from /opt/airflow/dags/ml_03_oil_pipeline.py
[2026-09-07T21:08:19.921+0000] {processor.py:925} INFO - DAG(s) 'oil_price_pipeline_dag' retrieved from /opt/airflow/dags/ml_03_oil_pipeline.py
[2026-09-07T21:08:19.945+0000] {logging_mixin.py:190} INFO - [2026-09-07T21:08:19.945+0000] {dag.py:3239} INFO - Sync 1 DAGs
[2026-09-07T21:08:19.957+0000] {logging_mixin.py:190} INFO - [2026-09-07T21:08:19.957+0000] {dag.py:4180} INFO - Setting next_dagrun for oil_price_pipeline_dag to None, run_after=None
[2026-09-07T21:08:19.976+0000] {processor.py:208} INFO - Processing /opt/airflow/dags/ml_03_oil_pipeline.py took 0.359 seconds
[2026-09-07T21:08:50.192+0000] {processor.py:186} INFO - Started process (PID=294) to work on /opt/airflow/dags/ml_03_oil_pipeline.py
[2026-09-07T21:08:50.192+0000] {processor.py:914} INFO - Processing file /opt/airflow/dags/ml_03_oil_pipeline.py for tasks to queue
[2026-09-07T21:08:50.194+0000] {logging_mixin.py:190} INFO - [2026-09-07T21:08:50.193+0000] {dagbag.py:588} INFO - Filling up the DagBag from /opt/airflow/dags/ml_03_oil_pipeline.py
[2026-09-07T21:08:50.485+0000] {processor.py:925} INFO - DAG(s) 'oil_price_pipeline_dag' retrieved from /opt/airflow/dags/ml_03_oil_pipeline.py
[2026-09-07T21:08:50.512+0000] {logging_mixin.py:190} INFO - [2026-09-07T21:08:50.511+0000] {dag.py:3239} INFO - Sync 1 DAGs
[2026-09-07T21:08:50.525+0000] {logging_mixin.py:190} INFO - [2026-09-07T21:08:50.525+0000] {dag.py:4180} INFO - Setting next_dagrun for oil_price_pipeline_dag to None, run_after=None
[2026-09-07T21:08:50.546+0000] {processor.py:208} INFO - Processing /opt/airflow/dags/ml_03_oil_pipeline.py took 0.360 seconds
