[2026-09-07T12:14:22.010+0000] {processor.py:186} INFO - Started process (PID=106) to work on /opt/airflow/dags/ml_01_iris_pipeline-3.py
[2026-09-07T12:14:22.010+0000] {processor.py:914} INFO - Processing file /opt/airflow/dags/ml_01_iris_pipeline-3.py for tasks to queue
[2026-09-07T12:14:22.012+0000] {logging_mixin.py:190} INFO - [2026-09-07T12:14:22.011+0000] {dagbag.py:588} INFO - Filling up the DagBag from /opt/airflow/dags/ml_01_iris_pipeline-3.py
[2026-09-07T12:14:22.028+0000] {processor.py:925} INFO - DAG(s) 'iris_pipeline_dag' retrieved from /opt/airflow/dags/ml_01_iris_pipeline-3.py
[2026-09-07T12:14:22.058+0000] {logging_mixin.py:190} INFO - [2026-09-07T12:14:22.058+0000] {dag.py:3239} INFO - Sync 1 DAGs
[2026-09-07T12:14:22.074+0000] {logging_mixin.py:190} INFO - [2026-09-07T12:14:22.073+0000] {dag.py:4180} INFO - Setting next_dagrun for iris_pipeline_dag to None, run_after=None
[2026-09-07T12:14:22.098+0000] {processor.py:208} INFO - Processing /opt/airflow/dags/ml_01_iris_pipeline-3.py took 0.094 seconds
[2026-09-07T12:14:53.039+0000] {processor.py:186} INFO - Started process (PID=120) to work on /opt/airflow/dags/ml_01_iris_pipeline-3.py
[2026-09-07T12:14:53.039+0000] {processor.py:914} INFO - Processing file /opt/airflow/dags/ml_01_iris_pipeline-3.py for tasks to queue
[2026-09-07T12:14:53.041+0000] {logging_mixin.py:190} INFO - [2026-09-07T12:14:53.041+0000] {dagbag.py:588} INFO - Filling up the DagBag from /opt/airflow/dags/ml_01_iris_pipeline-3.py
[2026-09-07T12:14:53.059+0000] {processor.py:925} INFO - DAG(s) 'iris_pipeline_dag' retrieved from /opt/airflow/dags/ml_01_iris_pipeline-3.py
[2026-09-07T12:14:53.092+0000] {logging_mixin.py:190} INFO - [2026-09-07T12:14:53.092+0000] {dag.py:3239} INFO - Sync 1 DAGs
[2026-09-07T12:14:53.108+0000] {logging_mixin.py:190} INFO - [2026-09-07T12:14:53.108+0000] {dag.py:4180} INFO - Setting next_dagrun for iris_pipeline_dag to None, run_after=None
[2026-09-07T12:14:53.131+0000] {processor.py:208} INFO - Processing /opt/airflow/dags/ml_01_iris_pipeline-3.py took 0.098 seconds
[2026-09-07T12:15:23.785+0000] {processor.py:186} INFO - Started process (PID=134) to work on /opt/airflow/dags/ml_01_iris_pipeline-3.py
[2026-09-07T12:15:23.786+0000] {processor.py:914} INFO - Processing file /opt/airflow/dags/ml_01_iris_pipeline-3.py for tasks to queue
[2026-09-07T12:15:23.787+0000] {logging_mixin.py:190} INFO - [2026-09-07T12:15:23.787+0000] {dagbag.py:588} INFO - Filling up the DagBag from /opt/airflow/dags/ml_01_iris_pipeline-3.py
[2026-09-07T12:15:23.805+0000] {processor.py:925} INFO - DAG(s) 'iris_pipeline_dag' retrieved from /opt/airflow/dags/ml_01_iris_pipeline-3.py
[2026-09-07T12:15:23.837+0000] {logging_mixin.py:190} INFO - [2026-09-07T12:15:23.837+0000] {dag.py:3239} INFO - Sync 1 DAGs
[2026-09-07T12:15:23.853+0000] {logging_mixin.py:190} INFO - [2026-09-07T12:15:23.853+0000] {dag.py:4180} INFO - Setting next_dagrun for iris_pipeline_dag to None, run_after=None
[2026-09-07T12:15:23.885+0000] {processor.py:208} INFO - Processing /opt/airflow/dags/ml_01_iris_pipeline-3.py took 0.107 seconds
[2026-09-07T12:15:54.468+0000] {processor.py:186} INFO - Started process (PID=148) to work on /opt/airflow/dags/ml_01_iris_pipeline-3.py
[2026-09-07T12:15:54.469+0000] {processor.py:914} INFO - Processing file /opt/airflow/dags/ml_01_iris_pipeline-3.py for tasks to queue
[2026-09-07T12:15:54.470+0000] {logging_mixin.py:190} INFO - [2026-09-07T12:15:54.470+0000] {dagbag.py:588} INFO - Filling up the DagBag from /opt/airflow/dags/ml_01_iris_pipeline-3.py
[2026-09-07T12:15:54.484+0000] {processor.py:925} INFO - DAG(s) 'iris_pipeline_dag' retrieved from /opt/airflow/dags/ml_01_iris_pipeline-3.py
[2026-09-07T12:15:54.507+0000] {logging_mixin.py:190} INFO - [2026-09-07T12:15:54.506+0000] {dag.py:3239} INFO - Sync 1 DAGs
[2026-09-07T12:15:54.525+0000] {logging_mixin.py:190} INFO - [2026-09-07T12:15:54.525+0000] {dag.py:4180} INFO - Setting next_dagrun for iris_pipeline_dag to None, run_after=None
[2026-09-07T12:15:54.664+0000] {processor.py:208} INFO - Processing /opt/airflow/dags/ml_01_iris_pipeline-3.py took 0.200 seconds
[2026-09-07T12:16:24.737+0000] {processor.py:186} INFO - Started process (PID=160) to work on /opt/airflow/dags/ml_01_iris_pipeline-3.py
[2026-09-07T12:16:24.738+0000] {processor.py:914} INFO - Processing file /opt/airflow/dags/ml_01_iris_pipeline-3.py for tasks to queue
[2026-09-07T12:16:24.739+0000] {logging_mixin.py:190} INFO - [2026-09-07T12:16:24.739+0000] {dagbag.py:588} INFO - Filling up the DagBag from /opt/airflow/dags/ml_01_iris_pipeline-3.py
[2026-09-07T12:16:24.751+0000] {processor.py:925} INFO - DAG(s) 'iris_pipeline_dag' retrieved from /opt/airflow/dags/ml_01_iris_pipeline-3.py
[2026-09-07T12:16:24.889+0000] {logging_mixin.py:190} INFO - [2026-09-07T12:16:24.889+0000] {dag.py:3239} INFO - Sync 1 DAGs
[2026-09-07T12:16:24.898+0000] {logging_mixin.py:190} INFO - [2026-09-07T12:16:24.898+0000] {dag.py:4180} INFO - Setting next_dagrun for iris_pipeline_dag to None, run_after=None
[2026-09-07T12:16:24.913+0000] {processor.py:208} INFO - Processing /opt/airflow/dags/ml_01_iris_pipeline-3.py took 0.180 seconds
[2026-09-07T12:16:55.680+0000] {processor.py:186} INFO - Started process (PID=176) to work on /opt/airflow/dags/ml_01_iris_pipeline-3.py
[2026-09-07T12:16:55.681+0000] {processor.py:914} INFO - Processing file /opt/airflow/dags/ml_01_iris_pipeline-3.py for tasks to queue
[2026-09-07T12:16:55.682+0000] {logging_mixin.py:190} INFO - [2026-09-07T12:16:55.681+0000] {dagbag.py:588} INFO - Filling up the DagBag from /opt/airflow/dags/ml_01_iris_pipeline-3.py
[2026-09-07T12:16:55.696+0000] {processor.py:925} INFO - DAG(s) 'iris_pipeline_dag' retrieved from /opt/airflow/dags/ml_01_iris_pipeline-3.py
[2026-09-07T12:16:55.719+0000] {logging_mixin.py:190} INFO - [2026-09-07T12:16:55.719+0000] {dag.py:3239} INFO - Sync 1 DAGs
[2026-09-07T12:16:55.731+0000] {logging_mixin.py:190} INFO - [2026-09-07T12:16:55.731+0000] {dag.py:4180} INFO - Setting next_dagrun for iris_pipeline_dag to None, run_after=None
[2026-09-07T12:16:55.751+0000] {processor.py:208} INFO - Processing /opt/airflow/dags/ml_01_iris_pipeline-3.py took 0.075 seconds
[2026-09-07T12:17:26.349+0000] {processor.py:186} INFO - Started process (PID=190) to work on /opt/airflow/dags/ml_01_iris_pipeline-3.py
[2026-09-07T12:17:26.349+0000] {processor.py:914} INFO - Processing file /opt/airflow/dags/ml_01_iris_pipeline-3.py for tasks to queue
[2026-09-07T12:17:26.351+0000] {logging_mixin.py:190} INFO - [2026-09-07T12:17:26.350+0000] {dagbag.py:588} INFO - Filling up the DagBag from /opt/airflow/dags/ml_01_iris_pipeline-3.py
[2026-09-07T12:17:26.365+0000] {processor.py:925} INFO - DAG(s) 'iris_pipeline_dag' retrieved from /opt/airflow/dags/ml_01_iris_pipeline-3.py
[2026-09-07T12:17:26.396+0000] {logging_mixin.py:190} INFO - [2026-09-07T12:17:26.395+0000] {dag.py:3239} INFO - Sync 1 DAGs
[2026-09-07T12:17:26.410+0000] {logging_mixin.py:190} INFO - [2026-09-07T12:17:26.410+0000] {dag.py:4180} INFO - Setting next_dagrun for iris_pipeline_dag to None, run_after=None
[2026-09-07T12:17:26.429+0000] {processor.py:208} INFO - Processing /opt/airflow/dags/ml_01_iris_pipeline-3.py took 0.086 seconds
[2026-09-07T12:17:57.213+0000] {processor.py:186} INFO - Started process (PID=204) to work on /opt/airflow/dags/ml_01_iris_pipeline-3.py
[2026-09-07T12:17:57.213+0000] {processor.py:914} INFO - Processing file /opt/airflow/dags/ml_01_iris_pipeline-3.py for tasks to queue
[2026-09-07T12:17:57.214+0000] {logging_mixin.py:190} INFO - [2026-09-07T12:17:57.214+0000] {dagbag.py:588} INFO - Filling up the DagBag from /opt/airflow/dags/ml_01_iris_pipeline-3.py
[2026-09-07T12:17:57.228+0000] {processor.py:925} INFO - DAG(s) 'iris_pipeline_dag' retrieved from /opt/airflow/dags/ml_01_iris_pipeline-3.py
[2026-09-07T12:17:57.256+0000] {logging_mixin.py:190} INFO - [2026-09-07T12:17:57.255+0000] {dag.py:3239} INFO - Sync 1 DAGs
[2026-09-07T12:17:57.268+0000] {logging_mixin.py:190} INFO - [2026-09-07T12:17:57.267+0000] {dag.py:4180} INFO - Setting next_dagrun for iris_pipeline_dag to None, run_after=None
[2026-09-07T12:17:57.288+0000] {processor.py:208} INFO - Processing /opt/airflow/dags/ml_01_iris_pipeline-3.py took 0.081 seconds
[2026-09-07T12:18:27.899+0000] {processor.py:186} INFO - Started process (PID=218) to work on /opt/airflow/dags/ml_01_iris_pipeline-3.py
[2026-09-07T12:18:27.900+0000] {processor.py:914} INFO - Processing file /opt/airflow/dags/ml_01_iris_pipeline-3.py for tasks to queue
[2026-09-07T12:18:27.901+0000] {logging_mixin.py:190} INFO - [2026-09-07T12:18:27.901+0000] {dagbag.py:588} INFO - Filling up the DagBag from /opt/airflow/dags/ml_01_iris_pipeline-3.py
[2026-09-07T12:18:27.916+0000] {processor.py:925} INFO - DAG(s) 'iris_pipeline_dag' retrieved from /opt/airflow/dags/ml_01_iris_pipeline-3.py
[2026-09-07T12:18:27.947+0000] {logging_mixin.py:190} INFO - [2026-09-07T12:18:27.947+0000] {dag.py:3239} INFO - Sync 1 DAGs
[2026-09-07T12:18:27.964+0000] {logging_mixin.py:190} INFO - [2026-09-07T12:18:27.964+0000] {dag.py:4180} INFO - Setting next_dagrun for iris_pipeline_dag to None, run_after=None
[2026-09-07T12:18:27.987+0000] {processor.py:208} INFO - Processing /opt/airflow/dags/ml_01_iris_pipeline-3.py took 0.093 seconds
[2026-09-07T12:18:58.590+0000] {processor.py:186} INFO - Started process (PID=232) to work on /opt/airflow/dags/ml_01_iris_pipeline-3.py
[2026-09-07T12:18:58.590+0000] {processor.py:914} INFO - Processing file /opt/airflow/dags/ml_01_iris_pipeline-3.py for tasks to queue
[2026-09-07T12:18:58.591+0000] {logging_mixin.py:190} INFO - [2026-09-07T12:18:58.591+0000] {dagbag.py:588} INFO - Filling up the DagBag from /opt/airflow/dags/ml_01_iris_pipeline-3.py
[2026-09-07T12:18:58.603+0000] {processor.py:925} INFO - DAG(s) 'iris_pipeline_dag' retrieved from /opt/airflow/dags/ml_01_iris_pipeline-3.py
[2026-09-07T12:18:58.627+0000] {logging_mixin.py:190} INFO - [2026-09-07T12:18:58.627+0000] {dag.py:3239} INFO - Sync 1 DAGs
[2026-09-07T12:18:58.645+0000] {logging_mixin.py:190} INFO - [2026-09-07T12:18:58.645+0000] {dag.py:4180} INFO - Setting next_dagrun for iris_pipeline_dag to None, run_after=None
[2026-09-07T12:18:58.679+0000] {processor.py:208} INFO - Processing /opt/airflow/dags/ml_01_iris_pipeline-3.py took 0.094 seconds
[2026-09-07T12:19:29.312+0000] {processor.py:186} INFO - Started process (PID=246) to work on /opt/airflow/dags/ml_01_iris_pipeline-3.py
[2026-09-07T12:19:29.313+0000] {processor.py:914} INFO - Processing file /opt/airflow/dags/ml_01_iris_pipeline-3.py for tasks to queue
[2026-09-07T12:19:29.314+0000] {logging_mixin.py:190} INFO - [2026-09-07T12:19:29.314+0000] {dagbag.py:588} INFO - Filling up the DagBag from /opt/airflow/dags/ml_01_iris_pipeline-3.py
[2026-09-07T12:19:29.328+0000] {processor.py:925} INFO - DAG(s) 'iris_pipeline_dag' retrieved from /opt/airflow/dags/ml_01_iris_pipeline-3.py
[2026-09-07T12:19:29.350+0000] {logging_mixin.py:190} INFO - [2026-09-07T12:19:29.350+0000] {dag.py:3239} INFO - Sync 1 DAGs
[2026-09-07T12:19:29.361+0000] {logging_mixin.py:190} INFO - [2026-09-07T12:19:29.361+0000] {dag.py:4180} INFO - Setting next_dagrun for iris_pipeline_dag to None, run_after=None
[2026-09-07T12:19:29.382+0000] {processor.py:208} INFO - Processing /opt/airflow/dags/ml_01_iris_pipeline-3.py took 0.076 seconds
[2026-09-07T12:19:59.967+0000] {processor.py:186} INFO - Started process (PID=260) to work on /opt/airflow/dags/ml_01_iris_pipeline-3.py
[2026-09-07T12:19:59.968+0000] {processor.py:914} INFO - Processing file /opt/airflow/dags/ml_01_iris_pipeline-3.py for tasks to queue
[2026-09-07T12:19:59.969+0000] {logging_mixin.py:190} INFO - [2026-09-07T12:19:59.968+0000] {dagbag.py:588} INFO - Filling up the DagBag from /opt/airflow/dags/ml_01_iris_pipeline-3.py
[2026-09-07T12:19:59.988+0000] {processor.py:925} INFO - DAG(s) 'iris_pipeline_dag' retrieved from /opt/airflow/dags/ml_01_iris_pipeline-3.py
[2026-09-07T12:20:00.017+0000] {logging_mixin.py:190} INFO - [2026-09-07T12:20:00.017+0000] {dag.py:3239} INFO - Sync 1 DAGs
[2026-09-07T12:20:00.029+0000] {logging_mixin.py:190} INFO - [2026-09-07T12:20:00.028+0000] {dag.py:4180} INFO - Setting next_dagrun for iris_pipeline_dag to None, run_after=None
[2026-09-07T12:20:00.047+0000] {processor.py:208} INFO - Processing /opt/airflow/dags/ml_01_iris_pipeline-3.py took 0.090 seconds
[2026-09-07T12:20:30.687+0000] {processor.py:186} INFO - Started process (PID=274) to work on /opt/airflow/dags/ml_01_iris_pipeline-3.py
[2026-09-07T12:20:30.687+0000] {processor.py:914} INFO - Processing file /opt/airflow/dags/ml_01_iris_pipeline-3.py for tasks to queue
[2026-09-07T12:20:30.689+0000] {logging_mixin.py:190} INFO - [2026-09-07T12:20:30.689+0000] {dagbag.py:588} INFO - Filling up the DagBag from /opt/airflow/dags/ml_01_iris_pipeline-3.py
[2026-09-07T12:20:30.712+0000] {processor.py:925} INFO - DAG(s) 'iris_pipeline_dag' retrieved from /opt/airflow/dags/ml_01_iris_pipeline-3.py
[2026-09-07T12:20:30.749+0000] {logging_mixin.py:190} INFO - [2026-09-07T12:20:30.749+0000] {dag.py:3239} INFO - Sync 1 DAGs
[2026-09-07T12:20:30.769+0000] {logging_mixin.py:190} INFO - [2026-09-07T12:20:30.769+0000] {dag.py:4180} INFO - Setting next_dagrun for iris_pipeline_dag to None, run_after=None
[2026-09-07T12:20:30.801+0000] {processor.py:208} INFO - Processing /opt/airflow/dags/ml_01_iris_pipeline-3.py took 0.120 seconds
[2026-09-07T12:21:01.411+0000] {processor.py:186} INFO - Started process (PID=288) to work on /opt/airflow/dags/ml_01_iris_pipeline-3.py
[2026-09-07T12:21:01.411+0000] {processor.py:914} INFO - Processing file /opt/airflow/dags/ml_01_iris_pipeline-3.py for tasks to queue
[2026-09-07T12:21:01.413+0000] {logging_mixin.py:190} INFO - [2026-09-07T12:21:01.412+0000] {dagbag.py:588} INFO - Filling up the DagBag from /opt/airflow/dags/ml_01_iris_pipeline-3.py
[2026-09-07T12:21:01.426+0000] {processor.py:925} INFO - DAG(s) 'iris_pipeline_dag' retrieved from /opt/airflow/dags/ml_01_iris_pipeline-3.py
[2026-09-07T12:21:01.453+0000] {logging_mixin.py:190} INFO - [2026-09-07T12:21:01.453+0000] {dag.py:3239} INFO - Sync 1 DAGs
[2026-09-07T12:21:01.465+0000] {logging_mixin.py:190} INFO - [2026-09-07T12:21:01.465+0000] {dag.py:4180} INFO - Setting next_dagrun for iris_pipeline_dag to None, run_after=None
[2026-09-07T12:21:01.516+0000] {processor.py:208} INFO - Processing /opt/airflow/dags/ml_01_iris_pipeline-3.py took 0.110 seconds
[2026-09-07T12:21:32.122+0000] {processor.py:186} INFO - Started process (PID=302) to work on /opt/airflow/dags/ml_01_iris_pipeline-3.py
[2026-09-07T12:21:32.123+0000] {processor.py:914} INFO - Processing file /opt/airflow/dags/ml_01_iris_pipeline-3.py for tasks to queue
[2026-09-07T12:21:32.124+0000] {logging_mixin.py:190} INFO - [2026-09-07T12:21:32.124+0000] {dagbag.py:588} INFO - Filling up the DagBag from /opt/airflow/dags/ml_01_iris_pipeline-3.py
[2026-09-07T12:21:32.137+0000] {processor.py:925} INFO - DAG(s) 'iris_pipeline_dag' retrieved from /opt/airflow/dags/ml_01_iris_pipeline-3.py
[2026-09-07T12:21:32.163+0000] {logging_mixin.py:190} INFO - [2026-09-07T12:21:32.162+0000] {dag.py:3239} INFO - Sync 1 DAGs
[2026-09-07T12:21:32.176+0000] {logging_mixin.py:190} INFO - [2026-09-07T12:21:32.175+0000] {dag.py:4180} INFO - Setting next_dagrun for iris_pipeline_dag to None, run_after=None
[2026-09-07T12:21:32.210+0000] {processor.py:208} INFO - Processing /opt/airflow/dags/ml_01_iris_pipeline-3.py took 0.092 seconds
[2026-09-07T12:22:02.833+0000] {processor.py:186} INFO - Started process (PID=316) to work on /opt/airflow/dags/ml_01_iris_pipeline-3.py
[2026-09-07T12:22:02.834+0000] {processor.py:914} INFO - Processing file /opt/airflow/dags/ml_01_iris_pipeline-3.py for tasks to queue
[2026-09-07T12:22:02.835+0000] {logging_mixin.py:190} INFO - [2026-09-07T12:22:02.834+0000] {dagbag.py:588} INFO - Filling up the DagBag from /opt/airflow/dags/ml_01_iris_pipeline-3.py
[2026-09-07T12:22:02.850+0000] {processor.py:925} INFO - DAG(s) 'iris_pipeline_dag' retrieved from /opt/airflow/dags/ml_01_iris_pipeline-3.py
[2026-09-07T12:22:02.875+0000] {logging_mixin.py:190} INFO - [2026-09-07T12:22:02.874+0000] {dag.py:3239} INFO - Sync 1 DAGs
[2026-09-07T12:22:02.886+0000] {logging_mixin.py:190} INFO - [2026-09-07T12:22:02.886+0000] {dag.py:4180} INFO - Setting next_dagrun for iris_pipeline_dag to None, run_after=None
[2026-09-07T12:22:02.904+0000] {processor.py:208} INFO - Processing /opt/airflow/dags/ml_01_iris_pipeline-3.py took 0.075 seconds
[2026-09-07T12:22:33.515+0000] {processor.py:186} INFO - Started process (PID=330) to work on /opt/airflow/dags/ml_01_iris_pipeline-3.py
[2026-09-07T12:22:33.515+0000] {processor.py:914} INFO - Processing file /opt/airflow/dags/ml_01_iris_pipeline-3.py for tasks to queue
[2026-09-07T12:22:33.516+0000] {logging_mixin.py:190} INFO - [2026-09-07T12:22:33.516+0000] {dagbag.py:588} INFO - Filling up the DagBag from /opt/airflow/dags/ml_01_iris_pipeline-3.py
[2026-09-07T12:22:33.532+0000] {processor.py:925} INFO - DAG(s) 'iris_pipeline_dag' retrieved from /opt/airflow/dags/ml_01_iris_pipeline-3.py
[2026-09-07T12:22:33.559+0000] {logging_mixin.py:190} INFO - [2026-09-07T12:22:33.559+0000] {dag.py:3239} INFO - Sync 1 DAGs
[2026-09-07T12:22:33.572+0000] {logging_mixin.py:190} INFO - [2026-09-07T12:22:33.571+0000] {dag.py:4180} INFO - Setting next_dagrun for iris_pipeline_dag to None, run_after=None
[2026-09-07T12:22:33.587+0000] {processor.py:208} INFO - Processing /opt/airflow/dags/ml_01_iris_pipeline-3.py took 0.077 seconds
[2026-09-07T12:23:04.280+0000] {processor.py:186} INFO - Started process (PID=344) to work on /opt/airflow/dags/ml_01_iris_pipeline-3.py
[2026-09-07T12:23:04.281+0000] {processor.py:914} INFO - Processing file /opt/airflow/dags/ml_01_iris_pipeline-3.py for tasks to queue
[2026-09-07T12:23:04.282+0000] {logging_mixin.py:190} INFO - [2026-09-07T12:23:04.282+0000] {dagbag.py:588} INFO - Filling up the DagBag from /opt/airflow/dags/ml_01_iris_pipeline-3.py
[2026-09-07T12:23:04.298+0000] {processor.py:925} INFO - DAG(s) 'iris_pipeline_dag' retrieved from /opt/airflow/dags/ml_01_iris_pipeline-3.py
[2026-09-07T12:23:04.328+0000] {logging_mixin.py:190} INFO - [2026-09-07T12:23:04.327+0000] {dag.py:3239} INFO - Sync 1 DAGs
[2026-09-07T12:23:04.343+0000] {logging_mixin.py:190} INFO - [2026-09-07T12:23:04.343+0000] {dag.py:4180} INFO - Setting next_dagrun for iris_pipeline_dag to None, run_after=None
[2026-09-07T12:23:04.364+0000] {processor.py:208} INFO - Processing /opt/airflow/dags/ml_01_iris_pipeline-3.py took 0.089 seconds
[2026-09-07T12:23:34.974+0000] {processor.py:186} INFO - Started process (PID=358) to work on /opt/airflow/dags/ml_01_iris_pipeline-3.py
[2026-09-07T12:23:34.975+0000] {processor.py:914} INFO - Processing file /opt/airflow/dags/ml_01_iris_pipeline-3.py for tasks to queue
[2026-09-07T12:23:34.976+0000] {logging_mixin.py:190} INFO - [2026-09-07T12:23:34.976+0000] {dagbag.py:588} INFO - Filling up the DagBag from /opt/airflow/dags/ml_01_iris_pipeline-3.py
[2026-09-07T12:23:34.992+0000] {processor.py:925} INFO - DAG(s) 'iris_pipeline_dag' retrieved from /opt/airflow/dags/ml_01_iris_pipeline-3.py
[2026-09-07T12:23:35.016+0000] {logging_mixin.py:190} INFO - [2026-09-07T12:23:35.016+0000] {dag.py:3239} INFO - Sync 1 DAGs
[2026-09-07T12:23:35.028+0000] {logging_mixin.py:190} INFO - [2026-09-07T12:23:35.027+0000] {dag.py:4180} INFO - Setting next_dagrun for iris_pipeline_dag to None, run_after=None
[2026-09-07T12:23:35.043+0000] {processor.py:208} INFO - Processing /opt/airflow/dags/ml_01_iris_pipeline-3.py took 0.076 seconds
[2026-09-07T12:24:05.726+0000] {processor.py:186} INFO - Started process (PID=372) to work on /opt/airflow/dags/ml_01_iris_pipeline-3.py
[2026-09-07T12:24:05.726+0000] {processor.py:914} INFO - Processing file /opt/airflow/dags/ml_01_iris_pipeline-3.py for tasks to queue
[2026-09-07T12:24:05.727+0000] {logging_mixin.py:190} INFO - [2026-09-07T12:24:05.727+0000] {dagbag.py:588} INFO - Filling up the DagBag from /opt/airflow/dags/ml_01_iris_pipeline-3.py
[2026-09-07T12:24:05.741+0000] {processor.py:925} INFO - DAG(s) 'iris_pipeline_dag' retrieved from /opt/airflow/dags/ml_01_iris_pipeline-3.py
[2026-09-07T12:24:05.768+0000] {logging_mixin.py:190} INFO - [2026-09-07T12:24:05.768+0000] {dag.py:3239} INFO - Sync 1 DAGs
[2026-09-07T12:24:05.781+0000] {logging_mixin.py:190} INFO - [2026-09-07T12:24:05.781+0000] {dag.py:4180} INFO - Setting next_dagrun for iris_pipeline_dag to None, run_after=None
[2026-09-07T12:24:05.797+0000] {processor.py:208} INFO - Processing /opt/airflow/dags/ml_01_iris_pipeline-3.py took 0.077 seconds
[2026-09-07T12:24:36.450+0000] {processor.py:186} INFO - Started process (PID=392) to work on /opt/airflow/dags/ml_01_iris_pipeline-3.py
[2026-09-07T12:24:36.450+0000] {processor.py:914} INFO - Processing file /opt/airflow/dags/ml_01_iris_pipeline-3.py for tasks to queue
[2026-09-07T12:24:36.451+0000] {logging_mixin.py:190} INFO - [2026-09-07T12:24:36.451+0000] {dagbag.py:588} INFO - Filling up the DagBag from /opt/airflow/dags/ml_01_iris_pipeline-3.py
[2026-09-07T12:24:36.464+0000] {processor.py:925} INFO - DAG(s) 'iris_pipeline_dag' retrieved from /opt/airflow/dags/ml_01_iris_pipeline-3.py
[2026-09-07T12:24:36.487+0000] {logging_mixin.py:190} INFO - [2026-09-07T12:24:36.487+0000] {dag.py:3239} INFO - Sync 1 DAGs
[2026-09-07T12:24:36.501+0000] {logging_mixin.py:190} INFO - [2026-09-07T12:24:36.501+0000] {dag.py:4180} INFO - Setting next_dagrun for iris_pipeline_dag to None, run_after=None
[2026-09-07T12:24:36.519+0000] {processor.py:208} INFO - Processing /opt/airflow/dags/ml_01_iris_pipeline-3.py took 0.073 seconds
[2026-09-07T12:25:07.093+0000] {processor.py:186} INFO - Started process (PID=406) to work on /opt/airflow/dags/ml_01_iris_pipeline-3.py
[2026-09-07T12:25:07.093+0000] {processor.py:914} INFO - Processing file /opt/airflow/dags/ml_01_iris_pipeline-3.py for tasks to queue
[2026-09-07T12:25:07.095+0000] {logging_mixin.py:190} INFO - [2026-09-07T12:25:07.094+0000] {dagbag.py:588} INFO - Filling up the DagBag from /opt/airflow/dags/ml_01_iris_pipeline-3.py
[2026-09-07T12:25:07.107+0000] {processor.py:925} INFO - DAG(s) 'iris_pipeline_dag' retrieved from /opt/airflow/dags/ml_01_iris_pipeline-3.py
[2026-09-07T12:25:07.132+0000] {logging_mixin.py:190} INFO - [2026-09-07T12:25:07.131+0000] {dag.py:3239} INFO - Sync 1 DAGs
[2026-09-07T12:25:07.143+0000] {logging_mixin.py:190} INFO - [2026-09-07T12:25:07.143+0000] {dag.py:4180} INFO - Setting next_dagrun for iris_pipeline_dag to None, run_after=None
[2026-09-07T12:25:07.162+0000] {processor.py:208} INFO - Processing /opt/airflow/dags/ml_01_iris_pipeline-3.py took 0.075 seconds
[2026-09-07T12:25:37.751+0000] {processor.py:186} INFO - Started process (PID=420) to work on /opt/airflow/dags/ml_01_iris_pipeline-3.py
[2026-09-07T12:25:37.751+0000] {processor.py:914} INFO - Processing file /opt/airflow/dags/ml_01_iris_pipeline-3.py for tasks to queue
[2026-09-07T12:25:37.753+0000] {logging_mixin.py:190} INFO - [2026-09-07T12:25:37.752+0000] {dagbag.py:588} INFO - Filling up the DagBag from /opt/airflow/dags/ml_01_iris_pipeline-3.py
[2026-09-07T12:25:37.766+0000] {processor.py:925} INFO - DAG(s) 'iris_pipeline_dag' retrieved from /opt/airflow/dags/ml_01_iris_pipeline-3.py
[2026-09-07T12:25:37.799+0000] {logging_mixin.py:190} INFO - [2026-09-07T12:25:37.799+0000] {dag.py:3239} INFO - Sync 1 DAGs
[2026-09-07T12:25:37.825+0000] {logging_mixin.py:190} INFO - [2026-09-07T12:25:37.824+0000] {dag.py:4180} INFO - Setting next_dagrun for iris_pipeline_dag to None, run_after=None
[2026-09-07T12:25:37.849+0000] {processor.py:208} INFO - Processing /opt/airflow/dags/ml_01_iris_pipeline-3.py took 0.103 seconds
[2026-09-07T12:26:08.432+0000] {processor.py:186} INFO - Started process (PID=434) to work on /opt/airflow/dags/ml_01_iris_pipeline-3.py
[2026-09-07T12:26:08.433+0000] {processor.py:914} INFO - Processing file /opt/airflow/dags/ml_01_iris_pipeline-3.py for tasks to queue
[2026-09-07T12:26:08.434+0000] {logging_mixin.py:190} INFO - [2026-09-07T12:26:08.434+0000] {dagbag.py:588} INFO - Filling up the DagBag from /opt/airflow/dags/ml_01_iris_pipeline-3.py
[2026-09-07T12:26:08.448+0000] {processor.py:925} INFO - DAG(s) 'iris_pipeline_dag' retrieved from /opt/airflow/dags/ml_01_iris_pipeline-3.py
[2026-09-07T12:26:08.472+0000] {logging_mixin.py:190} INFO - [2026-09-07T12:26:08.471+0000] {dag.py:3239} INFO - Sync 1 DAGs
[2026-09-07T12:26:08.483+0000] {logging_mixin.py:190} INFO - [2026-09-07T12:26:08.483+0000] {dag.py:4180} INFO - Setting next_dagrun for iris_pipeline_dag to None, run_after=None
[2026-09-07T12:26:08.499+0000] {processor.py:208} INFO - Processing /opt/airflow/dags/ml_01_iris_pipeline-3.py took 0.071 seconds
[2026-09-07T12:26:38.982+0000] {processor.py:186} INFO - Started process (PID=448) to work on /opt/airflow/dags/ml_01_iris_pipeline-3.py
[2026-09-07T12:26:38.983+0000] {processor.py:914} INFO - Processing file /opt/airflow/dags/ml_01_iris_pipeline-3.py for tasks to queue
[2026-09-07T12:26:38.984+0000] {logging_mixin.py:190} INFO - [2026-09-07T12:26:38.984+0000] {dagbag.py:588} INFO - Filling up the DagBag from /opt/airflow/dags/ml_01_iris_pipeline-3.py
[2026-09-07T12:26:39.002+0000] {processor.py:925} INFO - DAG(s) 'iris_pipeline_dag' retrieved from /opt/airflow/dags/ml_01_iris_pipeline-3.py
[2026-09-07T12:26:39.026+0000] {logging_mixin.py:190} INFO - [2026-09-07T12:26:39.026+0000] {dag.py:3239} INFO - Sync 1 DAGs
[2026-09-07T12:26:39.037+0000] {logging_mixin.py:190} INFO - [2026-09-07T12:26:39.037+0000] {dag.py:4180} INFO - Setting next_dagrun for iris_pipeline_dag to None, run_after=None
[2026-09-07T12:26:39.057+0000] {processor.py:208} INFO - Processing /opt/airflow/dags/ml_01_iris_pipeline-3.py took 0.080 seconds
[2026-09-07T12:27:09.653+0000] {processor.py:186} INFO - Started process (PID=462) to work on /opt/airflow/dags/ml_01_iris_pipeline-3.py
[2026-09-07T12:27:09.653+0000] {processor.py:914} INFO - Processing file /opt/airflow/dags/ml_01_iris_pipeline-3.py for tasks to queue
[2026-09-07T12:27:09.654+0000] {logging_mixin.py:190} INFO - [2026-09-07T12:27:09.654+0000] {dagbag.py:588} INFO - Filling up the DagBag from /opt/airflow/dags/ml_01_iris_pipeline-3.py
[2026-09-07T12:27:09.669+0000] {processor.py:925} INFO - DAG(s) 'iris_pipeline_dag' retrieved from /opt/airflow/dags/ml_01_iris_pipeline-3.py
[2026-09-07T12:27:09.697+0000] {logging_mixin.py:190} INFO - [2026-09-07T12:27:09.697+0000] {dag.py:3239} INFO - Sync 1 DAGs
[2026-09-07T12:27:09.712+0000] {logging_mixin.py:190} INFO - [2026-09-07T12:27:09.712+0000] {dag.py:4180} INFO - Setting next_dagrun for iris_pipeline_dag to None, run_after=None
[2026-09-07T12:27:09.731+0000] {processor.py:208} INFO - Processing /opt/airflow/dags/ml_01_iris_pipeline-3.py took 0.083 seconds
[2026-09-07T12:27:40.336+0000] {processor.py:186} INFO - Started process (PID=476) to work on /opt/airflow/dags/ml_01_iris_pipeline-3.py
[2026-09-07T12:27:40.337+0000] {processor.py:914} INFO - Processing file /opt/airflow/dags/ml_01_iris_pipeline-3.py for tasks to queue
[2026-09-07T12:27:40.338+0000] {logging_mixin.py:190} INFO - [2026-09-07T12:27:40.338+0000] {dagbag.py:588} INFO - Filling up the DagBag from /opt/airflow/dags/ml_01_iris_pipeline-3.py
[2026-09-07T12:27:40.359+0000] {processor.py:925} INFO - DAG(s) 'iris_pipeline_dag' retrieved from /opt/airflow/dags/ml_01_iris_pipeline-3.py
[2026-09-07T12:27:40.381+0000] {logging_mixin.py:190} INFO - [2026-09-07T12:27:40.381+0000] {dag.py:3239} INFO - Sync 1 DAGs
[2026-09-07T12:27:40.393+0000] {logging_mixin.py:190} INFO - [2026-09-07T12:27:40.393+0000] {dag.py:4180} INFO - Setting next_dagrun for iris_pipeline_dag to None, run_after=None
[2026-09-07T12:27:40.411+0000] {processor.py:208} INFO - Processing /opt/airflow/dags/ml_01_iris_pipeline-3.py took 0.081 seconds
[2026-09-07T12:28:10.995+0000] {processor.py:186} INFO - Started process (PID=490) to work on /opt/airflow/dags/ml_01_iris_pipeline-3.py
[2026-09-07T12:28:10.995+0000] {processor.py:914} INFO - Processing file /opt/airflow/dags/ml_01_iris_pipeline-3.py for tasks to queue
[2026-09-07T12:28:10.996+0000] {logging_mixin.py:190} INFO - [2026-09-07T12:28:10.996+0000] {dagbag.py:588} INFO - Filling up the DagBag from /opt/airflow/dags/ml_01_iris_pipeline-3.py
[2026-09-07T12:28:11.017+0000] {processor.py:925} INFO - DAG(s) 'iris_pipeline_dag' retrieved from /opt/airflow/dags/ml_01_iris_pipeline-3.py
[2026-09-07T12:28:11.043+0000] {logging_mixin.py:190} INFO - [2026-09-07T12:28:11.042+0000] {dag.py:3239} INFO - Sync 1 DAGs
[2026-09-07T12:28:11.054+0000] {logging_mixin.py:190} INFO - [2026-09-07T12:28:11.054+0000] {dag.py:4180} INFO - Setting next_dagrun for iris_pipeline_dag to None, run_after=None
[2026-09-07T12:28:11.077+0000] {processor.py:208} INFO - Processing /opt/airflow/dags/ml_01_iris_pipeline-3.py took 0.087 seconds
[2026-09-07T12:28:41.649+0000] {processor.py:186} INFO - Started process (PID=504) to work on /opt/airflow/dags/ml_01_iris_pipeline-3.py
[2026-09-07T12:28:41.649+0000] {processor.py:914} INFO - Processing file /opt/airflow/dags/ml_01_iris_pipeline-3.py for tasks to queue
[2026-09-07T12:28:41.650+0000] {logging_mixin.py:190} INFO - [2026-09-07T12:28:41.650+0000] {dagbag.py:588} INFO - Filling up the DagBag from /opt/airflow/dags/ml_01_iris_pipeline-3.py
[2026-09-07T12:28:41.662+0000] {processor.py:925} INFO - DAG(s) 'iris_pipeline_dag' retrieved from /opt/airflow/dags/ml_01_iris_pipeline-3.py
[2026-09-07T12:28:41.684+0000] {logging_mixin.py:190} INFO - [2026-09-07T12:28:41.684+0000] {dag.py:3239} INFO - Sync 1 DAGs
[2026-09-07T12:28:41.696+0000] {logging_mixin.py:190} INFO - [2026-09-07T12:28:41.695+0000] {dag.py:4180} INFO - Setting next_dagrun for iris_pipeline_dag to None, run_after=None
[2026-09-07T12:28:41.719+0000] {processor.py:208} INFO - Processing /opt/airflow/dags/ml_01_iris_pipeline-3.py took 0.074 seconds
[2026-09-07T12:29:12.314+0000] {processor.py:186} INFO - Started process (PID=518) to work on /opt/airflow/dags/ml_01_iris_pipeline-3.py
[2026-09-07T12:29:12.315+0000] {processor.py:914} INFO - Processing file /opt/airflow/dags/ml_01_iris_pipeline-3.py for tasks to queue
[2026-09-07T12:29:12.316+0000] {logging_mixin.py:190} INFO - [2026-09-07T12:29:12.316+0000] {dagbag.py:588} INFO - Filling up the DagBag from /opt/airflow/dags/ml_01_iris_pipeline-3.py
[2026-09-07T12:29:12.331+0000] {processor.py:925} INFO - DAG(s) 'iris_pipeline_dag' retrieved from /opt/airflow/dags/ml_01_iris_pipeline-3.py
[2026-09-07T12:29:12.357+0000] {logging_mixin.py:190} INFO - [2026-09-07T12:29:12.357+0000] {dag.py:3239} INFO - Sync 1 DAGs
[2026-09-07T12:29:12.368+0000] {logging_mixin.py:190} INFO - [2026-09-07T12:29:12.368+0000] {dag.py:4180} INFO - Setting next_dagrun for iris_pipeline_dag to None, run_after=None
[2026-09-07T12:29:12.387+0000] {processor.py:208} INFO - Processing /opt/airflow/dags/ml_01_iris_pipeline-3.py took 0.078 seconds
[2026-09-07T12:29:43.081+0000] {processor.py:186} INFO - Started process (PID=532) to work on /opt/airflow/dags/ml_01_iris_pipeline-3.py
[2026-09-07T12:29:43.081+0000] {processor.py:914} INFO - Processing file /opt/airflow/dags/ml_01_iris_pipeline-3.py for tasks to queue
[2026-09-07T12:29:43.083+0000] {logging_mixin.py:190} INFO - [2026-09-07T12:29:43.083+0000] {dagbag.py:588} INFO - Filling up the DagBag from /opt/airflow/dags/ml_01_iris_pipeline-3.py
[2026-09-07T12:29:43.096+0000] {processor.py:925} INFO - DAG(s) 'iris_pipeline_dag' retrieved from /opt/airflow/dags/ml_01_iris_pipeline-3.py
[2026-09-07T12:29:43.121+0000] {logging_mixin.py:190} INFO - [2026-09-07T12:29:43.121+0000] {dag.py:3239} INFO - Sync 1 DAGs
[2026-09-07T12:29:43.134+0000] {logging_mixin.py:190} INFO - [2026-09-07T12:29:43.134+0000] {dag.py:4180} INFO - Setting next_dagrun for iris_pipeline_dag to None, run_after=None
[2026-09-07T12:29:43.151+0000] {processor.py:208} INFO - Processing /opt/airflow/dags/ml_01_iris_pipeline-3.py took 0.076 seconds
[2026-09-07T12:30:13.727+0000] {processor.py:186} INFO - Started process (PID=546) to work on /opt/airflow/dags/ml_01_iris_pipeline-3.py
[2026-09-07T12:30:13.728+0000] {processor.py:914} INFO - Processing file /opt/airflow/dags/ml_01_iris_pipeline-3.py for tasks to queue
[2026-09-07T12:30:13.729+0000] {logging_mixin.py:190} INFO - [2026-09-07T12:30:13.729+0000] {dagbag.py:588} INFO - Filling up the DagBag from /opt/airflow/dags/ml_01_iris_pipeline-3.py
[2026-09-07T12:30:13.742+0000] {processor.py:925} INFO - DAG(s) 'iris_pipeline_dag' retrieved from /opt/airflow/dags/ml_01_iris_pipeline-3.py
[2026-09-07T12:30:13.766+0000] {logging_mixin.py:190} INFO - [2026-09-07T12:30:13.765+0000] {dag.py:3239} INFO - Sync 1 DAGs
[2026-09-07T12:30:13.779+0000] {logging_mixin.py:190} INFO - [2026-09-07T12:30:13.779+0000] {dag.py:4180} INFO - Setting next_dagrun for iris_pipeline_dag to None, run_after=None
[2026-09-07T12:30:13.797+0000] {processor.py:208} INFO - Processing /opt/airflow/dags/ml_01_iris_pipeline-3.py took 0.074 seconds
[2026-09-07T12:30:44.368+0000] {processor.py:186} INFO - Started process (PID=560) to work on /opt/airflow/dags/ml_01_iris_pipeline-3.py
[2026-09-07T12:30:44.368+0000] {processor.py:914} INFO - Processing file /opt/airflow/dags/ml_01_iris_pipeline-3.py for tasks to queue
[2026-09-07T12:30:44.369+0000] {logging_mixin.py:190} INFO - [2026-09-07T12:30:44.369+0000] {dagbag.py:588} INFO - Filling up the DagBag from /opt/airflow/dags/ml_01_iris_pipeline-3.py
[2026-09-07T12:30:44.382+0000] {processor.py:925} INFO - DAG(s) 'iris_pipeline_dag' retrieved from /opt/airflow/dags/ml_01_iris_pipeline-3.py
[2026-09-07T12:30:44.406+0000] {logging_mixin.py:190} INFO - [2026-09-07T12:30:44.406+0000] {dag.py:3239} INFO - Sync 1 DAGs
[2026-09-07T12:30:44.418+0000] {logging_mixin.py:190} INFO - [2026-09-07T12:30:44.418+0000] {dag.py:4180} INFO - Setting next_dagrun for iris_pipeline_dag to None, run_after=None
[2026-09-07T12:30:44.435+0000] {processor.py:208} INFO - Processing /opt/airflow/dags/ml_01_iris_pipeline-3.py took 0.072 seconds
[2026-09-07T12:31:15.038+0000] {processor.py:186} INFO - Started process (PID=574) to work on /opt/airflow/dags/ml_01_iris_pipeline-3.py
[2026-09-07T12:31:15.038+0000] {processor.py:914} INFO - Processing file /opt/airflow/dags/ml_01_iris_pipeline-3.py for tasks to queue
[2026-09-07T12:31:15.039+0000] {logging_mixin.py:190} INFO - [2026-09-07T12:31:15.039+0000] {dagbag.py:588} INFO - Filling up the DagBag from /opt/airflow/dags/ml_01_iris_pipeline-3.py
[2026-09-07T12:31:15.052+0000] {processor.py:925} INFO - DAG(s) 'iris_pipeline_dag' retrieved from /opt/airflow/dags/ml_01_iris_pipeline-3.py
[2026-09-07T12:31:15.078+0000] {logging_mixin.py:190} INFO - [2026-09-07T12:31:15.078+0000] {dag.py:3239} INFO - Sync 1 DAGs
[2026-09-07T12:31:15.093+0000] {logging_mixin.py:190} INFO - [2026-09-07T12:31:15.093+0000] {dag.py:4180} INFO - Setting next_dagrun for iris_pipeline_dag to None, run_after=None
[2026-09-07T12:31:15.114+0000] {processor.py:208} INFO - Processing /opt/airflow/dags/ml_01_iris_pipeline-3.py took 0.081 seconds
[2026-09-07T12:31:45.737+0000] {processor.py:186} INFO - Started process (PID=588) to work on /opt/airflow/dags/ml_01_iris_pipeline-3.py
[2026-09-07T12:31:45.738+0000] {processor.py:914} INFO - Processing file /opt/airflow/dags/ml_01_iris_pipeline-3.py for tasks to queue
[2026-09-07T12:31:45.739+0000] {logging_mixin.py:190} INFO - [2026-09-07T12:31:45.738+0000] {dagbag.py:588} INFO - Filling up the DagBag from /opt/airflow/dags/ml_01_iris_pipeline-3.py
[2026-09-07T12:31:45.753+0000] {processor.py:925} INFO - DAG(s) 'iris_pipeline_dag' retrieved from /opt/airflow/dags/ml_01_iris_pipeline-3.py
[2026-09-07T12:31:45.777+0000] {logging_mixin.py:190} INFO - [2026-09-07T12:31:45.777+0000] {dag.py:3239} INFO - Sync 1 DAGs
[2026-09-07T12:31:45.790+0000] {logging_mixin.py:190} INFO - [2026-09-07T12:31:45.789+0000] {dag.py:4180} INFO - Setting next_dagrun for iris_pipeline_dag to None, run_after=None
[2026-09-07T12:31:45.813+0000] {processor.py:208} INFO - Processing /opt/airflow/dags/ml_01_iris_pipeline-3.py took 0.080 seconds
[2026-09-07T12:32:16.392+0000] {processor.py:186} INFO - Started process (PID=602) to work on /opt/airflow/dags/ml_01_iris_pipeline-3.py
[2026-09-07T12:32:16.393+0000] {processor.py:914} INFO - Processing file /opt/airflow/dags/ml_01_iris_pipeline-3.py for tasks to queue
[2026-09-07T12:32:16.394+0000] {logging_mixin.py:190} INFO - [2026-09-07T12:32:16.394+0000] {dagbag.py:588} INFO - Filling up the DagBag from /opt/airflow/dags/ml_01_iris_pipeline-3.py
[2026-09-07T12:32:16.408+0000] {processor.py:925} INFO - DAG(s) 'iris_pipeline_dag' retrieved from /opt/airflow/dags/ml_01_iris_pipeline-3.py
[2026-09-07T12:32:16.430+0000] {logging_mixin.py:190} INFO - [2026-09-07T12:32:16.430+0000] {dag.py:3239} INFO - Sync 1 DAGs
[2026-09-07T12:32:16.442+0000] {logging_mixin.py:190} INFO - [2026-09-07T12:32:16.442+0000] {dag.py:4180} INFO - Setting next_dagrun for iris_pipeline_dag to None, run_after=None
[2026-09-07T12:32:16.467+0000] {processor.py:208} INFO - Processing /opt/airflow/dags/ml_01_iris_pipeline-3.py took 0.079 seconds
[2026-09-07T12:32:46.960+0000] {processor.py:186} INFO - Started process (PID=616) to work on /opt/airflow/dags/ml_01_iris_pipeline-3.py
[2026-09-07T12:32:46.961+0000] {processor.py:914} INFO - Processing file /opt/airflow/dags/ml_01_iris_pipeline-3.py for tasks to queue
[2026-09-07T12:32:46.962+0000] {logging_mixin.py:190} INFO - [2026-09-07T12:32:46.962+0000] {dagbag.py:588} INFO - Filling up the DagBag from /opt/airflow/dags/ml_01_iris_pipeline-3.py
[2026-09-07T12:32:46.975+0000] {processor.py:925} INFO - DAG(s) 'iris_pipeline_dag' retrieved from /opt/airflow/dags/ml_01_iris_pipeline-3.py
[2026-09-07T12:32:46.998+0000] {logging_mixin.py:190} INFO - [2026-09-07T12:32:46.998+0000] {dag.py:3239} INFO - Sync 1 DAGs
[2026-09-07T12:32:47.009+0000] {logging_mixin.py:190} INFO - [2026-09-07T12:32:47.009+0000] {dag.py:4180} INFO - Setting next_dagrun for iris_pipeline_dag to None, run_after=None
[2026-09-07T12:32:47.027+0000] {processor.py:208} INFO - Processing /opt/airflow/dags/ml_01_iris_pipeline-3.py took 0.071 seconds
[2026-09-07T12:33:17.604+0000] {processor.py:186} INFO - Started process (PID=630) to work on /opt/airflow/dags/ml_01_iris_pipeline-3.py
[2026-09-07T12:33:17.604+0000] {processor.py:914} INFO - Processing file /opt/airflow/dags/ml_01_iris_pipeline-3.py for tasks to queue
[2026-09-07T12:33:17.605+0000] {logging_mixin.py:190} INFO - [2026-09-07T12:33:17.605+0000] {dagbag.py:588} INFO - Filling up the DagBag from /opt/airflow/dags/ml_01_iris_pipeline-3.py
[2026-09-07T12:33:17.618+0000] {processor.py:925} INFO - DAG(s) 'iris_pipeline_dag' retrieved from /opt/airflow/dags/ml_01_iris_pipeline-3.py
[2026-09-07T12:33:17.641+0000] {logging_mixin.py:190} INFO - [2026-09-07T12:33:17.641+0000] {dag.py:3239} INFO - Sync 1 DAGs
[2026-09-07T12:33:17.652+0000] {logging_mixin.py:190} INFO - [2026-09-07T12:33:17.651+0000] {dag.py:4180} INFO - Setting next_dagrun for iris_pipeline_dag to None, run_after=None
[2026-09-07T12:33:17.669+0000] {processor.py:208} INFO - Processing /opt/airflow/dags/ml_01_iris_pipeline-3.py took 0.071 seconds
[2026-09-07T12:33:48.335+0000] {processor.py:186} INFO - Started process (PID=644) to work on /opt/airflow/dags/ml_01_iris_pipeline-3.py
[2026-09-07T12:33:48.336+0000] {processor.py:914} INFO - Processing file /opt/airflow/dags/ml_01_iris_pipeline-3.py for tasks to queue
[2026-09-07T12:33:48.337+0000] {logging_mixin.py:190} INFO - [2026-09-07T12:33:48.337+0000] {dagbag.py:588} INFO - Filling up the DagBag from /opt/airflow/dags/ml_01_iris_pipeline-3.py
[2026-09-07T12:33:48.353+0000] {processor.py:925} INFO - DAG(s) 'iris_pipeline_dag' retrieved from /opt/airflow/dags/ml_01_iris_pipeline-3.py
[2026-09-07T12:33:48.378+0000] {logging_mixin.py:190} INFO - [2026-09-07T12:33:48.378+0000] {dag.py:3239} INFO - Sync 1 DAGs
[2026-09-07T12:33:48.392+0000] {logging_mixin.py:190} INFO - [2026-09-07T12:33:48.392+0000] {dag.py:4180} INFO - Setting next_dagrun for iris_pipeline_dag to None, run_after=None
[2026-09-07T12:33:48.413+0000] {processor.py:208} INFO - Processing /opt/airflow/dags/ml_01_iris_pipeline-3.py took 0.085 seconds
[2026-09-07T12:34:19.021+0000] {processor.py:186} INFO - Started process (PID=658) to work on /opt/airflow/dags/ml_01_iris_pipeline-3.py
[2026-09-07T12:34:19.022+0000] {processor.py:914} INFO - Processing file /opt/airflow/dags/ml_01_iris_pipeline-3.py for tasks to queue
[2026-09-07T12:34:19.023+0000] {logging_mixin.py:190} INFO - [2026-09-07T12:34:19.023+0000] {dagbag.py:588} INFO - Filling up the DagBag from /opt/airflow/dags/ml_01_iris_pipeline-3.py
[2026-09-07T12:34:19.038+0000] {processor.py:925} INFO - DAG(s) 'iris_pipeline_dag' retrieved from /opt/airflow/dags/ml_01_iris_pipeline-3.py
[2026-09-07T12:34:19.063+0000] {logging_mixin.py:190} INFO - [2026-09-07T12:34:19.063+0000] {dag.py:3239} INFO - Sync 1 DAGs
[2026-09-07T12:34:19.077+0000] {logging_mixin.py:190} INFO - [2026-09-07T12:34:19.077+0000] {dag.py:4180} INFO - Setting next_dagrun for iris_pipeline_dag to None, run_after=None
[2026-09-07T12:34:19.098+0000] {processor.py:208} INFO - Processing /opt/airflow/dags/ml_01_iris_pipeline-3.py took 0.081 seconds
[2026-09-07T12:34:49.790+0000] {processor.py:186} INFO - Started process (PID=672) to work on /opt/airflow/dags/ml_01_iris_pipeline-3.py
[2026-09-07T12:34:49.790+0000] {processor.py:914} INFO - Processing file /opt/airflow/dags/ml_01_iris_pipeline-3.py for tasks to queue
[2026-09-07T12:34:49.792+0000] {logging_mixin.py:190} INFO - [2026-09-07T12:34:49.791+0000] {dagbag.py:588} INFO - Filling up the DagBag from /opt/airflow/dags/ml_01_iris_pipeline-3.py
[2026-09-07T12:34:49.810+0000] {processor.py:925} INFO - DAG(s) 'iris_pipeline_dag' retrieved from /opt/airflow/dags/ml_01_iris_pipeline-3.py
[2026-09-07T12:34:49.840+0000] {logging_mixin.py:190} INFO - [2026-09-07T12:34:49.840+0000] {dag.py:3239} INFO - Sync 1 DAGs
[2026-09-07T12:34:49.858+0000] {logging_mixin.py:190} INFO - [2026-09-07T12:34:49.857+0000] {dag.py:4180} INFO - Setting next_dagrun for iris_pipeline_dag to None, run_after=None
[2026-09-07T12:34:49.877+0000] {processor.py:208} INFO - Processing /opt/airflow/dags/ml_01_iris_pipeline-3.py took 0.094 seconds
[2026-09-07T19:51:41.789+0000] {processor.py:186} INFO - Started process (PID=106) to work on /opt/airflow/dags/ml_01_iris_pipeline-3.py
[2026-09-07T19:51:41.790+0000] {processor.py:914} INFO - Processing file /opt/airflow/dags/ml_01_iris_pipeline-3.py for tasks to queue
[2026-09-07T19:51:41.791+0000] {logging_mixin.py:190} INFO - [2026-09-07T19:51:41.791+0000] {dagbag.py:588} INFO - Filling up the DagBag from /opt/airflow/dags/ml_01_iris_pipeline-3.py
[2026-09-07T19:51:41.815+0000] {processor.py:925} INFO - DAG(s) 'iris_pipeline_dag' retrieved from /opt/airflow/dags/ml_01_iris_pipeline-3.py
[2026-09-07T19:51:41.840+0000] {logging_mixin.py:190} INFO - [2026-09-07T19:51:41.840+0000] {dag.py:3239} INFO - Sync 1 DAGs
[2026-09-07T19:51:41.855+0000] {logging_mixin.py:190} INFO - [2026-09-07T19:51:41.855+0000] {dag.py:4180} INFO - Setting next_dagrun for iris_pipeline_dag to None, run_after=None
[2026-09-07T19:51:41.886+0000] {processor.py:208} INFO - Processing /opt/airflow/dags/ml_01_iris_pipeline-3.py took 0.102 seconds
[2026-09-07T19:52:12.100+0000] {processor.py:186} INFO - Started process (PID=118) to work on /opt/airflow/dags/ml_01_iris_pipeline-3.py
[2026-09-07T19:52:12.102+0000] {processor.py:914} INFO - Processing file /opt/airflow/dags/ml_01_iris_pipeline-3.py for tasks to queue
[2026-09-07T19:52:12.103+0000] {logging_mixin.py:190} INFO - [2026-09-07T19:52:12.103+0000] {dagbag.py:588} INFO - Filling up the DagBag from /opt/airflow/dags/ml_01_iris_pipeline-3.py
[2026-09-07T19:52:12.129+0000] {processor.py:925} INFO - DAG(s) 'iris_pipeline_dag' retrieved from /opt/airflow/dags/ml_01_iris_pipeline-3.py
[2026-09-07T19:52:12.161+0000] {logging_mixin.py:190} INFO - [2026-09-07T19:52:12.161+0000] {dag.py:3239} INFO - Sync 1 DAGs
[2026-09-07T19:52:12.184+0000] {logging_mixin.py:190} INFO - [2026-09-07T19:52:12.184+0000] {dag.py:4180} INFO - Setting next_dagrun for iris_pipeline_dag to None, run_after=None
[2026-09-07T19:52:12.218+0000] {processor.py:208} INFO - Processing /opt/airflow/dags/ml_01_iris_pipeline-3.py took 0.125 seconds
[2026-09-07T19:52:42.763+0000] {processor.py:186} INFO - Started process (PID=132) to work on /opt/airflow/dags/ml_01_iris_pipeline-3.py
[2026-09-07T19:52:42.763+0000] {processor.py:914} INFO - Processing file /opt/airflow/dags/ml_01_iris_pipeline-3.py for tasks to queue
[2026-09-07T19:52:42.764+0000] {logging_mixin.py:190} INFO - [2026-09-07T19:52:42.764+0000] {dagbag.py:588} INFO - Filling up the DagBag from /opt/airflow/dags/ml_01_iris_pipeline-3.py
[2026-09-07T19:52:42.778+0000] {processor.py:925} INFO - DAG(s) 'iris_pipeline_dag' retrieved from /opt/airflow/dags/ml_01_iris_pipeline-3.py
[2026-09-07T19:52:42.801+0000] {logging_mixin.py:190} INFO - [2026-09-07T19:52:42.801+0000] {dag.py:3239} INFO - Sync 1 DAGs
[2026-09-07T19:52:42.814+0000] {logging_mixin.py:190} INFO - [2026-09-07T19:52:42.814+0000] {dag.py:4180} INFO - Setting next_dagrun for iris_pipeline_dag to None, run_after=None
[2026-09-07T19:52:42.831+0000] {processor.py:208} INFO - Processing /opt/airflow/dags/ml_01_iris_pipeline-3.py took 0.072 seconds
[2026-09-07T19:53:13.408+0000] {processor.py:186} INFO - Started process (PID=146) to work on /opt/airflow/dags/ml_01_iris_pipeline-3.py
[2026-09-07T19:53:13.409+0000] {processor.py:914} INFO - Processing file /opt/airflow/dags/ml_01_iris_pipeline-3.py for tasks to queue
[2026-09-07T19:53:13.410+0000] {logging_mixin.py:190} INFO - [2026-09-07T19:53:13.410+0000] {dagbag.py:588} INFO - Filling up the DagBag from /opt/airflow/dags/ml_01_iris_pipeline-3.py
[2026-09-07T19:53:13.424+0000] {processor.py:925} INFO - DAG(s) 'iris_pipeline_dag' retrieved from /opt/airflow/dags/ml_01_iris_pipeline-3.py
[2026-09-07T19:53:13.446+0000] {logging_mixin.py:190} INFO - [2026-09-07T19:53:13.446+0000] {dag.py:3239} INFO - Sync 1 DAGs
[2026-09-07T19:53:13.458+0000] {logging_mixin.py:190} INFO - [2026-09-07T19:53:13.458+0000] {dag.py:4180} INFO - Setting next_dagrun for iris_pipeline_dag to None, run_after=None
[2026-09-07T19:53:13.479+0000] {processor.py:208} INFO - Processing /opt/airflow/dags/ml_01_iris_pipeline-3.py took 0.076 seconds
[2026-09-07T19:53:44.494+0000] {processor.py:186} INFO - Started process (PID=160) to work on /opt/airflow/dags/ml_01_iris_pipeline-3.py
[2026-09-07T19:53:44.494+0000] {processor.py:914} INFO - Processing file /opt/airflow/dags/ml_01_iris_pipeline-3.py for tasks to queue
[2026-09-07T19:53:44.495+0000] {logging_mixin.py:190} INFO - [2026-09-07T19:53:44.495+0000] {dagbag.py:588} INFO - Filling up the DagBag from /opt/airflow/dags/ml_01_iris_pipeline-3.py
[2026-09-07T19:53:44.510+0000] {processor.py:925} INFO - DAG(s) 'iris_pipeline_dag' retrieved from /opt/airflow/dags/ml_01_iris_pipeline-3.py
[2026-09-07T19:53:44.642+0000] {logging_mixin.py:190} INFO - [2026-09-07T19:53:44.642+0000] {dag.py:3239} INFO - Sync 1 DAGs
[2026-09-07T19:53:44.651+0000] {logging_mixin.py:190} INFO - [2026-09-07T19:53:44.651+0000] {dag.py:4180} INFO - Setting next_dagrun for iris_pipeline_dag to None, run_after=None
[2026-09-07T19:53:44.667+0000] {processor.py:208} INFO - Processing /opt/airflow/dags/ml_01_iris_pipeline-3.py took 0.178 seconds
[2026-09-07T19:54:15.474+0000] {processor.py:186} INFO - Started process (PID=174) to work on /opt/airflow/dags/ml_01_iris_pipeline-3.py
[2026-09-07T19:54:15.474+0000] {processor.py:914} INFO - Processing file /opt/airflow/dags/ml_01_iris_pipeline-3.py for tasks to queue
[2026-09-07T19:54:15.475+0000] {logging_mixin.py:190} INFO - [2026-09-07T19:54:15.475+0000] {dagbag.py:588} INFO - Filling up the DagBag from /opt/airflow/dags/ml_01_iris_pipeline-3.py
[2026-09-07T19:54:15.489+0000] {processor.py:925} INFO - DAG(s) 'iris_pipeline_dag' retrieved from /opt/airflow/dags/ml_01_iris_pipeline-3.py
[2026-09-07T19:54:15.512+0000] {logging_mixin.py:190} INFO - [2026-09-07T19:54:15.512+0000] {dag.py:3239} INFO - Sync 1 DAGs
[2026-09-07T19:54:15.528+0000] {logging_mixin.py:190} INFO - [2026-09-07T19:54:15.527+0000] {dag.py:4180} INFO - Setting next_dagrun for iris_pipeline_dag to None, run_after=None
[2026-09-07T19:54:15.548+0000] {processor.py:208} INFO - Processing /opt/airflow/dags/ml_01_iris_pipeline-3.py took 0.080 seconds
[2026-09-07T19:54:46.084+0000] {processor.py:186} INFO - Started process (PID=188) to work on /opt/airflow/dags/ml_01_iris_pipeline-3.py
[2026-09-07T19:54:46.084+0000] {processor.py:914} INFO - Processing file /opt/airflow/dags/ml_01_iris_pipeline-3.py for tasks to queue
[2026-09-07T19:54:46.086+0000] {logging_mixin.py:190} INFO - [2026-09-07T19:54:46.085+0000] {dagbag.py:588} INFO - Filling up the DagBag from /opt/airflow/dags/ml_01_iris_pipeline-3.py
[2026-09-07T19:54:46.100+0000] {processor.py:925} INFO - DAG(s) 'iris_pipeline_dag' retrieved from /opt/airflow/dags/ml_01_iris_pipeline-3.py
[2026-09-07T19:54:46.124+0000] {logging_mixin.py:190} INFO - [2026-09-07T19:54:46.124+0000] {dag.py:3239} INFO - Sync 1 DAGs
[2026-09-07T19:54:46.137+0000] {logging_mixin.py:190} INFO - [2026-09-07T19:54:46.136+0000] {dag.py:4180} INFO - Setting next_dagrun for iris_pipeline_dag to None, run_after=None
[2026-09-07T19:54:46.156+0000] {processor.py:208} INFO - Processing /opt/airflow/dags/ml_01_iris_pipeline-3.py took 0.077 seconds
[2026-09-07T19:55:16.710+0000] {processor.py:186} INFO - Started process (PID=202) to work on /opt/airflow/dags/ml_01_iris_pipeline-3.py
[2026-09-07T19:55:16.710+0000] {processor.py:914} INFO - Processing file /opt/airflow/dags/ml_01_iris_pipeline-3.py for tasks to queue
[2026-09-07T19:55:16.712+0000] {logging_mixin.py:190} INFO - [2026-09-07T19:55:16.711+0000] {dagbag.py:588} INFO - Filling up the DagBag from /opt/airflow/dags/ml_01_iris_pipeline-3.py
[2026-09-07T19:55:16.726+0000] {processor.py:925} INFO - DAG(s) 'iris_pipeline_dag' retrieved from /opt/airflow/dags/ml_01_iris_pipeline-3.py
[2026-09-07T19:55:16.749+0000] {logging_mixin.py:190} INFO - [2026-09-07T19:55:16.749+0000] {dag.py:3239} INFO - Sync 1 DAGs
[2026-09-07T19:55:16.760+0000] {logging_mixin.py:190} INFO - [2026-09-07T19:55:16.760+0000] {dag.py:4180} INFO - Setting next_dagrun for iris_pipeline_dag to None, run_after=None
[2026-09-07T19:55:16.776+0000] {processor.py:208} INFO - Processing /opt/airflow/dags/ml_01_iris_pipeline-3.py took 0.071 seconds
[2026-09-07T19:55:47.261+0000] {processor.py:186} INFO - Started process (PID=216) to work on /opt/airflow/dags/ml_01_iris_pipeline-3.py
[2026-09-07T19:55:47.261+0000] {processor.py:914} INFO - Processing file /opt/airflow/dags/ml_01_iris_pipeline-3.py for tasks to queue
[2026-09-07T19:55:47.262+0000] {logging_mixin.py:190} INFO - [2026-09-07T19:55:47.262+0000] {dagbag.py:588} INFO - Filling up the DagBag from /opt/airflow/dags/ml_01_iris_pipeline-3.py
[2026-09-07T19:55:47.275+0000] {processor.py:925} INFO - DAG(s) 'iris_pipeline_dag' retrieved from /opt/airflow/dags/ml_01_iris_pipeline-3.py
[2026-09-07T19:55:47.296+0000] {logging_mixin.py:190} INFO - [2026-09-07T19:55:47.296+0000] {dag.py:3239} INFO - Sync 1 DAGs
[2026-09-07T19:55:47.307+0000] {logging_mixin.py:190} INFO - [2026-09-07T19:55:47.307+0000] {dag.py:4180} INFO - Setting next_dagrun for iris_pipeline_dag to None, run_after=None
[2026-09-07T19:55:47.323+0000] {processor.py:208} INFO - Processing /opt/airflow/dags/ml_01_iris_pipeline-3.py took 0.067 seconds
[2026-09-07T19:56:17.820+0000] {processor.py:186} INFO - Started process (PID=230) to work on /opt/airflow/dags/ml_01_iris_pipeline-3.py
[2026-09-07T19:56:17.821+0000] {processor.py:914} INFO - Processing file /opt/airflow/dags/ml_01_iris_pipeline-3.py for tasks to queue
[2026-09-07T19:56:17.822+0000] {logging_mixin.py:190} INFO - [2026-09-07T19:56:17.822+0000] {dagbag.py:588} INFO - Filling up the DagBag from /opt/airflow/dags/ml_01_iris_pipeline-3.py
[2026-09-07T19:56:17.836+0000] {processor.py:925} INFO - DAG(s) 'iris_pipeline_dag' retrieved from /opt/airflow/dags/ml_01_iris_pipeline-3.py
[2026-09-07T19:56:17.859+0000] {logging_mixin.py:190} INFO - [2026-09-07T19:56:17.859+0000] {dag.py:3239} INFO - Sync 1 DAGs
[2026-09-07T19:56:17.871+0000] {logging_mixin.py:190} INFO - [2026-09-07T19:56:17.871+0000] {dag.py:4180} INFO - Setting next_dagrun for iris_pipeline_dag to None, run_after=None
[2026-09-07T19:56:17.889+0000] {processor.py:208} INFO - Processing /opt/airflow/dags/ml_01_iris_pipeline-3.py took 0.074 seconds
[2026-09-07T19:56:48.494+0000] {processor.py:186} INFO - Started process (PID=244) to work on /opt/airflow/dags/ml_01_iris_pipeline-3.py
[2026-09-07T19:56:48.494+0000] {processor.py:914} INFO - Processing file /opt/airflow/dags/ml_01_iris_pipeline-3.py for tasks to queue
[2026-09-07T19:56:48.496+0000] {logging_mixin.py:190} INFO - [2026-09-07T19:56:48.495+0000] {dagbag.py:588} INFO - Filling up the DagBag from /opt/airflow/dags/ml_01_iris_pipeline-3.py
[2026-09-07T19:56:48.509+0000] {processor.py:925} INFO - DAG(s) 'iris_pipeline_dag' retrieved from /opt/airflow/dags/ml_01_iris_pipeline-3.py
[2026-09-07T19:56:48.534+0000] {logging_mixin.py:190} INFO - [2026-09-07T19:56:48.534+0000] {dag.py:3239} INFO - Sync 1 DAGs
[2026-09-07T19:56:48.547+0000] {logging_mixin.py:190} INFO - [2026-09-07T19:56:48.546+0000] {dag.py:4180} INFO - Setting next_dagrun for iris_pipeline_dag to None, run_after=None
[2026-09-07T19:56:48.566+0000] {processor.py:208} INFO - Processing /opt/airflow/dags/ml_01_iris_pipeline-3.py took 0.077 seconds
[2026-09-07T19:57:19.085+0000] {processor.py:186} INFO - Started process (PID=259) to work on /opt/airflow/dags/ml_01_iris_pipeline-3.py
[2026-09-07T19:57:19.085+0000] {processor.py:914} INFO - Processing file /opt/airflow/dags/ml_01_iris_pipeline-3.py for tasks to queue
[2026-09-07T19:57:19.086+0000] {logging_mixin.py:190} INFO - [2026-09-07T19:57:19.086+0000] {dagbag.py:588} INFO - Filling up the DagBag from /opt/airflow/dags/ml_01_iris_pipeline-3.py
[2026-09-07T19:57:19.099+0000] {processor.py:925} INFO - DAG(s) 'iris_pipeline_dag' retrieved from /opt/airflow/dags/ml_01_iris_pipeline-3.py
[2026-09-07T19:57:19.122+0000] {logging_mixin.py:190} INFO - [2026-09-07T19:57:19.122+0000] {dag.py:3239} INFO - Sync 1 DAGs
[2026-09-07T19:57:19.135+0000] {logging_mixin.py:190} INFO - [2026-09-07T19:57:19.135+0000] {dag.py:4180} INFO - Setting next_dagrun for iris_pipeline_dag to None, run_after=None
[2026-09-07T19:57:19.152+0000] {processor.py:208} INFO - Processing /opt/airflow/dags/ml_01_iris_pipeline-3.py took 0.072 seconds
[2026-09-07T19:57:49.664+0000] {processor.py:186} INFO - Started process (PID=273) to work on /opt/airflow/dags/ml_01_iris_pipeline-3.py
[2026-09-07T19:57:49.665+0000] {processor.py:914} INFO - Processing file /opt/airflow/dags/ml_01_iris_pipeline-3.py for tasks to queue
[2026-09-07T19:57:49.666+0000] {logging_mixin.py:190} INFO - [2026-09-07T19:57:49.666+0000] {dagbag.py:588} INFO - Filling up the DagBag from /opt/airflow/dags/ml_01_iris_pipeline-3.py
[2026-09-07T19:57:49.681+0000] {processor.py:925} INFO - DAG(s) 'iris_pipeline_dag' retrieved from /opt/airflow/dags/ml_01_iris_pipeline-3.py
[2026-09-07T19:57:49.703+0000] {logging_mixin.py:190} INFO - [2026-09-07T19:57:49.703+0000] {dag.py:3239} INFO - Sync 1 DAGs
[2026-09-07T19:57:49.714+0000] {logging_mixin.py:190} INFO - [2026-09-07T19:57:49.714+0000] {dag.py:4180} INFO - Setting next_dagrun for iris_pipeline_dag to None, run_after=None
[2026-09-07T19:57:49.732+0000] {processor.py:208} INFO - Processing /opt/airflow/dags/ml_01_iris_pipeline-3.py took 0.072 seconds
[2026-09-07T19:58:20.251+0000] {processor.py:186} INFO - Started process (PID=287) to work on /opt/airflow/dags/ml_01_iris_pipeline-3.py
[2026-09-07T19:58:20.252+0000] {processor.py:914} INFO - Processing file /opt/airflow/dags/ml_01_iris_pipeline-3.py for tasks to queue
[2026-09-07T19:58:20.253+0000] {logging_mixin.py:190} INFO - [2026-09-07T19:58:20.253+0000] {dagbag.py:588} INFO - Filling up the DagBag from /opt/airflow/dags/ml_01_iris_pipeline-3.py
[2026-09-07T19:58:20.267+0000] {processor.py:925} INFO - DAG(s) 'iris_pipeline_dag' retrieved from /opt/airflow/dags/ml_01_iris_pipeline-3.py
[2026-09-07T19:58:20.296+0000] {logging_mixin.py:190} INFO - [2026-09-07T19:58:20.296+0000] {dag.py:3239} INFO - Sync 1 DAGs
[2026-09-07T19:58:20.311+0000] {logging_mixin.py:190} INFO - [2026-09-07T19:58:20.311+0000] {dag.py:4180} INFO - Setting next_dagrun for iris_pipeline_dag to None, run_after=None
[2026-09-07T19:58:20.345+0000] {processor.py:208} INFO - Processing /opt/airflow/dags/ml_01_iris_pipeline-3.py took 0.099 seconds
[2026-09-07T19:58:50.866+0000] {processor.py:186} INFO - Started process (PID=302) to work on /opt/airflow/dags/ml_01_iris_pipeline-3.py
[2026-09-07T19:58:50.867+0000] {processor.py:914} INFO - Processing file /opt/airflow/dags/ml_01_iris_pipeline-3.py for tasks to queue
[2026-09-07T19:58:50.868+0000] {logging_mixin.py:190} INFO - [2026-09-07T19:58:50.867+0000] {dagbag.py:588} INFO - Filling up the DagBag from /opt/airflow/dags/ml_01_iris_pipeline-3.py
[2026-09-07T19:58:50.880+0000] {processor.py:925} INFO - DAG(s) 'iris_pipeline_dag' retrieved from /opt/airflow/dags/ml_01_iris_pipeline-3.py
[2026-09-07T19:58:50.902+0000] {logging_mixin.py:190} INFO - [2026-09-07T19:58:50.901+0000] {dag.py:3239} INFO - Sync 1 DAGs
[2026-09-07T19:58:50.913+0000] {logging_mixin.py:190} INFO - [2026-09-07T19:58:50.913+0000] {dag.py:4180} INFO - Setting next_dagrun for iris_pipeline_dag to None, run_after=None
[2026-09-07T19:58:50.932+0000] {processor.py:208} INFO - Processing /opt/airflow/dags/ml_01_iris_pipeline-3.py took 0.071 seconds
[2026-09-07T19:59:21.440+0000] {processor.py:186} INFO - Started process (PID=316) to work on /opt/airflow/dags/ml_01_iris_pipeline-3.py
[2026-09-07T19:59:21.441+0000] {processor.py:914} INFO - Processing file /opt/airflow/dags/ml_01_iris_pipeline-3.py for tasks to queue
[2026-09-07T19:59:21.442+0000] {logging_mixin.py:190} INFO - [2026-09-07T19:59:21.441+0000] {dagbag.py:588} INFO - Filling up the DagBag from /opt/airflow/dags/ml_01_iris_pipeline-3.py
[2026-09-07T19:59:21.455+0000] {processor.py:925} INFO - DAG(s) 'iris_pipeline_dag' retrieved from /opt/airflow/dags/ml_01_iris_pipeline-3.py
[2026-09-07T19:59:21.479+0000] {logging_mixin.py:190} INFO - [2026-09-07T19:59:21.479+0000] {dag.py:3239} INFO - Sync 1 DAGs
[2026-09-07T19:59:21.491+0000] {logging_mixin.py:190} INFO - [2026-09-07T19:59:21.491+0000] {dag.py:4180} INFO - Setting next_dagrun for iris_pipeline_dag to None, run_after=None
[2026-09-07T19:59:21.506+0000] {processor.py:208} INFO - Processing /opt/airflow/dags/ml_01_iris_pipeline-3.py took 0.071 seconds
[2026-09-07T19:59:52.058+0000] {processor.py:186} INFO - Started process (PID=330) to work on /opt/airflow/dags/ml_01_iris_pipeline-3.py
[2026-09-07T19:59:52.059+0000] {processor.py:914} INFO - Processing file /opt/airflow/dags/ml_01_iris_pipeline-3.py for tasks to queue
[2026-09-07T19:59:52.060+0000] {logging_mixin.py:190} INFO - [2026-09-07T19:59:52.059+0000] {dagbag.py:588} INFO - Filling up the DagBag from /opt/airflow/dags/ml_01_iris_pipeline-3.py
[2026-09-07T19:59:52.074+0000] {processor.py:925} INFO - DAG(s) 'iris_pipeline_dag' retrieved from /opt/airflow/dags/ml_01_iris_pipeline-3.py
[2026-09-07T19:59:52.096+0000] {logging_mixin.py:190} INFO - [2026-09-07T19:59:52.095+0000] {dag.py:3239} INFO - Sync 1 DAGs
[2026-09-07T19:59:52.106+0000] {logging_mixin.py:190} INFO - [2026-09-07T19:59:52.106+0000] {dag.py:4180} INFO - Setting next_dagrun for iris_pipeline_dag to None, run_after=None
[2026-09-07T19:59:52.128+0000] {processor.py:208} INFO - Processing /opt/airflow/dags/ml_01_iris_pipeline-3.py took 0.075 seconds
[2026-09-07T20:00:22.658+0000] {processor.py:186} INFO - Started process (PID=344) to work on /opt/airflow/dags/ml_01_iris_pipeline-3.py
[2026-09-07T20:00:22.659+0000] {processor.py:914} INFO - Processing file /opt/airflow/dags/ml_01_iris_pipeline-3.py for tasks to queue
[2026-09-07T20:00:22.660+0000] {logging_mixin.py:190} INFO - [2026-09-07T20:00:22.660+0000] {dagbag.py:588} INFO - Filling up the DagBag from /opt/airflow/dags/ml_01_iris_pipeline-3.py
[2026-09-07T20:00:22.679+0000] {processor.py:925} INFO - DAG(s) 'iris_pipeline_dag' retrieved from /opt/airflow/dags/ml_01_iris_pipeline-3.py
[2026-09-07T20:00:22.704+0000] {logging_mixin.py:190} INFO - [2026-09-07T20:00:22.704+0000] {dag.py:3239} INFO - Sync 1 DAGs
[2026-09-07T20:00:22.717+0000] {logging_mixin.py:190} INFO - [2026-09-07T20:00:22.717+0000] {dag.py:4180} INFO - Setting next_dagrun for iris_pipeline_dag to None, run_after=None
[2026-09-07T20:00:22.733+0000] {processor.py:208} INFO - Processing /opt/airflow/dags/ml_01_iris_pipeline-3.py took 0.080 seconds
[2026-09-07T20:00:53.254+0000] {processor.py:186} INFO - Started process (PID=358) to work on /opt/airflow/dags/ml_01_iris_pipeline-3.py
[2026-09-07T20:00:53.254+0000] {processor.py:914} INFO - Processing file /opt/airflow/dags/ml_01_iris_pipeline-3.py for tasks to queue
[2026-09-07T20:00:53.255+0000] {logging_mixin.py:190} INFO - [2026-09-07T20:00:53.255+0000] {dagbag.py:588} INFO - Filling up the DagBag from /opt/airflow/dags/ml_01_iris_pipeline-3.py
[2026-09-07T20:00:53.268+0000] {processor.py:925} INFO - DAG(s) 'iris_pipeline_dag' retrieved from /opt/airflow/dags/ml_01_iris_pipeline-3.py
[2026-09-07T20:00:53.290+0000] {logging_mixin.py:190} INFO - [2026-09-07T20:00:53.290+0000] {dag.py:3239} INFO - Sync 1 DAGs
[2026-09-07T20:00:53.303+0000] {logging_mixin.py:190} INFO - [2026-09-07T20:00:53.302+0000] {dag.py:4180} INFO - Setting next_dagrun for iris_pipeline_dag to None, run_after=None
[2026-09-07T20:00:53.320+0000] {processor.py:208} INFO - Processing /opt/airflow/dags/ml_01_iris_pipeline-3.py took 0.071 seconds
[2026-09-07T20:01:23.881+0000] {processor.py:186} INFO - Started process (PID=372) to work on /opt/airflow/dags/ml_01_iris_pipeline-3.py
[2026-09-07T20:01:23.881+0000] {processor.py:914} INFO - Processing file /opt/airflow/dags/ml_01_iris_pipeline-3.py for tasks to queue
[2026-09-07T20:01:23.883+0000] {logging_mixin.py:190} INFO - [2026-09-07T20:01:23.882+0000] {dagbag.py:588} INFO - Filling up the DagBag from /opt/airflow/dags/ml_01_iris_pipeline-3.py
[2026-09-07T20:01:23.897+0000] {processor.py:925} INFO - DAG(s) 'iris_pipeline_dag' retrieved from /opt/airflow/dags/ml_01_iris_pipeline-3.py
[2026-09-07T20:01:23.921+0000] {logging_mixin.py:190} INFO - [2026-09-07T20:01:23.920+0000] {dag.py:3239} INFO - Sync 1 DAGs
[2026-09-07T20:01:23.932+0000] {logging_mixin.py:190} INFO - [2026-09-07T20:01:23.932+0000] {dag.py:4180} INFO - Setting next_dagrun for iris_pipeline_dag to None, run_after=None
[2026-09-07T20:01:23.951+0000] {processor.py:208} INFO - Processing /opt/airflow/dags/ml_01_iris_pipeline-3.py took 0.075 seconds
[2026-09-07T20:01:54.526+0000] {processor.py:186} INFO - Started process (PID=386) to work on /opt/airflow/dags/ml_01_iris_pipeline-3.py
[2026-09-07T20:01:54.527+0000] {processor.py:914} INFO - Processing file /opt/airflow/dags/ml_01_iris_pipeline-3.py for tasks to queue
[2026-09-07T20:01:54.528+0000] {logging_mixin.py:190} INFO - [2026-09-07T20:01:54.528+0000] {dagbag.py:588} INFO - Filling up the DagBag from /opt/airflow/dags/ml_01_iris_pipeline-3.py
[2026-09-07T20:01:54.541+0000] {processor.py:925} INFO - DAG(s) 'iris_pipeline_dag' retrieved from /opt/airflow/dags/ml_01_iris_pipeline-3.py
[2026-09-07T20:01:54.564+0000] {logging_mixin.py:190} INFO - [2026-09-07T20:01:54.564+0000] {dag.py:3239} INFO - Sync 1 DAGs
[2026-09-07T20:01:54.576+0000] {logging_mixin.py:190} INFO - [2026-09-07T20:01:54.575+0000] {dag.py:4180} INFO - Setting next_dagrun for iris_pipeline_dag to None, run_after=None
[2026-09-07T20:01:54.592+0000] {processor.py:208} INFO - Processing /opt/airflow/dags/ml_01_iris_pipeline-3.py took 0.071 seconds
[2026-09-07T20:02:25.094+0000] {processor.py:186} INFO - Started process (PID=400) to work on /opt/airflow/dags/ml_01_iris_pipeline-3.py
[2026-09-07T20:02:25.095+0000] {processor.py:914} INFO - Processing file /opt/airflow/dags/ml_01_iris_pipeline-3.py for tasks to queue
[2026-09-07T20:02:25.096+0000] {logging_mixin.py:190} INFO - [2026-09-07T20:02:25.096+0000] {dagbag.py:588} INFO - Filling up the DagBag from /opt/airflow/dags/ml_01_iris_pipeline-3.py
[2026-09-07T20:02:25.110+0000] {processor.py:925} INFO - DAG(s) 'iris_pipeline_dag' retrieved from /opt/airflow/dags/ml_01_iris_pipeline-3.py
[2026-09-07T20:02:25.135+0000] {logging_mixin.py:190} INFO - [2026-09-07T20:02:25.135+0000] {dag.py:3239} INFO - Sync 1 DAGs
[2026-09-07T20:02:25.148+0000] {logging_mixin.py:190} INFO - [2026-09-07T20:02:25.148+0000] {dag.py:4180} INFO - Setting next_dagrun for iris_pipeline_dag to None, run_after=None
[2026-09-07T20:02:25.165+0000] {processor.py:208} INFO - Processing /opt/airflow/dags/ml_01_iris_pipeline-3.py took 0.076 seconds
[2026-09-07T20:02:55.704+0000] {processor.py:186} INFO - Started process (PID=414) to work on /opt/airflow/dags/ml_01_iris_pipeline-3.py
[2026-09-07T20:02:55.705+0000] {processor.py:914} INFO - Processing file /opt/airflow/dags/ml_01_iris_pipeline-3.py for tasks to queue
[2026-09-07T20:02:55.706+0000] {logging_mixin.py:190} INFO - [2026-09-07T20:02:55.705+0000] {dagbag.py:588} INFO - Filling up the DagBag from /opt/airflow/dags/ml_01_iris_pipeline-3.py
[2026-09-07T20:02:55.719+0000] {processor.py:925} INFO - DAG(s) 'iris_pipeline_dag' retrieved from /opt/airflow/dags/ml_01_iris_pipeline-3.py
[2026-09-07T20:02:55.744+0000] {logging_mixin.py:190} INFO - [2026-09-07T20:02:55.743+0000] {dag.py:3239} INFO - Sync 1 DAGs
[2026-09-07T20:02:55.756+0000] {logging_mixin.py:190} INFO - [2026-09-07T20:02:55.756+0000] {dag.py:4180} INFO - Setting next_dagrun for iris_pipeline_dag to None, run_after=None
[2026-09-07T20:02:55.776+0000] {processor.py:208} INFO - Processing /opt/airflow/dags/ml_01_iris_pipeline-3.py took 0.077 seconds
[2026-09-07T20:03:26.281+0000] {processor.py:186} INFO - Started process (PID=428) to work on /opt/airflow/dags/ml_01_iris_pipeline-3.py
[2026-09-07T20:03:26.282+0000] {processor.py:914} INFO - Processing file /opt/airflow/dags/ml_01_iris_pipeline-3.py for tasks to queue
[2026-09-07T20:03:26.283+0000] {logging_mixin.py:190} INFO - [2026-09-07T20:03:26.283+0000] {dagbag.py:588} INFO - Filling up the DagBag from /opt/airflow/dags/ml_01_iris_pipeline-3.py
[2026-09-07T20:03:26.303+0000] {processor.py:925} INFO - DAG(s) 'iris_pipeline_dag' retrieved from /opt/airflow/dags/ml_01_iris_pipeline-3.py
[2026-09-07T20:03:26.328+0000] {logging_mixin.py:190} INFO - [2026-09-07T20:03:26.328+0000] {dag.py:3239} INFO - Sync 1 DAGs
[2026-09-07T20:03:26.341+0000] {logging_mixin.py:190} INFO - [2026-09-07T20:03:26.341+0000] {dag.py:4180} INFO - Setting next_dagrun for iris_pipeline_dag to None, run_after=None
[2026-09-07T20:03:26.362+0000] {processor.py:208} INFO - Processing /opt/airflow/dags/ml_01_iris_pipeline-3.py took 0.088 seconds
[2026-09-07T20:03:56.897+0000] {processor.py:186} INFO - Started process (PID=442) to work on /opt/airflow/dags/ml_01_iris_pipeline-3.py
[2026-09-07T20:03:56.898+0000] {processor.py:914} INFO - Processing file /opt/airflow/dags/ml_01_iris_pipeline-3.py for tasks to queue
[2026-09-07T20:03:56.899+0000] {logging_mixin.py:190} INFO - [2026-09-07T20:03:56.898+0000] {dagbag.py:588} INFO - Filling up the DagBag from /opt/airflow/dags/ml_01_iris_pipeline-3.py
[2026-09-07T20:03:56.912+0000] {processor.py:925} INFO - DAG(s) 'iris_pipeline_dag' retrieved from /opt/airflow/dags/ml_01_iris_pipeline-3.py
[2026-09-07T20:03:56.934+0000] {logging_mixin.py:190} INFO - [2026-09-07T20:03:56.934+0000] {dag.py:3239} INFO - Sync 1 DAGs
[2026-09-07T20:03:56.945+0000] {logging_mixin.py:190} INFO - [2026-09-07T20:03:56.945+0000] {dag.py:4180} INFO - Setting next_dagrun for iris_pipeline_dag to None, run_after=None
[2026-09-07T20:03:56.966+0000] {processor.py:208} INFO - Processing /opt/airflow/dags/ml_01_iris_pipeline-3.py took 0.074 seconds
[2026-09-07T20:04:27.494+0000] {processor.py:186} INFO - Started process (PID=456) to work on /opt/airflow/dags/ml_01_iris_pipeline-3.py
[2026-09-07T20:04:27.495+0000] {processor.py:914} INFO - Processing file /opt/airflow/dags/ml_01_iris_pipeline-3.py for tasks to queue
[2026-09-07T20:04:27.496+0000] {logging_mixin.py:190} INFO - [2026-09-07T20:04:27.496+0000] {dagbag.py:588} INFO - Filling up the DagBag from /opt/airflow/dags/ml_01_iris_pipeline-3.py
[2026-09-07T20:04:27.509+0000] {processor.py:925} INFO - DAG(s) 'iris_pipeline_dag' retrieved from /opt/airflow/dags/ml_01_iris_pipeline-3.py
[2026-09-07T20:04:27.530+0000] {logging_mixin.py:190} INFO - [2026-09-07T20:04:27.530+0000] {dag.py:3239} INFO - Sync 1 DAGs
[2026-09-07T20:04:27.544+0000] {logging_mixin.py:190} INFO - [2026-09-07T20:04:27.543+0000] {dag.py:4180} INFO - Setting next_dagrun for iris_pipeline_dag to None, run_after=None
[2026-09-07T20:04:27.561+0000] {processor.py:208} INFO - Processing /opt/airflow/dags/ml_01_iris_pipeline-3.py took 0.072 seconds
[2026-09-07T20:11:59.169+0000] {processor.py:186} INFO - Started process (PID=103) to work on /opt/airflow/dags/ml_01_iris_pipeline-3.py
[2026-09-07T20:11:59.169+0000] {processor.py:914} INFO - Processing file /opt/airflow/dags/ml_01_iris_pipeline-3.py for tasks to queue
[2026-09-07T20:11:59.171+0000] {logging_mixin.py:190} INFO - [2026-09-07T20:11:59.170+0000] {dagbag.py:588} INFO - Filling up the DagBag from /opt/airflow/dags/ml_01_iris_pipeline-3.py
[2026-09-07T20:11:59.188+0000] {processor.py:925} INFO - DAG(s) 'iris_pipeline_dag' retrieved from /opt/airflow/dags/ml_01_iris_pipeline-3.py
[2026-09-07T20:11:59.222+0000] {logging_mixin.py:190} INFO - [2026-09-07T20:11:59.221+0000] {dag.py:3239} INFO - Sync 1 DAGs
[2026-09-07T20:11:59.238+0000] {logging_mixin.py:190} INFO - [2026-09-07T20:11:59.238+0000] {dag.py:4180} INFO - Setting next_dagrun for iris_pipeline_dag to None, run_after=None
[2026-09-07T20:11:59.257+0000] {processor.py:208} INFO - Processing /opt/airflow/dags/ml_01_iris_pipeline-3.py took 0.092 seconds
[2026-09-07T20:12:29.319+0000] {processor.py:186} INFO - Started process (PID=117) to work on /opt/airflow/dags/ml_01_iris_pipeline-3.py
[2026-09-07T20:12:29.319+0000] {processor.py:914} INFO - Processing file /opt/airflow/dags/ml_01_iris_pipeline-3.py for tasks to queue
[2026-09-07T20:12:29.320+0000] {logging_mixin.py:190} INFO - [2026-09-07T20:12:29.320+0000] {dagbag.py:588} INFO - Filling up the DagBag from /opt/airflow/dags/ml_01_iris_pipeline-3.py
[2026-09-07T20:12:29.336+0000] {processor.py:925} INFO - DAG(s) 'iris_pipeline_dag' retrieved from /opt/airflow/dags/ml_01_iris_pipeline-3.py
[2026-09-07T20:12:29.361+0000] {logging_mixin.py:190} INFO - [2026-09-07T20:12:29.361+0000] {dag.py:3239} INFO - Sync 1 DAGs
[2026-09-07T20:12:29.378+0000] {logging_mixin.py:190} INFO - [2026-09-07T20:12:29.377+0000] {dag.py:4180} INFO - Setting next_dagrun for iris_pipeline_dag to None, run_after=None
[2026-09-07T20:12:29.400+0000] {processor.py:208} INFO - Processing /opt/airflow/dags/ml_01_iris_pipeline-3.py took 0.086 seconds
[2026-09-07T20:12:59.989+0000] {processor.py:186} INFO - Started process (PID=131) to work on /opt/airflow/dags/ml_01_iris_pipeline-3.py
[2026-09-07T20:12:59.990+0000] {processor.py:914} INFO - Processing file /opt/airflow/dags/ml_01_iris_pipeline-3.py for tasks to queue
[2026-09-07T20:12:59.991+0000] {logging_mixin.py:190} INFO - [2026-09-07T20:12:59.990+0000] {dagbag.py:588} INFO - Filling up the DagBag from /opt/airflow/dags/ml_01_iris_pipeline-3.py
[2026-09-07T20:13:00.005+0000] {processor.py:925} INFO - DAG(s) 'iris_pipeline_dag' retrieved from /opt/airflow/dags/ml_01_iris_pipeline-3.py
[2026-09-07T20:13:00.033+0000] {logging_mixin.py:190} INFO - [2026-09-07T20:13:00.032+0000] {dag.py:3239} INFO - Sync 1 DAGs
[2026-09-07T20:13:00.044+0000] {logging_mixin.py:190} INFO - [2026-09-07T20:13:00.044+0000] {dag.py:4180} INFO - Setting next_dagrun for iris_pipeline_dag to None, run_after=None
[2026-09-07T20:13:00.060+0000] {processor.py:208} INFO - Processing /opt/airflow/dags/ml_01_iris_pipeline-3.py took 0.076 seconds
[2026-09-07T20:13:30.696+0000] {processor.py:186} INFO - Started process (PID=145) to work on /opt/airflow/dags/ml_01_iris_pipeline-3.py
[2026-09-07T20:13:30.697+0000] {processor.py:914} INFO - Processing file /opt/airflow/dags/ml_01_iris_pipeline-3.py for tasks to queue
[2026-09-07T20:13:30.698+0000] {logging_mixin.py:190} INFO - [2026-09-07T20:13:30.697+0000] {dagbag.py:588} INFO - Filling up the DagBag from /opt/airflow/dags/ml_01_iris_pipeline-3.py
[2026-09-07T20:13:30.711+0000] {processor.py:925} INFO - DAG(s) 'iris_pipeline_dag' retrieved from /opt/airflow/dags/ml_01_iris_pipeline-3.py
[2026-09-07T20:13:30.735+0000] {logging_mixin.py:190} INFO - [2026-09-07T20:13:30.734+0000] {dag.py:3239} INFO - Sync 1 DAGs
[2026-09-07T20:13:30.747+0000] {logging_mixin.py:190} INFO - [2026-09-07T20:13:30.746+0000] {dag.py:4180} INFO - Setting next_dagrun for iris_pipeline_dag to None, run_after=None
[2026-09-07T20:13:30.910+0000] {processor.py:208} INFO - Processing /opt/airflow/dags/ml_01_iris_pipeline-3.py took 0.219 seconds
[2026-09-07T20:14:01.906+0000] {processor.py:186} INFO - Started process (PID=159) to work on /opt/airflow/dags/ml_01_iris_pipeline-3.py
[2026-09-07T20:14:01.907+0000] {processor.py:914} INFO - Processing file /opt/airflow/dags/ml_01_iris_pipeline-3.py for tasks to queue
[2026-09-07T20:14:01.908+0000] {logging_mixin.py:190} INFO - [2026-09-07T20:14:01.908+0000] {dagbag.py:588} INFO - Filling up the DagBag from /opt/airflow/dags/ml_01_iris_pipeline-3.py
[2026-09-07T20:14:01.923+0000] {processor.py:925} INFO - DAG(s) 'iris_pipeline_dag' retrieved from /opt/airflow/dags/ml_01_iris_pipeline-3.py
[2026-09-07T20:14:02.066+0000] {logging_mixin.py:190} INFO - [2026-09-07T20:14:02.066+0000] {dag.py:3239} INFO - Sync 1 DAGs
[2026-09-07T20:14:02.077+0000] {logging_mixin.py:190} INFO - [2026-09-07T20:14:02.077+0000] {dag.py:4180} INFO - Setting next_dagrun for iris_pipeline_dag to None, run_after=None
[2026-09-07T20:14:02.094+0000] {processor.py:208} INFO - Processing /opt/airflow/dags/ml_01_iris_pipeline-3.py took 0.193 seconds
[2026-09-07T20:14:32.801+0000] {processor.py:186} INFO - Started process (PID=173) to work on /opt/airflow/dags/ml_01_iris_pipeline-3.py
[2026-09-07T20:14:32.802+0000] {processor.py:914} INFO - Processing file /opt/airflow/dags/ml_01_iris_pipeline-3.py for tasks to queue
[2026-09-07T20:14:32.803+0000] {logging_mixin.py:190} INFO - [2026-09-07T20:14:32.802+0000] {dagbag.py:588} INFO - Filling up the DagBag from /opt/airflow/dags/ml_01_iris_pipeline-3.py
[2026-09-07T20:14:32.817+0000] {processor.py:925} INFO - DAG(s) 'iris_pipeline_dag' retrieved from /opt/airflow/dags/ml_01_iris_pipeline-3.py
[2026-09-07T20:14:32.844+0000] {logging_mixin.py:190} INFO - [2026-09-07T20:14:32.844+0000] {dag.py:3239} INFO - Sync 1 DAGs
[2026-09-07T20:14:32.858+0000] {logging_mixin.py:190} INFO - [2026-09-07T20:14:32.858+0000] {dag.py:4180} INFO - Setting next_dagrun for iris_pipeline_dag to None, run_after=None
[2026-09-07T20:14:32.879+0000] {processor.py:208} INFO - Processing /opt/airflow/dags/ml_01_iris_pipeline-3.py took 0.084 seconds
[2026-09-07T20:15:03.542+0000] {processor.py:186} INFO - Started process (PID=187) to work on /opt/airflow/dags/ml_01_iris_pipeline-3.py
[2026-09-07T20:15:03.543+0000] {processor.py:914} INFO - Processing file /opt/airflow/dags/ml_01_iris_pipeline-3.py for tasks to queue
[2026-09-07T20:15:03.545+0000] {logging_mixin.py:190} INFO - [2026-09-07T20:15:03.544+0000] {dagbag.py:588} INFO - Filling up the DagBag from /opt/airflow/dags/ml_01_iris_pipeline-3.py
[2026-09-07T20:15:03.565+0000] {processor.py:925} INFO - DAG(s) 'iris_pipeline_dag' retrieved from /opt/airflow/dags/ml_01_iris_pipeline-3.py
[2026-09-07T20:15:03.588+0000] {logging_mixin.py:190} INFO - [2026-09-07T20:15:03.587+0000] {dag.py:3239} INFO - Sync 1 DAGs
[2026-09-07T20:15:03.599+0000] {logging_mixin.py:190} INFO - [2026-09-07T20:15:03.599+0000] {dag.py:4180} INFO - Setting next_dagrun for iris_pipeline_dag to None, run_after=None
[2026-09-07T20:15:03.615+0000] {processor.py:208} INFO - Processing /opt/airflow/dags/ml_01_iris_pipeline-3.py took 0.078 seconds
[2026-09-07T20:15:34.110+0000] {processor.py:186} INFO - Started process (PID=201) to work on /opt/airflow/dags/ml_01_iris_pipeline-3.py
[2026-09-07T20:15:34.110+0000] {processor.py:914} INFO - Processing file /opt/airflow/dags/ml_01_iris_pipeline-3.py for tasks to queue
[2026-09-07T20:15:34.111+0000] {logging_mixin.py:190} INFO - [2026-09-07T20:15:34.111+0000] {dagbag.py:588} INFO - Filling up the DagBag from /opt/airflow/dags/ml_01_iris_pipeline-3.py
[2026-09-07T20:15:34.126+0000] {processor.py:925} INFO - DAG(s) 'iris_pipeline_dag' retrieved from /opt/airflow/dags/ml_01_iris_pipeline-3.py
[2026-09-07T20:15:34.149+0000] {logging_mixin.py:190} INFO - [2026-09-07T20:15:34.148+0000] {dag.py:3239} INFO - Sync 1 DAGs
[2026-09-07T20:15:34.161+0000] {logging_mixin.py:190} INFO - [2026-09-07T20:15:34.161+0000] {dag.py:4180} INFO - Setting next_dagrun for iris_pipeline_dag to None, run_after=None
[2026-09-07T20:15:34.182+0000] {processor.py:208} INFO - Processing /opt/airflow/dags/ml_01_iris_pipeline-3.py took 0.078 seconds
[2026-09-07T20:16:04.603+0000] {processor.py:186} INFO - Started process (PID=215) to work on /opt/airflow/dags/ml_01_iris_pipeline-3.py
[2026-09-07T20:16:04.604+0000] {processor.py:914} INFO - Processing file /opt/airflow/dags/ml_01_iris_pipeline-3.py for tasks to queue
[2026-09-07T20:16:04.605+0000] {logging_mixin.py:190} INFO - [2026-09-07T20:16:04.605+0000] {dagbag.py:588} INFO - Filling up the DagBag from /opt/airflow/dags/ml_01_iris_pipeline-3.py
[2026-09-07T20:16:04.622+0000] {processor.py:925} INFO - DAG(s) 'iris_pipeline_dag' retrieved from /opt/airflow/dags/ml_01_iris_pipeline-3.py
[2026-09-07T20:16:04.651+0000] {logging_mixin.py:190} INFO - [2026-09-07T20:16:04.651+0000] {dag.py:3239} INFO - Sync 1 DAGs
[2026-09-07T20:16:04.664+0000] {logging_mixin.py:190} INFO - [2026-09-07T20:16:04.663+0000] {dag.py:4180} INFO - Setting next_dagrun for iris_pipeline_dag to None, run_after=None
[2026-09-07T20:16:04.683+0000] {processor.py:208} INFO - Processing /opt/airflow/dags/ml_01_iris_pipeline-3.py took 0.085 seconds
[2026-09-07T20:16:35.113+0000] {processor.py:186} INFO - Started process (PID=229) to work on /opt/airflow/dags/ml_01_iris_pipeline-3.py
[2026-09-07T20:16:35.113+0000] {processor.py:914} INFO - Processing file /opt/airflow/dags/ml_01_iris_pipeline-3.py for tasks to queue
[2026-09-07T20:16:35.115+0000] {logging_mixin.py:190} INFO - [2026-09-07T20:16:35.115+0000] {dagbag.py:588} INFO - Filling up the DagBag from /opt/airflow/dags/ml_01_iris_pipeline-3.py
[2026-09-07T20:16:35.134+0000] {processor.py:925} INFO - DAG(s) 'iris_pipeline_dag' retrieved from /opt/airflow/dags/ml_01_iris_pipeline-3.py
[2026-09-07T20:16:35.163+0000] {logging_mixin.py:190} INFO - [2026-09-07T20:16:35.163+0000] {dag.py:3239} INFO - Sync 1 DAGs
[2026-09-07T20:16:35.176+0000] {logging_mixin.py:190} INFO - [2026-09-07T20:16:35.176+0000] {dag.py:4180} INFO - Setting next_dagrun for iris_pipeline_dag to None, run_after=None
[2026-09-07T20:16:35.193+0000] {processor.py:208} INFO - Processing /opt/airflow/dags/ml_01_iris_pipeline-3.py took 0.085 seconds
[2026-09-07T20:17:05.668+0000] {processor.py:186} INFO - Started process (PID=243) to work on /opt/airflow/dags/ml_01_iris_pipeline-3.py
[2026-09-07T20:17:05.669+0000] {processor.py:914} INFO - Processing file /opt/airflow/dags/ml_01_iris_pipeline-3.py for tasks to queue
[2026-09-07T20:17:05.670+0000] {logging_mixin.py:190} INFO - [2026-09-07T20:17:05.669+0000] {dagbag.py:588} INFO - Filling up the DagBag from /opt/airflow/dags/ml_01_iris_pipeline-3.py
[2026-09-07T20:17:05.683+0000] {processor.py:925} INFO - DAG(s) 'iris_pipeline_dag' retrieved from /opt/airflow/dags/ml_01_iris_pipeline-3.py
[2026-09-07T20:17:05.704+0000] {logging_mixin.py:190} INFO - [2026-09-07T20:17:05.704+0000] {dag.py:3239} INFO - Sync 1 DAGs
[2026-09-07T20:17:05.716+0000] {logging_mixin.py:190} INFO - [2026-09-07T20:17:05.716+0000] {dag.py:4180} INFO - Setting next_dagrun for iris_pipeline_dag to None, run_after=None
[2026-09-07T20:17:05.731+0000] {processor.py:208} INFO - Processing /opt/airflow/dags/ml_01_iris_pipeline-3.py took 0.067 seconds
[2026-09-07T20:17:36.354+0000] {processor.py:186} INFO - Started process (PID=257) to work on /opt/airflow/dags/ml_01_iris_pipeline-3.py
[2026-09-07T20:17:36.355+0000] {processor.py:914} INFO - Processing file /opt/airflow/dags/ml_01_iris_pipeline-3.py for tasks to queue
[2026-09-07T20:17:36.356+0000] {logging_mixin.py:190} INFO - [2026-09-07T20:17:36.356+0000] {dagbag.py:588} INFO - Filling up the DagBag from /opt/airflow/dags/ml_01_iris_pipeline-3.py
[2026-09-07T20:17:36.370+0000] {processor.py:925} INFO - DAG(s) 'iris_pipeline_dag' retrieved from /opt/airflow/dags/ml_01_iris_pipeline-3.py
[2026-09-07T20:17:36.398+0000] {logging_mixin.py:190} INFO - [2026-09-07T20:17:36.398+0000] {dag.py:3239} INFO - Sync 1 DAGs
[2026-09-07T20:17:36.410+0000] {logging_mixin.py:190} INFO - [2026-09-07T20:17:36.410+0000] {dag.py:4180} INFO - Setting next_dagrun for iris_pipeline_dag to None, run_after=None
[2026-09-07T20:17:36.439+0000] {processor.py:208} INFO - Processing /opt/airflow/dags/ml_01_iris_pipeline-3.py took 0.089 seconds
[2026-09-07T20:18:07.027+0000] {processor.py:186} INFO - Started process (PID=271) to work on /opt/airflow/dags/ml_01_iris_pipeline-3.py
[2026-09-07T20:18:07.028+0000] {processor.py:914} INFO - Processing file /opt/airflow/dags/ml_01_iris_pipeline-3.py for tasks to queue
[2026-09-07T20:18:07.029+0000] {logging_mixin.py:190} INFO - [2026-09-07T20:18:07.029+0000] {dagbag.py:588} INFO - Filling up the DagBag from /opt/airflow/dags/ml_01_iris_pipeline-3.py
[2026-09-07T20:18:07.042+0000] {processor.py:925} INFO - DAG(s) 'iris_pipeline_dag' retrieved from /opt/airflow/dags/ml_01_iris_pipeline-3.py
[2026-09-07T20:18:07.065+0000] {logging_mixin.py:190} INFO - [2026-09-07T20:18:07.065+0000] {dag.py:3239} INFO - Sync 1 DAGs
[2026-09-07T20:18:07.077+0000] {logging_mixin.py:190} INFO - [2026-09-07T20:18:07.077+0000] {dag.py:4180} INFO - Setting next_dagrun for iris_pipeline_dag to None, run_after=None
[2026-09-07T20:18:07.104+0000] {processor.py:208} INFO - Processing /opt/airflow/dags/ml_01_iris_pipeline-3.py took 0.081 seconds
[2026-09-07T20:18:37.711+0000] {processor.py:186} INFO - Started process (PID=285) to work on /opt/airflow/dags/ml_01_iris_pipeline-3.py
[2026-09-07T20:18:37.712+0000] {processor.py:914} INFO - Processing file /opt/airflow/dags/ml_01_iris_pipeline-3.py for tasks to queue
[2026-09-07T20:18:37.714+0000] {logging_mixin.py:190} INFO - [2026-09-07T20:18:37.713+0000] {dagbag.py:588} INFO - Filling up the DagBag from /opt/airflow/dags/ml_01_iris_pipeline-3.py
[2026-09-07T20:18:37.734+0000] {processor.py:925} INFO - DAG(s) 'iris_pipeline_dag' retrieved from /opt/airflow/dags/ml_01_iris_pipeline-3.py
[2026-09-07T20:18:37.760+0000] {logging_mixin.py:190} INFO - [2026-09-07T20:18:37.760+0000] {dag.py:3239} INFO - Sync 1 DAGs
[2026-09-07T20:18:37.771+0000] {logging_mixin.py:190} INFO - [2026-09-07T20:18:37.771+0000] {dag.py:4180} INFO - Setting next_dagrun for iris_pipeline_dag to None, run_after=None
[2026-09-07T20:18:37.792+0000] {processor.py:208} INFO - Processing /opt/airflow/dags/ml_01_iris_pipeline-3.py took 0.087 seconds
[2026-09-07T20:19:08.356+0000] {processor.py:186} INFO - Started process (PID=299) to work on /opt/airflow/dags/ml_01_iris_pipeline-3.py
[2026-09-07T20:19:08.356+0000] {processor.py:914} INFO - Processing file /opt/airflow/dags/ml_01_iris_pipeline-3.py for tasks to queue
[2026-09-07T20:19:08.357+0000] {logging_mixin.py:190} INFO - [2026-09-07T20:19:08.357+0000] {dagbag.py:588} INFO - Filling up the DagBag from /opt/airflow/dags/ml_01_iris_pipeline-3.py
[2026-09-07T20:19:08.370+0000] {processor.py:925} INFO - DAG(s) 'iris_pipeline_dag' retrieved from /opt/airflow/dags/ml_01_iris_pipeline-3.py
[2026-09-07T20:19:08.391+0000] {logging_mixin.py:190} INFO - [2026-09-07T20:19:08.391+0000] {dag.py:3239} INFO - Sync 1 DAGs
[2026-09-07T20:19:08.402+0000] {logging_mixin.py:190} INFO - [2026-09-07T20:19:08.402+0000] {dag.py:4180} INFO - Setting next_dagrun for iris_pipeline_dag to None, run_after=None
[2026-09-07T20:19:08.419+0000] {processor.py:208} INFO - Processing /opt/airflow/dags/ml_01_iris_pipeline-3.py took 0.068 seconds
[2026-09-07T20:19:39.008+0000] {processor.py:186} INFO - Started process (PID=313) to work on /opt/airflow/dags/ml_01_iris_pipeline-3.py
[2026-09-07T20:19:39.008+0000] {processor.py:914} INFO - Processing file /opt/airflow/dags/ml_01_iris_pipeline-3.py for tasks to queue
[2026-09-07T20:19:39.009+0000] {logging_mixin.py:190} INFO - [2026-09-07T20:19:39.009+0000] {dagbag.py:588} INFO - Filling up the DagBag from /opt/airflow/dags/ml_01_iris_pipeline-3.py
[2026-09-07T20:19:39.023+0000] {processor.py:925} INFO - DAG(s) 'iris_pipeline_dag' retrieved from /opt/airflow/dags/ml_01_iris_pipeline-3.py
[2026-09-07T20:19:39.047+0000] {logging_mixin.py:190} INFO - [2026-09-07T20:19:39.046+0000] {dag.py:3239} INFO - Sync 1 DAGs
[2026-09-07T20:19:39.057+0000] {logging_mixin.py:190} INFO - [2026-09-07T20:19:39.057+0000] {dag.py:4180} INFO - Setting next_dagrun for iris_pipeline_dag to None, run_after=None
[2026-09-07T20:19:39.074+0000] {processor.py:208} INFO - Processing /opt/airflow/dags/ml_01_iris_pipeline-3.py took 0.071 seconds
[2026-09-07T20:20:09.565+0000] {processor.py:186} INFO - Started process (PID=327) to work on /opt/airflow/dags/ml_01_iris_pipeline-3.py
[2026-09-07T20:20:09.565+0000] {processor.py:914} INFO - Processing file /opt/airflow/dags/ml_01_iris_pipeline-3.py for tasks to queue
[2026-09-07T20:20:09.567+0000] {logging_mixin.py:190} INFO - [2026-09-07T20:20:09.567+0000] {dagbag.py:588} INFO - Filling up the DagBag from /opt/airflow/dags/ml_01_iris_pipeline-3.py
[2026-09-07T20:20:09.581+0000] {processor.py:925} INFO - DAG(s) 'iris_pipeline_dag' retrieved from /opt/airflow/dags/ml_01_iris_pipeline-3.py
[2026-09-07T20:20:09.607+0000] {logging_mixin.py:190} INFO - [2026-09-07T20:20:09.606+0000] {dag.py:3239} INFO - Sync 1 DAGs
[2026-09-07T20:20:09.617+0000] {logging_mixin.py:190} INFO - [2026-09-07T20:20:09.617+0000] {dag.py:4180} INFO - Setting next_dagrun for iris_pipeline_dag to None, run_after=None
[2026-09-07T20:20:09.632+0000] {processor.py:208} INFO - Processing /opt/airflow/dags/ml_01_iris_pipeline-3.py took 0.072 seconds
[2026-09-07T20:20:40.046+0000] {processor.py:186} INFO - Started process (PID=340) to work on /opt/airflow/dags/ml_01_iris_pipeline-3.py
[2026-09-07T20:20:40.046+0000] {processor.py:914} INFO - Processing file /opt/airflow/dags/ml_01_iris_pipeline-3.py for tasks to queue
[2026-09-07T20:20:40.048+0000] {logging_mixin.py:190} INFO - [2026-09-07T20:20:40.047+0000] {dagbag.py:588} INFO - Filling up the DagBag from /opt/airflow/dags/ml_01_iris_pipeline-3.py
[2026-09-07T20:20:40.064+0000] {processor.py:925} INFO - DAG(s) 'iris_pipeline_dag' retrieved from /opt/airflow/dags/ml_01_iris_pipeline-3.py
[2026-09-07T20:20:40.093+0000] {logging_mixin.py:190} INFO - [2026-09-07T20:20:40.093+0000] {dag.py:3239} INFO - Sync 1 DAGs
[2026-09-07T20:20:40.107+0000] {logging_mixin.py:190} INFO - [2026-09-07T20:20:40.107+0000] {dag.py:4180} INFO - Setting next_dagrun for iris_pipeline_dag to None, run_after=None
[2026-09-07T20:20:40.126+0000] {processor.py:208} INFO - Processing /opt/airflow/dags/ml_01_iris_pipeline-3.py took 0.084 seconds
[2026-09-07T20:21:10.745+0000] {processor.py:186} INFO - Started process (PID=355) to work on /opt/airflow/dags/ml_01_iris_pipeline-3.py
[2026-09-07T20:21:10.746+0000] {processor.py:914} INFO - Processing file /opt/airflow/dags/ml_01_iris_pipeline-3.py for tasks to queue
[2026-09-07T20:21:10.747+0000] {logging_mixin.py:190} INFO - [2026-09-07T20:21:10.746+0000] {dagbag.py:588} INFO - Filling up the DagBag from /opt/airflow/dags/ml_01_iris_pipeline-3.py
[2026-09-07T20:21:10.760+0000] {processor.py:925} INFO - DAG(s) 'iris_pipeline_dag' retrieved from /opt/airflow/dags/ml_01_iris_pipeline-3.py
[2026-09-07T20:21:10.781+0000] {logging_mixin.py:190} INFO - [2026-09-07T20:21:10.780+0000] {dag.py:3239} INFO - Sync 1 DAGs
[2026-09-07T20:21:10.794+0000] {logging_mixin.py:190} INFO - [2026-09-07T20:21:10.794+0000] {dag.py:4180} INFO - Setting next_dagrun for iris_pipeline_dag to None, run_after=None
[2026-09-07T20:21:10.813+0000] {processor.py:208} INFO - Processing /opt/airflow/dags/ml_01_iris_pipeline-3.py took 0.072 seconds
[2026-09-07T20:21:41.319+0000] {processor.py:186} INFO - Started process (PID=369) to work on /opt/airflow/dags/ml_01_iris_pipeline-3.py
[2026-09-07T20:21:41.319+0000] {processor.py:914} INFO - Processing file /opt/airflow/dags/ml_01_iris_pipeline-3.py for tasks to queue
[2026-09-07T20:21:41.321+0000] {logging_mixin.py:190} INFO - [2026-09-07T20:21:41.320+0000] {dagbag.py:588} INFO - Filling up the DagBag from /opt/airflow/dags/ml_01_iris_pipeline-3.py
[2026-09-07T20:21:41.334+0000] {processor.py:925} INFO - DAG(s) 'iris_pipeline_dag' retrieved from /opt/airflow/dags/ml_01_iris_pipeline-3.py
[2026-09-07T20:21:41.359+0000] {logging_mixin.py:190} INFO - [2026-09-07T20:21:41.359+0000] {dag.py:3239} INFO - Sync 1 DAGs
[2026-09-07T20:21:41.375+0000] {logging_mixin.py:190} INFO - [2026-09-07T20:21:41.375+0000] {dag.py:4180} INFO - Setting next_dagrun for iris_pipeline_dag to None, run_after=None
[2026-09-07T20:21:41.395+0000] {processor.py:208} INFO - Processing /opt/airflow/dags/ml_01_iris_pipeline-3.py took 0.081 seconds
[2026-09-07T20:22:11.880+0000] {processor.py:186} INFO - Started process (PID=383) to work on /opt/airflow/dags/ml_01_iris_pipeline-3.py
[2026-09-07T20:22:11.880+0000] {processor.py:914} INFO - Processing file /opt/airflow/dags/ml_01_iris_pipeline-3.py for tasks to queue
[2026-09-07T20:22:11.881+0000] {logging_mixin.py:190} INFO - [2026-09-07T20:22:11.881+0000] {dagbag.py:588} INFO - Filling up the DagBag from /opt/airflow/dags/ml_01_iris_pipeline-3.py
[2026-09-07T20:22:11.894+0000] {processor.py:925} INFO - DAG(s) 'iris_pipeline_dag' retrieved from /opt/airflow/dags/ml_01_iris_pipeline-3.py
[2026-09-07T20:22:11.934+0000] {logging_mixin.py:190} INFO - [2026-09-07T20:22:11.934+0000] {dag.py:3239} INFO - Sync 1 DAGs
[2026-09-07T20:22:11.947+0000] {logging_mixin.py:190} INFO - [2026-09-07T20:22:11.946+0000] {dag.py:4180} INFO - Setting next_dagrun for iris_pipeline_dag to None, run_after=None
[2026-09-07T20:22:11.966+0000] {processor.py:208} INFO - Processing /opt/airflow/dags/ml_01_iris_pipeline-3.py took 0.090 seconds
[2026-09-07T20:22:42.467+0000] {processor.py:186} INFO - Started process (PID=397) to work on /opt/airflow/dags/ml_01_iris_pipeline-3.py
[2026-09-07T20:22:42.468+0000] {processor.py:914} INFO - Processing file /opt/airflow/dags/ml_01_iris_pipeline-3.py for tasks to queue
[2026-09-07T20:22:42.469+0000] {logging_mixin.py:190} INFO - [2026-09-07T20:22:42.468+0000] {dagbag.py:588} INFO - Filling up the DagBag from /opt/airflow/dags/ml_01_iris_pipeline-3.py
[2026-09-07T20:22:42.481+0000] {processor.py:925} INFO - DAG(s) 'iris_pipeline_dag' retrieved from /opt/airflow/dags/ml_01_iris_pipeline-3.py
[2026-09-07T20:22:42.504+0000] {logging_mixin.py:190} INFO - [2026-09-07T20:22:42.504+0000] {dag.py:3239} INFO - Sync 1 DAGs
[2026-09-07T20:22:42.517+0000] {logging_mixin.py:190} INFO - [2026-09-07T20:22:42.517+0000] {dag.py:4180} INFO - Setting next_dagrun for iris_pipeline_dag to None, run_after=None
[2026-09-07T20:22:42.536+0000] {processor.py:208} INFO - Processing /opt/airflow/dags/ml_01_iris_pipeline-3.py took 0.074 seconds
[2026-09-07T20:23:13.099+0000] {processor.py:186} INFO - Started process (PID=411) to work on /opt/airflow/dags/ml_01_iris_pipeline-3.py
[2026-09-07T20:23:13.100+0000] {processor.py:914} INFO - Processing file /opt/airflow/dags/ml_01_iris_pipeline-3.py for tasks to queue
[2026-09-07T20:23:13.101+0000] {logging_mixin.py:190} INFO - [2026-09-07T20:23:13.101+0000] {dagbag.py:588} INFO - Filling up the DagBag from /opt/airflow/dags/ml_01_iris_pipeline-3.py
[2026-09-07T20:23:13.118+0000] {processor.py:925} INFO - DAG(s) 'iris_pipeline_dag' retrieved from /opt/airflow/dags/ml_01_iris_pipeline-3.py
[2026-09-07T20:23:13.148+0000] {logging_mixin.py:190} INFO - [2026-09-07T20:23:13.148+0000] {dag.py:3239} INFO - Sync 1 DAGs
[2026-09-07T20:23:13.164+0000] {logging_mixin.py:190} INFO - [2026-09-07T20:23:13.164+0000] {dag.py:4180} INFO - Setting next_dagrun for iris_pipeline_dag to None, run_after=None
[2026-09-07T20:23:13.188+0000] {processor.py:208} INFO - Processing /opt/airflow/dags/ml_01_iris_pipeline-3.py took 0.094 seconds
[2026-09-07T20:23:43.724+0000] {processor.py:186} INFO - Started process (PID=425) to work on /opt/airflow/dags/ml_01_iris_pipeline-3.py
[2026-09-07T20:23:43.725+0000] {processor.py:914} INFO - Processing file /opt/airflow/dags/ml_01_iris_pipeline-3.py for tasks to queue
[2026-09-07T20:23:43.726+0000] {logging_mixin.py:190} INFO - [2026-09-07T20:23:43.726+0000] {dagbag.py:588} INFO - Filling up the DagBag from /opt/airflow/dags/ml_01_iris_pipeline-3.py
[2026-09-07T20:23:43.742+0000] {processor.py:925} INFO - DAG(s) 'iris_pipeline_dag' retrieved from /opt/airflow/dags/ml_01_iris_pipeline-3.py
[2026-09-07T20:23:43.776+0000] {logging_mixin.py:190} INFO - [2026-09-07T20:23:43.776+0000] {dag.py:3239} INFO - Sync 1 DAGs
[2026-09-07T20:23:43.806+0000] {logging_mixin.py:190} INFO - [2026-09-07T20:23:43.805+0000] {dag.py:4180} INFO - Setting next_dagrun for iris_pipeline_dag to None, run_after=None
[2026-09-07T20:23:43.828+0000] {processor.py:208} INFO - Processing /opt/airflow/dags/ml_01_iris_pipeline-3.py took 0.108 seconds
[2026-09-07T20:24:14.407+0000] {processor.py:186} INFO - Started process (PID=439) to work on /opt/airflow/dags/ml_01_iris_pipeline-3.py
[2026-09-07T20:24:14.408+0000] {processor.py:914} INFO - Processing file /opt/airflow/dags/ml_01_iris_pipeline-3.py for tasks to queue
[2026-09-07T20:24:14.409+0000] {logging_mixin.py:190} INFO - [2026-09-07T20:24:14.408+0000] {dagbag.py:588} INFO - Filling up the DagBag from /opt/airflow/dags/ml_01_iris_pipeline-3.py
[2026-09-07T20:24:14.422+0000] {processor.py:925} INFO - DAG(s) 'iris_pipeline_dag' retrieved from /opt/airflow/dags/ml_01_iris_pipeline-3.py
[2026-09-07T20:24:14.443+0000] {logging_mixin.py:190} INFO - [2026-09-07T20:24:14.443+0000] {dag.py:3239} INFO - Sync 1 DAGs
[2026-09-07T20:24:14.454+0000] {logging_mixin.py:190} INFO - [2026-09-07T20:24:14.454+0000] {dag.py:4180} INFO - Setting next_dagrun for iris_pipeline_dag to None, run_after=None
[2026-09-07T20:24:14.470+0000] {processor.py:208} INFO - Processing /opt/airflow/dags/ml_01_iris_pipeline-3.py took 0.068 seconds
[2026-09-07T20:24:44.949+0000] {processor.py:186} INFO - Started process (PID=453) to work on /opt/airflow/dags/ml_01_iris_pipeline-3.py
[2026-09-07T20:24:44.950+0000] {processor.py:914} INFO - Processing file /opt/airflow/dags/ml_01_iris_pipeline-3.py for tasks to queue
[2026-09-07T20:24:44.951+0000] {logging_mixin.py:190} INFO - [2026-09-07T20:24:44.951+0000] {dagbag.py:588} INFO - Filling up the DagBag from /opt/airflow/dags/ml_01_iris_pipeline-3.py
[2026-09-07T20:24:44.968+0000] {processor.py:925} INFO - DAG(s) 'iris_pipeline_dag' retrieved from /opt/airflow/dags/ml_01_iris_pipeline-3.py
[2026-09-07T20:24:44.989+0000] {logging_mixin.py:190} INFO - [2026-09-07T20:24:44.989+0000] {dag.py:3239} INFO - Sync 1 DAGs
[2026-09-07T20:24:45.000+0000] {logging_mixin.py:190} INFO - [2026-09-07T20:24:45.000+0000] {dag.py:4180} INFO - Setting next_dagrun for iris_pipeline_dag to None, run_after=None
[2026-09-07T20:24:45.015+0000] {processor.py:208} INFO - Processing /opt/airflow/dags/ml_01_iris_pipeline-3.py took 0.072 seconds
[2026-09-07T20:25:15.652+0000] {processor.py:186} INFO - Started process (PID=467) to work on /opt/airflow/dags/ml_01_iris_pipeline-3.py
[2026-09-07T20:25:15.653+0000] {processor.py:914} INFO - Processing file /opt/airflow/dags/ml_01_iris_pipeline-3.py for tasks to queue
[2026-09-07T20:25:15.654+0000] {logging_mixin.py:190} INFO - [2026-09-07T20:25:15.653+0000] {dagbag.py:588} INFO - Filling up the DagBag from /opt/airflow/dags/ml_01_iris_pipeline-3.py
[2026-09-07T20:25:15.669+0000] {processor.py:925} INFO - DAG(s) 'iris_pipeline_dag' retrieved from /opt/airflow/dags/ml_01_iris_pipeline-3.py
[2026-09-07T20:25:15.698+0000] {logging_mixin.py:190} INFO - [2026-09-07T20:25:15.698+0000] {dag.py:3239} INFO - Sync 1 DAGs
[2026-09-07T20:25:15.710+0000] {logging_mixin.py:190} INFO - [2026-09-07T20:25:15.709+0000] {dag.py:4180} INFO - Setting next_dagrun for iris_pipeline_dag to None, run_after=None
[2026-09-07T20:25:15.726+0000] {processor.py:208} INFO - Processing /opt/airflow/dags/ml_01_iris_pipeline-3.py took 0.081 seconds
[2026-09-07T20:25:46.233+0000] {processor.py:186} INFO - Started process (PID=481) to work on /opt/airflow/dags/ml_01_iris_pipeline-3.py
[2026-09-07T20:25:46.234+0000] {processor.py:914} INFO - Processing file /opt/airflow/dags/ml_01_iris_pipeline-3.py for tasks to queue
[2026-09-07T20:25:46.235+0000] {logging_mixin.py:190} INFO - [2026-09-07T20:25:46.234+0000] {dagbag.py:588} INFO - Filling up the DagBag from /opt/airflow/dags/ml_01_iris_pipeline-3.py
[2026-09-07T20:25:46.248+0000] {processor.py:925} INFO - DAG(s) 'iris_pipeline_dag' retrieved from /opt/airflow/dags/ml_01_iris_pipeline-3.py
[2026-09-07T20:25:46.271+0000] {logging_mixin.py:190} INFO - [2026-09-07T20:25:46.270+0000] {dag.py:3239} INFO - Sync 1 DAGs
[2026-09-07T20:25:46.282+0000] {logging_mixin.py:190} INFO - [2026-09-07T20:25:46.281+0000] {dag.py:4180} INFO - Setting next_dagrun for iris_pipeline_dag to None, run_after=None
[2026-09-07T20:25:46.300+0000] {processor.py:208} INFO - Processing /opt/airflow/dags/ml_01_iris_pipeline-3.py took 0.072 seconds
[2026-09-07T20:26:16.971+0000] {processor.py:186} INFO - Started process (PID=495) to work on /opt/airflow/dags/ml_01_iris_pipeline-3.py
[2026-09-07T20:26:16.972+0000] {processor.py:914} INFO - Processing file /opt/airflow/dags/ml_01_iris_pipeline-3.py for tasks to queue
[2026-09-07T20:26:16.973+0000] {logging_mixin.py:190} INFO - [2026-09-07T20:26:16.973+0000] {dagbag.py:588} INFO - Filling up the DagBag from /opt/airflow/dags/ml_01_iris_pipeline-3.py
[2026-09-07T20:26:16.986+0000] {processor.py:925} INFO - DAG(s) 'iris_pipeline_dag' retrieved from /opt/airflow/dags/ml_01_iris_pipeline-3.py
[2026-09-07T20:26:17.008+0000] {logging_mixin.py:190} INFO - [2026-09-07T20:26:17.008+0000] {dag.py:3239} INFO - Sync 1 DAGs
[2026-09-07T20:26:17.019+0000] {logging_mixin.py:190} INFO - [2026-09-07T20:26:17.019+0000] {dag.py:4180} INFO - Setting next_dagrun for iris_pipeline_dag to None, run_after=None
[2026-09-07T20:26:17.035+0000] {processor.py:208} INFO - Processing /opt/airflow/dags/ml_01_iris_pipeline-3.py took 0.070 seconds
[2026-09-07T20:26:47.637+0000] {processor.py:186} INFO - Started process (PID=509) to work on /opt/airflow/dags/ml_01_iris_pipeline-3.py
[2026-09-07T20:26:47.637+0000] {processor.py:914} INFO - Processing file /opt/airflow/dags/ml_01_iris_pipeline-3.py for tasks to queue
[2026-09-07T20:26:47.638+0000] {logging_mixin.py:190} INFO - [2026-09-07T20:26:47.638+0000] {dagbag.py:588} INFO - Filling up the DagBag from /opt/airflow/dags/ml_01_iris_pipeline-3.py
[2026-09-07T20:26:47.651+0000] {processor.py:925} INFO - DAG(s) 'iris_pipeline_dag' retrieved from /opt/airflow/dags/ml_01_iris_pipeline-3.py
[2026-09-07T20:26:47.683+0000] {logging_mixin.py:190} INFO - [2026-09-07T20:26:47.682+0000] {dag.py:3239} INFO - Sync 1 DAGs
[2026-09-07T20:26:47.699+0000] {logging_mixin.py:190} INFO - [2026-09-07T20:26:47.699+0000] {dag.py:4180} INFO - Setting next_dagrun for iris_pipeline_dag to None, run_after=None
[2026-09-07T20:26:47.721+0000] {processor.py:208} INFO - Processing /opt/airflow/dags/ml_01_iris_pipeline-3.py took 0.088 seconds
[2026-09-07T20:27:18.276+0000] {processor.py:186} INFO - Started process (PID=523) to work on /opt/airflow/dags/ml_01_iris_pipeline-3.py
[2026-09-07T20:27:18.277+0000] {processor.py:914} INFO - Processing file /opt/airflow/dags/ml_01_iris_pipeline-3.py for tasks to queue
[2026-09-07T20:27:18.278+0000] {logging_mixin.py:190} INFO - [2026-09-07T20:27:18.278+0000] {dagbag.py:588} INFO - Filling up the DagBag from /opt/airflow/dags/ml_01_iris_pipeline-3.py
[2026-09-07T20:27:18.291+0000] {processor.py:925} INFO - DAG(s) 'iris_pipeline_dag' retrieved from /opt/airflow/dags/ml_01_iris_pipeline-3.py
[2026-09-07T20:27:18.312+0000] {logging_mixin.py:190} INFO - [2026-09-07T20:27:18.312+0000] {dag.py:3239} INFO - Sync 1 DAGs
[2026-09-07T20:27:18.324+0000] {logging_mixin.py:190} INFO - [2026-09-07T20:27:18.323+0000] {dag.py:4180} INFO - Setting next_dagrun for iris_pipeline_dag to None, run_after=None
[2026-09-07T20:27:18.340+0000] {processor.py:208} INFO - Processing /opt/airflow/dags/ml_01_iris_pipeline-3.py took 0.068 seconds
[2026-09-07T20:27:48.914+0000] {processor.py:186} INFO - Started process (PID=537) to work on /opt/airflow/dags/ml_01_iris_pipeline-3.py
[2026-09-07T20:27:48.915+0000] {processor.py:914} INFO - Processing file /opt/airflow/dags/ml_01_iris_pipeline-3.py for tasks to queue
[2026-09-07T20:27:48.916+0000] {logging_mixin.py:190} INFO - [2026-09-07T20:27:48.916+0000] {dagbag.py:588} INFO - Filling up the DagBag from /opt/airflow/dags/ml_01_iris_pipeline-3.py
[2026-09-07T20:27:48.936+0000] {processor.py:925} INFO - DAG(s) 'iris_pipeline_dag' retrieved from /opt/airflow/dags/ml_01_iris_pipeline-3.py
[2026-09-07T20:27:48.965+0000] {logging_mixin.py:190} INFO - [2026-09-07T20:27:48.965+0000] {dag.py:3239} INFO - Sync 1 DAGs
[2026-09-07T20:27:48.980+0000] {logging_mixin.py:190} INFO - [2026-09-07T20:27:48.980+0000] {dag.py:4180} INFO - Setting next_dagrun for iris_pipeline_dag to None, run_after=None
[2026-09-07T20:27:48.999+0000] {processor.py:208} INFO - Processing /opt/airflow/dags/ml_01_iris_pipeline-3.py took 0.092 seconds
[2026-09-07T20:28:19.536+0000] {processor.py:186} INFO - Started process (PID=551) to work on /opt/airflow/dags/ml_01_iris_pipeline-3.py
[2026-09-07T20:28:19.537+0000] {processor.py:914} INFO - Processing file /opt/airflow/dags/ml_01_iris_pipeline-3.py for tasks to queue
[2026-09-07T20:28:19.539+0000] {logging_mixin.py:190} INFO - [2026-09-07T20:28:19.538+0000] {dagbag.py:588} INFO - Filling up the DagBag from /opt/airflow/dags/ml_01_iris_pipeline-3.py
[2026-09-07T20:28:19.560+0000] {processor.py:925} INFO - DAG(s) 'iris_pipeline_dag' retrieved from /opt/airflow/dags/ml_01_iris_pipeline-3.py
[2026-09-07T20:28:19.601+0000] {logging_mixin.py:190} INFO - [2026-09-07T20:28:19.600+0000] {dag.py:3239} INFO - Sync 1 DAGs
[2026-09-07T20:28:19.628+0000] {logging_mixin.py:190} INFO - [2026-09-07T20:28:19.627+0000] {dag.py:4180} INFO - Setting next_dagrun for iris_pipeline_dag to None, run_after=None
[2026-09-07T20:28:19.669+0000] {processor.py:208} INFO - Processing /opt/airflow/dags/ml_01_iris_pipeline-3.py took 0.141 seconds
[2026-09-07T20:28:50.360+0000] {processor.py:186} INFO - Started process (PID=565) to work on /opt/airflow/dags/ml_01_iris_pipeline-3.py
[2026-09-07T20:28:50.361+0000] {processor.py:914} INFO - Processing file /opt/airflow/dags/ml_01_iris_pipeline-3.py for tasks to queue
[2026-09-07T20:28:50.364+0000] {logging_mixin.py:190} INFO - [2026-09-07T20:28:50.362+0000] {dagbag.py:588} INFO - Filling up the DagBag from /opt/airflow/dags/ml_01_iris_pipeline-3.py
[2026-09-07T20:28:50.387+0000] {processor.py:925} INFO - DAG(s) 'iris_pipeline_dag' retrieved from /opt/airflow/dags/ml_01_iris_pipeline-3.py
[2026-09-07T20:28:50.412+0000] {logging_mixin.py:190} INFO - [2026-09-07T20:28:50.412+0000] {dag.py:3239} INFO - Sync 1 DAGs
[2026-09-07T20:28:50.426+0000] {logging_mixin.py:190} INFO - [2026-09-07T20:28:50.425+0000] {dag.py:4180} INFO - Setting next_dagrun for iris_pipeline_dag to None, run_after=None
[2026-09-07T20:28:50.460+0000] {processor.py:208} INFO - Processing /opt/airflow/dags/ml_01_iris_pipeline-3.py took 0.106 seconds
[2026-09-07T20:29:20.982+0000] {processor.py:186} INFO - Started process (PID=585) to work on /opt/airflow/dags/ml_01_iris_pipeline-3.py
[2026-09-07T20:29:20.983+0000] {processor.py:914} INFO - Processing file /opt/airflow/dags/ml_01_iris_pipeline-3.py for tasks to queue
[2026-09-07T20:29:20.984+0000] {logging_mixin.py:190} INFO - [2026-09-07T20:29:20.984+0000] {dagbag.py:588} INFO - Filling up the DagBag from /opt/airflow/dags/ml_01_iris_pipeline-3.py
[2026-09-07T20:29:20.999+0000] {processor.py:925} INFO - DAG(s) 'iris_pipeline_dag' retrieved from /opt/airflow/dags/ml_01_iris_pipeline-3.py
[2026-09-07T20:29:21.021+0000] {logging_mixin.py:190} INFO - [2026-09-07T20:29:21.021+0000] {dag.py:3239} INFO - Sync 1 DAGs
[2026-09-07T20:29:21.032+0000] {logging_mixin.py:190} INFO - [2026-09-07T20:29:21.032+0000] {dag.py:4180} INFO - Setting next_dagrun for iris_pipeline_dag to None, run_after=None
[2026-09-07T20:29:21.048+0000] {processor.py:208} INFO - Processing /opt/airflow/dags/ml_01_iris_pipeline-3.py took 0.070 seconds
[2026-09-07T20:29:51.604+0000] {processor.py:186} INFO - Started process (PID=599) to work on /opt/airflow/dags/ml_01_iris_pipeline-3.py
[2026-09-07T20:29:51.605+0000] {processor.py:914} INFO - Processing file /opt/airflow/dags/ml_01_iris_pipeline-3.py for tasks to queue
[2026-09-07T20:29:51.606+0000] {logging_mixin.py:190} INFO - [2026-09-07T20:29:51.606+0000] {dagbag.py:588} INFO - Filling up the DagBag from /opt/airflow/dags/ml_01_iris_pipeline-3.py
[2026-09-07T20:29:51.625+0000] {processor.py:925} INFO - DAG(s) 'iris_pipeline_dag' retrieved from /opt/airflow/dags/ml_01_iris_pipeline-3.py
[2026-09-07T20:29:51.656+0000] {logging_mixin.py:190} INFO - [2026-09-07T20:29:51.656+0000] {dag.py:3239} INFO - Sync 1 DAGs
[2026-09-07T20:29:51.669+0000] {logging_mixin.py:190} INFO - [2026-09-07T20:29:51.669+0000] {dag.py:4180} INFO - Setting next_dagrun for iris_pipeline_dag to None, run_after=None
[2026-09-07T20:29:51.690+0000] {processor.py:208} INFO - Processing /opt/airflow/dags/ml_01_iris_pipeline-3.py took 0.091 seconds
[2026-09-07T20:30:22.269+0000] {processor.py:186} INFO - Started process (PID=613) to work on /opt/airflow/dags/ml_01_iris_pipeline-3.py
[2026-09-07T20:30:22.270+0000] {processor.py:914} INFO - Processing file /opt/airflow/dags/ml_01_iris_pipeline-3.py for tasks to queue
[2026-09-07T20:30:22.271+0000] {logging_mixin.py:190} INFO - [2026-09-07T20:30:22.270+0000] {dagbag.py:588} INFO - Filling up the DagBag from /opt/airflow/dags/ml_01_iris_pipeline-3.py
[2026-09-07T20:30:22.283+0000] {processor.py:925} INFO - DAG(s) 'iris_pipeline_dag' retrieved from /opt/airflow/dags/ml_01_iris_pipeline-3.py
[2026-09-07T20:30:22.307+0000] {logging_mixin.py:190} INFO - [2026-09-07T20:30:22.307+0000] {dag.py:3239} INFO - Sync 1 DAGs
[2026-09-07T20:30:22.326+0000] {logging_mixin.py:190} INFO - [2026-09-07T20:30:22.326+0000] {dag.py:4180} INFO - Setting next_dagrun for iris_pipeline_dag to None, run_after=None
[2026-09-07T20:30:22.345+0000] {processor.py:208} INFO - Processing /opt/airflow/dags/ml_01_iris_pipeline-3.py took 0.081 seconds
[2026-09-07T20:30:52.850+0000] {processor.py:186} INFO - Started process (PID=627) to work on /opt/airflow/dags/ml_01_iris_pipeline-3.py
[2026-09-07T20:30:52.851+0000] {processor.py:914} INFO - Processing file /opt/airflow/dags/ml_01_iris_pipeline-3.py for tasks to queue
[2026-09-07T20:30:52.852+0000] {logging_mixin.py:190} INFO - [2026-09-07T20:30:52.852+0000] {dagbag.py:588} INFO - Filling up the DagBag from /opt/airflow/dags/ml_01_iris_pipeline-3.py
[2026-09-07T20:30:52.868+0000] {processor.py:925} INFO - DAG(s) 'iris_pipeline_dag' retrieved from /opt/airflow/dags/ml_01_iris_pipeline-3.py
[2026-09-07T20:30:52.892+0000] {logging_mixin.py:190} INFO - [2026-09-07T20:30:52.892+0000] {dag.py:3239} INFO - Sync 1 DAGs
[2026-09-07T20:30:52.903+0000] {logging_mixin.py:190} INFO - [2026-09-07T20:30:52.903+0000] {dag.py:4180} INFO - Setting next_dagrun for iris_pipeline_dag to None, run_after=None
[2026-09-07T20:30:52.929+0000] {processor.py:208} INFO - Processing /opt/airflow/dags/ml_01_iris_pipeline-3.py took 0.084 seconds
[2026-09-07T20:31:23.422+0000] {processor.py:186} INFO - Started process (PID=641) to work on /opt/airflow/dags/ml_01_iris_pipeline-3.py
[2026-09-07T20:31:23.423+0000] {processor.py:914} INFO - Processing file /opt/airflow/dags/ml_01_iris_pipeline-3.py for tasks to queue
[2026-09-07T20:31:23.424+0000] {logging_mixin.py:190} INFO - [2026-09-07T20:31:23.424+0000] {dagbag.py:588} INFO - Filling up the DagBag from /opt/airflow/dags/ml_01_iris_pipeline-3.py
[2026-09-07T20:31:23.439+0000] {processor.py:925} INFO - DAG(s) 'iris_pipeline_dag' retrieved from /opt/airflow/dags/ml_01_iris_pipeline-3.py
[2026-09-07T20:31:23.469+0000] {logging_mixin.py:190} INFO - [2026-09-07T20:31:23.469+0000] {dag.py:3239} INFO - Sync 1 DAGs
[2026-09-07T20:31:23.481+0000] {logging_mixin.py:190} INFO - [2026-09-07T20:31:23.481+0000] {dag.py:4180} INFO - Setting next_dagrun for iris_pipeline_dag to None, run_after=None
[2026-09-07T20:31:23.504+0000] {processor.py:208} INFO - Processing /opt/airflow/dags/ml_01_iris_pipeline-3.py took 0.087 seconds
[2026-09-07T20:31:54.002+0000] {processor.py:186} INFO - Started process (PID=655) to work on /opt/airflow/dags/ml_01_iris_pipeline-3.py
[2026-09-07T20:31:54.002+0000] {processor.py:914} INFO - Processing file /opt/airflow/dags/ml_01_iris_pipeline-3.py for tasks to queue
[2026-09-07T20:31:54.003+0000] {logging_mixin.py:190} INFO - [2026-09-07T20:31:54.003+0000] {dagbag.py:588} INFO - Filling up the DagBag from /opt/airflow/dags/ml_01_iris_pipeline-3.py
[2026-09-07T20:31:54.017+0000] {processor.py:925} INFO - DAG(s) 'iris_pipeline_dag' retrieved from /opt/airflow/dags/ml_01_iris_pipeline-3.py
[2026-09-07T20:31:54.037+0000] {logging_mixin.py:190} INFO - [2026-09-07T20:31:54.037+0000] {dag.py:3239} INFO - Sync 1 DAGs
[2026-09-07T20:31:54.049+0000] {logging_mixin.py:190} INFO - [2026-09-07T20:31:54.049+0000] {dag.py:4180} INFO - Setting next_dagrun for iris_pipeline_dag to None, run_after=None
[2026-09-07T20:31:54.067+0000] {processor.py:208} INFO - Processing /opt/airflow/dags/ml_01_iris_pipeline-3.py took 0.069 seconds
[2026-09-07T20:32:24.641+0000] {processor.py:186} INFO - Started process (PID=669) to work on /opt/airflow/dags/ml_01_iris_pipeline-3.py
[2026-09-07T20:32:24.642+0000] {processor.py:914} INFO - Processing file /opt/airflow/dags/ml_01_iris_pipeline-3.py for tasks to queue
[2026-09-07T20:32:24.643+0000] {logging_mixin.py:190} INFO - [2026-09-07T20:32:24.642+0000] {dagbag.py:588} INFO - Filling up the DagBag from /opt/airflow/dags/ml_01_iris_pipeline-3.py
[2026-09-07T20:32:24.656+0000] {processor.py:925} INFO - DAG(s) 'iris_pipeline_dag' retrieved from /opt/airflow/dags/ml_01_iris_pipeline-3.py
[2026-09-07T20:32:24.680+0000] {logging_mixin.py:190} INFO - [2026-09-07T20:32:24.679+0000] {dag.py:3239} INFO - Sync 1 DAGs
[2026-09-07T20:32:24.691+0000] {logging_mixin.py:190} INFO - [2026-09-07T20:32:24.691+0000] {dag.py:4180} INFO - Setting next_dagrun for iris_pipeline_dag to None, run_after=None
[2026-09-07T20:32:24.714+0000] {processor.py:208} INFO - Processing /opt/airflow/dags/ml_01_iris_pipeline-3.py took 0.078 seconds
[2026-09-07T20:32:55.252+0000] {processor.py:186} INFO - Started process (PID=683) to work on /opt/airflow/dags/ml_01_iris_pipeline-3.py
[2026-09-07T20:32:55.252+0000] {processor.py:914} INFO - Processing file /opt/airflow/dags/ml_01_iris_pipeline-3.py for tasks to queue
[2026-09-07T20:32:55.254+0000] {logging_mixin.py:190} INFO - [2026-09-07T20:32:55.253+0000] {dagbag.py:588} INFO - Filling up the DagBag from /opt/airflow/dags/ml_01_iris_pipeline-3.py
[2026-09-07T20:32:55.271+0000] {processor.py:925} INFO - DAG(s) 'iris_pipeline_dag' retrieved from /opt/airflow/dags/ml_01_iris_pipeline-3.py
[2026-09-07T20:32:55.297+0000] {logging_mixin.py:190} INFO - [2026-09-07T20:32:55.297+0000] {dag.py:3239} INFO - Sync 1 DAGs
[2026-09-07T20:32:55.309+0000] {logging_mixin.py:190} INFO - [2026-09-07T20:32:55.309+0000] {dag.py:4180} INFO - Setting next_dagrun for iris_pipeline_dag to None, run_after=None
[2026-09-07T20:32:55.332+0000] {processor.py:208} INFO - Processing /opt/airflow/dags/ml_01_iris_pipeline-3.py took 0.086 seconds
[2026-09-07T20:33:25.974+0000] {processor.py:186} INFO - Started process (PID=697) to work on /opt/airflow/dags/ml_01_iris_pipeline-3.py
[2026-09-07T20:33:25.975+0000] {processor.py:914} INFO - Processing file /opt/airflow/dags/ml_01_iris_pipeline-3.py for tasks to queue
[2026-09-07T20:33:25.976+0000] {logging_mixin.py:190} INFO - [2026-09-07T20:33:25.976+0000] {dagbag.py:588} INFO - Filling up the DagBag from /opt/airflow/dags/ml_01_iris_pipeline-3.py
[2026-09-07T20:33:25.989+0000] {processor.py:925} INFO - DAG(s) 'iris_pipeline_dag' retrieved from /opt/airflow/dags/ml_01_iris_pipeline-3.py
[2026-09-07T20:33:26.015+0000] {logging_mixin.py:190} INFO - [2026-09-07T20:33:26.015+0000] {dag.py:3239} INFO - Sync 1 DAGs
[2026-09-07T20:33:26.031+0000] {logging_mixin.py:190} INFO - [2026-09-07T20:33:26.031+0000] {dag.py:4180} INFO - Setting next_dagrun for iris_pipeline_dag to None, run_after=None
[2026-09-07T20:33:26.054+0000] {processor.py:208} INFO - Processing /opt/airflow/dags/ml_01_iris_pipeline-3.py took 0.086 seconds
[2026-09-07T20:33:56.670+0000] {processor.py:186} INFO - Started process (PID=712) to work on /opt/airflow/dags/ml_01_iris_pipeline-3.py
[2026-09-07T20:33:56.670+0000] {processor.py:914} INFO - Processing file /opt/airflow/dags/ml_01_iris_pipeline-3.py for tasks to queue
[2026-09-07T20:33:56.671+0000] {logging_mixin.py:190} INFO - [2026-09-07T20:33:56.671+0000] {dagbag.py:588} INFO - Filling up the DagBag from /opt/airflow/dags/ml_01_iris_pipeline-3.py
[2026-09-07T20:33:56.691+0000] {processor.py:925} INFO - DAG(s) 'iris_pipeline_dag' retrieved from /opt/airflow/dags/ml_01_iris_pipeline-3.py
[2026-09-07T20:33:56.721+0000] {logging_mixin.py:190} INFO - [2026-09-07T20:33:56.721+0000] {dag.py:3239} INFO - Sync 1 DAGs
[2026-09-07T20:33:56.740+0000] {logging_mixin.py:190} INFO - [2026-09-07T20:33:56.739+0000] {dag.py:4180} INFO - Setting next_dagrun for iris_pipeline_dag to None, run_after=None
[2026-09-07T20:33:56.760+0000] {processor.py:208} INFO - Processing /opt/airflow/dags/ml_01_iris_pipeline-3.py took 0.096 seconds
[2026-09-07T20:34:27.366+0000] {processor.py:186} INFO - Started process (PID=726) to work on /opt/airflow/dags/ml_01_iris_pipeline-3.py
[2026-09-07T20:34:27.367+0000] {processor.py:914} INFO - Processing file /opt/airflow/dags/ml_01_iris_pipeline-3.py for tasks to queue
[2026-09-07T20:34:27.368+0000] {logging_mixin.py:190} INFO - [2026-09-07T20:34:27.367+0000] {dagbag.py:588} INFO - Filling up the DagBag from /opt/airflow/dags/ml_01_iris_pipeline-3.py
[2026-09-07T20:34:27.383+0000] {processor.py:925} INFO - DAG(s) 'iris_pipeline_dag' retrieved from /opt/airflow/dags/ml_01_iris_pipeline-3.py
[2026-09-07T20:34:27.406+0000] {logging_mixin.py:190} INFO - [2026-09-07T20:34:27.406+0000] {dag.py:3239} INFO - Sync 1 DAGs
[2026-09-07T20:34:27.418+0000] {logging_mixin.py:190} INFO - [2026-09-07T20:34:27.418+0000] {dag.py:4180} INFO - Setting next_dagrun for iris_pipeline_dag to None, run_after=None
[2026-09-07T20:34:27.437+0000] {processor.py:208} INFO - Processing /opt/airflow/dags/ml_01_iris_pipeline-3.py took 0.077 seconds
[2026-09-07T20:34:58.004+0000] {processor.py:186} INFO - Started process (PID=740) to work on /opt/airflow/dags/ml_01_iris_pipeline-3.py
[2026-09-07T20:34:58.005+0000] {processor.py:914} INFO - Processing file /opt/airflow/dags/ml_01_iris_pipeline-3.py for tasks to queue
[2026-09-07T20:34:58.006+0000] {logging_mixin.py:190} INFO - [2026-09-07T20:34:58.006+0000] {dagbag.py:588} INFO - Filling up the DagBag from /opt/airflow/dags/ml_01_iris_pipeline-3.py
[2026-09-07T20:34:58.019+0000] {processor.py:925} INFO - DAG(s) 'iris_pipeline_dag' retrieved from /opt/airflow/dags/ml_01_iris_pipeline-3.py
[2026-09-07T20:34:58.041+0000] {logging_mixin.py:190} INFO - [2026-09-07T20:34:58.041+0000] {dag.py:3239} INFO - Sync 1 DAGs
[2026-09-07T20:34:58.052+0000] {logging_mixin.py:190} INFO - [2026-09-07T20:34:58.052+0000] {dag.py:4180} INFO - Setting next_dagrun for iris_pipeline_dag to None, run_after=None
[2026-09-07T20:34:58.069+0000] {processor.py:208} INFO - Processing /opt/airflow/dags/ml_01_iris_pipeline-3.py took 0.069 seconds
[2026-09-07T20:35:28.604+0000] {processor.py:186} INFO - Started process (PID=754) to work on /opt/airflow/dags/ml_01_iris_pipeline-3.py
[2026-09-07T20:35:28.605+0000] {processor.py:914} INFO - Processing file /opt/airflow/dags/ml_01_iris_pipeline-3.py for tasks to queue
[2026-09-07T20:35:28.607+0000] {logging_mixin.py:190} INFO - [2026-09-07T20:35:28.607+0000] {dagbag.py:588} INFO - Filling up the DagBag from /opt/airflow/dags/ml_01_iris_pipeline-3.py
[2026-09-07T20:35:28.626+0000] {processor.py:925} INFO - DAG(s) 'iris_pipeline_dag' retrieved from /opt/airflow/dags/ml_01_iris_pipeline-3.py
[2026-09-07T20:35:28.655+0000] {logging_mixin.py:190} INFO - [2026-09-07T20:35:28.655+0000] {dag.py:3239} INFO - Sync 1 DAGs
[2026-09-07T20:35:28.670+0000] {logging_mixin.py:190} INFO - [2026-09-07T20:35:28.669+0000] {dag.py:4180} INFO - Setting next_dagrun for iris_pipeline_dag to None, run_after=None
[2026-09-07T20:35:28.701+0000] {processor.py:208} INFO - Processing /opt/airflow/dags/ml_01_iris_pipeline-3.py took 0.103 seconds
[2026-09-07T20:35:59.208+0000] {processor.py:186} INFO - Started process (PID=768) to work on /opt/airflow/dags/ml_01_iris_pipeline-3.py
[2026-09-07T20:35:59.209+0000] {processor.py:914} INFO - Processing file /opt/airflow/dags/ml_01_iris_pipeline-3.py for tasks to queue
[2026-09-07T20:35:59.210+0000] {logging_mixin.py:190} INFO - [2026-09-07T20:35:59.209+0000] {dagbag.py:588} INFO - Filling up the DagBag from /opt/airflow/dags/ml_01_iris_pipeline-3.py
[2026-09-07T20:35:59.224+0000] {processor.py:925} INFO - DAG(s) 'iris_pipeline_dag' retrieved from /opt/airflow/dags/ml_01_iris_pipeline-3.py
[2026-09-07T20:35:59.259+0000] {logging_mixin.py:190} INFO - [2026-09-07T20:35:59.259+0000] {dag.py:3239} INFO - Sync 1 DAGs
[2026-09-07T20:35:59.273+0000] {logging_mixin.py:190} INFO - [2026-09-07T20:35:59.273+0000] {dag.py:4180} INFO - Setting next_dagrun for iris_pipeline_dag to None, run_after=None
[2026-09-07T20:35:59.289+0000] {processor.py:208} INFO - Processing /opt/airflow/dags/ml_01_iris_pipeline-3.py took 0.087 seconds
[2026-09-07T20:36:29.896+0000] {processor.py:186} INFO - Started process (PID=782) to work on /opt/airflow/dags/ml_01_iris_pipeline-3.py
[2026-09-07T20:36:29.897+0000] {processor.py:914} INFO - Processing file /opt/airflow/dags/ml_01_iris_pipeline-3.py for tasks to queue
[2026-09-07T20:36:29.898+0000] {logging_mixin.py:190} INFO - [2026-09-07T20:36:29.898+0000] {dagbag.py:588} INFO - Filling up the DagBag from /opt/airflow/dags/ml_01_iris_pipeline-3.py
[2026-09-07T20:36:29.916+0000] {processor.py:925} INFO - DAG(s) 'iris_pipeline_dag' retrieved from /opt/airflow/dags/ml_01_iris_pipeline-3.py
[2026-09-07T20:36:29.949+0000] {logging_mixin.py:190} INFO - [2026-09-07T20:36:29.948+0000] {dag.py:3239} INFO - Sync 1 DAGs
[2026-09-07T20:36:29.967+0000] {logging_mixin.py:190} INFO - [2026-09-07T20:36:29.966+0000] {dag.py:4180} INFO - Setting next_dagrun for iris_pipeline_dag to None, run_after=None
[2026-09-07T20:36:29.993+0000] {processor.py:208} INFO - Processing /opt/airflow/dags/ml_01_iris_pipeline-3.py took 0.105 seconds
[2026-09-07T20:37:00.564+0000] {processor.py:186} INFO - Started process (PID=796) to work on /opt/airflow/dags/ml_01_iris_pipeline-3.py
[2026-09-07T20:37:00.565+0000] {processor.py:914} INFO - Processing file /opt/airflow/dags/ml_01_iris_pipeline-3.py for tasks to queue
[2026-09-07T20:37:00.566+0000] {logging_mixin.py:190} INFO - [2026-09-07T20:37:00.566+0000] {dagbag.py:588} INFO - Filling up the DagBag from /opt/airflow/dags/ml_01_iris_pipeline-3.py
[2026-09-07T20:37:00.581+0000] {processor.py:925} INFO - DAG(s) 'iris_pipeline_dag' retrieved from /opt/airflow/dags/ml_01_iris_pipeline-3.py
[2026-09-07T20:37:00.604+0000] {logging_mixin.py:190} INFO - [2026-09-07T20:37:00.604+0000] {dag.py:3239} INFO - Sync 1 DAGs
[2026-09-07T20:37:00.616+0000] {logging_mixin.py:190} INFO - [2026-09-07T20:37:00.616+0000] {dag.py:4180} INFO - Setting next_dagrun for iris_pipeline_dag to None, run_after=None
[2026-09-07T20:37:00.633+0000] {processor.py:208} INFO - Processing /opt/airflow/dags/ml_01_iris_pipeline-3.py took 0.074 seconds
[2026-09-07T20:37:31.296+0000] {processor.py:186} INFO - Started process (PID=810) to work on /opt/airflow/dags/ml_01_iris_pipeline-3.py
[2026-09-07T20:37:31.296+0000] {processor.py:914} INFO - Processing file /opt/airflow/dags/ml_01_iris_pipeline-3.py for tasks to queue
[2026-09-07T20:37:31.298+0000] {logging_mixin.py:190} INFO - [2026-09-07T20:37:31.297+0000] {dagbag.py:588} INFO - Filling up the DagBag from /opt/airflow/dags/ml_01_iris_pipeline-3.py
[2026-09-07T20:37:31.310+0000] {processor.py:925} INFO - DAG(s) 'iris_pipeline_dag' retrieved from /opt/airflow/dags/ml_01_iris_pipeline-3.py
[2026-09-07T20:37:31.334+0000] {logging_mixin.py:190} INFO - [2026-09-07T20:37:31.333+0000] {dag.py:3239} INFO - Sync 1 DAGs
[2026-09-07T20:37:31.345+0000] {logging_mixin.py:190} INFO - [2026-09-07T20:37:31.345+0000] {dag.py:4180} INFO - Setting next_dagrun for iris_pipeline_dag to None, run_after=None
[2026-09-07T20:37:31.362+0000] {processor.py:208} INFO - Processing /opt/airflow/dags/ml_01_iris_pipeline-3.py took 0.073 seconds
[2026-09-07T20:38:01.843+0000] {processor.py:186} INFO - Started process (PID=824) to work on /opt/airflow/dags/ml_01_iris_pipeline-3.py
[2026-09-07T20:38:01.843+0000] {processor.py:914} INFO - Processing file /opt/airflow/dags/ml_01_iris_pipeline-3.py for tasks to queue
[2026-09-07T20:38:01.845+0000] {logging_mixin.py:190} INFO - [2026-09-07T20:38:01.844+0000] {dagbag.py:588} INFO - Filling up the DagBag from /opt/airflow/dags/ml_01_iris_pipeline-3.py
[2026-09-07T20:38:01.861+0000] {processor.py:925} INFO - DAG(s) 'iris_pipeline_dag' retrieved from /opt/airflow/dags/ml_01_iris_pipeline-3.py
[2026-09-07T20:38:01.884+0000] {logging_mixin.py:190} INFO - [2026-09-07T20:38:01.884+0000] {dag.py:3239} INFO - Sync 1 DAGs
[2026-09-07T20:38:01.896+0000] {logging_mixin.py:190} INFO - [2026-09-07T20:38:01.895+0000] {dag.py:4180} INFO - Setting next_dagrun for iris_pipeline_dag to None, run_after=None
[2026-09-07T20:38:01.911+0000] {processor.py:208} INFO - Processing /opt/airflow/dags/ml_01_iris_pipeline-3.py took 0.075 seconds
[2026-09-07T20:38:32.471+0000] {processor.py:186} INFO - Started process (PID=838) to work on /opt/airflow/dags/ml_01_iris_pipeline-3.py
[2026-09-07T20:38:32.471+0000] {processor.py:914} INFO - Processing file /opt/airflow/dags/ml_01_iris_pipeline-3.py for tasks to queue
[2026-09-07T20:38:32.473+0000] {logging_mixin.py:190} INFO - [2026-09-07T20:38:32.472+0000] {dagbag.py:588} INFO - Filling up the DagBag from /opt/airflow/dags/ml_01_iris_pipeline-3.py
[2026-09-07T20:38:32.491+0000] {processor.py:925} INFO - DAG(s) 'iris_pipeline_dag' retrieved from /opt/airflow/dags/ml_01_iris_pipeline-3.py
[2026-09-07T20:38:32.518+0000] {logging_mixin.py:190} INFO - [2026-09-07T20:38:32.518+0000] {dag.py:3239} INFO - Sync 1 DAGs
[2026-09-07T20:38:32.531+0000] {logging_mixin.py:190} INFO - [2026-09-07T20:38:32.530+0000] {dag.py:4180} INFO - Setting next_dagrun for iris_pipeline_dag to None, run_after=None
[2026-09-07T20:38:32.551+0000] {processor.py:208} INFO - Processing /opt/airflow/dags/ml_01_iris_pipeline-3.py took 0.085 seconds
[2026-09-07T20:39:03.042+0000] {processor.py:186} INFO - Started process (PID=852) to work on /opt/airflow/dags/ml_01_iris_pipeline-3.py
[2026-09-07T20:39:03.043+0000] {processor.py:914} INFO - Processing file /opt/airflow/dags/ml_01_iris_pipeline-3.py for tasks to queue
[2026-09-07T20:39:03.044+0000] {logging_mixin.py:190} INFO - [2026-09-07T20:39:03.044+0000] {dagbag.py:588} INFO - Filling up the DagBag from /opt/airflow/dags/ml_01_iris_pipeline-3.py
[2026-09-07T20:39:03.056+0000] {processor.py:925} INFO - DAG(s) 'iris_pipeline_dag' retrieved from /opt/airflow/dags/ml_01_iris_pipeline-3.py
[2026-09-07T20:39:03.078+0000] {logging_mixin.py:190} INFO - [2026-09-07T20:39:03.078+0000] {dag.py:3239} INFO - Sync 1 DAGs
[2026-09-07T20:39:03.088+0000] {logging_mixin.py:190} INFO - [2026-09-07T20:39:03.088+0000] {dag.py:4180} INFO - Setting next_dagrun for iris_pipeline_dag to None, run_after=None
[2026-09-07T20:39:03.106+0000] {processor.py:208} INFO - Processing /opt/airflow/dags/ml_01_iris_pipeline-3.py took 0.068 seconds
[2026-09-07T20:39:33.587+0000] {processor.py:186} INFO - Started process (PID=866) to work on /opt/airflow/dags/ml_01_iris_pipeline-3.py
[2026-09-07T20:39:33.587+0000] {processor.py:914} INFO - Processing file /opt/airflow/dags/ml_01_iris_pipeline-3.py for tasks to queue
[2026-09-07T20:39:33.588+0000] {logging_mixin.py:190} INFO - [2026-09-07T20:39:33.588+0000] {dagbag.py:588} INFO - Filling up the DagBag from /opt/airflow/dags/ml_01_iris_pipeline-3.py
[2026-09-07T20:39:33.602+0000] {processor.py:925} INFO - DAG(s) 'iris_pipeline_dag' retrieved from /opt/airflow/dags/ml_01_iris_pipeline-3.py
[2026-09-07T20:39:33.626+0000] {logging_mixin.py:190} INFO - [2026-09-07T20:39:33.625+0000] {dag.py:3239} INFO - Sync 1 DAGs
[2026-09-07T20:39:33.637+0000] {logging_mixin.py:190} INFO - [2026-09-07T20:39:33.636+0000] {dag.py:4180} INFO - Setting next_dagrun for iris_pipeline_dag to None, run_after=None
[2026-09-07T20:39:33.653+0000] {processor.py:208} INFO - Processing /opt/airflow/dags/ml_01_iris_pipeline-3.py took 0.071 seconds
[2026-09-07T20:40:04.246+0000] {processor.py:186} INFO - Started process (PID=880) to work on /opt/airflow/dags/ml_01_iris_pipeline-3.py
[2026-09-07T20:40:04.246+0000] {processor.py:914} INFO - Processing file /opt/airflow/dags/ml_01_iris_pipeline-3.py for tasks to queue
[2026-09-07T20:40:04.247+0000] {logging_mixin.py:190} INFO - [2026-09-07T20:40:04.247+0000] {dagbag.py:588} INFO - Filling up the DagBag from /opt/airflow/dags/ml_01_iris_pipeline-3.py
[2026-09-07T20:40:04.259+0000] {processor.py:925} INFO - DAG(s) 'iris_pipeline_dag' retrieved from /opt/airflow/dags/ml_01_iris_pipeline-3.py
[2026-09-07T20:40:04.281+0000] {logging_mixin.py:190} INFO - [2026-09-07T20:40:04.281+0000] {dag.py:3239} INFO - Sync 1 DAGs
[2026-09-07T20:40:04.292+0000] {logging_mixin.py:190} INFO - [2026-09-07T20:40:04.292+0000] {dag.py:4180} INFO - Setting next_dagrun for iris_pipeline_dag to None, run_after=None
[2026-09-07T20:40:04.308+0000] {processor.py:208} INFO - Processing /opt/airflow/dags/ml_01_iris_pipeline-3.py took 0.067 seconds
[2026-09-07T20:40:34.928+0000] {processor.py:186} INFO - Started process (PID=894) to work on /opt/airflow/dags/ml_01_iris_pipeline-3.py
[2026-09-07T20:40:34.928+0000] {processor.py:914} INFO - Processing file /opt/airflow/dags/ml_01_iris_pipeline-3.py for tasks to queue
[2026-09-07T20:40:34.929+0000] {logging_mixin.py:190} INFO - [2026-09-07T20:40:34.929+0000] {dagbag.py:588} INFO - Filling up the DagBag from /opt/airflow/dags/ml_01_iris_pipeline-3.py
[2026-09-07T20:40:34.942+0000] {processor.py:925} INFO - DAG(s) 'iris_pipeline_dag' retrieved from /opt/airflow/dags/ml_01_iris_pipeline-3.py
[2026-09-07T20:40:34.968+0000] {logging_mixin.py:190} INFO - [2026-09-07T20:40:34.968+0000] {dag.py:3239} INFO - Sync 1 DAGs
[2026-09-07T20:40:34.982+0000] {logging_mixin.py:190} INFO - [2026-09-07T20:40:34.981+0000] {dag.py:4180} INFO - Setting next_dagrun for iris_pipeline_dag to None, run_after=None
[2026-09-07T20:40:34.999+0000] {processor.py:208} INFO - Processing /opt/airflow/dags/ml_01_iris_pipeline-3.py took 0.076 seconds
[2026-09-07T20:41:05.505+0000] {processor.py:186} INFO - Started process (PID=908) to work on /opt/airflow/dags/ml_01_iris_pipeline-3.py
[2026-09-07T20:41:05.506+0000] {processor.py:914} INFO - Processing file /opt/airflow/dags/ml_01_iris_pipeline-3.py for tasks to queue
[2026-09-07T20:41:05.507+0000] {logging_mixin.py:190} INFO - [2026-09-07T20:41:05.507+0000] {dagbag.py:588} INFO - Filling up the DagBag from /opt/airflow/dags/ml_01_iris_pipeline-3.py
[2026-09-07T20:41:05.521+0000] {processor.py:925} INFO - DAG(s) 'iris_pipeline_dag' retrieved from /opt/airflow/dags/ml_01_iris_pipeline-3.py
[2026-09-07T20:41:05.543+0000] {logging_mixin.py:190} INFO - [2026-09-07T20:41:05.543+0000] {dag.py:3239} INFO - Sync 1 DAGs
[2026-09-07T20:41:05.554+0000] {logging_mixin.py:190} INFO - [2026-09-07T20:41:05.553+0000] {dag.py:4180} INFO - Setting next_dagrun for iris_pipeline_dag to None, run_after=None
[2026-09-07T20:41:05.570+0000] {processor.py:208} INFO - Processing /opt/airflow/dags/ml_01_iris_pipeline-3.py took 0.069 seconds
[2026-09-07T20:41:35.991+0000] {processor.py:186} INFO - Started process (PID=922) to work on /opt/airflow/dags/ml_01_iris_pipeline-3.py
[2026-09-07T20:41:35.991+0000] {processor.py:914} INFO - Processing file /opt/airflow/dags/ml_01_iris_pipeline-3.py for tasks to queue
[2026-09-07T20:41:35.993+0000] {logging_mixin.py:190} INFO - [2026-09-07T20:41:35.992+0000] {dagbag.py:588} INFO - Filling up the DagBag from /opt/airflow/dags/ml_01_iris_pipeline-3.py
[2026-09-07T20:41:36.009+0000] {processor.py:925} INFO - DAG(s) 'iris_pipeline_dag' retrieved from /opt/airflow/dags/ml_01_iris_pipeline-3.py
[2026-09-07T20:41:36.037+0000] {logging_mixin.py:190} INFO - [2026-09-07T20:41:36.037+0000] {dag.py:3239} INFO - Sync 1 DAGs
[2026-09-07T20:41:36.052+0000] {logging_mixin.py:190} INFO - [2026-09-07T20:41:36.051+0000] {dag.py:4180} INFO - Setting next_dagrun for iris_pipeline_dag to None, run_after=None
[2026-09-07T20:41:36.073+0000] {processor.py:208} INFO - Processing /opt/airflow/dags/ml_01_iris_pipeline-3.py took 0.088 seconds
[2026-09-07T20:42:06.635+0000] {processor.py:186} INFO - Started process (PID=936) to work on /opt/airflow/dags/ml_01_iris_pipeline-3.py
[2026-09-07T20:42:06.635+0000] {processor.py:914} INFO - Processing file /opt/airflow/dags/ml_01_iris_pipeline-3.py for tasks to queue
[2026-09-07T20:42:06.636+0000] {logging_mixin.py:190} INFO - [2026-09-07T20:42:06.636+0000] {dagbag.py:588} INFO - Filling up the DagBag from /opt/airflow/dags/ml_01_iris_pipeline-3.py
[2026-09-07T20:42:06.650+0000] {processor.py:925} INFO - DAG(s) 'iris_pipeline_dag' retrieved from /opt/airflow/dags/ml_01_iris_pipeline-3.py
[2026-09-07T20:42:06.671+0000] {logging_mixin.py:190} INFO - [2026-09-07T20:42:06.670+0000] {dag.py:3239} INFO - Sync 1 DAGs
[2026-09-07T20:42:06.682+0000] {logging_mixin.py:190} INFO - [2026-09-07T20:42:06.682+0000] {dag.py:4180} INFO - Setting next_dagrun for iris_pipeline_dag to None, run_after=None
[2026-09-07T20:42:06.698+0000] {processor.py:208} INFO - Processing /opt/airflow/dags/ml_01_iris_pipeline-3.py took 0.068 seconds
[2026-09-07T20:42:37.217+0000] {processor.py:186} INFO - Started process (PID=950) to work on /opt/airflow/dags/ml_01_iris_pipeline-3.py
[2026-09-07T20:42:37.218+0000] {processor.py:914} INFO - Processing file /opt/airflow/dags/ml_01_iris_pipeline-3.py for tasks to queue
[2026-09-07T20:42:37.219+0000] {logging_mixin.py:190} INFO - [2026-09-07T20:42:37.219+0000] {dagbag.py:588} INFO - Filling up the DagBag from /opt/airflow/dags/ml_01_iris_pipeline-3.py
[2026-09-07T20:42:37.235+0000] {processor.py:925} INFO - DAG(s) 'iris_pipeline_dag' retrieved from /opt/airflow/dags/ml_01_iris_pipeline-3.py
[2026-09-07T20:42:37.261+0000] {logging_mixin.py:190} INFO - [2026-09-07T20:42:37.261+0000] {dag.py:3239} INFO - Sync 1 DAGs
[2026-09-07T20:42:37.275+0000] {logging_mixin.py:190} INFO - [2026-09-07T20:42:37.274+0000] {dag.py:4180} INFO - Setting next_dagrun for iris_pipeline_dag to None, run_after=None
[2026-09-07T20:42:37.297+0000] {processor.py:208} INFO - Processing /opt/airflow/dags/ml_01_iris_pipeline-3.py took 0.088 seconds
[2026-09-07T20:43:08.005+0000] {processor.py:186} INFO - Started process (PID=964) to work on /opt/airflow/dags/ml_01_iris_pipeline-3.py
[2026-09-07T20:43:08.005+0000] {processor.py:914} INFO - Processing file /opt/airflow/dags/ml_01_iris_pipeline-3.py for tasks to queue
[2026-09-07T20:43:08.006+0000] {logging_mixin.py:190} INFO - [2026-09-07T20:43:08.006+0000] {dagbag.py:588} INFO - Filling up the DagBag from /opt/airflow/dags/ml_01_iris_pipeline-3.py
[2026-09-07T20:43:08.020+0000] {processor.py:925} INFO - DAG(s) 'iris_pipeline_dag' retrieved from /opt/airflow/dags/ml_01_iris_pipeline-3.py
[2026-09-07T20:43:08.041+0000] {logging_mixin.py:190} INFO - [2026-09-07T20:43:08.041+0000] {dag.py:3239} INFO - Sync 1 DAGs
[2026-09-07T20:43:08.052+0000] {logging_mixin.py:190} INFO - [2026-09-07T20:43:08.052+0000] {dag.py:4180} INFO - Setting next_dagrun for iris_pipeline_dag to None, run_after=None
[2026-09-07T20:43:08.069+0000] {processor.py:208} INFO - Processing /opt/airflow/dags/ml_01_iris_pipeline-3.py took 0.069 seconds
[2026-09-07T20:43:38.159+0000] {processor.py:186} INFO - Started process (PID=978) to work on /opt/airflow/dags/ml_01_iris_pipeline-3.py
[2026-09-07T20:43:38.160+0000] {processor.py:914} INFO - Processing file /opt/airflow/dags/ml_01_iris_pipeline-3.py for tasks to queue
[2026-09-07T20:43:38.161+0000] {logging_mixin.py:190} INFO - [2026-09-07T20:43:38.160+0000] {dagbag.py:588} INFO - Filling up the DagBag from /opt/airflow/dags/ml_01_iris_pipeline-3.py
[2026-09-07T20:43:38.178+0000] {processor.py:925} INFO - DAG(s) 'iris_pipeline_dag' retrieved from /opt/airflow/dags/ml_01_iris_pipeline-3.py
[2026-09-07T20:43:38.206+0000] {logging_mixin.py:190} INFO - [2026-09-07T20:43:38.206+0000] {dag.py:3239} INFO - Sync 1 DAGs
[2026-09-07T20:43:38.219+0000] {logging_mixin.py:190} INFO - [2026-09-07T20:43:38.219+0000] {dag.py:4180} INFO - Setting next_dagrun for iris_pipeline_dag to None, run_after=None
[2026-09-07T20:43:38.235+0000] {processor.py:208} INFO - Processing /opt/airflow/dags/ml_01_iris_pipeline-3.py took 0.081 seconds
[2026-09-07T20:44:08.912+0000] {processor.py:186} INFO - Started process (PID=992) to work on /opt/airflow/dags/ml_01_iris_pipeline-3.py
[2026-09-07T20:44:08.913+0000] {processor.py:914} INFO - Processing file /opt/airflow/dags/ml_01_iris_pipeline-3.py for tasks to queue
[2026-09-07T20:44:08.914+0000] {logging_mixin.py:190} INFO - [2026-09-07T20:44:08.914+0000] {dagbag.py:588} INFO - Filling up the DagBag from /opt/airflow/dags/ml_01_iris_pipeline-3.py
[2026-09-07T20:44:08.927+0000] {processor.py:925} INFO - DAG(s) 'iris_pipeline_dag' retrieved from /opt/airflow/dags/ml_01_iris_pipeline-3.py
[2026-09-07T20:44:08.948+0000] {logging_mixin.py:190} INFO - [2026-09-07T20:44:08.948+0000] {dag.py:3239} INFO - Sync 1 DAGs
[2026-09-07T20:44:08.959+0000] {logging_mixin.py:190} INFO - [2026-09-07T20:44:08.959+0000] {dag.py:4180} INFO - Setting next_dagrun for iris_pipeline_dag to None, run_after=None
[2026-09-07T20:44:08.981+0000] {processor.py:208} INFO - Processing /opt/airflow/dags/ml_01_iris_pipeline-3.py took 0.074 seconds
[2026-09-07T20:44:39.512+0000] {processor.py:186} INFO - Started process (PID=1006) to work on /opt/airflow/dags/ml_01_iris_pipeline-3.py
[2026-09-07T20:44:39.513+0000] {processor.py:914} INFO - Processing file /opt/airflow/dags/ml_01_iris_pipeline-3.py for tasks to queue
[2026-09-07T20:44:39.514+0000] {logging_mixin.py:190} INFO - [2026-09-07T20:44:39.513+0000] {dagbag.py:588} INFO - Filling up the DagBag from /opt/airflow/dags/ml_01_iris_pipeline-3.py
[2026-09-07T20:44:39.530+0000] {processor.py:925} INFO - DAG(s) 'iris_pipeline_dag' retrieved from /opt/airflow/dags/ml_01_iris_pipeline-3.py
[2026-09-07T20:44:39.556+0000] {logging_mixin.py:190} INFO - [2026-09-07T20:44:39.555+0000] {dag.py:3239} INFO - Sync 1 DAGs
[2026-09-07T20:44:39.570+0000] {logging_mixin.py:190} INFO - [2026-09-07T20:44:39.570+0000] {dag.py:4180} INFO - Setting next_dagrun for iris_pipeline_dag to None, run_after=None
[2026-09-07T20:44:39.593+0000] {processor.py:208} INFO - Processing /opt/airflow/dags/ml_01_iris_pipeline-3.py took 0.086 seconds
[2026-09-07T20:45:10.113+0000] {processor.py:186} INFO - Started process (PID=1021) to work on /opt/airflow/dags/ml_01_iris_pipeline-3.py
[2026-09-07T20:45:10.114+0000] {processor.py:914} INFO - Processing file /opt/airflow/dags/ml_01_iris_pipeline-3.py for tasks to queue
[2026-09-07T20:45:10.115+0000] {logging_mixin.py:190} INFO - [2026-09-07T20:45:10.115+0000] {dagbag.py:588} INFO - Filling up the DagBag from /opt/airflow/dags/ml_01_iris_pipeline-3.py
[2026-09-07T20:45:10.130+0000] {processor.py:925} INFO - DAG(s) 'iris_pipeline_dag' retrieved from /opt/airflow/dags/ml_01_iris_pipeline-3.py
[2026-09-07T20:45:10.154+0000] {logging_mixin.py:190} INFO - [2026-09-07T20:45:10.154+0000] {dag.py:3239} INFO - Sync 1 DAGs
[2026-09-07T20:45:10.167+0000] {logging_mixin.py:190} INFO - [2026-09-07T20:45:10.167+0000] {dag.py:4180} INFO - Setting next_dagrun for iris_pipeline_dag to None, run_after=None
[2026-09-07T20:45:10.189+0000] {processor.py:208} INFO - Processing /opt/airflow/dags/ml_01_iris_pipeline-3.py took 0.080 seconds
[2026-09-07T20:45:40.794+0000] {processor.py:186} INFO - Started process (PID=1035) to work on /opt/airflow/dags/ml_01_iris_pipeline-3.py
[2026-09-07T20:45:40.794+0000] {processor.py:914} INFO - Processing file /opt/airflow/dags/ml_01_iris_pipeline-3.py for tasks to queue
[2026-09-07T20:45:40.796+0000] {logging_mixin.py:190} INFO - [2026-09-07T20:45:40.796+0000] {dagbag.py:588} INFO - Filling up the DagBag from /opt/airflow/dags/ml_01_iris_pipeline-3.py
[2026-09-07T20:45:40.810+0000] {processor.py:925} INFO - DAG(s) 'iris_pipeline_dag' retrieved from /opt/airflow/dags/ml_01_iris_pipeline-3.py
[2026-09-07T20:45:40.834+0000] {logging_mixin.py:190} INFO - [2026-09-07T20:45:40.834+0000] {dag.py:3239} INFO - Sync 1 DAGs
[2026-09-07T20:45:40.846+0000] {logging_mixin.py:190} INFO - [2026-09-07T20:45:40.846+0000] {dag.py:4180} INFO - Setting next_dagrun for iris_pipeline_dag to None, run_after=None
[2026-09-07T20:45:40.864+0000] {processor.py:208} INFO - Processing /opt/airflow/dags/ml_01_iris_pipeline-3.py took 0.076 seconds
[2026-09-07T20:46:11.896+0000] {processor.py:186} INFO - Started process (PID=1049) to work on /opt/airflow/dags/ml_01_iris_pipeline-3.py
[2026-09-07T20:46:11.897+0000] {processor.py:914} INFO - Processing file /opt/airflow/dags/ml_01_iris_pipeline-3.py for tasks to queue
[2026-09-07T20:46:11.898+0000] {logging_mixin.py:190} INFO - [2026-09-07T20:46:11.898+0000] {dagbag.py:588} INFO - Filling up the DagBag from /opt/airflow/dags/ml_01_iris_pipeline-3.py
[2026-09-07T20:46:11.912+0000] {processor.py:925} INFO - DAG(s) 'iris_pipeline_dag' retrieved from /opt/airflow/dags/ml_01_iris_pipeline-3.py
[2026-09-07T20:46:11.936+0000] {logging_mixin.py:190} INFO - [2026-09-07T20:46:11.936+0000] {dag.py:3239} INFO - Sync 1 DAGs
[2026-09-07T20:46:11.948+0000] {logging_mixin.py:190} INFO - [2026-09-07T20:46:11.948+0000] {dag.py:4180} INFO - Setting next_dagrun for iris_pipeline_dag to None, run_after=None
[2026-09-07T20:46:11.964+0000] {processor.py:208} INFO - Processing /opt/airflow/dags/ml_01_iris_pipeline-3.py took 0.072 seconds
[2026-09-07T20:46:42.465+0000] {processor.py:186} INFO - Started process (PID=1063) to work on /opt/airflow/dags/ml_01_iris_pipeline-3.py
[2026-09-07T20:46:42.466+0000] {processor.py:914} INFO - Processing file /opt/airflow/dags/ml_01_iris_pipeline-3.py for tasks to queue
[2026-09-07T20:46:42.467+0000] {logging_mixin.py:190} INFO - [2026-09-07T20:46:42.466+0000] {dagbag.py:588} INFO - Filling up the DagBag from /opt/airflow/dags/ml_01_iris_pipeline-3.py
[2026-09-07T20:46:42.481+0000] {processor.py:925} INFO - DAG(s) 'iris_pipeline_dag' retrieved from /opt/airflow/dags/ml_01_iris_pipeline-3.py
[2026-09-07T20:46:42.506+0000] {logging_mixin.py:190} INFO - [2026-09-07T20:46:42.506+0000] {dag.py:3239} INFO - Sync 1 DAGs
[2026-09-07T20:46:42.520+0000] {logging_mixin.py:190} INFO - [2026-09-07T20:46:42.520+0000] {dag.py:4180} INFO - Setting next_dagrun for iris_pipeline_dag to None, run_after=None
[2026-09-07T20:46:42.539+0000] {processor.py:208} INFO - Processing /opt/airflow/dags/ml_01_iris_pipeline-3.py took 0.079 seconds
[2026-09-07T20:47:13.104+0000] {processor.py:186} INFO - Started process (PID=1077) to work on /opt/airflow/dags/ml_01_iris_pipeline-3.py
[2026-09-07T20:47:13.105+0000] {processor.py:914} INFO - Processing file /opt/airflow/dags/ml_01_iris_pipeline-3.py for tasks to queue
[2026-09-07T20:47:13.107+0000] {logging_mixin.py:190} INFO - [2026-09-07T20:47:13.107+0000] {dagbag.py:588} INFO - Filling up the DagBag from /opt/airflow/dags/ml_01_iris_pipeline-3.py
[2026-09-07T20:47:13.123+0000] {processor.py:925} INFO - DAG(s) 'iris_pipeline_dag' retrieved from /opt/airflow/dags/ml_01_iris_pipeline-3.py
[2026-09-07T20:47:13.148+0000] {logging_mixin.py:190} INFO - [2026-09-07T20:47:13.148+0000] {dag.py:3239} INFO - Sync 1 DAGs
[2026-09-07T20:47:13.160+0000] {logging_mixin.py:190} INFO - [2026-09-07T20:47:13.160+0000] {dag.py:4180} INFO - Setting next_dagrun for iris_pipeline_dag to None, run_after=None
[2026-09-07T20:47:13.189+0000] {processor.py:208} INFO - Processing /opt/airflow/dags/ml_01_iris_pipeline-3.py took 0.097 seconds
[2026-09-07T20:47:43.757+0000] {processor.py:186} INFO - Started process (PID=1091) to work on /opt/airflow/dags/ml_01_iris_pipeline-3.py
[2026-09-07T20:47:43.758+0000] {processor.py:914} INFO - Processing file /opt/airflow/dags/ml_01_iris_pipeline-3.py for tasks to queue
[2026-09-07T20:47:43.759+0000] {logging_mixin.py:190} INFO - [2026-09-07T20:47:43.759+0000] {dagbag.py:588} INFO - Filling up the DagBag from /opt/airflow/dags/ml_01_iris_pipeline-3.py
[2026-09-07T20:47:43.772+0000] {processor.py:925} INFO - DAG(s) 'iris_pipeline_dag' retrieved from /opt/airflow/dags/ml_01_iris_pipeline-3.py
[2026-09-07T20:47:43.793+0000] {logging_mixin.py:190} INFO - [2026-09-07T20:47:43.793+0000] {dag.py:3239} INFO - Sync 1 DAGs
[2026-09-07T20:47:43.804+0000] {logging_mixin.py:190} INFO - [2026-09-07T20:47:43.804+0000] {dag.py:4180} INFO - Setting next_dagrun for iris_pipeline_dag to None, run_after=None
[2026-09-07T20:47:43.820+0000] {processor.py:208} INFO - Processing /opt/airflow/dags/ml_01_iris_pipeline-3.py took 0.067 seconds
[2026-09-07T20:48:14.337+0000] {processor.py:186} INFO - Started process (PID=1105) to work on /opt/airflow/dags/ml_01_iris_pipeline-3.py
[2026-09-07T20:48:14.337+0000] {processor.py:914} INFO - Processing file /opt/airflow/dags/ml_01_iris_pipeline-3.py for tasks to queue
[2026-09-07T20:48:14.338+0000] {logging_mixin.py:190} INFO - [2026-09-07T20:48:14.338+0000] {dagbag.py:588} INFO - Filling up the DagBag from /opt/airflow/dags/ml_01_iris_pipeline-3.py
[2026-09-07T20:48:14.353+0000] {processor.py:925} INFO - DAG(s) 'iris_pipeline_dag' retrieved from /opt/airflow/dags/ml_01_iris_pipeline-3.py
[2026-09-07T20:48:14.376+0000] {logging_mixin.py:190} INFO - [2026-09-07T20:48:14.376+0000] {dag.py:3239} INFO - Sync 1 DAGs
[2026-09-07T20:48:14.387+0000] {logging_mixin.py:190} INFO - [2026-09-07T20:48:14.387+0000] {dag.py:4180} INFO - Setting next_dagrun for iris_pipeline_dag to None, run_after=None
[2026-09-07T20:48:14.405+0000] {processor.py:208} INFO - Processing /opt/airflow/dags/ml_01_iris_pipeline-3.py took 0.073 seconds
[2026-09-07T20:48:44.844+0000] {processor.py:186} INFO - Started process (PID=1119) to work on /opt/airflow/dags/ml_01_iris_pipeline-3.py
[2026-09-07T20:48:44.845+0000] {processor.py:914} INFO - Processing file /opt/airflow/dags/ml_01_iris_pipeline-3.py for tasks to queue
[2026-09-07T20:48:44.846+0000] {logging_mixin.py:190} INFO - [2026-09-07T20:48:44.845+0000] {dagbag.py:588} INFO - Filling up the DagBag from /opt/airflow/dags/ml_01_iris_pipeline-3.py
[2026-09-07T20:48:44.863+0000] {processor.py:925} INFO - DAG(s) 'iris_pipeline_dag' retrieved from /opt/airflow/dags/ml_01_iris_pipeline-3.py
[2026-09-07T20:48:44.889+0000] {logging_mixin.py:190} INFO - [2026-09-07T20:48:44.889+0000] {dag.py:3239} INFO - Sync 1 DAGs
[2026-09-07T20:48:44.902+0000] {logging_mixin.py:190} INFO - [2026-09-07T20:48:44.901+0000] {dag.py:4180} INFO - Setting next_dagrun for iris_pipeline_dag to None, run_after=None
[2026-09-07T20:48:44.921+0000] {processor.py:208} INFO - Processing /opt/airflow/dags/ml_01_iris_pipeline-3.py took 0.084 seconds
[2026-09-07T20:49:15.434+0000] {processor.py:186} INFO - Started process (PID=1133) to work on /opt/airflow/dags/ml_01_iris_pipeline-3.py
[2026-09-07T20:49:15.435+0000] {processor.py:914} INFO - Processing file /opt/airflow/dags/ml_01_iris_pipeline-3.py for tasks to queue
[2026-09-07T20:49:15.437+0000] {logging_mixin.py:190} INFO - [2026-09-07T20:49:15.436+0000] {dagbag.py:588} INFO - Filling up the DagBag from /opt/airflow/dags/ml_01_iris_pipeline-3.py
[2026-09-07T20:49:15.450+0000] {processor.py:925} INFO - DAG(s) 'iris_pipeline_dag' retrieved from /opt/airflow/dags/ml_01_iris_pipeline-3.py
[2026-09-07T20:49:15.471+0000] {logging_mixin.py:190} INFO - [2026-09-07T20:49:15.471+0000] {dag.py:3239} INFO - Sync 1 DAGs
[2026-09-07T20:49:15.483+0000] {logging_mixin.py:190} INFO - [2026-09-07T20:49:15.483+0000] {dag.py:4180} INFO - Setting next_dagrun for iris_pipeline_dag to None, run_after=None
[2026-09-07T20:49:15.501+0000] {processor.py:208} INFO - Processing /opt/airflow/dags/ml_01_iris_pipeline-3.py took 0.071 seconds
[2026-09-07T20:49:46.124+0000] {processor.py:186} INFO - Started process (PID=1147) to work on /opt/airflow/dags/ml_01_iris_pipeline-3.py
[2026-09-07T20:49:46.125+0000] {processor.py:914} INFO - Processing file /opt/airflow/dags/ml_01_iris_pipeline-3.py for tasks to queue
[2026-09-07T20:49:46.126+0000] {logging_mixin.py:190} INFO - [2026-09-07T20:49:46.126+0000] {dagbag.py:588} INFO - Filling up the DagBag from /opt/airflow/dags/ml_01_iris_pipeline-3.py
[2026-09-07T20:49:46.141+0000] {processor.py:925} INFO - DAG(s) 'iris_pipeline_dag' retrieved from /opt/airflow/dags/ml_01_iris_pipeline-3.py
[2026-09-07T20:49:46.165+0000] {logging_mixin.py:190} INFO - [2026-09-07T20:49:46.165+0000] {dag.py:3239} INFO - Sync 1 DAGs
[2026-09-07T20:49:46.178+0000] {logging_mixin.py:190} INFO - [2026-09-07T20:49:46.178+0000] {dag.py:4180} INFO - Setting next_dagrun for iris_pipeline_dag to None, run_after=None
[2026-09-07T20:49:46.196+0000] {processor.py:208} INFO - Processing /opt/airflow/dags/ml_01_iris_pipeline-3.py took 0.078 seconds
[2026-09-07T20:50:16.861+0000] {processor.py:186} INFO - Started process (PID=1161) to work on /opt/airflow/dags/ml_01_iris_pipeline-3.py
[2026-09-07T20:50:16.861+0000] {processor.py:914} INFO - Processing file /opt/airflow/dags/ml_01_iris_pipeline-3.py for tasks to queue
[2026-09-07T20:50:16.862+0000] {logging_mixin.py:190} INFO - [2026-09-07T20:50:16.862+0000] {dagbag.py:588} INFO - Filling up the DagBag from /opt/airflow/dags/ml_01_iris_pipeline-3.py
[2026-09-07T20:50:16.877+0000] {processor.py:925} INFO - DAG(s) 'iris_pipeline_dag' retrieved from /opt/airflow/dags/ml_01_iris_pipeline-3.py
[2026-09-07T20:50:16.902+0000] {logging_mixin.py:190} INFO - [2026-09-07T20:50:16.902+0000] {dag.py:3239} INFO - Sync 1 DAGs
[2026-09-07T20:50:16.914+0000] {logging_mixin.py:190} INFO - [2026-09-07T20:50:16.913+0000] {dag.py:4180} INFO - Setting next_dagrun for iris_pipeline_dag to None, run_after=None
[2026-09-07T20:50:16.944+0000] {processor.py:208} INFO - Processing /opt/airflow/dags/ml_01_iris_pipeline-3.py took 0.089 seconds
[2026-09-07T20:50:47.004+0000] {processor.py:186} INFO - Started process (PID=1175) to work on /opt/airflow/dags/ml_01_iris_pipeline-3.py
[2026-09-07T20:50:47.004+0000] {processor.py:914} INFO - Processing file /opt/airflow/dags/ml_01_iris_pipeline-3.py for tasks to queue
[2026-09-07T20:50:47.006+0000] {logging_mixin.py:190} INFO - [2026-09-07T20:50:47.005+0000] {dagbag.py:588} INFO - Filling up the DagBag from /opt/airflow/dags/ml_01_iris_pipeline-3.py
[2026-09-07T20:50:47.020+0000] {processor.py:925} INFO - DAG(s) 'iris_pipeline_dag' retrieved from /opt/airflow/dags/ml_01_iris_pipeline-3.py
[2026-09-07T20:50:47.046+0000] {logging_mixin.py:190} INFO - [2026-09-07T20:50:47.045+0000] {dag.py:3239} INFO - Sync 1 DAGs
[2026-09-07T20:50:47.057+0000] {logging_mixin.py:190} INFO - [2026-09-07T20:50:47.057+0000] {dag.py:4180} INFO - Setting next_dagrun for iris_pipeline_dag to None, run_after=None
[2026-09-07T20:50:47.079+0000] {processor.py:208} INFO - Processing /opt/airflow/dags/ml_01_iris_pipeline-3.py took 0.080 seconds
[2026-09-07T20:51:17.609+0000] {processor.py:186} INFO - Started process (PID=1189) to work on /opt/airflow/dags/ml_01_iris_pipeline-3.py
[2026-09-07T20:51:17.610+0000] {processor.py:914} INFO - Processing file /opt/airflow/dags/ml_01_iris_pipeline-3.py for tasks to queue
[2026-09-07T20:51:17.611+0000] {logging_mixin.py:190} INFO - [2026-09-07T20:51:17.610+0000] {dagbag.py:588} INFO - Filling up the DagBag from /opt/airflow/dags/ml_01_iris_pipeline-3.py
[2026-09-07T20:51:17.623+0000] {processor.py:925} INFO - DAG(s) 'iris_pipeline_dag' retrieved from /opt/airflow/dags/ml_01_iris_pipeline-3.py
[2026-09-07T20:51:17.648+0000] {logging_mixin.py:190} INFO - [2026-09-07T20:51:17.647+0000] {dag.py:3239} INFO - Sync 1 DAGs
[2026-09-07T20:51:17.658+0000] {logging_mixin.py:190} INFO - [2026-09-07T20:51:17.658+0000] {dag.py:4180} INFO - Setting next_dagrun for iris_pipeline_dag to None, run_after=None
[2026-09-07T20:51:17.674+0000] {processor.py:208} INFO - Processing /opt/airflow/dags/ml_01_iris_pipeline-3.py took 0.069 seconds
[2026-09-07T20:51:48.274+0000] {processor.py:186} INFO - Started process (PID=1203) to work on /opt/airflow/dags/ml_01_iris_pipeline-3.py
[2026-09-07T20:51:48.275+0000] {processor.py:914} INFO - Processing file /opt/airflow/dags/ml_01_iris_pipeline-3.py for tasks to queue
[2026-09-07T20:51:48.276+0000] {logging_mixin.py:190} INFO - [2026-09-07T20:51:48.276+0000] {dagbag.py:588} INFO - Filling up the DagBag from /opt/airflow/dags/ml_01_iris_pipeline-3.py
[2026-09-07T20:51:48.290+0000] {processor.py:925} INFO - DAG(s) 'iris_pipeline_dag' retrieved from /opt/airflow/dags/ml_01_iris_pipeline-3.py
[2026-09-07T20:51:48.316+0000] {logging_mixin.py:190} INFO - [2026-09-07T20:51:48.316+0000] {dag.py:3239} INFO - Sync 1 DAGs
[2026-09-07T20:51:48.329+0000] {logging_mixin.py:190} INFO - [2026-09-07T20:51:48.329+0000] {dag.py:4180} INFO - Setting next_dagrun for iris_pipeline_dag to None, run_after=None
[2026-09-07T20:51:48.346+0000] {processor.py:208} INFO - Processing /opt/airflow/dags/ml_01_iris_pipeline-3.py took 0.077 seconds
[2026-09-07T20:52:18.935+0000] {processor.py:186} INFO - Started process (PID=1217) to work on /opt/airflow/dags/ml_01_iris_pipeline-3.py
[2026-09-07T20:52:18.935+0000] {processor.py:914} INFO - Processing file /opt/airflow/dags/ml_01_iris_pipeline-3.py for tasks to queue
[2026-09-07T20:52:18.937+0000] {logging_mixin.py:190} INFO - [2026-09-07T20:52:18.936+0000] {dagbag.py:588} INFO - Filling up the DagBag from /opt/airflow/dags/ml_01_iris_pipeline-3.py
[2026-09-07T20:52:18.951+0000] {processor.py:925} INFO - DAG(s) 'iris_pipeline_dag' retrieved from /opt/airflow/dags/ml_01_iris_pipeline-3.py
[2026-09-07T20:52:18.980+0000] {logging_mixin.py:190} INFO - [2026-09-07T20:52:18.980+0000] {dag.py:3239} INFO - Sync 1 DAGs
[2026-09-07T20:52:18.991+0000] {logging_mixin.py:190} INFO - [2026-09-07T20:52:18.991+0000] {dag.py:4180} INFO - Setting next_dagrun for iris_pipeline_dag to None, run_after=None
[2026-09-07T20:52:19.011+0000] {processor.py:208} INFO - Processing /opt/airflow/dags/ml_01_iris_pipeline-3.py took 0.081 seconds
[2026-09-07T20:52:49.525+0000] {processor.py:186} INFO - Started process (PID=1231) to work on /opt/airflow/dags/ml_01_iris_pipeline-3.py
[2026-09-07T20:52:49.526+0000] {processor.py:914} INFO - Processing file /opt/airflow/dags/ml_01_iris_pipeline-3.py for tasks to queue
[2026-09-07T20:52:49.527+0000] {logging_mixin.py:190} INFO - [2026-09-07T20:52:49.527+0000] {dagbag.py:588} INFO - Filling up the DagBag from /opt/airflow/dags/ml_01_iris_pipeline-3.py
[2026-09-07T20:52:49.545+0000] {processor.py:925} INFO - DAG(s) 'iris_pipeline_dag' retrieved from /opt/airflow/dags/ml_01_iris_pipeline-3.py
[2026-09-07T20:52:49.568+0000] {logging_mixin.py:190} INFO - [2026-09-07T20:52:49.568+0000] {dag.py:3239} INFO - Sync 1 DAGs
[2026-09-07T20:52:49.580+0000] {logging_mixin.py:190} INFO - [2026-09-07T20:52:49.579+0000] {dag.py:4180} INFO - Setting next_dagrun for iris_pipeline_dag to None, run_after=None
[2026-09-07T20:52:49.596+0000] {processor.py:208} INFO - Processing /opt/airflow/dags/ml_01_iris_pipeline-3.py took 0.077 seconds
[2026-09-07T20:53:20.211+0000] {processor.py:186} INFO - Started process (PID=1245) to work on /opt/airflow/dags/ml_01_iris_pipeline-3.py
[2026-09-07T20:53:20.212+0000] {processor.py:914} INFO - Processing file /opt/airflow/dags/ml_01_iris_pipeline-3.py for tasks to queue
[2026-09-07T20:53:20.213+0000] {logging_mixin.py:190} INFO - [2026-09-07T20:53:20.213+0000] {dagbag.py:588} INFO - Filling up the DagBag from /opt/airflow/dags/ml_01_iris_pipeline-3.py
[2026-09-07T20:53:20.227+0000] {processor.py:925} INFO - DAG(s) 'iris_pipeline_dag' retrieved from /opt/airflow/dags/ml_01_iris_pipeline-3.py
[2026-09-07T20:53:20.250+0000] {logging_mixin.py:190} INFO - [2026-09-07T20:53:20.250+0000] {dag.py:3239} INFO - Sync 1 DAGs
[2026-09-07T20:53:20.263+0000] {logging_mixin.py:190} INFO - [2026-09-07T20:53:20.263+0000] {dag.py:4180} INFO - Setting next_dagrun for iris_pipeline_dag to None, run_after=None
[2026-09-07T20:53:20.283+0000] {processor.py:208} INFO - Processing /opt/airflow/dags/ml_01_iris_pipeline-3.py took 0.077 seconds
[2026-09-07T20:53:50.716+0000] {processor.py:186} INFO - Started process (PID=1259) to work on /opt/airflow/dags/ml_01_iris_pipeline-3.py
[2026-09-07T20:53:50.717+0000] {processor.py:914} INFO - Processing file /opt/airflow/dags/ml_01_iris_pipeline-3.py for tasks to queue
[2026-09-07T20:53:50.718+0000] {logging_mixin.py:190} INFO - [2026-09-07T20:53:50.718+0000] {dagbag.py:588} INFO - Filling up the DagBag from /opt/airflow/dags/ml_01_iris_pipeline-3.py
[2026-09-07T20:53:50.737+0000] {processor.py:925} INFO - DAG(s) 'iris_pipeline_dag' retrieved from /opt/airflow/dags/ml_01_iris_pipeline-3.py
[2026-09-07T20:53:50.773+0000] {logging_mixin.py:190} INFO - [2026-09-07T20:53:50.773+0000] {dag.py:3239} INFO - Sync 1 DAGs
[2026-09-07T20:53:50.796+0000] {logging_mixin.py:190} INFO - [2026-09-07T20:53:50.796+0000] {dag.py:4180} INFO - Setting next_dagrun for iris_pipeline_dag to None, run_after=None
[2026-09-07T20:53:50.820+0000] {processor.py:208} INFO - Processing /opt/airflow/dags/ml_01_iris_pipeline-3.py took 0.109 seconds
[2026-09-07T20:54:21.331+0000] {processor.py:186} INFO - Started process (PID=1273) to work on /opt/airflow/dags/ml_01_iris_pipeline-3.py
[2026-09-07T20:54:21.332+0000] {processor.py:914} INFO - Processing file /opt/airflow/dags/ml_01_iris_pipeline-3.py for tasks to queue
[2026-09-07T20:54:21.333+0000] {logging_mixin.py:190} INFO - [2026-09-07T20:54:21.333+0000] {dagbag.py:588} INFO - Filling up the DagBag from /opt/airflow/dags/ml_01_iris_pipeline-3.py
[2026-09-07T20:54:21.346+0000] {processor.py:925} INFO - DAG(s) 'iris_pipeline_dag' retrieved from /opt/airflow/dags/ml_01_iris_pipeline-3.py
[2026-09-07T20:54:21.368+0000] {logging_mixin.py:190} INFO - [2026-09-07T20:54:21.368+0000] {dag.py:3239} INFO - Sync 1 DAGs
[2026-09-07T20:54:21.383+0000] {logging_mixin.py:190} INFO - [2026-09-07T20:54:21.383+0000] {dag.py:4180} INFO - Setting next_dagrun for iris_pipeline_dag to None, run_after=None
[2026-09-07T20:54:21.417+0000] {processor.py:208} INFO - Processing /opt/airflow/dags/ml_01_iris_pipeline-3.py took 0.091 seconds
[2026-09-07T20:54:52.031+0000] {processor.py:186} INFO - Started process (PID=1294) to work on /opt/airflow/dags/ml_01_iris_pipeline-3.py
[2026-09-07T20:54:52.032+0000] {processor.py:914} INFO - Processing file /opt/airflow/dags/ml_01_iris_pipeline-3.py for tasks to queue
[2026-09-07T20:54:52.033+0000] {logging_mixin.py:190} INFO - [2026-09-07T20:54:52.032+0000] {dagbag.py:588} INFO - Filling up the DagBag from /opt/airflow/dags/ml_01_iris_pipeline-3.py
[2026-09-07T20:54:52.050+0000] {processor.py:925} INFO - DAG(s) 'iris_pipeline_dag' retrieved from /opt/airflow/dags/ml_01_iris_pipeline-3.py
[2026-09-07T20:54:52.074+0000] {logging_mixin.py:190} INFO - [2026-09-07T20:54:52.074+0000] {dag.py:3239} INFO - Sync 1 DAGs
[2026-09-07T20:54:52.086+0000] {logging_mixin.py:190} INFO - [2026-09-07T20:54:52.086+0000] {dag.py:4180} INFO - Setting next_dagrun for iris_pipeline_dag to None, run_after=None
[2026-09-07T20:54:52.104+0000] {processor.py:208} INFO - Processing /opt/airflow/dags/ml_01_iris_pipeline-3.py took 0.078 seconds
[2026-09-07T20:55:22.637+0000] {processor.py:186} INFO - Started process (PID=1308) to work on /opt/airflow/dags/ml_01_iris_pipeline-3.py
[2026-09-07T20:55:22.638+0000] {processor.py:914} INFO - Processing file /opt/airflow/dags/ml_01_iris_pipeline-3.py for tasks to queue
[2026-09-07T20:55:22.639+0000] {logging_mixin.py:190} INFO - [2026-09-07T20:55:22.639+0000] {dagbag.py:588} INFO - Filling up the DagBag from /opt/airflow/dags/ml_01_iris_pipeline-3.py
[2026-09-07T20:55:22.656+0000] {processor.py:925} INFO - DAG(s) 'iris_pipeline_dag' retrieved from /opt/airflow/dags/ml_01_iris_pipeline-3.py
[2026-09-07T20:55:22.680+0000] {logging_mixin.py:190} INFO - [2026-09-07T20:55:22.680+0000] {dag.py:3239} INFO - Sync 1 DAGs
[2026-09-07T20:55:22.692+0000] {logging_mixin.py:190} INFO - [2026-09-07T20:55:22.692+0000] {dag.py:4180} INFO - Setting next_dagrun for iris_pipeline_dag to None, run_after=None
[2026-09-07T20:55:22.718+0000] {processor.py:208} INFO - Processing /opt/airflow/dags/ml_01_iris_pipeline-3.py took 0.087 seconds
[2026-09-07T20:55:53.334+0000] {processor.py:186} INFO - Started process (PID=1322) to work on /opt/airflow/dags/ml_01_iris_pipeline-3.py
[2026-09-07T20:55:53.335+0000] {processor.py:914} INFO - Processing file /opt/airflow/dags/ml_01_iris_pipeline-3.py for tasks to queue
[2026-09-07T20:55:53.336+0000] {logging_mixin.py:190} INFO - [2026-09-07T20:55:53.335+0000] {dagbag.py:588} INFO - Filling up the DagBag from /opt/airflow/dags/ml_01_iris_pipeline-3.py
[2026-09-07T20:55:53.350+0000] {processor.py:925} INFO - DAG(s) 'iris_pipeline_dag' retrieved from /opt/airflow/dags/ml_01_iris_pipeline-3.py
[2026-09-07T20:55:53.371+0000] {logging_mixin.py:190} INFO - [2026-09-07T20:55:53.371+0000] {dag.py:3239} INFO - Sync 1 DAGs
[2026-09-07T20:55:53.382+0000] {logging_mixin.py:190} INFO - [2026-09-07T20:55:53.382+0000] {dag.py:4180} INFO - Setting next_dagrun for iris_pipeline_dag to None, run_after=None
[2026-09-07T20:55:53.399+0000] {processor.py:208} INFO - Processing /opt/airflow/dags/ml_01_iris_pipeline-3.py took 0.069 seconds
[2026-09-07T20:56:23.877+0000] {processor.py:186} INFO - Started process (PID=1336) to work on /opt/airflow/dags/ml_01_iris_pipeline-3.py
[2026-09-07T20:56:23.878+0000] {processor.py:914} INFO - Processing file /opt/airflow/dags/ml_01_iris_pipeline-3.py for tasks to queue
[2026-09-07T20:56:23.879+0000] {logging_mixin.py:190} INFO - [2026-09-07T20:56:23.878+0000] {dagbag.py:588} INFO - Filling up the DagBag from /opt/airflow/dags/ml_01_iris_pipeline-3.py
[2026-09-07T20:56:23.891+0000] {processor.py:925} INFO - DAG(s) 'iris_pipeline_dag' retrieved from /opt/airflow/dags/ml_01_iris_pipeline-3.py
[2026-09-07T20:56:23.913+0000] {logging_mixin.py:190} INFO - [2026-09-07T20:56:23.913+0000] {dag.py:3239} INFO - Sync 1 DAGs
[2026-09-07T20:56:23.924+0000] {logging_mixin.py:190} INFO - [2026-09-07T20:56:23.924+0000] {dag.py:4180} INFO - Setting next_dagrun for iris_pipeline_dag to None, run_after=None
[2026-09-07T20:56:23.940+0000] {processor.py:208} INFO - Processing /opt/airflow/dags/ml_01_iris_pipeline-3.py took 0.068 seconds
[2026-09-07T20:56:54.498+0000] {processor.py:186} INFO - Started process (PID=1350) to work on /opt/airflow/dags/ml_01_iris_pipeline-3.py
[2026-09-07T20:56:54.498+0000] {processor.py:914} INFO - Processing file /opt/airflow/dags/ml_01_iris_pipeline-3.py for tasks to queue
[2026-09-07T20:56:54.500+0000] {logging_mixin.py:190} INFO - [2026-09-07T20:56:54.499+0000] {dagbag.py:588} INFO - Filling up the DagBag from /opt/airflow/dags/ml_01_iris_pipeline-3.py
[2026-09-07T20:56:54.518+0000] {processor.py:925} INFO - DAG(s) 'iris_pipeline_dag' retrieved from /opt/airflow/dags/ml_01_iris_pipeline-3.py
[2026-09-07T20:56:54.546+0000] {logging_mixin.py:190} INFO - [2026-09-07T20:56:54.546+0000] {dag.py:3239} INFO - Sync 1 DAGs
[2026-09-07T20:56:54.560+0000] {logging_mixin.py:190} INFO - [2026-09-07T20:56:54.560+0000] {dag.py:4180} INFO - Setting next_dagrun for iris_pipeline_dag to None, run_after=None
[2026-09-07T20:56:54.580+0000] {processor.py:208} INFO - Processing /opt/airflow/dags/ml_01_iris_pipeline-3.py took 0.087 seconds
[2026-09-07T21:02:09.517+0000] {processor.py:186} INFO - Started process (PID=104) to work on /opt/airflow/dags/ml_01_iris_pipeline-3.py
[2026-09-07T21:02:09.518+0000] {processor.py:914} INFO - Processing file /opt/airflow/dags/ml_01_iris_pipeline-3.py for tasks to queue
[2026-09-07T21:02:09.519+0000] {logging_mixin.py:190} INFO - [2026-09-07T21:02:09.519+0000] {dagbag.py:588} INFO - Filling up the DagBag from /opt/airflow/dags/ml_01_iris_pipeline-3.py
[2026-09-07T21:02:09.537+0000] {processor.py:925} INFO - DAG(s) 'iris_pipeline_dag' retrieved from /opt/airflow/dags/ml_01_iris_pipeline-3.py
[2026-09-07T21:02:09.583+0000] {logging_mixin.py:190} INFO - [2026-09-07T21:02:09.583+0000] {dag.py:3239} INFO - Sync 1 DAGs
[2026-09-07T21:02:09.618+0000] {logging_mixin.py:190} INFO - [2026-09-07T21:02:09.617+0000] {dag.py:4180} INFO - Setting next_dagrun for iris_pipeline_dag to None, run_after=None
[2026-09-07T21:02:09.644+0000] {processor.py:208} INFO - Processing /opt/airflow/dags/ml_01_iris_pipeline-3.py took 0.131 seconds
[2026-09-07T21:02:40.227+0000] {processor.py:186} INFO - Started process (PID=118) to work on /opt/airflow/dags/ml_01_iris_pipeline-3.py
[2026-09-07T21:02:40.227+0000] {processor.py:914} INFO - Processing file /opt/airflow/dags/ml_01_iris_pipeline-3.py for tasks to queue
[2026-09-07T21:02:40.229+0000] {logging_mixin.py:190} INFO - [2026-09-07T21:02:40.228+0000] {dagbag.py:588} INFO - Filling up the DagBag from /opt/airflow/dags/ml_01_iris_pipeline-3.py
[2026-09-07T21:02:40.241+0000] {processor.py:925} INFO - DAG(s) 'iris_pipeline_dag' retrieved from /opt/airflow/dags/ml_01_iris_pipeline-3.py
[2026-09-07T21:02:40.265+0000] {logging_mixin.py:190} INFO - [2026-09-07T21:02:40.265+0000] {dag.py:3239} INFO - Sync 1 DAGs
[2026-09-07T21:02:40.279+0000] {logging_mixin.py:190} INFO - [2026-09-07T21:02:40.278+0000] {dag.py:4180} INFO - Setting next_dagrun for iris_pipeline_dag to None, run_after=None
[2026-09-07T21:02:40.298+0000] {processor.py:208} INFO - Processing /opt/airflow/dags/ml_01_iris_pipeline-3.py took 0.076 seconds
[2026-09-07T21:03:10.947+0000] {processor.py:186} INFO - Started process (PID=132) to work on /opt/airflow/dags/ml_01_iris_pipeline-3.py
[2026-09-07T21:03:10.948+0000] {processor.py:914} INFO - Processing file /opt/airflow/dags/ml_01_iris_pipeline-3.py for tasks to queue
[2026-09-07T21:03:10.949+0000] {logging_mixin.py:190} INFO - [2026-09-07T21:03:10.948+0000] {dagbag.py:588} INFO - Filling up the DagBag from /opt/airflow/dags/ml_01_iris_pipeline-3.py
[2026-09-07T21:03:10.967+0000] {processor.py:925} INFO - DAG(s) 'iris_pipeline_dag' retrieved from /opt/airflow/dags/ml_01_iris_pipeline-3.py
[2026-09-07T21:03:11.000+0000] {logging_mixin.py:190} INFO - [2026-09-07T21:03:11.000+0000] {dag.py:3239} INFO - Sync 1 DAGs
[2026-09-07T21:03:11.020+0000] {logging_mixin.py:190} INFO - [2026-09-07T21:03:11.020+0000] {dag.py:4180} INFO - Setting next_dagrun for iris_pipeline_dag to None, run_after=None
[2026-09-07T21:03:11.046+0000] {processor.py:208} INFO - Processing /opt/airflow/dags/ml_01_iris_pipeline-3.py took 0.106 seconds
[2026-09-07T21:03:41.154+0000] {processor.py:186} INFO - Started process (PID=146) to work on /opt/airflow/dags/ml_01_iris_pipeline-3.py
[2026-09-07T21:03:41.155+0000] {processor.py:914} INFO - Processing file /opt/airflow/dags/ml_01_iris_pipeline-3.py for tasks to queue
[2026-09-07T21:03:41.156+0000] {logging_mixin.py:190} INFO - [2026-09-07T21:03:41.156+0000] {dagbag.py:588} INFO - Filling up the DagBag from /opt/airflow/dags/ml_01_iris_pipeline-3.py
[2026-09-07T21:03:41.170+0000] {processor.py:925} INFO - DAG(s) 'iris_pipeline_dag' retrieved from /opt/airflow/dags/ml_01_iris_pipeline-3.py
[2026-09-07T21:03:41.197+0000] {logging_mixin.py:190} INFO - [2026-09-07T21:03:41.197+0000] {dag.py:3239} INFO - Sync 1 DAGs
[2026-09-07T21:03:41.210+0000] {logging_mixin.py:190} INFO - [2026-09-07T21:03:41.210+0000] {dag.py:4180} INFO - Setting next_dagrun for iris_pipeline_dag to None, run_after=None
[2026-09-07T21:03:41.348+0000] {processor.py:208} INFO - Processing /opt/airflow/dags/ml_01_iris_pipeline-3.py took 0.198 seconds
[2026-09-07T21:04:12.270+0000] {processor.py:186} INFO - Started process (PID=160) to work on /opt/airflow/dags/ml_01_iris_pipeline-3.py
[2026-09-07T21:04:12.270+0000] {processor.py:914} INFO - Processing file /opt/airflow/dags/ml_01_iris_pipeline-3.py for tasks to queue
[2026-09-07T21:04:12.271+0000] {logging_mixin.py:190} INFO - [2026-09-07T21:04:12.271+0000] {dagbag.py:588} INFO - Filling up the DagBag from /opt/airflow/dags/ml_01_iris_pipeline-3.py
[2026-09-07T21:04:12.284+0000] {processor.py:925} INFO - DAG(s) 'iris_pipeline_dag' retrieved from /opt/airflow/dags/ml_01_iris_pipeline-3.py
[2026-09-07T21:04:12.418+0000] {logging_mixin.py:190} INFO - [2026-09-07T21:04:12.417+0000] {dag.py:3239} INFO - Sync 1 DAGs
[2026-09-07T21:04:12.427+0000] {logging_mixin.py:190} INFO - [2026-09-07T21:04:12.427+0000] {dag.py:4180} INFO - Setting next_dagrun for iris_pipeline_dag to None, run_after=None
[2026-09-07T21:04:12.440+0000] {processor.py:208} INFO - Processing /opt/airflow/dags/ml_01_iris_pipeline-3.py took 0.175 seconds
[2026-09-07T21:04:43.242+0000] {processor.py:186} INFO - Started process (PID=174) to work on /opt/airflow/dags/ml_01_iris_pipeline-3.py
[2026-09-07T21:04:43.242+0000] {processor.py:914} INFO - Processing file /opt/airflow/dags/ml_01_iris_pipeline-3.py for tasks to queue
[2026-09-07T21:04:43.243+0000] {logging_mixin.py:190} INFO - [2026-09-07T21:04:43.243+0000] {dagbag.py:588} INFO - Filling up the DagBag from /opt/airflow/dags/ml_01_iris_pipeline-3.py
[2026-09-07T21:04:43.258+0000] {processor.py:925} INFO - DAG(s) 'iris_pipeline_dag' retrieved from /opt/airflow/dags/ml_01_iris_pipeline-3.py
[2026-09-07T21:04:43.282+0000] {logging_mixin.py:190} INFO - [2026-09-07T21:04:43.282+0000] {dag.py:3239} INFO - Sync 1 DAGs
[2026-09-07T21:04:43.295+0000] {logging_mixin.py:190} INFO - [2026-09-07T21:04:43.294+0000] {dag.py:4180} INFO - Setting next_dagrun for iris_pipeline_dag to None, run_after=None
[2026-09-07T21:04:43.311+0000] {processor.py:208} INFO - Processing /opt/airflow/dags/ml_01_iris_pipeline-3.py took 0.074 seconds
[2026-09-07T21:05:13.781+0000] {processor.py:186} INFO - Started process (PID=188) to work on /opt/airflow/dags/ml_01_iris_pipeline-3.py
[2026-09-07T21:05:13.781+0000] {processor.py:914} INFO - Processing file /opt/airflow/dags/ml_01_iris_pipeline-3.py for tasks to queue
[2026-09-07T21:05:13.782+0000] {logging_mixin.py:190} INFO - [2026-09-07T21:05:13.782+0000] {dagbag.py:588} INFO - Filling up the DagBag from /opt/airflow/dags/ml_01_iris_pipeline-3.py
[2026-09-07T21:05:13.796+0000] {processor.py:925} INFO - DAG(s) 'iris_pipeline_dag' retrieved from /opt/airflow/dags/ml_01_iris_pipeline-3.py
[2026-09-07T21:05:13.818+0000] {logging_mixin.py:190} INFO - [2026-09-07T21:05:13.818+0000] {dag.py:3239} INFO - Sync 1 DAGs
[2026-09-07T21:05:13.832+0000] {logging_mixin.py:190} INFO - [2026-09-07T21:05:13.832+0000] {dag.py:4180} INFO - Setting next_dagrun for iris_pipeline_dag to None, run_after=None
[2026-09-07T21:05:13.849+0000] {processor.py:208} INFO - Processing /opt/airflow/dags/ml_01_iris_pipeline-3.py took 0.073 seconds
[2026-09-07T21:05:44.354+0000] {processor.py:186} INFO - Started process (PID=202) to work on /opt/airflow/dags/ml_01_iris_pipeline-3.py
[2026-09-07T21:05:44.354+0000] {processor.py:914} INFO - Processing file /opt/airflow/dags/ml_01_iris_pipeline-3.py for tasks to queue
[2026-09-07T21:05:44.355+0000] {logging_mixin.py:190} INFO - [2026-09-07T21:05:44.355+0000] {dagbag.py:588} INFO - Filling up the DagBag from /opt/airflow/dags/ml_01_iris_pipeline-3.py
[2026-09-07T21:05:44.368+0000] {processor.py:925} INFO - DAG(s) 'iris_pipeline_dag' retrieved from /opt/airflow/dags/ml_01_iris_pipeline-3.py
[2026-09-07T21:05:44.388+0000] {logging_mixin.py:190} INFO - [2026-09-07T21:05:44.388+0000] {dag.py:3239} INFO - Sync 1 DAGs
[2026-09-07T21:05:44.400+0000] {logging_mixin.py:190} INFO - [2026-09-07T21:05:44.400+0000] {dag.py:4180} INFO - Setting next_dagrun for iris_pipeline_dag to None, run_after=None
[2026-09-07T21:05:44.417+0000] {processor.py:208} INFO - Processing /opt/airflow/dags/ml_01_iris_pipeline-3.py took 0.067 seconds
[2026-09-07T21:06:15.091+0000] {processor.py:186} INFO - Started process (PID=216) to work on /opt/airflow/dags/ml_01_iris_pipeline-3.py
[2026-09-07T21:06:15.091+0000] {processor.py:914} INFO - Processing file /opt/airflow/dags/ml_01_iris_pipeline-3.py for tasks to queue
[2026-09-07T21:06:15.093+0000] {logging_mixin.py:190} INFO - [2026-09-07T21:06:15.092+0000] {dagbag.py:588} INFO - Filling up the DagBag from /opt/airflow/dags/ml_01_iris_pipeline-3.py
[2026-09-07T21:06:15.109+0000] {processor.py:925} INFO - DAG(s) 'iris_pipeline_dag' retrieved from /opt/airflow/dags/ml_01_iris_pipeline-3.py
[2026-09-07T21:06:15.134+0000] {logging_mixin.py:190} INFO - [2026-09-07T21:06:15.134+0000] {dag.py:3239} INFO - Sync 1 DAGs
[2026-09-07T21:06:15.149+0000] {logging_mixin.py:190} INFO - [2026-09-07T21:06:15.149+0000] {dag.py:4180} INFO - Setting next_dagrun for iris_pipeline_dag to None, run_after=None
[2026-09-07T21:06:15.171+0000] {processor.py:208} INFO - Processing /opt/airflow/dags/ml_01_iris_pipeline-3.py took 0.087 seconds
[2026-09-07T21:06:45.688+0000] {processor.py:186} INFO - Started process (PID=230) to work on /opt/airflow/dags/ml_01_iris_pipeline-3.py
[2026-09-07T21:06:45.688+0000] {processor.py:914} INFO - Processing file /opt/airflow/dags/ml_01_iris_pipeline-3.py for tasks to queue
[2026-09-07T21:06:45.690+0000] {logging_mixin.py:190} INFO - [2026-09-07T21:06:45.689+0000] {dagbag.py:588} INFO - Filling up the DagBag from /opt/airflow/dags/ml_01_iris_pipeline-3.py
[2026-09-07T21:06:45.704+0000] {processor.py:925} INFO - DAG(s) 'iris_pipeline_dag' retrieved from /opt/airflow/dags/ml_01_iris_pipeline-3.py
[2026-09-07T21:06:45.727+0000] {logging_mixin.py:190} INFO - [2026-09-07T21:06:45.726+0000] {dag.py:3239} INFO - Sync 1 DAGs
[2026-09-07T21:06:45.739+0000] {logging_mixin.py:190} INFO - [2026-09-07T21:06:45.739+0000] {dag.py:4180} INFO - Setting next_dagrun for iris_pipeline_dag to None, run_after=None
[2026-09-07T21:06:45.760+0000] {processor.py:208} INFO - Processing /opt/airflow/dags/ml_01_iris_pipeline-3.py took 0.078 seconds
[2026-09-07T21:07:16.298+0000] {processor.py:186} INFO - Started process (PID=245) to work on /opt/airflow/dags/ml_01_iris_pipeline-3.py
[2026-09-07T21:07:16.299+0000] {processor.py:914} INFO - Processing file /opt/airflow/dags/ml_01_iris_pipeline-3.py for tasks to queue
[2026-09-07T21:07:16.300+0000] {logging_mixin.py:190} INFO - [2026-09-07T21:07:16.300+0000] {dagbag.py:588} INFO - Filling up the DagBag from /opt/airflow/dags/ml_01_iris_pipeline-3.py
[2026-09-07T21:07:16.317+0000] {processor.py:925} INFO - DAG(s) 'iris_pipeline_dag' retrieved from /opt/airflow/dags/ml_01_iris_pipeline-3.py
[2026-09-07T21:07:16.343+0000] {logging_mixin.py:190} INFO - [2026-09-07T21:07:16.343+0000] {dag.py:3239} INFO - Sync 1 DAGs
[2026-09-07T21:07:16.358+0000] {logging_mixin.py:190} INFO - [2026-09-07T21:07:16.358+0000] {dag.py:4180} INFO - Setting next_dagrun for iris_pipeline_dag to None, run_after=None
[2026-09-07T21:07:16.378+0000] {processor.py:208} INFO - Processing /opt/airflow/dags/ml_01_iris_pipeline-3.py took 0.085 seconds
[2026-09-07T21:07:46.908+0000] {processor.py:186} INFO - Started process (PID=265) to work on /opt/airflow/dags/ml_01_iris_pipeline-3.py
[2026-09-07T21:07:46.908+0000] {processor.py:914} INFO - Processing file /opt/airflow/dags/ml_01_iris_pipeline-3.py for tasks to queue
[2026-09-07T21:07:46.910+0000] {logging_mixin.py:190} INFO - [2026-09-07T21:07:46.909+0000] {dagbag.py:588} INFO - Filling up the DagBag from /opt/airflow/dags/ml_01_iris_pipeline-3.py
[2026-09-07T21:07:46.928+0000] {processor.py:925} INFO - DAG(s) 'iris_pipeline_dag' retrieved from /opt/airflow/dags/ml_01_iris_pipeline-3.py
[2026-09-07T21:07:46.952+0000] {logging_mixin.py:190} INFO - [2026-09-07T21:07:46.952+0000] {dag.py:3239} INFO - Sync 1 DAGs
[2026-09-07T21:07:46.964+0000] {logging_mixin.py:190} INFO - [2026-09-07T21:07:46.964+0000] {dag.py:4180} INFO - Setting next_dagrun for iris_pipeline_dag to None, run_after=None
[2026-09-07T21:07:46.983+0000] {processor.py:208} INFO - Processing /opt/airflow/dags/ml_01_iris_pipeline-3.py took 0.081 seconds
[2026-09-07T21:08:17.505+0000] {processor.py:186} INFO - Started process (PID=279) to work on /opt/airflow/dags/ml_01_iris_pipeline-3.py
[2026-09-07T21:08:17.505+0000] {processor.py:914} INFO - Processing file /opt/airflow/dags/ml_01_iris_pipeline-3.py for tasks to queue
[2026-09-07T21:08:17.507+0000] {logging_mixin.py:190} INFO - [2026-09-07T21:08:17.506+0000] {dagbag.py:588} INFO - Filling up the DagBag from /opt/airflow/dags/ml_01_iris_pipeline-3.py
[2026-09-07T21:08:17.521+0000] {processor.py:925} INFO - DAG(s) 'iris_pipeline_dag' retrieved from /opt/airflow/dags/ml_01_iris_pipeline-3.py
[2026-09-07T21:08:17.546+0000] {logging_mixin.py:190} INFO - [2026-09-07T21:08:17.546+0000] {dag.py:3239} INFO - Sync 1 DAGs
[2026-09-07T21:08:17.560+0000] {logging_mixin.py:190} INFO - [2026-09-07T21:08:17.560+0000] {dag.py:4180} INFO - Setting next_dagrun for iris_pipeline_dag to None, run_after=None
[2026-09-07T21:08:17.578+0000] {processor.py:208} INFO - Processing /opt/airflow/dags/ml_01_iris_pipeline-3.py took 0.078 seconds
[2026-09-07T21:08:48.160+0000] {processor.py:186} INFO - Started process (PID=293) to work on /opt/airflow/dags/ml_01_iris_pipeline-3.py
[2026-09-07T21:08:48.161+0000] {processor.py:914} INFO - Processing file /opt/airflow/dags/ml_01_iris_pipeline-3.py for tasks to queue
[2026-09-07T21:08:48.162+0000] {logging_mixin.py:190} INFO - [2026-09-07T21:08:48.162+0000] {dagbag.py:588} INFO - Filling up the DagBag from /opt/airflow/dags/ml_01_iris_pipeline-3.py
[2026-09-07T21:08:48.175+0000] {processor.py:925} INFO - DAG(s) 'iris_pipeline_dag' retrieved from /opt/airflow/dags/ml_01_iris_pipeline-3.py
[2026-09-07T21:08:48.198+0000] {logging_mixin.py:190} INFO - [2026-09-07T21:08:48.198+0000] {dag.py:3239} INFO - Sync 1 DAGs
[2026-09-07T21:08:48.215+0000] {logging_mixin.py:190} INFO - [2026-09-07T21:08:48.215+0000] {dag.py:4180} INFO - Setting next_dagrun for iris_pipeline_dag to None, run_after=None
[2026-09-07T21:08:48.235+0000] {processor.py:208} INFO - Processing /opt/airflow/dags/ml_01_iris_pipeline-3.py took 0.079 seconds
